statement,occurences,proposed label
 sinusrytm extrem vänster el - axel ospecifikt skänkelblock överväg wpw syndrom typ b avvikande qrs ( t ) förlopp anteroseptal myokardskada bör övervägas ,1,['wolff_parkinson_white']
 premature ventricular contraction ( s ) atrial fibrillation left axis deviation left bundle branch block this is most commonly due to ischaemic heart disease ,2,['atrial_fibrillation']
 atrial fibrillation qs complex in v2 and tiny r wave in v3 xxxx st segments are depressed in i ii avl v5 xxxx t wave are inverted in i avl v5 xxxx consistent with ischaemic heart disease with old anteroseptal myocardial infarct it is difficult to ,1,['atrial_fibrillation']
 atrial fibrillation st segments are depressed in ii iii avf v4 xxxx non - specific but consistent with myocardial ischaemia and digitalis effect ,1,['atrial_fibrillation']
 atrial fibrillation with rapid ventricular response low limb lead voltage minor non - specific st and t wave change prolonged qt this may be due to a drug effect or an electrolyte disturbance coarse fibrillation wave accord with mitral valve disease ,1,['atrial_fibrillation']
 atrial fibrillation otherwise no definite pathology ,18,['atrial_fibrillation']
 premature ventricular contraction ( s ) a rapid regular supraventricular tachycardia is present rhythm is probably atrial flutter with xxxx av block left ventricular hypertrophy non - specific st and t wave change ,2,"['atrial_tachycardia', 'atrial_flutter']"
 atrial fibrillation st segments are depressed in i v5 xxxx t wave are low or flat in i v5 xxxx and inverted in avl this may be due to lv strain or ischaemia ,1,['atrial_fibrillation']
 sinus rhythm prolonged pr interval left atrial enlargement compared with tracing of xxxx rhythm was previously atrial flutter otherwise it is similar with non - specific st and t wave change ,1,['atrial_flutter']
 atrial fibrillation with rapid ventricular response non - specific st and t wave change ,8,['atrial_fibrillation']
 atrial fibrillation with rapid ventricular response right superior axis deviation left anterior fascicular block right bundle branch block bifascicular block ,1,['atrial_fibrillation']
 sinusbradykardi extrem vänster el - axel vänster anteriort fascicular block högersidigt skänkelblock bifascikulärt block wpw syndrom typ a ,1,['wolff_parkinson_white']
 atrial fibrillation with rapid ventricular response left axis deviation left anterior fascicular block non - specific st and t wave change in i avl ,1,['atrial_fibrillation']
 atrial fibrillation with rapid ventricular response non - specific intraventricular block q wave in ii iii avf consistent with old inferior myocardial infarct st segments are depressed and t wave inverted in i ii v4 xxxx this may be due to ,1,['atrial_fibrillation']
 atrial fibrillation with rapid ventricular response compared with tracings of xxxx and xxxx it remains basically similar except for the recurrence of atrial fibrillation ,1,['atrial_fibrillation']
 atrial fibrillation with rapid ventricular response incomplete right bundle branch block st segments are depressed in i v2 - xxxx non - specific but consistent with myocardial ischaemia ,1,['atrial_fibrillation']
 atrial fibrillation with slow ventricular response non - specific intraventricular block tiny r wave in v2 xxxx suggesting old anteroseptal myocardial infarct non - specific st and t wave change ,1,['atrial_fibrillation']
 atrial fibrillation with rapid ventricular response probable old anterior and inferior infarcts there is much artifact present ,1,['atrial_fibrillation']
 atrial fibrillation left axis deviation left bundle branch block this is most commonly due to ischaemic heart disease ,6,['atrial_fibrillation']
 premature ventricular contraction ( s ) atrial fibrillation with rapid ventricular response qs complex in v2 and tiny r wave in v3 consistent with anteroseptal myocardial infarct of uncertain age st segments are depressed in ii iii avf v5 xxxx t w ,1,['atrial_fibrillation']
 atrial fibrillation st segments are depressed in i avl v4 xxxx t wave are low or flat throughout findings are likely to be due to ischaemic heart disease and digitalis effect possible old inferior myocardial infarct suggest exclude hypokalaemia ,1,['atrial_fibrillation']
 sinus bradycardia non - specific intraventricular delay voltages in chest leads are at upper limit the cause of the bradycardia is not evident ,1,['atrial_tachycardia']
 sinus rhythm t wave are flat in ii avf and inverted in iii inferior myocardial ischaemia cannot be excluded voltages in chest leads are at upper limit ,1,['atrial_tachycardia']
 premature ventricular contraction ( s ) atrial fibrillation qs complex in v2 and tiny r wave in v3 st segments are depressed in i ii iii avf v4 xxxx t wave are inverted in v4 xxxx and flat in limb leads consistent with ischaemic heart disease with ,1,['atrial_fibrillation']
 atrial fibrillation tiny r wave in v2 xxxx suggesting old anteroseptal infarct possible old inferior myocardial infarct st segments are depressed in i ii avl v5 xxxx t wave are flat in these leads findings are likely to be due to ischaemic heart d ,1,['atrial_fibrillation']
 atrial fibrillation left axis deviation non - specific intraventricular block ,5,['atrial_fibrillation']
 atrial fibrillation st segments are depressed in i ii avl v4 xxxx non - specific but consistent with myocardial ischaemia and digitalis effect ,2,['atrial_fibrillation']
 atrial fibrillation left axis deviation low limb lead voltage t wave are inverted in lateral leads findings are likely to be due to ischaemic heart disease ,1,['atrial_fibrillation']
 atrial fibrillation left axis deviation low limb lead voltage q wave in ii iii avf consistent with old inferior myocardial infarct qs complex in v2 - xxxx consistent with anterior myocardial infarct probably old ,1,['atrial_fibrillation']
 atrial fibrillation borderline left axis deviation otherwise no definite pathology ,1,['atrial_fibrillation']
 atrial fibrillation compared with tracing of xxxx st and t wave change are more marked in i ii avl findings are likely to be due to ischaemic heart disease ,1,['atrial_fibrillation']
 probable atrial flutter with variable a v block low limb lead voltage qs complex in v2 xxxx consistent with old anteroseptal myocardial infarct ,1,['atrial_flutter']
 atrial fibrillation t wave are flat in ii and inverted in iii avf possible inferior myocardial ischaemia ,1,['atrial_fibrillation']
 atrial fibrillation with slow ventricular response left axis deviation left anterior fascicular block left ventricular hypertrophy st segments are depressed and t wave inverted in i ii avl v4 xxxx this may be due to lv strain or ischaemia poss ,1,['atrial_fibrillation']
 atrial fibrillation left axis deviation st segments are depressed in i avl v5 xxxx t wave are low or flat throughout prolonged qt findings are likely to be due to ischaemic heart disease and digitalis effect suggest exclude hypokalaemia ,1,['atrial_fibrillation']
 atrial fibrillation with rapid ventricular response st segments are depressed in i avl v2 - xxxx t wave are low or flat throughout findings are likely to be due to ischaemic heart disease and digitalis effect suggest exclude hypokalaemia ,1,['atrial_fibrillation']
 atrial fibrillation with rapid ventricular response st segments are depressed in i ii avl v3 - xxxx t wave are low or flat in these leads this may be due to lv strain or ischaemia and possibly digitalis effect ,1,['atrial_fibrillation']
 atrial fibrillation st segments are depressed in i ii avl avf v4 xxxx t wave are low or flat in these leads findings are likely to be due to ischaemic heart disease and digitalis eff4ct tracing is very similar to that of xxxx but rate is slow ,1,['atrial_fibrillation']
 atrial fibrillation with rapid ventricular response compared with tracing of xxxx st segment depression persists t wave now slightly inverted in ii iii avf v4 xxxx the changed pattern suggests possible recent ischaemia ,1,['atrial_fibrillation']
 atrial fibrillation premature ventricular contraction ( s ) q wave in ii iii avf st segments are depressed in i avl v3 - xxxx t wave are inverted in i avl v6 and flat in ii v4 xxxx consistent with ischaemic heart disease with old inferior myocardial ,1,['atrial_fibrillation']
 atrial fibrillation left axis deviation st segments are depressed in i avl v2 - xxxx non - specific but consistent with myocardial ischaemia and digitalis effect ,1,['atrial_fibrillation']
 premature ventricular contraction ( s ) atrial flutter with xxxx av block left anterior fascicular block right bundle branch block bifascicular block ,1,['atrial_flutter']
 premature ventricular contraction ( s ) atrial fibrillation with rapid ventricular response incomplete right bundle branch block st segments are depressed in i ii avf v2 - xxxx t wave are low or flat throughout findings are likely to be due to ischaemic ,1,['atrial_fibrillation']
 atrial fibrillation incomplete right bundle branch block ,2,['atrial_fibrillation']
 atrial fibrillation low limb lead voltage otherwise no definite pathology ,2,['atrial_fibrillation']
 atrial fibrillation low limb lead voltage qs complex in v2 xxxx consistent with old anteroseptal myocardial infarct st segments are depressed in ii iii avf v5 xxxx t wave are low or slightly inverted throughout findings are likely to be due to ,1,['atrial_fibrillation']
 sinus rhythm low limb lead voltage pr interval is at upper limit of normal ( xxxx sec ) st segments are depressed in i ii avl v3 - xxxx t wave are low or flat throughout non - specific but consistent with myocardial ischaemia and digitalis effect suggest ,1,['atrial_tachycardia']
 atrial fibrillation left axis deviation st segments are depressed in i ii avl v4 xxxx this may be due to lv strain or ischaemia and digitalis effect ,1,['atrial_fibrillation']
 atrial fibrillation with rapid ventricular response non - specific st and t wave change st segment depression is marked suggest repeat when ventricular rate is controlled ,1,['atrial_fibrillation']
 atrial fibrillation with rapid ventricular response low limb lead voltage non - specific t wave flattening in limb leads and v4 xxxx ,1,['atrial_fibrillation']
 atrial fibrillation with rapid ventricular response r - s transition zone in v leads displaced to the right voltages in limb leads are at upper limit minor non - specific t wave flattening in i avl ,2,"['atrial_tachycardia', 'atrial_fibrillation']"
 atrial fibrillation incomplete right bundle branch block st segments are depressed in v2 - xxxx non - specific but consistent with myocardial ischaemia and digitalis effect ,1,['atrial_fibrillation']
 atrial fibrillation with rapid ventricular response low limb lead voltage st segments are depressed in ii v2 - xxxx findings are likely to be due to ischaemic heart disease ,1,['atrial_fibrillation']
 regular supraventricular tachycardia p wave are not definitely identified premature ventricular contraction ( s ) st segments are depressed in ii v5 xxxx t wave are inverted in i ii v5 xxxx non - specific but consistent with myocardial ischaemia suggest e ,1,['atrial_tachycardia']
 atrial fibrillation premature ventricular contraction ( s ) low limb lead voltage st segments are depressed in v2 - xxxx t wave are low in i avl v2 xxxx findings are likely to be due to ischaemic heart disease and digitalis effect ,1,['atrial_fibrillation']
 atrial fibrillation with rapid ventricular response left ventricular hypertrophy st segments are depressed in i ii iii avf v3 - xxxx t wave are inverted in i avl v3 - xxxx findings are likely to be due to ischaemic heart disease and digitalis effect lv ,1,['atrial_fibrillation']
 atrial fibrillation low limb lead voltage incomplete right bundle branch block ,1,['atrial_fibrillation']
 sinus arrhythmia voltages in chest leads are at upper limit no definite pathology ,1,['atrial_tachycardia']
 atrial fibrillation with slow ventricular response st segments are markedly depressed in i ii avl avf v2 - xxxx t wave are flat throughout prolonged qt suggest exclude digitalis toxicity and hypokalaemia ,1,['atrial_fibrillation']
 sinus bradycardia the bradycardia may be due to beta - blocker therapy minor non - specific t wave flattening in v4 xxxx voltages in limb leads are at upper limit ,1,['atrial_tachycardia']
 atrial fibrillation with slow regular ventricular response qrs shows incomplete right bundle branch block and may reflect a junctional escape rhythm diffuse st and t abnormality consider ischaemia digoxin toxicity and the possibility that complete av bl ,1,['atrial_fibrillation']
 atrial fibrillation with slow ventricular response early r - s transition in chest leads probably due to incomplete right bundle branch block widespread non - specific st and t abnormality anterior ischaemia is a possible cause digoxin effects may be contribu ,1,['atrial_fibrillation']
 atrial fibrillation rate xxxx per minute diffuse st and t abnormality consistent with strain ischaemia is a possible cause ,1,['atrial_fibrillation']
 atrial fibrillation with slow ventricular response right bundle branch block left ventricular hypertrophy st segments are depressed in i ii iii avf v5 xxxx non - specific but consistent with myocardial ischaemia and digitalis effect ,1,['atrial_fibrillation']
 premature ventricular contraction ( s ) atrial fibrillation with rapid ventricular response low limb lead voltage compared with tracing of xxxx rhythm was previously sinus there now st segment depression in inferolateral leads this may be due to m ,1,['atrial_fibrillation']
 a rapid regular supraventricular tachycardia is present appearances in inferior leads suggest that this is atrial flutter compared with tracings of xxxx and xxxx rhythm has changed st segment depression in inferolateral leads persists ,2,"['atrial_tachycardia', 'atrial_flutter']"
 atrial fibrillation low limb lead voltage st segments are depressed in i v4 xxxx t wave are low or flat in limb leads and v4 xxxx non - specific but consistent with myocardial ischaemia and digitalis effect ,1,['atrial_fibrillation']
 atrial fibrillation low limb lead voltage non - specific st and t wave change ,1,['atrial_fibrillation']
 atrial fibrillation non - specific t wave flattening in v3 xxxx ,1,['atrial_fibrillation']
 sinus rhythm voltages in chest leads are at upper limit st segments are depressed and t wave inverted in i ii avl v4 xxxx with terminal inversion in avf v3 findings are likely to be due to ischaemic heart disease subendocardial infarct of ,1,['atrial_tachycardia']
 atrial fibrillation with rapid ventricular response possible left ventricular hypertrophy q wave in ii iii avf t wave are low or flat in i v5 xxxx consistent with ischaemic heart disease with old inferior myocardial infarct ,1,['atrial_fibrillation']
 atrial fibrillation widespread non - specific st and t wave change findings are likely to be due to ischaemic heart disease and digitalis effect ,1,['atrial_fibrillation']
 atrial fibrillation with rapid ventricular response st segments are depressed and t wave inverted in i ii iii avf v4 xxxx findings are likely to be due to ischaemic heart disease and digitalis effect ,1,['atrial_fibrillation']
 sinus tachycardia voltages in limb leads are at upper limit otherwise normal ecg ,1,['atrial_tachycardia']
 sinusrhythmus normales ecg xxxx min nach xxxx ml !!! isoptin pat steht unter sotalex mite 2x1 - xxxx udigimerk minor u chnidin duriles 2x1 ( wegen á blocker nur wenig isoptin gegeben!!! bei vorhoftachycardie hf xxxx mit darunter langer av - zet ,1,['atrial_tachycardia']
 atrial fibrillation st segments are depressed in i ii avl avf v4 xxxx t wave are low or flat in limb leads and v5 xxxx qs complex in v2 and tiny r wave in v3 consistent with ischaemic heart disease with old consistent with old anteroseptal myocard ,1,['atrial_fibrillation']
 premature ventricular contraction ( s ) atrial fibrillation - flutter left axis deviation left anterior fascicular block st segments are depressed in i v5 xxxx t wave are flat or slightly inverted in limb leads and v4 xxxx this may be due to lv strain or ,1,['atrial_fibrillation']
 pat uppgifter saknas! sinusrytm t - förändring såsom vid lateral myokard affektion ,1,['atrial_tachycardia']
 atrial fibrillation non - specific st and t wave change there is gross artifact in chest leads ,1,['atrial_fibrillation']
 atrial fibrillation with rapid ventricular response voltages are high in chest leads suggesting lvh otherwise no definite pathology ,1,['atrial_fibrillation']
 atrial fibrillation voltages in chest leads are at upper limit st segments are depressed in i ii avl avf v4 xxxx t wave are low or flat in these leads this may be due to lv strain or ischaemia and digitalis effect ,2,"['atrial_tachycardia', 'atrial_fibrillation']"
 atrial fibrillation st segments are depressed in i ii avl v5 xxxx t wave are low in these leads this may be due to lv strain or ischaemia poor progression of r wave in anterior chest leads suggesting old anteroseptal myocardial infarct ,1,['atrial_fibrillation']
 atrial fibrillation st segments are depressed in i ii avf v4 xxxx t wave are low or flat in limb leads and v4 xxxx findings are likely to be due to ischaemic heart disease and digitalis effect ,1,['atrial_fibrillation']
 sinus rhythm voltages in limb leads are at upper limit normal ecg ,6,['atrial_tachycardia']
 atrial fibrillation left axis deviation t wave are low or flat in i avl v2 - xxxx myocardial ischaemia is likely possible old inferior myocardial infarct ,1,['atrial_fibrillation']
 atrial fibrillation st segments are depressed in i ii iii avf v3 - xxxx t wave are low in these leads findings are likely to be due to ischaemic heart disease and digitalis effect the age of the change is uncertain ,1,['atrial_fibrillation']
 atrial fibrillation left axis deviation left anterior fascicular block right bundle branch block bifascicular block ,2,['atrial_fibrillation']
 atrial fibrillation with rapid ventricular response non - specific t wave flattening in limb leads and v6 findings are likely to be due to ischaemic heart disease ,1,['atrial_fibrillation']
 sinus rhythm voltages in limb leads are at upper limit non - specific t wave flattening in i avl ,1,['atrial_tachycardia']
 atrial fibrillation with rapid ventricular response voltages are high in chest leads suggesting lvh st segments are depressed in i ii avf v4 xxxx t wave are low or flat in limb leads and v4 xxxx findings are likely to be due to ischaemic heart dise ,1,['atrial_fibrillation']
 atrial fibrillation however rhythm is basically regular indicating that it derives from a supraventricular focus some complex show non - specific intraventricular block left axis deviation left anterior fascicular block t wave are flat in limb leads a ,1,['atrial_fibrillation']
 atrial fibrillation left axis deviation left anterior fascicular block st segments are depressed in i ii avl v4 xxxx t wave are inverted in i avl and flat in v4 xxxx findings are likely to be due to ischaemic heart disease and digitalis effect ,1,['atrial_fibrillation']
 atrial fibrillation with rapid ventricular response left axis deviation r - s transition zone in v leads displaced to the left left anterior fascicular block st segments are depressed and t wave in i avl this may be due to lv strain or ischaemia ,1,['atrial_fibrillation']
 sinus tachycardia voltages in chest leads are at upper limit st segments are depressed in i ii iii avf v3 - xxxx t wave are low or flat in limb leads and v4 xxxx this may be due to lv strain or ischaemia ,1,['atrial_tachycardia']
 atrial fibrillation rapid ventricular response xxxx bpm ,1,['atrial_fibrillation']
 premature atrial contraction ( s ) sinus tachycardia incomplete right bundle branch block minor non - specific st and t wave change compared with tracing of xxxx rhythm was previously atrial fibrillation ,1,['atrial_fibrillation']
 pacemaker spikes noted a paced rhythm is present together with sinus complex and atrial premature complex these normal complex show st segment depression and t wave inversion in inferolateral leads findings are likely to be due to ischaemic heart disea ,1,['premature_atrial_complex']
 atrial fibrillation voltages are high in chest leads suggesting lvh qs complex in v2 and tiny r wave in v3 st segments are elevated in v2 xxxx st segments are depressed in i avl v5 xxxx consistent with ischaemic heart disease with anteroseptal myocar ,1,['atrial_fibrillation']
 rapid regular supraventricular tachycardia without evident p wave non - specific st and t wave change ,1,['atrial_tachycardia']
 atrial fibrillation with rapid ventricular response abnormal left axis deviation left bundle branch block ,1,['atrial_fibrillation']
 atrial fibrillation st segments are depressed in i ii v5 xxxx t wave are inverted in v4 xxxx and flat in limb leads tiny r wave in v2 xxxx consistent with ischaemic heart disease with anteroseptal myocardial infarct probably old and digitalis effec ,1,['atrial_fibrillation']
 atrial fibrillation right bundle branch block non - specific st and t wave change which are probably due to ischaemic heart disease and digitalis effect ,1,['atrial_fibrillation']
 atrial fibrillation st segments are depressed and t wave inverted in i ii avl v6 this may be due to lv strain or ischaemia poor progression of r wave in anterior chest leads old anteroseptal myocardial infarct cannot be excluded ,1,['atrial_fibrillation']
 atrial fibrillation left axis deviation low limb lead voltage left anterior fascicular block incomplete right bundle branch block ,1,['atrial_fibrillation']
 atrial fibrillation with rapid ventricular response left axis deviation left anterior fascicular block st segments are depressed in i avl v5 xxxx t wave are low or flat in these leads this may be due to lv strain or ischaemia ,1,['atrial_fibrillation']
 atrial fibrillation left axis deviation old anteroseptal and inferior infarcts st segments are depressed and t wave inverted in i avl this may be due to lv strain or ischaemia ,1,['atrial_fibrillation']
 atrial fibrillation with rapid ventricular response st segments are depressed in i ii avl avf v4 xxxx findings are likely to be due to ischaemic heart disease ,1,['atrial_fibrillation']
 atrial fibrillation widespread st segment depression and t wave flattening or inversion findings are likely to be due to ischaemic heart disease and digitalis effect ,1,['atrial_fibrillation']
 atrial fibrillation with rapid ventricular response st segments are depressed in i avl v4 xxxx t wave are flat or slightly inverted in these leads this may be due to lv strain or ischaemia ,1,['atrial_fibrillation']
 atrial fibrillation otherwise normal ecg ,4,['atrial_fibrillation']
 atrial fibrillation with controlled ventricular response left axis deviation left anterior fascicular block non - specific intraventricular delay qs complex in v1 xxxx due to previous anteroseptal infarct or intraventricular conduction defect ,1,['atrial_fibrillation']
 sinus rhythm prolonged pr interval left axis deviation right bundle branch block borderline criteria for left anterior fascicular block patient is verging on trifascicular block and may be at increased risk of developing complete av block ,1,['atrial_tachycardia']
 atrial fibrillation non - specific intraventricular delay st segments are depressed in i ii v4 xxxx t wave are flat in limb leads and low in v4 xxxx findings are likely to be due to ischaemic heart disease ,1,['atrial_fibrillation']
 atrial fibrillation with rapid ventricular response tiny r wave in v2 xxxx suggesting old anteroseptal infarct st segments are depressed in ii iii avf v3 - xxxx t wave are inverted in ii iii avf v5 xxxx findings are likely to be due to ischaemic heart ,1,['atrial_fibrillation']
 sinus rhythm prolonged pr interval voltages in chest leads are at upper limit qs complex in v2 and tiny r wave in v3 consistent with old anteroseptal myocardial infarct st segments are depressed in i ii avl v5 xxxx t wave are inverted in i ,1,['atrial_tachycardia']
 atrial fibrillation abnormal left axis deviation left anterior fascicular block right bundle branch block bifascicular block ,1,['atrial_fibrillation']
 atrial fibrillation with rapid ventricular response st and t wave change which are non - diagnostic ,2,['atrial_fibrillation']
 sinus rhythm st change in v2 - xxxx with appearance that would fit benign early repolarization at a younger age - probably normal but could represent ischaemia or localised pericarditis ,1,['atrial_tachycardia']
 atrial fibrillation st segments are depressed in i ii avl v2 - xxxx t wave are low or flat throughout findings are likely to be due to ischaemic heart disease suggest exclude hypokalaemia ,1,['atrial_fibrillation']
 atrial fibrillation voltages are high in chest leads suggesting lvh st segments are depressed in v4 xxxx t wave are low or flat throughout findings are likely to be due to ischaemic heart disease suggest exclude hypokalaemia ,1,['atrial_fibrillation']
 sinus rhythm prolonged pr interval left axis deviation left anterior fascicular block right bundle branch block this patient has trifascicular block and may be at increased risk of developing complete av block ,2,['atrial_tachycardia']
 atrial fibrillation premature ventricular contraction ( s ) st segments are depressed in i avl v4 xxxx t wave are low or flat in these leads non - specific but consistent with myocardial ischaemia and digitalis effect ,1,['atrial_fibrillation']
 atrial fibrillation with rapid ventricular response non specific st t abnormality ,1,['atrial_fibrillation']
 atrial fibrillation non - specific st segment depression in i ii v3 - xxxx ,1,['atrial_fibrillation']
 atrial fibrillation with rapid ventricular response left axis deviation incomplete left bundle branch block poor progression of r wave in anterior chest leads consistent with old anteroseptal myocardial infarct ,1,['atrial_fibrillation']
 atrial fibrillation with rapid ventricular response otherwise normal ecg suggest urgent cardiological review ,1,['atrial_fibrillation']
 atrial fibrillation left axis deviation left anterior fascicular block borderline voltages of lvh st segment change this may be due to digitalis effect or early lv strain ,1,['atrial_fibrillation']
 sinus rhythm left axis deviation left anterior fascicular block non - specific st and t wave change compared with tracing of xxxx it is very similar except that atrial fibrillation has reverted to sinus rhythm ,1,['atrial_fibrillation']
 atrial fibrillation non - specific intraventricular block qs complex in v2 - xxxx consistent with old anterior myocardial infarct st segments are depressed in iii avf t wave are inverted in ii iii avf v6 consistent with inferior myocardial ischaem ,1,['atrial_fibrillation']
 atrial fibrillation st segments are depressed in ii iii avf v5 xxxx t wave are low in limb leads and v5 xxxx this may be due to lv strain or ischaemia and digitalis effect ,1,['atrial_fibrillation']
 atrial fibrillation with rapid ventricular response voltages are high in chest leads suggesting lvh st segments are depressed in i v4 xxxx t wave are low or flat in i ii v5 xxxx this may be due to lv strain or ischaemia and digitalis effect ,1,['atrial_fibrillation']
 atrial fibrillation with rapid ventricular response right bundle branch block non - specific st and t wave change ,1,['atrial_fibrillation']
 atrial fibrillation with rapid ventricular response st segments are depressed in i ii v6 t wave are inverted in i avl and flat in ii v5 xxxx this may be due to lv strain or ischaemia tiny r wave and st segment elevation in v2 xxxx suggesting anterosep ,1,['atrial_fibrillation']
 atrial fibrillation with rapid ventricular response otherwise no definite pathology ,6,['atrial_fibrillation']
 sinus tachycardia voltages in limb leads are at upper limit st segments are depressed in i avl t wave are inverted in i avl and flat in v4 xxxx this may be due to lv strain or ischaemia ,1,['atrial_tachycardia']
 atrial fibrillation non specific t abnormality ,1,['atrial_fibrillation']
 sinus rhythm voltages in chest leads are at upper limit no definite pathology ,11,['atrial_tachycardia']
 premature ventricular contraction ( s ) atrial fibrillation left axis deviation left anterior fascicular block incomplete right bundle branch block non - specific t wave flattening in i and inversion in avl prolonged qt this may be due to a drug effe ,1,['atrial_fibrillation']
 atrial fibrillation qs complex in v2 - xxxx q wave in v6 t wave are inverted in i avl v2 - xxxx consistent with anterior and lateral myocardial infarct probably old ,1,['atrial_fibrillation']
 atrial fibrillation st segments are depressed in i ii avf v2 - xxxx t wave are low flat or slightly inverted throughout findings are likely to be due to ischaemic heart disease ,1,['atrial_fibrillation']
 sinus rhythm voltages in limb leads are at upper limit st segments are depressed in i avl v5 t wave are low or flat in i v4 xxxx and inverted in avl this may be due to lv strain or ischaemia ,1,['atrial_tachycardia']
 sinus rhythm voltages in limb leads are at upper limit no definite pathology ,13,['atrial_tachycardia']
 atrial fibrillation borderline left axis deviation q wave in v2 xxxx consistent with old anterior myocardial infarct possible old inferior myocardial infarct st segments are depressed in i avl v6 t wave are flat in i and inverted in avl v ,1,['atrial_fibrillation']
 atrial fibrillation premature ventricular contraction ( s ) qs complex in v2 and tiny r wave in v3 suggesting old anteroseptal infarct non - specific st and t wave change in i ii v6 ,1,['atrial_fibrillation']
 atrial fibrillation with rapid ventricular response probable old anteroseptal and inferior myocardial infarcts ,1,['atrial_fibrillation']
 atrial fibrillation q wave in ii iii avf consistent with old inferior myocardial infarct st segments are depressed in i v2 - xxxx t wave are low or flat in limb leads and v4 xxxx findings are likely to be due to ischaemic heart disease and digit ,1,['atrial_fibrillation']
 atrial fibrillation with rapid ventricular response st segments are depressed in ii iii avf v5 xxxx non - specific but consistent with myocardial ischaemia ,1,['atrial_fibrillation']
 atrial fibrillation with rapid ventricular response low limb lead voltage incomplete right bundle branch block non - specific st and t wave change ,1,['atrial_fibrillation']
 atrial fibrillation low limb lead voltage right bundle branch block ,1,['atrial_fibrillation']
 atrial fibrillation with slow ventricular response q wave st segment elevation in ii iii avf terminal t wave inversion in iii avf st segments are depressed in i avl v2 xxxx this is probably reciprocal consistent with inferior myocardial infarc ,1,['atrial_fibrillation']
 premature ventricular contraction ( s ) atrial fibrillation left axis deviation right bundle branch block probable old inferior infarct ,1,['atrial_fibrillation']
 atrial fibrillation with rapid ventricular response premature ventricular contraction ( s ) low limb lead voltage left bundle branch block this is most commonly due to ischaemic heart disease ,1,['atrial_fibrillation']
 atrial fibrillation st segments are depressed in i ii avl avf v2 - xxxx t wave are low or flat throughout findings are likely to be due to ischaemic heart disease and digitalis effect suggest exclude hypokalaemia ,1,['atrial_fibrillation']
 atrial fibrillation with rapid ventricular response low limb lead voltage non - specific intraventricular delay old anterior and inferolateral infarcts ,1,['atrial_fibrillation']
 atrial fibrillation with slow ventricular response st segments are depressed in i ii avl v4 xxxx t wave are inverted in these leads and show terminal inversion in v2 xxxx findings are likely to be due to ischaemic heart disease subendocardial in ,1,['atrial_fibrillation']
 premature ventricular contraction ( s ) atrial fibrillation low limb lead voltage t wave are flat or slightly inverted in ii iii avf v4 xxxx findings are likely to be due to ischaemic heart disease ,1,['atrial_fibrillation']
 premature ventricular contraction ( s ) atrial fibrillation with rapid ventricular response non - specific st and t wave change ,1,['atrial_fibrillation']
 atrial fibrillation st segments are depressed in i avl t wave are low in i and inverted in avl non - specific but consistent with myocardial ischaemia ,1,['atrial_fibrillation']
 sinus bradycardia the bradycardia may be physiological voltages in chest leads are at upper limit ,1,['atrial_tachycardia']
 rapid regular supraventricular tachycardia no p wave found widespread non - specific st and t wave change ,1,['atrial_tachycardia']
 atrial fibrillation with rapid ventricular response r - s transition zone in v leads displaced to the right ,1,['atrial_fibrillation']
 atrial fibrillation with rapid ventricular response compared with tracing of xxxx rate is a little slower st segments are slightly depressed in i avl v4 xxxx ,1,['atrial_fibrillation']
 sinus rhythm premature atrial contraction ( s ) xxxx in succession are recorded this could be regarded as a brief run of paroxysmal supraventricular tachycardia otherwise normal ecg ,1,['atrial_tachycardia']
 rhythm is atrial flutter with xxxx av block and rapid ventricular response non - specific st and t wave change ,2,['atrial_flutter']
 normal demand ventricular pacing underlying atrial rhythm is atrial fibrillation several wide complex non paced complex seen with left bundle branch block configuration these are probably multiform ventricular salvos of two but cannot exclude conduction ,1,['atrial_fibrillation']
 atrial fibrillation with moderately rapid ventricular response right bundle branch block clockwise rotation st change in part due to rbbb however change in lead avl and lateral chest leads suggest left ventricular strain ,1,['atrial_fibrillation']
 atrial fibrillation with moderately controlled ventricular response of xxxx per minute early digoxin effect no ecg evidence of ischaemia ,1,['atrial_fibrillation']
 atrial fibrillation with rapid ventricular response rightward axis right bundle branch block ,1,['atrial_fibrillation']
 atrial fibrillation t wave are low or flat throughout findings are likely to be due to ischaemic heart disease suggest exclude hypokalaemia ,1,['atrial_fibrillation']
 atrial fibrillation with rapid ventricular response low limb lead voltage q wave in ii iii avf consistent with old inferior myocardial infarct ,1,['atrial_fibrillation']
 atrial fibrillation low limb lead voltage non - specific intraventricular block probable left ventricular hypertrophy st segments are depressed and t wave inverted in i ii avl v5 xxxx this may be due to lv strain or ischaemia ,1,['atrial_fibrillation']
 a rapid regular supraventricular tachycardia is present non - specific st and t wave change ,1,['atrial_tachycardia']
 sinus rhythm compared with tracing of xxxx rhythm was previously atrial fibrillation the previously inverted t wave now upright and apart from general t wave flattening the present tracing does not show any definite pathology edit ndt ( ndt ) ,1,['atrial_fibrillation']
 rapid regular supraventricular tachycardia this is probably atrial flutter with xxxx av block non - specific st and t wave change ,2,"['atrial_tachycardia', 'atrial_flutter']"
 sinus rhythm voltages in limb leads are at upper limit normal ecg edit norm xxxx ( norm xxxx ) ,1,['atrial_tachycardia']
 sinus rhythm voltages in limb leads are at upper limit left axis deviation left anterior fascicular block incomplete right bundle branch block ,1,['atrial_tachycardia']
 atrial fibrillation with rapid ventricular response st segments are depressed in i ii avl avf v2 - xxxx t wave are low in limb leads and v5 xxxx findings are likely to be due to ischaemic heart disease and digitalis effect ,1,['atrial_fibrillation']
 premature ventricular contraction ( s ) atrial fibrillation incomplete right bundle branch block t wave are inverted in v2 xxxx st segments are depressed in v1 - xxxx findings are likely to be due to ischaemic heart disease the age of the change is uncert ,1,['atrial_fibrillation']
 atrial fibrillation with rapid ventricular response st segments are depressed in v5 xxxx t wave are low or flat in limb leads and v5 xxxx findings are likely to be due to ischaemic heart disease ,1,['atrial_fibrillation']
 sinus rhythm voltages in limb leads are at upper limit no definite pathology edit norm rsiii ( norm xxxx ) ,1,['atrial_tachycardia']
 atrial fibrillation left ventricular hypertrophy qs complex in v2 old anteroseptal infarct cannot be excluded st segments are depressed and t wave inverted in i ii avl v4 xxxx this may be due to lv strain or ischaemia ,1,['atrial_fibrillation']
 atrial fibrillation with rapid ventricular response left axis deviation non - specific intraventricular delay left ventricular hypertrophy qs complex in v2 xxxx consistent with old anteroseptal myocardial infarct non - specific st and t wave change in la ,1,['atrial_fibrillation']
 sinus rhythm premature atrial contraction ( s ) left axis deviation left anterior fascicular block voltages in limb leads are at upper limit ,1,['atrial_tachycardia']
 sinus rhythm st segments are depressed in i ii avl v4 xxxx t wave are low or flat throughout non - specific but consistent with myocardial ischaemia and digitalis effect suggest exclude hypokalaemia pr interval is at upper limit of normal ,1,['atrial_tachycardia']
 atrial fibrillation voltages are high in chest leads suggesting lvh otherwise no definite pathology ,1,['atrial_fibrillation']
 atrial fibrillation with rapid ventricular response st segments are depressed in i ii avl avf v2 - xxxx t wave are flat or slightly inverted in these leads findings are likely to be due to ischaemic heart disease and digitalis effect ,1,['atrial_fibrillation']
 atrial fibrillation left axis deviation left anterior fascicular block st segments are depressed in i avl this may be due to lv strain or ischaemia ,1,['atrial_fibrillation']
 premature atrial contraction ( s ) sinus rhythm prolonged pr interval voltages are high in limb leads suggesting lvh left axis deviation left anterior fascicular block right bundle branch block patient has trifascicular block and may be at increased r ,1,['atrial_tachycardia']
 atrial fibrillation t wave are flat in limb leads and inverted in v4 xxxx findings are likely to be due to ischaemic heart disease ,1,['atrial_fibrillation']
 sinus rhythm normal ecg compared with tracing of earlier today it is not significantly changed except that atrial premature complex are not recorded on this occasion ,1,['premature_atrial_complex']
 atrial fibrillation non - specific t wave flattening in i avl ,1,['atrial_fibrillation']
 sinus rhythm dropped complex due to blocked atrial premature complex otherwise normal ecg as before ,1,['premature_atrial_complex']
 atrial fibrillation st segments are depressed in i ii avf v4 xxxx t wave are low or flat throughout and inverted in iii avf findings are likely to be due to ischaemic heart disease and digitalis effect ,1,['atrial_fibrillation']
 premature ventricular contraction ( s ) interpolated vpb noted sinus rhythm voltages in chest leads are at upper limit st segments are depressed in ii iii avf non - specific but consistent with myocardial ischaemia ,1,['atrial_tachycardia']
 sinus rhythm voltages in limb leads are at upper limit non - specific t wave flattening in i and inversion in avl ,1,['atrial_tachycardia']
 atrial fibrillation minor non - specific st segment depression in v5 xxxx ,1,['atrial_fibrillation']
 atrial fibrillation with rapid ventricular response st segments are depressed in i ii avl v4 xxxx t wave are low in these leads findings are likely to be due to ischaemic heart disease and digitalis effect ,1,['atrial_fibrillation']
 atrial fibrillation with rapid ventricular response incomplete right bundle branch block non - specific st and t wave change ,1,['atrial_fibrillation']
 sinus rhythm pr interval is at upper limit of normal r - s transition zone in v leads displaced to the right no definite pathology ,1,['atrial_tachycardia']
 rhythm is atrial tachycardia with xxxx av block this is difficult to discern except in lead v1 left axis deviation qs complex in v2 xxxx consistent with old anterior myocardial infarct non - specific st and t wave change ,1,['atrial_tachycardia']
 atrial fibrillation st segments are depressed in ii iii avf v4 xxxx t wave are flat in i v5 xxxx findings are likely to be due to ischaemic heart disease and digitalis effect ,1,['atrial_fibrillation']
 premature ventricular contraction ( s ) atrial fibrillation st segments are depressed and t wave inverted in i ii avl v4 xxxx this may be due to lv strain or ischaemia and digitalis effect ,1,['atrial_fibrillation']
 atrial fibrillation t wave are flat inverted or slightly biphasic in limb leads and v4 xxxx findings are likely to be due to ischaemic heart disease ,1,['atrial_fibrillation']
 atrial fibrillation left axis deviation qs complex in v2 xxxx consistent with old anterior myocardial infarct q wave in ii iii avf consistent with old inferior myocardial infarct st segments are depressed in i avl v5 xxxx t wave are i ,1,['atrial_fibrillation']
 atrial fibrillation with rapid ventricular response voltages are high in chest leads suggesting lvh non - specific st and t wave change in inferolateral leads ,1,['atrial_fibrillation']
 sinus rhythm voltages in limb leads are at upper limit left axis deviation left anterior fascicular block ,1,['atrial_tachycardia']
 atrial fibrillation with rapid ventricular response st segments are depressed in i v5 xxxx non - specific but consistent with myocardial ischaemia ,1,['atrial_fibrillation']
 atrial fibrillation st segments are depressed in i avl t wave are low in these leads non - specific but consistent with myocardial ischaemia and digitalis effect ,1,['atrial_fibrillation']
 sinus rhythm prominent qrs voltages and nonspecific t flattening in lead iii these are not definite abnormality at this age but some degree of lv hypertrophy cannot be excluded ,1,['atrial_tachycardia']
 atrial fibrillation with rapid ventricular response low limb lead voltage t wave are inverted in ii iii avf and flat in i v6 non - specific but consistent with myocardial ischaemia the age of the change is uncertain ,1,['atrial_fibrillation']
 atrial fibrillation with rapid ventricular response minor non - specific st and t wave change ,1,['atrial_fibrillation']
 regular rhythm no definite p wave found rhythm is probably junctional left anterior fascicular block right bundle branch block bifascicular block patient may be at increased risk of developing complete av block ,1,['atrial_tachycardia']
 atrial flutter - fibrillation with fast ventricular response vertical heart query respiratory disease no ecg evidence of ischaemia ,1,['atrial_flutter']
 atrial fibrillation with controlled ventricular response extensive old anterior inarct envolving lateral leads no ecg evidence of recent ischaemia ,1,['atrial_fibrillation']
 sinusrhythmus lagetyp normal unspezifischer intraventrikulärer block möglicherweise wpw typ b linkshypertrophie qrs ( t ) abnormal inferiorer myokardschaden nicht auszuschliessen ,1,['wolff_parkinson_white']
 atrial fibrillation premature ventricular contraction ( s ) left axis deviation voltages in limb leads are at upper limit q wave in v2 xxxx st segments are depressed in i ii avl v4 xxxx t wave are low or flat in i v2 - xxxx consistent with ischaemic hear ,2,"['atrial_tachycardia', 'atrial_fibrillation']"
 atrial flutter with xxxx av block probable old inferior myocardial infarct probable old anteroseptal myocardial infarct mild non - specific intraventricular delay ,1,['atrial_flutter']
 sinus rhythm prolonged pr interval left anterior fascicular block right bundle branch block this patient has trifascicular block and may be at increased risk of developing complete av block ,1,['atrial_tachycardia']
 atrial fibrillation with rapid ventricular response borderline left axis deviation ,1,['atrial_fibrillation']
 sinusrhythmus möglicherweise wpw typ b linkstyp qrs ( t ) abnorm inferiorer infarkt wahrscheinlich alt st and t abnorm wahrscheinlich anteriore ischämie oder linksbelastung laterale ischämie oder linksbelastung xxxx unbes ,1,['wolff_parkinson_white']
 atrial fibrillation left axis deviation left anterior fascicular block qs complex in v2 - xxxx consistent with old anterolateral infarct ,1,['atrial_fibrillation']
 sinusrhythmus linkstyp rechtsschenkelblock wpw typ a ,2,['wolff_parkinson_white']
 atrial fibrillation with slow ventricular response st segments are depressed in i ii iii avf v4 xxxx non - specific but consistent with myocardial ischaemia and digitalis effect ,1,['atrial_fibrillation']
 sinus rhythm voltages in chest leads are at upper limit non - specific t wave flattening in i avl ,1,['atrial_tachycardia']
 atrial fibrillation with rapid ventricular response st segments are depressed in i ii avf v3 - xxxx t wave are low or flat in inferolateral leads findings are likely to be due to ischaemic heart disease and digitalis effect ,1,['atrial_fibrillation']
 atrial fibrillation with rapid ventricular response rightward axis r - s transition zone in v leads displaced to the left possible left posterior fascicular block incomplete right bundle branch block non - specific t wave inversion in i avl v2 ,1,['atrial_fibrillation']
 atrial fibrillation with slow ventricular response st segments are depressed and t wave inverted in i ii avl v5 xxxx this may be due to lv strain or ischaemia and digitalis effect ,1,['atrial_fibrillation']
 pat upplysningar saknas!! sinusrytm gammal anterior - och lateral myokardskada gammal inferior myokardskada ,1,['atrial_tachycardia']
 atrial fibrillation premature ventricular contraction ( s ) st segments are depressed in i ii avf v2 - xxxx t wave are flat or slightly inverted throughout findings are likely to be due to ischaemic heart disease and digitalis effect suggest exclude hyp ,1,['atrial_fibrillation']
 atrial fibrillation left axis deviation non - specific intraventricular block qs complex in v3 xxxx t wave are inverted in i avl consistent with lateral myocardial infarct probably old ,1,['atrial_fibrillation']
 atrial fibrillation with rapid ventricular response qs complex in v2 and tiny r wave in v3 consistent with old anteroseptal myocardial infarct st segments are depressed in i ii avl v4 xxxx t wave are low or flat in these leads this may be ,1,['atrial_fibrillation']
 atrial fibrillation st segments are depressed in i ii v4 xxxx this may be due to lv strain or ischaemia and digitalis effect ,1,['atrial_fibrillation']
 atrial fibrillation st segments are depressed in i ii avl v3 - xxxx t wave are low in these leads findings are likely to be due to ischaemic heart disease and digitalis effect ,1,['atrial_fibrillation']
 atrial fibrillation left axis deviation voltages are high in limb leads suggesting lvh q wave in v2 qs complex in v3 consistent with old anteroseptal myocardial infarct st segments are depressed in i avl v5 xxxx t wave are inverted in i av ,1,['atrial_fibrillation']
 sinus rhythm st segments are depressed in i avl v3 - xxxx t wave are low or flat in i avl v5 xxxx this may be due to lv strain or ischaemia compared with tracing of xxxx rhythm was previously atrial fibrillation st and t wave change now less mar ,1,['atrial_fibrillation']
 atrial fibrillation with rapid ventricular response non - specific intraventricular delay poor progression of r wave in anterior chest leads generalized st and t wave change which are non - diagnostic ,1,['atrial_fibrillation']
 atrial fibrillation st segments are depressed in i ii v3 - xxxx non - specific but consistent with myocardial ischaemia and digitalis effect ,1,['atrial_fibrillation']
 premature ventricular contraction ( s ) atrial fibrillation qs complex in v2 xxxx consistent with old anteroseptal myocardial infarct st segments are depressed and t wave inverted in i ii avl v4 xxxx this may be due to lv strain or ischaemia ,1,['atrial_fibrillation']
 sinus rhythm left axis deviation left anterior fascicular block right bundle branch block bifascicular block pr interval is at about upper limit of normal so that patient is verging on trifascicular block and may be at increased risk of developing c ,1,['atrial_tachycardia']
 rhythm is atrial flutter with variable av block non - specific t wave abnormality ,1,['atrial_flutter']
 atrial fibrillation non - specific st and t wave change these may be due to myocardial ischaemia and digitalis effect ,2,['atrial_fibrillation']
 sinusrhythmus ueberdrehter linkstyp linksschenkelblock linkshypertrophie möglich möglicherweise wpw typ b ,1,['wolff_parkinson_white']
 sinus rhythm voltages in limb leads are at upper limit st segments are slightly depressed in i avl v5 xxxx this may be due to lv strain or ischaemia ,1,['atrial_tachycardia']
 rhythm is basically sinus with prolonged pr interval ( xxxx sec ) there are atrial premature complex and a pause apparently due to a blocked atrial premature complex q wave in ii iii avf consistent with old inferior myocardial infarct st segments a ,1,['premature_atrial_complex']
 premature ventricular contraction ( s ) sinus tachycardia compared with tracing of xxxx rhythm was previously atrial fibrillation st and t wave change persist in inferior and lateral leads ,1,['atrial_fibrillation']
 atrial fibrillation left axis deviation non - specific intraventricular block of left bundle branch block type ,1,['atrial_fibrillation']
 atrial fibrillation voltages are high in chest leads suggesting lvh st segments are depressed in v3 - xxxx t wave are inverted in i ii v5 xxxx this may be due to lv strain or ischaemia ,1,['atrial_fibrillation']
 atrial fibrillation premature ventricular contraction ( s ) left axis deviation left anterior fascicular block poor progression of r wave in anterior chest leads suggesting old anteroseptal infarct ,1,['atrial_fibrillation']
 atrial fibrillation voltages in chest leads are at upper limit st segments are depressed in i ii avf v4 xxxx t wave are low in i v4 xxxx this may be due to lv strain or ischaemia and digitalis effect ,2,"['atrial_tachycardia', 'atrial_fibrillation']"
 atrial fibrillation with rapid ventricular response complex ( s ) with aberrant intraventricular conduction left ventricular hypertrophy non - specific st and t wave change in inferolateral leads ,1,['atrial_fibrillation']
 atrial fibrillation st segments are depressed in i ii avf v3 - xxxx t wave are low in these leads findings are likely to be due to ischaemic heart disease and digitalis effect ,1,['atrial_fibrillation']
 atrial fibrillation voltages are high in chest leads suggesting lvh st segments are depressed in i ii v5 xxxx t wave are inverted in i ii avl v3 - xxxx this may be due to lv strain or ischaemia ,1,['atrial_fibrillation']
 atrial fibrillation low limb lead voltage st segments are depressed in v4 xxxx findings are likely to be due to ischaemic heart disease and digitalis effect ,1,['atrial_fibrillation']
 sinus rhythm prolonged pr interval left axis deviation left anterior fascicular block non - specific intraventricular block q wave in v2 xxxx consistent with old anterior myocardial infarct patient may be at increased risk of developing complete ,1,['atrial_tachycardia']
 sinus rhythm voltages in limb leads are at upper limit non - specific t wave flattening in i avl v6 ,1,['atrial_tachycardia']
 premature ventricular contraction ( s ) sinus rhythm prolonged pr interval left axis deviation left anterior fascicular block right bundle branch block patient has trifascicular block and may be at increased risk of developing complete av block po ,1,['atrial_tachycardia']
 atrial fibrillation qs complex in v2 xxxx consistent with old anteroseptal myocardial infarct st segments are depressed in i ii v4 xxxx t wave are low or flat throughout findings are likely to be due to ischaemic heart disease suggest exclude ,1,['atrial_fibrillation']
 atrial fibrillation with rapid ventricular response premature ventricular contraction ( s ) voltages are high in chest leads suggesting lvh st segments are depressed in i ii avl v3 - xxxx t wave are low or flat in these leads findings are likely to be du ,1,['atrial_fibrillation']
 atrial fibrillation with rapid ventricular response voltages are high in chest leads suggesting lvh st segments are depressed in i ii avf v2 - xxxx findings are likely to be due to ischaemic heart disease and digitalis effect ,1,['atrial_fibrillation']
 atrial fibrillation with rapid ventricular response non - specific t wave flattening in inferolateral leads ,1,['atrial_fibrillation']
 atrial fibrillation qs complex in v2 xxxx consistent with old anteroseptal myocardial infarct t wave are low or flat in limb leads and v5 xxxx myocardial ischaemia is likely ,1,['atrial_fibrillation']
 rhythm is atrial flutter with mainly xxxx av block and rapid ventricular response non - specific st and t wave change ,1,['atrial_flutter']
 atrial fibrillation st segments are depressed in i avl v6 findings are likely to be due to ischaemic heart disease and digitalis effect ,1,['atrial_fibrillation']
 premature ventricular contraction ( s ) atrial fibrillation with rapid ventricular response st segments are depressed in ii avf v5 xxxx t wave are low or flat in limb leads and v5 xxxx non - specific but consistent with myocardial ischaemia ,1,['atrial_fibrillation']
 supraventricular tachycardia possible old inferior infarct minor non - specific st and t change ( lead avl ) ,1,['atrial_tachycardia']
 a rapid slightly irregular supraventricular tachycardia is present this is probably atrial fibrillation with rapid ventricular response voltages are high in chest leads suggesting lvh non - specific st and t wave change in anterolateral leads ,2,"['atrial_tachycardia', 'atrial_fibrillation']"
 atrial fibrillation incomplete right bundle branch block prolonged qt this may be due to a drug effect or an electrolyte disturbance ,1,['atrial_fibrillation']
 sinus tachycardia p wave are inconspicuous except in v1 xxxx i cannot exclude the possibility that this is atrial tachycardia with xxxx block premature ventricular contraction ( s ) low limb lead voltage st segments are depressed in i avl v3 xxxx t wave ,1,['atrial_tachycardia']
 atrial fibrillation minor non - specific st segment depression in i avl ,1,['atrial_fibrillation']
 atrial fibrillation voltages are high in chest leads suggesting lvh st segments are depressed in i ii avl v5 xxxx t wave are inverted in i avl v5 xxxx this may be due to lv strain or ischaemia and digitalis effect ,1,['atrial_fibrillation']
 rapid regular supraventricular tachycardia rightward axis right bundle branch block suggest repeat when patient has reverted to sinus rhythm ,1,['atrial_tachycardia']
 atrial fibrillation with rapid ventricular response left axis deviation voltages in limb leads are at upper limit non - specific st and t wave change in ii iii avf ,2,"['atrial_tachycardia', 'atrial_fibrillation']"
 sinusrhythmus möglicherweise wpw typ b ueberdrehter linkstyp qrs ( t ) abnorm inferiorer infarkt mögl akut st abnorm möglicherweise hochlateraler innenschichtsschaden xxxx unbestätigter bericht ,2,['wolff_parkinson_white']
 atrial fibrillation with rapid ventricular response premature ventricular contraction ( s ) low limb lead voltage st segments are depressed in i ii v4 xxxx t wave are low or flat in limb leads and v4 xxxx findings are likely to be due to ischaemic hear ,1,['atrial_fibrillation']
 atrial fibrillation st segments are depressed and t wave inverted in i ii avl v4 xxxx findings are likely to be due to ischaemic heart disease and digitalis effect ,1,['atrial_fibrillation']
 atrial fibrillation left bundle branch block ,1,['atrial_fibrillation']
 atrial fibrillation with rapid ventricular response t wave are low or flat in limb leads and v5 xxxx myocardial ischaemia is likely prolonged qt suggest exclude hypokalaemia ,1,['atrial_fibrillation']
 atrial fibrillation with rapid ventricular response st segments are depressed in i ii avl v3 - xxxx t wave are low or flat throughout findings are likely to be due to ischaemic heart disease suggest exclude hypokalaemia ,1,['atrial_fibrillation']
 sinus rhythm voltages in chest leads are at upper limit st segments are slightly depressed in ii avf v4 xxxx this may be due to lv strain or ischaemia ,1,['atrial_tachycardia']
 atrial fibrillation rapid ventricular response xxxx - min left axis deviation old anteroseptal infarct anterolateral st and t abnormality ,1,['atrial_fibrillation']
 a rapid regular supraventricular tachycardia is present low limb lead voltage non - specific t wave inversion in inferior leads ,1,['atrial_tachycardia']
 atrial fibrillation with rapid ventricular response st segments are depressed in i ii iii avf v2 - xxxx findings are likely to be due to ischaemic heart disease and digitalis effect ,1,['atrial_fibrillation']
 atrial fibrillation q wave and t wave inversion in ii iii avf v5 xxxx consistent with old inferolateral myocardial infarct ,1,['atrial_fibrillation']
 atrial fibrillation low limb lead voltage t wave are low or flat in limb leads and v6 findings are likely to be due to ischaemic heart disease ,1,['atrial_fibrillation']
 atrial fibrillation with slow ventricular response left axis deviation right bundle branch block ,1,['atrial_fibrillation']
 a rapid regular broad complex tachycardia is present this is probably a supraventricular tachycardia with left bundle branch block but ventricular tachycardia cannot be entirely excluded left axis deviation ,1,['atrial_tachycardia']
 atrial fibrillation non - specific intraventricular block left ventricular hypertrophy non - specific st and t wave change these may be due to lv strain or ischaemia and digitalis effect ,1,['atrial_fibrillation']
 sinus rhythm possible old inferior myocardial infarct st segments are depressed in i ii avl v5 xxxx t wave are flat in these leads non - specific but consistent with myocardial ischaemia voltages in chest leads are at upper limit ,1,['atrial_tachycardia']
 atrial fibrillation left axis deviation possible old inferior myocardial infarct ,1,['atrial_fibrillation']
 sinus rhythm q wave in ii iii avf old inferior myocardial infarct cannot be excluded voltages in chest leads are at upper limit ,1,['atrial_tachycardia']
 pacemaker spikes noted sinus complex atrial premature complex and paced complex are present qs complex in v2 xxxx t wave are inverted in i ii avf v4 xxxx consistent with ischaemic heart disease with old anterior myocardial infarct ,1,['premature_atrial_complex']
 atrial fibrillation with rapid ventricular response premature ventricular contraction ( s ) incomplete right bundle branch block ,1,['atrial_fibrillation']
 atrial fibrillation with slow ventricular response premature ventricular contraction ( s ) qs complex in v2 xxxx st segments are depressed in i ii avf v5 xxxx t wave are flat or slightly inverted in limb leads and v5 xxxx consistent with ischaemic heart di ,1,['atrial_fibrillation']
 atrial fibrillation right bundle branch block possible left ventricular hypertrophy ,1,['atrial_fibrillation']
 atrial fibrillation left axis deviation low limb lead voltage t wave are low or flat throughout myocardial ischaemia is likely prolonged qt suggest exclude hypokalaemia ,1,['atrial_fibrillation']
 atrial fibrillation probable old inferior infarct poor anterior r wave progression suggests a possible old anteroseptal infarct lateral st and t wave change suggest left ventricular strain or ischaemia ,1,['atrial_fibrillation']
 atrial fibrillation st segments are depressed in i ii avf v4 xxxx t wave are low or flat in i ii v4 xxxx findings are likely to be due to ischaemic heart disease and digitalis effect ,1,['atrial_fibrillation']
 sinus tachycardia prolonged pr interval left axis deviation left anterior fascicular block right bundle branch block possible old inferior infarct patient has trifascicular block and may be at increased risk of developing complete av block ,1,['atrial_tachycardia']
 atrial fibrillation stde i ii avl avf v2 - xxxx t wave are low or flat throughout findings are likely to be due to ischaemic heart disease suggest exclude hypokalaemia ,1,['atrial_fibrillation']
 atrial fibrillation left axis deviation non - specific st segment depression in v4 xxxx ,1,['atrial_fibrillation']
 atrial fibrillation st segments are depressed in i avl v4 xxxx t wave are low throughout findings are likely to be due to ischaemic heart disease and digitalis effect suggest exclude hypokalaemia ,1,['atrial_fibrillation']
 atrial fibrillation with rapid ventricular response left bundle branch block this is most commonly due to ischaemic heart disease ,2,['atrial_fibrillation']
 sinus rhythm voltages in limb leads are at upper limit no definite pathology edit norm xxxx qsiii qavf ( imi xxxx ) ,1,['atrial_tachycardia']
 premature ventricular contraction ( s ) atrial fibrillation st segments are depressed in i ii iii avf v3 - xxxx t wave are inverted in ii iii avf v4 xxxx this may be due to lv strain or ischaemia and digitalis effect ,1,['atrial_fibrillation']
 atrial fibrillation non - specific st segment depression in v4 xxxx ,1,['atrial_fibrillation']
 premature atrial contraction ( s ) sinus tachycardia pr interval is at upper limit of normal no ecg evidence of ischaemia ,1,['atrial_tachycardia']
 atrial fibrillation left axis deviation left anterior fascicular block st segments are depressed in i ii avl v2 - xxxx t wave are low or flat throughout findings are likely to be due to ischaemic heart disease and digitalis effect suggest exclude hy ,1,['atrial_fibrillation']
 atrial fibrillation low limb lead voltage otherwise normal ecg ,2,['atrial_fibrillation']
 atrial fibrillation right axis deviation low limb lead voltage q wave in i avl consistent with old lateral myocardial infarct st segments are depressed in i ii iii avf v4 xxxx t wave are inverted in v4 xxxx findings are likely to be due to i ,1,['atrial_fibrillation']
 atrial fibrillation with rapid ventricular response low limb lead voltage non - specific st and t wave change ,1,['atrial_fibrillation']
 rhythm is atrial tachycardia ( rate = xxxx - min ) with variable but generally xxxx av block and rapid ventricular response left axis deviation low limb lead voltage non - specific intraventricular delay q wave in ii iii avf consistent with old inferior ,1,['atrial_tachycardia']
 sinus rhythm there are dropped complex due apparently to failure of the sa node to generate an impulse at times p wave are best seen in v1 and are not evident just before a pause right bundle branch block holter monitor may be helpful ,1,['atrial_tachycardia']
 atrial fibrillation st segments are depressed and t wave inverted in i ii avl avf v4 xxxx findings are likely to be due to ischaemic heart disease and digitalis effect ,1,['atrial_fibrillation']
 atrial fibrillation st segments are depressed in i avl t wave are flat in limb leads this may be due to lv strain or ischaemia ,1,['atrial_fibrillation']
 atrial fibrillation st segments are depressed and t wave inverted in i avl v4 xxxx this may be due to lv strain or ischaemia possible inferior myocardial infarct of uncertain age ,1,['atrial_fibrillation']
 sinus rhythm pr interval is at upper limit of normal otherwise normal ecg ,1,['atrial_tachycardia']
 atrial fibrillation st segments are depressed in ii avf v4 xxxx this may be due to lv strain or ischaemia and digitalis effect ,1,['atrial_fibrillation']
 atrial fibrillation right axis deviation r - s transition zone in v leads displaced to the left low limb lead voltage q wave in i avl suggesting old lateral infarct st segments are depressed in ii iii avf v6 t wave are low or flat throughout fi ,1,['atrial_fibrillation']
 atrial fibrillation with rapid ventricular response st segments are depressed in ii iii avf t wave are low or flat throughout findings are likely to be due to ischaemic heart disease and digitalis effect suggest exclude hypokalaemia ,1,['atrial_fibrillation']
 probable atrial fibrillation but no clear evidence of p wave or fibrillation wave non - specific st and t wave change ,1,['atrial_fibrillation']
 premature ventricular contraction ( s ) sinus rhythm voltages in chest leads are at upper limit st segments are depressed in avl v4 xxxx this may be due to lv strain or ischaemia prolonged qt this may be due to a drug effect or an electrolyte distur ,1,['atrial_tachycardia']
 atrial fibrillation st segments are depressed in i ii avl v5 xxxx t wave are flat or slightly inverted in these leads findings are likely to be due to ischaemic heart disease and digitalis effect ,1,['atrial_fibrillation']
 sinus rhythm voltages are high in chest leads suggesting lvh compared with submitted tracing dated xxxx rhythm was previously atrial fibrillation with rapid ventricular response ( xxxx - min ) there now sinus rhythm t wave were inverted in i ii ,1,['atrial_fibrillation']
 atrial fibrillation left axis deviation non - specific intraventricular block left ventricular hypertrophy probable old inferior infarct findings are likely to be due to ischaemic heart disease ,1,['atrial_fibrillation']
 atrial fibrillation right bundle branch block q wave in v2 suggesting old anteroseptal infarct ,1,['atrial_fibrillation']
 atrial fibrillation with rapid ventricular response st segments are depressed in v4 xxxx t wave are inverted in ii iii avf v4 xxxx findings are likely to be due to ischaemic heart disease the age of the change is uncertain ,1,['atrial_fibrillation']
 rhythm is atrial flutter with xxxx av block and rapid ventricular response qs complex in v2 xxxx consistent with old anterior myocardial infarct ,1,['atrial_flutter']
 rhythm is atrial tachycardia ( rate = xxxx - min ) with variable av block premature ventricular contraction ( s ) non - specific intraventricular block ,1,['atrial_tachycardia']
 sinus rhythm voltages in chest leads are at upper limit possible old inferior infarct ,1,['atrial_tachycardia']
 sinus rhythm voltages in limb leads are at upper limit st segments are depressed in i avl t wave are flat in i and v5 xxxx and inverted in avl this may be due to lv strain or ischaemia ,1,['atrial_tachycardia']
 atrial fibrillation premature ventricular contraction ( s ) one paced complex noted left axis deviation non - specific intraventricular block ,1,['atrial_fibrillation']
 sinus rhythm atrial premature complex low limb lead voltage non - specific t abnormality in anterior leads especially in v3 - v5 ischaemia is a likely cause ,1,['premature_atrial_complex']
 sinus rhythm pr interval is at upper limits of normal normal ecg ,1,['atrial_tachycardia']
 atrial fibrillation with fast ventricular response low voltage in standard leads antero - septal infarct - may be old antero - lateral st and t change consistent with left ventricular strain or ischaemia ,1,['atrial_fibrillation']
 atrial fibrillation with controlled ventricular response rate xxxx per minute extensive deep anterior t wave invesion highly consistent with ischaemia or subendocardial infarct ,1,['atrial_fibrillation']
 atrial fibrillation left axis deviation left anterior fascicular block st segments are depressed in i avl v5 xxxx t wave are low in i v5 xxxx and inverted in avl this may be due to lv strain or ischaemia ,1,['atrial_fibrillation']
 premature ventricular contraction ( s ) atrial fibrillation with rapid ventricular response q wave in ii iii avf st segments are depressed in i avl v2 - xxxx t wave are inverted in i avl t wave are low or flat in other leads st segments are elevated ,1,['atrial_fibrillation']
 atrial fibrillation with rapid ventricular response non - specific intraventricular delay q wave in ii iii avf st segments are elevated in iii avf st segments are depressed in i avl v2 - xxxx consistent with inferior myocardial infarct which appear ,1,['atrial_fibrillation']
 sinus rhythm compared with tracing of xxxx rhythm now sinus ( previously atrial flutter ) appearances in inferior leads now unremarkable ,1,['atrial_flutter']
 atrial fibrillation qs complex in v2 consistent with old anteroseptal myocardial infarct st segments are depressed in i ii avl v4 xxxx t wave are inverted in i avl v4 xxxx this may be due to lv strain or ischaemia ,1,['atrial_fibrillation']
 atrial fibrillation st segments are depressed in ii iii avf v4 xxxx t wave are low throughout and inverted in v4 xxxx findings are likely to be due to ischaemic heart disease and digitalis effect ,1,['atrial_fibrillation']
 premature ventricular contraction ( s ) atrial fibrillation with rapid ventricular response r - s transition zone in v leads displaced to the left st segments are depressed in i ii avl v6 t wave are inverted in i avl and low in ii v6 findings are li ,1,['atrial_fibrillation']
 atrial fibrillation small r wave in v2 xxxx old anteroseptal infarct cannot be excluded st segments are depressed in i ii avl v5 xxxx t wave are low in limb leads and v5 xxxx findings are likely to be due to ischaemic heart disease and digitalis effect ,1,['atrial_fibrillation']
 atrial tachycardia with xxxx av block incomplete right bundle branch block widespread st and t wave change probably due to myocardial ischaemia and digitalis effect ,1,['atrial_tachycardia']
 sinusbradykardie rechtstyp wpw typ a ,1,['wolff_parkinson_white']
 atrial fibrillation with slow ventricular response q wave in ii iii avf consistent with old inferior myocardial infarct st segments are depressed in v5 xxxx t wave are low or flat in i avl v5 xxxx findings are likely to be due to ischaemic heart ,1,['atrial_fibrillation']
 atrial fibrillation q wave in ii iii avf consistent with old inferior myocardial infarct t wave are low or flat throughout findings are likely to be due to ischaemic heart disease suggest exclude hypokalaemia ,1,['atrial_fibrillation']
 sinusrhythmus linkstyp linksschenkelblock linkshypertrophie möglich möglicherweise wpw typ b ,1,['wolff_parkinson_white']
 sinus rhythm voltages in chest leads are at upper limit minimal non - specific st segment depression in v5 xxxx ,1,['atrial_tachycardia']
 sinusrytm vänster el - axel vänstersidigt skänkelblock överväg wpw syndrom typ b ,1,['wolff_parkinson_white']
 atrial fibrillation premature ventricular contraction ( s ) left axis deviation low limb lead voltage left bundle branch block this is most commonly due to ischaemic heart disease ,1,['atrial_fibrillation']
 atrial fibrillation non - specific st and t wave change in i ii iii avf v6 ,1,['atrial_fibrillation']
 a rapid regular supraventricular tachycardia is present minor non - specific st and t wave change which may be due to the tachycardia ,1,['atrial_tachycardia']
 pat uppgifter saknas sinusrytm av block i vänster el - axel misstänkt gammal inferior myokardskada st and t förändring anterolateralt och inferolateralt såsom vid ischemi vänster kammarbelastning eller digitalispåverkan ,1,['atrial_tachycardia']
 atrial fibrillation borderline left axis deviation st segments are depressed and t wave inverted in i avl v2 - xxxx findings are likely to be due to ischaemic heart disease the age of the change is uncertain ,1,['atrial_fibrillation']
 atrial fibrillation with rapid ventricular response incomplete right bundle branch block otherwise no definite pathology ,1,['atrial_fibrillation']
 initially there is sinus rhythm ( rate = approx xxxx - min ) with atrial premature complex and bigeminy this is followed by a run of rapid regular paroxysmal supraventricular tachycardia ( rate = xxxx - min ) t wave are flat throughout ,2,"['atrial_tachycardia', 'premature_atrial_complex']"
 premature ventricular contraction ( s ) atrial fibrillation with rapid ventricular response right bundle branch block non - specific st and t wave change ,1,['atrial_fibrillation']
 premature ventricular contraction ( s ) atrial fibrillation with rapid ventricular response right bundle branch block ,2,['atrial_fibrillation']
 sinus rhythm pr interval is short and delta wave are present these features indicate the wolff - parkinson - white syndrome patients may be prone to bouts of paroxysmal supra - ventricular tachyarrhythmias ,1,['wolff_parkinson_white']
 atrial fibrillation st segments are depressed in i avl v4 xxxx t wave are inverted in i ii avl v6 and low in v4 xxxx findings are likely to be due to ischaemic heart disease and digitalis effect ,1,['atrial_fibrillation']
 rapid regular supraventricular tachycardia this may be atrial flutter with xxxx av block non - specific st and t wave change ,2,"['atrial_tachycardia', 'atrial_flutter']"
 atrial fibrillation left bundle branch block this is most commonly due to ischaemic heart disease ,1,['atrial_fibrillation']
 atrial fibrillation left axis deviation left ventricular hypertrophy st segments are depressed and t wave inverted in i avl v5 xxxx this may be due to lv strain or ischaemia ,1,['atrial_fibrillation']
 atrial fibrillation with rapid ventricular response st segments are depressed in i avl v6 t wave are low or flat in limb leads and v4 xxxx findings are likely to be due to ischaemic heart disease ,1,['atrial_fibrillation']
 sinus rhythm voltages in limb leads are at upper limit t wave are low or flat in limb leads and v4 xxxx non - specific but consistent with myocardial ischaemia ,1,['atrial_tachycardia']
 atrial fibrillation minor non - specific t wave flattening in i avl ,1,['atrial_fibrillation']
 rhythm is atrial flutter with xxxx av block the flutter rate is slower than usual this arrhythmia is usually associated with organic heart disease non - specific st and t wave change ,1,['atrial_flutter']
 atrial fibrillation st segments are depressed and t wave inverted in i ii avl v3 - xxxx this may be due to lv strain or ischaemia and digitalis effect ,1,['atrial_fibrillation']
 sinusbradykardie linkstyp unspezifischer intraventrikulärer block möglicherweise wpw typ b ,1,['wolff_parkinson_white']
 premature ventricular contraction ( s ) sinus rhythm voltages in limb leads are at upper limit slightly prolonged qt this may be due to a drug effect or an electrolyte disturbance ,1,['atrial_tachycardia']
 atrial fibrillation compared with tracing of xxxx it is not significantly changed st segments are depressed and t wave inverted in i avl v5 xxxx this may be due to lv strain or ischaemia ,1,['atrial_fibrillation']
 sinus rhythm voltages in limb leads are at upper limit non - specific intraventricular delay ,1,['atrial_tachycardia']
 atrial fibrillation with rapid ventricular response st segments are depressed in i ii avl v4 xxxx t wave are low or flat in limb leads and v4 xxxx findings are likely to be due to ischaemic heart disease and digitalis effect ,1,['atrial_fibrillation']
 atrial fibrillation r - s transition zone in v leads displaced to the right st segments are depressed in i ii avl v2 - xxxx t wave are low or flat throughout findings are likely to be due to ischaemic heart disease and digitalis effect suggest exclude ,1,['atrial_fibrillation']
 atrial fibrillation left axis deviation non - specific intraventricular delay st segments are depressed in i ii avl v5 xxxx t wave are inverted in i avl v5 xxxx this may be due to lv strain or ischaemia and digitalis effect ,1,['atrial_fibrillation']
 atrial fibrillation with rapid ventricular response low limb lead voltage otherwise no definite pathology ,2,['atrial_fibrillation']
 premature atrial contraction ( s ) sinus rhythm voltages in limb leads are at upper limit otherwise normal ecg ,1,['atrial_tachycardia']
 atrial fibrillation non - specific intraventricular delay st segments are depressed in v3 - xxxx t wave are low in v4 xxxx this may be due to lv strain or ischaemia and digitalis effect ,1,['atrial_fibrillation']
 premature ventricular contraction ( s ) atrial fibrillation with rapid ventricular response left axis deviation low limb lead voltage qs complex in v2 xxxx consistent with old anteroseptal myocardial infarct st segments are depressed in i avl thi ,1,['atrial_fibrillation']
 atrial fibrillation with rapid ventricular response low limb lead voltage minor non - specific st and t wave change ,1,['atrial_fibrillation']
 atrial fibrillation st segments are depressed in v4 xxxx t wave are low or flat throughout myocardial ischaemia is likely suggest exclude hypokalaemia ,1,['atrial_fibrillation']
 atrial fibrillation premature ventricular contraction ( s ) non - specific intraventricular delay voltages are high in chest leads suggesting lvh qs complex in v2 xxxx consistent with anteroseptal myocardial infarct of uncertain age st segments are d ,1,['atrial_fibrillation']
 atrial fibrillation st segments are slightly depressed in i ii avl v2 - xxxx t wave are low or flat throughout findings are likely to be due to ischaemic heart disease and digitalis effect suggest exclude hypokalaemia ,1,['atrial_fibrillation']
 sinus rhythm left axis deviation left anterior fascicular block voltages in limb leads are at upper limit ,2,['atrial_tachycardia']
 atrial fibrillation incomplete right bundle branch block voltages are high in limb leads suggesting lvh small r wave in v2 xxxx and q wave in v4 consistent with old anterior myocardial infarct q wave and st segment elevation in iii avf t wave ,1,['atrial_fibrillation']
 sinus rhythm r - s transition zone in v leads displaced to the right voltages in limb leads are at upper limit no definite pathology ,1,['atrial_tachycardia']
 atrial fibrillation st segments are slightly depressed in ii iii avf t wave are low in ii v6 and inverted in iii avf non - specific but consistent with inferolateral myocardial ischaemia ,1,['atrial_fibrillation']
 rhythm is atrial flutter with xxxx av block and rapid ventricular response right bundle branch block q wave in ii iii avf consistent with old inferior myocardial infarct non - specific st and t wave change ,1,['atrial_flutter']
 atrial fibrillation with rapid ventricular response st segments are depressed in i ii v4 xxxx t wave are low in limb leads v4 and slightly inverted in v5 xxxx findings are likely to be due to ischaemic heart disease and digitalis effect qs complex ,1,['atrial_fibrillation']
 sinus rhythm voltages in chest leads are at upper limit st segments are depressed in i ii avf v3 - xxxx this may be due to lv strain or ischaemia ,1,['atrial_tachycardia']
 sinus rhythm voltages in chest leads are at upper limit st segments are depressed in i ii avf v4 xxxx t wave are low in i and inverted in avl this may be due to lv strain or ischaemia q wave in v2 old anteroseptal infarct cannot be excluded ,1,['atrial_tachycardia']
 atrial fibrillation t abnormality in inferior leads possibly ischaemic ,1,['atrial_fibrillation']
 sinus rhythm with sinus arrhythmia wolff - parkinson - white syndrome ,1,['wolff_parkinson_white']
 supraventrikuläre arrhythmie p - sinistrocardiale lagetyp normal st and t abnorm wahrscheinlich laterale ischämie oder linksbelastung inferolaterale ischämie oder linksbelastung xxxx unbestätigter bericht edit ilmi xxxx lvh xxxx isc ivcb wahrscheinlich wpw ,1,['wolff_parkinson_white']
 sinustachykardie wpw typ a lagetyp normal xxxx unbestätigter bericht ,1,['wolff_parkinson_white']
 sinustachykardie möglicherweise wpw typ b lagetyp normal st and t abnorm möglicherweise neuer inferiorer myokard - oder perikardschaden xxxx unbestätigter bericht ,1,['wolff_parkinson_white']
 atrial fibrillation with rapid ventricular response t wave are flat in limb leads and inverted in v4 xxxx findings are likely to be due to ischaemic heart disease st segments are slightly elevated in v2 xxxx the possibility of some recent damage cannot ,1,['atrial_fibrillation']
 a rapid regular supraventricular tachycardia is present left axis deviation low limb lead voltage non - specific st and t wave change ,1,['atrial_tachycardia']
 sinus rhythm the rhythm is irregular this may be due to compensatory pauses after atrial premature complex but the possibility of sinus node dysfunction exists minor non - specific st and t wave change ,1,['premature_atrial_complex']
 atrial fibrillation low limb lead voltage st segments are depressed in i ii v5 xxxx t wave are flat or slightly inverted throughout non - specific but consistent with myocardial ischaemia and digitalis effect suggest exclude hypokalaemia ,1,['atrial_fibrillation']
 sinus rhythm left axis deviation left anterior fascicular block right bundle branch block q wave in v2 an old anteroseptal infarct cannot be excluded pr interval is at upper limit of normal this patient is verging on trifascicular block and may be ,1,['atrial_tachycardia']
 sinusrhythmus möglicherweise wpw typ b linkstyp qrs ( t ) abnorm inferiorer infarkt alter unbest st abnorm möglicherweise hochlateraler innenschichtsschaden xxxx unbestätigter bericht ,1,['wolff_parkinson_white']
 atrial fibrillation premature ventricular contraction ( s ) right axis deviation q wave in v2 suggesting old anteroseptal myocardial infarct st segments are depressed in ii iii avf v2 - xxxx t wave are low or flat throughout findings are likely to ,1,['atrial_fibrillation']
 premature ventricular contraction ( s ) atrial fibrillation st segments are depressed in i ii avl t wave are low or flat in limb leads and v5 xxxx findings are likely to be due to ischaemic heart disease and digitalis effect ,1,['atrial_fibrillation']
 sinus rhythm voltages in limb leads are at upper limit no definite pathology edit norm xxxx sokolow xxxx ( norm xxxx ) ,1,['atrial_tachycardia']
 tachykardes vorhofflimmern lagetyp normal sichere linksventrikelhypertrophie st - senkung in v4 - v6 t neg in v5 - v6 q in iii pat nimmt digoxin path ecg ,1,['atrial_tachycardia']
 premature ventricular contraction ( s ) atrial fibrillation with rapid ventricular response left axis deviation left anterior fascicular block non - specific st and t wave change ,1,['atrial_fibrillation']
 sinus arrhythmia possible left atrial enlargement incomplete right bundle branch block voltages in limb leads are at upper limit ,1,['atrial_tachycardia']
 atrial fibrillation right bundle branch block q wave in v1 xxxx consistent with old anteroseptal myocardial infarct non - specific st and t wave change ,1,['atrial_fibrillation']
 atrial fibrillation left axis deviation qs complex in v2 and tiny r wave in v3 suggesting old anteroseptal myocardial infarct possible old inferior myocardial infarct non - specific t wave flattening in i and inversion in avl ,1,['atrial_fibrillation']
 atrial fibrillation with rapid ventricular response left axis deviation low limb lead voltage left bundle branch block this is most commonly due to ischaemic heart disease in the presence of lbbb ischaemia is not excluded ,1,['atrial_fibrillation']
 atrial fibrillation left ventricular hypertrophy qs complex in v2 xxxx consistent with old anteroseptal myocardial infarct q wave in ii iii avf consistent with old inferior myocardial infarct st segments are depressed in i ii avl v4 xxxx ,1,['atrial_fibrillation']
 premature ventricular contraction ( s ) atrial fibrillation with rapid ventricular response voltages in chest leads are at upper limit st segments are depressed in i ii v3 - xxxx t wave are low or flat in limb leads and v4 xxxx findings are likely to be du ,2,"['atrial_tachycardia', 'atrial_fibrillation']"
 atrial fibrillation poor progression of r wave in anterior chest leads suggesting old anteroseptal myocardial infarct st segments are depressed in i ii avl avf v4 xxxx t wave are low in these leads findings are likely to be due to ischaemic he ,1,['atrial_fibrillation']
 atrial fibrillation incomplete right bundle branch block minor non - specific st and t wave change ,1,['atrial_fibrillation']
 atrial fibrillation left axis deviation t wave are low or flat in i avl v5 xxxx non - specific but consistent with myocardial ischaemia ,1,['atrial_fibrillation']
 sinus rhythm borderline left axis deviation r - s transition zone in v leads displaced to the right voltages in limb leads are at upper limit ,1,['atrial_tachycardia']
 atrial fibrillation q wave in ii iii avf consistent with old inferior myocardial infarct t wave are low or flat in i avl v5 xxxx findings are likely to be due to ischaemic heart disease ,1,['atrial_fibrillation']
 atrial fibrillation with rapid ventricular response st segments are depressed in i ii avf v4 xxxx t wave are low or flat in limb leads and v4 xxxx findings are likely to be due to ischaemic heart disease ,1,['atrial_fibrillation']
 atrial fibrillation with rapid ventricular response left axis deviation r - s transition zone in v leads displaced to the left left anterior fascicular block non - specific t wave abnormality in inferolateral leads ,1,['atrial_fibrillation']
 pacemaker spikes noted a regular paced rhythm is present atrial fibrillation ,1,['atrial_fibrillation']
 atrial fibrillation with rapid ventricular response left axis deviation qs complex in v2 and tiny r wave in v3 xxxx consistent with old anterior myocardial infarct st segments are depressed in i ii iii avl avf and grossly so in v2 - xxxx findings ,1,['atrial_fibrillation']
 atrial fibrillation low limb lead voltage st segments are depressed in i ii v4 xxxx t wave are inverted in i ii avl v2 - xxxx findings are likely to be due to ischaemic heart disease and digitalis effect ,1,['atrial_fibrillation']
 atrial fibrillation with rapid ventricular response right axis deviation non - specific intraventricular delay st segments are depressed and t wave inverted in ii iii avf v5 xxxx this may be due to lv strain or ischaemia ,1,['atrial_fibrillation']
 atrial fibrillation qs complex in v2 and tiny r wave in v3 consistent with old anteroseptal myocardial infarct st segments are depressed and t wave inverted in i avl v4 xxxx this may be due to lv strain or ischaemia ,1,['atrial_fibrillation']
 premature ventricular contraction ( s ) atrial fibrillation left axis deviation non - specific intraventricular block ,1,['atrial_fibrillation']
 atrial fibrillation incomplete right bundle branch block widespread st segment depression and t wave inversion findings are likely to be due to ischaemic heart disease the age of the change is uncertain ,1,['atrial_fibrillation']
 atrial fibrillation incomplete right bundle branch block q wave in ii iii avf st segments are depressed in i ii avl v4 xxxx t wave are low or flat in these leads consistent with ischaemic heart disease with old inferior myocardial infarct ,1,['atrial_fibrillation']
 atrial fibrillation st segments are depressed in ii iii avf v4 xxxx t wave are low or flat throughout findings are likely to be due to ischaemic heart disease and digitalis effect suggest exclude hypokalaemia ,1,['atrial_fibrillation']
 atrial fibrillation with rapid ventricular response right bundle branch block ,1,['atrial_fibrillation']
 rapid regular supraventricular tachycardia right bundle branch block the patient has again changed rhythm and conduction compared with recent tracings ,1,['atrial_tachycardia']
 atrial fibrillation with rapid ventricular response left axis deviation left anterior fascicular block incomplete right bundle branch block ,1,['atrial_fibrillation']
 atrial fibrillation left axis deviation left anterior fascicular block minor non - specific t wave flattening in i avl v5 xxxx ,1,['atrial_fibrillation']
 supraventricular tachycardia p wave axis is abnormal and pr interval is short rhythm is probably junctional otherwise normal ecg ,1,['atrial_tachycardia']
 rhythm strip shows sinus rhythm ( rate = xxxx - min ) ventricular premature complex including a couplet and a run of paroxysmal supraventricular tachycardia ( rate = xxxx - min ) otherwise no definite pathology suggest cardiological review ,1,['atrial_tachycardia']
 sinus rhythm pr interval is rather short ( but > xxxx sec ) delta wave are evident patient probably has wolff - parkinson - white syndrome ,1,['wolff_parkinson_white']
 atrial fibrillation with controlled ventricular response diffuse non - specific st and t wave change digoxin effect is a likely contribution but electrolyte disturbance and ischaemia should be considered ,1,['atrial_fibrillation']
 atrial fibrillation with rapid ventricular response low limb lead voltage otherwise normal ecg ,1,['atrial_fibrillation']
 atrial fibrillation with rapid ventricular rate left ventricular hypertrophy st and t abnormality including anterolateral st depression lv strain and ischaemia are likely causes ,1,['atrial_fibrillation']
 atrial fibrillation with moderate ventricular response left ventricular hypertrophy on voltage criteria st and t wave change which are non - diagnostic ,1,['atrial_fibrillation']
 atrial fibrillation with junctional rhythm rate xxxx multifocal ventricular premature complex with salvols of xxxx ventricular premature complex left axis deviation old anterior infarct query old inferior infarct pattern in rhythm is consistent with digitalis to ,1,['atrial_fibrillation']
 sinus rhythm atrial premature complex left anterior fascicular block minor antero - lateral t wve flattening ,1,['premature_atrial_complex']
 atrial fibrillation ( coarse ) with controlled ventricular response rate of xxxx per minute digitalis effect ,1,['atrial_fibrillation']
 pacemaker spikes noted atrial fibrillation some paced complex are present spontaneous complex show non - specific intraventricular block left ventricular hypertrophy and non - specific st and t wave change probably due to lv strain or ischaemia ,1,['atrial_fibrillation']
 atrial fibrillation left axis deviation left anterior fascicular block incomplete right bundle branch block non - specific t wave flattening in i v5 ,1,['atrial_fibrillation']
 sinustachykardie möglicherweise wpw typ b lagetyp normal st and t abnorm wahrscheinlich anteriore ischämie oder linksbelastung laterale ischämie oder linksbelastung t abnorm in inferolateralen ableitungen xxxx unbestätigter b ,1,['wolff_parkinson_white']
 atrial fibrillation st segments are depressed in i ii iii avf v3 - xxxx t wave are low or flat in these leads non - specific but consistent with myocardial ischaemia and digitalis effect ,1,['atrial_fibrillation']
 atrial fibrillation with rapid ventricular response voltages are high in limb leads suggesting lvh left axis deviation left anterior fascicular block st segments are depressed in i avl v4 xxxx t wave are low or flat in these leads and inverted in ,1,['atrial_fibrillation']
 atrial fibrillation with rapid ventricular response widespread st and t wave change which are likely to be due to myocardial ischaemia and digitalis effect ,1,['atrial_fibrillation']
 a regular supraventricular tachycardia is present premature ventricular contraction ( s ) voltages are high in limb leads suggesting lvh st segments are depressed in i ii avl avf v2 - xxxx t wave are inverted in i avl findings are likely to be due to i ,1,['atrial_tachycardia']
 rhythm is atrial flutter with xxxx av block incomplete right bundle branch block atrial flutter is usually associated with organic heart disease ,1,['atrial_flutter']
 atrial fibrillation with rapid ventricular response left axis deviation left anterior fascicular block qs complex in v2 and tiny r wave in v3 consistent with old anteroseptal myocardial infarct non - specific st and t wave change ,1,['atrial_fibrillation']
 atrial fibrillation right bundle branch block st segments are depressed and t wave inverted in inferolateral leads findings are likely to be due to ischaemic heart disease and digitalis effect ,1,['atrial_fibrillation']
 atrial flutter with variable av block left bundle branch block this is most commonly due to ischaemic heart disease ,1,['atrial_flutter']
 sinus arrhythmie rechtstyp linksposteriorer fascicular block wpw typ a ,1,['wolff_parkinson_white']
 normo - bradykardes vorhofflimmern lagetyp normal partieller rechtsschenkelblock t flach in v4 - v6 low - volage pat ecg ,1,['atrial_tachycardia']
 atrial fibrillation with rapid ventricular response premature ventricular contraction ( s ) low limb lead voltage incomplete left bundle branch block qs complex in v2 xxxx consistent with old anterior myocardial infarct st segments are depressed in ,1,['atrial_fibrillation']
 atrial fibrillation right bundle branch block non - specific st and t wave change in inferolateral leads ,2,['atrial_fibrillation']
 atrial fibrillation with rapid ventricular response t wave are low or flat throughout findings are likely to be due to ischaemic heart disease suggest exclude hypokalaemia ,1,['atrial_fibrillation']
 atrial fibrillation st segments are depressed in i ii iii avf v3 - xxxx t wave are low in these leads findings are likely to be due to ischaemic heart disease and digitalis effect ,1,['atrial_fibrillation']
 atrial fibrillation ventricular response xxxx - min probable left ventricular hypertrophy ,1,['atrial_fibrillation']
 atrial fibrillation st segments are depressed in ii iii avf v4 xxxx findings may be due to myocardial ischaemia and digitalis effect ,1,['atrial_fibrillation']
 ventrikulär ( a ) escape complex ( s ) supraventrikulär ( a ) extrasystoli ( er ) sinustachykardi extrem vänster el - axel vänster anteriort fascicular block högersidigt skänkelblock bifascikulärt block wpw syndrom typ a ,1,['wolff_parkinson_white']
 atrial tachycardia with variable av block otherwise no definite pathology ,1,['atrial_tachycardia']
 atrial fibrillation voltages in chest leads are at upper limit otherwise normal ecg ,2,"['atrial_tachycardia', 'atrial_fibrillation']"
 atrial fibrillation non - specific st and t wave change in inferolateral leads ,1,['atrial_fibrillation']
 premature ventricular contraction ( s ) atrial fibrillation qs complex in v2 and tiny r wave in v3 st segments are depressed in i ii avl v5 xxxx t wave are low or flat in these leads consistent with ischaemic heart disease with old anteroseptal myoc ,1,['atrial_fibrillation']
 atrial fibrillation left axis deviation left anterior fascicular block qs complex in v2 and tiny r wave in v3 xxxx st segments are depressed in i avl v5 xxxx t wave are inverted in i avl v6 consistent with ischaemic heart disease with old anterior ,1,['atrial_fibrillation']
 junctional bradycardia rate xxxx - min underlying atrial flutter - fibrillation left axis deviation intraventricular conduction delay probable anteroseptal infarct of undetermined age prolonged qt interval exclude electrolyte disturbance nb this brady ,1,['atrial_flutter']
 a rapid regular supraventricular tachycardia is present this is probably atrial flutter with xxxx av block right bundle branch block left ventricular hypertrophy non - specific st and t wave change ,2,"['atrial_tachycardia', 'atrial_flutter']"
 premature atrial contraction ( s ) sinus rhythm r - s transition zone in v leads displaced to the left left axis deviation left anterior fascicular block voltages in limb leads are at upper limit st segments are depressed in i ii avl t wave are flat ,1,['atrial_tachycardia']
 atrial fibrillation with rapid ventricular response st segments are depressed and t wave inverted in ii iii avf v3 - xxxx this may be due to lv strain or ischaemia the age of the change is uncertain ,1,['atrial_fibrillation']
 sinus rhythm left axis deviation voltages in chest leads are at upper limit non - specific st segment depression in v5 xxxx ,1,['atrial_tachycardia']
 premature ventricular contraction ( s ) atrial fibrillation with rapid ventricular response low limb lead voltage probable left posterior fascicular block qs complex in v2 and tiny r wave in v3 suggesting old anteroseptal myocardial infarct st seg ,1,['atrial_fibrillation']
 atrial fibrillation with rapid ventricular response premature ventricular contraction ( s ) non - specific st and t wave change ,1,['atrial_fibrillation']
 atrial fibrillation with rapid ventricular response non - specific t wave flattening in limb leads ,1,['atrial_fibrillation']
 a rapid regular supraventricular tachycardia is present p wave are not evident non - specific st and t wave change ,1,['atrial_tachycardia']
 atrial fibrillation qs complex in v2 suggesting old anteroseptal infarct non - specific st and t wave change in lateral leads ,1,['atrial_fibrillation']
 atrial fibrillation t wave are low or flat throughout and inverted in ii iii avf st segments are slightly depressed in i avl findings are likely to be due to ischaemic heart disease and digitalis effect suggest exclude hypokalaemia ,1,['atrial_fibrillation']
 premature ventricular contraction ( s ) atrial fibrillation rightward axis right bundle branch block possible old inferior myocardial infarct ,1,['atrial_fibrillation']
 premature ventricular contraction ( s ) atrial fibrillation with slow ventricular response right bundle branch block possible old inferior myocardial infarct tracing is very similar to that of xxxx but ventricular rate is slower ,1,['atrial_fibrillation']
 atrial fibrillation qs complex in v2 and tiny r wave in v3 consistent with old anteroseptal myocardial infarct st segments are depressed in i ii avl v4 xxxx t wave are low or inverted in these leads this may be due to lv strain or ischaemi ,1,['atrial_fibrillation']
 atrial fibrillation with slow ventricular response right bundle branch block probable old inferior infarct tracing is similar to that of xxxx but vpbs are not recorded on this occasion ,1,['atrial_fibrillation']
 atrial fibrillation borderline left axis deviation no definite pathology ,1,['atrial_fibrillation']
 rapid basically regular supraventricular tachycardia without clear evidence of p wave q wave in ii iii avf consistent with old inferior infarct non - specific st and t wave change ,1,['atrial_tachycardia']
 atrial fibrillation borderline left axis deviation poor progression of r wave in anterior chest leads consistent with old anterior myocardial infarct st segments are depressed and t wave inverted in i avl v6 this may be due to lv strain or i ,1,['atrial_fibrillation']
 atrial fibrillation with rapid ventricular response left axis deviation qs complex in v2 suggesting old anteroseptal infarct q wave in ii iii avf consistent with old inferior myocardial infarct t wave are flat in i avl v5 xxxx findings are ,1,['atrial_fibrillation']
 atrial fibrillation minor non - specific st and t wave change ,2,['atrial_fibrillation']
 sinusrhythmus wpw typ a linkstyp xxxx unbestätigter bericht ,1,['wolff_parkinson_white']
 atrial fibrillation st segments are depressed in i ii avf v4 xxxx t wave are inverted in i ii iii avf v5 xxxx this may be due to lv strain or ischaemia ,1,['atrial_fibrillation']
 premature ventricular contraction ( s ) sinus rhythm voltages in chest leads are at upper limit ,1,['atrial_tachycardia']
 sinus rhythm voltages in limb leads are at upper limit minor non - specific st segment depression in i avl v4 xxxx ,1,['atrial_tachycardia']
 sinus bradycardia voltages in limb leads are at upper limit minor non - specific t wave flattening in i and inversion in avl the cause of the bradycardia is not evident ,1,['atrial_tachycardia']
 premature ventricular contraction ( s ) atrial fibrillation st segments are depressed in i avl t wave are low or flat in limb leads and v4 xxxx findings are likely to be due to ischaemic heart disease and digitalis effect ,1,['atrial_fibrillation']
 atrial fibrillation st segments are depressed in i ii v5 xxxx t wave are low or flat in limb leads and v5 xxxx findings are likely to be due to ischaemic heart disease and digitalis effect ,1,['atrial_fibrillation']
 atrial fibrillation st segments are depressed in ii iii avf v4 xxxx t wave are low or slightly inverted in these leads findings are likely to be due to ischaemic heart disease and digitalis effect ,1,['atrial_fibrillation']
 atrial fibrillation st segments are depressed in i ii iii avf v5 xxxx this may be due to lv strain or ischaemia and digitalis effect ,1,['atrial_fibrillation']
 premature ventricular contraction ( s ) sinus rhythm prolonged pr interval left axis deviation left anterior fascicular block right bundle branch block patient has trifascicular block and may be at increased risk of developing complete av block q ,1,['atrial_tachycardia']
 atrial fibrillation with rapid ventricular response voltages are high in chest leads suggesting lvh probable old anteroseptal myocardial infarct st segments are depressed in i ii avl avf v4 xxxx t wave are slightly inverted in these leads this ,1,['atrial_fibrillation']
 atrial fibrillation with rapid ventricular response st segments are depressed in i ii v4 xxxx non - specific but consistent with myocardial ischaemia ,1,['atrial_fibrillation']
 atrial fibrillation q wave in v2 xxxx consistent with old anteroseptal myocardial infarct ,1,['atrial_fibrillation']
 premature ventricular contraction ( s ) bigeminy atrial fibrillation low limb lead voltage left axis deviation left anterior fascicular block poor progression of r wave in anterior chest leads suggesting old anterior myocardial infarct t wave are ,1,['atrial_fibrillation']
 atrial fibrillation incomplete right bundle branch block slightly prolonged qt this may be due to a drug effect or an electrolyte disturbance ,1,['atrial_fibrillation']
 sinus rhythm prolonged pr interval left axis deviation left anterior fascicular block right bundle branch block patient has trifascicular block and may be at increased risk of developing complete av block q wave in v2 old anteroseptal infarct c ,1,['atrial_tachycardia']
 atrial fibrillation low limb lead voltage tiny r wave in v2 xxxx suggesting old anteroseptal infarct st segments are depressed in ii v5 xxxx t wave are inverted in i avl v6 this may be due to lv strain or ischaemia and digitalis effect ,1,['atrial_fibrillation']
 atrial fibrillation with controlled ventricular response left axis deviation left bundle branch block ,1,['atrial_fibrillation']
 atrial fibrillation with rapid ventricular response st segments are depressed in i ii avf v6 t wave are low in these leads non - specific but consistent with myocardial ischaemia ,1,['atrial_fibrillation']
 atrial fibrillation with rapid ventricular response st segments are depressed in ii v4 xxxx t wave are low or flat in limb leads and v4 xxxx findings are likely to be due to ischaemic heart disease ,1,['atrial_fibrillation']
 premature ventricular contraction ( s ) atrial fibrillation with rapid ventricular response left axis deviation low limb lead voltage possible old inferior infarct ,1,['atrial_fibrillation']
 atrial fibrillation with rapid ventricular response premature ventricular contraction ( s ) qs complex in v2 and q wave in v3 st segments are elevated in v2 xxxx t wave are flat in i avl v6 consistent with ischaemic heart disease with antero - septal ,1,['atrial_fibrillation']
 sinus rhythm r - s transition zone in v leads displaced to the right incomplete right bundle branch block pr interval is rather short and delta wave are evident patient probably has wolff - parkinson - white syndrome such patients may be prone to bouts o ,1,['wolff_parkinson_white']
 atrial fibrillation with rapid ventricular response minor non - specific st and t wave change in i avl ,1,['atrial_fibrillation']
 atrial fibrillation with controlled ventricular response ventricular premature complex left axis deviation left anterior fascicular block poor antero - septal r wave progression indicating possible old infarct ,1,['atrial_fibrillation']
 sinus rhythm atrial premature complex tracing otherwise normal ,1,['premature_atrial_complex']
 premature ventricular contraction ( s ) sinus rhythm left axis deviation left anterior fascicular block right bundle branch block bifascicular block pr interval is at about upper limit of normal q wave in v2 old anteroseptal infarct cannot be exclu edit asmi xxxx crbbb lafb zielbereich xxxx bbb xxxx % myocardial infarct xxxx % ,1,['atrial_tachycardia']
 atrial fibrillation with rapid ventricular response st segments are slightly depressed in ii iii avf v6 t wave are inverted in v2 xxxx t wave are low or flat in ii v4 xxxx findings are likely to be due to ischaemic heart disease ,1,['atrial_fibrillation']
 sinusrhythmus ueberdrehter linkstyp lagetyp in anbetracht des alters abnorm wpw typ a xxxx unbestätigter bericht ,1,['wolff_parkinson_white']
 atrial fibrillation with rapid ventricular response left axis deviation left bundle branch block this is most commonly due to ischaemic heart disease ,1,['atrial_fibrillation']
 atrial fibrillation left axis deviation non - specific intraventricular block left ventricular hypertrophy st and t wave change in i avl may be due to lv strain or ischaemia ,1,['atrial_fibrillation']
 atrial fibrillation with rapid ventricular response left axis deviation left anterior fascicular block st segments are depressed in i ii avl avf v3 - xxxx t wave are low in limb leads and v6 this may be due to lv strain or ischaemia ,1,['atrial_fibrillation']
 atrial fibrillation with rapid ventricular response low limb lead voltage tiny r wave in v2 xxxx this may be normal but old anteroseptal infarct cannot be entirely excluded ,1,['atrial_fibrillation']
 atrial tachycardia with xxxx av block otherwise no definite pathology ,1,['atrial_tachycardia']
 complex ( s ) with aberrant intraventricular conduction premature ventricular contraction ( s ) sinus rhythm voltages in limb leads are at upper limit t wave are inverted in i avl this may be due to lv strain or ischaemia ,1,['atrial_tachycardia']
 atrial fibrillation premature ventricular contraction ( s ) voltages are high in chest leads suggesting lvh q wave in ii iii avf consistent with old inferior myocardial infarct ,1,['atrial_fibrillation']
 interponierte ventrikuläre extrasystole ( n ) interponierte supraventrikuläre extrasystole ( n ) sinustachykardie ueberdrehter linkstyp niederspannungs - ecg linksschenkelblock möglicherweise wpw typ b ,1,['wolff_parkinson_white']
 sinus tachycardia voltages in chest leads are at upper limit st segments are depressed in i avl v4 xxxx t wave are inverted in i avl v2 - xxxx this may be due to myocardial ischaemia or subendocardial infarct the t wave change have developed sinc ,1,['atrial_tachycardia']
 atrial flutter with variable av block left axis deviation left anterior fascicular block voltages are high in limb leads suggesting lvh ,1,['atrial_flutter']
 atrial fibrillation fibrillation wave in v1 are coarse qs complex in v2 and tiny r wave in v3 consistent with old anteroseptal myocardial infarct non - specific t wave flattening in limb leads and v5 xxxx ,1,['atrial_fibrillation']
 atrial fibrillation inferior infarct of undetermined age ,1,['atrial_fibrillation']
 atrial fibrillation with rapid ventricular response st and t abnormality consider inferior ischemia or left ventricular strain ,1,['atrial_fibrillation']
 atrial fibrillation st segments are depressed in ii iii avf v5 xxxx t wave are low or slightly inverted in limb leads and v5 xxxx findings are likely to be due to ischaemic heart disease and digitalis effect ,1,['atrial_fibrillation']
 atrial fibrillation with rapid ventricular response st segments are depressed in i ii avl v4 xxxx t wave are flat in limb leads and v3 and inverted in v4 xxxx findings are likely to be due to ischaemic heart disease and digitalis effect ,1,['atrial_fibrillation']
 atrial fibrillation st segments are depressed in i ii iii avf v2 - xxxx findings are likely to be due to ischaemic heart disease and digitalis effect ,1,['atrial_fibrillation']
 atrial fibrillation with rapid ventricular response premature ventricular contraction ( s ) voltages are high in chest leads suggesting lvh ,1,['atrial_fibrillation']
 sinus rhythm grossly prolonged pr interval ( approx xxxx sec ) one dropped complex possibly due to a blocked atrial premature complex left axis deviation non - specific intraventricular block non - specific st and t wave change it is difficult to determine whe ,1,['premature_atrial_complex']
 premature ventricular contraction ( s ) couplets atrial fibrillation with rapid ventricular response left axis deviation left anterior fascicular block voltages are high in limb leads suggesting lvh possible old anteroseptal myocardial infarct non - ,1,['atrial_fibrillation']
 atrial fibrillation with rapid ventricular response low limb lead voltage minor non - specific t wave flattening in lateral leads ,1,['atrial_fibrillation']
 atrial fibrillation with rapid ventricular response low limb lead voltage non - specific t wave flattening in limb leads ,1,['atrial_fibrillation']
 premature ventricular contraction ( s ) atrial fibrillation otherwise normal ecg ,1,['atrial_fibrillation']
 atrial fibrillation st segments are depressed in ii iii avf v4 xxxx t wave are low or flat in limb leads and v4 xxxx findings are likely to be due to ischaemic heart disease and digitalis effect ,1,['atrial_fibrillation']
 sinus rhythm r wave in v6 is at upper limit of normal no definite diagnostic features ,1,['atrial_tachycardia']
 atrial fibrillation left axis deviation right bundle branch block q wave in ii iii avf consistent with inferior myocardial infarct probably old possible old anteroseptal myocardial infarct ,1,['atrial_fibrillation']
 a rapid regular supraventricular tachycardia is present non - specific st segment depression suggest repeat when patient reverts to normal sinus rhythm ,1,['atrial_tachycardia']
 atrial fibrillation st segments are depressed in ii v4 xxxx this may be due to myocardial ischaemia and digitalis effect ,1,['atrial_fibrillation']
 sinus rhythm voltages in chest leads are at upper limit non - specific t wave inversion in v2 edit norm xxxx tnegv1 xxxx ( ndt ) ,1,['atrial_tachycardia']
 premature ventricular contraction ( s ) atrial fibrillation low limb lead voltage qs complex in v2 and tiny r wave in v3 suggesting old anteroseptal infarct non - specific t wave flattening in i avl v5 xxxx ,1,['atrial_fibrillation']
 sinusrhythmus möglicherweise wpw typ b ueberdrehter linkstyp qrs ( t ) abnorm anterolateraler infarkt wahrscheinlich alt inferiorer infarkt mögl akut xxxx unbestätigter bericht ,3,['wolff_parkinson_white']
 sinusrhythmus möglicherweise wpw typ b ueberdrehter linkstyp qrs ( t ) abnorm inferiorer infarkt mögl akut st abnorm möglicherweise lateraler innenschichtsschaden xxxx unbestätigter bericht ,2,['wolff_parkinson_white']
 atrial fibrillation premature ventricular contraction ( s ) non - specific intraventricular block left ventricular hypertrophy qs complex in v2 xxxx consistent with old anterior myocardial infarct non - specific st and t wave change ,1,['atrial_fibrillation']
 atrial fibrillation st segments are depressed in ii iii avf v5 xxxx non - specific but consistent with myocardial ischaemia and digitalis effect ,1,['atrial_fibrillation']
 atrial fibrillation with rapid ventricular response left axis deviation left anterior fascicular block probable old anteroseptal infarct ,1,['atrial_fibrillation']
 atrial fibrillation with rapid ventricular response st segments are depressed in i ii avl v4 xxxx t wave are low or flat in these leads this may be due to lv strain or ischaemia ,1,['atrial_fibrillation']
 atrial fibrillation with rapid ventricular response left ventricular hypertrophy st segments are depressed in i avl v5 xxxx t wave are inverted in i avl this may be due to lv strain or ischaemia ,1,['atrial_fibrillation']
 atrial flutter with xxxx av block otherwise no definite pathology ,1,['atrial_flutter']
 sinus rhythm prolonged pr interval compared with tracing of earlier today atrial fibrillation has reverted to sinus rhythm st segments are depressed in i ii v4 xxxx non - specific but consistent with myocardial ischaemia and digitalis effect ,1,['atrial_fibrillation']
 atrial fibrillation premature ventricular contractions bigeminy supraventricular complex occur regularly indicating that they derive from a focus other than the sa node probably junctional right bundle branch block non - specific st and t wave change ,1,['atrial_fibrillation']
 atrial fibrillation with slow ventricular response left axis deviation st segments are depressed in i avl t wave are low flat or slightly inverted throughout findings are likely to be due to ischaemic heart disease suggest exclude hypokalaemia ,1,['atrial_fibrillation']
 atrial fibrillation with controlled ventricular rate non specific st and t abnormality digoxin effect is a likely cause ,1,['atrial_fibrillation']
 sinus rhythm pr interval is at upper limit of normal r - s transition zone in v leads displaced to the right otherwise no definite pathology ,1,['atrial_tachycardia']
 atrial fibrillation with rapid ventricular response premature ventricular contraction ( s ) qs complex in v2 suggesting old anteroseptal myocardial infarct minor non - specific st and t wave change ,1,['atrial_fibrillation']
 atrial fibrillation st segments are depressed in iii avf v2 - xxxx findings are likely to be due to ischaemic heart disease and digitalis effect ,1,['atrial_fibrillation']
 atrial fibrillation low limb lead voltage incomplete right bundle branch block st segments are depressed in v5 xxxx t wave are flat in limb leads and v5 xxxx findings are likely to be due to ischaemic heart disease and digitalis effect ,1,['atrial_fibrillation']
 atrial fibrillation st segments are depressed in i ii avf v4 xxxx t wave are inverted in i avl v4 xxxx findings are likely to be due to ischaemic heart disease and digitalis effect ,1,['atrial_fibrillation']
 sinus rhythm atrial premature complex left axis deviation with marked clockwise rotation due to left anterior fascicular block intraventricular conduction delay of partial left bundle branch block type ,1,['premature_atrial_complex']
 a rapid regular supraventricular tachycardia is present this is probably atrial tachycardia with xxxx av block non - specific st and t wave change ,1,['atrial_tachycardia']
 rhythm is atrial flutter with a variable a v block and rapid ventricular response compared with tracing of xxxx rate is slower and rhythm now irregular ,1,['atrial_flutter']
 premature ventricular contraction ( s ) atrial fibrillation qs complex in v2 xxxx st segments are depressed in i avl v5 xxxx t wave are inverted in i avl t wave are low or flat in v5 xxxx consistent with ischaemic heart disease with old anteroseptal myoc ,1,['atrial_fibrillation']
 atrial fibrillation non - specific t wave flattening in limb leads and v5 xxxx findings are likely to be due to ischaemic heart disease ,1,['atrial_fibrillation']
 atrial fibrillation st segments are depressed in i ii v4 xxxx t wave are low or flat in limb leads and v4 t wave are inverted in v5 xxxx findings are likely to be due to ischaemic heart disease ,1,['atrial_fibrillation']
 atrial fibrillation non - specific intraventricular delay left ventricular hypertrophy q wave in v2 and tiny r wave in v3 consistent with old anteroseptal myocardial infarct st segments are depressed and t wave inverted in i avl v5 xxxx this may ,1,['atrial_fibrillation']
 atrial fibrillation premature ventricular contraction ( s ) poor progression of r wave in anterior chest leads st and t wave change consistent with digitalis effect ,1,['atrial_fibrillation']
 sinus rhythm atrial premature complex the qt interval is mildly long for rate edit norm xxxx ( norm xxxx ) ,1,['premature_atrial_complex']
 atrial fibrillation right bundle branch block left ventricular hypertrophy widespread non - specific st and t wave change ,1,['atrial_fibrillation']
 premature ventricular contraction ( s ) atrial fibrillation with rapid ventricular response non - specific t wave change ,1,['atrial_fibrillation']
 atrial fibrillation st segments are depressed in v4 xxxx t wave are low or flat in limb leads and v4 xxxx findings are likely to be due to ischaemic heart disease and digitalis effect possible old inferior myocardial infarct ,1,['atrial_fibrillation']
 atrial fibrillation low limb lead voltage qs complex in v2 and tiny r wave in v3 st segments are depressed in i ii v5 xxxx t wave are low or flat in limb leads and v5 xxxx consistent with ischaemic heart disease with old anteroseptal myocardial infar ,1,['atrial_fibrillation']
 atrial fibrillation with rapid ventricular response st segments are depressed and t wave flat or inverted throughout findings are likely to be due to ischaemic heart disease and digitalis effect suggest exclude hypokalaemia ,1,['atrial_fibrillation']
 premature ventricular contraction ( s ) rapid regular supraventricular tachycardia this appears to be atrial tachycardia with xxxx av block left axis deviation left anterior fascicular block st segments are depressed and t wave inverted in i avl ,1,['atrial_tachycardia']
 atrial fibrillation with rapid ventricular response st segments are depressed in i ii avf v4 xxxx non - specific but consistent with myocardial ischaemia ,1,['atrial_fibrillation']
 atrial fibrillation voltages are high in chest leads suggesting lvh t wave are low or flat throughout myocardial ischaemia is likely prolonged qt suggest exclude hypokalaemia ,1,['atrial_fibrillation']
 atrial fibrillation low limb lead voltage st segments are depressed in ii v2 - xxxx non - specific but consistent with myocardial ischaemia and digitalis effect ,1,['atrial_fibrillation']
 sinus rhythm pr interval is at upper limit of normal normal ecg edit norm xxxx rsriii sokolow xxxx ( norm xxxx ) ,1,['atrial_tachycardia']
 atrial fibrillation st segments are depressed in i ii avl avf v2 - xxxx t wave are inverted in these leads findings are likely to be due to ischaemic heart disease and digitalis effect ,1,['atrial_fibrillation']
 sinus rhythm left axis deviation voltages in chest leads are at upper limit no definite pathology ,1,['atrial_tachycardia']
 atrial fibrillation - flutter ventricular response xxxx - min left bundle branch block ,1,['atrial_fibrillation']
 premature ventricular contraction ( s ) atrial fibrillation borderline left axis deviation st segments are depressed in i ii v4 xxxx t wave are inverted in i avl v5 xxxx findings are likely to be due to ischaemic heart disease and digitalis effect ,1,['atrial_fibrillation']
 atrial fibrillation voltages are high in chest leads suggesting lvh st segments are depressed in i ii v5 xxxx this may be due to lv strain or ischaemia ,1,['atrial_fibrillation']
 atrial fibrillation st segments are depressed in ii iii avf non - specific but consistent with myocardial ischaemia ,1,['atrial_fibrillation']
 atrial fibrillation with rapid ventricular response premature ventricular contraction ( s ) possible left ventricular hypertrophy qs complex in v2 xxxx consistent with anteroseptal myocardial infarct of uncertain age st segments are depressed and t wa ,1,['atrial_fibrillation']
 atrial fibrillation voltages are high in chest leads suggesting lvh st segments are depressed and t wave inverted in i ii iii avf v4 xxxx this may be due to lv strain or ischaemia ,1,['atrial_fibrillation']
 atrial fibrillation st segments are depressed in i ii avl v4 xxxx t wave are low or flat throughout findings are likely to be due to ischaemic heart disease and digitalis effect suggest exclude hypokalaemia ,1,['atrial_fibrillation']
 atrial fibrillation premature ventricular contraction ( s ) non - specific t wave flattening in i avl v6 ,1,['atrial_fibrillation']
 atrial fibrillation left axis deviation left anterior fascicular block right bundle branch block bifascicular block probable left ventricular hypertrophy q wave in v1 xxxx consistent with old anteroseptal myocardial infarct ,1,['atrial_fibrillation']
 atrial fibrillation non - specific intraventricular delay st segments are depressed in ii iii avf v4 xxxx t wave are flat in limb leads and v4 xxxx findings are likely to be due to ischaemic heart disease and digitalis effect ,1,['atrial_fibrillation']
 atrial fibrillation with rapid ventricular response st segments are depressed in i ii avl v4 xxxx t wave are inverted in v4 xxxx this may be due to lv strain or ischaemia ,1,['atrial_fibrillation']
 sinus rhythm premature atrial contraction ( s ) compared with tracing of xxxx the atrial fibrillation has reverted to sinus rhythm st and t wave change persist in chest leads t wave are flat or slightly inverted in limb leads myocardial ischaemia is ,1,['atrial_fibrillation']
 sinus tachycardia pr interval is at about upper limit of normal left axis deviation incomplete right bundle branch block q wave in ii iii avf consistent with old inferior myocardial infarct ,1,['atrial_tachycardia']
 atrial fibrillation prolonged qt this may be due to a drug effect or an electrolyte disturbance ,1,['atrial_fibrillation']
 atrial fibrillation left axis deviation otherwise no definite pathology ,1,['atrial_fibrillation']
 atrial fibrillation q wave in v2 qs complex in v3 consistent with old anteroseptal myocardial infarct ,1,['atrial_fibrillation']
 sinus tachycardia st segments are depressed in i ii avl v5 xxxx t wave are low or flat in these leads this may be due to lv strain or ischaemia voltages in limb leads are at upper limit ,1,['atrial_tachycardia']
 sinus arrhythmia voltages in limb leads are at upper limit no definite pathology ,1,['atrial_tachycardia']
 atrial fibrillation premature ventricular contraction ( s ) low limb lead voltage non - specific t wave flattening in limb leads and v4 xxxx ,1,['atrial_fibrillation']
 atrial fibrillation with rapid ventricular response non - specific intraventricular block q wave and st segment elevation in v2 - xxxx consistent with anterior and lateral myocardial infarct which is probably recent q wave and slight st segment elevatio ,1,['atrial_fibrillation']
 frequent premature atrial contractions with a short run of svt sinus rhythm left axis deviation left anterior fascicular block minor non - specific t wave flattening in v5 xxxx holter monitor may be helpful ,1,['atrial_tachycardia']
 atrial fibrillation qs complex in v2 and tiny r wave in v3 consistent with old anteroseptal myocardial infarct ,1,['atrial_fibrillation']
 sinus rhythm with frequent atrial premature complex ventricular premature complex pr interval upper limit of normal left bundle branch block low limb lead voltage in presence of lbbb hypertrophy or ischaemia not excluded xxxx unconfi ,1,['premature_atrial_complex']
 rhythm is atrial tachycardia with xxxx av block and rapid ventricular response left axis deviation right bundle branch block ,1,['atrial_tachycardia']
 atrial fibrillation inferior t wave inversion and lateral t wave flattening consistent with ischaemia or inferior subendocardial infarct ,1,['atrial_fibrillation']
 sinus rhythm compared with tracing of xxxx rhythm was previously atrial fibrillation t wave now flat rather than inverted in ii t wave flattening persists in v4 xxxx myocardial ischaemia is likely ,1,['atrial_fibrillation']
 atrial fibrillation low limb lead voltage incomplete right bundle branch block non - specific t wave flattening in i avl ,1,['atrial_fibrillation']
 atrial fibrillation st segments are depressed in ii iii avf t wave are inverted in i v4 xxxx and flat in ii v6 findings are likely to be due to ischaemic heart disease ,1,['atrial_fibrillation']
 atrial fibrillation premature ventricular contraction ( s ) non - specific intraventricular block qs complex in v2 xxxx consistent with old anterior myocardial infarct q wave in i avl v6 consistent with old lateral myocardial infarct ,1,['atrial_fibrillation']
 premature ventricular contraction ( s ) atrial fibrillation with rapid ventricular response possible old inferior infarct non - specific st and t wave change ,1,['atrial_fibrillation']
 atrial fibrillation st segments are depressed in i ii avl avf v3 - xxxx t wave are flat in these leads findings are likely to be due to ischaemic heart disease and digitalis effect ,1,['atrial_fibrillation']
 atrial fibrillation low limb lead voltage qs complex in v2 and small r wave in v3 suggesting old anteroseptal myocardial infarct ,1,['atrial_fibrillation']
 atrial fibrillation with controlled ventricular response rate of xxxx per minute low voltages in standard leads poor anterior r wave progression consistent with a small old antero - septal infarct ,1,['atrial_fibrillation']
 atrial fibrillation with rapid ventricular response left axis deviation left anterior fascicular block non - specific st and t wave change tracing is very similar to that of xxxx ,1,['atrial_fibrillation']
 premature ventricular contraction ( s ) atrial fibrillation st segments are depressed in v5 xxxx t wave are low in ii v5 xxxx non - specific but consistent with myocardial ischaemia and digitalis effect ,1,['atrial_fibrillation']
 sinus rhythm incomplete right bundle branch block pr interval is at upper limit otherwise normal ecg ,1,['atrial_tachycardia']
 premature ventricular contraction ( s ) sinus tachycardia voltages in chest leads are at upper limit tiny r wave in v2 xxxx suggesting old anteroseptal infarct non - specific t wave flattening in i avl v5 xxxx ,1,['atrial_tachycardia']
 atrial fibrillation ventricular rate xxxx anterolateral st and t abnormality digoxin effect and lv strain are likely contributors ,1,['atrial_fibrillation']
 sinusrhythmus möglicherweise wpw typ b linkstyp qrs ( t ) abnorm inferiorer infarkt alter unbest st and t abnorm wahrscheinlich anterolaterale ischämie oder linksbelastung xxxx unbestätigter bericht ,1,['wolff_parkinson_white']
 sinusrhythmus möglicherweise wpw typ b linkstyp qrs ( t ) abnorm anteroseptaler myokardschaden möglich inferiorer infarkt alter unbest st and t abnorm wahrscheinlich hochlaterale ischämie oder linksbelastung xxxx unbestä ,1,['wolff_parkinson_white']
 sinusbradykardie linkstyp vollständiger rechtsschenkelblock verdacht auf wpw ( typ a ) - pq - zeit unter xxxx sec - delta - welle - qrs bis xxxx sec - nicht erfüllt diskordantes se v4 - xxxx pathologisches ecg ,1,['wolff_parkinson_white']
 sinusrhythmus ueberdrehter linkstyp linksanteriorer fascicular block pq - zeit grenzwertig schlechte r - progression entsprechend lagetyp pat ecg ,1,['atrial_tachycardia']
 sinusrhythmus linkstyp lagetyp in anbetracht des alters abnorm möglicherweise wpw typ b xxxx unbestätigter bericht ,1,['wolff_parkinson_white']
 supraventrikuläre extrasystole ( n ) sinusrhythmus möglicherweise wpw typ b linkstyp qrs ( t ) abnorm inferiorer infarkt alter unbest xxxx unbestätigter bericht ,1,['wolff_parkinson_white']
 sinus arrhythmie linkstyp lagetyp in anbetracht des alters abnorm möglicherweise wpw typ b xxxx unbestätigter bericht ,1,['wolff_parkinson_white']
 sinusrhythmus wpw typ a lagetyp normal xxxx unbestätigter bericht ,1,['wolff_parkinson_white']
 sinusrhythmus möglicherweise wpw typ b ueberdrehter linkstyp qrs ( t ) abnorm anterolateraler infarkt möglich inferiorer infarkt mögl akut xxxx unbestätigter bericht ,1,['wolff_parkinson_white']
