statement,occurences,proposed label
 sinus rhythm abnormal left axis deviation prolonged qt ,1,['left_axis_deviation']
 sinus rhythm left axis deviation left anterior fascicular block q wave in v2 - xxxx st segments are elevated in v3 xxxx t wave are inverted in avl v2 - xxxx and flat in i consistent with anterior myocardial infarct probably old ,1,['left_axis_deviation']
 premature atrial contraction ( s ) sinus rhythm prolonged pr interval left axis deviation right bundle branch block q wave in ii iii avf consistent with old inferior myocardial infarct ,1,['left_axis_deviation']
 sinus tachycardia left axis deviation left bundle branch block this is most commonly due to ischaemic heart disease ,3,['left_axis_deviation']
 premature ventricular contraction ( s ) atrial fibrillation left axis deviation left bundle branch block this is most commonly due to ischaemic heart disease ,2,['left_axis_deviation']
 sinus rhythm left axis deviation left anterior fascicular block ,47,['left_axis_deviation']
 sinus rhythm left axis deviation left bundle branch block this is most commonly due to ischaemic heart disease ,19,['left_axis_deviation']
 premature ventricular contraction ( s ) sinus rhythm rightward axis ,1,['right_axis_deviation']
 sinus rhythm borderline left axis deviation q wave and st segment elevation in v2 cannot rule out anteroseptal myocardial damage st segments are depressed in i avl v5 xxxx t wave are low or flat in these leads this may be due to lv strain or ischaem ,1,['left_axis_deviation']
 sinus rhythm left axis deviation left anterior fascicular block otherwise no definite pathology lead v5 shows artifact ,1,['left_axis_deviation']
 sinus rhythm borderline left axis deviation low limb lead voltage no definite pathology ,2,['left_axis_deviation']
 sinus arrhythmia left axis deviation no definite pathology ,1,['left_axis_deviation']
 sinus rhythm left axis deviation left anterior fascicular block right bundle branch block bifascicular block pr interval is normal ,19,['left_axis_deviation']
 atrial fibrillation with rapid ventricular response right superior axis deviation left anterior fascicular block right bundle branch block bifascicular block ,1,['right_axis_deviation']
 atrial fibrillation with rapid ventricular response left axis deviation left anterior fascicular block non - specific st and t wave change in i avl ,1,['left_axis_deviation']
 sinus rhythm possible left atrial enlargement left axis deviation left bundle branch block this is most commonly due to ischaemic heart disease ,1,['left_axis_deviation']
 sinus rhythm borderline left axis deviation qs complex in v2 and tiny r wave in v3 suggesting old anteroseptal myocardial infarct ,1,['left_axis_deviation']
 sinus rhythm borderline left axis deviation qs complex in v2 xxxx consistent with old anteroseptal myocardial infarct ,1,['left_axis_deviation']
 atrial fibrillation left axis deviation left bundle branch block this is most commonly due to ischaemic heart disease ,6,['left_axis_deviation']
 sinus rhythm left axis deviation left anterior fascicular block q wave in v2 an old anteroseptal infarct cannot be excluded ,1,['left_axis_deviation']
 sinus rhythm rightward axis right bundle branch block possible right ventricular hypertrophy edit rvh xxxx crbbb lpfb ( crbbb lpfb rvh xxxx ) ,1,['right_axis_deviation']
 atrial fibrillation left axis deviation non - specific intraventricular block ,5,['left_axis_deviation']
 premature atrial contraction ( s ) sinus rhythm left axis deviation left anterior fascicular block qs complex in v2 and tiny r wave in v3 consistent with old anteroseptal myocardial infarct non - specific t wave flattening in limb leads and v5 xxxx ,1,['left_axis_deviation']
 sinus rhythm rightward axis probable left posterior fascicular block qs complex in v2 xxxx consistent with old anterior myocardial infarct q wave in i avl suggesting old lateral infarct ,1,['right_axis_deviation']
 sinus tachycardia left atrial enlargement left axis deviation qs complex in v2 xxxx consistent with anteroseptal myocardial infarct of uncertain age probably old st segments are depressed and t wave inverted in i avl v5 xxxx this may be due to ,1,['left_axis_deviation']
 sinus rhythm left axis deviation left anterior fascicular block otherwise normal ecg ,23,['left_axis_deviation']
 atrial fibrillation left axis deviation low limb lead voltage t wave are inverted in lateral leads findings are likely to be due to ischaemic heart disease ,1,['left_axis_deviation']
 atrial fibrillation left axis deviation low limb lead voltage q wave in ii iii avf consistent with old inferior myocardial infarct qs complex in v2 - xxxx consistent with anterior myocardial infarct probably old ,1,['left_axis_deviation']
 atrial fibrillation borderline left axis deviation otherwise no definite pathology ,1,['left_axis_deviation']
 premature atrial contraction ( s ) sinus rhythm left axis deviation left anterior fascicular block voltages are high in chest leads suggesting lvh non - specific intraventricular delay inferolateral st and t wave change these may be due to lv strain or isc ,1,['left_axis_deviation']
 sinus rhythm left axis deviation left anterior fascicular block non - specific t wave change in v2 xxxx myocardial ischaemia is a possible cause ,1,['left_axis_deviation']
 premature ventricular contraction ( s ) sinus rhythm left axis deviation left bundle branch block this is most commonly due to ischaemic heart disease ,3,['left_axis_deviation']
 sinus rhythm left axis deviation non - specific intraventricular block left ventricular hypertrophy st segments are depressed in i ii avl v5 xxxx t wave are inverted in i avl v6 this may be due to lv strain or ischaemia ,1,['left_axis_deviation']
 atrial fibrillation with slow ventricular response left axis deviation left anterior fascicular block left ventricular hypertrophy st segments are depressed and t wave inverted in i ii avl v4 xxxx this may be due to lv strain or ischaemia poss ,1,['left_axis_deviation']
 premature ventricular contraction ( s ) sinus rhythm left axis deviation tiny r wave in v2 xxxx suggesting old anteroseptal infarct possible old inferior myocardial infarct non - specific st and t wave change in lateral leads ,1,['left_axis_deviation']
 atrial fibrillation left axis deviation st segments are depressed in i avl v5 xxxx t wave are low or flat throughout prolonged qt findings are likely to be due to ischaemic heart disease and digitalis effect suggest exclude hypokalaemia ,1,['left_axis_deviation']
 sinus rhythm left axis deviation left anterior fascicular block minor non - specific st segment depression in i v2 and v4 xxxx ,1,['left_axis_deviation']
 sinus rhythm left axis deviation voltages are high in limb leads suggesting lvh ,3,['left_axis_deviation']
 sinus rhythm borderline left axis deviation otherwise normal ecg ,2,['left_axis_deviation']
 sinus rhythm left axis deviation borderline criteria for left anterior fascicular block otherwise normal ecg ,1,['left_axis_deviation']
 premature atrial contraction ( s ) trigeminy sinus rhythm prolonged pr interval left axis deviation ,1,['left_axis_deviation']
 premature ventricular contraction ( s ) sinus rhythm left atrial enlargement left axis deviation left bundle branch block this is most commonly due to ischaemic heart disease ,1,['left_axis_deviation']
 atrial fibrillation left axis deviation st segments are depressed in i avl v2 - xxxx non - specific but consistent with myocardial ischaemia and digitalis effect ,1,['left_axis_deviation']
 sinus rhythm borderline left axis deviation no definite pathology ,12,['left_axis_deviation']
 sinus rhythm left axis deviation non - specific intraventricular block ,5,['left_axis_deviation']
 sinus rhythm left axis deviation right bundle branch block edit asmi xxxx almi xxxx crbbb ( crbbb lafb ) ,1,['left_axis_deviation']
 sinus rhythm prolonged pr interval left axis deviation left ventricular hypertrophy tiny r wave in v2 xxxx suggesting old anterior infarct ,1,['left_axis_deviation']
 sinus rhythm borderline left axis deviation prolonged qt this may be due to a drug effect or an electrolyte disturbance ,1,['left_axis_deviation']
 sinus tachycardia left axis deviation left anterior fascicular block non - specific intraventricular block poor progression of r wave in anterior chest leads this may be due to marked clockwise rotation but old anterior myocardial infarct cannot be ,1,['left_axis_deviation']
 atrial fibrillation left axis deviation st segments are depressed in i ii avl v4 xxxx this may be due to lv strain or ischaemia and digitalis effect ,1,['left_axis_deviation']
 sinus rhythm rightward axis low limb lead voltage st segments are elevated in ii iii avf v4 xxxx consistent with inferolateral myocardial infarct which appears recent ,1,['right_axis_deviation']
 sinus rhythm abnormal left axis deviation left anterior fascicular block right bundle branch block bifascicular block possible old inferior infarct ,1,['left_axis_deviation']
 premature ventricular contraction ( s ) sinus rhythm right axis deviation incomplete right bundle branch block ,1,['right_axis_deviation']
 sinus rhythm left axis deviation left anterior fascicular block q wave in v2 old anteroseptal infarct cannot be excluded ,2,['left_axis_deviation']
 premature ventricular contraction ( s ) sinus rhythm prolonged pr interval left axis deviation left anterior fascicular block ,1,['left_axis_deviation']
 sinus rhythm borderline left axis deviation normal ecg ,6,['left_axis_deviation']
 sinus rhythm left axis deviation st segments are depressed in i avl v4 xxxx t wave are low or slightly inverted in these leads this may be due to lv strain or ischaemia ,1,['left_axis_deviation']
 sinus rhythm left axis deviation left anterior fascicular block non - specific intraventricular block left ventricular hypertrophy ,1,['left_axis_deviation']
 sinus rhythm left axis deviation right bundle branch block non - specific st and t wave change ,1,['left_axis_deviation']
 sinus tachycardia left axis deviation no definite pathology ,1,['left_axis_deviation']
 sinus rhythm borderline left axis deviation st segments are slightly depressed in v5 xxxx t wave are generally rather low prolonged qt suggest exclude hypokalaemia ,1,['left_axis_deviation']
 sinus rhythm borderline left axis deviation left bundle branch block this is most commonly due to ischaemic heart disease ,6,['left_axis_deviation']
 sinus rhythm prolonged pr interval left axis deviation probable infero - posterior infarct of undetermined age ,1,['left_axis_deviation']
 premature atrial contraction ( s ) sinus rhythm left axis deviation left anterior fascicular block qs complex in v2 suggesting old anteroseptal myocardial infarct ,1,['left_axis_deviation']
 sinus rhythm prolonged pr interval left axis deviation left anterior fascicular block t wave are low or flat in i avl v4 xxxx t wave are inverted in v2 xxxx findings may be due to lv strain or ischaemia ,1,['left_axis_deviation']
 premature ventricular contraction ( s ) sinus rhythm right axis deviation low limb lead voltage possible left posterior fascicular block right bundle branch block non - specific t wave inversion in ii iii avf possible old inferior myocardial infarctio ,1,['right_axis_deviation']
 premature atrial contraction ( s ) sinus tachycardia borderline left axis deviation r - s transition zone in v leads displaced to the left non - specific t wave flattening in i avl v5 xxxx leads v2 xxxx show artifact ,1,['left_axis_deviation']
 sinus rhythm left axis deviation left anterior fascicular block edit lafb xxxx ( lafb xxxx ) ,1,['left_axis_deviation']
 sinus rhythm left axis deviation non - specific t wave flattening in i avl v5 xxxx ,1,['left_axis_deviation']
 premature atrial contraction ( s ) sinus rhythm rightward axis otherwise normal ecg ,1,['right_axis_deviation']
 sinus rhythm borderline left axis deviation compared with tracing of xxxx t wave now upright in i avl but remain low or flat in v4 xxxx ,1,['left_axis_deviation']
 premature ventricular contraction ( s ) sinus rhythm prolonged pr interval possible left atrial enlargement left axis deviation non - specific intraventricular block old anteroseptal infarct non - specific st and t wave change ,1,['left_axis_deviation']
 sinus rhythm borderline left axis deviation non - specific t wave inversion in iii avf this may be normal ,1,['left_axis_deviation']
 sinus rhythm borderline left axis deviation no definite pathology edit ivcb ( norm xxxx lafb ) ,1,['left_axis_deviation']
 sinus bradycardia premature atrial contraction ( s ) bigeminy prolonged pr interval xxxx sec left axis deviation right bundle branch block ,1,['left_axis_deviation']
 sinus rhythm prolonged pr interval left axis deviation left anterior fascicular block possible old inferior infarct ,1,['left_axis_deviation']
 sinus rhythm left axis deviation right bundle branch block compared with tracing of xxxx pr interval now shorter ,1,['left_axis_deviation']
 sinus rhythm left axis deviation qs complex in v2 xxxx q wave in i avl v4 xxxx st segments are elevated in v2 xxxx t wave are inverted in i avl v2 - xxxx consistent with anterior and lateral myocardial infarct of uncertain age recent damage canno ,1,['left_axis_deviation']
 sinus rhythm compared with tracings of xxxx and xxxx left axis deviation has increased and there now left anterior fascicular block as well as right bundle branch block and slightly prolonged pr interval patient has trifascicular block ,1,['left_axis_deviation']
 sinus rhythm left atrial enlargement borderline left axis deviation right bundle branch block ,1,['left_axis_deviation']
 sinus rhythm left axis deviation voltages are high in limb leads suggesting lvh non - specific intraventricular block st segments are depressed in i avl v5 xxxx this may be due to lv strain or ischaemia ,1,['left_axis_deviation']
 sinus rhythm left axis deviation no definite pathology edit lafb ( norm xxxx lafb ) ,1,['left_axis_deviation']
 sinus rhythm borderline left axis deviation voltages are high in limb leads suggesting lvh non - specific st depression in v5 xxxx ,1,['left_axis_deviation']
 sinus rhythm left axis deviation left anterior fascicular block non - specific intraventricular block voltages are high in limb leads suggesting lvh st segments are depressed in i avl t wave are inverted in v4 xxxx this may be due to lv strain or is ,1,['left_axis_deviation']
 sinus rhythm left axis deviation left anterior fascicular block voltages are high in limb leads suggesting lvh qs complex in v2 and tiny r wave in v3 suggesting old anteroseptal myocardial infarct st segments are depressed in i ii avl v5 xxxx ,1,['left_axis_deviation']
 premature ventricular contraction ( s ) sinus rhythm left axis deviation r - s transition zone in v leads displaced to the left left anterior fascicular block ,1,['left_axis_deviation']
 premature ventricular contraction ( s ) atrial fibrillation - flutter left axis deviation left anterior fascicular block st segments are depressed in i v5 xxxx t wave are flat or slightly inverted in limb leads and v4 xxxx this may be due to lv strain or ,1,['left_axis_deviation']
 sinus tachycardia left axis deviation left anterior fascicular block non - specific st and t wave change there is much skeletal muscle artifact ,1,['left_axis_deviation']
 sinus tachycardia left axis deviation left ventricular hypertrophy non - specific st and t wave change ,1,['left_axis_deviation']
 sinus rhythm possible left atrial enlargement left axis deviation right bundle branch block q wave in i ii iii avf v4 xxxx t wave are low or flat throughout consistent with old inferior and lateral myocardial infarct suggest exclude hypoka ,1,['left_axis_deviation']
 sinus rhythm left axis deviation left anterior fascicular block edit lafb ( lafb ) ,1,['left_axis_deviation']
 sinus rhythm left axis deviation left anterior fascicular block right bundle branch block bifascicular block pr interval is normal voltages are high in limb leads suggesting lvh ,1,['left_axis_deviation']
 sinus rhythm left axis deviation left anterior fascicular block non - specific t wave flattening in ii v5 xxxx ,1,['left_axis_deviation']
 premature ventricular contraction ( s ) sinus rhythm left atrial enlargement left axis deviation right bundle branch block non - specific st and t wave change in anterior chest leads ,1,['left_axis_deviation']
 sinus rhythm left axis deviation voltages are high in limb leads suggesting lvh st segments are depressed in i avl v5 xxxx this may be due to lv strain or ischaemia ,1,['left_axis_deviation']
 sinus rhythm left axis deviation left anterior fascicular block otherwise no definite pathology ,2,['left_axis_deviation']
 sinus rhythm leftward axis r - s transition zone in v leads displaced to the right prolonged qt this may be due to a drug effect or an electrolyte disturbance anterolateral st and t wave change which are non diagnostic ,1,['left_axis_deviation']
 atrial fibrillation left axis deviation t wave are low or flat in i avl v2 - xxxx myocardial ischaemia is likely possible old inferior myocardial infarct ,1,['left_axis_deviation']
 sinus tachycardia rightward axis right bundle branch block there are deep but rather narrow q wave in ii iii avf old inferior myocardial infarct is likely but appearances could be due to septal hypertrophy ,1,['right_axis_deviation']
 sinus rhythm left axis deviation probable old anteroseptal infarct ,1,['left_axis_deviation']
 sinus rhythm left axis deviation left anterior fascicular block voltages are high in limb leads suggesting lvh ,6,['left_axis_deviation']
 sinus rhythm left axis deviation left anterior fascicular block low limb lead voltage ,1,['left_axis_deviation']
 atrial fibrillation left axis deviation left anterior fascicular block right bundle branch block bifascicular block ,2,['left_axis_deviation']
 premature ventricular contraction ( s ) sinus arrhythmia prolonged pr interval abnormal left axis deviation left anterior fascicular block non specific t abnormality ,1,['left_axis_deviation']
 sinus rhythm left axis deviation r - s transition zone in v leads displaced to the right voltages are high in chest leads suggesting lvh st segments are depressed in i avl t wave are inverted in i avl v2 with terminal inversion in v3 findings a edit pmi xxxx lvh xxxx isc sokolow xxxx ( nur v6 ) ( iscas lvh xxxx ) ,1,['left_axis_deviation']
 sinus rhythm prolonged pr interval abnormal left axis deviation left bundle branch block ,1,['left_axis_deviation']
 atrial fibrillation however rhythm is basically regular indicating that it derives from a supraventricular focus some complex show non - specific intraventricular block left axis deviation left anterior fascicular block t wave are flat in limb leads a ,1,['left_axis_deviation']
 atrial fibrillation left axis deviation left anterior fascicular block st segments are depressed in i ii avl v4 xxxx t wave are inverted in i avl and flat in v4 xxxx findings are likely to be due to ischaemic heart disease and digitalis effect ,1,['left_axis_deviation']
 sinus bradycardia left axis deviation non - specific intraventricular block probable old anteroseptal myocardial infarct ,1,['left_axis_deviation']
 atrial fibrillation with rapid ventricular response left axis deviation r - s transition zone in v leads displaced to the left left anterior fascicular block st segments are depressed and t wave in i avl this may be due to lv strain or ischaemia ,1,['left_axis_deviation']
 sinus rhythm borderline left axis deviation st segments are depressed in i avl v4 xxxx this may be due to lv strain or ischaemia ,1,['left_axis_deviation']
 premature atrial contraction ( s ) sinus rhythm left axis deviation left anterior fascicular block otherwise normal ecg ,2,['left_axis_deviation']
 premature atrial contraction ( s ) sinus rhythm left axis deviation left anterior fascicular block ,3,['left_axis_deviation']
 sinus rhythm prolonged pr interval left axis deviation left anterior fascicular block q wave in v2 xxxx old anteroseptal infarct cannot be entirely excluded ,1,['left_axis_deviation']
 sinus rhythm left axis deviation left anterior fascicular block probable old inferior infarct qs in lead v2 possible causes include previous infarct and v1 - v2 lead interchange ,1,['left_axis_deviation']
 premature atrial contraction ( s ) sinus rhythm left axis deviation left anterior fascicular block voltages are high in limb leads suggesting lvh st segments are depressed in i avl v3 - xxxx t wave are low or flat in these leads findings are likely to b ,1,['left_axis_deviation']
 sinus rhythm prolonged pr interval leftward axis non - specific t wave flattening in v5 xxxx ,1,['left_axis_deviation']
 sinus rhythm left axis deviation left anterior fascicular block non - specific intraventricular block voltages are high in limb leads suggesting lvh qs complex in v2 and tiny r wave in v3 consistent with old anteroseptal myocardial infarct ,1,['left_axis_deviation']
 sinus rhythm prolonged pr interval left axis deviation st segments are depressed and t wave inverted in i avl v6 this may be due to lv strain or ischaemia possible old inferior myocardial infarct ,1,['left_axis_deviation']
 sinus rhythm left axis deviation r - s transition zone in v leads displaced to the left left anterior fascicular block non - specific t wave flattening in lateral chest leads ,1,['left_axis_deviation']
 sinus rhythm borderline left axis deviation non - specific t wave flattening in i avl v5 xxxx ,2,['left_axis_deviation']
 sinus rhythm left axis deviation left anterior fascicular block qs complex in v2 and tiny r wave in v3 consistent with old anteroseptal myocardial infarct ,1,['left_axis_deviation']
 atrial fibrillation with rapid ventricular response abnormal left axis deviation left bundle branch block ,1,['left_axis_deviation']
 atrial fibrillation left axis deviation low limb lead voltage left anterior fascicular block incomplete right bundle branch block ,1,['left_axis_deviation']
 sinus rhythm borderline left axis deviation voltages are high in limb leads suggesting lvh q wave in v2 old anteroseptal infarct cannot be excluded ,1,['left_axis_deviation']
 atrial fibrillation with rapid ventricular response left axis deviation left anterior fascicular block st segments are depressed in i avl v5 xxxx t wave are low or flat in these leads this may be due to lv strain or ischaemia ,1,['left_axis_deviation']
 atrial fibrillation left axis deviation old anteroseptal and inferior infarcts st segments are depressed and t wave inverted in i avl this may be due to lv strain or ischaemia ,1,['left_axis_deviation']
 sinus rhythm left axis deviation non - specific intraventricular delay otherwise normal ecg ,1,['left_axis_deviation']
 sinus rhythm left axis deviation left anterior fascicular block st segments are depressed in i avl t wave are inverted in v2 - xxxx findings are likely to be due to ischaemic heart disease the age of the change is uncertain ,1,['left_axis_deviation']
 atrial fibrillation with controlled ventricular response left axis deviation left anterior fascicular block non - specific intraventricular delay qs complex in v1 xxxx due to previous anteroseptal infarct or intraventricular conduction defect ,1,['left_axis_deviation']
 sinus rhythm prolonged pr interval left axis deviation right bundle branch block borderline criteria for left anterior fascicular block patient is verging on trifascicular block and may be at increased risk of developing complete av block ,1,['left_axis_deviation']
 premature ventricular contraction ( s ) sinus rhythm prolonged pr interval right axis deviation low limb lead voltage qs complex in v2 xxxx consistent with anteroseptal infarct probably old ,1,['right_axis_deviation']
 premature atrial contraction ( s ) sinus tachycardia prolonged pr interval left axis deviation r - s transition zone in v leads displaced to the left left anterior fascicular block ,1,['left_axis_deviation']
 premature atrial contraction ( s ) sinus rhythm left axis deviation left ventricular hypertrophy st segments are depressed in i avl v4 xxxx t wave are flat in i and inverted in avl v4 xxxx this may be due to lv strain or ischaemia ,1,['left_axis_deviation']
 sinus rhythm left axis deviation voltages are high in limb leads suggesting lvh non - specific t wave flattening in ii v4 xxxx and inversion in iii avf non - specific but consistent with inferolateral myocardial ischaemia ,1,['left_axis_deviation']
 sinus rhythm borderline left axis deviation non - specific intraventricular block ,1,['left_axis_deviation']
 atrial fibrillation abnormal left axis deviation left anterior fascicular block right bundle branch block bifascicular block ,1,['left_axis_deviation']
 sinus rhythm prolonged pr interval left axis deviation left anterior fascicular block non - specific t wave flattening in i avl ,1,['left_axis_deviation']
 sinus rhythm rightward axis otherwise normal ecg ,3,['right_axis_deviation']
 premature atrial contraction ( s ) sinus rhythm left axis deviation low limb lead voltage qs complex in v2 xxxx consistent with old anteroseptal myocardial infarct ,1,['left_axis_deviation']
 sinus rhythm left axis deviation left anterior fascicular block st segments are depressed in i avl t wave are inverted in i ii avl v3 - xxxx findings are likely to be due to ischaemic heart disease they may represent anterolateral subendocardial in ,1,['left_axis_deviation']
 sinus rhythm left axis deviation r - s transition zone in v leads displaced to the left left anterior fascicular block non - specific st and t wave change in i avl this may be due to lv strain or ischaemia ,1,['left_axis_deviation']
 sinus rhythm left axis deviation left anterior fascicular block left ventricular hypertrophy st segments are depressed in i v5 xxxx q wave in v2 suggesting anteroseptal myocardial infarct of uncertain age in view of st segment elevation in v2 xxxx r ,1,['left_axis_deviation']
 sinus rhythm prolonged pr interval left axis deviation left anterior fascicular block right bundle branch block this patient has trifascicular block and may be at increased risk of developing complete av block ,2,['left_axis_deviation']
 sinus rhythm prolonged pr interval left axis deviation left anterior fascicular block right bundle branch block trifascicular block compared with tracing of xxxx it is not significantly changed ,1,['left_axis_deviation']
 atrial fibrillation with rapid ventricular response left axis deviation incomplete left bundle branch block poor progression of r wave in anterior chest leads consistent with old anteroseptal myocardial infarct ,1,['left_axis_deviation']
 sinus rhythm prolonged pr interval left axis deviation q wave in ii iii avf v3 - xxxx st segments are elevated in these leads t wave are inverted in i avl v6 consistent with inferolateral and anterior myocardial infarct which may be recent ,1,['left_axis_deviation']
 sinus tachycardia frequent premature atrial contractions possible chaotic atrial rhythm right superior axis deviation left anterior fascicular block right bundle branch block bifascicular block ,1,['right_axis_deviation']
 premature atrial contraction ( s ) sinus rhythm left axis deviation left anterior fascicular block non - specific t wave flattening in v5 xxxx ,1,['left_axis_deviation']
 premature ventricular contraction ( s ) premature atrial contraction ( s ) sinus rhythm left axis deviation left anterior fascicular block voltages are high in limb leads suggesting lvh st segments are depressed in i avl this may be due to lv strain or ,1,['left_axis_deviation']
 sinus rhythm right axis deviation right bundle branch block q wave and t wave inversion in ii iii avf consistent with old inferior myocardial infarct ,1,['right_axis_deviation']
 atrial fibrillation left axis deviation left anterior fascicular block borderline voltages of lvh st segment change this may be due to digitalis effect or early lv strain ,1,['left_axis_deviation']
 sinus rhythm left axis deviation left anterior fascicular block non - specific st and t wave change compared with tracing of xxxx it is very similar except that atrial fibrillation has reverted to sinus rhythm ,1,['left_axis_deviation']
 sinus rhythm prolonged pr interval left axis deviation left anterior fascicular block voltages are high in limb leads suggesting lvh qs complex in v2 and tiny r wave in v3 suggesting old anteroseptal myocardial infarct st segments are depresse ,1,['left_axis_deviation']
 sinus rhythm probable left atrial enllargement left axis deviation atypical left bundle branch block ,1,['left_axis_deviation']
 sinus rhythm left axis deviation low limb lead voltage possible left ventricular hypertrophy ,1,['left_axis_deviation']
 premature ventricular contraction ( s ) sinus rhythm left axis deviation left anterior fascicular block voltages are high in limb leads suggesting lvh st segments are depressed in i avl this may be due to lv strain or ischaemia ,1,['left_axis_deviation']
 sinus arrhythmia left axis deviation left anterior fascicular block st segments are depressed and t wave inverted in i ii avl v4 xxxx this may be due to lv strain or ischaemia ,1,['left_axis_deviation']
 sinus rhythm left atrial enlargement left axis deviation q wave and t wave inversion in ii iii avf consistent with old inferior myocardial infarct non - specific t wave flattening in i avl v6 ,1,['left_axis_deviation']
 sinus rhythm premature ventricular contraction ( s ) bigeminy left axis deviation voltages are high in limb leads suggesting lvh poor progression of r wave in anterior chest leads suggesting old anterior myocardial infarct non - specific st and t wave ch ,1,['left_axis_deviation']
 sinus rhythm left axis deviation left anterior fascicular block qs complex in v2 and tiny r wave in v3 suggesting old anteroseptal myocardial infarct ,3,['left_axis_deviation']
 sinus rhythm left axis deviation non - specific intraventricular delay ,1,['left_axis_deviation']
 sinus rhythm left axis deviation left anterior fascicular block widespread non - specific t wave flattening ,1,['left_axis_deviation']
 sinus rhythm prolonged pr interval left axis deviation qs complex in and st segment elevation in ii iii avf v2 - xxxx consistent with anterior and inferolateral myocardial infarcts which appear recent ,1,['left_axis_deviation']
 sinus rhythm rightward axis possible left posterior fascicular block incomplete right bundle branch block ,1,['right_axis_deviation']
 premature ventricular contraction ( s ) premature atrial contraction ( s ) sinus tachycardia left axis deviation left anterior fascicular block st segments are elevated in ii iii avf and to a minimal degree in v5 xxxx early inferolateral myocardial infa ,1,['left_axis_deviation']
 premature atrial contraction ( s ) sinus rhythm left axis deviation left anterior fascicular block st segments are depressed in i avl t wave are flat in i and inverted in avl this may be due to lv strain or ischaemia ,1,['left_axis_deviation']
 sinus rhythm left axis deviation left anterior fascicular block tiny r wave in v2 xxxx suggesting old anteroseptal infarct st segments are depressed in i avl v4 xxxx this may be due to lv strain or ischaemia ,1,['left_axis_deviation']
 sinus rhythm left axis deviation left anterior fascicular block q wave in v2 old anteroseptal myocardial infarct cannot be excluded leads v4 xxxx show gross artifact ,1,['left_axis_deviation']
 sinus rhythm voltages are high in limb leads suggesting lvh borderline left axis deviation otherwise no definite pathology ,1,['left_axis_deviation']
 sinus rhythm borderline left axis deviation non - specific t wave flattening in i v6 and inversion in avl ,1,['left_axis_deviation']
 sinus rhythm left axis deviation left anterior fascicular block left atrial enlargement t wave abnormality in high lateral leads this is non - specific ,1,['left_axis_deviation']
 premature ventricular contraction ( s ) atrial fibrillation left axis deviation left anterior fascicular block incomplete right bundle branch block non - specific t wave flattening in i and inversion in avl prolonged qt this may be due to a drug effe ,1,['left_axis_deviation']
 premature ventricular contraction ( s ) sinus rhythm prolonged pr interval left axis deviation q wave in v2 consistent with old anteroseptal myocardial infarct st segments are depressed and t wave inverted in i avl v4 xxxx this may be due t ,1,['left_axis_deviation']
 sinus tachycardia left axis deviation st segments are elevated and t wave inverted in v1 xxxx consistent with anteroseptal myocardial infarct which appears recent ,1,['left_axis_deviation']
 sinus rhythm voltages are high in limb leads suggesting lvh left axis deviation left anterior fascicular block qs complex in v2 and tiny r wave in v3 suggesting old anteroseptal myocardial infarct non - specific st segment depression in avl ,1,['left_axis_deviation']
 sinus rhythm left axis deviation left ventricular hypertrophy otherwise normal ecg ,1,['left_axis_deviation']
 atrial fibrillation borderline left axis deviation q wave in v2 xxxx consistent with old anterior myocardial infarct possible old inferior myocardial infarct st segments are depressed in i avl v6 t wave are flat in i and inverted in avl v ,1,['left_axis_deviation']
 premature atrial contraction ( s ) sinus arrhythmia left atrial enlargement prolonged pr interval abnormal left axis deviation left anterior fascicular block incomplete right bundle branch block old anteroseptal infarct probable old inferior infarct ,1,['left_axis_deviation']
 sinus rhythm left atrial enlargement left axis deviation extensive anterior infarct probably old non - specific t wave flattening in inferior leads ,1,['left_axis_deviation']
 sinus rhythm left atrial enlargement left axis deviation extensive anterior infarct probably old t wave flattening in inferior leads compared with tracing of xxxx it is very similar slight differences in chest leads may be positional ,1,['left_axis_deviation']
 sinus rhythm left axis deviation left anterior fascicular block q wave in v2 suggesting old anteroseptal infarct non - specific st segment elevation in ii iii avf of uncertain significance ,1,['left_axis_deviation']
 sinus rhythm left axis deviation low limb lead voltage left anterior fascicular block minor non - specific t wave flattening ,1,['left_axis_deviation']
 sinus rhythm left axis deviation left anterior fascicular block right bundle branch block bifascicular block pr interval is normal tracing is very similar to that submitted dated xxxx ,1,['left_axis_deviation']
 premature ventricular contraction ( s ) atrial fibrillation left axis deviation right bundle branch block probable old inferior infarct ,1,['left_axis_deviation']
 premature ventricular contraction ( s ) sinus tachycardia left axis deviation old anterior myocardial infarct possible old inferior myocardial infarct ,1,['left_axis_deviation']
 sinus rhythm prolonged pr interval possible left atrial enlargement left axis deviation left anterior fascicular block voltages are high in limb leads suggesting lvh qs complex in v2 and tiny r wave in v3 consistent with old anteroseptal myoca ,1,['left_axis_deviation']
 sinus tachycardia left axis deviation left anterior fascicular block mild intraventricular conduction delay anterolareral st and t wave change consistent with lv strain or ischaemia ,1,['left_axis_deviation']
 sinus rhythm left axis deviation left anterior fascicular block small r wave in v3 old anteroseptal infarct cannot be excluded ,1,['left_axis_deviation']
 sinus rhythm left axis deviation qs complex in v2 xxxx st segments are elevated in v2 - xxxx consistent with anterior myocardial infarct possibly recent q wave in ii iii avf consistent with old inferior myocardial infarct ,1,['left_axis_deviation']
 sinus rhythm borderline left axis deviation r - s transition zone in v leads displaced to the right st segments are slightly depressed in i avl this may be due to lv strain or ischaemia ,1,['left_axis_deviation']
 premature ventricular contraction ( s ) sinus tachycardia borderline left axis deviation non - specific intraventricular delay voltages are high in chest leads suggesting lvh st segments are depressed in i avl v5 xxxx this may be due to lv strain or ischa ,1,['left_axis_deviation']
 sinus rhythm leftward axis incomplete right bundle branch block otherwise normal ecg ,1,['left_axis_deviation']
 sinus rhythm grossly prolonged pr interval left axis deviation left anterior fascicular block otherwise no definite pathology ,1,['left_axis_deviation']
 sinus rhythm left axis deviation left anterior fascicular block tiny r wave in v2 xxxx suggesting old anteroseptal infarct ,1,['left_axis_deviation']
 sinus rhythm leftward axis ,1,['left_axis_deviation']
 sinus rhythm prolonged pr interval left axis deviation ,1,['left_axis_deviation']
 sinus rhythm voltages are high in limb leads suggesting lvh incomplete right bundle branch block borderline left axis deviation ,1,['left_axis_deviation']
 sinus rhythm borderline left axis deviation right bundle branch block q wave in v2 a small old anteroseptal infarct cannot be excluded voltages are high in limb leads suggesting lvh ,1,['left_axis_deviation']
 sinus rhythm left axis deviation left anterior fascicular block non - specific t wave flattening in i and inversion in avl ,2,['left_axis_deviation']
 premature ventricular contraction ( s ) sinus rhythm left axis deviation left anterior fascicular block st segments are depressed and t wave inverted in i avl this may be due to lv strain or ischaemia ,1,['left_axis_deviation']
 sinus rhythm left axis deviation qs complex in v2 and tiny r wave in v3 suggesting old anteroseptal infarct ,1,['left_axis_deviation']
 atrial fibrillation with rapid ventricular response rightward axis right bundle branch block ,1,['right_axis_deviation']
 sinus rhythm voltages are high in chest leads suggesting lvh borderline left axis deviation edit lvh xxxx sokolow xxxx ( lvh xxxx ) ,1,['left_axis_deviation']
 premature ventricular contraction ( s ) sinus rhythm left axis deviation left anterior fascicular block st segments are depressed in v4 xxxx t wave are low in limb leads and v4 xxxx this may be due to lv strain or ischaemia ,1,['left_axis_deviation']
 sinus rhythm left axis deviation right bundle branch block minor non - specific st segment depression in lateral leads q wave in v2 suggest possible old anteroseptal infarct ,1,['left_axis_deviation']
 sinus rhythm borderline left axis deviation low limb lead voltage q wave in ii iii avf consistent with old inferior myocardial infarct ,1,['left_axis_deviation']
 frequent premature atrial contraction ( s ) sinus rhythm prolonged pr interval left axis deviation left anterior fascicular block right bundle branch block trifascicular block compared with tracing of xxxx it is very similar ,1,['left_axis_deviation']
 premature ventricular contraction ( s ) sinus rhythm left axis deviation left anterior fascicular block right bundle branch block bifascicular block q wave in v2 xxxx consistent with old anterior infarct ,1,['left_axis_deviation']
 sinus rhythm voltages in limb leads are at upper limit left axis deviation left anterior fascicular block incomplete right bundle branch block ,1,['left_axis_deviation']
 atrial fibrillation with rapid ventricular response left axis deviation non - specific intraventricular delay left ventricular hypertrophy qs complex in v2 xxxx consistent with old anteroseptal myocardial infarct non - specific st and t wave change in la ,1,['left_axis_deviation']
 sinus rhythm premature atrial contraction ( s ) left axis deviation left anterior fascicular block voltages in limb leads are at upper limit ,1,['left_axis_deviation']
 sinus rhythm voltages are high in limb leads suggesting lvh left axis deviation left anterior fascicular block prolonged qt this may be due to a drug effect or an electrolyte disturbance ,1,['left_axis_deviation']
 sinus rhythm left axis deviation voltages are high in chest leads suggesting lvh otherwise no definite pathology ,1,['left_axis_deviation']
 premature atrial contraction ( s ) sinus rhythm left axis deviation left anterior fascicular block non - specific t wave flattening throughout myocardial ischaemia is likely suggest exclude hypokalaemia ,1,['left_axis_deviation']
 sinus rhythm left axis deviation q wave in ii iii avf consistent with old inferior myocardial infarct st segments are depressed in i avl this may be due to lv strain or ischaemia ,1,['left_axis_deviation']
 sinus rhythm left axis deviation left anterior fascicular block left ventricular hypertrophy slightly prolonged qt this may be due to a drug effect or an electrolyte disturbance ,1,['left_axis_deviation']
 premature ventricular contraction ( s ) sinus rhythm left axis deviation q wave in ii iii avf consistent with old inferior myocardial infarct q wave and tiny r wave in v3 - xxxx suggesting old antero - lateral infarct ,1,['left_axis_deviation']
 sinus tachycardia rightward axis possible left posterior fascicular block incomplete right bundle branch block ,1,['right_axis_deviation']
 atrial fibrillation left axis deviation left anterior fascicular block st segments are depressed in i avl this may be due to lv strain or ischaemia ,1,['left_axis_deviation']
 premature atrial contraction ( s ) sinus tachycardia left axis deviation left anterior fascicular block st segments are depressed in i avl v5 xxxx this may be due to lv strain or ischaemia ,1,['left_axis_deviation']
 premature atrial contraction ( s ) sinus rhythm left axis deviation r - s transition zone in v leads displaced to the left left anterior fascicular block st segments are depressed in i avl t wave are inverted in ii iii avf v4 xxxx findings are likel ,1,['left_axis_deviation']
 premature atrial contraction ( s ) sinus rhythm prolonged pr interval voltages are high in limb leads suggesting lvh left axis deviation left anterior fascicular block right bundle branch block patient has trifascicular block and may be at increased r ,1,['left_axis_deviation']
 sinus rhythm left axis deviation no definite pathology ,10,['left_axis_deviation']
 sinus rhythm left axis deviation left anterior fascicular block right bundle branch block bifascicular block pr interval is normal t wave are flat in ii and inverted in iii avf inferior myocardial ischaemia is likely ,1,['left_axis_deviation']
 sinus arrhythmia left axis deviation low limb lead voltage left anterior fascicular block ,1,['left_axis_deviation']
 premature atrial contraction ( s ) premature ventricular contraction ( s ) sinus rhythm left axis deviation non - specific intraventricular block qs complex in v2 xxxx st segments are elevated in v2 xxxx st segments are depressed in ii iii avf v5 xxxx consi ,1,['left_axis_deviation']
 sinus rhythm prolonged pr interval voltages are high in limb leads suggesting lvh left axis deviation left anterior fascicular block qs complex in v2 xxxx consistent with old anteroseptal infarct st segments are depressed in i avl v6 t wave ar ,1,['left_axis_deviation']
 sinus arrhythmia left axis deviation st segments are depressed in i avl v5 xxxx this may be due to lv strain or ischaemia ,1,['left_axis_deviation']
 rhythm is atrial tachycardia with xxxx av block this is difficult to discern except in lead v1 left axis deviation qs complex in v2 xxxx consistent with old anterior myocardial infarct non - specific st and t wave change ,1,['left_axis_deviation']
 premature ventricular contraction ( s ) sinus rhythm left axis deviation left anterior fascicular block qs complex in v2 xxxx consistent with old anteroseptal myocardial infarct ,1,['left_axis_deviation']
 sinus rhythm right atrial enlargement left axis deviation incomplete right bundle branch block ,1,['left_axis_deviation']
 premature ventricular contraction ( s ) premature atrial contraction ( s ) sinus rhythm left atrial enlargement left axis deviation incomplete right bundle branch block ,1,['left_axis_deviation']
 sinus rhythm borderline left axis deviation right bundle branch block possible old inferior myocardial infarct ,1,['left_axis_deviation']
 atrial fibrillation left axis deviation qs complex in v2 xxxx consistent with old anterior myocardial infarct q wave in ii iii avf consistent with old inferior myocardial infarct st segments are depressed in i avl v5 xxxx t wave are i ,1,['left_axis_deviation']
 sinus tachycardia premature ventricular contraction ( s ) left atrial enlargement left axis deviation right bundle branch block old inferior infarct ,1,['left_axis_deviation']
 sinus arrhythmia left axis deviation left anterior fascicular block ,1,['left_axis_deviation']
 sinus tachycardia left axis deviation left anterior fascicular block incomplete right bundle branch block ,1,['left_axis_deviation']
 sinus rhythm prolonged pr interval voltages are high in limb leads suggesting lvh left axis deviation left anterior fascicular block st segments are depressed in i ii avl v5 xxxx t wave are flat in these leads this may be due to lv strain or ischa ,1,['left_axis_deviation']
 sinus rhythm left axis deviation non - specific intraventricular block qs complex in v2 xxxx consistent with anterior myocardial infarct probably old ,1,['left_axis_deviation']
 sinus rhythm left axis deviation low limb lead voltage no definite pathology ,2,['left_axis_deviation']
 sinus rhythm left axis deviation left anterior fascicular block st segments are depressed in i avl v5 xxxx t wave are low or inverted in these leads this may be due to lv strain or ischaemia ,1,['left_axis_deviation']
 sinus rhythm voltages in limb leads are at upper limit left axis deviation left anterior fascicular block ,1,['left_axis_deviation']
 sinus rhythm left axis deviation left anterior fascicular block st segments are depressed in v4 xxxx t wave are flat in ii v4 xxxx and inverted in iii avf v3 findings are likely to be due to ischaemic heart disease the age of the change is un ,1,['left_axis_deviation']
 sinus rhythm prolonged pr interval left axis deviation left anterior fascicular block st segments are depressed in i avl t wave are low in i and inverted in avl this may be due to lv strain or ischaemia ,1,['left_axis_deviation']
 sinus rhythm abnormal left axis deviation left anterior fascicular block ,1,['left_axis_deviation']
 sinus rhythm left axis deviation left anterior fascicular block minor non - specific t wave flattening in ii v3 - xxxx ,1,['left_axis_deviation']
 sinus rhythm left axis deviation left anterior fascicular block incomplete right bundle branch block ,4,['left_axis_deviation']
 sinus rhythm borderline left axis deviation probable left ventricular hypertrophy non - specific st and t abnormality most marked in antero - lateral leads likely cause include left ventricular strain ischaemia and digoxin effect ,1,['left_axis_deviation']
 sinus rhythm borderline left axis deviation right bundle branch block ,3,['left_axis_deviation']
 sinus rhythm borderline left atrial abnormality leftward axis right bundle branch block ,1,['left_axis_deviation']
 atrial fibrillation premature ventricular contraction ( s ) left axis deviation voltages in limb leads are at upper limit q wave in v2 xxxx st segments are depressed in i ii avl v4 xxxx t wave are low or flat in i v2 - xxxx consistent with ischaemic hear ,1,['left_axis_deviation']
 sinus tachycardia borderline left axis deviation left bundle branch block this is most commonly due to ischaemic heart disease ,1,['left_axis_deviation']
 premature ventricular contraction ( s ) premature atrial contraction ( s ) sinus rhythm left axis deviation incomplete right bundle branch block qs complex in v2 xxxx q wave in v4 consistent with old anterior myocardial infarct ,1,['left_axis_deviation']
 premature ventricular contraction ( s ) sinus arrhythmia left axis deviation left anterior fascicular block right bundle branch block bifascicular block pr interval is normal edit imi xxxx crbbb lafb ( imi xxxx crbbb lafb ) ,1,['left_axis_deviation']
 sinus rhythm left axis deviation voltages are high in limb leads suggesting lvh non - specific t wave flattening in i avl v6 poor progression of r wave in anterior chest leads old anteroseptal myocardial infarct cannot be excluded ,1,['left_axis_deviation']
 sinus rhythm left axis deviation incomplete left bundle branch block non - specific st and t wave change in i avl ,2,['left_axis_deviation']
 atrial fibrillation with rapid ventricular response borderline left axis deviation ,1,['left_axis_deviation']
 sinus rhythm left axis deviation left anterior fascicular block left ventricular hypertrophy st segments are depressed and t wave inverted in i avl v4 xxxx this may be due to lv strain or ischaemia q wave in v2 old anteroseptal infarct cannot ,1,['left_axis_deviation']
 sinus rhythm left axis deviation non - specific intraventricular delay voltages are high in chest leads suggesting lvh q wave small r wave and st segment elevation in v2 xxxx suggesting anteroseptal myocardial infarct of uncertain age possibly recen edit asmi xxxx lvh xxxx isc_ sokolow xxxx ( asmi xxxx lvh xxxx isc_ lafb ) ,1,['left_axis_deviation']
 premature atrial contraction ( s ) left axis deviation non - specific intraventricular block left ventricular hypertrophy qs complex in v2 xxxx consistent with anteroseptal myocardial infarct of uncertain age st segments are depressed and t wave inver ,1,['left_axis_deviation']
 premature atrial contraction ( s ) sinus rhythm left axis deviation low limb lead voltage left anterior fascicular block non - specific st and t wave change in inferolateral leads ,1,['left_axis_deviation']
 sinus rhythm left axis deviation left anterior fascicular block right bundle branch block bifascicular block compared with tracing of xxxx it is not significantly changed ,1,['left_axis_deviation']
 sinus rhythm left axis deviation left ventricular hypertrophy q wave in i avl v2 - xxxx these are of uncertain significance but may indicate septal hypertrophy st segment elevation in v2 xxxx is of uncertain significance recent ischaemia or early infarc ,1,['left_axis_deviation']
 sinus rhythm left axis deviation r - s transition zone in v leads displaced to the left left anterior fascicular block st segments are depressed in i avl this may be due to lv strain or ischaemia ,1,['left_axis_deviation']
 premature atrial contraction ( s ) sinus rhythm left axis deviation left anterior fascicular block left ventricular hypertrophy q wave in v2 xxxx consistent with old anteroseptal myocardial infarct st segments are depressed and t wave inverted in i ,1,['left_axis_deviation']
 atrial fibrillation left axis deviation left anterior fascicular block qs complex in v2 - xxxx consistent with old anterolateral infarct ,1,['left_axis_deviation']
 premature ventricular contraction ( s ) premature atrial contraction ( s ) sinus rhythm left axis deviation left anterior fascicular block non - specific t wave flattening in i avl v6 ,1,['left_axis_deviation']
 premature ventricular contractions sinus rhythm left axis deviation left anterior fascicular block anterolateral t abnormality consistent with ischaemia ,1,['left_axis_deviation']
 sinus rhythm right atrial enlargement borderline left axis deviation left ventricular hypertrophy st segments are depressed in v5 xxxx t wave are inverted in i avl v4 xxxx this may be due to lv strain or ischaemia qs complex in v2 and tiny r wave ,1,['left_axis_deviation']
 sinus rhythm left axis deviation left anterior fascicular block right bundle branch block bifascicular block pr interval is normal voltages are high in limb leads suggesting lvh non - specific st and t wave change in inferolateral leads ,1,['left_axis_deviation']
 sinus rhythm left axis deviation left anterior fascicular block right bundle branch block bifascicular block st elevation v2 - xxxx cant exclude recent damage progress trace advised to rule out recent infarct ,1,['left_axis_deviation']
 sinus rhythm possible left atrial enlargement left axis deviation left anterior fascicular block incomplete right bundle branch block lead v5 shows artifact ,1,['left_axis_deviation']
 atrial fibrillation with rapid ventricular response rightward axis r - s transition zone in v leads displaced to the left possible left posterior fascicular block incomplete right bundle branch block non - specific t wave inversion in i avl v2 ,1,['right_axis_deviation']
 sinus rhythm left axis deviation left anterior fascicular block old anteroseptal myocardial infarct possible old inferior myocardial infarct non - specific st and t wave change in i avl tracing is similar to that of xxxx ,1,['left_axis_deviation']
 sinus rhythm left axis deviation left anterior fascicular block qs complex in v2 and tiny r wave in v3 this is probably normal but old anteroseptal infarct cannot be entirely excluded ,1,['left_axis_deviation']
 sinus rhythm left axis deviation st segments are depressed in i avl t wave are inverted in avl v2 - xxxx and flat in i v6 poor progression of r wave in anterior chest leads consistent with ischaemic heart disease with probable old anterior myocardial ,1,['left_axis_deviation']
 sinus rhythm left axis deviation left anterior fascicular block qs complex in v2 xxxx consistent with old anteroseptal myocardial infarct t wave are flat in limb leads and v6 this may be due to lv strain or ischaemia ,1,['left_axis_deviation']
 sinus rhythm right superior axis deviation left anterior fascicular block right bundle branch block bifascicular block pr interval is normal ,1,['right_axis_deviation']
 sinus rhythm left axis deviation incomplete right bundle branch block ,3,['left_axis_deviation']
 atrial fibrillation left axis deviation non - specific intraventricular block qs complex in v3 xxxx t wave are inverted in i avl consistent with lateral myocardial infarct probably old ,1,['left_axis_deviation']
 sinus rhythm left axis deviation non - specific intraventricular block non - specific st and t wave change ,2,['left_axis_deviation']
 premature ventricular contraction ( s ) sinus rhythm left axis deviation incomplete right bundle branch block ,1,['left_axis_deviation']
 premature atrial contraction ( s ) sinus rhythm borderline left axis deviation otherwise normal ecg ,1,['left_axis_deviation']
 sinus rhythm prolonged pr interval left axis deviation non - specific intraventricular block ,2,['left_axis_deviation']
 atrial fibrillation left axis deviation voltages are high in limb leads suggesting lvh q wave in v2 qs complex in v3 consistent with old anteroseptal myocardial infarct st segments are depressed in i avl v5 xxxx t wave are inverted in i av ,1,['left_axis_deviation']
 sinus rhythm prolonged pr interval left axis deviation voltages are high in limb leads suggesting lvh ,1,['left_axis_deviation']
 sinus rhythm left axis deviation incomplete right bundle branch block voltages are high in limb leads suggesting lvh ,1,['left_axis_deviation']
 sinus rhythm left axis deviation left anterior fascicular block voltages are high in limb leads suggesting lvh st segments are depressed and t wave flat in i avl this may be due to lv strain or ischaemia ,1,['left_axis_deviation']
 sinus rhythm left axis deviation probable left anterior fascicular block ,1,['left_axis_deviation']
 sinus rhythm left axis deviation left ventricular hypertrophy st segments are depressed and t wave inverted in i avl v5 xxxx this may be due to lv strain or ischaemia leads v3 xxxx show gross artifact ,1,['left_axis_deviation']
 sinus rhythm left axis deviation left anterior fascicular block right bundle branch block bifascicular block pr interval is at about upper limit of normal so that patient is verging on trifascicular block and may be at increased risk of developing c ,1,['left_axis_deviation']
 premature atrial contraction ( s ) sinus tachycardia left axis deviation left anterior fascicular block compared with tracing of xxxx st segment elevation in i avl v2 xxxx is more marked consistent with recent anterior myocardial infarct ,1,['left_axis_deviation']
 premature ventricular contraction ( s ) sinus tachycardia left axis deviation left anterior fascicular block incomplete right bundle branch block ,1,['left_axis_deviation']
 sinus tachycardia left axis deviation left anterior fascicular block incomplete right bundle branch block no definite evidence to suggest recent ischaemia ,1,['left_axis_deviation']
 premature ventricular contraction ( s ) premature atrial contraction ( s ) sinus rhythm left axis deviation incomplete right bundle branch block q wave in v3 xxxx consistent with old anterior myocardial infarct possible old inferior myocardial infarcti ,1,['left_axis_deviation']
 sinus rhythm left axis deviation left anterior fascicular block right bundle branch block bifascicular block voltages are high in limb leads suggesting lvh pr interval is normal ,1,['left_axis_deviation']
 premature ventricular contraction ( s ) bigeminy pacemaker spikes noted left axis deviation left anterior fascicular block right bundle branch block bifascicular block ,1,['left_axis_deviation']
 atrial fibrillation left axis deviation non - specific intraventricular block of left bundle branch block type ,1,['left_axis_deviation']
 atrial fibrillation premature ventricular contraction ( s ) left axis deviation left anterior fascicular block poor progression of r wave in anterior chest leads suggesting old anteroseptal infarct ,1,['left_axis_deviation']
 premature atrial contraction ( s ) sinus rhythm borderline left axis deviation no definite pathology ,1,['left_axis_deviation']
 sinus rhythm left axis deviation left anterior fascicular block qs complex in v2 xxxx st segments are elevated in v2 xxxx t wave are inverted in ii iii avf v4 xxxx consistent with ischaemic heart disease with anterior myocardial infarct probabl ,1,['left_axis_deviation']
 sinus rhythm prolonged pr interval left axis deviation left anterior fascicular block non - specific intraventricular block q wave in v2 xxxx consistent with old anterior myocardial infarct patient may be at increased risk of developing complete ,1,['left_axis_deviation']
 sinus rhythm leftward axis otherwise normal ecg ,3,['left_axis_deviation']
 premature atrial contraction ( s ) sinus rhythm left axis deviation non - specific intraventricular block left ventricular hypertrophy anteroseptal infarct of uncertain age recent infarct cannot be excluded ,1,['left_axis_deviation']
 premature ventricular contraction ( s ) sinus rhythm prolonged pr interval left axis deviation left anterior fascicular block right bundle branch block patient has trifascicular block and may be at increased risk of developing complete av block po ,1,['left_axis_deviation']
 sinus rhythm left axis deviation r - s transition zone in v leads displaced to the left left anterior fascicular block ,3,['left_axis_deviation']
 premature atrial contraction ( s ) sinus rhythm borderline left axis deviation left bundle branch block this is most commonly due to ischaemic heart disease ,1,['left_axis_deviation']
 sinus tachycardia rightward axis q wave in i avl suggest old lateral infarct ,1,['right_axis_deviation']
 sinus rhythm borderline left axis deviation st segments are slightly depressed in i v6 t wave are low or flat in ii v4 xxxx non - specific but consistent with myocardial ischaemia prolonged qt this may be due to a drug effect or an electrolyte di ,1,['left_axis_deviation']
 sinus rhythm prolonged pr interval voltages are high in limb leads suggesting lvh left axis deviation left anterior fascicular block st segments are depressed in i avl v3 - xxxx t wave are inverted in i avl and flat in v4 xxxx this may be due to lv s ,1,['left_axis_deviation']
 premature atrial contraction ( s ) sinus rhythm left axis deviation left anterior fascicular block st segments are depressed in i avl t wave are low in these leads this may be due to lv strain or ischaemia q wave in v2 old anteroseptal infarct can ,1,['left_axis_deviation']
 sinus rhythm left axis deviation r - s transition zone in v leads displaced to the left left anterior fascicular block non - specific t wave flattening in v3 - xxxx myocardial ischaemia is likely ,1,['left_axis_deviation']
 premature atrial contraction ( s ) bigeminy sinus rhythm left axis deviation possible old inferior infarct ,1,['left_axis_deviation']
 sinus rhythm left ventricular hypertrophy left axis deviation left anterior fascicular block st segments are depressed and t wave inverted in i avl t wave are flat in v6 this may be due to lv strain or ischaemia ,1,['left_axis_deviation']
 sinus rhythm prolonged pr interval left axis deviation left anterior fascicular block antero - septal infarct of undetermined age probably recent ,1,['left_axis_deviation']
 sinus rhythm left axis deviation left anterior fascicular block qs complex in v2 xxxx consistent with old anteroseptal myocardial infarct ,1,['left_axis_deviation']
 sinus rhythm possible left atrial enlargement left axis deviation voltages are high in limb leads suggesting lvh prolonged qt this may be due to a drug effect or an electrolyte disturbance ,1,['left_axis_deviation']
 premature ventricular contraction ( s ) bigeminy sinus rhythm borderline left axis deviation right atrial enlargement small r wave in v2 xxxx suggesting old anteroseptal myocardial infarct t wave are inverted in i avl v2 - xxxx findings are likely to ,1,['left_axis_deviation']
 sinus rhythm possible left atrial enlargement left axis deviation ,1,['left_axis_deviation']
 sinus rhythm left axis deviation non - specific intraventricular block non - specific t wave flattening in limb leads and v6 ,1,['left_axis_deviation']
 sinus rhythm right axis deviation probable left posterior fascicular block compared with tracing of xxxx it is very similar edit lpfb ( lpfb ) ,1,['right_axis_deviation']
 sinus rhythm left axis deviation non - specific intraventricular delay q wave and st segment elevation in ii iii avf v6 consistent with inferolateral myocardial infarct of uncertain age possibly recent ,1,['left_axis_deviation']
 sinus rhythm left axis deviation non - specific intraventricular block voltages are high in limb leads suggesting lvh non - specific st and t wave change in i avl v6 ,1,['left_axis_deviation']
 premature ventricular contraction ( s ) sinus rhythm left axis deviation left anterior fascicular block qs complex in v2 and tiny r wave in v3 consistent with old anteroseptal myocardial infarct ,1,['left_axis_deviation']
 premature ventricular contraction ( s ) sinus rhythm prolonged pr interval left axis deviation low limb lead voltage q wave in ii iii avf consistent with old inferior myocardial infarct ,1,['left_axis_deviation']
 sinus bradycardia borderline left axis deviation otherwise normal ecg the cause of the bradycardia is not evident edit norm xxxx myocardial infarct bbb ( r ) qsiii ( norm xxxx ) ,1,['left_axis_deviation']
 premature atrial contraction ( s ) sinus rhythm left axis deviation q wave in ii iii avf consistent with old inferior myocardial infarct ,1,['left_axis_deviation']
 sinus rhythm left axis deviation voltages are high in chest leads suggesting lvh edit lvh xxxx sokolow xxxx ( lvh xxxx lafb ) ,1,['left_axis_deviation']
 rapid regular supraventricular tachycardia rightward axis right bundle branch block suggest repeat when patient has reverted to sinus rhythm ,1,['right_axis_deviation']
 atrial fibrillation with rapid ventricular response left axis deviation voltages in limb leads are at upper limit non - specific st and t wave change in ii iii avf ,1,['left_axis_deviation']
 premature ventricular contraction ( s ) premature atrial contraction ( s ) sinus rhythm prolonged pr interval left axis deviation left bundle branch block this is most commonly due to ischaemic heart disease ,2,['left_axis_deviation']
 sinus rhythm rightward axis q wave in v2 this is probably normal but old anteroseptal infarct cannot be entirely excluded otherwise normal ecg ,1,['right_axis_deviation']
 sinus rhythm left axis deviation r - s transition zone in v leads displaced to the left left anterior fascicular block t wave are flat in ii and inverted in iii avf v2 - xxxx findings are likely to be due to ischaemic heart disease the age of the cha ,1,['left_axis_deviation']
 atrial fibrillation rapid ventricular response xxxx - min left axis deviation old anteroseptal infarct anterolateral st and t abnormality ,1,['left_axis_deviation']
 atrial fibrillation with slow ventricular response left axis deviation right bundle branch block ,1,['left_axis_deviation']
 sinus rhythm left axis deviation left anterior fascicular block t wave are flat in ii and inverted in iii avf v4 xxxx non - specific but consistent with myocardial ischaemia ,1,['left_axis_deviation']
 premature atrial contraction ( s ) bigeminy sinus rhythm left axis deviation left anterior fascicular block non - specific intraventricular delay ,1,['left_axis_deviation']
 a rapid regular broad complex tachycardia is present this is probably a supraventricular tachycardia with left bundle branch block but ventricular tachycardia cannot be entirely excluded left axis deviation ,1,['left_axis_deviation']
 sinus rhythm left axis deviation left anterior fascicular block voltages are high in limb leads suggesting lvh st segments are depressed and t wave inverted in i avl v5 xxxx this may be due to lv strain or ischaemia ,1,['left_axis_deviation']
 sinus rhythm left axis deviation left anterior fascicular block qs complex in v2 xxxx consistent with old anteroseptal myocardial infarct t wave are low or flat in i v4 xxxx and inverted in avl findings are likely to be due to ischaemic hear ,1,['left_axis_deviation']
 atrial fibrillation left axis deviation possible old inferior myocardial infarct ,1,['left_axis_deviation']
 premature ventricular contraction ( s ) sinus rhythm left axis deviation left anterior fascicular block qs complex in v2 xxxx t wave are inverted in i avl v5 xxxx consistent with ischaemic heart disease with old anteroseptal myocardial infarct ,1,['left_axis_deviation']
 sinus rhythm right axis deviation probable left posterior fascicular block non - specific t wave flattening in i avl v6 ,1,['right_axis_deviation']
 premature ventricular contraction ( s ) sinus rhythm abnormal left axis deviation left bundle branch block ,1,['left_axis_deviation']
 atrial fibrillation left axis deviation low limb lead voltage t wave are low or flat throughout myocardial ischaemia is likely prolonged qt suggest exclude hypokalaemia ,1,['left_axis_deviation']
 there is a marked bradycardia due to xxxx av block atrial rate = xxxx - min biatrial enlargement rightward axis left posterior fascicular block right bundle branch block bifascicular block patient should be considered for a pacemaker ,1,['right_axis_deviation']
 complex ( s ) with aberrant intraventricular conduction premature atrial contraction ( s ) sinus rhythm left axis deviation incomplete right bundle branch block voltages are high in limb leads suggesting lvh st segments are depressed in i avl v5 xxxx t wave ,1,['left_axis_deviation']
 premature atrial contraction ( s ) sinus rhythm prolonged pr interval left axis deviation left bundle branch block this is most commonly due to ischaemic heart disease ,1,['left_axis_deviation']
 sinus rhythm left axis deviation qs complex in v2 xxxx q wave in v4 xxxx t wave are inverted in i avl v3 - xxxx consistent with ischaemic heart disease with anterior myocardial infarct probably old ,1,['left_axis_deviation']
 sinus rhythm borderline left axis deviation t wave are flat in i and slightly inverted in avl v4 xxxx non - specific but consistent with myocardial ischaemia ,1,['left_axis_deviation']
 sinus rhythm left axis deviation left anterior fascicular block t wave are inverted in ii iii avf v2 - xxxx and low or flat in i avl v6 findings are likely to be due to ischaemic heart disease the age of the change is uncertain prolonged qt ,1,['left_axis_deviation']
 sinus rhythm left axis deviation left anterior fascicular block non - specific intraventricular block ,4,['left_axis_deviation']
 sinus tachycardia prolonged pr interval left axis deviation left anterior fascicular block right bundle branch block possible old inferior infarct patient has trifascicular block and may be at increased risk of developing complete av block ,1,['left_axis_deviation']
 atrial fibrillation left axis deviation non - specific st segment depression in v4 xxxx ,1,['left_axis_deviation']
 sinus rhythm left axis deviation left ventricular hypertrophy st segments are depressed in i avl t wave are flat in limb leads and inverted in v4 xxxx this may be due to lv strain or ischaemia ,1,['left_axis_deviation']
 sinus rhythm left axis deviation r - s transition zone in v leads displaced to the left left anterior fascicular block st segments are depressed and t wave inverted in i avl this may be due to lv strain or ischaemia ,1,['left_axis_deviation']
 sinus rhythm voltages are high in limb leads suggesting lvh left axis deviation left anterior fascicular block qs complex in v2 old anteroseptal infarct cannot be excluded ,1,['left_axis_deviation']
 sinus tachycardia abnormal left axis deviation left bundle branch block in presence of lbbb hypertrophy or ischaemia not excluded ,1,['left_axis_deviation']
 atrial fibrillation left axis deviation left anterior fascicular block st segments are depressed in i ii avl v2 - xxxx t wave are low or flat throughout findings are likely to be due to ischaemic heart disease and digitalis effect suggest exclude hy ,1,['left_axis_deviation']
 atrial fibrillation right axis deviation low limb lead voltage q wave in i avl consistent with old lateral myocardial infarct st segments are depressed in i ii iii avf v4 xxxx t wave are inverted in v4 xxxx findings are likely to be due to i ,1,['right_axis_deviation']
 rhythm is atrial tachycardia ( rate = xxxx - min ) with variable but generally xxxx av block and rapid ventricular response left axis deviation low limb lead voltage non - specific intraventricular delay q wave in ii iii avf consistent with old inferior ,1,['left_axis_deviation']
 sinus rhythm left axis deviation st segments are depressed and t wave inverted in i avl v5 xxxx this may be due to lv strain or ischaemia ,1,['left_axis_deviation']
 sinus rhythm left axis deviation left anterior fascicular block voltages are high in limb leads suggesting lvh qs complex in v2 suggesting anteroseptal infarct of uncertain age ,1,['left_axis_deviation']
 atrial fibrillation right axis deviation r - s transition zone in v leads displaced to the left low limb lead voltage q wave in i avl suggesting old lateral infarct st segments are depressed in ii iii avf v6 t wave are low or flat throughout fi ,1,['right_axis_deviation']
 sinus rhythm prolonged pr interval left axis deviation left bundle branch block ,1,['left_axis_deviation']
 sinus rhythm prolonged pr interval possible left atrial enlargement left axis deviation left anterior fascicular block non - specific t wave flattening in i v5 xxxx and inversion in avl ,1,['left_axis_deviation']
 sinus tachycardia left axis deviation q wave in ii iii avf consistent with old inferior myocardial infarct ,1,['left_axis_deviation']
 atrial fibrillation left axis deviation non - specific intraventricular block left ventricular hypertrophy probable old inferior infarct findings are likely to be due to ischaemic heart disease ,1,['left_axis_deviation']
 sinus rhythm prolonged pr interval borderline left axis deviation right bundle branch block possible old inferior infarct ,1,['left_axis_deviation']
 sinus rhythm left axis deviation non - specific intraventricular delay left ventricular hypertrophy qs complex in v2 xxxx suggesting anteroseptal infarct probably old st segments are depressed and t wave inverted in i avl v6 this may be due to lv ,1,['left_axis_deviation']
 atrial fibrillation premature ventricular contraction ( s ) one paced complex noted left axis deviation non - specific intraventricular block ,1,['left_axis_deviation']
 atrial fibrillation left axis deviation left anterior fascicular block st segments are depressed in i avl v5 xxxx t wave are low in i v5 xxxx and inverted in avl this may be due to lv strain or ischaemia ,1,['left_axis_deviation']
 sinus rhythm borderline left axis deviation left bundle branch block this is most commonly due to ischaemic heart disease in the presence of lbbb ischaemia is not excluded ,1,['left_axis_deviation']
 complete av dissociation is present [complete heart block] atrial rate = xxxx - min ventricular rate = xxxx - min right axis deviation r - s transition zone in v leads displaced to the left low limb lead voltage possible left posterior fascicular block non - ,1,['right_axis_deviation']
 supraventricular ( probably sinus ) tachycardia right axis deviation possible left posterior fascicular block q wave in ii iii avf are probably normal old inferior infarct cannot be entirely excluded ,1,['right_axis_deviation']
 sinus tachycardia left axis deviation left anterior fascicular block otherwise normal ecg ,1,['left_axis_deviation']
 sinus rhythm left axis deviation qs complex in v2 consistent with old anteroseptal myocardial infarct q wave in ii iii avf consistent with old inferior myocardial infarct ,1,['left_axis_deviation']
 sinus tachycardia left axis deviation left anterior fascicular block non - specific t wave change in i avl ,1,['left_axis_deviation']
 sinus rhythm left axis deviation left anterior fascicular block incomplete right bundle branch block st segments are elevated in v2 - xxxx this is probably a normal variant compared with submitted tracing dated xxxx it is not significantly changed ,1,['left_axis_deviation']
 atrial fibrillation premature ventricular contraction ( s ) left axis deviation low limb lead voltage left bundle branch block this is most commonly due to ischaemic heart disease ,1,['left_axis_deviation']
 atrial fibrillation borderline left axis deviation st segments are depressed and t wave inverted in i avl v2 - xxxx findings are likely to be due to ischaemic heart disease the age of the change is uncertain ,1,['left_axis_deviation']
 sinus rhythm left axis deviation right bundle branch block q wave in v1 xxxx suggesting old anteroseptal infarct ,1,['left_axis_deviation']
 sinus rhythm premature ventricular contraction ( s ) left axis deviation non - specific intraventricular block left ventricular hypertrophy st segments are depressed and t wave inverted in i avl v4 xxxx this may be due to lv strain or ischaemia ,1,['left_axis_deviation']
 sinus tachycardia left axis deviation minor non - specific st segment depression in avl v5 xxxx ,1,['left_axis_deviation']
 sinus rhythm left axis deviation left anterior fascicular block voltages are high in limb leads suggesting lvh qs complex in v2 and tiny r wave in v3 consistent with old anteroseptal myocardial infarct st segments are depressed and t wave i ,1,['left_axis_deviation']
 sinus rhythm left axis deviation left anterior fascicular block voltages are high in limb leads suggesting lvh qs complex and st segments are elevated in v2 xxxx consistent with anteroseptal myocardial infarct of uncertain age t wave are inverted ,1,['left_axis_deviation']
 premature ventricular contraction ( s ) bigeminy premature atrial contraction ( s ) sinus tachycardia left atrial enlargement left axis deviation left anterior fascicular block probable old posterior infarct ,1,['left_axis_deviation']
 atrial fibrillation left axis deviation left ventricular hypertrophy st segments are depressed and t wave inverted in i avl v5 xxxx this may be due to lv strain or ischaemia ,1,['left_axis_deviation']
 premature ventricular contraction ( s ) sinus rhythm left axis deviation left anterior fascicular block ,1,['left_axis_deviation']
 sinus rhythm left axis deviation possible old inferior infarct ,3,['left_axis_deviation']
 premature ventricular contraction ( s ) sinus rhythm leftward axis otherwise normal ecg ,1,['left_axis_deviation']
 sinus rhythm rightward axis probable left posterior fascicular block st segments are depressed in ii iii avf t wave are inverted in v2 - xxxx findings are likely to be due to ischaemic heart disease however anterior t wave change may be due to ri ,1,['right_axis_deviation']
 sinus rhythm borderline left axis deviation non - specific t wave flattening in ii iii avf v5 xxxx myocardial ischaemia is a possible cause ,1,['left_axis_deviation']
 premature atrial contraction ( s ) sinus rhythm possible left atrial enlargement borderline left axis deviation otherwise normal ecg edit norm qsiii und lafb in manchen schlägen ,1,['left_axis_deviation']
 sinus rhythm left axis deviation left anterior fascicular block incomplete right bundle branch block otherwise no definite pathology ,1,['left_axis_deviation']
 atrial fibrillation left axis deviation non - specific intraventricular delay st segments are depressed in i ii avl v5 xxxx t wave are inverted in i avl v5 xxxx this may be due to lv strain or ischaemia and digitalis effect ,1,['left_axis_deviation']
 premature ventricular contraction ( s ) atrial fibrillation with rapid ventricular response left axis deviation low limb lead voltage qs complex in v2 xxxx consistent with old anteroseptal myocardial infarct st segments are depressed in i avl thi ,1,['left_axis_deviation']
 sinus rhythm left ventricular hypertrophy left axis deviation r - s transition zone in v leads displaced to the left left anterior fascicular block st segments are depressed and t wave inverted in i ii avl v4 xxxx this may be due to lv strain or ,1,['left_axis_deviation']
 sinus rhythm prolonged pr interval left axis deviation left anterior fascicular block qs complex in v2 and tiny r wave in v3 st segments are depressed in i avl v5 xxxx t wave are inverted in i avl and flat in v6 consistent with ischaemic heart ,1,['left_axis_deviation']
 sinus rhythm leftward axis borderline criteria for left anterior fascicular block otherwise normal ecg ,1,['left_axis_deviation']
 sinus rhythm left axis deviation left ventricular hypertrophy st segments are depressed in i avl v4 xxxx t wave are low or inverted in these leads this may be due to lv strain or ischaemia the significance of st segment elevation in ii iii avf ,1,['left_axis_deviation']
 premature ventricular contraction ( s ) sinus rhythm rightward axis otherwise normal ecg ,1,['right_axis_deviation']
 sinus rhythm abnormal left axis deviation r - s transition zone in v leads displaced to the right left anterior fascicular block left ventricular hypertrophy st and t abnormality consider high lateral ischemia or left ventricular strain ,1,['left_axis_deviation']
 sinus rhythm prolonged pr interval left axis deviation r - s transition zone in v leads displaced to the right st segments are depressed and t wave inverted in i avl v2 xxxx t wave are low or flat in v5 xxxx findings are likely to be due to ischaem ,1,['left_axis_deviation']
 sinus rhythm left axis deviation non - specific intraventricular block left ventricular hypertrophy old anteroseptal infarct st segments are depressed and t wave inverted in i avl v3 - xxxx this may be due to lv strain or ischaemia ,1,['left_axis_deviation']
 sinus rhythm left axis deviation left anterior fascicular block left ventricular hypertrophy ,2,['left_axis_deviation']
 sinus rhythm left axis deviation non - specific intraventricular delay probable old inferior infarct ,1,['left_axis_deviation']
 sinus rhythm left axis deviation minor non - specific t wave flattening in v4 xxxx ,1,['left_axis_deviation']
 sinus rhythm left axis deviation left anterior fascicular block st segments are depressed in i avl this may be due to lv strain or ischaemia ,2,['left_axis_deviation']
 sinus rhythm left axis deviation left anterior fascicular block voltages in limb leads are at upper limit ,2,['left_axis_deviation']
 sinus rhythm left axis deviation r - s transition zone in v leads displaced to the left left anterior fascicular block voltages are high in limb leads suggesting lvh ,1,['left_axis_deviation']
 sinus tachycardia right atrial enlargement right axis deviation clockwise rotation the picture is consistent with coad edit rao cold tachykardie ( rvh xxxx rao lpfb ) ,1,['right_axis_deviation']
 sinus rhythm right axis deviation r - s transition zone in v leads displaced to the left incomplete right bundle branch block ,1,['right_axis_deviation']
 sinus rhythm left axis deviation left anterior fascicular block marked clockwise rotation ,1,['left_axis_deviation']
 sinus rhythm left axis deviation left anterior fascicular block prolonged qt this may be due to a drug effect or an electrolyte disturbance ,2,['left_axis_deviation']
 sinus rhythm left axis deviation left anterior fascicular block right bundle branch block bifascicular block ,1,['left_axis_deviation']
 sinus rhythm leftward axis otherwise normal ,1,['left_axis_deviation']
 sinus rhythm incomplete right bundle branch block left axis deviation left anterior fascicular block diffuse non - specific st and t abnormality with shallow t inversion in v4 - v6 ischaemia is a likely cause ,1,['left_axis_deviation']
 sinus rhythm left axis deviation left anterior fascicular block old antero - septal infarct cannot exclude prior inferior infarct ,1,['left_axis_deviation']
 sinus tachycardia incomplete left bundle branch block with left axis deviation voltages suggest left ventricular hypertrophy st change not able to be assessed fully in view of partial left bundle branch block but are consistent with antero - lateral ischae ,1,['left_axis_deviation']
 a rapid regular supraventricular tachycardia is present left axis deviation low limb lead voltage non - specific st and t wave change ,1,['left_axis_deviation']
 sinus rhythm possible left atrial enlargement left axis deviation left anterior fascicular block q wave in v2 a small old anteroseptal infarct cannot be excluded ,1,['left_axis_deviation']
 sinus tachycardia borderline left axis deviation otherwise normal ecg ,1,['left_axis_deviation']
 sinus rhythm left axis deviation left anterior fascicular block right bundle branch block q wave in v2 an old anteroseptal infarct cannot be excluded pr interval is at upper limit of normal this patient is verging on trifascicular block and may be ,1,['left_axis_deviation']
 atrial fibrillation premature ventricular contraction ( s ) right axis deviation q wave in v2 suggesting old anteroseptal myocardial infarct st segments are depressed in ii iii avf v2 - xxxx t wave are low or flat throughout findings are likely to ,1,['right_axis_deviation']
 premature ventricular contraction ( s ) sinus rhythm left axis deviation left anterior fascicular block tiny r wave in v2 xxxx suggesting old anteroseptal infarct minor non - specific st and t wave change ,1,['left_axis_deviation']
 sinus rhythm voltages are high in limb leads suggesting lvh left axis deviation left anterior fascicular block ,1,['left_axis_deviation']
 sinus tachycardia probable biatrial enlargement right axis deviation r - s transition zone in v leads displaced to the left diffuse st and t abnormality including t inversion v1 - v4 ischaemia is a possible cause but suggest exclude electrolyte disturba ,1,['right_axis_deviation']
 premature ventricular contraction ( s ) atrial fibrillation with rapid ventricular response left axis deviation left anterior fascicular block non - specific st and t wave change ,1,['left_axis_deviation']
 sinus tachycardia left axis deviation left anterior fascicular block voltages are high in limb leads suggesting lvh minor terminal intraventricular delay no diagnostic change of ischaemia ,1,['left_axis_deviation']
 sinus rhythm prolonged pr interval left axis deviation left anterior fascicular block ,2,['left_axis_deviation']
 sinus rhythm left axis deviation left anterior fascicular block voltages are high in limb leads suggesting lvh qs complex in v2 consistent with anteroseptal myocardial infarct of uncertain age st segments are depressed in i avl t wave are in ,1,['left_axis_deviation']
 sinus rhythm borderline left axis deviation non - specific t wave flattening in i avl ,1,['left_axis_deviation']
 atrial fibrillation left axis deviation qs complex in v2 and tiny r wave in v3 suggesting old anteroseptal myocardial infarct possible old inferior myocardial infarct non - specific t wave flattening in i and inversion in avl ,1,['left_axis_deviation']
 atrial fibrillation with rapid ventricular response left axis deviation low limb lead voltage left bundle branch block this is most commonly due to ischaemic heart disease in the presence of lbbb ischaemia is not excluded ,1,['left_axis_deviation']
 sinus rhythm left axis deviation left anterior fascicular block non - specific t wave change in anteroseptal leads v2 xxxx ,1,['left_axis_deviation']
 sinus rhythm left axis deviation left anterior fascicular block qs complex in v2 suggesting old anteroseptal infarct t wave are inverted in i avl v5 non - specific but consistent with myocardial ischaemia ,1,['left_axis_deviation']
 sinus rhythm prolonged pr interval left axis deviation right bundle branch block q wave in ii iii avf consistent with old inferior myocardial infarct edit imi xxxx crbbb ( imi xxxx crbbb lafb ) ,1,['left_axis_deviation']
 sinus rhythm left axis deviation left ventricular hypertrophy st segments are depressed in i avl t wave are inverted in i avl v2 - xxxx findings are likely to be due to ischaemic heart disease the significance of slight st segment elevation in iii ,1,['left_axis_deviation']
 atrial fibrillation left axis deviation t wave are low or flat in i avl v5 xxxx non - specific but consistent with myocardial ischaemia ,1,['left_axis_deviation']
 premature ventricular contraction ( s ) sinus rhythm prolonged pr interval left axis deviation left anterior fascicular block non - specific intraventricular delay ,1,['left_axis_deviation']
 sinus rhythm borderline left axis deviation low limb lead voltage incomplete right bundle branch block no definite pathology ,1,['left_axis_deviation']
 sinus tachycardia left axis deviation voltages are high in limb leads suggesting lvh st segments are depressed in i ii avl v4 xxxx t wave are low or flat in these leads this may be due to lv strain or ischaemia ,1,['left_axis_deviation']
 sinus rhythm left axis deviation left anterior fascicular block non - specific t wave flattening in i avl v5 xxxx ,1,['left_axis_deviation']
 sinus rhythm borderline left axis deviation r - s transition zone in v leads displaced to the right voltages in limb leads are at upper limit ,1,['left_axis_deviation']
 sinus arrhythmia abnormal left axis deviation left anterior fascicular block left ventricular hypertrophy incomplete right bundle branch block st and t abnormality consider high lateral ischemia or left ventricular strain ,1,['left_axis_deviation']
 atrial fibrillation with rapid ventricular response left axis deviation r - s transition zone in v leads displaced to the left left anterior fascicular block non - specific t wave abnormality in inferolateral leads ,1,['left_axis_deviation']
 atrial fibrillation with rapid ventricular response left axis deviation qs complex in v2 and tiny r wave in v3 xxxx consistent with old anterior myocardial infarct st segments are depressed in i ii iii avl avf and grossly so in v2 - xxxx findings ,1,['left_axis_deviation']
 sinus rhythm left axis deviation voltages are high in limb leads suggesting lvh edit asmi xxxx lafb lvh xxxx sokolow xxxx ( asmi xxxx lafb ) ,1,['left_axis_deviation']
 atrial fibrillation with rapid ventricular response right axis deviation non - specific intraventricular delay st segments are depressed and t wave inverted in ii iii avf v5 xxxx this may be due to lv strain or ischaemia ,1,['right_axis_deviation']
 sinus rhythm left axis deviation non - specific intraventricular block qs complex in v2 xxxx consistent with anteroseptal myocardial infarct of uncertain age ,1,['left_axis_deviation']
 premature ventricular contraction ( s ) atrial fibrillation left axis deviation non - specific intraventricular block ,1,['left_axis_deviation']
 sinus rhythm left axis deviation q wave in ii iii avf v5 xxxx t wave are low in v5 xxxx consistent with old inferolateral myocardial infarct ,1,['left_axis_deviation']
 sinus rhythm right axis deviation incomplete right bundle branch block these features are not necessarily of pathological significance ,1,['right_axis_deviation']
 sinus rhythm left axis deviation no definite pathology edit norm ( norm xxxx lafb xxxx ) ,1,['left_axis_deviation']
 sinus rhythm left axis deviation left anterior fascicular block t wave are flat or slightly inverted in limb leads and v3 - xxxx findings are likely to be due to ischaemic heart disease suggest exclude hypokalaemia ,1,['left_axis_deviation']
 sinus rhythm p wave are inconspicuous left axis deviation left anterior fascicular block right bundle branch block bifascicular block pr interval is normal ,1,['left_axis_deviation']
 sinus rhythm left axis deviation left anterior fascicular block probable old anteroseptal myocardial infarct voltages are high in limb leads suggesting lvh st segments are depressed and t wave inverted in i avl v4 xxxx this may be due to lv str ,1,['left_axis_deviation']
 sinus rhythm right axis deviation no definite pathology ,1,['right_axis_deviation']
 atrial fibrillation with rapid ventricular response left axis deviation left anterior fascicular block incomplete right bundle branch block ,1,['left_axis_deviation']
 premature ventricular contraction ( s ) premature atrial contraction ( s ) sinus rhythm prolonged pr interval left axis deviation left anterior fascicular block qs complex in v2 and tiny r wave in v3 suggesting old anteroseptal myocardial infarct ,1,['left_axis_deviation']
 atrial fibrillation left axis deviation left anterior fascicular block minor non - specific t wave flattening in i avl v5 xxxx ,1,['left_axis_deviation']
 sinus rhythm left axis deviation left anterior fascicular block t wave are low in ii v6 and inverted in iii avf non - specific but consistent with inferolateral myocardial ischaemia ,1,['left_axis_deviation']
 sinus rhythm prolonged pr interval left axis deviation left bundle branch block this is most commonly due to ischaemic heart disease ,2,['left_axis_deviation']
 sinus rhythm prolonged pr interval possible left atrial enlargement left axis deviation non - specific intraventricular block there is no definite ecg evidence to suggest recent ischaemia ,1,['left_axis_deviation']
 premature ventricular contraction ( s ) premature atrial contraction ( s ) sinus rhythm left axis deviation left anterior fascicular block qs complex in v2 xxxx consistent with old anterior myocardial infarct st segments are depressed in i avl t ,1,['left_axis_deviation']
 premature ventricular contraction ( s ) premature atrial contraction ( s ) left axis deviation old inferior and anterolateral infarcts ,1,['left_axis_deviation']
 premature ventricular contraction ( s ) sinus rhythm left axis deviation no definite pathology ,1,['left_axis_deviation']
 sinus rhythm prolonged pr interval left axis deviation left anterior fascicular block t wave are inverted in i avl this may be due to lv strain or ischaemia ,1,['left_axis_deviation']
 premature atrial contraction ( s ) sinus rhythm posssible left atrial enlargement left axis deviation left anterior fascicular block tiny r wave in v2 xxxx suggesting old anteroseptal infarct st segments are depressed in i avl t wave are flat in i an ,1,['left_axis_deviation']
 premature ventricular contraction ( s ) sinus rhythm left axis deviation left ventricular hypertrophy qs complex in v2 xxxx q wave in v5 st segments are elevated in v2 - xxxx t wave are inverted in i avl v6 consistent with ischaemic heart disease wit ,1,['left_axis_deviation']
 premature ventricular contraction ( s ) trigeminy premature atrial contraction ( s ) sinus rhythm possible left atrial enlargement left axis deviation left anterior fascicular block non - specific intraventricular block ,1,['left_axis_deviation']
 premature atrial contraction ( s ) sinus rhythm left axis deviation left anterior fascicular block non - specific intraventricular delay left ventricular hypertrophy q wave in v2 xxxx suggesting old anteroseptal infarct st segments are depressed in i avl ,1,['left_axis_deviation']
 premature ventricular contraction ( s ) bigeminy sinus rhythm left axis deviation st segments are depressed and t wave inverted in i avl and low in v5 xxxx this may be due to lv strain or ischaemia ,1,['left_axis_deviation']
 sinus rhythm prolonged pr interval left axis deviation left anterior fascicular block non - specific intraventricular block ,1,['left_axis_deviation']
 sinus rhythm voltages are high in limb leads suggesting lvh left axis deviation left anterior fascicular block qs complex in v2 xxxx consistent with old anteroseptal myocardial infarct minor non - specific st segment elevation in ii iii avf ,1,['left_axis_deviation']
 sinus rhythm right axis deviation qs complex in v2 xxxx st segments are elevated in v2 xxxx t wave are inverted in i avl v2 - xxxx q wave in i avl consistent with anterior and lateral myocardial infarct of uncertain age persistent st segment elev ,1,['right_axis_deviation']
 sinus bradycardia prolonged pr interval left axis deviation left bundle branch block this is most commonly due to ischaemic heart disease ,1,['left_axis_deviation']
 sinus rhythm premature ventricular contractions bigeminy left axis deviation st segments are depressed in i v4 xxxx t wave are inverted in v5 xxxx this may be due to lv strain or ischaemia the computer has selected vpbs as typical ventricular complex ,1,['left_axis_deviation']
 premature atrial contraction ( s ) sinus rhythm left axis deviation left anterior fascicular block voltages are high in chest leads suggesting lvh ,1,['left_axis_deviation']
 sinus rhythm possible left atrial enlargement left axis deviation non - specific intraventricular block left ventricular hypertrophy non - specific st and t wave change ,1,['left_axis_deviation']
 sinus rhythm pr interval slightly prolonged left axis deviation possible old inferior infarct ,1,['left_axis_deviation']
 sinus rhythm leftward axis nornal ecg ,1,['left_axis_deviation']
 sinus rhythm leftward axis non specific intraventricular delay st and t abnormality consider lateral ischemia or left ventricular strain ,1,['left_axis_deviation']
 atrial fibrillation with junctional rhythm rate xxxx multifocal ventricular premature complex with salvols of xxxx ventricular premature complex left axis deviation old anterior infarct query old inferior infarct pattern in rhythm is consistent with digitalis to ,1,['left_axis_deviation']
 atrial fibrillation left axis deviation left anterior fascicular block incomplete right bundle branch block non - specific t wave flattening in i v5 ,1,['left_axis_deviation']
 sinus rhythm left axis deviation left anterior fascicular block st segments are depressed in i avl t wave are inverted in i avl v5 xxxx findings are likely to be due to ischaemic heart disease ,1,['left_axis_deviation']
 sinus rhythm left axis deviation left anterior fascicular block non - specific intraventricular block q wave in v1 xxxx old anteroseptal infarct cannot be excluded ,1,['left_axis_deviation']
 sinus rhythm leftward axis t wave are inverted in i avl v3 - xxxx findings are likely to be due to ischaemic heart disease the age of the change is uncertain ,1,['left_axis_deviation']
 atrial fibrillation with rapid ventricular response voltages are high in limb leads suggesting lvh left axis deviation left anterior fascicular block st segments are depressed in i avl v4 xxxx t wave are low or flat in these leads and inverted in ,1,['left_axis_deviation']
 atrial fibrillation with rapid ventricular response left axis deviation left anterior fascicular block qs complex in v2 and tiny r wave in v3 consistent with old anteroseptal myocardial infarct non - specific st and t wave change ,1,['left_axis_deviation']
 sinus tachycardia right axis deviation low limb lead voltage possible left posterior fascicular block q wave in v1 - xxxx consistent with old anterior myocardial infarct ,1,['right_axis_deviation']
 sinus tachycardia left axis deviation voltages are high in limb leads suggesting lvh probable old anteroseptal infarct t wave are low or flat in i v5 xxxx this may be due to lv strain or ischaemia ,1,['left_axis_deviation']
 premature atrial contraction ( s ) possible chaotic atrial rhythm probable right atrial enlargement right axis deviation possible left posterior fascicular block findings suggest chronic respiratory disease ,1,['right_axis_deviation']
 premature ventricular contraction ( s ) sinus rhythm right axis deviation probable left posterior fascicular block right bundle branch block bifascicular block ,1,['right_axis_deviation']
 sinus rhythm possible left atrial enlargement borderline left axis deviation left ventricular hypertrophy st segments are depressed and t wave inverted in i avl v5 xxxx this may be due to lv strain or ischaemia ,1,['left_axis_deviation']
 premature atrial contraction ( s ) sinus rhythm prolonged pr interval left axis deviation left anterior fascicular block right bundle branch block q wave in v1 xxxx consistent with old anterior myocardial infarct this patient has trifascicular bl ,1,['left_axis_deviation']
 sinus rhythm left axis deviation left anterior fascicular block right bundle branch block bifascicular block pr interval is normal non - specific st and t wave change ,1,['left_axis_deviation']
 sinus rhythm incomplete right bundle branch block left axis deviation left anterior fascicular block prolonged qt this may be due to a drug effect or an electrolyte disturbance ,1,['left_axis_deviation']
 sinus rhythm left axis deviation left anterior fascicular block st segments are depressed in i ii avl v4 xxxx t wave are inverted in i avl v3 - xxxx this may be due to lv strain or ischaemia ,1,['left_axis_deviation']
 sinus tachycardia right axis deviation right bundle branch block q wave in ii iii avf consistent with old inferior myocardial infarct ,1,['right_axis_deviation']
 sinus rhythm left axis deviation voltages are high in limb leads suggesting lvh qs complex in v2 xxxx consistent with old anterior myocardial infarct minor non - specific st and t wave change in i avl ,1,['left_axis_deviation']
 sinus rhythm right axis deviation possible left posterior fascicular block incomplete right bundle branch block q wave in ii iii avf v4 xxxx st segments are depressed in these leads consistent with old inferolateral myocardial infarct ,1,['right_axis_deviation']
 atrial fibrillation left axis deviation left anterior fascicular block qs complex in v2 and tiny r wave in v3 xxxx st segments are depressed in i avl v5 xxxx t wave are inverted in i avl v6 consistent with ischaemic heart disease with old anterior ,1,['left_axis_deviation']
 sinus rhythm left axis deviation left anterior fascicular block st segments are elevated in v2 xxxx t wave are inverted in i ii v4 xxxx with terminal inversion in v3 findings are likely to be due to ischaemic heart disease and may represent anterolat edit injas injal lafb ( injal xxxx lafb ) ,1,['left_axis_deviation']
 sinus rhythm left axis deviation r - s transition zone in v leads displaced to the left possible old inferior infarct ,1,['left_axis_deviation']
 junctional bradycardia rate xxxx - min underlying atrial flutter - fibrillation left axis deviation intraventricular conduction delay probable anteroseptal infarct of undetermined age prolonged qt interval exclude electrolyte disturbance nb this brady ,1,['left_axis_deviation']
 sinus rhythm left axis deviation left anterior fascicular block t wave are inverted in i avl v3 xxxx and flat in v6 findings are likely to be due to ischaemic heart disease they may represent subendocardial infarct of uncertain age ,1,['left_axis_deviation']
 sinus tachycardia prolonged pr interval left axis deviation left anterior fascicular block ,1,['left_axis_deviation']
 sinus rhythm left axis deviation left anterior fascicular block st segments are depressed and t wave inverted in i avl t wave are flat in v4 xxxx non - specific but consistent with myocardial ischaemia prolonged qt this may be due to a drug effe ,1,['left_axis_deviation']
 premature ventricular contraction ( s ) sinus tachycardia prolonged pr interval left axis deviation st segments are depressed in i avl v5 xxxx this may be due to lv strain or ischaemia ,1,['left_axis_deviation']
 premature atrial contraction ( s ) sinus rhythm r - s transition zone in v leads displaced to the left left axis deviation left anterior fascicular block voltages in limb leads are at upper limit st segments are depressed in i ii avl t wave are flat ,1,['left_axis_deviation']
 sinus arrhythmia rightward axis normal ecg ,1,['right_axis_deviation']
 premature atrial contraction ( s ) sinus rhythm left axis deviation r - s transition zone in v leads displaced to the left left anterior fascicular block incomplete right bundle branch block ,1,['left_axis_deviation']
 sinus rhythm left axis deviation left anterior fascicular block st segments are depressed in i avl v3 - xxxx t wave are low or flat throughout myocardial ischaemia is likely suggest exclude hypokalaemia ,1,['left_axis_deviation']
 sinus rhythm left axis deviation voltages in chest leads are at upper limit non - specific st segment depression in v5 xxxx ,1,['left_axis_deviation']
 sinus rhythm prolonged pr interval left axis deviation r - s transition zone in v leads displaced to the right left anterior fascicular block incomplete right bundle branch block ,1,['left_axis_deviation']
 sinus rhythm right atrial enlargement left axis deviation left anterior fascicular block ,1,['left_axis_deviation']
 sinus rhythm borderline left axis deviation voltages are high in chest leads suggesting lvh qs complex in v2 old anteroseptal infarct cannot be excluded ,1,['left_axis_deviation']
 sinus rhythm left axis deviation left anterior fascicular block incomplete right bundle branch block st segments are depressed in i avl v2 - xxxx t wave are low or flat throughout non - specific but consistent with myocardial ischaemia suggest exclude ,1,['left_axis_deviation']
 sinus rhythm left axis deviation q wave in ii iii avf consistent with old inferior myocardial infarct compared with tracing of xxxx it is very similar both tracings show artifact due to electrical interference ,1,['left_axis_deviation']
 premature ventricular contraction ( s ) atrial fibrillation rightward axis right bundle branch block possible old inferior myocardial infarct ,1,['right_axis_deviation']
 premature atrial contraction ( s ) sinus rhythm left axis deviation q wave in ii iii avf consistent with inferior myocardial infarct of uncertain age tiny r wave in v2 xxxx suggesting old anteroseptal infarct st segments are depressed in i avl v5 ,1,['left_axis_deviation']
 atrial fibrillation borderline left axis deviation no definite pathology ,1,['left_axis_deviation']
 atrial fibrillation borderline left axis deviation poor progression of r wave in anterior chest leads consistent with old anterior myocardial infarct st segments are depressed and t wave inverted in i avl v6 this may be due to lv strain or i ,1,['left_axis_deviation']
 atrial fibrillation with rapid ventricular response left axis deviation qs complex in v2 suggesting old anteroseptal infarct q wave in ii iii avf consistent with old inferior myocardial infarct t wave are flat in i avl v5 xxxx findings are ,1,['left_axis_deviation']
 sinus rhythm left axis deviation low limb lead voltage possible old inferior infarct ,1,['left_axis_deviation']
 sinus rhythm prolonged pr interval left axis deviation left anterior fascicular block left ventricular hypertrophy poor progression of r wave in anterior chest leads suggesting old anteroseptal myocardial infarct st segments are depressed in i ,1,['left_axis_deviation']
 sinus rhythm borderline left axis deviation incomplete right bundle branch block t wave are inverted in v2 xxxx myocardial ischaemia is a possible cause ,1,['left_axis_deviation']
 premature ventricular contraction ( s ) sinus rhythm prolonged pr interval left axis deviation left anterior fascicular block right bundle branch block patient has trifascicular block and may be at increased risk of developing complete av block q ,1,['left_axis_deviation']
 premature ventricular contraction ( s ) bigeminy atrial fibrillation low limb lead voltage left axis deviation left anterior fascicular block poor progression of r wave in anterior chest leads suggesting old anterior myocardial infarct t wave are ,1,['left_axis_deviation']
 sinus rhythm prolonged pr interval left axis deviation left anterior fascicular block right bundle branch block patient has trifascicular block and may be at increased risk of developing complete av block q wave in v2 old anteroseptal infarct c ,1,['left_axis_deviation']
 atrial fibrillation with controlled ventricular response left axis deviation left bundle branch block ,1,['left_axis_deviation']
 sinus rhythm prolonged pr interval left axis deviation left anterior fascicular block st segments are depressed in i avl v3 - xxxx t wave are flat in limb leads and v3 and inverted in v4 xxxx this may be due to lv strain or ischaemia q wave in v2 an ,1,['left_axis_deviation']
 premature atrial contraction ( s ) sinus rhythm left axis deviation left anterior fascicular block right bundle branch block bifascicular block pr interval is normal ,2,['left_axis_deviation']
 sinus rhythm left axis deviation left anterior fascicular block non - specific intraventricular delay ,1,['left_axis_deviation']
 premature ventricular contraction ( s ) atrial fibrillation with rapid ventricular response left axis deviation low limb lead voltage possible old inferior infarct ,1,['left_axis_deviation']
 sinus tachycardia left axis deviation probable left anterior fascicular block ( lafb ) low limb lead voltage poor anteroseptal r progression may reflect lafb but cant exclude previous anteroseptal infarct ,1,['left_axis_deviation']
 sinus rhythm prolonged pr interval left axis deviation t wave are inverted in i avl and low or flat in v4 xxxx non - specific but consistent with myocardial ischaemia ,1,['left_axis_deviation']
 sinus rhythm rightward axis right bundle branch block ,1,['right_axis_deviation']
 sinus rhythm left axis deviation left anterior fascicular block qs complex in v2 xxxx consistent with old anterior myocardial infarct st segments are depressed and t wave inverted in i avl this may be due to lv strain or ischaemia ,1,['left_axis_deviation']
 sinus rhythm borderline left axis deviation ,1,['left_axis_deviation']
 atrial fibrillation with controlled ventricular response ventricular premature complex left axis deviation left anterior fascicular block poor antero - septal r wave progression indicating possible old infarct ,1,['left_axis_deviation']
 sinus rhythm left axis deviation and clockwise rotation due to left anterior fascicular block possible left ventricular hypertrophy non - specific st and t abnormality ,1,['left_axis_deviation']
 sinus rhythm left axis deviation left anterior fascicular block non - specific intraventricular conduction delay possible old antero - septal infarct non - specific st and t abnormality ,1,['left_axis_deviation']
 premature ventricular contraction ( s ) sinus rhythm left axis deviation left anterior fascicular block right bundle branch block bifascicular block pr interval is at about upper limit of normal q wave in v2 old anteroseptal infarct cannot be exclu edit asmi xxxx crbbb lafb zielbereich xxxx bbb xxxx % myocardial infarct xxxx % ,1,['left_axis_deviation']
 premature ventricular contraction ( s ) sinus rhythm left axis deviation q wave in ii iii avf st segments are depressed and t wave inverted in i avl v5 xxxx consistent with ischaemic heart disease with old inferior myocardial infarct ,1,['left_axis_deviation']
 atrial fibrillation with rapid ventricular response left axis deviation left bundle branch block this is most commonly due to ischaemic heart disease ,1,['left_axis_deviation']
 sinus tachycardia left axis deviation left anterior fascicular block qs complex in v2 xxxx consistent with old anteroseptal myocardial infarct ,1,['left_axis_deviation']
 atrial fibrillation left axis deviation non - specific intraventricular block left ventricular hypertrophy st and t wave change in i avl may be due to lv strain or ischaemia ,1,['left_axis_deviation']
 premature atrial contraction ( s ) sinus rhythm left axis deviation left anterior fascicular block non - specific inferolateral t wave abnormality ,1,['left_axis_deviation']
 sinus rhythm left axis deviation left anterior fascicular block t wave are low or flat throughout suggest exclude hypokalaemia ,1,['left_axis_deviation']
 atrial fibrillation with rapid ventricular response left axis deviation left anterior fascicular block st segments are depressed in i ii avl avf v3 - xxxx t wave are low in limb leads and v6 this may be due to lv strain or ischaemia ,1,['left_axis_deviation']
 premature atrial contraction ( s ) sinus tachycardia slightly prolonged pr interval left axis deviation non - specific intraventricular block left ventricular hypertrophy ,1,['left_axis_deviation']
 atrial flutter with variable av block left axis deviation left anterior fascicular block voltages are high in limb leads suggesting lvh ,1,['left_axis_deviation']
 sinus rhythm left axis deviation non - specific intraventricular block findings are likely to be due to ischaemic heart disease ,1,['left_axis_deviation']
 premature atrial contraction ( s ) sinus rhythm borderline left axis deviation st segments are slightly depressed in i avl v3 - xxxx this may be due to lv strain or ischaemia ,1,['left_axis_deviation']
 sinus rhythm left axis deviation non - specific intraventricular block voltages are high in limb leads suggesting lvh st segments are depressed and t wave inverted in i avl v5 xxxx this may be due to lv strain or ischaemia deep but narrow q wave i ,1,['left_axis_deviation']
 sinus rhythm borderline left axis deviation t wave are flat in ii and inverted in iii avf inferior myocardial oschaemia cannot be excluded consensus label derived from { imi xxxx ndt xxxx nt_ xxxx sr xxxx 0} { imi xxxx ndt xxxx sr xxxx 0} ,1,['left_axis_deviation']
 sinus rhythm prolonged pr interval borderline left axis deviation otherwise no definite pathology ,1,['left_axis_deviation']
 sinus rhythm left axis deviation left anterior fascicular block voltages are high in limb leads suggesting lvh st segments are depressed in i avl this may be due to lv strain or ischaemia ,1,['left_axis_deviation']
 premature atrial contraction ( s ) sinus rhythm left axis deviation left anterior fascicular block right bundle branch block bifascicular block left ventricular hypertrophy non - specific st segment depression in i avl ,1,['left_axis_deviation']
 sinus rhythm grossly prolonged pr interval ( approx xxxx sec ) one dropped complex possibly due to a blocked atrial premature complex left axis deviation non - specific intraventricular block non - specific st and t wave change it is difficult to determine whe ,1,['left_axis_deviation']
 premature ventricular contraction ( s ) couplets atrial fibrillation with rapid ventricular response left axis deviation left anterior fascicular block voltages are high in limb leads suggesting lvh possible old anteroseptal myocardial infarct non - ,1,['left_axis_deviation']
 premature atrial contraction ( s ) sinus tachycardia left axis deviation left anterior fascicular block probable old anteroseptal infarct anterolateral st and t wave change which are non - diagnostic ,1,['left_axis_deviation']
 premature ventricular contraction ( s ) sinus arrhythmia borderline left axis deviation r - s transition zone in v leads displaced to the right no definite pathology ,1,['left_axis_deviation']
 premature ventricular contraction ( s ) prolonged pr interval left axis deviation left anterior fascicular block non - specific intraventricular block ,1,['left_axis_deviation']
 sinus rhythm left axis deviation left anterior fascicular block qs complex in v2 xxxx consistent with old anteroseptal myocardial infarct st segments are depressed in i avl v6 this may be due to lv strain or ischaemia ,1,['left_axis_deviation']
 premature atrial contraction ( s ) premature ventricular contraction ( s ) sinus rhythm right axis deviation left posterior fascicular block non - specific intraventricular block ,1,['right_axis_deviation']
 sinus rhythm left axis deviation left anterior fascicular block non - specific intraventricular block qs complex in v2 suggesting old anteroseptal infarct ,1,['left_axis_deviation']
 atrial fibrillation left axis deviation right bundle branch block q wave in ii iii avf consistent with inferior myocardial infarct probably old possible old anteroseptal myocardial infarct ,1,['left_axis_deviation']
 sinus tachycardia right atrial enlargement rightward axis r - s transition zone in v leads displaced to the left probable left posterior fascicular block t wave are inverted in v2 xxxx this is non - specific consider right ventricular hypertrophy ,1,['right_axis_deviation']
 premature atrial contraction ( s ) sinus rhythm left axis deviation non - specific intraventricular block it is difficult to determine whether any change are recent ,1,['left_axis_deviation']
 sinus rhythm left axis deviation right bundle branch block ,1,['left_axis_deviation']
 remature ventricular contraction ( s ) sinus rhythm prolonged pr interval ( xxxx sec ) left axis deviation left anterior fascicular block non - specific intraventricular block ,1,['left_axis_deviation']
 premature atrial contraction ( s ) sinus rhythm left axis deviation non - specific intraventricular block voltages are high in limb leads suggesting lvh non - specific st and t wave change ,1,['left_axis_deviation']
 premature ventricular contraction ( s ) sinus rhythm left axis deviation left anterior fascicular block voltages are high in limb leads suggesting lvh non - specific st and t wave change in i avl ,1,['left_axis_deviation']
 sinus bradycardia rightward axis no definite pathology the bradycardia may be physiological ,1,['right_axis_deviation']
 atrial fibrillation with rapid ventricular response left axis deviation left anterior fascicular block probable old anteroseptal infarct ,1,['left_axis_deviation']
 sinus rhythm borderline left axis deviation voltages are high in limb leads suggesting lvh otherwise normal ecg ,1,['left_axis_deviation']
 sinus rhythm left axis deviation left anterior fascicular block q wave in v2 xxxx consistent with old anteroseptal myocardial infarct st segments are depressed in i avl t wave are low or flat in these leads this may be due to lv strain or isch ,1,['left_axis_deviation']
 atrial fibrillation with slow ventricular response left axis deviation st segments are depressed in i avl t wave are low flat or slightly inverted throughout findings are likely to be due to ischaemic heart disease suggest exclude hypokalaemia ,1,['left_axis_deviation']
 sinus tachycardia left axis deviation and clockwise rotation due to left anterior fascicular block ,1,['left_axis_deviation']
 sinus rhythm borderline leftward axis voltages suggest left ventricular hypertrophy st change query early left ventricular strain ,1,['left_axis_deviation']
 sinus rhythm atrial premature complex left axis deviation with marked clockwise rotation due to left anterior fascicular block intraventricular conduction delay of partial left bundle branch block type ,1,['left_axis_deviation']
 sinus rhythm left axis deviation left anterior fascicular block st segments are depressed and t wave flat in i avl this may be due to lv strain or ischaemia ,1,['left_axis_deviation']
 sinus arrhythmia left axis deviation non - specific intraventricular block left ventricular hypertrophy st segments are depressed and t wave inverted in i avl this may be due to lv strain or ischaemia ,1,['left_axis_deviation']
 sinus rhythm leftward axis qs complex in v2 consistent with anteroseptal infarct of uncertain age st segments are depressed in i avl v3 t wave are low or flat in i avl v4 xxxx findings are likely to be due to ischaemic heart disease ,1,['left_axis_deviation']
 sinus rhythm possible left atrial enlargement borderline left axis deviation incomplete right bundle branch block ,1,['left_axis_deviation']
 sinus rhythm left axis deviation left anterior fascicular block voltages are high in limb leads suggesting lvh q wave in v2 suggesting old anteroseptal myocardial infarct st segments are depressed in i avl t wave are flat in i and inverted in ,1,['left_axis_deviation']
 sinus rhythm prolonged pr interval left axis deviation left anterior fascicular block incomplete left bundle branch block probable left ventricular hypertrophy ,1,['left_axis_deviation']
 sinus rhythm prolonged pr interval left axis deviation left anterior fascicular block tiny r wave in v2 xxxx voltages are high in limb leads suggesting lvh st segments are depressed in i avl v6 t wave are low or flat in these leads consistent w ,1,['left_axis_deviation']
 premature ventricular contraction ( s ) sinus rhythm borderline left axis deviation left bundle branch block this is most commonly due to ischaemic heart disease ,1,['left_axis_deviation']
 sinus rhythm possible left atrial enlargement left axis deviation left anterior fascicular block ,1,['left_axis_deviation']
 sinus tachycardia right atrial enlargement rightward axis otherwise no definite pathology edit rao xxxx lpfb tiefe s v5 - xxxx ohne entsprechende r rechtspräkordial reicht nicht aus für definitive diagnose einer rechtshypertrophie ( rao lpfb ) ,1,['right_axis_deviation']
 premature ventricular contraction ( s ) rapid regular supraventricular tachycardia this appears to be atrial tachycardia with xxxx av block left axis deviation left anterior fascicular block st segments are depressed and t wave inverted in i avl ,1,['left_axis_deviation']
 sinus rhythm left axis deviation left anterior fascicular block prolonged pr interval ( xxxx sec ) possible old anteroseptal infarct otherwise no definite pathology ,1,['left_axis_deviation']
 sinus tachycardia left axis deviation qs complex in v2 xxxx consistent with old anteroseptal myocardial infarct q wave in ii iii avf consistent with old inferior myocardial infarct ,1,['left_axis_deviation']
 sinus rhythm left axis deviation non - specific intraventricular block st segments are depressed in i avl v6 t wave are inverted in avl non - specific but consistent with myocardial ischaemia q wave in i avl suggest old lateral infarct ,1,['left_axis_deviation']
 sinus rhythm left axis deviation voltages in chest leads are at upper limit no definite pathology ,1,['left_axis_deviation']
 complex ( s ) with aberrant intraventricular conduction premature ventricular contraction ( s ) sinus rhythm borderline left axis deviation left bundle branch block this is most commonly due to ischaemic heart disease ,1,['left_axis_deviation']
 sinus rhythm possible left atrial enlargement left axis deviation left anterior fascicular block voltages are high in limb leads suggesting lvh deep but narrow q wave in i avl may indicate septal hypertrophy ,1,['left_axis_deviation']
 sinus rhythm left axis deviation borderline criteria for left anterior fascicular block incomplete right bundle branch block otherwise normal ecg ,1,['left_axis_deviation']
 premature ventricular contraction ( s ) premature atrial contraction ( s ) sinus rhythm grossly prolonged pr interval left axis deviation q wave in ii iii avf consistent with old inferior myocardial infarct ,1,['left_axis_deviation']
 sinus rhythm rightward axis right bundle branch block st segments are depressed in ii iii avf v5 xxxx non - specific but consistent with myocardial ischaemia ,1,['right_axis_deviation']
 premature ventricular contraction ( s ) atrial fibrillation borderline left axis deviation st segments are depressed in i ii v4 xxxx t wave are inverted in i avl v5 xxxx findings are likely to be due to ischaemic heart disease and digitalis effect ,1,['left_axis_deviation']
 sinus rhythm rightward axis right bundle branch block st segments are depressed in inferolateral leads non - specific but consistent with myocardial ischaemia ,1,['right_axis_deviation']
 sinus rhythm left axis deviation left anterior fascicular block right bundle branch block bifascicular block pr interval is normal voltages are high in limb leads suggesting lvh q wave in v1 xxxx consistent with old anteroseptal myocardial infar ,1,['left_axis_deviation']
 premature ventricular contraction ( s ) sinus rhythm left axis deviation q wave in ii iii avf consistent with old inferior myocardial infarct t wave are flat or slightly inverted throughout findings are likely to be due to ischaemic heart d ,1,['left_axis_deviation']
 atrial fibrillation left axis deviation left anterior fascicular block right bundle branch block bifascicular block probable left ventricular hypertrophy q wave in v1 xxxx consistent with old anteroseptal myocardial infarct ,1,['left_axis_deviation']
 sinus rhythm left axis deviation left anterior fascicular block t wave are inverted in ii iii avf and flat in v4 xxxx non - specific but consistent with myocardial ischaemia the age of the change is uncertain ,1,['left_axis_deviation']
 sinus tachycardia left axis deviation qs complex in v2 xxxx consistent with old anteroseptal myocardial infarct t wave are slightly inverted in i avl v5 xxxx findings are likely to be due to ischaemic heart disease the age of the change is u ,1,['left_axis_deviation']
 sinus tachycardia pr interval is at about upper limit of normal left axis deviation incomplete right bundle branch block q wave in ii iii avf consistent with old inferior myocardial infarct ,1,['left_axis_deviation']
 atrial fibrillation left axis deviation otherwise no definite pathology ,1,['left_axis_deviation']
 premature ventricular contraction ( s ) sinus tachycardia left axis deviation voltages are high in limb leads suggesting lvh non - specific intraventricular block ,1,['left_axis_deviation']
 sinus rhythm prolonged pr interval borderline left axis deviation incomplete right bundle branch block ,1,['left_axis_deviation']
 sinus rhythm left axis deviation left anterior fascicular block voltages are high in limb leads suggesting lvh q wave in v2 suggests old anteroseptal infarct t wave are low in i avl v5 xxxx prolonged qt this may be due to a drug effect or an ele ,1,['left_axis_deviation']
 premature ventricular contraction ( s ) interpolated premature ventricular contraction ( s ) sinus rhythm left axis deviation incomplete right bundle branch block voltages are high in limb leads suggesting lvh ,1,['left_axis_deviation']
 sinus rhythm left axis deviation left anterior fascicular block non - specific intraventricular block the age of the change is uncertain ,1,['left_axis_deviation']
 sinus rhythm left axis deviation non - specific t wave flattening in i and inversion in avl ,1,['left_axis_deviation']
 sinus arrhythmia possibly a run of junctional rhythm right superior axis deviation possible left posterior fascicular block non - specific st and t wave change this tracing cannot be adequately interpreted without full clinical picture and previous tra ,1,['right_axis_deviation']
 frequent premature atrial contractions with a short run of svt sinus rhythm left axis deviation left anterior fascicular block minor non - specific t wave flattening in v5 xxxx holter monitor may be helpful ,1,['left_axis_deviation']
 sinus rhythm left axis deviation q wave in ii iii avf consistent with old inferior myocardial infarct qs complex in v2 xxxx consistent with old anterior myocardial infarct st segments are depressed in i avl v6 t wave are low or flat ,1,['left_axis_deviation']
 sinus rhythm prolonged pr interval left axis deviation right bundle branch block qs complex in ii iii avf consistent with inferior myocardial infarct of uncertain age ,1,['left_axis_deviation']
 sinus rhythm left axis deviation qs complex in v2 - xxxx t wave are inverted in these leads and flat in i v6 consistent with ischaemic heart disease with anterior myocardial infarct probably old ,1,['left_axis_deviation']
 sinus rhythm abnormal left axis deviation left bundle branch block ,1,['left_axis_deviation']
 sinus rhythm left axis deviation r - s transition zone in v leads displaced to the right left anterior fascicular block incomplete right bundle branch block otherwise normal ecg ,1,['left_axis_deviation']
 sinus rhythm borderline left axis deviation voltages are high in limb leads suggesting lvh minor non - specific t wave flattening in v4 xxxx ,1,['left_axis_deviation']
 sinus rhythm left axis deviation left anterior fascicular block left ventricular hypertrophy st segments are depressed in i avl v4 xxxx t wave are inverted in ii iii avf v4 xxxx and flat in i avl this may be due to lv strain or ischaemia ,1,['left_axis_deviation']
 sinus rhythm left axis deviation right bundle branch block left anterior fascicular block bifascicular block pr interval is normal non - specific st and t wave change in anterior lateral and inferior leads ,1,['left_axis_deviation']
 premature ventricular contraction ( s ) premature atrial contraction ( s ) sinus rhythm pr interval is sometimes prolonged left axis deviation qs complex in v2 xxxx and q wave in v4 consistent with old anterior myocardial infarct st segments are depresse ,1,['left_axis_deviation']
 sinus rhythm prolonged pr interval left axis deviation low limb lead voltage non - specific intraventricular block probable old anterior and inferolateral myocardial infarcts ,1,['left_axis_deviation']
 rhythm is atrial tachycardia with xxxx av block and rapid ventricular response left axis deviation right bundle branch block ,1,['left_axis_deviation']
 sinus rhythm left axis deviation left anterior fascicular block non - specific st and t wave change in avl ,1,['left_axis_deviation']
 premature atrial contraction ( s ) sinus rhythm p wave are inconspicuous and pr interval is prolonged left axis deviation low limb lead voltage qs complex in v2 xxxx consistent with old anteroseptal myocardial infarct q wave in ii iii avf cons ,1,['left_axis_deviation']
 sinus rhythm left axis deviation deep but narrow q wave in i avl v4 xxxx may indicate septal hypertrophy rather than old infarct otherwise no definite pathology edit lvh xxxx tiefe schmale qv5 xxxx vh xxxx % sokolow xxxx ( lvh xxxx sehyp ) ,1,['left_axis_deviation']
 sinus rhythm left axis deviation left anterior fascicular block voltages are high in limb leads suggesting lvh tracing is very similar to that of xxxx ,1,['left_axis_deviation']
 premature atrial contraction ( s ) premature ventricular contraction ( s ) sinus rhythm left axis deviation left anterior fascicular block right bundle branch block bifascicular block left ventricular hypertrophy pr interval is normal ,1,['left_axis_deviation']
 sinus rhythm prolonged pr interval left axis deviation non - specific intraventricular block old anterior and inferolateral myocardial infarcts ,1,['left_axis_deviation']
 sinus rhythm voltages are high in limb leads suggesting lvh left axis deviation r - s transition zone in v leads displaced to the left left anterior fascicular block non - specific t wave flattening in i and inversion in avl ,1,['left_axis_deviation']
 premature atrial contraction ( s ) sinus rhythm borderline left axis deviation non - specific t wave flattening in i avl ,1,['left_axis_deviation']
 sinus rhythm left axis deviation qs complex in v2 xxxx consistent with old anteroseptal myocardial infarct st segments are depressed and t wave inverted in i avl v5 xxxx this may be due to lv strain or ischaemia ,1,['left_axis_deviation']
 sinus rhythm left axis deviation q wave in v2 suggesting old anteroseptal infarct non - specific t wave flattening in avl v5 xxxx ,1,['left_axis_deviation']
 sinus rhythm left axis deviation r - s transition zone in v leads displaced to the left left anterior fascicular block st segments are depressed in i avl t wave are biphasic in i and inverted in avl myocardial ischaemia is likely the age of the cha ,1,['left_axis_deviation']
 premature atrial contraction ( s ) sinus rhythm left axis deviation incomplete right bundle branch block voltages are high in chest leads suggesting lvh non - specific st segment depression in v4 xxxx ,1,['left_axis_deviation']
 sinus rhythm voltages are high in limb leads suggesting lvh left axis deviation left anterior fascicular block st segments are depressed and t wave inverted in i avl st segments are depressed in v3 - xxxx this may be due to lv strain or ischaemia n ,1,['left_axis_deviation']
 sinus rhythm leftward axis left ventricular hypertrophy ,1,['left_axis_deviation']
 sinus rhythm left axis deviation and clockwise rotation due to left anterior fascicular block ,1,['left_axis_deviation']
 sinus rhythm abnormal left axis deviation left bundle branch block ischaemia not excluded ,1,['left_axis_deviation']
 sinus rhythm abnormal left axis deviation left anterior fascicular block otherwise normal ecg ,1,['left_axis_deviation']
 sinus rhythm prolonged pr interval left axis deviation possible old inferior infarct ,1,['left_axis_deviation']
 atrial fibrillation with rapid ventricular response left axis deviation left anterior fascicular block non - specific st and t wave change tracing is very similar to that of xxxx ,1,['left_axis_deviation']
 sinus rhythm left axis deviation t wave are inverted in v2 and slightly biphasic in v3 non - specific but consistent with myocardial ischaemia slightly prolonged qt this may be due to a drug effect or an electrolyte disturbance ,1,['left_axis_deviation']
 sinus rhythm left axis deviation non - specific intraventricular block possible old inferior infarct ,1,['left_axis_deviation']
