statement,occurences,proposed label
 premature ventricular contraction ( s ) sinus rhythm incomplete right bundle branch block no definite pathology ,1,['incomplete_right_bundle_branch_block']
 premature ventricular contraction ( s ) bigeminy sinus rhythm left bundle branch block this is most commonly due to ischaemic heart disease ,1,['left_bundle_branch_block']
 sinus rhythm abnormal left axis deviation prolonged qt ,1,['long_qt']
 sinus rhythm non - specific t wave flattening in v3 xxxx prolonged qt this may be due to a drug effect or an electrolyte disturbance ,1,['long_qt']
 sinus rhythm left axis deviation left anterior fascicular block q wave in v2 - xxxx st segments are elevated in v3 xxxx t wave are inverted in avl v2 - xxxx and flat in i consistent with anterior myocardial infarct probably old ,1,['left_anterior_fascicular_block']
 premature atrial contraction ( s ) sinus rhythm prolonged pr interval left axis deviation right bundle branch block q wave in ii iii avf consistent with old inferior myocardial infarct ,1,['right_bundle_branch_block']
 sinus tachycardia left axis deviation left bundle branch block this is most commonly due to ischaemic heart disease ,3,['left_bundle_branch_block']
 premature ventricular contraction ( s ) atrial fibrillation left axis deviation left bundle branch block this is most commonly due to ischaemic heart disease ,2,['left_bundle_branch_block']
 sinus bradycardia with sinus arrhythmia the cause of the bradycardia is not evident voltages are high in chest leads suggesting lvh st segments are depressed in i ii avl v4 xxxx this may be due to lv strain or ischaemia prolonged qt this may be du ,1,['long_qt']
 sinus rhythm left axis deviation left anterior fascicular block ,47,['left_anterior_fascicular_block']
 sinus rhythm left axis deviation left bundle branch block this is most commonly due to ischaemic heart disease ,19,['left_bundle_branch_block']
 premature ventricular contraction ( s ) sinus rhythm right bundle branch block ,3,['right_bundle_branch_block']
 sinus rhythm incomplete right bundle branch block this is probably a normal variant high v lead voltages are probably normal for age ,1,['incomplete_right_bundle_branch_block']
 sinus rhythm right bundle branch block q wave in chest leads consistent with old anterior myocardial infarct possible old inferior myocardial infarct edit asmi xxxx crbbb infarkt sicher ( asmi xxxx crbbb ) ,1,['right_bundle_branch_block']
 premature atrial contraction ( s ) sinus arrhythmia voltages are high in chest leads suggesting lvh st segments are depressed in ii iii avf v4 xxxx this may be due to lv strain or ischaemia prolonged qt this may be due to a drug effect or an elect ,1,['long_qt']
 atrial fibrillation with rapid ventricular response low limb lead voltage minor non - specific st and t wave change prolonged qt this may be due to a drug effect or an electrolyte disturbance coarse fibrillation wave accord with mitral valve disease ,1,['long_qt']
 sinus rhythm left axis deviation left anterior fascicular block otherwise no definite pathology lead v5 shows artifact ,1,['left_anterior_fascicular_block']
 sinus rhythm left bundle branch block this is most commonly due to ischaemic heart disease ,31,['left_bundle_branch_block']
 sinus rhythm incomplete right bundle branch block this is probably a normal variant t wave are low in ii and inverted in iii avf this may be normal but inferior myocardial ischaemia cannot be entirely excluded suggest repeat if clinically indica ,1,['incomplete_right_bundle_branch_block']
 sinus rhythm r - s transition zone in v leads displaced to the right incomplete right bundle branch block otherwise normal ecg ,1,['incomplete_right_bundle_branch_block']
 sinus rhythm left axis deviation left anterior fascicular block right bundle branch block bifascicular block pr interval is normal ,57,"['right_bundle_branch_block', 'left_anterior_fascicular_block', 'bifascicular_block']"
 atrial fibrillation with rapid ventricular response right superior axis deviation left anterior fascicular block right bundle branch block bifascicular block ,3,"['right_bundle_branch_block', 'left_anterior_fascicular_block', 'bifascicular_block']"
 sinus rhythm incomplete right bundle branch block t wave are inverted in v4 xxxx and low or flat in i avl findings may be due to lateral myocardial ischaemia or subendocardial infarct of uncertain age ,1,['incomplete_right_bundle_branch_block']
 sinus arrhythmia incomplete right bundle branch block this is probably a normal variant otherwise normal ecg ,4,['incomplete_right_bundle_branch_block']
 atrial fibrillation with rapid ventricular response left axis deviation left anterior fascicular block non - specific st and t wave change in i avl ,1,['left_anterior_fascicular_block']
 sinus rhythm possible left atrial enlargement left axis deviation left bundle branch block this is most commonly due to ischaemic heart disease ,1,['left_bundle_branch_block']
 atrial fibrillation with rapid ventricular response incomplete right bundle branch block st segments are depressed in i v2 - xxxx non - specific but consistent with myocardial ischaemia ,1,['incomplete_right_bundle_branch_block']
 atrial fibrillation left axis deviation left bundle branch block this is most commonly due to ischaemic heart disease ,6,['left_bundle_branch_block']
 sinus rhythm left axis deviation left anterior fascicular block q wave in v2 an old anteroseptal infarct cannot be excluded ,1,['left_anterior_fascicular_block']
 sinus rhythm right bundle branch block edit asmi xxxx crbbb mi5 xxxx % bbb xxxx % ( crbbb ) ,1,['right_bundle_branch_block']
 sinus tachycardia right atrial enlargement incomplete right bundle branch block non - specific st and t wave change in inferolateral leads ,1,['incomplete_right_bundle_branch_block']
 sinus rhythm rightward axis right bundle branch block possible right ventricular hypertrophy edit rvh xxxx crbbb lpfb ( crbbb lpfb rvh xxxx ) ,2,"['right_bundle_branch_block', 'left_posterior_fascicular_block']"
 premature atrial contraction ( s ) sinus rhythm left axis deviation left anterior fascicular block qs complex in v2 and tiny r wave in v3 consistent with old anteroseptal myocardial infarct non - specific t wave flattening in limb leads and v5 xxxx ,1,['left_anterior_fascicular_block']
 sinus rhythm incomplete right bundle branch block minor non - specific t wave flattening ,1,['incomplete_right_bundle_branch_block']
 sinus rhythm prolonged qt this may be due to a drug effect or an electrolyte disturbance ,14,['long_qt']
 sinus rhythm rightward axis probable left posterior fascicular block qs complex in v2 xxxx consistent with old anterior myocardial infarct q wave in i avl suggesting old lateral infarct ,1,['left_posterior_fascicular_block']
 sinus rhythm left axis deviation left anterior fascicular block otherwise normal ecg ,23,['left_anterior_fascicular_block']
 sinus rhythm prolonged pr interval right bundle branch block ,8,['right_bundle_branch_block']
 sinus rhythm right bundle branch block ,45,['right_bundle_branch_block']
 sinus rhythm prolonged pr interval left bundle branch block ,1,['left_bundle_branch_block']
 sinus rhythm t wave are flat or slightly inverted in limb leads and v6 non - specific but consistent with myocardial ischaemia prolonged qt this may be due to a drug effect or an electrolyte disturbance ,1,['long_qt']
 sinus rhythm incomplete right bundle branch block q wave in ii iii avf are probably normal no definite pathology ,1,['incomplete_right_bundle_branch_block']
 sinus rhythm incomplete right bundle branch block non - specific t wave change in v4 xxxx myocardial ischaemia is a possible cause ,1,['incomplete_right_bundle_branch_block']
 sinus rhythm incomplete right bundle branch block st segments are depressed in v4 xxxx t wave are low or flat in ii v2 - xxxx and inverted in iii avf non - specific but consistent with myocardial ischaemia ,1,['incomplete_right_bundle_branch_block']
 sinus rhythm incomplete right bundle branch block q wave in ii iii avf old inferior myocardial infarct cannot be excluded ,1,['incomplete_right_bundle_branch_block']
 sinus rhythm incomplete right bundle branch block otherwise normal ecg ,41,['incomplete_right_bundle_branch_block']
 premature atrial contraction ( s ) sinus rhythm left axis deviation left anterior fascicular block voltages are high in chest leads suggesting lvh non - specific intraventricular delay inferolateral st and t wave change these may be due to lv strain or isc ,1,['left_anterior_fascicular_block']
 sinus rhythm left axis deviation left anterior fascicular block non - specific t wave change in v2 xxxx myocardial ischaemia is a possible cause ,1,['left_anterior_fascicular_block']
 sinus rhythm incomplete right bundle branch block this is probably a normal variant otherwise normal ecg ,16,['incomplete_right_bundle_branch_block']
 premature ventricular contraction ( s ) sinus rhythm left axis deviation left bundle branch block this is most commonly due to ischaemic heart disease ,3,['left_bundle_branch_block']
 atrial fibrillation with slow ventricular response left axis deviation left anterior fascicular block left ventricular hypertrophy st segments are depressed and t wave inverted in i ii avl v4 xxxx this may be due to lv strain or ischaemia poss ,1,['left_anterior_fascicular_block']
 sinus rhythm incomplete right bundle branch block otherwise normal ecg edit norm xxxx irbbb ( norm xxxx irbbb lafb ) ,2,"['incomplete_right_bundle_branch_block', 'left_anterior_fascicular_block']"
 sinus rhythm left bundle branch block ,5,['left_bundle_branch_block']
 atrial fibrillation left axis deviation st segments are depressed in i avl v5 xxxx t wave are low or flat throughout prolonged qt findings are likely to be due to ischaemic heart disease and digitalis effect suggest exclude hypokalaemia ,1,['long_qt']
 sinus rhythm left axis deviation left anterior fascicular block minor non - specific st segment depression in i v2 and v4 xxxx ,1,['left_anterior_fascicular_block']
 sinus rhythm left axis deviation borderline criteria for left anterior fascicular block otherwise normal ecg ,1,['left_anterior_fascicular_block']
 sinus rhythm incomplete right bundle branch block q wave and t wave inversion in ii iii avf st segments are depressed in i avl v4 xxxx t wave are low or flat in v5 xxxx consistent with ischaemic heart disease with inferior myocardial infarct pr ,1,['incomplete_right_bundle_branch_block']
 sinus rhythm incomplete right bundle branch block st segments are depressed in i ii v5 xxxx t wave are inverted in v2 - xxxx and low in other leads findings are likely to be due to ischaemic heart disease the age of the change is uncertain ,1,['incomplete_right_bundle_branch_block']
 premature ventricular contraction ( s ) sinus bradycardia incomplete right bundle branch block st segments are depressed in v2 - xxxx t wave are low in v4 xxxx this may be due to lv strain or ischaemia the cause of the bradycardia is not evident ,1,['incomplete_right_bundle_branch_block']
 premature atrial contraction ( s ) sinus rhythm left anterior fascicular block non - specific intraventricular block q wave in i avl v4 xxxx consistent with old lateral myocardial infarct ,1,['left_anterior_fascicular_block']
 premature ventricular contraction ( s ) sinus rhythm left atrial enlargement left axis deviation left bundle branch block this is most commonly due to ischaemic heart disease ,1,['left_bundle_branch_block']
 sinus rhythm incomplete right bundle branch block voltages are high in limb leads suggesting lvh otherwise normal ecg ,1,['incomplete_right_bundle_branch_block']
 premature ventricular contraction ( s ) atrial flutter with xxxx av block left anterior fascicular block right bundle branch block bifascicular block ,3,"['right_bundle_branch_block', 'left_anterior_fascicular_block', 'bifascicular_block']"
 premature ventricular contraction ( s ) atrial fibrillation with rapid ventricular response incomplete right bundle branch block st segments are depressed in i ii avf v2 - xxxx t wave are low or flat throughout findings are likely to be due to ischaemic ,1,['incomplete_right_bundle_branch_block']
 atrial fibrillation incomplete right bundle branch block ,2,['incomplete_right_bundle_branch_block']
 sinus rhythm left axis deviation right bundle branch block edit asmi xxxx almi xxxx crbbb ( crbbb lafb ) ,2,"['right_bundle_branch_block', 'left_anterior_fascicular_block']"
 sinus rhythm incomplete right bundle branch block st segments are depressed in i avl t wave are low in i v5 xxxx this may be due to lv strain or ischaemia ,1,['incomplete_right_bundle_branch_block']
 sinus rhythm incomplete left bundle branch block ,1,['incomplete_left_bundle_branch_block']
 sinus rhythm prolonged qt this may be due to a drug effect or an electrolyte disturbance otherwise normal ecg ,3,['long_qt']
 sinus rhythm borderline left axis deviation prolonged qt this may be due to a drug effect or an electrolyte disturbance ,1,['long_qt']
 sinus rhythm low limb lead voltage right bundle branch block ,2,['right_bundle_branch_block']
 premature atrial contraction ( s ) sinus rhythm st segments are slightly depressed in i ii v4 xxxx non - specific but consistent with myocardial ischaemia slightly prolonged qt this may be due to a drug effect or an electrolyte disturbance ,1,['long_qt']
 sinus rhythm t wave are inverted in v2 xxxx and low in i v4 myocardial ischaemia is a possible cause prolonged qt this may be due to a drug effect or an electrolyte disturbance ,1,['long_qt']
 sinus tachycardia left axis deviation left anterior fascicular block non - specific intraventricular block poor progression of r wave in anterior chest leads this may be due to marked clockwise rotation but old anterior myocardial infarct cannot be ,1,['left_anterior_fascicular_block']
 sinus rhythm left ventricular hypertrophy st segments are depressed in i avl this may be due to lv strain or ischaemia slightly prolonged qt this may be due to a drug effect or an electrolyte disturbance ,1,['long_qt']
 sinus rhythm left anterior fascicular block right bundle branch block bifascicular block ,3,"['right_bundle_branch_block', 'left_anterior_fascicular_block', 'bifascicular_block']"
 sinus rhythm prolonged qt borderline left ventricular hypertrophy on voltage criteria ,1,['long_qt']
 sinus rhythm moderate amplitude criteria for lvh prolonged qt this may be due to a drug effect or an electrolyte disturbance anterolateral st and t wave change consistent with left ventricular strain or ischaemia ,1,['long_qt']
 sinus arrhythmia incomplete right bundle branch block old anterolateral and inferior myocardial infarct ,1,['incomplete_right_bundle_branch_block']
 sinus rhythm abnormal left axis deviation left anterior fascicular block right bundle branch block bifascicular block possible old inferior infarct ,3,"['right_bundle_branch_block', 'left_anterior_fascicular_block', 'bifascicular_block']"
 sinus rhythm xxxx - min with complete av block and ventricular escape rate of xxxx - min incomplete right bundle branch block in view of syncope permanent pacing should be considered ,2,"['third_degree_av_block', 'incomplete_right_bundle_branch_block']"
 premature atrial contraction ( s ) sinus rhythm left bundle branch block this is most commonly due to ischaemic heart disease ,1,['left_bundle_branch_block']
 premature ventricular contraction ( s ) sinus rhythm right axis deviation incomplete right bundle branch block ,1,['incomplete_right_bundle_branch_block']
 sinus rhythm left axis deviation left anterior fascicular block q wave in v2 old anteroseptal infarct cannot be excluded ,2,['left_anterior_fascicular_block']
 sinus rhythm minor non - specific st segment depression in i ii v5 xxxx prolonged qt this may be due to a drug effect or an electrolyte disturbance ,1,['long_qt']
 premature ventricular contraction ( s ) sinus rhythm prolonged pr interval left axis deviation left anterior fascicular block ,1,['left_anterior_fascicular_block']
 atrial fibrillation incomplete right bundle branch block st segments are depressed in v2 - xxxx non - specific but consistent with myocardial ischaemia and digitalis effect ,1,['incomplete_right_bundle_branch_block']
 sinus rhythm voltages are high in limb leads suggesting lvh slightly prolonged qt this may be due to a drug effect or an electrolyte disturbance ,1,['long_qt']
 sinus rhythm left axis deviation left anterior fascicular block non - specific intraventricular block left ventricular hypertrophy ,1,['left_anterior_fascicular_block']
 sinus rhythm left axis deviation right bundle branch block non - specific st and t wave change ,1,['right_bundle_branch_block']
 atrial fibrillation low limb lead voltage incomplete right bundle branch block ,1,['incomplete_right_bundle_branch_block']
 atrial fibrillation with slow ventricular response st segments are markedly depressed in i ii avl avf v2 - xxxx t wave are flat throughout prolonged qt suggest exclude digitalis toxicity and hypokalaemia ,1,['long_qt']
 sinus rhythm borderline left axis deviation st segments are slightly depressed in v5 xxxx t wave are generally rather low prolonged qt suggest exclude hypokalaemia ,1,['long_qt']
 sinus rhythm borderline left axis deviation left bundle branch block this is most commonly due to ischaemic heart disease ,6,['left_bundle_branch_block']
 atrial fibrillation with slow regular ventricular response qrs shows incomplete right bundle branch block and may reflect a junctional escape rhythm diffuse st and t abnormality consider ischaemia digoxin toxicity and the possibility that complete av bl ,1,['incomplete_right_bundle_branch_block']
 atrial fibrillation with slow ventricular response early r - s transition in chest leads probably due to incomplete right bundle branch block widespread non - specific st and t abnormality anterior ischaemia is a possible cause digoxin effects may be contribu ,1,['incomplete_right_bundle_branch_block']
 sinus rhythm frequent ventricular premature contractions runs of up to three v p c s left ventricular hypertrophy st change consistant with early lv strain prolonged qt ,1,['long_qt']
 sinus rhythm prolonged pr interval right bundle branch block probable old inferior infarct antero - lateral st and t wave change suggest possible ischaemia ,1,['right_bundle_branch_block']
 sinus rhythm prolonged pr interval ventricular premature complex incomplete right bundle branch block small lateral q wave noted ,1,['incomplete_right_bundle_branch_block']
 sinus rhythm left anterior fascicular block widespread t wave inversion query resolving pericarditis ischaemia or myocarditis likely ,1,['left_anterior_fascicular_block']
 sinus rhythm rate xxxx per minute with periods of probable xxxx sa block left anterior fascicular block no ecg evidence of ischaemia appearances suggests sinus node dysfunction ,2,"['sinoatrial_block', 'left_anterior_fascicular_block']"
 sinus rhythm right bundle branch block edit asmi xxxx crbbb ( crbbb ) ,3,['right_bundle_branch_block']
 atrial fibrillation with slow ventricular response right bundle branch block left ventricular hypertrophy st segments are depressed in i ii iii avf v5 xxxx non - specific but consistent with myocardial ischaemia and digitalis effect ,1,['right_bundle_branch_block']
 premature atrial contraction ( s ) sinus rhythm left axis deviation left anterior fascicular block qs complex in v2 suggesting old anteroseptal myocardial infarct ,1,['left_anterior_fascicular_block']
 sinus rhythm prolonged pr interval left axis deviation left anterior fascicular block t wave are low or flat in i avl v4 xxxx t wave are inverted in v2 xxxx findings may be due to lv strain or ischaemia ,1,['left_anterior_fascicular_block']
 premature ventricular contraction ( s ) sinus rhythm right axis deviation low limb lead voltage possible left posterior fascicular block right bundle branch block non - specific t wave inversion in ii iii avf possible old inferior myocardial infarctio ,2,"['right_bundle_branch_block', 'left_posterior_fascicular_block']"
 sinus rhythm left axis deviation left anterior fascicular block edit lafb xxxx ( lafb xxxx ) ,1,['left_anterior_fascicular_block']
 sinus rhythm prolonged pr interval possible left atrial enlargement right bundle branch block minor non - specific st and t wave change ,1,['right_bundle_branch_block']
 sinus arrhythmia incomplete right bundle branch block q wave in ii iii avf consistent with old inferior myocardial infarct ,1,['incomplete_right_bundle_branch_block']
 sinus rhythm borderline left axis deviation no definite pathology edit ivcb ( norm xxxx lafb ) ,1,['left_anterior_fascicular_block']
 there is second degree av block of wenckebach type otherwise no definite pathology ,1,['second_degree_av_block']
 sinus bradycardia premature atrial contraction ( s ) bigeminy prolonged pr interval xxxx sec left axis deviation right bundle branch block ,1,['right_bundle_branch_block']
 sinus rhythm prolonged pr interval left axis deviation left anterior fascicular block possible old inferior infarct ,1,['left_anterior_fascicular_block']
 sinus arrhythmia incomplete right bundle branch block otherwise normal ecg ,5,['incomplete_right_bundle_branch_block']
 sinus rhythm left axis deviation right bundle branch block compared with tracing of xxxx pr interval now shorter ,1,['right_bundle_branch_block']
 sinus rhythm compared with tracings of xxxx and xxxx left axis deviation has increased and there now left anterior fascicular block as well as right bundle branch block and slightly prolonged pr interval patient has trifascicular block ,3,"['right_bundle_branch_block', 'left_anterior_fascicular_block', 'trifascicular_block']"
 sinusrhythmus verdacht auf p - sinistrocardiale ueberdrehter linkstyp linksanteriorer fascicular block qrs ( t ) abnorm anteroseptaler infarkt wahrscheinlich alt edit asmi xxxx lafb aneur xxxx ( m xxxx ) ( asmi xxxx irbbb lafb ) ,1,['left_anterior_fascicular_block']
 sinus rhythm incomplete right bundle branch block voltages are high in chest leads suggesting lvh ,1,['incomplete_right_bundle_branch_block']
 sinus rhythm left atrial enlargement borderline left axis deviation right bundle branch block ,1,['right_bundle_branch_block']
 sinus rhythm left axis deviation no definite pathology edit lafb ( norm xxxx lafb ) ,1,['left_anterior_fascicular_block']
 regelbunden rytm inga p - våg funna låga qrs amplituder i extremitetsavledningarna avvikande qrs ( t ) förlopp anterior infarkt möjligen färsk hög lateral infarkt bör övervägasconsensus label derived from { asmi xxxx almi xxxx 1avb xxxx sr xxxx 0} { asmi xxxx almi xxxx ivcd xxxx 1avb xxxx sr xxxx 0} ,1,['intraventricular_conduction_delay']
 sinus rhythm left axis deviation left anterior fascicular block non - specific intraventricular block voltages are high in limb leads suggesting lvh st segments are depressed in i avl t wave are inverted in v4 xxxx this may be due to lv strain or is ,1,['left_anterior_fascicular_block']
 sinus rhythm left axis deviation left anterior fascicular block voltages are high in limb leads suggesting lvh qs complex in v2 and tiny r wave in v3 suggesting old anteroseptal myocardial infarct st segments are depressed in i ii avl v5 xxxx ,1,['left_anterior_fascicular_block']
 premature ventricular contraction ( s ) sinus rhythm left axis deviation r - s transition zone in v leads displaced to the left left anterior fascicular block ,1,['left_anterior_fascicular_block']
 premature ventricular contraction ( s ) atrial fibrillation - flutter left axis deviation left anterior fascicular block st segments are depressed in i v5 xxxx t wave are flat or slightly inverted in limb leads and v4 xxxx this may be due to lv strain or ,1,['left_anterior_fascicular_block']
 sinus arrhythmia possible left atrial enlargement low limb lead voltage left bundle branch block this is most commonly due to ischaemic heart disease ,1,['left_bundle_branch_block']
 sinus tachycardia left axis deviation left anterior fascicular block non - specific st and t wave change there is much skeletal muscle artifact ,1,['left_anterior_fascicular_block']
 sinus rhythm possible left atrial enlargement left axis deviation right bundle branch block q wave in i ii iii avf v4 xxxx t wave are low or flat throughout consistent with old inferior and lateral myocardial infarct suggest exclude hypoka ,1,['right_bundle_branch_block']
 sinus rhythm left axis deviation left anterior fascicular block edit lafb ( lafb ) ,1,['left_anterior_fascicular_block']
 sinus rhythm left axis deviation left anterior fascicular block right bundle branch block bifascicular block pr interval is normal voltages are high in limb leads suggesting lvh ,3,"['right_bundle_branch_block', 'left_anterior_fascicular_block', 'bifascicular_block']"
 sinus rhythm left axis deviation left anterior fascicular block non - specific t wave flattening in ii v5 xxxx ,1,['left_anterior_fascicular_block']
 premature ventricular contraction ( s ) sinus rhythm left atrial enlargement left axis deviation right bundle branch block non - specific st and t wave change in anterior chest leads ,1,['right_bundle_branch_block']
 sinus rhythm left axis deviation left anterior fascicular block otherwise no definite pathology ,2,['left_anterior_fascicular_block']
 sinus rhythm leftward axis r - s transition zone in v leads displaced to the right prolonged qt this may be due to a drug effect or an electrolyte disturbance anterolateral st and t wave change which are non diagnostic ,1,['long_qt']
 sinus rhythm incomplete right bundle branch block non - specific t wave flattening in v3 and inversion in v2 myocardial ischaemia is a possible cause suggest repeat if clinically indicated ,1,['incomplete_right_bundle_branch_block']
 sinus rhythm right bundle branch block q wave in ii iii avf consistent with old inferior myocardial infarct ,8,['right_bundle_branch_block']
 sinus tachycardia rightward axis right bundle branch block there are deep but rather narrow q wave in ii iii avf old inferior myocardial infarct is likely but appearances could be due to septal hypertrophy ,1,['right_bundle_branch_block']
 sinus rhythm left axis deviation left anterior fascicular block voltages are high in limb leads suggesting lvh ,6,['left_anterior_fascicular_block']
 sinus rhythm left axis deviation left anterior fascicular block low limb lead voltage ,1,['left_anterior_fascicular_block']
 sinus rhythm incomplete right bundle branch block st segments are depressed in ii iii avf v5 xxxx t wave are low in ii v5 xxxx and inverted in iii avf non - specific but consistent with inferolateral myocardial ischaemia ,1,['incomplete_right_bundle_branch_block']
 sinus rhythm r - s transition zone in v leads displaced to the left voltages are high in limb leads suggesting lvh st segments are depressed in i avl v6 t wave are inverted in i ii avl v2 - xxxx this may be due to lv strain or ischaemia prolonged qt edit injas injal sokolow xxxx aber sehr hohe amplituden in standardableitungen ( injas injal lvh xxxx ) ,1,['long_qt']
 atrial fibrillation left axis deviation left anterior fascicular block right bundle branch block bifascicular block ,6,"['right_bundle_branch_block', 'left_anterior_fascicular_block', 'bifascicular_block']"
 sinus arrhythmia low limb lead voltage left bundle branch block this is most commonly due to ischaemic heart disease ,1,['left_bundle_branch_block']
 premature ventricular contraction ( s ) sinus arrhythmia prolonged pr interval abnormal left axis deviation left anterior fascicular block non specific t abnormality ,1,['left_anterior_fascicular_block']
 sinus rhythm prolonged pr interval abnormal left axis deviation left bundle branch block ,1,['left_bundle_branch_block']
 atrial fibrillation however rhythm is basically regular indicating that it derives from a supraventricular focus some complex show non - specific intraventricular block left axis deviation left anterior fascicular block t wave are flat in limb leads a ,1,['left_anterior_fascicular_block']
 atrial fibrillation left axis deviation left anterior fascicular block st segments are depressed in i ii avl v4 xxxx t wave are inverted in i avl and flat in v4 xxxx findings are likely to be due to ischaemic heart disease and digitalis effect ,1,['left_anterior_fascicular_block']
 sinus rhythm incomplete right bundle branch block q wave in ii iii avf and in v3 - xxxx consistent with old anterolateral and inferior myocardial infarcts ,1,['incomplete_right_bundle_branch_block']
 atrial fibrillation with rapid ventricular response left axis deviation r - s transition zone in v leads displaced to the left left anterior fascicular block st segments are depressed and t wave in i avl this may be due to lv strain or ischaemia ,1,['left_anterior_fascicular_block']
 sinus tachycardia right atrial enlargement incomplete right bundle branch block findings are suspicious of chronic respiratory disease ,1,['incomplete_right_bundle_branch_block']
 sinus tachycardia incomplete right bundle branch block non - specific st and t wave change in i avl v5 xxxx ,1,['incomplete_right_bundle_branch_block']
 sinus rhythm right bundle branch block q wave in ii iii avf are probably normal ,1,['right_bundle_branch_block']
 premature atrial contraction ( s ) sinus rhythm left axis deviation left anterior fascicular block otherwise normal ecg ,2,['left_anterior_fascicular_block']
 sinus rhythm borderline criteria for left anterior fascicular block otherwise normal ecg ,2,['left_anterior_fascicular_block']
 premature atrial contraction ( s ) sinus rhythm left axis deviation left anterior fascicular block ,3,['left_anterior_fascicular_block']
 sinus rhythm prolonged pr interval left axis deviation left anterior fascicular block q wave in v2 xxxx old anteroseptal infarct cannot be entirely excluded ,1,['left_anterior_fascicular_block']
 sinus rhythm left axis deviation left anterior fascicular block probable old inferior infarct qs in lead v2 possible causes include previous infarct and v1 - v2 lead interchange ,1,['left_anterior_fascicular_block']
 premature atrial contraction ( s ) sinus rhythm left axis deviation left anterior fascicular block voltages are high in limb leads suggesting lvh st segments are depressed in i avl v3 - xxxx t wave are low or flat in these leads findings are likely to b ,1,['left_anterior_fascicular_block']
 premature atrial contraction ( s ) sinus tachycardia incomplete right bundle branch block minor non - specific st and t wave change compared with tracing of xxxx rhythm was previously atrial fibrillation ,1,['incomplete_right_bundle_branch_block']
 sinus rhythm left axis deviation left anterior fascicular block non - specific intraventricular block voltages are high in limb leads suggesting lvh qs complex in v2 and tiny r wave in v3 consistent with old anteroseptal myocardial infarct ,1,['left_anterior_fascicular_block']
 premature atrial contraction ( s ) sinus rhythm right bundle branch block q wave in ii iii avf consistent with old inferior myocardial infarct ,1,['right_bundle_branch_block']
 sinus rhythm left axis deviation r - s transition zone in v leads displaced to the left left anterior fascicular block non - specific t wave flattening in lateral chest leads ,1,['left_anterior_fascicular_block']
 sinus rhythm left axis deviation left anterior fascicular block qs complex in v2 and tiny r wave in v3 consistent with old anteroseptal myocardial infarct ,1,['left_anterior_fascicular_block']
 sinus rhythm left anterior fascicular block t abnormality in inferior and anterolateral leads consistent with left ventricular strain or ischaemia ,1,['left_anterior_fascicular_block']
 atrial fibrillation with rapid ventricular response abnormal left axis deviation left bundle branch block ,1,['left_bundle_branch_block']
 sinus rhythm possible left atrial enlargement incomplete right bundle branch block voltages are high in chest leads suggesting lvh ,1,['incomplete_right_bundle_branch_block']
 atrial fibrillation right bundle branch block non - specific st and t wave change which are probably due to ischaemic heart disease and digitalis effect ,1,['right_bundle_branch_block']
 atrial fibrillation left axis deviation low limb lead voltage left anterior fascicular block incomplete right bundle branch block ,2,"['incomplete_right_bundle_branch_block', 'left_anterior_fascicular_block']"
 atrial fibrillation with rapid ventricular response left axis deviation left anterior fascicular block st segments are depressed in i avl v5 xxxx t wave are low or flat in these leads this may be due to lv strain or ischaemia ,1,['left_anterior_fascicular_block']
 sinus rhythm prolonged pr interval incomplete left bundle branch block probable old anteroseptal myocardial infarct ,1,['incomplete_left_bundle_branch_block']
 sinus tachycardia left bundle branch block this is most commonly due to ischaemic heart disease ,4,['left_bundle_branch_block']
 probable sinus rhythm with prolonged pr interval but p wave are very inconspicuous and junctional rhythm is not excluded left bundle branch block this is most commonly due to ischaemic heart disease in the presence of lbbb ischaemia or infarct ,1,['left_bundle_branch_block']
 sinus rhythm left axis deviation left anterior fascicular block st segments are depressed in i avl t wave are inverted in v2 - xxxx findings are likely to be due to ischaemic heart disease the age of the change is uncertain ,1,['left_anterior_fascicular_block']
 sinus rhythm st segments are depressed and t wave inverted in i avl v4 xxxx t wave are flat in v2 xxxx this may be due to lv strain or ischaemia prolonged qt this may be due to a drug effect or an electrolyte disturbance ,1,['long_qt']
 premature ventricular contraction ( s ) probable sinus rhythm but p wave are inconspicuous junctional rhythm is not excluded left anterior fascicular block right bundle branch block bifascicular block q wave in v2 xxxx consistent with old anterior ,3,"['right_bundle_branch_block', 'left_anterior_fascicular_block', 'bifascicular_block']"
 atrial fibrillation with controlled ventricular response left axis deviation left anterior fascicular block non - specific intraventricular delay qs complex in v1 xxxx due to previous anteroseptal infarct or intraventricular conduction defect ,1,['left_anterior_fascicular_block']
 sinus rhythm right bundle branch block edit rvh xxxx crbbb ( crbbb ) ,1,['right_bundle_branch_block']
 sinus rhythm prolonged pr interval left axis deviation right bundle branch block borderline criteria for left anterior fascicular block patient is verging on trifascicular block and may be at increased risk of developing complete av block ,4,"['third_degree_av_block', 'right_bundle_branch_block', 'left_anterior_fascicular_block', 'trifascicular_block']"
 sinus rhythm non - specific t wave flattening in v3 prolonged qt this may be due to a drug effect or an electrolyte disturbance ,1,['long_qt']
 premature atrial contraction ( s ) sinus tachycardia prolonged pr interval left axis deviation r - s transition zone in v leads displaced to the left left anterior fascicular block ,1,['left_anterior_fascicular_block']
 sinus arhythmia minor terminal intraventricular conduction delay normal ecg ,1,['intraventricular_conduction_delay']
 atrial fibrillation abnormal left axis deviation left anterior fascicular block right bundle branch block bifascicular block ,3,"['right_bundle_branch_block', 'left_anterior_fascicular_block', 'bifascicular_block']"
 sinus rhythm left anterior fascicular block normal ecg ,5,['left_anterior_fascicular_block']
 sinus rhythm first degree av block pr interval xxxx seconds tracing otherwise normal ,1,['first_degree_av_block']
 sinus rhythm prolonged pr interval left axis deviation left anterior fascicular block non - specific t wave flattening in i avl ,1,['left_anterior_fascicular_block']
 sinus rhythm incomplete right bundle branch block this is probably a normal variant otherwise normal ecg edit norm xxxx irbbb ( norm xxxx irbbb ) ,3,['incomplete_right_bundle_branch_block']
 sinus rhythm left axis deviation left anterior fascicular block st segments are depressed in i avl t wave are inverted in i ii avl v3 - xxxx findings are likely to be due to ischaemic heart disease they may represent anterolateral subendocardial in ,1,['left_anterior_fascicular_block']
 sinus rhythm left axis deviation r - s transition zone in v leads displaced to the left left anterior fascicular block non - specific st and t wave change in i avl this may be due to lv strain or ischaemia ,1,['left_anterior_fascicular_block']
 sinus rhythm t wave are inverted in avl v2 xxxx t wave are flat in ii v5 xxxx findings are likely to be due to ischaemic heart disease the age of the change is uncertain prolonged qt this may be due to a drug effect or an electrolyte disturba ,1,['long_qt']
 sinus rhythm left axis deviation left anterior fascicular block left ventricular hypertrophy st segments are depressed in i v5 xxxx q wave in v2 suggesting anteroseptal myocardial infarct of uncertain age in view of st segment elevation in v2 xxxx r ,1,['left_anterior_fascicular_block']
 sinus rhythm prolonged pr interval left axis deviation left anterior fascicular block right bundle branch block this patient has trifascicular block and may be at increased risk of developing complete av block ,8,"['third_degree_av_block', 'right_bundle_branch_block', 'left_anterior_fascicular_block', 'trifascicular_block']"
 sinus rhythm incomplete right bundle branch block q wave in ii iii avf consistent with old inferior myocardial infarct ,3,['incomplete_right_bundle_branch_block']
 sinus rhythm prolonged pr interval left axis deviation left anterior fascicular block right bundle branch block trifascicular block compared with tracing of xxxx it is not significantly changed ,3,"['right_bundle_branch_block', 'left_anterior_fascicular_block', 'trifascicular_block']"
 atrial fibrillation with rapid ventricular response left axis deviation incomplete left bundle branch block poor progression of r wave in anterior chest leads consistent with old anteroseptal myocardial infarct ,1,['incomplete_left_bundle_branch_block']
 sinus rhythm slightly prolonged qt this may be due to a drug effect or an electrolyte disturbance ,3,['long_qt']
 sinus tachycardia frequent premature atrial contractions possible chaotic atrial rhythm right superior axis deviation left anterior fascicular block right bundle branch block bifascicular block ,3,"['right_bundle_branch_block', 'left_anterior_fascicular_block', 'bifascicular_block']"
 premature atrial contraction ( s ) sinus rhythm left axis deviation left anterior fascicular block non - specific t wave flattening in v5 xxxx ,1,['left_anterior_fascicular_block']
 sinus rhythm left anterior fascicular block otherwise no definite pathology ,1,['left_anterior_fascicular_block']
 premature ventricular contraction ( s ) premature atrial contraction ( s ) sinus rhythm left axis deviation left anterior fascicular block voltages are high in limb leads suggesting lvh st segments are depressed in i avl this may be due to lv strain or ,1,['left_anterior_fascicular_block']
 sinus rhythm incomplete left bundle branch block qs complex in v2 and tiny r wave in v3 suggesting anteroseptal myocardial infarct st segments are depressed in v4 xxxx t wave are generally low findings are likely to be due to ischaemic heart ,1,['incomplete_left_bundle_branch_block']
 sinus rhythm right axis deviation right bundle branch block q wave and t wave inversion in ii iii avf consistent with old inferior myocardial infarct ,1,['right_bundle_branch_block']
 atrial fibrillation left axis deviation left anterior fascicular block borderline voltages of lvh st segment change this may be due to digitalis effect or early lv strain ,1,['left_anterior_fascicular_block']
 sinus rhythm left axis deviation left anterior fascicular block non - specific st and t wave change compared with tracing of xxxx it is very similar except that atrial fibrillation has reverted to sinus rhythm ,1,['left_anterior_fascicular_block']
 sinus rhythm prolonged pr interval left axis deviation left anterior fascicular block voltages are high in limb leads suggesting lvh qs complex in v2 and tiny r wave in v3 suggesting old anteroseptal myocardial infarct st segments are depresse ,1,['left_anterior_fascicular_block']
 sinus tachycardia incomplete right bundle branch block st segments are depressed in i ii avl v5 xxxx non - specific but consistent with myocardial ischaemia ,1,['incomplete_right_bundle_branch_block']
 sinus rhythm probable left atrial enllargement left axis deviation atypical left bundle branch block ,1,['left_bundle_branch_block']
 normal ventricular demand pacing xxxx - min some sinus complex are conducted with prolonged pr interval and left bundle branch block ,1,['left_bundle_branch_block']
 atrial fibrillation with rapid ventricular response right bundle branch block non - specific st and t wave change ,1,['right_bundle_branch_block']
 sinus rhythm possible left atrial enlargement incomplete right bundle branch block ,1,['incomplete_right_bundle_branch_block']
 premature ventricular contraction ( s ) sinus rhythm left axis deviation left anterior fascicular block voltages are high in limb leads suggesting lvh st segments are depressed in i avl this may be due to lv strain or ischaemia ,1,['left_anterior_fascicular_block']
 sinus arrhythmia left axis deviation left anterior fascicular block st segments are depressed and t wave inverted in i ii avl v4 xxxx this may be due to lv strain or ischaemia ,1,['left_anterior_fascicular_block']
 sinus rhythm left atrial enlargement left bundle branch block this is most commonly due to ischaemic heart disease ,2,['left_bundle_branch_block']
 sinus rhythm left axis deviation left anterior fascicular block qs complex in v2 and tiny r wave in v3 suggesting old anteroseptal myocardial infarct ,3,['left_anterior_fascicular_block']
 sinus rhythm left anterior fascicular block right bundle branch block bifascicular block pr interval is normal ,3,"['right_bundle_branch_block', 'left_anterior_fascicular_block', 'bifascicular_block']"
 sinus rhythm non - specific t wave flattening in v3 - xxxx myocardial ischaemia is likely prolonged qt this may be due to a drug effect or an electrolyte disturbance ,1,['long_qt']
 sinus rhythm left axis deviation left anterior fascicular block widespread non - specific t wave flattening ,1,['left_anterior_fascicular_block']
 sinus rhythm possible left atrial enlargement right bundle branch block voltages are high in limb leads suggesting lvh ,1,['right_bundle_branch_block']
 sinus rhythm possible left atrial enlargement left bundle branch block this is most commonly due to ischaemic heart disease ,1,['left_bundle_branch_block']
 sinus rhythm premature atrial contraction ( s ) incomplete right bundle branch block possible old inferior infarct non - specific t wave flattening in i avl v6 ,1,['incomplete_right_bundle_branch_block']
 sinus rhythm rightward axis possible left posterior fascicular block incomplete right bundle branch block ,2,"['incomplete_right_bundle_branch_block', 'left_posterior_fascicular_block']"
 premature atrial contraction ( s ) sinus rhythm pr interval is prolonged ( xxxx sec ) right bundle branch block ,1,['right_bundle_branch_block']
 premature ventricular contraction ( s ) premature atrial contraction ( s ) sinus tachycardia left axis deviation left anterior fascicular block st segments are elevated in ii iii avf and to a minimal degree in v5 xxxx early inferolateral myocardial infa ,1,['left_anterior_fascicular_block']
 sinus rhythm incomplete right bundle branch block otherwise normal ecg edit norm xxxx irbbb ( norm xxxx irbbb ) ,6,['incomplete_right_bundle_branch_block']
 sinus rhythm incomplete left bundle branch block t wave are inverted in i ii iii avl avf v3 - xxxx findings are likely to be due to ischaemic heart disease the age of the change is uncertain ,1,['incomplete_left_bundle_branch_block']
 sinusrhythmus linkstyp sonst normales ecg edit norm xxxx ( lafb norm ) ,1,['left_anterior_fascicular_block']
 premature atrial contraction ( s ) sinus rhythm left axis deviation left anterior fascicular block st segments are depressed in i avl t wave are flat in i and inverted in avl this may be due to lv strain or ischaemia ,1,['left_anterior_fascicular_block']
 sinus rhythm left axis deviation left anterior fascicular block tiny r wave in v2 xxxx suggesting old anteroseptal infarct st segments are depressed in i avl v4 xxxx this may be due to lv strain or ischaemia ,1,['left_anterior_fascicular_block']
 sinus rhythm voltages are high in limb leads suggesting lvh right bundle branch block initially there is complete right bundle branch block then there is a run of incomplete right bundle branch block ,1,['incomplete_right_bundle_branch_block']
 sinus rhythm right bundle branch block otherwise no definite pathology ,1,['right_bundle_branch_block']
 sinus rhythm left axis deviation left anterior fascicular block q wave in v2 old anteroseptal myocardial infarct cannot be excluded leads v4 xxxx show gross artifact ,1,['left_anterior_fascicular_block']
 sinus rhythm left axis deviation left anterior fascicular block left atrial enlargement t wave abnormality in high lateral leads this is non - specific ,1,['left_anterior_fascicular_block']
 premature ventricular contraction ( s ) atrial fibrillation left axis deviation left anterior fascicular block incomplete right bundle branch block non - specific t wave flattening in i and inversion in avl prolonged qt this may be due to a drug effe ,3,"['incomplete_right_bundle_branch_block', 'left_anterior_fascicular_block', 'long_qt']"
 sinus rhythm voltages are high in limb leads suggesting lvh left axis deviation left anterior fascicular block qs complex in v2 and tiny r wave in v3 suggesting old anteroseptal myocardial infarct non - specific st segment depression in avl ,1,['left_anterior_fascicular_block']
 sinus rhythm incomplete right bundle branch block no definite pathology ` ,1,['incomplete_right_bundle_branch_block']
 sinus rhythm prolonged pr interval possible left atrial enlargement slightly prolonged qt this may be due to a drug effect or an electrolyte disturbance ,1,['long_qt']
 sinus rhythm t wave are inverted in avl v2 - xxxx and flat in i v6 findings are likely to be due to ischaemic heart disease slightly prolonged qt this may be due to a drug effect or an electrolyte disturbance ,1,['long_qt']
 premature atrial contraction ( s ) sinus arrhythmia left atrial enlargement prolonged pr interval abnormal left axis deviation left anterior fascicular block incomplete right bundle branch block old anteroseptal infarct probable old inferior infarct ,2,"['incomplete_right_bundle_branch_block', 'left_anterior_fascicular_block']"
 sinus rhythm prolonged pr interval left bundle branch block this is most commonly due to ischaemic heart disease ,4,['left_bundle_branch_block']
 sinus rhythm left axis deviation left anterior fascicular block q wave in v2 suggesting old anteroseptal infarct non - specific st segment elevation in ii iii avf of uncertain significance ,1,['left_anterior_fascicular_block']
 atrial fibrillation with rapid ventricular response low limb lead voltage incomplete right bundle branch block non - specific st and t wave change ,1,['incomplete_right_bundle_branch_block']
 rhythm is basically sinus rhythm is very irregular suggesting sinus node dysfunction right bundle branch block ,1,['right_bundle_branch_block']
 atrial fibrillation low limb lead voltage right bundle branch block ,1,['right_bundle_branch_block']
 sinus rhythm left axis deviation low limb lead voltage left anterior fascicular block minor non - specific t wave flattening ,1,['left_anterior_fascicular_block']
 sinus rhythm left axis deviation left anterior fascicular block right bundle branch block bifascicular block pr interval is normal tracing is very similar to that submitted dated xxxx ,3,"['right_bundle_branch_block', 'left_anterior_fascicular_block', 'bifascicular_block']"
 sinus rhythm right bundle branch block possible old inferior infarct ,4,['right_bundle_branch_block']
 premature ventricular contraction ( s ) atrial fibrillation left axis deviation right bundle branch block probable old inferior infarct ,1,['right_bundle_branch_block']
 sinus rhythm r - s transition zone in v leads displaced to the right incomplete right bundle branch block no definite pathology ,2,['incomplete_right_bundle_branch_block']
 atrial fibrillation with rapid ventricular response premature ventricular contraction ( s ) low limb lead voltage left bundle branch block this is most commonly due to ischaemic heart disease ,1,['left_bundle_branch_block']
 sinus rhythm prolonged pr interval possible left atrial enlargement left axis deviation left anterior fascicular block voltages are high in limb leads suggesting lvh qs complex in v2 and tiny r wave in v3 consistent with old anteroseptal myoca ,1,['left_anterior_fascicular_block']
 sinus tachycardia left axis deviation left anterior fascicular block mild intraventricular conduction delay anterolareral st and t wave change consistent with lv strain or ischaemia ,2,"['left_anterior_fascicular_block', 'intraventricular_conduction_delay']"
 sinus rhythm left axis deviation left anterior fascicular block small r wave in v3 old anteroseptal infarct cannot be excluded ,1,['left_anterior_fascicular_block']
 sinus rhythm voltages are high in chest leads suggesting lvh st segments are depressed in ii iii avf v5 xxxx t wave are flat in limb leads and inverted in v56 this may be due to lv strain or ischaemia prolonged qt this may be due to a drug effect o ,1,['long_qt']
 sinus rhythm incomplete right bundle branch block significance of small q wave in v2 is uncertain ,1,['incomplete_right_bundle_branch_block']
 sinus tachycardia left atrial enlargement borderline left axis with clockwise rotation indicates probable left anterior fascicular block small q wave in i avl and v2 possible old high lateral infarct ,1,['left_anterior_fascicular_block']
 sinus rhythm incomplete right bundle branch block t wave are inverted in i avl v5 xxxx non - specific but consistent with myocardial ischaemia slightly prolonged qt this may be due to a drug effect or an electrolyte disturbance ,2,"['incomplete_right_bundle_branch_block', 'long_qt']"
 sinus rhythm leftward axis incomplete right bundle branch block otherwise normal ecg ,1,['incomplete_right_bundle_branch_block']
 sinus bradycardia incomplete right bundle branch block voltages are high in chest leads suggesting lvh the cause of the bradycardia is not evident ,1,['incomplete_right_bundle_branch_block']
 sinus rhythm grossly prolonged pr interval left axis deviation left anterior fascicular block otherwise no definite pathology ,1,['left_anterior_fascicular_block']
 sinus rhythm left axis deviation left anterior fascicular block tiny r wave in v2 xxxx suggesting old anteroseptal infarct ,1,['left_anterior_fascicular_block']
 sinus rhythm possible old antero - septal infarct prolonged qt interval exclude electrolyte disturbance ,1,['long_qt']
 normal demand ventricular pacing underlying atrial rhythm is atrial fibrillation several wide complex non paced complex seen with left bundle branch block configuration these are probably multiform ventricular salvos of two but cannot exclude conduction ,1,['left_bundle_branch_block']
 sinus rhythm minor st and t change prolonged qt query due to medications ,1,['long_qt']
 sinus rhythm minor terminal intraventricular conduction delay normal ecg ,1,['intraventricular_conduction_delay']
 sinus tachycardia ventricular premature complex first degree av block pr interval xxxx seconds st sagging most likely due to digitalis ,1,['first_degree_av_block']
 atrial fibrillation with moderately rapid ventricular response right bundle branch block clockwise rotation st change in part due to rbbb however change in lead avl and lateral chest leads suggest left ventricular strain ,1,['right_bundle_branch_block']
 sinus rhythm left anterior fascicular block left ventricular hypertrophy on voltages antero - lateral st and t change consistent with early left ventricular strain ,1,['left_anterior_fascicular_block']
 sinus rhythm left anterior fascicular block st and t change in lead iii and avf query early left ventricular strain or ischaemia ,1,['left_anterior_fascicular_block']
 sinus rhythm incomplete right bundle branch block ,5,['incomplete_right_bundle_branch_block']
 sinus rhythm voltages are high in limb leads suggesting lvh incomplete right bundle branch block borderline left axis deviation ,1,['incomplete_right_bundle_branch_block']
 sinus rhythm borderline left axis deviation right bundle branch block q wave in v2 a small old anteroseptal infarct cannot be excluded voltages are high in limb leads suggesting lvh ,1,['right_bundle_branch_block']
 sinus rhythm left axis deviation left anterior fascicular block non - specific t wave flattening in i and inversion in avl ,2,['left_anterior_fascicular_block']
 premature ventricular contraction ( s ) sinus rhythm left axis deviation left anterior fascicular block st segments are depressed and t wave inverted in i avl this may be due to lv strain or ischaemia ,1,['left_anterior_fascicular_block']
 atrial fibrillation with rapid ventricular response rightward axis right bundle branch block ,1,['right_bundle_branch_block']
 sinus rhythm t wave are inverted in ii iii avf v2 - xxxx t wave are low or flat in i avl findings are likely to be due to ischaemic heart disease subendocardial infarct of uncertain age is a possibility prolonged qt this may be due to a drug ef ,1,['long_qt']
 premature ventricular contraction ( s ) sinus rhythm left axis deviation left anterior fascicular block st segments are depressed in v4 xxxx t wave are low in limb leads and v4 xxxx this may be due to lv strain or ischaemia ,1,['left_anterior_fascicular_block']
 sinus rhythm prolonged pr interval left anterior fascicular block right bundle branch block compared with tracing of xxxx trifascicular block persists ,3,"['right_bundle_branch_block', 'left_anterior_fascicular_block', 'trifascicular_block']"
 sinus rhythm left axis deviation right bundle branch block minor non - specific st segment depression in lateral leads q wave in v2 suggest possible old anteroseptal infarct ,1,['right_bundle_branch_block']
 frequent premature atrial contraction ( s ) sinus rhythm prolonged pr interval left axis deviation left anterior fascicular block right bundle branch block trifascicular block compared with tracing of xxxx it is very similar ,3,"['right_bundle_branch_block', 'left_anterior_fascicular_block', 'trifascicular_block']"
 premature ventricular contraction ( s ) sinus rhythm left axis deviation left anterior fascicular block right bundle branch block bifascicular block q wave in v2 xxxx consistent with old anterior infarct ,3,"['right_bundle_branch_block', 'left_anterior_fascicular_block', 'bifascicular_block']"
 sinus rhythm and junctional rhythm non - specific t wave flattening in i avl v5 xxxx slightly prolonged qt this may be due to a drug effect or an electrolyte disturbance ,1,['long_qt']
 sinus rhythm voltages in limb leads are at upper limit left axis deviation left anterior fascicular block incomplete right bundle branch block ,2,"['incomplete_right_bundle_branch_block', 'left_anterior_fascicular_block']"
 premature ventricular contraction ( s ) atrial fibrillation incomplete right bundle branch block t wave are inverted in v2 xxxx st segments are depressed in v1 - xxxx findings are likely to be due to ischaemic heart disease the age of the change is uncert ,1,['incomplete_right_bundle_branch_block']
 premature ventricular contraction ( s ) sinus rhythm compared with tracing of xxxx it is not significantly changed bifascicular block and evidence of old anterior infarct persist ,1,['bifascicular_block']
 premature ventricular contraction ( s ) sinus rhythm incomplete right bundle branch block ,4,['incomplete_right_bundle_branch_block']
 sinus rhythm right bundle branch block non - specific st and t wave change ,2,['right_bundle_branch_block']
 sinusbradykardi extrem vänster el - axel ospecifikt skänkelblock avvikande qrs ( t ) förlopp anteroseptal infarkt ålder ej bestämmbar inferior infarkt ålder ej bestämmbarconsensus label derived from { imi xxxx asmi xxxx ivcd xxxx 0} { imi xxxx asmi xxxx lvh xxxx isc_ xxxx ivcd xxxx 0} { imi xxxx asmi xxxx lvh xxxx isc_ xxxx ivcd xxxx 0} ,1,['intraventricular_conduction_delay']
 sinus rhythm premature atrial contraction ( s ) left axis deviation left anterior fascicular block voltages in limb leads are at upper limit ,1,['left_anterior_fascicular_block']
 sinus rhythm voltages are high in limb leads suggesting lvh left axis deviation left anterior fascicular block prolonged qt this may be due to a drug effect or an electrolyte disturbance ,2,"['left_anterior_fascicular_block', 'long_qt']"
 sinus rhythm incomplete right bundle branch block this is probably a normal variant otherwise normal ecg edit norm xxxx irbbb rsiii avf tnegiii ( norm xxxx irbbb ) ,1,['incomplete_right_bundle_branch_block']
 premature atrial contraction ( s ) sinus rhythm left axis deviation left anterior fascicular block non - specific t wave flattening throughout myocardial ischaemia is likely suggest exclude hypokalaemia ,1,['left_anterior_fascicular_block']
 sinus rhythm incomplete right bundle branch block no definite pathology edit norm xxxx irbbb ( norm xxxx irbbb ) ,1,['incomplete_right_bundle_branch_block']
 sinus rhythm left axis deviation left anterior fascicular block left ventricular hypertrophy slightly prolonged qt this may be due to a drug effect or an electrolyte disturbance ,2,"['left_anterior_fascicular_block', 'long_qt']"
 premature atrial contraction ( s ) sinus rhythm slightly prolonged qt this may be due to a drug effect or an electrolyte disturbance ,2,['long_qt']
 sinus rhythm prolonged pr interval possible left atrial enlargement prolonged qt this may be due to a drug effect or an electrolyte disturbance ,1,['long_qt']
 premature atrial contraction ( s ) sinus rhythm non - specific t wave flattening in i avl v4 xxxx prolonged qt this may be due to a drug effect or an electrolyte disturbance ,1,['long_qt']
 premature atrial contractions with aberrant conduction bigeminy sinus rhythm incomplete right bundle branch block prolonged qt this may be due to a drug effect or an electrolyte disturbance ,3,"['incomplete_right_bundle_branch_block', 'aberrant_condution', 'long_qt']"
 sinus tachycardia rightward axis possible left posterior fascicular block incomplete right bundle branch block ,2,"['incomplete_right_bundle_branch_block', 'left_posterior_fascicular_block']"
 atrial fibrillation left axis deviation left anterior fascicular block st segments are depressed in i avl this may be due to lv strain or ischaemia ,1,['left_anterior_fascicular_block']
 premature atrial contraction ( s ) sinus tachycardia left axis deviation left anterior fascicular block st segments are depressed in i avl v5 xxxx this may be due to lv strain or ischaemia ,1,['left_anterior_fascicular_block']
 sinus rhythm minor non - specific t wave flattening in limb leads and v5 xxxx myocardial ischaemia cannot be excluded slightly prolonged qt suggest exclude hypokalaemia ,1,['long_qt']
 premature atrial contraction ( s ) sinus rhythm left axis deviation r - s transition zone in v leads displaced to the left left anterior fascicular block st segments are depressed in i avl t wave are inverted in ii iii avf v4 xxxx findings are likel ,1,['left_anterior_fascicular_block']
 sinus rhythm frequent premature atrial contraction ( s ) undetermined axis incomplete right bundle branch block qrs ( t ) contour abnormality consider inferior myocardial damage st and t abnormality consider anterior ischemia or left ventricular stra ,1,['incomplete_right_bundle_branch_block']
 premature atrial contraction ( s ) sinus rhythm prolonged pr interval voltages are high in limb leads suggesting lvh left axis deviation left anterior fascicular block right bundle branch block patient has trifascicular block and may be at increased r ,3,"['right_bundle_branch_block', 'left_anterior_fascicular_block', 'trifascicular_block']"
 sinus rhythm premature atrial contractions with aberrant conduction tiny r wave in v2 xxxx suggesting anteroseptal infarct probably old t wave are inverted in i avl v4 xxxx findings are likely to be due to ischaemic heart disease they may represen ,1,['aberrant_condution']
 sinus rhythm incomplete right bundle branch block voltages are high in chest leads suggesting lvh st segments are depressed in i avl v6 this may be due to lv strain or ischaemia ,1,['incomplete_right_bundle_branch_block']
 sinus rhythm incomplete right bundle branch block q wave in ii iii avf st segments are depressed in i avl t wave are low or flat in limb leads and v4 xxxx consistent with ischaemic heart disease with old inferior myocardial infarct ,1,['incomplete_right_bundle_branch_block']
 premature atrial contraction ( s ) sinus rhythm low limb lead voltage incomplete right bundle branch block st segments are depressed in ii iii avf t wave are inverted in v2 xxxx and flat in limb leads and v5 xxxx compared with tracing of xxxx it ,1,['incomplete_right_bundle_branch_block']
 sinus rhythm left axis deviation left anterior fascicular block right bundle branch block bifascicular block pr interval is normal t wave are flat in ii and inverted in iii avf inferior myocardial ischaemia is likely ,3,"['right_bundle_branch_block', 'left_anterior_fascicular_block', 'bifascicular_block']"
 sinus arrhythmia left axis deviation low limb lead voltage left anterior fascicular block ,1,['left_anterior_fascicular_block']
 sinus rhythm minor non - specific t abnormality prolonged qt this may be due to a drug effect or an electrolyte disturbance ,1,['long_qt']
 sinus rhythm r - s transition zone in v leads displaced to the right incomplete right bundle branch block possible right ventricular hypertrophy deep but narrow q wave in i avl v2 are of uncertain significance but may be due to septal hypertrophy ,1,['incomplete_right_bundle_branch_block']
 premature ventricular contraction ( s ) sinus tachycardia low limb lead voltage left bundle branch block ,1,['left_bundle_branch_block']
 sinus rhythm prolonged pr interval voltages are high in limb leads suggesting lvh left axis deviation left anterior fascicular block qs complex in v2 xxxx consistent with old anteroseptal infarct st segments are depressed in i avl v6 t wave ar ,1,['left_anterior_fascicular_block']
 sinus rhythm minor non - specific st and t wave change prolonged qt this may be due to a drug effect or an electrolyte disturbance ,1,['long_qt']
 premature ventricular contraction ( s ) sinus rhythm non - specific intraventricular block of lbbb type ,1,['left_bundle_branch_block']
 atrial fibrillation with rapid ventricular response incomplete right bundle branch block non - specific st and t wave change ,1,['incomplete_right_bundle_branch_block']
 sinus rhythm incomplete right bundle branch block non - specific t wave change ,1,['incomplete_right_bundle_branch_block']
 premature ventricular contraction ( s ) sinus rhythm left axis deviation left anterior fascicular block qs complex in v2 xxxx consistent with old anteroseptal myocardial infarct ,1,['left_anterior_fascicular_block']
 sinus rhythm right atrial enlargement left axis deviation incomplete right bundle branch block ,1,['incomplete_right_bundle_branch_block']
 premature ventricular contraction ( s ) premature atrial contraction ( s ) sinus rhythm left atrial enlargement left axis deviation incomplete right bundle branch block ,1,['incomplete_right_bundle_branch_block']
 premature atrial contraction ( s ) sinus rhythm non - specific t wave flattening in i avl v4 xxxx myocardial ischaemia is likely prolonged qt this may be due to a drug effect or an electrolyte disturbance ,1,['long_qt']
 sinus rhythm borderline left axis deviation right bundle branch block possible old inferior myocardial infarct ,1,['right_bundle_branch_block']
 sinus tachycardia premature ventricular contraction ( s ) left atrial enlargement left axis deviation right bundle branch block old inferior infarct ,1,['right_bundle_branch_block']
 sinus arrhythmia left axis deviation left anterior fascicular block ,1,['left_anterior_fascicular_block']
 sinus tachycardia left axis deviation left anterior fascicular block incomplete right bundle branch block ,2,"['incomplete_right_bundle_branch_block', 'left_anterior_fascicular_block']"
 sinus rhythm prolonged pr interval incomplete right bundle branch block ,2,['incomplete_right_bundle_branch_block']
 sinus rhythm prolonged pr interval voltages are high in limb leads suggesting lvh left axis deviation left anterior fascicular block st segments are depressed in i ii avl v5 xxxx t wave are flat in these leads this may be due to lv strain or ischa ,1,['left_anterior_fascicular_block']
 sinus rhythm left axis deviation left anterior fascicular block st segments are depressed in i avl v5 xxxx t wave are low or inverted in these leads this may be due to lv strain or ischaemia ,1,['left_anterior_fascicular_block']
 sinus rhythm voltages in limb leads are at upper limit left axis deviation left anterior fascicular block ,1,['left_anterior_fascicular_block']
 sinus rhythm left axis deviation left anterior fascicular block st segments are depressed in v4 xxxx t wave are flat in ii v4 xxxx and inverted in iii avf v3 findings are likely to be due to ischaemic heart disease the age of the change is un ,1,['left_anterior_fascicular_block']
 premature ventricular contraction ( s ) sinus rhythm prolonged pr interval right bundle branch block ,1,['right_bundle_branch_block']
 sinus rhythm prolonged pr interval left axis deviation left anterior fascicular block st segments are depressed in i avl t wave are low in i and inverted in avl this may be due to lv strain or ischaemia ,1,['left_anterior_fascicular_block']
 sinus arrhythmia voltages are high in chest leads suggesting lvh st segments are depressed in i ii v5 xxxx t wave are low or flat in limb leads and v4 xxxx myocardial ischaemia is likely prolonged qt this may be due to a drug effect or an electrol ,1,['long_qt']
 sinus rhythm abnormal left axis deviation left anterior fascicular block ,1,['left_anterior_fascicular_block']
 sinus rhythm left axis deviation left anterior fascicular block minor non - specific t wave flattening in ii v3 - xxxx ,1,['left_anterior_fascicular_block']
 sinus rhythm left axis deviation left anterior fascicular block incomplete right bundle branch block ,8,"['incomplete_right_bundle_branch_block', 'left_anterior_fascicular_block']"
 regular rhythm no definite p wave found rhythm is probably junctional left anterior fascicular block right bundle branch block bifascicular block patient may be at increased risk of developing complete av block ,4,"['third_degree_av_block', 'right_bundle_branch_block', 'left_anterior_fascicular_block', 'bifascicular_block']"
 sinus rhythm intravenricular conduction delay of left bundle branch block type left atrial abnormality cannot rule out antero - septal infarct ,1,['left_bundle_branch_block']
 sinus rhythm borderline left axis deviation right bundle branch block ,3,['right_bundle_branch_block']
 sinus rhythm borderline left atrial abnormality leftward axis right bundle branch block ,1,['right_bundle_branch_block']
 sinus rhythm borderline first degree av block pr interval of xxxx seconds possible old inferior infarct minor terminal intraventricular conduction delay no ecg evidence of recent ischaemia ,2,"['first_degree_av_block', 'intraventricular_conduction_delay']"
 sinus rhythm ventricular premature complex left anterior fascicular block minor qt prolongation ,1,['left_anterior_fascicular_block']
 sinus rhythm ventricular premature complex left atrial enlargement left anterior fascicular block minor st change consistent with digitalis effect ,1,['left_anterior_fascicular_block']
 sinus rhythm first degree av block pr interval xxxx seconds apart from first degree block normal ecg ,1,['first_degree_av_block']
 sinusrhythmus rechtstyp periphere niederspannung rechtsschenkelblock xxxx unbestätigter bericht edit rvh xxxx crbbb lpfb ( rvh xxxx crbbb lpfb ) ,1,['left_posterior_fascicular_block']
 sinus rhythm left anterior fascicular block otherwise normal ecg ,3,['left_anterior_fascicular_block']
 sinus tachycardia borderline left axis deviation left bundle branch block this is most commonly due to ischaemic heart disease ,1,['left_bundle_branch_block']
 premature ventricular contraction ( s ) premature atrial contraction ( s ) sinus rhythm left axis deviation incomplete right bundle branch block qs complex in v2 xxxx q wave in v4 consistent with old anterior myocardial infarct ,1,['incomplete_right_bundle_branch_block']
 sinus rhythm incomplete right bundle branch block st and t abnormality in inferior and anterolateral leads likely causes include ischaemia ,1,['incomplete_right_bundle_branch_block']
 premature ventricular contraction ( s ) sinus arrhythmia left axis deviation left anterior fascicular block right bundle branch block bifascicular block pr interval is normal edit imi xxxx crbbb lafb ( imi xxxx crbbb lafb ) ,3,"['right_bundle_branch_block', 'left_anterior_fascicular_block', 'bifascicular_block']"
 sinus rhythm prolonged pr interval left anterior fascicular block right bundle branch block this patient has trifascicular block and may be at increased risk of developing complete av block ,4,"['third_degree_av_block', 'right_bundle_branch_block', 'left_anterior_fascicular_block', 'trifascicular_block']"
 sinus rhythm left axis deviation incomplete left bundle branch block non - specific st and t wave change in i avl ,2,['incomplete_left_bundle_branch_block']
 sinus rhythm left axis deviation left anterior fascicular block left ventricular hypertrophy st segments are depressed and t wave inverted in i avl v4 xxxx this may be due to lv strain or ischaemia q wave in v2 old anteroseptal infarct cannot ,1,['left_anterior_fascicular_block']
 sinus rhythm left axis deviation non - specific intraventricular delay voltages are high in chest leads suggesting lvh q wave small r wave and st segment elevation in v2 xxxx suggesting anteroseptal myocardial infarct of uncertain age possibly recen edit asmi xxxx lvh xxxx isc_ sokolow xxxx ( asmi xxxx lvh xxxx isc_ lafb ) ,1,['left_anterior_fascicular_block']
 premature atrial contraction ( s ) sinus rhythm left axis deviation low limb lead voltage left anterior fascicular block non - specific st and t wave change in inferolateral leads ,1,['left_anterior_fascicular_block']
 sinus rhythm left axis deviation left anterior fascicular block right bundle branch block bifascicular block compared with tracing of xxxx it is not significantly changed ,3,"['right_bundle_branch_block', 'left_anterior_fascicular_block', 'bifascicular_block']"
 sinus rhythm left axis deviation r - s transition zone in v leads displaced to the left left anterior fascicular block st segments are depressed in i avl this may be due to lv strain or ischaemia ,1,['left_anterior_fascicular_block']
 premature atrial contraction ( s ) sinus rhythm left axis deviation left anterior fascicular block left ventricular hypertrophy q wave in v2 xxxx consistent with old anteroseptal myocardial infarct st segments are depressed and t wave inverted in i ,1,['left_anterior_fascicular_block']
 sinus rhythm prolonged pr interval left bundle branch block this is most commonly due to ischaemic heart disease in the presence of lbbb ischaemia is not excluded ,1,['left_bundle_branch_block']
 atrial fibrillation left axis deviation left anterior fascicular block qs complex in v2 - xxxx consistent with old anterolateral infarct ,1,['left_anterior_fascicular_block']
 premature ventricular contraction ( s ) premature atrial contraction ( s ) sinus rhythm left axis deviation left anterior fascicular block non - specific t wave flattening in i avl v6 ,1,['left_anterior_fascicular_block']
 sinus bradycardia left bundle branch block this is most commonly due to ischaemic heart disease the cause of the bradycardia is not evident ,1,['left_bundle_branch_block']
 normal sinus arrhythmia incomplete right bundle branch block this may be found in the normal heart otherwise normal ecg edit irbbb ,1,['incomplete_right_bundle_branch_block']
 premature ventricular contractions sinus rhythm left axis deviation left anterior fascicular block anterolateral t abnormality consistent with ischaemia ,1,['left_anterior_fascicular_block']
 sinus rhythm incomplete right bundle branch block no definite pathology ,2,['incomplete_right_bundle_branch_block']
 sinus rhythm prolonged pr interval st segments are depressed in i ii iii avf v2 - xxxx t wave are low or biphasic in these leads findings are likely to be due to ischaemic heart disease and digitalis effect in view of first degree av block holter mo ,1,['first_degree_av_block']
 sinus rhythm left axis deviation left anterior fascicular block right bundle branch block bifascicular block pr interval is normal voltages are high in limb leads suggesting lvh non - specific st and t wave change in inferolateral leads ,3,"['right_bundle_branch_block', 'left_anterior_fascicular_block', 'bifascicular_block']"
 sinus rhythm left axis deviation left anterior fascicular block right bundle branch block bifascicular block st elevation v2 - xxxx cant exclude recent damage progress trace advised to rule out recent infarct ,3,"['right_bundle_branch_block', 'left_anterior_fascicular_block', 'bifascicular_block']"
 sinus rhythm possible left atrial enlargement left axis deviation left anterior fascicular block incomplete right bundle branch block lead v5 shows artifact ,2,"['incomplete_right_bundle_branch_block', 'left_anterior_fascicular_block']"
 atrial fibrillation with rapid ventricular response rightward axis r - s transition zone in v leads displaced to the left possible left posterior fascicular block incomplete right bundle branch block non - specific t wave inversion in i avl v2 ,2,"['incomplete_right_bundle_branch_block', 'left_posterior_fascicular_block']"
 sinus rhythm left axis deviation left anterior fascicular block old anteroseptal myocardial infarct possible old inferior myocardial infarct non - specific st and t wave change in i avl tracing is similar to that of xxxx ,1,['left_anterior_fascicular_block']
 sinus rhythm left axis deviation left anterior fascicular block qs complex in v2 and tiny r wave in v3 this is probably normal but old anteroseptal infarct cannot be entirely excluded ,1,['left_anterior_fascicular_block']
 sinus rhythm left axis deviation left anterior fascicular block qs complex in v2 xxxx consistent with old anteroseptal myocardial infarct t wave are flat in limb leads and v6 this may be due to lv strain or ischaemia ,1,['left_anterior_fascicular_block']
 sinus bradycardia premature atrial contraction ( s ) right bundle branch block the cause of the bradycardia is not evident ,1,['right_bundle_branch_block']
 sinus rhythm right superior axis deviation left anterior fascicular block right bundle branch block bifascicular block pr interval is normal ,3,"['right_bundle_branch_block', 'left_anterior_fascicular_block', 'bifascicular_block']"
 sinus rhythm left axis deviation incomplete right bundle branch block ,3,['incomplete_right_bundle_branch_block']
 sinus tachycardia non - specific terminal t wave inversion in v2 xxxx myocardial ischaemia is a possible cause prolonged qt this may be due to a drug effect or an electrolyte disturbance ,1,['long_qt']
 premature ventricular contraction ( s ) sinus rhythm left axis deviation incomplete right bundle branch block ,1,['incomplete_right_bundle_branch_block']
 sinusbradykardie linkstyp sonst normales ecg edit norm xxxx ( m xxxx ) ( irbbb lafb norm ) ,1,['left_anterior_fascicular_block']
 sinus rhythm incomplete left bundle branch block non - specific st and t wave change ,1,['incomplete_left_bundle_branch_block']
 sinus arrhythmia incomplete right bundle branch block otherwise normal ecg edit norm xxxx irbbb ( norm xxxx irbbb ) ,2,['incomplete_right_bundle_branch_block']
 sinus rhythm left axis deviation incomplete right bundle branch block voltages are high in limb leads suggesting lvh ,1,['incomplete_right_bundle_branch_block']
 sinus rhythm left axis deviation left anterior fascicular block voltages are high in limb leads suggesting lvh st segments are depressed and t wave flat in i avl this may be due to lv strain or ischaemia ,1,['left_anterior_fascicular_block']
 sinus rhythm incomplete right bundle branch block non - specific t wave inversion in v2 xxxx ,2,['incomplete_right_bundle_branch_block']
 sinus rhythm left axis deviation probable left anterior fascicular block ,1,['left_anterior_fascicular_block']
 sinus rhythm left axis deviation left anterior fascicular block right bundle branch block bifascicular block pr interval is at about upper limit of normal so that patient is verging on trifascicular block and may be at increased risk of developing c ,4,"['right_bundle_branch_block', 'left_anterior_fascicular_block', 'bifascicular_block', 'trifascicular_block']"
 rhythm is atrial flutter with variable av block non - specific t wave abnormality ,1,['variable_av_block']
 premature atrial contraction ( s ) sinus rhythm right bundle branch block ,5,['right_bundle_branch_block']
 premature atrial contraction ( s ) sinus tachycardia left axis deviation left anterior fascicular block compared with tracing of xxxx st segment elevation in i avl v2 xxxx is more marked consistent with recent anterior myocardial infarct ,1,['left_anterior_fascicular_block']
 sinus rhythm possible left atrial enlargement low limb lead voltage left bundle branch block this is most commonly due to ischaemic heart disease ,1,['left_bundle_branch_block']
 premature ventricular contraction ( s ) sinus tachycardia left axis deviation left anterior fascicular block incomplete right bundle branch block ,2,"['incomplete_right_bundle_branch_block', 'left_anterior_fascicular_block']"
 sinus tachycardia left axis deviation left anterior fascicular block incomplete right bundle branch block no definite evidence to suggest recent ischaemia ,2,"['incomplete_right_bundle_branch_block', 'left_anterior_fascicular_block']"
 premature ventricular contraction ( s ) premature atrial contraction ( s ) sinus rhythm left axis deviation incomplete right bundle branch block q wave in v3 xxxx consistent with old anterior myocardial infarct possible old inferior myocardial infarcti ,1,['incomplete_right_bundle_branch_block']
 sinus rhythm t wave are low or flat in i v5 xxxx and show terminal inversion in v3 xxxx this may be due to lv strain or ischaemia slightly prolonged qt this may be due to a drug effect or an electrolyte disturbance ,1,['long_qt']
 sinus rhythm left axis deviation left anterior fascicular block right bundle branch block bifascicular block voltages are high in limb leads suggesting lvh pr interval is normal ,3,"['right_bundle_branch_block', 'left_anterior_fascicular_block', 'bifascicular_block']"
 premature ventricular contraction ( s ) bigeminy pacemaker spikes noted left axis deviation left anterior fascicular block right bundle branch block bifascicular block ,3,"['right_bundle_branch_block', 'left_anterior_fascicular_block', 'bifascicular_block']"
 atrial fibrillation left axis deviation non - specific intraventricular block of left bundle branch block type ,1,['left_bundle_branch_block']
 sinus rhythm incomplete right bundle branch block non - specific t wave flattening in i and slight inversion in avl ,1,['incomplete_right_bundle_branch_block']
 atrial fibrillation premature ventricular contraction ( s ) left axis deviation left anterior fascicular block poor progression of r wave in anterior chest leads suggesting old anteroseptal infarct ,1,['left_anterior_fascicular_block']
 sinus tachycardia frequent premature atrial contraction ( s ) incomplete right bundle branch block left ventricular hypertrophy non - specific st and t wave change ,1,['incomplete_right_bundle_branch_block']
 pacemaker spikes noted a regular paced rhythm is present together with two spontaneous complex apparently normal pacemaker function the spontaneous complex show left anterior fascicular block and deep t wave inversion in lateral leads findings are li ,1,['left_anterior_fascicular_block']
 sinus rhythm left axis deviation left anterior fascicular block qs complex in v2 xxxx st segments are elevated in v2 xxxx t wave are inverted in ii iii avf v4 xxxx consistent with ischaemic heart disease with anterior myocardial infarct probabl ,1,['left_anterior_fascicular_block']
 sinus rhythm prolonged pr interval left axis deviation left anterior fascicular block non - specific intraventricular block q wave in v2 xxxx consistent with old anterior myocardial infarct patient may be at increased risk of developing complete ,1,['left_anterior_fascicular_block']
 premature ventricular contraction ( s ) sinus rhythm prolonged pr interval left axis deviation left anterior fascicular block right bundle branch block patient has trifascicular block and may be at increased risk of developing complete av block po ,4,"['third_degree_av_block', 'right_bundle_branch_block', 'left_anterior_fascicular_block', 'trifascicular_block']"
 sinus rhythm t wave are low or flat in limb leads and inverted in v3 - xxxx findings are likely to be due to ischaemic heart disease the age of the change is uncertain prolonged qt this may be due to a drug effect or an electrolyte disturbance ,1,['long_qt']
 premature atrial contraction ( s ) sinus rhythm incomplete right bundle branch block otherwise normal ecg ,3,['incomplete_right_bundle_branch_block']
 sinus rhythm left axis deviation r - s transition zone in v leads displaced to the left left anterior fascicular block ,3,['left_anterior_fascicular_block']
 premature atrial contraction ( s ) sinus rhythm borderline left axis deviation left bundle branch block this is most commonly due to ischaemic heart disease ,1,['left_bundle_branch_block']
 sinus rhythm slightly prolonged qt this may be due to a drug effect or an electrolyte disturbance otherwise normal ecg ,2,['long_qt']
 sinus rhythm borderline left axis deviation st segments are slightly depressed in i v6 t wave are low or flat in ii v4 xxxx non - specific but consistent with myocardial ischaemia prolonged qt this may be due to a drug effect or an electrolyte di ,1,['long_qt']
 sinus rhythm prolonged pr interval voltages are high in limb leads suggesting lvh left axis deviation left anterior fascicular block st segments are depressed in i avl v3 - xxxx t wave are inverted in i avl and flat in v4 xxxx this may be due to lv s ,1,['left_anterior_fascicular_block']
 premature ventricular contraction ( s ) sinus rhythm voltages are high in chest leads suggesting lvh st segments are depressed in avl v4 xxxx t wave are low or flat in i ii avl v4 xxxx this may be due to lv strain or ischaemia prolonged qt this may ,1,['long_qt']
 premature atrial contraction ( s ) sinus rhythm left axis deviation left anterior fascicular block st segments are depressed in i avl t wave are low in these leads this may be due to lv strain or ischaemia q wave in v2 old anteroseptal infarct can ,1,['left_anterior_fascicular_block']
 sinus rhythm r - s transition zone in v leads displaced to the right incomplete right bundle branch block t wave are generally low prolonged qt suggest exclude hypokalaemia ,2,"['incomplete_right_bundle_branch_block', 'long_qt']"
 sinus rhythm left axis deviation r - s transition zone in v leads displaced to the left left anterior fascicular block non - specific t wave flattening in v3 - xxxx myocardial ischaemia is likely ,1,['left_anterior_fascicular_block']
 sinus rhythm left ventricular hypertrophy left axis deviation left anterior fascicular block st segments are depressed and t wave inverted in i avl t wave are flat in v6 this may be due to lv strain or ischaemia ,1,['left_anterior_fascicular_block']
 sinus rhythm ventricular premature complex left anterior fascicular block no ecg evidence of ischaemia ,1,['left_anterior_fascicular_block']
 sinus rhythm p wave vector suggests respiratory disease partial right bundle branch block ,1,['right_bundle_branch_block']
 sinus rhythm prolonged pr interval left axis deviation left anterior fascicular block antero - septal infarct of undetermined age probably recent ,1,['left_anterior_fascicular_block']
 sinus rhythm left axis deviation left anterior fascicular block qs complex in v2 xxxx consistent with old anteroseptal myocardial infarct ,1,['left_anterior_fascicular_block']
 sinus rhythm possible left atrial enlargement left axis deviation voltages are high in limb leads suggesting lvh prolonged qt this may be due to a drug effect or an electrolyte disturbance ,1,['long_qt']
 atrial fibrillation incomplete right bundle branch block prolonged qt this may be due to a drug effect or an electrolyte disturbance ,2,"['incomplete_right_bundle_branch_block', 'long_qt']"
 sinus rhythm right axis deviation probable left posterior fascicular block compared with tracing of xxxx it is very similar edit lpfb ( lpfb ) ,1,['left_posterior_fascicular_block']
 premature ventricular contraction ( s ) sinus rhythm left axis deviation left anterior fascicular block qs complex in v2 and tiny r wave in v3 consistent with old anteroseptal myocardial infarct ,1,['left_anterior_fascicular_block']
 sinusrhythmus rechtstyp amplitudenkriterien f#r linkshypertrophie t abnormal in hochlateralen ableitungen edit lpfb ( norm xxxx lpfb ) ,1,['left_posterior_fascicular_block']
 sinus rhythm left axis deviation voltages are high in chest leads suggesting lvh edit lvh xxxx sokolow xxxx ( lvh xxxx lafb ) ,1,['left_anterior_fascicular_block']
 premature ventricular contraction ( s ) sinus rhythm possible left atrial enlargement left bundle branch block this is most commonly due to ischaemic heart disease ,1,['left_bundle_branch_block']
 rapid regular supraventricular tachycardia rightward axis right bundle branch block suggest repeat when patient has reverted to sinus rhythm ,1,['right_bundle_branch_block']
 sinus rhythm low limb lead voltage no definite pathology edit norm xxxx ( irrb lafb ) ( norm xxxx ) ,1,['left_anterior_fascicular_block']
 premature atrial contraction ( s ) sinus rhythm incomplete right bundle branch block otherwise normal ecg edit norm xxxx irbbb ( norm xxxx irbbb ) ,1,['incomplete_right_bundle_branch_block']
 atrial fibrillation left bundle branch block ,1,['left_bundle_branch_block']
 sinus rhythm incomplete right bundle branch block minor non - specific st and t wave change ,1,['incomplete_right_bundle_branch_block']
 premature ventricular contraction ( s ) premature atrial contraction ( s ) sinus rhythm prolonged pr interval left axis deviation left bundle branch block this is most commonly due to ischaemic heart disease ,2,['left_bundle_branch_block']
 atrial rate = xxxx - min p wave are often inconspicuous sinus rhythm with dropped complex due to second degree av block of wenckebach type compared with tracing of xxxx it is otherwise generally similar with st and t wave change ,1,['second_degree_av_block']
 atrial fibrillation with rapid ventricular response t wave are low or flat in limb leads and v5 xxxx myocardial ischaemia is likely prolonged qt suggest exclude hypokalaemia ,1,['long_qt']
 sinus rhythm left axis deviation r - s transition zone in v leads displaced to the left left anterior fascicular block t wave are flat in ii and inverted in iii avf v2 - xxxx findings are likely to be due to ischaemic heart disease the age of the cha ,1,['left_anterior_fascicular_block']
 sinusrytm extrem vänster el - axel avvikande qrs ( t ) förlopp anteroseptal myokardskada bör övervägas t - förändring såsom vid anterolateral myokardaffektionconsensus label derived from { asmi xxxx lvh xxxx isc_ xxxx lafb xxxx lao - lae xxxx sr xxxx 0} { asmi xxxx lafb xxxx lvh xxxx isc_ xxxx sr xxxx 0} ,1,['left_anterior_fascicular_block']
 pacemaker ekgconsensus label derived from { pace xxxx 0} { asmi xxxx almi xxxx lafb xxxx pvc xxxx pace xxxx 0} ,1,['left_anterior_fascicular_block']
 sinus rhythm diffuse st and t wave change with prolonged qt suggest exclude electrolyte disturbance ischaemia is a possible cause ,1,['long_qt']
 atrial fibrillation with slow ventricular response left axis deviation right bundle branch block ,1,['right_bundle_branch_block']
 sinus rhythm left axis deviation left anterior fascicular block t wave are flat in ii and inverted in iii avf v4 xxxx non - specific but consistent with myocardial ischaemia ,1,['left_anterior_fascicular_block']
 premature atrial contraction ( s ) bigeminy sinus rhythm left axis deviation left anterior fascicular block non - specific intraventricular delay ,1,['left_anterior_fascicular_block']
 sinus rhythm p wave are inconspicuous premature atrial contraction ( s ) non - specific t wave flattening in i avl v6 prolonged qt this may be due to a drug effect or an electrolyte disturbance ,1,['long_qt']
 a rapid regular broad complex tachycardia is present this is probably a supraventricular tachycardia with left bundle branch block but ventricular tachycardia cannot be entirely excluded left axis deviation ,1,['left_bundle_branch_block']
 sinus rhythm left axis deviation left anterior fascicular block voltages are high in limb leads suggesting lvh st segments are depressed and t wave inverted in i avl v5 xxxx this may be due to lv strain or ischaemia ,1,['left_anterior_fascicular_block']
 sinus rhythm left bundle branch block this is most commonly due to ischaemic heart disease in the presence of lbbb ischaemia is not excluded edit clbbb xxxx ( clbbb xxxx ) ,1,['left_bundle_branch_block']
 sinus rhythm prolonged pr interval incomplete right bundle branch block voltages are high in limb leads suggesting lvh ,1,['incomplete_right_bundle_branch_block']
 sinus rhythm left axis deviation left anterior fascicular block qs complex in v2 xxxx consistent with old anteroseptal myocardial infarct t wave are low or flat in i v4 xxxx and inverted in avl findings are likely to be due to ischaemic hear ,1,['left_anterior_fascicular_block']
 premature ventricular contraction ( s ) sinus rhythm left axis deviation left anterior fascicular block qs complex in v2 xxxx t wave are inverted in i avl v5 xxxx consistent with ischaemic heart disease with old anteroseptal myocardial infarct ,1,['left_anterior_fascicular_block']
 sinus rhythm right axis deviation probable left posterior fascicular block non - specific t wave flattening in i avl v6 ,1,['left_posterior_fascicular_block']
 premature ventricular contraction ( s ) sinus rhythm abnormal left axis deviation left bundle branch block ,1,['left_bundle_branch_block']
 sinus rhythm prolonged pr interval right bundle branch block possible old inferior infarct edit imi xxxx crbbb ( imi xxxx crbbb ) ,1,['right_bundle_branch_block']
 atrial fibrillation with rapid ventricular response premature ventricular contraction ( s ) incomplete right bundle branch block ,1,['incomplete_right_bundle_branch_block']
 sinus rhythm prolonged pr interval right bundle branch block probable old inferior infarct ,1,['right_bundle_branch_block']
 sinus rhythm incomplete right bundle branch block q wave in v3 suggesting old anteroseptal infarct q wave in ii iii avf consistent with old inferior myocardial infarct ,1,['incomplete_right_bundle_branch_block']
 atrial fibrillation right bundle branch block possible left ventricular hypertrophy ,1,['right_bundle_branch_block']
 atrial fibrillation left axis deviation low limb lead voltage t wave are low or flat throughout myocardial ischaemia is likely prolonged qt suggest exclude hypokalaemia ,1,['long_qt']
 there is a marked bradycardia due to xxxx av block atrial rate = xxxx - min biatrial enlargement rightward axis left posterior fascicular block right bundle branch block bifascicular block patient should be considered for a pacemaker ,3,"['right_bundle_branch_block', 'left_posterior_fascicular_block', 'bifascicular_block']"
 complex ( s ) with aberrant intraventricular conduction premature atrial contraction ( s ) sinus rhythm left axis deviation incomplete right bundle branch block voltages are high in limb leads suggesting lvh st segments are depressed in i avl v5 xxxx t wave ,1,['incomplete_right_bundle_branch_block']
 sinus rhythm prolonged pr interval st segments are slightly depressed in i ii v4 xxxx t wave are low or flat in i avl v2 - xxxx this may be due to lv strain or ischaemia prolonged qt suggest exclude hypokalaemia ,1,['long_qt']
 premature atrial contraction ( s ) sinus rhythm prolonged pr interval left axis deviation left bundle branch block this is most commonly due to ischaemic heart disease ,1,['left_bundle_branch_block']
 sinus rhythm non - specific t wave flattening in v6 prolonged qt this may be due to a drug effect or an electrolyte disturbance ,1,['long_qt']
 sinus rhythm left axis deviation left anterior fascicular block t wave are inverted in ii iii avf v2 - xxxx and low or flat in i avl v6 findings are likely to be due to ischaemic heart disease the age of the change is uncertain prolonged qt ,2,"['left_anterior_fascicular_block', 'long_qt']"
 p wave axis is abnormal rhythm is probably junctional t wave are low flat or inverted in inferolateral leads non - specific but consistent with myocardial ischaemia prolonged qt this may be due to a drug effect or an electrolyte disturbance ,1,['long_qt']
 sinus rhythm left axis deviation left anterior fascicular block non - specific intraventricular block ,4,['left_anterior_fascicular_block']
 sinus tachycardia prolonged pr interval left axis deviation left anterior fascicular block right bundle branch block possible old inferior infarct patient has trifascicular block and may be at increased risk of developing complete av block ,4,"['third_degree_av_block', 'right_bundle_branch_block', 'left_anterior_fascicular_block', 'trifascicular_block']"
 sinus tachycardia incomplete right bundle branch block t abnormality in lateral leads which is non - diagnostic ,1,['incomplete_right_bundle_branch_block']
 sinus rhythm left axis deviation r - s transition zone in v leads displaced to the left left anterior fascicular block st segments are depressed and t wave inverted in i avl this may be due to lv strain or ischaemia ,1,['left_anterior_fascicular_block']
 sinus rhythm prolonged pr interval incomplete right bundle branch block non - specific t wave flattening in v3 xxxx ,1,['incomplete_right_bundle_branch_block']
 sinus rhythm voltages are high in limb leads suggesting lvh left axis deviation left anterior fascicular block qs complex in v2 old anteroseptal infarct cannot be excluded ,1,['left_anterior_fascicular_block']
 atrial fibrillation with rapid ventricular response left bundle branch block this is most commonly due to ischaemic heart disease ,2,['left_bundle_branch_block']
 premature ventricular contraction ( s ) sinus rhythm prolonged pr interval prolonged qt this may be due to a drug effect or an electrolyte disturbance ,1,['long_qt']
 sinus rhythm no definite pathology edit norm xxxx ( lafb ) ( norm xxxx ivcb ) ,1,['left_anterior_fascicular_block']
 sinus tachycardia abnormal left axis deviation left bundle branch block in presence of lbbb hypertrophy or ischaemia not excluded ,1,['left_bundle_branch_block']
 sinus rhythm prolonged pr interval non - specific t wave flattening in limb leads and v5 slightly prolonged qt this may be due to a drug effect or an electrolyte disturbance ,1,['long_qt']
 atrial fibrillation left axis deviation left anterior fascicular block st segments are depressed in i ii avl v2 - xxxx t wave are low or flat throughout findings are likely to be due to ischaemic heart disease and digitalis effect suggest exclude hy ,1,['left_anterior_fascicular_block']
 sinusrhythmus ueberdrehter linkstyp qrs ( t ) abnorm anterolateraler infarkt möglich inferiorer infarkt alter unbest xxxx unbestätigter bericht edit ilmi xxxx ( ilmi xxxx lafb ) ,1,['left_anterior_fascicular_block']
 sinus tachycardia right bundle branch block possible old inferior myocardial infarct ,1,['right_bundle_branch_block']
 sinus rhythm there are dropped complex due apparently to failure of the sa node to generate an impulse at times p wave are best seen in v1 and are not evident just before a pause right bundle branch block holter monitor may be helpful ,1,['right_bundle_branch_block']
 sinus rhythm minor non - specific st segment depression in v4 xxxx prolonged qt this may be due to a drug effect or an electrolyte disturbance ,1,['long_qt']
 sinus rhythm left axis deviation left anterior fascicular block voltages are high in limb leads suggesting lvh qs complex in v2 suggesting anteroseptal infarct of uncertain age ,1,['left_anterior_fascicular_block']
 sinus rhythm prolonged pr interval left axis deviation left bundle branch block ,1,['left_bundle_branch_block']
 sinus rhythm incomplete right bundle branch block non - specific t wave flattening in v3 xxxx ,1,['incomplete_right_bundle_branch_block']
 premature ventricular contraction ( s ) sinus rhythm voltages in chest leads are at upper limit st segments are depressed in avl v4 xxxx this may be due to lv strain or ischaemia prolonged qt this may be due to a drug effect or an electrolyte distur ,1,['long_qt']
 sinus rhythm prolonged pr interval possible left atrial enlargement left axis deviation left anterior fascicular block non - specific t wave flattening in i v5 xxxx and inversion in avl ,1,['left_anterior_fascicular_block']
 sinus rhythm prolonged pr interval borderline left axis deviation right bundle branch block possible old inferior infarct ,1,['right_bundle_branch_block']
 atrial fibrillation right bundle branch block q wave in v2 suggesting old anteroseptal infarct ,1,['right_bundle_branch_block']
 rhythm is atrial tachycardia ( rate = xxxx - min ) with variable av block premature ventricular contraction ( s ) non - specific intraventricular block ,1,['variable_av_block']
 sinus rhythm p wave are inconspicuous left bundle branch block this is most commonly due to ischaemic heart disease ,1,['left_bundle_branch_block']
 sinus rhythm right bundle branch block non - specific t wave abnormality in v3 - xxxx possibly due to bundle branch block ,1,['right_bundle_branch_block']
 sinus rhythm incomplete right bundle branch block non - specific t wave flattening in v6 ,1,['incomplete_right_bundle_branch_block']
 sinus rhythm right bundle branch block small lateral q wave noted ,1,['right_bundle_branch_block']
 sinus rhythm left anterior fascicular block t wave change in v3 v4 consistent with ischaemia or subendocardial infarct ,1,['left_anterior_fascicular_block']
 sinus rhythm first degree av block pr interval of xxxx seconds left anterior fascicular block non - diagnostic lateral t wave flattening query ischaemia ,2,"['first_degree_av_block', 'left_anterior_fascicular_block']"
 sinus rhythm right bundle branch block no ecg evidence of ischaemia ,1,['right_bundle_branch_block']
 sinus rhythm left anterior fascicular block extensive anterior t wave inversion consistent with ischaemia or subendocardial infarct ,1,['left_anterior_fascicular_block']
 sinus rhythm incomplete right bundle branch block non - specific infero - lateral st and t change ,1,['incomplete_right_bundle_branch_block']
 atrial fibrillation left axis deviation left anterior fascicular block st segments are depressed in i avl v5 xxxx t wave are low in i v5 xxxx and inverted in avl this may be due to lv strain or ischaemia ,1,['left_anterior_fascicular_block']
 sinus rhythm borderline left axis deviation left bundle branch block this is most commonly due to ischaemic heart disease in the presence of lbbb ischaemia is not excluded ,1,['left_bundle_branch_block']
 sinus arrhythmia prolonged pr interval possible left atrial enlargement low limb lead voltage right bundle branch block non - specific t wave flattening in i avl v5 xxxx ,1,['right_bundle_branch_block']
 complete av dissociation is present [complete heart block] atrial rate = xxxx - min ventricular rate = xxxx - min right axis deviation r - s transition zone in v leads displaced to the left low limb lead voltage possible left posterior fascicular block non - ,1,['left_posterior_fascicular_block']
 supraventricular ( probably sinus ) tachycardia right axis deviation possible left posterior fascicular block q wave in ii iii avf are probably normal old inferior infarct cannot be entirely excluded ,1,['left_posterior_fascicular_block']
 sinus rhythm possible left atrial enlargement incomplete right bundle branch block q wave in ii iii avf suggesting old inferior myocardial infarct ,1,['incomplete_right_bundle_branch_block']
 sinus rhythm st segments are depressed in i ii avl v4 xxxx t wave are low or flat in these leads this may be due to lv strain or ischaemia prolonged qt this may be due to a drug effect or an electrolyte disturbance ,1,['long_qt']
 sinus tachycardia left axis deviation left anterior fascicular block otherwise normal ecg ,1,['left_anterior_fascicular_block']
 sinusrhythmus linkstyp sonst normales ecg xxxx unbestätigter bericht edit norm xxxx sokolow xxxx ( lafb norm ) ,1,['left_anterior_fascicular_block']
 sinus rhythm incomplete right bundle branch block minor non - specific st and t wave change in v4 xxxx ,1,['incomplete_right_bundle_branch_block']
 sinus bradycardia prolonged qt this may be due to a drug effect or an electrolyte disturbance the cause of the bradycardia is not evident ,1,['long_qt']
 sinus rhythm markedly prolonged pr interval right bundle branch block ,1,['right_bundle_branch_block']
 atrial tachycardia with xxxx av block incomplete right bundle branch block widespread st and t wave change probably due to myocardial ischaemia and digitalis effect ,1,['incomplete_right_bundle_branch_block']
 sinusrhythmus linkstyp sonst normales ecg xxxx unbestätigter bericht edit lafb xxxx ( lafb xxxx norm ) ,1,['left_anterior_fascicular_block']
 sinusrhythmus ueberdrehter rechtstyp linksposteriorer fascicular block edit lpfb ( m xxxx ) ( lpfb norm ) ,1,['left_posterior_fascicular_block']
 sinus rhythm left anterior fascicular block ,1,['left_anterior_fascicular_block']
 sinus rhythm minor non - specific st and t wave change prolonged qt suggest exclude hypokalaemia ,2,['long_qt']
 sinus rhythm prolonged pr interval left bundle branch block in the presence of lbbb ischaemia is not excluded ,1,['left_bundle_branch_block']
 sinus rhythm left atrial enlargement right bundle branch block t wave are inverted in i avl v5 xxxx consistent with lateral ischaemia or subendocardial infarct of uncertain age ,1,['right_bundle_branch_block']
 sinus tachycardia left axis deviation left anterior fascicular block non - specific t wave change in i avl ,1,['left_anterior_fascicular_block']
 premature atrial contraction ( s ) sinus rhythm non - specific t wave flattening in limb leads and v5 xxxx prolonged qt this may be due to a drug effect or an electrolyte disturbance ,1,['long_qt']
 sinus rhythm left axis deviation left anterior fascicular block incomplete right bundle branch block st segments are elevated in v2 - xxxx this is probably a normal variant compared with submitted tracing dated xxxx it is not significantly changed ,2,"['incomplete_right_bundle_branch_block', 'left_anterior_fascicular_block']"
 atrial fibrillation premature ventricular contraction ( s ) left axis deviation low limb lead voltage left bundle branch block this is most commonly due to ischaemic heart disease ,1,['left_bundle_branch_block']
 premature atrial contraction ( s ) sinus rhythm incomplete right bundle branch block ,1,['incomplete_right_bundle_branch_block']
 sinus rhythm left axis deviation right bundle branch block q wave in v1 xxxx suggesting old anteroseptal infarct ,1,['right_bundle_branch_block']
 atrial fibrillation with rapid ventricular response incomplete right bundle branch block otherwise no definite pathology ,1,['incomplete_right_bundle_branch_block']
 sinus rhythm left axis deviation left anterior fascicular block voltages are high in limb leads suggesting lvh qs complex in v2 and tiny r wave in v3 consistent with old anteroseptal myocardial infarct st segments are depressed and t wave i ,1,['left_anterior_fascicular_block']
 sinus rhythm incomplete right bundle branch block st segments are depressed in i ii avf v4 xxxx non - specific but consistent with myocardial ischaemia ,1,['incomplete_right_bundle_branch_block']
 sinus rhythm left axis deviation left anterior fascicular block voltages are high in limb leads suggesting lvh qs complex and st segments are elevated in v2 xxxx consistent with anteroseptal myocardial infarct of uncertain age t wave are inverted ,1,['left_anterior_fascicular_block']
 premature ventricular contraction ( s ) atrial fibrillation with rapid ventricular response right bundle branch block non - specific st and t wave change ,1,['right_bundle_branch_block']
 premature ventricular contraction ( s ) atrial fibrillation with rapid ventricular response right bundle branch block ,2,['right_bundle_branch_block']
 sinus rhythm non - specific t wave inversion in v2 and flattening in v3 prolonged qt this may be due to a drug effect or an electrolyte disturbance ,1,['long_qt']
 sinus rhythm non - specific t wave flattening in v5 xxxx prolonged qt this may be due to a drug effect or an electrolyte disturbance ,1,['long_qt']
 premature ventricular contraction ( s ) bigeminy premature atrial contraction ( s ) sinus tachycardia left atrial enlargement left axis deviation left anterior fascicular block probable old posterior infarct ,1,['left_anterior_fascicular_block']
 sinus rhythm st segments are depressed in i v5 xxxx t wave are low or flat in i avl v5 xxxx non - specific but consistent with myocardial ischaemia prolonged qt this may be due to a drug effect or an electrolyte disturbance ,1,['long_qt']
 atrial fibrillation left bundle branch block this is most commonly due to ischaemic heart disease ,1,['left_bundle_branch_block']
 sinus rhythm t wave are flat throughout prolonged qt suggest exclude hypokalaemia ,1,['long_qt']
 premature ventricular contraction ( s ) bigeminy sinus rhythm right bundle branch block ,1,['right_bundle_branch_block']
 premature ventricular contraction ( s ) sinus rhythm left axis deviation left anterior fascicular block ,1,['left_anterior_fascicular_block']
 premature ventricular contraction ( s ) premature atrial contraction ( s ) sinus rhythm slightly prolonged qt this may be due to a drug effect or an electrolyte disturbance ,1,['long_qt']
 sinus rhythm rightward axis probable left posterior fascicular block st segments are depressed in ii iii avf t wave are inverted in v2 - xxxx findings are likely to be due to ischaemic heart disease however anterior t wave change may be due to ri ,1,['left_posterior_fascicular_block']
 sinus rhythm slight non - specific st segment depression in i avl myocardial ischaemia is a possible cause slightly prolonged qt this may be due to a drug effect or an electrolyte disturbance ,1,['long_qt']
 premature ventricular contraction ( s ) sinus rhythm voltages in limb leads are at upper limit slightly prolonged qt this may be due to a drug effect or an electrolyte disturbance ,1,['long_qt']
 premature ventricular contraction ( s ) sinus rhythm grossly prolonged pr interval ( xxxx sec ) dropped complex due to second degree av block st segments are depressed in i ii avl avf v4 xxxx findings are very similar to xxxx ,1,['second_degree_av_block']
 sinus tachycardia incomplete right bundle branch block ,1,['incomplete_right_bundle_branch_block']
 sinus tachycardia left atrial enlargement left anterior fascicular block leads v2 and v3 are probably crossed left ventricular hypertrophy st and t wave change in the anterolateral leads are consistent with strain or ischaemia ,1,['left_anterior_fascicular_block']
 premature atrial contraction ( s ) sinus rhythm possible left atrial enlargement borderline left axis deviation otherwise normal ecg edit norm qsiii und lafb in manchen schlägen ,1,['left_anterior_fascicular_block']
 sinus rhythm r - s transition zone in v leads displaced to the right incomplete right bundle branch block q wave in ii iii avf are probably normal no definite pathology ,1,['incomplete_right_bundle_branch_block']
 sinus rhythm left axis deviation left anterior fascicular block incomplete right bundle branch block otherwise no definite pathology ,2,"['incomplete_right_bundle_branch_block', 'left_anterior_fascicular_block']"
 premature ventricular contraction ( s ) sinus rhythm left bundle branch block this is most commonly due to ischaemic heart disease ,2,['left_bundle_branch_block']
 sinus rhythm st segments are depressed in i avl v5 xxxx this may be due to lv strain or ischaemia slightly prolonged qt this may be due to a drug effect or an electrolyte disturbance ,1,['long_qt']
 sinus rhythm incomplete right bundle branch block otherwise no definite pathology ,2,['incomplete_right_bundle_branch_block']
 sinus rhythm left atrial enlargement left ventricular hypertrophy st segments are depressed in i ii avl v3 - xxxx t wave are inverted in ii iii avf v2 - xxxx this may be due to lv strain or ischaemia the age of the change is uncertain prolonged qt t edit injas lvh xxxx isc sokolow xxxx ( injas xxxx lvh xxxx isc ) ,1,['long_qt']
 sinus rhythm atypical left anterior fascicular block otherwise normal ecg ,1,['left_anterior_fascicular_block']
 sinus rhythm t wave are low or flat in i avl v5 xxxx myocardial ischaemia is a possible cause prolonged qt this may be due to a drug effect or an electrolyte disturbance ,1,['long_qt']
 premature atrial contraction ( s ) sinus rhythm prolonged qt this may be due to a drug effect or an electrolyte disturbance ,1,['long_qt']
 sinus rhythm left ventricular hypertrophy left axis deviation r - s transition zone in v leads displaced to the left left anterior fascicular block st segments are depressed and t wave inverted in i ii avl v4 xxxx this may be due to lv strain or ,1,['left_anterior_fascicular_block']
 sinus rhythm prolonged pr interval left axis deviation left anterior fascicular block qs complex in v2 and tiny r wave in v3 st segments are depressed in i avl v5 xxxx t wave are inverted in i avl and flat in v6 consistent with ischaemic heart ,1,['left_anterior_fascicular_block']
 sinus rhythm leftward axis borderline criteria for left anterior fascicular block otherwise normal ecg ,1,['left_anterior_fascicular_block']
 sinus rhythm abnormal left axis deviation r - s transition zone in v leads displaced to the right left anterior fascicular block left ventricular hypertrophy st and t abnormality consider high lateral ischemia or left ventricular strain ,1,['left_anterior_fascicular_block']
 sinus rhythm r - s transition zone in v leads displaced to the left tiny r wave in v2 xxxx old anterior infarct cannot be excluded t wave are flat in limb leads prolonged qt this may be due to a drug effect or an electrolyte disturbance ,1,['long_qt']
 sinus rhythm left axis deviation left anterior fascicular block left ventricular hypertrophy ,2,['left_anterior_fascicular_block']
 sinus rhythm left axis deviation left anterior fascicular block st segments are depressed in i avl this may be due to lv strain or ischaemia ,2,['left_anterior_fascicular_block']
 sinus rhythm left axis deviation left anterior fascicular block voltages in limb leads are at upper limit ,2,['left_anterior_fascicular_block']
 sinus tachycardia r - s transition zone in v leads displaced to the right incomplete right bundle branch block otherwise normal ecg ,1,['incomplete_right_bundle_branch_block']
 atrial fibrillation incomplete right bundle branch block voltages are high in limb leads suggesting lvh small r wave in v2 xxxx and q wave in v4 consistent with old anterior myocardial infarct q wave and st segment elevation in iii avf t wave ,1,['incomplete_right_bundle_branch_block']
 premature ventricular contraction ( s ) sinus tachycardia incomplete right bundle branch block minor non - specific st and t wave change ,1,['incomplete_right_bundle_branch_block']
 sinus rhythm left axis deviation r - s transition zone in v leads displaced to the left left anterior fascicular block voltages are high in limb leads suggesting lvh ,1,['left_anterior_fascicular_block']
 sinus rhythm q wave in ii iii avf possible old inferior myocardial infarct slightly prolonged qt this may be due to a drug effect or an electrolyte disturbance ,1,['long_qt']
 rhythm is atrial flutter with xxxx av block and rapid ventricular response right bundle branch block q wave in ii iii avf consistent with old inferior myocardial infarct non - specific st and t wave change ,1,['right_bundle_branch_block']
 sinus tachycardia right atrial enlargement right axis deviation clockwise rotation the picture is consistent with coad edit rao cold tachykardie ( rvh xxxx rao lpfb ) ,1,['left_posterior_fascicular_block']
 sinus rhythm right axis deviation r - s transition zone in v leads displaced to the left incomplete right bundle branch block ,1,['incomplete_right_bundle_branch_block']
 sinus rhythm left axis deviation left anterior fascicular block marked clockwise rotation ,1,['left_anterior_fascicular_block']
 sinus rhythm left axis deviation left anterior fascicular block prolonged qt this may be due to a drug effect or an electrolyte disturbance ,4,"['left_anterior_fascicular_block', 'long_qt']"
 sinus rhythm prolonged pr interval left anterior fascicular block right bundle branch block bifascicular block ,3,"['right_bundle_branch_block', 'left_anterior_fascicular_block', 'bifascicular_block']"
 sinus rhythm left anterior fascicular block non specific t abnormality ,1,['left_anterior_fascicular_block']
 sinus rhythm left axis deviation left anterior fascicular block right bundle branch block bifascicular block ,3,"['right_bundle_branch_block', 'left_anterior_fascicular_block', 'bifascicular_block']"
 sinus rhythm incomplete right bundle branch block left axis deviation left anterior fascicular block diffuse non - specific st and t abnormality with shallow t inversion in v4 - v6 ischaemia is a likely cause ,2,"['incomplete_right_bundle_branch_block', 'left_anterior_fascicular_block']"
 sinus rhythm left anterior fascicular block tracing is otherwise normal ,1,['left_anterior_fascicular_block']
 sinus rhythm left axis deviation left anterior fascicular block old antero - septal infarct cannot exclude prior inferior infarct ,1,['left_anterior_fascicular_block']
 sinus tachycardia left atrial enlargement right bundle branch block non - specific st and t change ,1,['right_bundle_branch_block']
 sinus tachycardia incomplete left bundle branch block with left axis deviation voltages suggest left ventricular hypertrophy st change not able to be assessed fully in view of partial left bundle branch block but are consistent with antero - lateral ischae ,1,['incomplete_left_bundle_branch_block']
 premature contraction ( s ) with aberrant conduction sinus arrhythmia otherwise normal ecg ,1,['aberrant_condution']
 premature ventricular contraction ( s ) premature atrial contraction ( s ) sinus rhythm left bundle branch block this is most commonly due to ischaemic heart disease ,1,['left_bundle_branch_block']
 sinus rhythm possible left atrial enlargement left axis deviation left anterior fascicular block q wave in v2 a small old anteroseptal infarct cannot be excluded ,1,['left_anterior_fascicular_block']
 sinus rhythm grossly prolonged pr interval right bundle branch block qs complex in ii iii avf v4 xxxx consistent with old inferior and lateral myocardial infarct ,1,['right_bundle_branch_block']
 premature atrial contraction ( s ) sinus rhythm low voltage right bundle branch block q wave in ii iii avf consistent with old inferior myocardial infarct ,1,['right_bundle_branch_block']
 sinus rhythm possible left atrial enlargement r - s transition zone in v leads displaced to the right incomplete right bundle branch block ,1,['incomplete_right_bundle_branch_block']
 sinus tachycardia incomplete right bundle branch block otherwise normal ecg ,1,['incomplete_right_bundle_branch_block']
 sinus rhythm left axis deviation left anterior fascicular block right bundle branch block q wave in v2 an old anteroseptal infarct cannot be excluded pr interval is at upper limit of normal this patient is verging on trifascicular block and may be ,3,"['right_bundle_branch_block', 'left_anterior_fascicular_block', 'trifascicular_block']"
 sinus rhythm prolonged qt this may be due to a drug effect or an electrolyte disturbance lead v5 shows artifact ,1,['long_qt']
 premature ventricular contraction ( s ) sinus rhythm left axis deviation left anterior fascicular block tiny r wave in v2 xxxx suggesting old anteroseptal infarct minor non - specific st and t wave change ,1,['left_anterior_fascicular_block']
 sinus rhythm left atrial enlargement incomplete right bundle branch block edit norm xxxx irbbb ( norm xxxx irbbb ) ,1,['incomplete_right_bundle_branch_block']
 sinus rhythm voltages are high in limb leads suggesting lvh left axis deviation left anterior fascicular block ,1,['left_anterior_fascicular_block']
 premature ventricular contraction ( s ) atrial fibrillation with rapid ventricular response left axis deviation left anterior fascicular block non - specific st and t wave change ,1,['left_anterior_fascicular_block']
 premature ventricular contraction ( s ) sinus rhythm left anterior fascicular block anterolateral st and t wave change this may be due to lv strain or ischaemia ,1,['left_anterior_fascicular_block']
 sinus tachycardia left axis deviation left anterior fascicular block voltages are high in limb leads suggesting lvh minor terminal intraventricular delay no diagnostic change of ischaemia ,1,['left_anterior_fascicular_block']
 sinus rhythm prolonged pr interval left axis deviation left anterior fascicular block ,2,['left_anterior_fascicular_block']
 sinus arrhythmia possible left atrial enlargement incomplete right bundle branch block voltages in limb leads are at upper limit ,1,['incomplete_right_bundle_branch_block']
 sinus rhythm left axis deviation left anterior fascicular block voltages are high in limb leads suggesting lvh qs complex in v2 consistent with anteroseptal myocardial infarct of uncertain age st segments are depressed in i avl t wave are in ,1,['left_anterior_fascicular_block']
 atrial fibrillation right bundle branch block q wave in v1 xxxx consistent with old anteroseptal myocardial infarct non - specific st and t wave change ,1,['right_bundle_branch_block']
 atrial fibrillation with rapid ventricular response left axis deviation low limb lead voltage left bundle branch block this is most commonly due to ischaemic heart disease in the presence of lbbb ischaemia is not excluded ,1,['left_bundle_branch_block']
 sinus rhythm left axis deviation left anterior fascicular block non - specific t wave change in anteroseptal leads v2 xxxx ,1,['left_anterior_fascicular_block']
 sinus rhythm left axis deviation left anterior fascicular block qs complex in v2 suggesting old anteroseptal infarct t wave are inverted in i avl v5 non - specific but consistent with myocardial ischaemia ,1,['left_anterior_fascicular_block']
 atrial fibrillation incomplete right bundle branch block minor non - specific st and t wave change ,1,['incomplete_right_bundle_branch_block']
 sinus rhythm prolonged pr interval left axis deviation right bundle branch block q wave in ii iii avf consistent with old inferior myocardial infarct edit imi xxxx crbbb ( imi xxxx crbbb lafb ) ,2,"['right_bundle_branch_block', 'left_anterior_fascicular_block']"
 premature atrial contraction ( s ) sinus rhythm low limb lead voltage prolonged qt this may be due to a drug effect or an electrolyte disturbance ,1,['long_qt']
 premature atrial contraction ( s ) sinus rhythm voltages are high in chest leads suggesting lvh prolonged qt this may be due to a drug effect or an electrolyte disturbance ,1,['long_qt']
 premature ventricular contraction ( s ) sinus rhythm prolonged pr interval left axis deviation left anterior fascicular block non - specific intraventricular delay ,1,['left_anterior_fascicular_block']
 sinus rhythm borderline left axis deviation low limb lead voltage incomplete right bundle branch block no definite pathology ,1,['incomplete_right_bundle_branch_block']
 sinus rhythm left axis deviation left anterior fascicular block non - specific t wave flattening in i avl v5 xxxx ,1,['left_anterior_fascicular_block']
 sinus rhythm incomplete right bundle branch block non - specific st and t wave change in anterior chest leads myocardial ischaemia is a possible cause edit asmi xxxx crbbb ( crbbb ) ,1,['incomplete_right_bundle_branch_block']
 sinus rhythm voltages are high in limb leads suggesting lvh t wave are inverted in ii iii avf v2 - xxxx findings are likely to be due to ischaemic heart disease the age of the change is uncertain prolonged qt this may be due to a drug effect or a ,1,['long_qt']
 sinus rhythm incomplete right bundle branch block moderate amplitude criteria for lvh ,1,['incomplete_right_bundle_branch_block']
 sinus arrhythmia abnormal left axis deviation left anterior fascicular block left ventricular hypertrophy incomplete right bundle branch block st and t abnormality consider high lateral ischemia or left ventricular strain ,2,"['incomplete_right_bundle_branch_block', 'left_anterior_fascicular_block']"
 atrial fibrillation with rapid ventricular response left axis deviation r - s transition zone in v leads displaced to the left left anterior fascicular block non - specific t wave abnormality in inferolateral leads ,1,['left_anterior_fascicular_block']
 pacemaker spikes noted paced complex and sinus complex are present the computer has selected the former as typical ventricular complex please ignore this sinus complex show left bundle branch block ,1,['left_bundle_branch_block']
 sinus rhythm p wave are inconspicuous incomplete right bundle branch block voltages are high in chest leads suggesting lvh ,1,['incomplete_right_bundle_branch_block']
 sinus rhythm slight non - specific st segment depression in ii v4 xxxx prolonged qt this may be due to a drug effect or an electrolyte disturbance ,1,['long_qt']
 sinus rhythm possible left atrial enlargement right bundle branch block possible old inferior infarct ,1,['right_bundle_branch_block']
 sinus rhythm left axis deviation voltages are high in limb leads suggesting lvh edit asmi xxxx lafb lvh xxxx sokolow xxxx ( asmi xxxx lafb ) ,1,['left_anterior_fascicular_block']
 sinusrhythmus av block i kompl rsb edit injal crbbb lpfb ( injal xxxx crbbb lpfb ) ,1,['left_posterior_fascicular_block']
 atrial fibrillation incomplete right bundle branch block widespread st segment depression and t wave inversion findings are likely to be due to ischaemic heart disease the age of the change is uncertain ,1,['incomplete_right_bundle_branch_block']
 sinus rhythm right axis deviation incomplete right bundle branch block these features are not necessarily of pathological significance ,1,['incomplete_right_bundle_branch_block']
 sinus rhythm left axis deviation no definite pathology edit norm ( norm xxxx lafb xxxx ) ,1,['left_anterior_fascicular_block']
 sinus rhythm left bundle branch block compared with tracing of xxxx the pattern has changed to a more typical lbbb the significance of the change is uncertain st segments elevation and t wave inversion in inferior leads persist and are probably ,1,['left_bundle_branch_block']
 atrial fibrillation incomplete right bundle branch block q wave in ii iii avf st segments are depressed in i ii avl v4 xxxx t wave are low or flat in these leads consistent with ischaemic heart disease with old inferior myocardial infarct ,1,['incomplete_right_bundle_branch_block']
 sinus bradycardia prolonged pr interval possible left atrial enlargement voltages are high in limb leads suggesting lvh incomplete right bundle branch block the cause of the bradycardia is not evident ,1,['incomplete_right_bundle_branch_block']
 sinus rhythm left axis deviation left anterior fascicular block t wave are flat or slightly inverted in limb leads and v3 - xxxx findings are likely to be due to ischaemic heart disease suggest exclude hypokalaemia ,1,['left_anterior_fascicular_block']
 sinus rhythm p wave are inconspicuous left axis deviation left anterior fascicular block right bundle branch block bifascicular block pr interval is normal ,3,"['right_bundle_branch_block', 'left_anterior_fascicular_block', 'bifascicular_block']"
 atrial fibrillation with rapid ventricular response right bundle branch block ,1,['right_bundle_branch_block']
 sinus rhythm left axis deviation left anterior fascicular block probable old anteroseptal myocardial infarct voltages are high in limb leads suggesting lvh st segments are depressed and t wave inverted in i avl v4 xxxx this may be due to lv str ,1,['left_anterior_fascicular_block']
 sinus rhythm possible left atrial enlargement incomplete right bundle branch block non - specific t wave flattening in i avl v5 xxxx myocardial ischaemia is a possible cause ,1,['incomplete_right_bundle_branch_block']
 sinus rhythm voltages are high in chest leads suggesting lvh st segments are depressed in i ii avf v4 xxxx t wave are low in limb leads and v4 xxxx this may be due to lv strain or ischaemia prolonged qt this may be due to a drug effect or an el ,1,['long_qt']
 rapid regular supraventricular tachycardia right bundle branch block the patient has again changed rhythm and conduction compared with recent tracings ,1,['right_bundle_branch_block']
 atrial fibrillation with rapid ventricular response left axis deviation left anterior fascicular block incomplete right bundle branch block ,2,"['incomplete_right_bundle_branch_block', 'left_anterior_fascicular_block']"
 premature ventricular contraction ( s ) premature atrial contraction ( s ) sinus rhythm prolonged pr interval left axis deviation left anterior fascicular block qs complex in v2 and tiny r wave in v3 suggesting old anteroseptal myocardial infarct ,1,['left_anterior_fascicular_block']
 atrial fibrillation left axis deviation left anterior fascicular block minor non - specific t wave flattening in i avl v5 xxxx ,1,['left_anterior_fascicular_block']
 sinus rhythm left axis deviation left anterior fascicular block t wave are low in ii v6 and inverted in iii avf non - specific but consistent with inferolateral myocardial ischaemia ,1,['left_anterior_fascicular_block']
 sinus rhythm prolonged pr interval left axis deviation left bundle branch block this is most commonly due to ischaemic heart disease ,2,['left_bundle_branch_block']
 premature ventricular contraction ( s ) premature atrial contraction ( s ) sinus rhythm left axis deviation left anterior fascicular block qs complex in v2 xxxx consistent with old anterior myocardial infarct st segments are depressed in i avl t ,1,['left_anterior_fascicular_block']
 sinus rhythm atypical rbbb small inferior q wave noted ,1,['right_bundle_branch_block']
 sinus rhythm prolonged pr interval left axis deviation left anterior fascicular block t wave are inverted in i avl this may be due to lv strain or ischaemia ,1,['left_anterior_fascicular_block']
 premature atrial contraction ( s ) sinus rhythm posssible left atrial enlargement left axis deviation left anterior fascicular block tiny r wave in v2 xxxx suggesting old anteroseptal infarct st segments are depressed in i avl t wave are flat in i an ,1,['left_anterior_fascicular_block']
 premature ventricular contraction ( s ) trigeminy premature atrial contraction ( s ) sinus rhythm possible left atrial enlargement left axis deviation left anterior fascicular block non - specific intraventricular block ,1,['left_anterior_fascicular_block']
 premature atrial contraction ( s ) sinus rhythm left axis deviation left anterior fascicular block non - specific intraventricular delay left ventricular hypertrophy q wave in v2 xxxx suggesting old anteroseptal infarct st segments are depressed in i avl ,1,['left_anterior_fascicular_block']
 sinus rhythm prolonged pr interval left axis deviation left anterior fascicular block non - specific intraventricular block ,1,['left_anterior_fascicular_block']
 sinus rhythm voltages are high in limb leads suggesting lvh left axis deviation left anterior fascicular block qs complex in v2 xxxx consistent with old anteroseptal myocardial infarct minor non - specific st segment elevation in ii iii avf ,1,['left_anterior_fascicular_block']
 sinus bradycardia prolonged pr interval left axis deviation left bundle branch block this is most commonly due to ischaemic heart disease ,1,['left_bundle_branch_block']
 premature atrial contraction ( s ) sinus rhythm left axis deviation left anterior fascicular block voltages are high in chest leads suggesting lvh ,1,['left_anterior_fascicular_block']
 sinus rhythm left anterior fascicular block otherwise normal ,2,['left_anterior_fascicular_block']
 sinus bradycardia partial right bundle branch block tracing is otherwise normal ,1,['right_bundle_branch_block']
 sinus rhythm first degree av block pr interval xxxx seconds minor terminal intraventricular conduction delay t wve flatening in v2 - xxxx could be ischaemic ,2,"['first_degree_av_block', 'intraventricular_conduction_delay']"
 sinus rhythm atrial premature complex left anterior fascicular block minor antero - lateral t wve flattening ,1,['left_anterior_fascicular_block']
 regular rhythm p wave not recognised due to baseline artifact left bundle branch block ,1,['left_bundle_branch_block']
 atrial fibrillation left axis deviation left anterior fascicular block incomplete right bundle branch block non - specific t wave flattening in i v5 ,2,"['incomplete_right_bundle_branch_block', 'left_anterior_fascicular_block']"
 sinus rhythm r - s transition zone in v leads displaced to the right incomplete right bundle branch block this is probably a normal variant non - specific t wave flattening in v2 xxxx edit norm xxxx irbbb ( norm xxxx irbbb ) ,1,['incomplete_right_bundle_branch_block']
 sinus rhythm incomplete right bundle branch block non - specific t wave flattening in i and inversion in avl ,1,['incomplete_right_bundle_branch_block']
 sinus rhythm left axis deviation left anterior fascicular block st segments are depressed in i avl t wave are inverted in i avl v5 xxxx findings are likely to be due to ischaemic heart disease ,1,['left_anterior_fascicular_block']
 sinus rhythm left axis deviation left anterior fascicular block non - specific intraventricular block q wave in v1 xxxx old anteroseptal infarct cannot be excluded ,1,['left_anterior_fascicular_block']
 sinus rhythm incomplete right bundle branch block this is probably a normal variant minor non - specific st segment depression in infero - lateral leads ,1,['incomplete_right_bundle_branch_block']
 atrial fibrillation with rapid ventricular response voltages are high in limb leads suggesting lvh left axis deviation left anterior fascicular block st segments are depressed in i avl v4 xxxx t wave are low or flat in these leads and inverted in ,1,['left_anterior_fascicular_block']
 rhythm is atrial flutter with xxxx av block incomplete right bundle branch block atrial flutter is usually associated with organic heart disease ,1,['incomplete_right_bundle_branch_block']
 atrial fibrillation with rapid ventricular response left axis deviation left anterior fascicular block qs complex in v2 and tiny r wave in v3 consistent with old anteroseptal myocardial infarct non - specific st and t wave change ,1,['left_anterior_fascicular_block']
 atrial fibrillation right bundle branch block st segments are depressed and t wave inverted in inferolateral leads findings are likely to be due to ischaemic heart disease and digitalis effect ,1,['right_bundle_branch_block']
 sinusrhythmus ueberdrehter rechtstyp linksposteriorer fascicular block edit lpfb ( norm xxxx lpfb ) ,1,['left_posterior_fascicular_block']
 sinus rhythm normal ecg edit norm xxxx ( lafb ) ( norm xxxx ) ,1,['left_anterior_fascicular_block']
 sinus tachycardia right axis deviation low limb lead voltage possible left posterior fascicular block q wave in v1 - xxxx consistent with old anterior myocardial infarct ,1,['left_posterior_fascicular_block']
 sinus rhythm voltages are high in chest leads suggesting lvh non - specific t wave flattening in i v5 xxxx prolonged qt this may be due to a drug effect or an electrolyte disturbance ,1,['long_qt']
 atrial flutter with variable av block left bundle branch block this is most commonly due to ischaemic heart disease ,2,"['variable_av_block', 'left_bundle_branch_block']"
 sinus rhythm left atrial enlargement borderline left axis left anterior fascicular block probable left ventricular hypertrophy anterolateral t abnormality lv strain is a likely cause ,1,['left_anterior_fascicular_block']
 atrial fibrillation with rapid ventricular response premature ventricular contraction ( s ) low limb lead voltage incomplete left bundle branch block qs complex in v2 xxxx consistent with old anterior myocardial infarct st segments are depressed in ,1,['incomplete_left_bundle_branch_block']
 sinus rhythm right bundle branch block possible old inferior myocardial infarct ,1,['right_bundle_branch_block']
 atrial fibrillation right bundle branch block non - specific st and t wave change in inferolateral leads ,2,['right_bundle_branch_block']
 premature atrial contraction ( s ) possible chaotic atrial rhythm probable right atrial enlargement right axis deviation possible left posterior fascicular block findings suggest chronic respiratory disease ,1,['left_posterior_fascicular_block']
 premature ventricular contraction ( s ) sinus rhythm right axis deviation probable left posterior fascicular block right bundle branch block bifascicular block ,3,"['right_bundle_branch_block', 'left_posterior_fascicular_block', 'bifascicular_block']"
 sinus rhythm incomplete right bundle branch block rather deep but narrow q wave in lateral leads may indicate septal hypertrophy otherwise normal ecg ,1,['incomplete_right_bundle_branch_block']
 sinus rhythm normal ecg edit norm lafb ( norm xxxx lafb xxxx ) ,1,['left_anterior_fascicular_block']
 premature atrial contraction ( s ) sinus rhythm prolonged pr interval left axis deviation left anterior fascicular block right bundle branch block q wave in v1 xxxx consistent with old anterior myocardial infarct this patient has trifascicular bl ,2,"['right_bundle_branch_block', 'left_anterior_fascicular_block']"
 sinus rhythm left axis deviation left anterior fascicular block right bundle branch block bifascicular block pr interval is normal non - specific st and t wave change ,3,"['right_bundle_branch_block', 'left_anterior_fascicular_block', 'bifascicular_block']"
 atrial tachycardia with variable av block otherwise no definite pathology ,1,['variable_av_block']
 sinus rhythm incomplete right bundle branch block left axis deviation left anterior fascicular block prolonged qt this may be due to a drug effect or an electrolyte disturbance ,3,"['incomplete_right_bundle_branch_block', 'left_anterior_fascicular_block', 'long_qt']"
 sinus rhythm st segments are slightly depressed in v5 xxxx t wave are low in i avl v3 - xxxx myocardial ischaemia cannot be excluded prolonged qt this may be due to a drug effect or an electrolyte disturbance ,1,['long_qt']
 sinus rhythm left axis deviation left anterior fascicular block st segments are depressed in i ii avl v4 xxxx t wave are inverted in i avl v3 - xxxx this may be due to lv strain or ischaemia ,1,['left_anterior_fascicular_block']
 sinus tachycardia right axis deviation right bundle branch block q wave in ii iii avf consistent with old inferior myocardial infarct ,1,['right_bundle_branch_block']
 sinus bradycardia right bundle branch block ,1,['right_bundle_branch_block']
 sinus tachycardia low limb lead voltage right bundle branch block q wave in ii iii avf consistent with old inferior myocardial infarct non - specific st and t wave change in chest leads ,1,['right_bundle_branch_block']
 sinus rhythm right axis deviation possible left posterior fascicular block incomplete right bundle branch block q wave in ii iii avf v4 xxxx st segments are depressed in these leads consistent with old inferolateral myocardial infarct ,2,"['incomplete_right_bundle_branch_block', 'left_posterior_fascicular_block']"
 atrial fibrillation left axis deviation left anterior fascicular block qs complex in v2 and tiny r wave in v3 xxxx st segments are depressed in i avl v5 xxxx t wave are inverted in i avl v6 consistent with ischaemic heart disease with old anterior ,1,['left_anterior_fascicular_block']
 sinus rhythm left axis deviation left anterior fascicular block st segments are elevated in v2 xxxx t wave are inverted in i ii v4 xxxx with terminal inversion in v3 findings are likely to be due to ischaemic heart disease and may represent anterolat edit injas injal lafb ( injal xxxx lafb ) ,1,['left_anterior_fascicular_block']
 sinus arrhythmia right bundle branch block ,1,['right_bundle_branch_block']
 junctional bradycardia rate xxxx - min underlying atrial flutter - fibrillation left axis deviation intraventricular conduction delay probable anteroseptal infarct of undetermined age prolonged qt interval exclude electrolyte disturbance nb this brady ,2,"['intraventricular_conduction_delay', 'long_qt']"
 sinus rhythm left axis deviation left anterior fascicular block t wave are inverted in i avl v3 xxxx and flat in v6 findings are likely to be due to ischaemic heart disease they may represent subendocardial infarct of uncertain age ,1,['left_anterior_fascicular_block']
 sinus tachycardia prolonged pr interval left axis deviation left anterior fascicular block ,1,['left_anterior_fascicular_block']
 sinus rhythm left axis deviation left anterior fascicular block st segments are depressed and t wave inverted in i avl t wave are flat in v4 xxxx non - specific but consistent with myocardial ischaemia prolonged qt this may be due to a drug effe ,2,"['left_anterior_fascicular_block', 'long_qt']"
 a rapid regular supraventricular tachycardia is present this is probably atrial flutter with xxxx av block right bundle branch block left ventricular hypertrophy non - specific st and t wave change ,1,['right_bundle_branch_block']
 premature atrial contraction ( s ) sinus rhythm r - s transition zone in v leads displaced to the left left axis deviation left anterior fascicular block voltages in limb leads are at upper limit st segments are depressed in i ii avl t wave are flat ,1,['left_anterior_fascicular_block']
 premature atrial contraction ( s ) sinus rhythm left axis deviation r - s transition zone in v leads displaced to the left left anterior fascicular block incomplete right bundle branch block ,2,"['incomplete_right_bundle_branch_block', 'left_anterior_fascicular_block']"
 sinus rhythm possible left atrial enlargement right bundle branch block ,1,['right_bundle_branch_block']
 sinus rhythm left axis deviation left anterior fascicular block st segments are depressed in i avl v3 - xxxx t wave are low or flat throughout myocardial ischaemia is likely suggest exclude hypokalaemia ,1,['left_anterior_fascicular_block']
 premature ventricular contraction ( s ) atrial fibrillation with rapid ventricular response low limb lead voltage probable left posterior fascicular block qs complex in v2 and tiny r wave in v3 suggesting old anteroseptal myocardial infarct st seg ,1,['left_posterior_fascicular_block']
 sinus rhythm prolonged pr interval left axis deviation r - s transition zone in v leads displaced to the right left anterior fascicular block incomplete right bundle branch block ,2,"['incomplete_right_bundle_branch_block', 'left_anterior_fascicular_block']"
 sinus rhythm right atrial enlargement left axis deviation left anterior fascicular block ,1,['left_anterior_fascicular_block']
 sinus rhythm premature atrial contraction ( s ) left anterior fascicular block ,1,['left_anterior_fascicular_block']
 premature ventricular contraction ( s ) sinus rhythm slight non - specific st segment depression in i v3 - xxxx prolonged qt this may be due to a drug effect or an electrolyte disturbance ,1,['long_qt']
 sinus rhythm right bundle branch block voltages are high in chest leads suggesting lvh q wave in ii iii avf are probably normal ,1,['right_bundle_branch_block']
 sinus rhythm left axis deviation left anterior fascicular block incomplete right bundle branch block st segments are depressed in i avl v2 - xxxx t wave are low or flat throughout non - specific but consistent with myocardial ischaemia suggest exclude ,2,"['incomplete_right_bundle_branch_block', 'left_anterior_fascicular_block']"
 sinus rhythm complex show either complete or incomplete right bundle branch block possible left atrial enlargement possible old inferior myocardial infarct ,1,['incomplete_right_bundle_branch_block']
 premature ventricular contraction ( s ) atrial fibrillation rightward axis right bundle branch block possible old inferior myocardial infarct ,1,['right_bundle_branch_block']
 sinus rhythm non - specific t wave flattening in i avl v5 xxxx prolonged qt this may be due to a drug effect or an electrolyte disturbance ,1,['long_qt']
 premature ventricular contraction ( s ) atrial fibrillation with slow ventricular response right bundle branch block possible old inferior myocardial infarct tracing is very similar to that of xxxx but ventricular rate is slower ,1,['right_bundle_branch_block']
 atrial fibrillation with slow ventricular response right bundle branch block probable old inferior infarct tracing is similar to that of xxxx but vpbs are not recorded on this occasion ,1,['right_bundle_branch_block']
 supraventricular ( probably sinus ) tachycardia right bundle branch block ,1,['right_bundle_branch_block']
 premature atrial contraction ( s ) sinus rhythm t wave are generally low and are flat in lateral chest leads myocardial ischaemia is likely prolonged qt this may be due to a drug effect or an electrolyte disturbance ,1,['long_qt']
 sinus rhythm right bundle branch block appearances in some leads are very suspicious of delta wave a pre - excitation syndrome cannot be excluded is there any history to suggest a paroxysmal tachyarrhythmia ,1,['right_bundle_branch_block']
 premature atrial contraction ( s ) sinus rhythm prolonged pr interval left bundle branch block this is most commonly due to ischaemic heart disease ,1,['left_bundle_branch_block']
 sinus rhythm prolonged pr interval left axis deviation left anterior fascicular block left ventricular hypertrophy poor progression of r wave in anterior chest leads suggesting old anteroseptal myocardial infarct st segments are depressed in i ,1,['left_anterior_fascicular_block']
 sinus rhythm borderline left axis deviation incomplete right bundle branch block t wave are inverted in v2 xxxx myocardial ischaemia is a possible cause ,1,['incomplete_right_bundle_branch_block']
 sinus bradycardia prolonged pr interval right bundle branch block the cause of the bradycardia is not evident ,1,['right_bundle_branch_block']
 sinus rhythm t wave are low or flat in limb leads and v3 v6 t wave are inverted in v4 xxxx findings are likely to be due to ischaemic heart disease the age of the change is uncertain prolonged qt this may be due to a drug effect or an electro ,1,['long_qt']
 sinus rhythm non - specific t wave inversion in v2 prolonged qt this may be due to a drug effect or an electrolyte disturbance ,1,['long_qt']
 premature ventricular contraction ( s ) sinus rhythm prolonged pr interval left axis deviation left anterior fascicular block right bundle branch block patient has trifascicular block and may be at increased risk of developing complete av block q ,4,"['third_degree_av_block', 'right_bundle_branch_block', 'left_anterior_fascicular_block', 'trifascicular_block']"
 sinus rhythm incomplete right bundle branch block st segments are depressed in v2 - xxxx t wave are inverted in v2 xxxx and low or flat in v4 xxxx findings may be due to myocardial ischaemia or anterior subendocardial infarct of uncertain age change are s ,1,['incomplete_right_bundle_branch_block']
 premature ventricular contraction ( s ) bigeminy atrial fibrillation low limb lead voltage left axis deviation left anterior fascicular block poor progression of r wave in anterior chest leads suggesting old anterior myocardial infarct t wave are ,1,['left_anterior_fascicular_block']
 sinus rhythm incomplete right bundle branch block non specific t wave change in v2 and v3 ,1,['incomplete_right_bundle_branch_block']
 atrial fibrillation incomplete right bundle branch block slightly prolonged qt this may be due to a drug effect or an electrolyte disturbance ,2,"['incomplete_right_bundle_branch_block', 'long_qt']"
 sinus rhythm prolonged pr interval left axis deviation left anterior fascicular block right bundle branch block patient has trifascicular block and may be at increased risk of developing complete av block q wave in v2 old anteroseptal infarct c ,4,"['third_degree_av_block', 'right_bundle_branch_block', 'left_anterior_fascicular_block', 'trifascicular_block']"
 atrial fibrillation with controlled ventricular response left axis deviation left bundle branch block ,1,['left_bundle_branch_block']
 sinus rhythm prolonged pr interval left axis deviation left anterior fascicular block st segments are depressed in i avl v3 - xxxx t wave are flat in limb leads and v3 and inverted in v4 xxxx this may be due to lv strain or ischaemia q wave in v2 an ,1,['left_anterior_fascicular_block']
 premature atrial contraction ( s ) sinus rhythm left axis deviation left anterior fascicular block right bundle branch block bifascicular block pr interval is normal ,6,"['right_bundle_branch_block', 'left_anterior_fascicular_block', 'bifascicular_block']"
 sinus rhythm left axis deviation left anterior fascicular block non - specific intraventricular delay ,1,['left_anterior_fascicular_block']
 sinus tachycardia left axis deviation probable left anterior fascicular block ( lafb ) low limb lead voltage poor anteroseptal r progression may reflect lafb but cant exclude previous anteroseptal infarct ,1,['left_anterior_fascicular_block']
 sinus rhythm r - s transition zone in v leads displaced to the right incomplete right bundle branch block pr interval is rather short and delta wave are evident patient probably has wolff - parkinson - white syndrome such patients may be prone to bouts o ,1,['incomplete_right_bundle_branch_block']
 sinus rhythm prolonged pr interval right bundle branch block edit rvh xxxx crbbb lpfb ( imi xxxx crbbb ) ,2,"['right_bundle_branch_block', 'left_posterior_fascicular_block']"
 sinus rhythm st segments are depressed in ii v5 xxxx t wave are flat in i and inverted in avl non - specific but consistent with myocardial ischaemia prolonged qt this may be due to a drug effect or an electrolyte disturbance ,1,['long_qt']
 sinus rhythm rightward axis right bundle branch block ,1,['right_bundle_branch_block']
 sinus rhythm left axis deviation left anterior fascicular block qs complex in v2 xxxx consistent with old anterior myocardial infarct st segments are depressed and t wave inverted in i avl this may be due to lv strain or ischaemia ,1,['left_anterior_fascicular_block']
 sinus rhythm incomplete right bundle branch block non - specific t wave flattening in v4 - xxxx ,1,['incomplete_right_bundle_branch_block']
 atrial fibrillation with controlled ventricular response ventricular premature complex left axis deviation left anterior fascicular block poor antero - septal r wave progression indicating possible old infarct ,1,['left_anterior_fascicular_block']
 sinus rhythm probable left atrial enlargement complete left bundle branch block ,1,['left_bundle_branch_block']
 sinus rhythm left anterior fascicular blockward axis minor st and t abnormality consider anterior ischemia or early left ventricular strain ,1,['left_anterior_fascicular_block']
 sinus rhythm first degree av block left atrial enlargement antero - septal infarct - old query left ventricular strain or ischaemia ,1,['first_degree_av_block']
 sinus rhythm t abnormality in anterior leads consistent with right ventricular strain or ischaemia prolonged qt ,1,['long_qt']
 sinus rhythm left axis deviation and clockwise rotation due to left anterior fascicular block possible left ventricular hypertrophy non - specific st and t abnormality ,1,['left_anterior_fascicular_block']
 sinus rhythm left axis deviation left anterior fascicular block non - specific intraventricular conduction delay possible old antero - septal infarct non - specific st and t abnormality ,2,"['left_anterior_fascicular_block', 'intraventricular_conduction_delay']"
 sinus rhythm t wave are low flat or slightly inverted throughout prolonged qt myocardial ischaemia is likely but hypokalaemia should be excluded poor progression of r wave in anterior chest leads this is probably due to the marked clockwise rotati ,1,['long_qt']
 premature ventricular contraction ( s ) sinus rhythm left axis deviation left anterior fascicular block right bundle branch block bifascicular block pr interval is at about upper limit of normal q wave in v2 old anteroseptal infarct cannot be exclu edit asmi xxxx crbbb lafb zielbereich xxxx bbb xxxx % myocardial infarct xxxx % ,3,"['right_bundle_branch_block', 'left_anterior_fascicular_block', 'bifascicular_block']"
 atrial fibrillation with rapid ventricular response left axis deviation left bundle branch block this is most commonly due to ischaemic heart disease ,1,['left_bundle_branch_block']
 premature atrial contraction ( s ) sinus rhythm incomplete right bundle branch block st segments are depressed in ii iii avf v4 xxxx non - specific but consistent with myocardial ischaemia ,1,['incomplete_right_bundle_branch_block']
 sinus tachycardia left axis deviation left anterior fascicular block qs complex in v2 xxxx consistent with old anteroseptal myocardial infarct ,1,['left_anterior_fascicular_block']
 sinus rhythm left atrial enlargement right bundle branch block q wave in ii iii avf st segments are depressed in i ii iii avf v4 xxxx consistent with ischaemic heart disease with old inferior myocardial infarct ,1,['right_bundle_branch_block']
 sinus rhythm possible left atrial enlargement right bundle branch block non - specific t wave flattening or inversion in infero - lateral leads ,1,['right_bundle_branch_block']
 pacemaker spikes noted sinus rhythm premature ventricular contraction ( s ) occasional paced complex left anterior fascicular block compared with tracing of xxxx t wave now flatter in i avl ,1,['left_anterior_fascicular_block']
 premature atrial contraction ( s ) sinus rhythm left axis deviation left anterior fascicular block non - specific inferolateral t wave abnormality ,1,['left_anterior_fascicular_block']
 sinus rhythm left axis deviation left anterior fascicular block t wave are low or flat throughout suggest exclude hypokalaemia ,1,['left_anterior_fascicular_block']
 sinus rhythm prolonged pr interval right bundle branch block q wave in ii iii avf consistent with old inferior myocardial infarct ,1,['right_bundle_branch_block']
 sinus rhythm incomplete right bundle branch block t wave are low or flat in limb leads and v5 xxxx t wave are inverted in v2 xxxx myocardial ischaemia is likely prolonged qt suggest exclude hypokalaemia ,2,"['incomplete_right_bundle_branch_block', 'long_qt']"
 atrial fibrillation with rapid ventricular response left axis deviation left anterior fascicular block st segments are depressed in i ii avl avf v3 - xxxx t wave are low in limb leads and v6 this may be due to lv strain or ischaemia ,1,['left_anterior_fascicular_block']
 premature atrial contraction ( s ) sinus rhythm left bundle branch block compared with tracing of xxxx it is not significantly changed ,1,['left_bundle_branch_block']
 sinus bradycardia incomplete right bundle branch block otherwise normal ecg the cause of the bradycardia is not evident ,1,['incomplete_right_bundle_branch_block']
 premature ventricular contraction ( s ) premature atrial contraction ( s ) sinus tachycardia right bundle branch block ,1,['right_bundle_branch_block']
 atrial flutter with variable av block left axis deviation left anterior fascicular block voltages are high in limb leads suggesting lvh ,2,"['variable_av_block', 'left_anterior_fascicular_block']"
 sinus rhythm prolonged pr interval t wave are slightly inverted in v2 xxxx and low in v4 xxxx non - specific but consistent with myocardial ischaemia prolonged qt this may be due to a drug effect or an electrolyte disturbance ,1,['long_qt']
 sinus rhythm left atrial enlargememt atypical left bundle branch block ,1,['left_bundle_branch_block']
 sinus rhythm t wave are low or flat in limb leads and v4 xxxx non - specific but consistent with myocardial ischaemia prolonged qt suggest exclude hypokalaemia ,1,['long_qt']
 premature atrial contractions with aberrant conduction sinus rhythm otherwise normal ecg edit norm xxxx qsiii rao ,1,['aberrant_condution']
 sinus rhythm left axis deviation left anterior fascicular block voltages are high in limb leads suggesting lvh st segments are depressed in i avl this may be due to lv strain or ischaemia ,1,['left_anterior_fascicular_block']
 premature atrial contraction ( s ) sinus rhythm left axis deviation left anterior fascicular block right bundle branch block bifascicular block left ventricular hypertrophy non - specific st segment depression in i avl ,3,"['right_bundle_branch_block', 'left_anterior_fascicular_block', 'bifascicular_block']"
 sinus rhythm t wave are low or flat throughout myocardial ischaemia is likely prolonged qt suggest exclude hypokalaemia ,1,['long_qt']
 sinus rhythm prolonged pr interval right bundle branch block probable old lateral infarct there is gross skeletal muscle artifact ,1,['right_bundle_branch_block']
 sinusrhythmus lagetyp normal normales ecg edit norm xxxx kein lafb ( norm xxxx ) ,1,['left_anterior_fascicular_block']
 sinus tachycardia right bundle branch block ,1,['right_bundle_branch_block']
 premature ventricular contraction ( s ) couplets atrial fibrillation with rapid ventricular response left axis deviation left anterior fascicular block voltages are high in limb leads suggesting lvh possible old anteroseptal myocardial infarct non - ,1,['left_anterior_fascicular_block']
 sinus rhythm left anterior fascicular block prolonged qt this may be due to a drug effect or an electrolyte disturbance ,2,"['left_anterior_fascicular_block', 'long_qt']"
 premature atrial contraction ( s ) sinus tachycardia left axis deviation left anterior fascicular block probable old anteroseptal infarct anterolateral st and t wave change which are non - diagnostic ,1,['left_anterior_fascicular_block']
 premature ventricular contraction ( s ) prolonged pr interval left axis deviation left anterior fascicular block non - specific intraventricular block ,1,['left_anterior_fascicular_block']
 sinus rhythm compared with tracing of xxxx left bundle branch block has developed this obscures further interpretation ,1,['left_bundle_branch_block']
 sinus rhythm left axis deviation left anterior fascicular block qs complex in v2 xxxx consistent with old anteroseptal myocardial infarct st segments are depressed in i avl v6 this may be due to lv strain or ischaemia ,1,['left_anterior_fascicular_block']
 premature atrial contraction ( s ) premature ventricular contraction ( s ) sinus rhythm right axis deviation left posterior fascicular block non - specific intraventricular block ,1,['left_posterior_fascicular_block']
 sinus rhythm left axis deviation left anterior fascicular block non - specific intraventricular block qs complex in v2 suggesting old anteroseptal infarct ,1,['left_anterior_fascicular_block']
 atrial fibrillation left axis deviation right bundle branch block q wave in ii iii avf consistent with inferior myocardial infarct probably old possible old anteroseptal myocardial infarct ,1,['right_bundle_branch_block']
 sinusbradykardie ueberdrehter linkstyp links anteriorer fascicular block intraventrikuläre leitungsstörung in avr v2 chronischer anteriorer infarkt möglich st - hebung über v1 - v3 t negativ in v2 v3 t abgeflacht in v4 - v6 t biphasisch in iii avf edit asmi xxxx lafb aneur xxxx ( asmi xxxx imi xxxx lafb ) ,1,['left_anterior_fascicular_block']
 premature ventricular contraction ( s ) sinus rhythm incomplete left bundle branch block non - specific st and t wave change ,1,['incomplete_left_bundle_branch_block']
 sinus tachycardia right atrial enlargement rightward axis r - s transition zone in v leads displaced to the left probable left posterior fascicular block t wave are inverted in v2 xxxx this is non - specific consider right ventricular hypertrophy ,1,['left_posterior_fascicular_block']
 amended report regular bradycardia initially rhythm was thought to be junctional but inconspicuous p wave are present and there is actually complete av dissociation incomplete right bundle branch block q wave in ii iii avf consistent with old in ,1,['incomplete_right_bundle_branch_block']
 premature atrial contraction ( s ) premature ventricular contraction ( s ) sinus rhythm right bundle branch block ,1,['right_bundle_branch_block']
 sinus rhythm incomplete right bundle branch block st segments are elevated in i avl v2 - xxxx this is probably a normal variant no definite pathology ,1,['incomplete_right_bundle_branch_block']
 sinus rhythm left axis deviation right bundle branch block ,1,['right_bundle_branch_block']
 remature ventricular contraction ( s ) sinus rhythm prolonged pr interval ( xxxx sec ) left axis deviation left anterior fascicular block non - specific intraventricular block ,1,['left_anterior_fascicular_block']
 sinus rhythm voltages are high in chest leads suggesting lvh st segments are depressed in i ii avl v3 - xxxx t wave are low or biphasic in these leads this may be due to lv strain or ischaemia prolonged qt this may be due to a drug effect or an el ,1,['long_qt']
 premature ventricular contraction ( s ) sinus rhythm left axis deviation left anterior fascicular block voltages are high in limb leads suggesting lvh non - specific st and t wave change in i avl ,1,['left_anterior_fascicular_block']
 atrial fibrillation with rapid ventricular response left axis deviation left anterior fascicular block probable old anteroseptal infarct ,1,['left_anterior_fascicular_block']
 atrial fibrillation premature ventricular contractions bigeminy supraventricular complex occur regularly indicating that they derive from a focus other than the sa node probably junctional right bundle branch block non - specific st and t wave change ,1,['right_bundle_branch_block']
 sinus rhythm left axis deviation left anterior fascicular block q wave in v2 xxxx consistent with old anteroseptal myocardial infarct st segments are depressed in i avl t wave are low or flat in these leads this may be due to lv strain or isch ,1,['left_anterior_fascicular_block']
 atrial fibrillation low limb lead voltage incomplete right bundle branch block st segments are depressed in v5 xxxx t wave are flat in limb leads and v5 xxxx findings are likely to be due to ischaemic heart disease and digitalis effect ,1,['incomplete_right_bundle_branch_block']
 sinus bradycardia non - specific intraventricular block of rbbb type the cause of the bradycardia is not evident ,1,['right_bundle_branch_block']
 sinus tachycardia left axis deviation and clockwise rotation due to left anterior fascicular block ,1,['left_anterior_fascicular_block']
 sinus rhythm left anterior fascicular block qrs ( t ) contour abnormality consistent with inferior infarct probably old ,1,['left_anterior_fascicular_block']
 sinus rhythm incomplete right bundle branch block t wave inversion in v1 - v3 may be due to clockwise cardiac rotation but anterior ischaemia cannot be excluded ,1,['incomplete_right_bundle_branch_block']
 sinus rhythm atrial premature complex left axis deviation with marked clockwise rotation due to left anterior fascicular block intraventricular conduction delay of partial left bundle branch block type ,3,"['left_bundle_branch_block', 'left_anterior_fascicular_block', 'intraventricular_conduction_delay']"
 sinus rhythm left ventricular hypertrophy st segments are depressed in i avl v5 xxxx t wave are low or flat in limb leads and v5 xxxx this may be due to lv strain or ischaemia prolonged qt this may be due to a drug effect or an electrolyte disturban ,1,['long_qt']
 sinus rhythm left axis deviation left anterior fascicular block st segments are depressed and t wave flat in i avl this may be due to lv strain or ischaemia ,1,['left_anterior_fascicular_block']
 premature atrial contraction ( s ) sinus rhythm non - specific t wave flattening in i avl v6 prolonged qt this may be due to a drug effect or an electrolyte disturbance ,1,['long_qt']
 sinus rhythm possible left atrial enlargement borderline left axis deviation incomplete right bundle branch block ,1,['incomplete_right_bundle_branch_block']
 sinus rhythm left axis deviation left anterior fascicular block voltages are high in limb leads suggesting lvh q wave in v2 suggesting old anteroseptal myocardial infarct st segments are depressed in i avl t wave are flat in i and inverted in ,1,['left_anterior_fascicular_block']
 sinus rhythm right bundle branch block q wave in v2 xxxx suggesting old anteroseptal myocardial infarct ,1,['right_bundle_branch_block']
 sinus rhythm prolonged pr interval left axis deviation left anterior fascicular block incomplete left bundle branch block probable left ventricular hypertrophy ,2,"['incomplete_left_bundle_branch_block', 'left_anterior_fascicular_block']"
 sinus rhythm prolonged pr interval left axis deviation left anterior fascicular block tiny r wave in v2 xxxx voltages are high in limb leads suggesting lvh st segments are depressed in i avl v6 t wave are low or flat in these leads consistent w ,1,['left_anterior_fascicular_block']
 atrial fibrillation right bundle branch block left ventricular hypertrophy widespread non - specific st and t wave change ,1,['right_bundle_branch_block']
 sinus rhythm incomplete right bundle branch block prolonged qt this may be due to a drug effect or an electrolyte disturbance ,2,"['incomplete_right_bundle_branch_block', 'long_qt']"
 premature ventricular contraction ( s ) sinus rhythm borderline left axis deviation left bundle branch block this is most commonly due to ischaemic heart disease ,1,['left_bundle_branch_block']
 sinus rhythm possible left atrial enlargement left axis deviation left anterior fascicular block ,1,['left_anterior_fascicular_block']
 sinus rhythm incomplete right bundle branch block st segments are depressed and t wave inverted in i avl v3 - xxxx this may be due to lv strain or ischaemia ,1,['incomplete_right_bundle_branch_block']
 sinus tachycardia right atrial enlargement rightward axis otherwise no definite pathology edit rao xxxx lpfb tiefe s v5 - xxxx ohne entsprechende r rechtspräkordial reicht nicht aus für definitive diagnose einer rechtshypertrophie ( rao lpfb ) ,1,['left_posterior_fascicular_block']
 sinus rhythm right bundle branch block possible old inferior infarct edit imi xxxx asmi xxxx crbbb ( imi xxxx asmi xxxx crbbb ) ,1,['right_bundle_branch_block']
 premature ventricular contraction ( s ) rapid regular supraventricular tachycardia this appears to be atrial tachycardia with xxxx av block left axis deviation left anterior fascicular block st segments are depressed and t wave inverted in i avl ,1,['left_anterior_fascicular_block']
 sinus rhythm left axis deviation left anterior fascicular block prolonged pr interval ( xxxx sec ) possible old anteroseptal infarct otherwise no definite pathology ,1,['left_anterior_fascicular_block']
 atrial fibrillation voltages are high in chest leads suggesting lvh t wave are low or flat throughout myocardial ischaemia is likely prolonged qt suggest exclude hypokalaemia ,1,['long_qt']
 complex ( s ) with aberrant intraventricular conduction premature ventricular contraction ( s ) sinus rhythm borderline left axis deviation left bundle branch block this is most commonly due to ischaemic heart disease ,1,['left_bundle_branch_block']
 atrial fibrillation - flutter ventricular response xxxx - min left bundle branch block ,1,['left_bundle_branch_block']
 sinus rhythm possible left atrial enlargement left axis deviation left anterior fascicular block voltages are high in limb leads suggesting lvh deep but narrow q wave in i avl may indicate septal hypertrophy ,1,['left_anterior_fascicular_block']
 sinus rhythm left axis deviation borderline criteria for left anterior fascicular block incomplete right bundle branch block otherwise normal ecg ,2,"['incomplete_right_bundle_branch_block', 'left_anterior_fascicular_block']"
 sinus rhythm rightward axis right bundle branch block st segments are depressed in ii iii avf v5 xxxx non - specific but consistent with myocardial ischaemia ,1,['right_bundle_branch_block']
 sinus rhythm rightward axis right bundle branch block st segments are depressed in inferolateral leads non - specific but consistent with myocardial ischaemia ,1,['right_bundle_branch_block']
 sinus rhythm left ventricular hypertrophy st segments are depressed in i avl v5 xxxx t wave are low or flat in limb leads and v4 xxxx this may be due to lv strain or ischaemia prolonged qt this may be due to a drug effect or an electrolyte disturb ,1,['long_qt']
 sinus rhythm left axis deviation left anterior fascicular block right bundle branch block bifascicular block pr interval is normal voltages are high in limb leads suggesting lvh q wave in v1 xxxx consistent with old anteroseptal myocardial infar ,3,"['right_bundle_branch_block', 'left_anterior_fascicular_block', 'bifascicular_block']"
 atrial fibrillation left axis deviation left anterior fascicular block right bundle branch block bifascicular block probable left ventricular hypertrophy q wave in v1 xxxx consistent with old anteroseptal myocardial infarct ,3,"['right_bundle_branch_block', 'left_anterior_fascicular_block', 'bifascicular_block']"
 sinus rhythm left axis deviation left anterior fascicular block t wave are inverted in ii iii avf and flat in v4 xxxx non - specific but consistent with myocardial ischaemia the age of the change is uncertain ,1,['left_anterior_fascicular_block']
 sinus rhythm right bundle branch block q wave in ii iii avf st segments are depressed and t wave inverted in ii iii avf v4 xxxx consistent with ischaemic heart disease with old inferior myocardial infarct ,1,['right_bundle_branch_block']
 sinus tachycardia pr interval is at about upper limit of normal left axis deviation incomplete right bundle branch block q wave in ii iii avf consistent with old inferior myocardial infarct ,1,['incomplete_right_bundle_branch_block']
 atrial fibrillation prolonged qt this may be due to a drug effect or an electrolyte disturbance ,1,['long_qt']
 sinus rhythm incomplete right bundle branch block possible left posterior fascicular block st segments are depressed in ii iii avf v2 - xxxx t wave are inverted in ii iii avf v2 - xxxx this may be due to lv strain or ischaemia edit injas injal injin irbbb ( iscas iscal iscin irbbb ) ,2,"['incomplete_right_bundle_branch_block', 'left_posterior_fascicular_block']"
 sinus rhythm prolonged pr interval borderline left axis deviation incomplete right bundle branch block ,1,['incomplete_right_bundle_branch_block']
 sinus rhythm left axis deviation left anterior fascicular block voltages are high in limb leads suggesting lvh q wave in v2 suggests old anteroseptal infarct t wave are low in i avl v5 xxxx prolonged qt this may be due to a drug effect or an ele ,2,"['left_anterior_fascicular_block', 'long_qt']"
 premature ventricular contraction ( s ) interpolated premature ventricular contraction ( s ) sinus rhythm left axis deviation incomplete right bundle branch block voltages are high in limb leads suggesting lvh ,1,['incomplete_right_bundle_branch_block']
 sinus rhythm left axis deviation left anterior fascicular block non - specific intraventricular block the age of the change is uncertain ,1,['left_anterior_fascicular_block']
 sinus arrhythmia possibly a run of junctional rhythm right superior axis deviation possible left posterior fascicular block non - specific st and t wave change this tracing cannot be adequately interpreted without full clinical picture and previous tra ,1,['left_posterior_fascicular_block']
 frequent premature atrial contractions with a short run of svt sinus rhythm left axis deviation left anterior fascicular block minor non - specific t wave flattening in v5 xxxx holter monitor may be helpful ,1,['left_anterior_fascicular_block']
 sinus arrhythmia incomplete right bundle branch block this is probably a normal variant st segments are elevated and t wave are tall in v4 xxxx this is probably normal for age no definite pathology edit irbbb ,1,['incomplete_right_bundle_branch_block']
 sinus rhythm prolonged pr interval left axis deviation right bundle branch block qs complex in ii iii avf consistent with inferior myocardial infarct of uncertain age ,1,['right_bundle_branch_block']
 sinus rhythm p wave are inconspicuous incomplete right bundle branch block this is probably a normal variant no definite pathology ,1,['incomplete_right_bundle_branch_block']
 sinus rhythm incomplete right bundle branch block left ventricular hypertrophy minor non - specific st segment depression in v5 xxxx ,1,['incomplete_right_bundle_branch_block']
 sinus rhythm abnormal left axis deviation left bundle branch block ,1,['left_bundle_branch_block']
 sinus arrhythmia slightly prolonged qt this may be due to a drug effect or an electrolyte disturbance ,1,['long_qt']
 sinus rhythm left axis deviation r - s transition zone in v leads displaced to the right left anterior fascicular block incomplete right bundle branch block otherwise normal ecg ,2,"['incomplete_right_bundle_branch_block', 'left_anterior_fascicular_block']"
 sinus rhythm left axis deviation left anterior fascicular block left ventricular hypertrophy st segments are depressed in i avl v4 xxxx t wave are inverted in ii iii avf v4 xxxx and flat in i avl this may be due to lv strain or ischaemia ,1,['left_anterior_fascicular_block']
 sinus rhythm left axis deviation right bundle branch block left anterior fascicular block bifascicular block pr interval is normal non - specific st and t wave change in anterior lateral and inferior leads ,3,"['right_bundle_branch_block', 'left_anterior_fascicular_block', 'bifascicular_block']"
 sinus arrhythmia right bundle branch block edit asmi xxxx crbbb myocardial infarct xxxx % bbb xxxx % ( crbbb ) ,1,['right_bundle_branch_block']
 sinus tachycardia left atrial enlargement left bundle branch block this is most commonly due to ischaemic heart disease ,1,['left_bundle_branch_block']
 sinus rhythm borderline left anterior fascicular block right bundle branch block ,2,"['right_bundle_branch_block', 'left_anterior_fascicular_block']"
 sinus rhythm with frequent atrial premature complex ventricular premature complex pr interval upper limit of normal left bundle branch block low limb lead voltage in presence of lbbb hypertrophy or ischaemia not excluded xxxx unconfi ,1,['left_bundle_branch_block']
 rhythm is atrial tachycardia with xxxx av block and rapid ventricular response left axis deviation right bundle branch block ,1,['right_bundle_branch_block']
 sinus rhythm left axis deviation left anterior fascicular block non - specific st and t wave change in avl ,1,['left_anterior_fascicular_block']
 sinus rhythm incomplete right bundle branch block minor non - specific st segment depression in v4 xxxx otherwise normal ecg ,1,['incomplete_right_bundle_branch_block']
 sinus rhythm left axis deviation left anterior fascicular block voltages are high in limb leads suggesting lvh tracing is very similar to that of xxxx ,1,['left_anterior_fascicular_block']
 premature atrial contraction ( s ) premature ventricular contraction ( s ) sinus rhythm left axis deviation left anterior fascicular block right bundle branch block bifascicular block left ventricular hypertrophy pr interval is normal ,3,"['right_bundle_branch_block', 'left_anterior_fascicular_block', 'bifascicular_block']"
 sinus rhythm possible left atrial enlargement left ventricular hypertrophy st segments are depressed in i ii v5 xxxx this may be due to lv strain or ischaemia prolonged qt this may be due to a drug effect or an electrolyte disturbance ,1,['long_qt']
 sinus rhythm voltages are high in limb leads suggesting lvh left axis deviation r - s transition zone in v leads displaced to the left left anterior fascicular block non - specific t wave flattening in i and inversion in avl ,1,['left_anterior_fascicular_block']
 atrial fibrillation low limb lead voltage incomplete right bundle branch block non - specific t wave flattening in i avl ,1,['incomplete_right_bundle_branch_block']
 sinus rhythm left axis deviation r - s transition zone in v leads displaced to the left left anterior fascicular block st segments are depressed in i avl t wave are biphasic in i and inverted in avl myocardial ischaemia is likely the age of the cha ,1,['left_anterior_fascicular_block']
 premature atrial contraction ( s ) sinus rhythm left axis deviation incomplete right bundle branch block voltages are high in chest leads suggesting lvh non - specific st segment depression in v4 xxxx ,1,['incomplete_right_bundle_branch_block']
 premature ventricular contraction ( s ) sinus rhythm t wave are flat in i avl v2 - xxxx myocardial ischaemia is likely slightly prolonged qt suggest exclude hypokalaemia the age of the change is uncertain ,1,['long_qt']
 sinus rhythm prolonged pr interval low limb lead voltage incomplete right bundle branch block t wave are biphasic in i ii v3 - xxxx findings are likely to be due to ischaemic heart disease the age of the change is uncertain ,1,['incomplete_right_bundle_branch_block']
 sinus rhythm voltages are high in limb leads suggesting lvh left axis deviation left anterior fascicular block st segments are depressed and t wave inverted in i avl st segments are depressed in v3 - xxxx this may be due to lv strain or ischaemia n ,1,['left_anterior_fascicular_block']
 sinus rhythm incomplete right bundle branch block normal ecg ,1,['incomplete_right_bundle_branch_block']
 sinus rhythm left axis deviation and clockwise rotation due to left anterior fascicular block ,1,['left_anterior_fascicular_block']
 sinus rhythm abnormal left axis deviation left bundle branch block ischaemia not excluded ,1,['left_bundle_branch_block']
 sinus rhythm abnormal left axis deviation left anterior fascicular block otherwise normal ecg ,1,['left_anterior_fascicular_block']
 sinus rhythm partial right bundle branch block otherwise normal ecg ,1,['right_bundle_branch_block']
 sinus rhythm left anterior fascicular block left ventricular hypertrophy on voltages lateral st and t change consistent with early left ventricular strain ,1,['left_anterior_fascicular_block']
 sinus rhythm borderline first degree av block pr interval of xxxx seconds normal ecg ,1,['first_degree_av_block']
 sinus tachycardia left anterior fascicular block apart from rate normal ecg ,1,['left_anterior_fascicular_block']
 sinusrhythmus linkstyp sonst normales ecg xxxx unbestätigter bericht edit norm xxxx ( lafb norm ) ,1,['left_anterior_fascicular_block']
 sinus rhythm r - s transition zone in v leads displaced to the right incomplete right bundle branch block voltages are high in chest leads suggesting lvh ,1,['incomplete_right_bundle_branch_block']
 atrial fibrillation with rapid ventricular response left axis deviation left anterior fascicular block non - specific st and t wave change tracing is very similar to that of xxxx ,1,['left_anterior_fascicular_block']
 sinus rhythm low limb lead voltage incomplete right bundle branch block otherwise normal ecg ,1,['incomplete_right_bundle_branch_block']
 sinus rhythm left axis deviation t wave are inverted in v2 and slightly biphasic in v3 non - specific but consistent with myocardial ischaemia slightly prolonged qt this may be due to a drug effect or an electrolyte disturbance ,1,['long_qt']
 sinus rhythm r - s transition zone in v leads displaced to the right incomplete right bundle branch block t wave are inverted in v2 - xxxx and low or flat in other leads change may be due to myocardial ischaemia or subendocardial infarct of uncertain ,1,['incomplete_right_bundle_branch_block']
 sinus rhythm r - s transition zone in v leads displaced to the right incomplete right bundle branch block non - specific t wave flattening in v4 xxxx ,1,['incomplete_right_bundle_branch_block']
 sinus rhythm incomplete right bundle branch block pr interval is at upper limit otherwise normal ecg ,1,['incomplete_right_bundle_branch_block']
 sinus arrhythmie linkstyp sonst normales ecg xxxx unbestätigter bericht edit lafb xxxx ( norm xxxx lafb xxxx ) ,1,['left_anterior_fascicular_block']
 sinusrhythmus ueberdrehter linkstyp periphere niederspannung xxxx unbestätigter bericht edit lafb xxxx alter imi möglich xxxx lafb imi xxxx ,1,['left_anterior_fascicular_block']
 sinusrhythmus linkstyp sonst normales ecg xxxx unbestätigter bericht edit lafb xxxx ( norm xxxx lafb xxxx ) ,1,['left_anterior_fascicular_block']
