statement,occurences,proposed label
 sinus rhythm left axis deviation left anterior fascicular block q wave in v2 - xxxx st segments are elevated in v3 xxxx t wave are inverted in avl v2 - xxxx and flat in i consistent with anterior myocardial infarct probably old ,1,['anterior_infarct']
 sinus rhythm q wave in ii iii avf consistent with old inferior myocardial infarct ,23,['inferior_infarct']
 premature atrial contraction ( s ) sinus rhythm prolonged pr interval left axis deviation right bundle branch block q wave in ii iii avf consistent with old inferior myocardial infarct ,1,['inferior_infarct']
 sinus tachycardia qs complex in v2 and tiny r wave in v3 consistent with old anteroseptal myocardial infarct ,1,['anteroseptal_infarct']
 sinus rhythm possible left atrial enlargement voltages are high in limb leads suggesting lvh qs complex in v2 suggesting old anteroseptal myocardial infarct st segments are depressed in i avl v5 xxxx t wave are inverted in i avl v3 - xxxx this ma ,1,['anteroseptal_infarct']
 sinus rhythm possible old inferior myocardial infarct ,3,['inferior_infarct']
 atrial fibrillation qs complex in v2 and tiny r wave in v3 xxxx st segments are depressed in i ii avl v5 xxxx t wave are inverted in i avl v5 xxxx consistent with ischaemic heart disease with old anteroseptal myocardial infarct it is difficult to ,1,['anteroseptal_infarct']
 sinus rhythm right bundle branch block q wave in chest leads consistent with old anterior myocardial infarct possible old inferior myocardial infarct edit asmi xxxx crbbb infarkt sicher ( asmi xxxx crbbb ) ,2,"['anterior_infarct', 'inferior_infarct']"
 sinus rhythm possible left atrial enlargement q wave and small r wave in v2 suggesting old anteroseptal myocardial infarct non - specific t wave flattening in v6 ,1,['anteroseptal_infarct']
 sinus rhythm q wave in ii iii avf suggesting old inferior myocardial infarct ,2,['inferior_infarct']
 sinus rhythm left ventricular hypertrophy st segments are depressed in v5 xxxx q wave in ii iii avf t wave are low or flat in limb leads and v5 xxxx consistent with ischaemic heart disease with old inferior myocardial infarct ,1,['inferior_infarct']
 sinus rhythm tiny r wave in v2 old anteroseptal infarct cannot be excluded otherwise normal ecg ,1,['anteroseptal_infarct']
 sinus rhythm premature ventricular contraction ( s ) possible left atrial enlargement r - s transition zone in v leads displaced to the right q wave in ii iii avf consistent with old inferior myocardial infarct st segments are depressed in i avl ,1,['inferior_infarct']
 sinus rhythm qs complex in v2 suggesting old anteroseptal infarct otherwise normal ecg ,1,['anteroseptal_infarct']
 premature ventricular contraction ( s ) sinus rhythm voltages are high in chest leads suggesting lvh poor progression of r wave in anterior chest leads old anteroseptal myocardial infarct cannot be excluded ,1,['anteroseptal_infarct']
 sinus rhythm low limb lead voltage possible old inferior myocardial infarct ,1,['inferior_infarct']
 sinus rhythm incomplete right bundle branch block t wave are inverted in v4 xxxx and low or flat in i avl findings may be due to lateral myocardial ischaemia or subendocardial infarct of uncertain age ,1,['generic_infarct']
 sinus rhythm borderline left axis deviation qs complex in v2 and tiny r wave in v3 suggesting old anteroseptal myocardial infarct ,1,['anteroseptal_infarct']
 atrial fibrillation with rapid ventricular response non - specific intraventricular block q wave in ii iii avf consistent with old inferior myocardial infarct st segments are depressed and t wave inverted in i ii v4 xxxx this may be due to ,1,['inferior_infarct']
 sinus rhythm borderline left axis deviation qs complex in v2 xxxx consistent with old anteroseptal myocardial infarct ,1,['anteroseptal_infarct']
 atrial fibrillation with slow ventricular response non - specific intraventricular block tiny r wave in v2 xxxx suggesting old anteroseptal myocardial infarct non - specific st and t wave change ,1,['anteroseptal_infarct']
 sinus rhythm q wave and t wave inversion in v2 suggesting old anteroseptal infarct otherwise normal ecg ,1,['anteroseptal_infarct']
 atrial fibrillation with rapid ventricular response probable old anterior and inferior infarcts there is much artifact present ,1,['inferior_infarct']
 sinus rhythm prolonged pr interval qs complex in v2 and tiny r wave in v3 suggesting old anteroseptal myocardial infarct ,1,['anteroseptal_infarct']
 sinus rhythm non - specific intraventricular block q wave in ii iii avf consistent with old inferior myocardial infarct ,3,['inferior_infarct']
 sinus rhythm q wave in ii iii avf consistent with old inferior myocardial infarct non - specific t wave flattening in i avl v6 ,1,['inferior_infarct']
 premature atrial contraction ( s ) sinus rhythm low limb lead voltage st segments are depressed in i ii v3 - xxxx this may be due to lv strain or ischaemia possible old inferior myocardial infarct ,1,['inferior_infarct']
 sinus rhythm left axis deviation left anterior fascicular block q wave in v2 an old anteroseptal infarct cannot be excluded ,1,['anteroseptal_infarct']
 premature ventricular contraction ( s ) atrial fibrillation with rapid ventricular response qs complex in v2 and tiny r wave in v3 consistent with anteroseptal myocardial infarct of uncertain age st segments are depressed in ii iii avf v5 xxxx t w ,1,['anteroseptal_infarct']
 atrial fibrillation st segments are depressed in i avl v4 xxxx t wave are low or flat throughout findings are likely to be due to ischaemic heart disease and digitalis effect possible old inferior myocardial infarct suggest exclude hypokalaemia ,1,['inferior_infarct']
 sinus rhythm tiny r wave in v2 this may be normal but old anteroseptal myocardial infarct cannot be excluded no definite ecg evidence to suggest pulmonary embolism ,1,['anteroseptal_infarct']
 sinus tachycardia qs complex in v2 xxxx consistent with old anteroseptal myocardial infarct st segments are depressed in i ii v5 xxxx t wave are flat in i avl this may be due to lv strain or ischaemia ,1,['anteroseptal_infarct']
 sinus rhythm q wave and t wave inversion in ii iii avf consistent with old inferior myocardial infarct ,3,['inferior_infarct']
 atrial fibrillation tiny r wave in v2 xxxx suggesting old anteroseptal infarct possible old inferior myocardial infarct st segments are depressed in i ii avl v5 xxxx t wave are flat in these leads findings are likely to be due to ischaemic heart d ,2,"['inferior_infarct', 'anteroseptal_infarct']"
 sinus rhythm deep but narrow q wave in ii iii avf v4 xxxx may indicate septal hypertrophy rather than old infarct otherwise normal ecg edit lvh xxxx septal hypertrophy sokolow xxxx ( norm xxxx sehyp xxxx ) ,1,['generic_infarct']
 premature atrial contraction ( s ) sinus rhythm left axis deviation left anterior fascicular block qs complex in v2 and tiny r wave in v3 consistent with old anteroseptal myocardial infarct non - specific t wave flattening in limb leads and v5 xxxx ,1,['anteroseptal_infarct']
 sinus rhythm rightward axis probable left posterior fascicular block qs complex in v2 xxxx consistent with old anterior myocardial infarct q wave in i avl suggesting old lateral infarct ,2,"['anterior_infarct', 'lateral_infarct']"
 sinus tachycardia left atrial enlargement left axis deviation qs complex in v2 xxxx consistent with anteroseptal myocardial infarct of uncertain age probably old st segments are depressed and t wave inverted in i avl v5 xxxx this may be due to ,1,['anteroseptal_infarct']
 atrial fibrillation left axis deviation low limb lead voltage q wave in ii iii avf consistent with old inferior myocardial infarct qs complex in v2 - xxxx consistent with anterior myocardial infarct probably old ,2,"['anterior_infarct', 'inferior_infarct']"
 sinus rhythm incomplete right bundle branch block q wave in ii iii avf old inferior myocardial infarct cannot be excluded ,1,['inferior_infarct']
 sinus rhythm qs complex in v2 suggesting old anteroseptal infarct st segments are depressed in v5 xxxx t wave are flat or slightly inverted in limb leads and v5 xxxx findings are likely to be due to ischaemic heart disease ,1,['anteroseptal_infarct']
 probable atrial flutter with variable a v block low limb lead voltage qs complex in v2 xxxx consistent with old anteroseptal myocardial infarct ,1,['anteroseptal_infarct']
 sinus rhythm q wave in ii iii avf consistent with old inferior myocardial infarct t wave are low or flat in i v4 xxxx and inverted in avl findings are likely to be due to ischaemic heart disease ,1,['inferior_infarct']
 sinus rhythm prolonged pr interval possible left atrial enlargement voltages are high in chest leads suggesting lvh st segments are depressed in v5 xxxx this may be due to lv strain or ischaemia old anteroseptal myocardial infarct cannot be exclude ,1,['anteroseptal_infarct']
 sinus rhythm q wave in v2 suggesting old anteroseptal infarct minor non - specific t wave flattening in i avl ,1,['anteroseptal_infarct']
 sinus rhythm q wave in v2 suggesting old anteroseptal infarct ,1,['anteroseptal_infarct']
 premature ventricular contraction ( s ) sinus rhythm left axis deviation tiny r wave in v2 xxxx suggesting old anteroseptal infarct possible old inferior myocardial infarct non - specific st and t wave change in lateral leads ,2,"['inferior_infarct', 'anteroseptal_infarct']"
 sinus rhythm prolonged pr interval qs complex in v2 and tiny r wave in v3 consistent with old anteroseptal myocardial infarct t wave flattening in i avl v4 xxxx st segments are slightly depressed in i avl non - specific but consistent with m ,1,['anteroseptal_infarct']
 sinus rhythm q wave in ii iii avf consistent with old inferior myocardial infarct st segments are depressed in i ii avl v6 t wave are low or flat throughout findings are likely to be due to ischaemic heart disease suggest exclude hypo ,1,['inferior_infarct']
 sinus rhythm prolonged pr interval possible old inferior infarct ,1,['inferior_infarct']
 sinus rhythm prolonged pr interval q wave in ii iii avf st segments are depressed in i ii avf v4 xxxx t wave are low or flat in i avl consistent with ischaemic heart disease with old inferior myocardial infarct ,1,['inferior_infarct']
 sinus rhythm incomplete right bundle branch block q wave and t wave inversion in ii iii avf st segments are depressed in i avl v4 xxxx t wave are low or flat in v5 xxxx consistent with ischaemic heart disease with inferior myocardial infarct pr ,1,['inferior_infarct']
 sinus rhythm t wave are inverted in v2 - xxxx and low or flat in i avl v6 findings are likely to be due to ischaemic heart disease anterior subendocardial infarct of uncertain age cannot be excluded ,1,['anterior_infarct']
 premature atrial contraction ( s ) sinus rhythm left anterior fascicular block non - specific intraventricular block q wave in i avl v4 xxxx consistent with old lateral myocardial infarct ,1,['lateral_infarct']
 sinus rhythm q wave in ii iii avf st segments are elevated in ii iii avf v5 xxxx t wave are inverted in these leads consistent with inferolateral myocardial infarct which appears recent ,1,['inferolateral_infarct']
 sinus rhythm q wave in ii iii avf are probably normal old inferior infarct cannot be entirely excluded otherwise normal ecg ,3,['inferior_infarct']
 sinus rhythm prolonged pr interval left axis deviation left ventricular hypertrophy tiny r wave in v2 xxxx suggesting old anterior infarct ,1,['anterior_infarct']
 sinus rhythm t wave are inverted in v2 xxxx st segments are slightly elevated in these leads this may be due to myocardial ischaemia or anterior subendocardial infarct of uncertain age edit injas ( injas xxxx ) ,1,['anterior_infarct']
 premature ventricular contraction ( s ) sinus rhythm st segments are depressed in ii iii avf v4 xxxx t wave are deeply inverted in i avl v4 xxxx this may be due to myocardial ischaemia or lateral subendocardial infarct of uncertain age ,1,['lateral_infarct']
 premature ventricular contraction ( s ) sinus rhythm non - specific intraventricular delay q wave in ii iii avf consistent with old inferior myocardial infarct st segments are depressed in i avl v5 xxxx t wave are inverted in i avl and low in v4 ,1,['inferior_infarct']
 atrial fibrillation low limb lead voltage qs complex in v2 xxxx consistent with old anteroseptal myocardial infarct st segments are depressed in ii iii avf v5 xxxx t wave are low or slightly inverted throughout findings are likely to be due to ,1,['anteroseptal_infarct']
 sinus tachycardia left axis deviation left anterior fascicular block non - specific intraventricular block poor progression of r wave in anterior chest leads this may be due to marked clockwise rotation but old anterior myocardial infarct cannot be ,1,['anterior_infarct']
 sinus tachycardia low limb lead voltage poor progression of r wave in anterior chest leads suggesting old anteroseptal infarct ,1,['anteroseptal_infarct']
 sinus rhythm rightward axis low limb lead voltage st segments are elevated in ii iii avf v4 xxxx consistent with inferolateral myocardial infarct which appears recent ,1,['inferolateral_infarct']
 sinus arrhythmia incomplete right bundle branch block old anterolateral and inferior myocardial infarct ,1,['inferior_infarct']
 sinus rhythm abnormal left axis deviation left anterior fascicular block right bundle branch block bifascicular block possible old inferior infarct ,1,['inferior_infarct']
 sinus rhythm qs complex in v2 and q wave in v3 suggesting old anteroseptal infarct non - specific t wave flattening in limb leads and v5 xxxx ,1,['anteroseptal_infarct']
 sinus rhythm st segments are depressed in v5 xxxx t wave are inverted in ii iii avf v3 - xxxx t wave are flat in i avl findings are likely to be due to ischaemic heart disease inferolateral subendocardial infarct of uncertain age is a possibility ,1,['inferolateral_infarct']
 premature atrial contraction ( s ) sinus tachycardia q wave in ii iii avf consistent with old inferior myocardial infarct st segments are depressed in i ii avl v4 xxxx t wave are low in these leads this may be due to lv strain or ischaemia ,1,['inferior_infarct']
 sinus rhythm left axis deviation left anterior fascicular block q wave in v2 old anteroseptal infarct cannot be excluded ,2,['anteroseptal_infarct']
 sinus rhythm t wave are inverted in ii iii avf v4 xxxx this may be due to inferolateral myocardial ischaemia or subendocardial infarct of uncertain age ,1,['generic_infarct']
 regular rhythm no p wave found rhythm is probably junctional non - specific intraventricular delay left ventricular hypertrophy qs complex in v2 and tiny r wave in v3 suggesting anteroseptal myocardial infarct of uncertain age st segments are d ,1,['anteroseptal_infarct']
 sinus rhythm non - specific intraventricular delay left ventricular hypertrophy q wave in in v2 and tiny r wave in v3 consistent with old anteroseptal myocardial infarct st segments are depressed in i ii avl avf v5 xxxx t wave are flat or sli ,1,['anteroseptal_infarct']
 sinus rhythm q wave in ii iii avf t wave are low or flat in v4 xxxx consistent with ischaemic heart disease with old inferior myocardial infarct ,1,['inferior_infarct']
 premature ventricular contraction ( s ) sinus rhythm non - specific intraventricular delay q wave in ii iii avf t wave are inverted in ii iii avf v5 xxxx consistent with ischaemic heart disease with old inferior myocardial infarct ,1,['inferior_infarct']
 sinus rhythm st segments are markedly elevated in ii iii avf v1 - xxxx recent inferior and anterior myocardial infarct is likely ,1,['anterior_infarct']
 sinus tachycardia anteroseptal infarct which is probably old ,1,['anteroseptal_infarct']
 sinus rhythm prolonged pr interval left axis deviation probable infero - posterior infarct of undetermined age ,1,['inferoposterior_infarct']
 sinus rhythm possable old inferior infarct ,1,['inferior_infarct']
 sinus rhythm possible old inferior infarct ,4,['inferior_infarct']
 sinus rhythm prolonged pr interval right bundle branch block probable old inferior infarct antero - lateral st and t wave change suggest possible ischaemia ,1,['inferior_infarct']
 premature atrial contraction ( s ) sinus rhythm left axis deviation left anterior fascicular block qs complex in v2 suggesting old anteroseptal myocardial infarct ,1,['anteroseptal_infarct']
 premature ventricular contraction ( s ) sinus rhythm right axis deviation low limb lead voltage possible left posterior fascicular block right bundle branch block non - specific t wave inversion in ii iii avf possible old inferior myocardial infarctio ,1,['inferior_infarct']
 premature ventricular contraction ( s ) sinus rhythm prolonged pr interval possible left atrial enlargement left axis deviation non - specific intraventricular block old anteroseptal infarct non - specific st and t wave change ,1,['anteroseptal_infarct']
 sinus rhythm voltages in chest leads are at upper limit st segments are depressed and t wave inverted in i ii avl v4 xxxx with terminal inversion in avf v3 findings are likely to be due to ischaemic heart disease subendocardial infarct of ,1,['generic_infarct']
 sinus arrhythmia incomplete right bundle branch block q wave in ii iii avf consistent with old inferior myocardial infarct ,1,['inferior_infarct']
 atrial fibrillation with rapid ventricular response possible left ventricular hypertrophy q wave in ii iii avf t wave are low or flat in i v5 xxxx consistent with ischaemic heart disease with old inferior myocardial infarct ,1,['inferior_infarct']
 sinus rhythm t wave are inverted in i avl v5 xxxx and low or flat in ii v4 findings may be due to myocardial ischaemia or subendocardial infarct of uncertain age lv strain may contribute ,1,['generic_infarct']
 sinus bradycardia compared with tracing of xxxx t wave now inverted in ii iii avf and inversion is more marked in v2 - xxxx the changing pattern is consistent with a recent ischaemia episode with or without actual infarct ,1,['generic_infarct']
 sinus rhythm q wave in ii iii avf st segments are depressed in ii iii avf v4 xxxx t wave are flat in ii v4 and inverted in iii avf v5 xxxx consistent with ischaemic heart disease with old inferior myocardial infarct ,1,['inferior_infarct']
 sinus rhythm prolonged pr interval left axis deviation left anterior fascicular block possible old inferior infarct ,1,['inferior_infarct']
 sinus rhythm left axis deviation qs complex in v2 xxxx q wave in i avl v4 xxxx st segments are elevated in v2 xxxx t wave are inverted in i avl v2 - xxxx consistent with anterior and lateral myocardial infarct of uncertain age recent damage canno ,1,['lateral_infarct']
 sinus rhythm low limb lead voltage poor progression of r wave in anterior chest leads t wave are inverted in v2 xxxx this suggests old anteroseptal myocardial infarct t wave are low or flat in limb leads and v5 xxxx findings are likely to be due t ,1,['anteroseptal_infarct']
 premature ventricular contraction ( s ) premature atrial contraction ( s ) sinus rhythm qs complex in v2 and tiny r wave in v3 suggesting old anteroseptal myocardial infarct st segments are slightly depressed in v4 xxxx t wave are low in i and slight ,1,['anteroseptal_infarct']
 sinus rhythm possible left atrial enlargement voltages are high in limb leads suggesting lvh minor non - specific t wave flattening in v5 xxxx q wave in v2 an old anteroseptal infarct cannot be excluded ,1,['anteroseptal_infarct']
 sinus rhythm prolonged pr interval tiny r wave in v2 xxxx suggesting old anteroseptal infarct ,1,['anteroseptal_infarct']
 sinus rhythm qs complex in v2 and tiny r wave in v3 this may be normal but old anteroseptal myocardial infarct cannot be entirely excluded otherwise normal ecg ,1,['anteroseptal_infarct']
 sinus rhythm left axis deviation left anterior fascicular block voltages are high in limb leads suggesting lvh qs complex in v2 and tiny r wave in v3 suggesting old anteroseptal myocardial infarct st segments are depressed in i ii avl v5 xxxx ,1,['anteroseptal_infarct']
 sinus rhythm low limb lead voltage qs complex in v2 xxxx consistent with old anteroseptal myocardial infarct ,1,['anteroseptal_infarct']
 sinus rhythm compared with tracings of xxxx and xxxx it closely resembles the former old anterior myocardial infarct ,1,['anterior_infarct']
 sinus rhythm low limb lead voltage q wave in ii iii avf consistent with old inferior myocardial infarct st segments are depressed in i ii v3 - xxxx non - specific but consistent with myocardial ischaemia ,1,['inferior_infarct']
 sinus rhythm r - s transition zone in v leads displaced to the right q wave in ii iii avf consistent with old inferior myocardial infarct ,2,['inferior_infarct']
 sinus rhythm non - specific intraventricular delay q wave in ii iii avf consistent with old inferior myocardial infarct ,2,['inferior_infarct']
 sinus rhythm prolonged pr interval voltages are high in limb leads suggesting lvh non - specific intraventricular delay probable old inferior myocardial infarct st segments are depressed in i avl v6 t wave are low or flat in i ii avl v5 xxxx th edit imi xxxx almi xxxx lvh xxxx isc xxxx ( imi xxxx lvh xxxx isc_ ) ,1,['inferior_infarct']
 sinus rhythm possible old inferior myocardial infarct st segments are depressed in i ii avl v4 xxxx t wave are inverted in i avl and flat in ii v2 - xxxx findings are likely to be due to ischaemic heart disease the unusual progression of r wave ,1,['inferior_infarct']
 sinus tachycardia possible old inferior infarct minor non - specific st segment depression in i v3 - xxxx ,1,['inferior_infarct']
 sinus rhythm possible left atrial enlargement left axis deviation right bundle branch block q wave in i ii iii avf v4 xxxx t wave are low or flat throughout consistent with old inferior and lateral myocardial infarct suggest exclude hypoka ,1,['lateral_infarct']
 sinus rhythm probable old inferior infarct ,2,['inferior_infarct']
 atrial fibrillation st segments are depressed in i ii avl v5 xxxx t wave are low in these leads this may be due to lv strain or ischaemia poor progression of r wave in anterior chest leads suggesting old anteroseptal myocardial infarct ,1,['anteroseptal_infarct']
 sinus rhythm prolonged pr interval probable old inferior infarct ,1,['inferior_infarct']
 sinus rhythm non - specific intraventricular block probable old inferior myocardial infarct ,1,['inferior_infarct']
 sinus rhythm probable old anteroseptal infarct st and t abnormality consider anterolateral ischemia or left ventricular strain inferolateral ischemia or left ventricular strain ,1,['anteroseptal_infarct']
 sinus rhythm right bundle branch block q wave in ii iii avf consistent with old inferior myocardial infarct ,8,['inferior_infarct']
 atrial fibrillation left axis deviation t wave are low or flat in i avl v2 - xxxx myocardial ischaemia is likely possible old inferior myocardial infarct ,1,['inferior_infarct']
 premature ventricular contraction ( s ) sinus rhythm non - specific intraventricular delay q wave in ii iii avf consistent with old inferior myocardial infarct ,1,['inferior_infarct']
 sinus tachycardia rightward axis right bundle branch block there are deep but rather narrow q wave in ii iii avf old inferior myocardial infarct is likely but appearances could be due to septal hypertrophy ,1,['inferior_infarct']
 sinus rhythm left axis deviation probable old anteroseptal infarct ,1,['anteroseptal_infarct']
 sinus rhythm non - specific intraventricular delay q wave in ii iii avf suggesting old inferior infarct ,1,['inferior_infarct']
 sinusrhythmus steiltyp rechte vorhofsüberbelastung pathologisches ecg edit rao true posterior infarct possible ( pmi xxxx rao ) ,1,['posterior_infarct']
 sinus rhythm incomplete right bundle branch block q wave in ii iii avf and in v3 - xxxx consistent with old anterolateral and inferior myocardial infarcts ,1,['inferior_infarct']
 sinus bradycardia left axis deviation non - specific intraventricular block probable old anteroseptal myocardial infarct ,1,['anteroseptal_infarct']
 sinus rhythm t wave are flat in limb leads and inverted in v2 - xxxx findings are likely to be due to ischaemic heart disease they may represent subendocardial infarct of uncertain age it is difficult to determine whether any change are recent edit injas injal sokolow xxxx ( injas injal ) ,1,['generic_infarct']
 sinus rhythm possible old inferior infarct otherwise normal ecg ,3,['inferior_infarct']
 sinus rhythm prolonged pr interval left axis deviation left anterior fascicular block q wave in v2 xxxx old anteroseptal infarct cannot be entirely excluded ,1,['anteroseptal_infarct']
 sinus rhythm q wave in ii iii avf v4 xxxx t wave are inverted in v3 - xxxx consistent with inferior and anterolateral myocardial infarct compared with tracing of xxxx t wave inversion in chest leads is new and is probably due to a recent ischa ,1,['anterolateral_infarct']
 sinus rhythm qs complex in v3 q wave in v4 xxxx consistent with anterior myocardial infarct probably old ,1,['anterior_infarct']
 sinus rhythm q wave in ii iii avf suggesting old inferior infarct non - specific t wave flattening in v6 ,1,['inferior_infarct']
 sinus rhythm left axis deviation left anterior fascicular block probable old inferior infarct qs in lead v2 possible causes include previous infarct and v1 - v2 lead interchange ,1,['inferior_infarct']
 sinus rhythm q wave present in leads xxxx and avf not meeting criteria but consistent with old inferior infarct could be a normal variant ,1,['inferior_infarct']
 sinus tachycardia qs complex in v2 and tiny r wave in v3 xxxx consistent with old anterior myocardial infarct st segments are depressed and t wave inverted in i avl this may be due to lv strain or ischaemia ,1,['anterior_infarct']
 sinus rhythm qs complex in v2 and tiny r wave in v3 consistent with old anteroseptal myocardial infarct ,5,['anteroseptal_infarct']
 sinus rhythm left axis deviation left anterior fascicular block non - specific intraventricular block voltages are high in limb leads suggesting lvh qs complex in v2 and tiny r wave in v3 consistent with old anteroseptal myocardial infarct ,1,['anteroseptal_infarct']
 premature atrial contraction ( s ) sinus rhythm right bundle branch block q wave in ii iii avf consistent with old inferior myocardial infarct ,1,['inferior_infarct']
 premature ventricular contraction ( s ) sinus rhythm non - specific intraventricular delay q wave and t wave inversion in ii iii avf consistent with old inferior myocardial infarct ,1,['inferior_infarct']
 sinus rhythm prolonged pr interval left axis deviation st segments are depressed and t wave inverted in i avl v6 this may be due to lv strain or ischaemia possible old inferior myocardial infarct ,1,['inferior_infarct']
 sinus rhythm left axis deviation left anterior fascicular block qs complex in v2 and tiny r wave in v3 consistent with old anteroseptal myocardial infarct ,1,['anteroseptal_infarct']
 sinus rhythm prolonged p - r interval old q wave anteroseptal infarct ,1,['anteroseptal_infarct']
 atrial fibrillation st segments are depressed in i ii v5 xxxx t wave are inverted in v4 xxxx and flat in limb leads tiny r wave in v2 xxxx consistent with ischaemic heart disease with anteroseptal myocardial infarct probably old and digitalis effec ,1,['anteroseptal_infarct']
 sinus rhythm compared with tracing of xxxx it is very similar old inferior myocardial infarct and non - specific t wave inversion in v3 - xxxx ,1,['inferior_infarct']
 sinus rhythm prolonged pr interval st segments are depressed in i ii avl v5 xxxx t wave are low or flat in these leads findings are likely to be due to ischaemic heart disease and digitalis effect possible old inferior myocardial infarct ,1,['inferior_infarct']
 premature atrial contraction ( s ) sinus bradycardia q wave in ii iii avf consistent with old inferior myocardial infarct the cause of the bradycardia is not evident ,1,['inferior_infarct']
 sinus rhythm premature ventricular contraction ( s ) q wave in ii iii avf old inferior infarct cannot be excluded ,1,['inferior_infarct']
 sinus rhythm q wave in ii iii avf v4 xxxx consistent with infero - lateral myocardial infarct of uncertain age ,1,['inferolateral_infarct']
 premature ventricular contraction ( s ) premature atrial contraction ( s ) sinus tachycardia qs complex in v2 suggesting old anteroseptal infarct st segments are depressed in i ii avl v4 xxxx t wave are inverted in i avl this may be due to lv strain ,1,['anteroseptal_infarct']
 sinus rhythm left atrial enlargement qs complex in v2 xxxx consistent with old anteroseptal myocardial infarct st segments are depressed in v5 xxxx this may be due to lv strain or ischaemia ,1,['anteroseptal_infarct']
 atrial fibrillation st segments are depressed and t wave inverted in i ii avl v6 this may be due to lv strain or ischaemia poor progression of r wave in anterior chest leads old anteroseptal myocardial infarct cannot be excluded ,1,['anteroseptal_infarct']
 sinus rhythm borderline left axis deviation voltages are high in limb leads suggesting lvh q wave in v2 old anteroseptal infarct cannot be excluded ,1,['anteroseptal_infarct']
 sinus rhythm prolonged pr interval incomplete left bundle branch block probable old anteroseptal myocardial infarct ,1,['anteroseptal_infarct']
 probable sinus rhythm with prolonged pr interval but p wave are very inconspicuous and junctional rhythm is not excluded left bundle branch block this is most commonly due to ischaemic heart disease in the presence of lbbb ischaemia or infarct ,1,['generic_infarct']
 atrial fibrillation left axis deviation old anteroseptal and inferior infarcts st segments are depressed and t wave inverted in i avl this may be due to lv strain or ischaemia ,1,['inferior_infarct']
 sinus rhythm voltages are high in chest leads suggesting lvh qs complex in v2 and small r wave in v3 old anteroseptal infarct cannot be excluded ,1,['anteroseptal_infarct']
 sinus rhythm compared with tracing of xxxx old inferior infarct t wave now inverted in v2 but are flattened in v3 - xxxx myocardial ischaemia is likely ,1,['inferior_infarct']
 sinus rhythm qs complex in v2 old anteroseptal infarct cannot be excluded non - specific t wave flattening in i and inversion in avl ,1,['anteroseptal_infarct']
 sinus rhythm voltages are high in limb leads suggesting lvh tiny r wave in v2 and qs complex in v3 suggesting old anteroseptal myocardial infarct ,1,['anteroseptal_infarct']
 atrial fibrillation with controlled ventricular response left axis deviation left anterior fascicular block non - specific intraventricular delay qs complex in v1 xxxx due to previous anteroseptal infarct or intraventricular conduction defect ,1,['anteroseptal_infarct']
 atrial fibrillation with rapid ventricular response tiny r wave in v2 xxxx suggesting old anteroseptal infarct st segments are depressed in ii iii avf v3 - xxxx t wave are inverted in ii iii avf v5 xxxx findings are likely to be due to ischaemic heart ,1,['anteroseptal_infarct']
 premature ventricular contraction ( s ) sinus rhythm prolonged pr interval right axis deviation low limb lead voltage qs complex in v2 xxxx consistent with anteroseptal infarct probably old ,1,['anteroseptal_infarct']
 sinus rhythm prolonged pr interval voltages in chest leads are at upper limit qs complex in v2 and tiny r wave in v3 consistent with old anteroseptal myocardial infarct st segments are depressed in i ii avl v5 xxxx t wave are inverted in i ,1,['anteroseptal_infarct']
 sinus rhythm st segments are depressed in i avl v4 xxxx t wave are inverted in i avl v4 xxxx findings are likely to be due to ischaemic heart disease they may represent lateral subendocardial infarct of uncertain age edit injal sokolow xxxx ( injal ) ,1,['lateral_infarct']
 sinus rhythm prolonged pr interval low limb lead voltage q wave in ii iii avf st segments are depressed in i ii v4 xxxx t wave are low or flat in v5 xxxx consistent with ischaemic heart disease with old inferior myocardial infarct ,1,['inferior_infarct']
 sinus rhythm pr interval prolonged old inferior infarct ,1,['inferior_infarct']
 sinus rhythm prolonged pr interval q wave in ii iii avf consistent with old inferior myocardial infarct compared with tracing of xxxx it is not significantly changed ,1,['inferior_infarct']
 sinus rhythm premature ventricular contractions bigeminy qs complex in v2 suggesting old anteroseptal myocardial infarct ,1,['anteroseptal_infarct']
 premature atrial contraction ( s ) sinus rhythm left axis deviation low limb lead voltage qs complex in v2 xxxx consistent with old anteroseptal myocardial infarct ,1,['anteroseptal_infarct']
 sinus rhythm prolonged pr interval qs complex in v2 consistent with old anteroseptal myocardial infarct st segments are depressed in v3 - xxxx t wave are low or flat in limb leads and v4 xxxx findings are likely to be due to ischaemic heart disea ,1,['anteroseptal_infarct']
 premature ventricular contraction ( s ) premature atrial contraction ( s ) sinus rhythm q wave in ii iii avf suggesting old inferior myocardial infarct ,1,['inferior_infarct']
 sinus rhythm left axis deviation left anterior fascicular block left ventricular hypertrophy st segments are depressed in i v5 xxxx q wave in v2 suggesting anteroseptal myocardial infarct of uncertain age in view of st segment elevation in v2 xxxx r ,1,['anteroseptal_infarct']
 sinus rhythm qs complex in v2 t wave are inverted in v2 xxxx and flat in i avl v5 xxxx consistent with ischaemic heart disease with antero - septal myocardial infarct probably old ,1,['anteroseptal_infarct']
 sinus rhythm prolonged pr interval q wave in ii iii avf st segments are depressed in i avl v4 xxxx t wave are low or flat in limb leads and v4 xxxx consistent with ischaemic heart disease with old inferior myocardial infarct ,1,['inferior_infarct']
 sinus rhythm incomplete right bundle branch block q wave in ii iii avf consistent with old inferior myocardial infarct ,3,['inferior_infarct']
 atrial fibrillation with rapid ventricular response left axis deviation incomplete left bundle branch block poor progression of r wave in anterior chest leads consistent with old anteroseptal myocardial infarct ,1,['anteroseptal_infarct']
 sinus rhythm prolonged pr interval left axis deviation q wave in ii iii avf v3 - xxxx st segments are elevated in these leads t wave are inverted in i avl v6 consistent with inferolateral and anterior myocardial infarct which may be recent ,1,['anterior_infarct']
 premature atrial contraction ( s ) sinus rhythm qs complex in v2 and tiny r wave in v3 consistent with old anteroseptal myocardial infarct ,1,['anteroseptal_infarct']
 sinus rhythm incomplete left bundle branch block qs complex in v2 and tiny r wave in v3 suggesting anteroseptal myocardial infarct st segments are depressed in v4 xxxx t wave are generally low findings are likely to be due to ischaemic heart ,1,['anteroseptal_infarct']
 sinus rhythm right axis deviation right bundle branch block q wave and t wave inversion in ii iii avf consistent with old inferior myocardial infarct ,1,['inferior_infarct']
 sinus rhythm poor anteroseptal r progression but no definite evidence of prior infarct in this region diffuse nonspecific st and t abnormality ischaemia is a possible cause but also consider electrolyte disturbance metabolic and other systemic causes ,1,['generic_infarct']
 sinus rhythm voltages are high in limb leads suggesting lvh q wave in v2 suggesting anteroseptal infarct of uncertain age st segments are depressed in i ii avl v4 xxxx t wave are low or flat in these leads non - specific but consistent with myocar ,1,['anteroseptal_infarct']
 atrial fibrillation non - specific intraventricular block qs complex in v2 - xxxx consistent with old anterior myocardial infarct st segments are depressed in iii avf t wave are inverted in ii iii avf v6 consistent with inferior myocardial ischaem ,1,['anterior_infarct']
 sinus rhythm prolonged pr interval left axis deviation left anterior fascicular block voltages are high in limb leads suggesting lvh qs complex in v2 and tiny r wave in v3 suggesting old anteroseptal myocardial infarct st segments are depresse ,1,['anteroseptal_infarct']
 sinus rhythm qs complex in v2 xxxx and q wave in v4 consistent with old anterior myocardial infarct q wave in i avl suggest possible old lateral infarct ,2,"['anterior_infarct', 'lateral_infarct']"
 sinus rhythm left atrial enlargement left ventricular hypertrophy st and t abnormality consider anterolateral ischemia or left ventricular strain possible old inferior infarct edit imi xxxx lvh xxxx isc_ sokolow xxxx ( imi xxxx lvh xxxx isc_ ) ,1,['inferior_infarct']
 sinus rhythm qs complex in v2 old anteroseptal infarct cannot be excluded ,2,['anteroseptal_infarct']
 sinus rhythm non - specific intraventricular block st segments are depressed in i ii avl v4 xxxx t wave are flat in i v4 xxxx and inverted in avl this may be due to lv strain or ischaemia possible old inferior myocardial infarct ,1,['inferior_infarct']
 sinus rhythm anterior st and t wave change consistent with ischaemia possible old inferior myocardial infarct ,1,['inferior_infarct']
 sinus rhythm left atrial enlargement left axis deviation q wave and t wave inversion in ii iii avf consistent with old inferior myocardial infarct non - specific t wave flattening in i avl v6 ,1,['inferior_infarct']
 sinus arrhythmia q wave in ii iii avf consistent with old inferior myocardial infarct ,1,['inferior_infarct']
 sinus rhythm premature ventricular contraction ( s ) bigeminy left axis deviation voltages are high in limb leads suggesting lvh poor progression of r wave in anterior chest leads suggesting old anterior myocardial infarct non - specific st and t wave ch ,1,['anterior_infarct']
 sinus rhythm left axis deviation left anterior fascicular block qs complex in v2 and tiny r wave in v3 suggesting old anteroseptal myocardial infarct ,3,['anteroseptal_infarct']
 sinus tachycardia possible old inferior myocardial infarct otherwise no definite pathology ,1,['inferior_infarct']
 sinus rhythm qs complex in v2 and tiny r wave in v3 suggesting old anteroseptal myocardial infarct ,3,['anteroseptal_infarct']
 sinus rhythm premature atrial contraction ( s ) incomplete right bundle branch block possible old inferior infarct non - specific t wave flattening in i avl v6 ,1,['inferior_infarct']
 sinus rhythm q wave in v2 and qs complex in v3 consistent with old anteroseptal myocardial infarct ,1,['anteroseptal_infarct']
 sinus rhythm prolonged pr interval left axis deviation qs complex in and st segment elevation in ii iii avf v2 - xxxx consistent with anterior and inferolateral myocardial infarcts which appear recent ,1,['inferolateral_infarct']
 sinus rhythm prolonged pr interval q wave in ii iii avf consistent with old inferior myocardial infarct minor non - specific t wave flattening in i avl ,1,['inferior_infarct']
 premature ventricular contraction ( s ) sinus tachycardia voltages are high in chest leads suggesting lvh qs complex in v2 and small r wave in v3 suggesting old anteroseptal myocardial infarct non - specific t wave inversion in i avl ,1,['anteroseptal_infarct']
 sinus rhythm left axis deviation left anterior fascicular block tiny r wave in v2 xxxx suggesting old anteroseptal infarct st segments are depressed in i avl v4 xxxx this may be due to lv strain or ischaemia ,1,['anteroseptal_infarct']
 sinus rhythm left axis deviation left anterior fascicular block q wave in v2 old anteroseptal myocardial infarct cannot be excluded leads v4 xxxx show gross artifact ,1,['anteroseptal_infarct']
 sinus tachycardia premature atrial contraction ( s ) st segments are depressed in v4 xxxx t wave are flat or slightly inverted in limb leads and v4 xxxx q wave in ii iii avf consistent with ischaemic heart disease with old inferior myocardial infarcti ,1,['inferior_infarct']
 sinus tachycardia st segments are depressed in i ii avl v5 xxxx t wave are inverted in i ii avl v4 xxxx findings are likely to be due to ischaemic heart disease small r wave in v3 suggests possible old anteroseptal infarct ,1,['anteroseptal_infarct']
 atrial fibrillation qs complex in v2 - xxxx q wave in v6 t wave are inverted in i avl v2 - xxxx consistent with anterior and lateral myocardial infarct probably old ,1,['lateral_infarct']
 premature ventricular contraction ( s ) sinus rhythm prolonged pr interval left axis deviation q wave in v2 consistent with old anteroseptal myocardial infarct st segments are depressed and t wave inverted in i avl v4 xxxx this may be due t ,1,['anteroseptal_infarct']
 sinus tachycardia left axis deviation st segments are elevated and t wave inverted in v1 xxxx consistent with anteroseptal myocardial infarct which appears recent ,1,['anteroseptal_infarct']
 sinus rhythm non - specific intraventricular block q wave in v1 - xxxx consistent with old anterior myocardial infarct ,1,['anterior_infarct']
 sinus rhythm voltages are high in limb leads suggesting lvh left axis deviation left anterior fascicular block qs complex in v2 and tiny r wave in v3 suggesting old anteroseptal myocardial infarct non - specific st segment depression in avl ,1,['anteroseptal_infarct']
 sinus rhythm prolonged pr interval non - specific intraventricular block possible old anteroseptal myocardial infarct ,1,['anteroseptal_infarct']
 sinus rhythm qs complex in v2 and q wave in v3 consistent with old anteroseptal myocardial infarct q wave in ii iii avf consistent with old inferior myocardial infarct ,2,"['inferior_infarct', 'anteroseptal_infarct']"
 sinus rhythm r - s transition zone in v leads displaced to the right t wave are inverted in i ii avl v2 - xxxx findings are likely to be due to ischaemic heart disease they may represent subendocardial infarct of uncertain age edit injas injal sokolow xxxx ( injas injal ) ,1,['generic_infarct']
 atrial fibrillation borderline left axis deviation q wave in v2 xxxx consistent with old anterior myocardial infarct possible old inferior myocardial infarct st segments are depressed in i avl v6 t wave are flat in i and inverted in avl v ,2,"['anterior_infarct', 'inferior_infarct']"
 sinus rhythm st segments are slightly depressed in i avl v4 xxxx t wave are flat in these leads this may be due to lv strain or ischaemia q wave in v2 old anteroseptal infarct cannot be excluded ,1,['anteroseptal_infarct']
 atrial fibrillation premature ventricular contraction ( s ) qs complex in v2 and tiny r wave in v3 suggesting old anteroseptal infarct non - specific st and t wave change in i ii v6 ,1,['anteroseptal_infarct']
 premature atrial contraction ( s ) sinus arrhythmia left atrial enlargement prolonged pr interval abnormal left axis deviation left anterior fascicular block incomplete right bundle branch block old anteroseptal infarct probable old inferior infarct ,2,"['inferior_infarct', 'anteroseptal_infarct']"
 atrial fibrillation with rapid ventricular response probable old anteroseptal and inferior myocardial infarcts ,1,['inferior_infarct']
 sinus rhythm borderline left ventricular hypertrophy anterolateral st and t wave change which suggest myocardial ischaemia or non q wave infarct edit injas xxxx lvh xxxx isc sokolow xxxx ( injan injas lvh xxxx ) ,1,['generic_infarct']
 sinus rhythm acute inferolateral infarct with true posterior involvement ,1,['inferolateral_infarct']
 sinus rhythm left atrial enlargement left axis deviation extensive anterior infarct probably old non - specific t wave flattening in inferior leads ,1,['anterior_infarct']
 sinus rhythm left atrial enlargement left axis deviation extensive anterior infarct probably old t wave flattening in inferior leads compared with tracing of xxxx it is very similar slight differences in chest leads may be positional ,1,['anterior_infarct']
 atrial fibrillation q wave in ii iii avf consistent with old inferior myocardial infarct st segments are depressed in i v2 - xxxx t wave are low or flat in limb leads and v4 xxxx findings are likely to be due to ischaemic heart disease and digit ,1,['inferior_infarct']
 sinus tachycardia low limb lead voltage small r wave in v2 xxxx old anteroseptal infarct cannot be excluded t wave are flat or slightly inverted in limb leads an non - specific but consistent with myocardial ischaemia there is much artifact which could ,1,['anteroseptal_infarct']
 sinus rhythm left axis deviation left anterior fascicular block q wave in v2 suggesting old anteroseptal infarct non - specific st segment elevation in ii iii avf of uncertain significance ,1,['anteroseptal_infarct']
 sinus bradycardia q wave in ii iii avf consistent with old inferior myocardial infarct the cause of the bradycardia is not evident ,1,['inferior_infarct']
 sinus rhythm right bundle branch block possible old inferior infarct ,4,['inferior_infarct']
 sinus rhythm low limb lead voltage tiny r wave in v2 xxxx old anteroseptal infarct cannot be excluded minor non - specific st segment depression in v5 xxxx edit asmi xxxx ( asmi xxxx ) ,1,['anteroseptal_infarct']
 premature ventricular contraction ( s ) atrial fibrillation left axis deviation right bundle branch block probable old inferior infarct ,1,['inferior_infarct']
 sinus rhythm st segments are elevated in v2 xxxx t wave are inverted in i avl v2 - xxxx tiny r wave in v2 qs complex in v3 xxxx consistent with anterior myocardial infarct of uncertain age ,1,['anterior_infarct']
 premature ventricular contraction ( s ) sinus tachycardia left axis deviation old anterior myocardial infarct possible old inferior myocardial infarct ,2,"['anterior_infarct', 'inferior_infarct']"
 sinus rhythm tiny r wave in v2 xxxx suggesting old anterior infarct otherwise normal ecg ,1,['anterior_infarct']
 sinus rhythm q wave in ii iii avf consistent with old inferior myocardial infarct st segments are depressed and t wave flat in v5 xxxx non - specific but consistent with myocardial ischaemia ,1,['inferior_infarct']
 sinus rhythm left axis deviation left anterior fascicular block small r wave in v3 old anteroseptal infarct cannot be excluded ,1,['anteroseptal_infarct']
 sinus tachycardia qs complex in v2 and small r wave in v3 suggesting old anteroseptal myocardial infarct st segments are depressed in i v3 - xxxx this may be due to myocardial ischaemia aggravated by tachycardia ,1,['anteroseptal_infarct']
 atrial fibrillation with rapid ventricular response low limb lead voltage non - specific intraventricular delay old anterior and inferolateral infarcts ,1,['inferolateral_infarct']
 sinus rhythm left axis deviation qs complex in v2 xxxx st segments are elevated in v2 - xxxx consistent with anterior myocardial infarct possibly recent q wave in ii iii avf consistent with old inferior myocardial infarct ,2,"['anterior_infarct', 'inferior_infarct']"
 sinus tachycardia left atrial enlargement borderline left axis with clockwise rotation indicates probable left anterior fascicular block small q wave in i avl and v2 possible old high lateral infarct ,1,['lateral_infarct']
 sinus rhythm voltages are high in limb leads suggesting lvh possible old inferior infarct ,1,['inferior_infarct']
 sinus rhythm qs complex in v2 xxxx suggesting old anteroseptal myocardial infarct there is no definite ecg evidence to suggest pericarditis ,1,['anteroseptal_infarct']
 sinus rhythm q wave in ii iii avf consistent with old inferior myocardial infarct q wave in v2 old anteroseptal infarct cannot be excluded ,2,"['inferior_infarct', 'anteroseptal_infarct']"
 sinus rhythm left axis deviation left anterior fascicular block tiny r wave in v2 xxxx suggesting old anteroseptal infarct ,1,['anteroseptal_infarct']
 sinus rhythm q wave in v2 old anteroseptal infarct cannot be excluded otherwise no definite pathology ,1,['anteroseptal_infarct']
 sinus rhythm qrs ( t ) contour abnormality consistent with anteroseptal infarct age undetermined ,1,['anteroseptal_infarct']
 sinus rhythm evolving inferior infarct with apical envolvement ,1,['inferior_infarct']
 sinus rhythm possible old antero - septal infarct prolonged qt interval exclude electrolyte disturbance ,1,['anteroseptal_infarct']
 sinus rhythm pr interval slightly prolonged possible old inferior infarct non - specific st and t change in infero - lateral leads ,1,['inferior_infarct']
 sinus rhythm antero - septal q wave infarct which is probabl old infero - lateral t wave inversion consistent with ischaemia ,1,['generic_infarct']
 sinus rhythm q wave tiny r wave and st segment elevation in v2 xxxx t wave are inverted in i avl v3 - xxxx appearances are consistent with anterior myocardial infarct which may be recent suggest urgent cardiological review ,1,['anterior_infarct']
 sinus rhythm compared with tracing of earlier today t wave are a little lower in lateral chest leads this is of doubtful significance old inferior myocardial infarct ,1,['inferior_infarct']
 sinus rhythm possible left atrial enlargement q wave in ii iii avf t wave are low or flat in these leads and v5 xxxx consistent with old inferior myocardial infarct ,1,['inferior_infarct']
 sinus rhythm qs complex in v2 xxxx consistent with old anteroseptal myocardial infarct ,2,['anteroseptal_infarct']
 sinus rhythm borderline left axis deviation right bundle branch block q wave in v2 a small old anteroseptal infarct cannot be excluded voltages are high in limb leads suggesting lvh ,1,['anteroseptal_infarct']
 sinus rhythm left axis deviation qs complex in v2 and tiny r wave in v3 suggesting old anteroseptal infarct ,1,['anteroseptal_infarct']
 sinus rhythm low limb lead voltage non - specific intraventricular delay q wave in ii iii avf consistent with old inferior myocardial infarct ,1,['inferior_infarct']
 sinus rhythm st segments are depressed in iii v2 xxxx this is of uncertain significance there is slight st segment elevation in i avl v6 and the possibility of recent ischaemia or early infarct cannot be excluded suggest enzyme studies and repeat ,1,['generic_infarct']
 atrial fibrillation with rapid ventricular response low limb lead voltage q wave in ii iii avf consistent with old inferior myocardial infarct ,1,['inferior_infarct']
 sinus rhythm t wave are inverted in ii iii avf v2 - xxxx t wave are low or flat in i avl findings are likely to be due to ischaemic heart disease subendocardial infarct of uncertain age is a possibility prolonged qt this may be due to a drug ef ,1,['generic_infarct']
 sinus rhythm tiny r wave in v2 xxxx old anteroseptal myocardial infarct cannot be excluded ,1,['anteroseptal_infarct']
 sinus rhythm left axis deviation right bundle branch block minor non - specific st segment depression in lateral leads q wave in v2 suggest possible old anteroseptal infarct ,1,['anteroseptal_infarct']
 sinus rhythm borderline left axis deviation low limb lead voltage q wave in ii iii avf consistent with old inferior myocardial infarct ,1,['inferior_infarct']
 premature ventricular contraction ( s ) sinus rhythm left axis deviation left anterior fascicular block right bundle branch block bifascicular block q wave in v2 xxxx consistent with old anterior infarct ,1,['anterior_infarct']
 premature ventricular contraction ( s ) sinus rhythm compared with tracing of xxxx it is not significantly changed bifascicular block and evidence of old anterior infarct persist ,1,['anterior_infarct']
 premature atrial contractions sinus rhythm small inferior q wave noted - no definite evidence for previous infarct ,1,['generic_infarct']
 atrial fibrillation left ventricular hypertrophy qs complex in v2 old anteroseptal infarct cannot be excluded st segments are depressed and t wave inverted in i ii avl v4 xxxx this may be due to lv strain or ischaemia ,1,['anteroseptal_infarct']
 atrial fibrillation with rapid ventricular response left axis deviation non - specific intraventricular delay left ventricular hypertrophy qs complex in v2 xxxx consistent with old anteroseptal myocardial infarct non - specific st and t wave change in la ,1,['anteroseptal_infarct']
 sinus rhythm q wave in ii iii avf are probably normal old inferior infarct cannot be entirely excluded ,1,['inferior_infarct']
 sinus rhythm q wave in ii iii avf t wave are low or flat in ii v5 xxxx and inverted in iii avf consistent with ischaemic heart disease with old inferior myocardial infarct ,1,['inferior_infarct']
 sinus rhythm prolonged pr interval qs complex in v2 xxxx consistent with anteroseptal myocardial infarct probably old q wave in ii iii avf v4 xxxx st segments are depressed in v5 xxxx consistent with old inferolateral myocardial infarct ,2,"['anteroseptal_infarct', 'inferolateral_infarct']"
 sinus rhythm st segments are depressed in i ii v2 - xxxx t wave are low or flat in these leads non - specific but consistent with myocardial ischaemia and digitalis effect possible old inferior myocardial infarct ,1,['inferior_infarct']
 sinus rhythm premature ventricular contraction ( s ) prolonged pr interval q wave in ii iii avf st segments are depressed in i avl v2 - xxxx t wave are low or flat throughput consistent with ischaemic heart disease with old inferior myocardial infarct ,1,['inferior_infarct']
 sinus rhythm left axis deviation q wave in ii iii avf consistent with old inferior myocardial infarct st segments are depressed in i avl this may be due to lv strain or ischaemia ,1,['inferior_infarct']
 sinus tachycardia r - s transition zone in v leads displaced to the left small r wave in v4 xxxx an old lateral infarct cannot be excluded the unusual progression of r wave in chest leads has been confirmed by repeat tracing ,1,['lateral_infarct']
 sinus rhythm possible left atrial enlargement q wave in ii iii avf consistent with old inferior myocardial infarct qs complex in v2 old anteroseptal infarct cannot be excluded ,2,"['inferior_infarct', 'anteroseptal_infarct']"
 sinus rhythm prolonged pr interval low limb lead voltage tiny r wave in v2 xxxx old anteroseptal infarct cannot be excluded ,1,['anteroseptal_infarct']
 sinus bradycardia the bradycardia may be due to beta - blocker therapy q wave in ii iii avf consistent with old inferior myocardial infarct ,1,['inferior_infarct']
 sinus rhythm left atrial enlargement otherwise no definite pathology edit lao alter acute myocardial infarct nicht auszuschließen ( asmi xxxx lao ) ,1,['generic_infarct']
 sinus rhythm prolonged pr interval non - specific intraventricular delay q wave in ii iii avf t wave are inverted in ii iii avf v4 xxxx and flat in i avl consistent with ischaemic heart disease with old inferior myocardial infarct ,1,['inferior_infarct']
 premature atrial contraction ( s ) sinus rhythm t wave are inverted in ii iii avf v2 - xxxx st segments are depressed in i avl findings are likely to be due to ischaemic heart disease subendocardial infarct of uncertain age cannot be excluded ,1,['generic_infarct']
 premature ventricular contraction ( s ) sinus rhythm left axis deviation q wave in ii iii avf consistent with old inferior myocardial infarct q wave and tiny r wave in v3 - xxxx suggesting old antero - lateral infarct ,2,"['inferior_infarct', 'anterolateral_infarct']"
 sinus rhythm qs complex in v2 and tiny r wave in v3 t wave are slightly inverted in i ii iii avf v2 - xxxx consistent with ischaemic heart disease with probable old anteroseptal myocardial infarct ,1,['anteroseptal_infarct']
 sinus rhythm voltages are high in limb leads suggesting lvh probable old inferior infarct non - specific t wave flattening in v5 xxxx ,1,['inferior_infarct']
 sinus tachycardia qs complex and st segment elevation in v2 xxxx consistent with anteroseptal myocardial infarct of uncertain age st segments are depressed in i ii avl t wave are inverted in i avl and low or flat in v4 xxxx findings are likel ,1,['anteroseptal_infarct']
 premature ventricular contraction ( s ) sinus rhythm tiny r wave and st segment elevation in v2 xxxx suggesting anteroseptal myocardial infarct of uncertain age st segments are depressed in i avl t wave are inverted in i ii avl v4 xxxx findings are ,1,['anteroseptal_infarct']
 sinus rhythm premature atrial contractions with aberrant conduction tiny r wave in v2 xxxx suggesting anteroseptal infarct probably old t wave are inverted in i avl v4 xxxx findings are likely to be due to ischaemic heart disease they may represen ,1,['anteroseptal_infarct']
 sinus bradycardia q wave in ii iii avf t wave are low or flat in limb leads and v4 xxxx consistent with ischaemic heart disease with old inferior myocardial infarct ,1,['inferior_infarct']
 sinus rhythm incomplete right bundle branch block q wave in ii iii avf st segments are depressed in i avl t wave are low or flat in limb leads and v4 xxxx consistent with ischaemic heart disease with old inferior myocardial infarct ,1,['inferior_infarct']
 sinus rhythm compared with tracing of xxxx t wave now appear normal old inferior myocardial infarct as before ,1,['inferior_infarct']
 premature ventricular contraction ( s ) sinus rhythm non - specific intraventricular delay q wave in ii iii avf consistent with old inferior myocardial infarct non - specific st and t wave change in lateral leads ,1,['inferior_infarct']
 sinus rhythm low limb lead voltage qs complex in v2 and small r wave in v3 suggesting old anteroseptal myocardial infarct st segments are depressed and t wave inverted in i ii avl v5 xxxx this may be due to lv strain or ischaemia ,1,['anteroseptal_infarct']
 sinus rhythm old inferior infarct minor t wave flattening qt prolongation this may be due to a drug effect or an electrolyte disturbance ,1,['inferior_infarct']
 sinus rhythm right atrial enlargement old inferior infarct cannot be excluded otherwise normal ecg ,1,['inferior_infarct']
 sinus rhythm qs complex in v2 and tiny r wave in v3 consistent with old anteroseptal myocardial infarct st segments are depressed in v5 xxxx t wave are low or flat in i v5 xxxx this may be due to lv strain or ischaemia ,1,['anteroseptal_infarct']
 premature atrial contraction ( s ) sinus rhythm voltages are high in limb leads suggesting lvh qs complex in v2 xxxx consistent with old anteroseptal myocardial infarct st segments are depressed in i ii avl v4 xxxx t wave are low in these leads ,1,['anteroseptal_infarct']
 sinus rhythm low voltage q wave and st segment elevation in v2 xxxx consistent with anteroseptal myocardial infarct of uncertain age if the infarct is old a ventricular aneurysm may be present ,1,['anteroseptal_infarct']
 sinus rhythm prolonged pr interval voltages are high in limb leads suggesting lvh left axis deviation left anterior fascicular block qs complex in v2 xxxx consistent with old anteroseptal infarct st segments are depressed in i avl v6 t wave ar ,1,['anteroseptal_infarct']
 sinus tachycardia tiny r wave in v2 xxxx old anteroseptal infarct cannot be excluded otherwise normal ecg ,1,['anteroseptal_infarct']
 sinus rhythm st segments are depressed in ii iii avf t wave are flat or slightly inverted in these leads inferior myocardial ischaemia is likely q wave in ii iii avf are narrow and probably normal but old inferior infarct cannot be entirely exc ,1,['inferior_infarct']
 sinus rhythm low limb lead voltage anteroseptal infarct probably old ,1,['anteroseptal_infarct']
 sinus rhythm low limb lead voltage q wave in ii iii avf consistent with old inferior myocardial infarct ,3,['inferior_infarct']
 sinus rhythm old inferior infarct compared with tracing of xxxx t wave now slightly inverted in v4 xxxx findings are likely to be due to ischaemic heart disease ,1,['inferior_infarct']
 sinus rhythm left ventricular hypertrophy st segments are depressed in i ii avl v3 - xxxx t wave are inverted in these leads this may be due to lv strain or ischaemia subendocardial infarct of uncertain age cannot be excluded ,1,['generic_infarct']
 sinus rhythm qs complex in v2 and tiny r wave in v3 suggesting old anteroseptal myocardial infarct non - specific t wave flattening in i avl v4 xxxx ,1,['anteroseptal_infarct']
 rhythm is atrial tachycardia with xxxx av block this is difficult to discern except in lead v1 left axis deviation qs complex in v2 xxxx consistent with old anterior myocardial infarct non - specific st and t wave change ,1,['anterior_infarct']
 premature ventricular contraction ( s ) sinus rhythm left axis deviation left anterior fascicular block qs complex in v2 xxxx consistent with old anteroseptal myocardial infarct ,1,['anteroseptal_infarct']
 sinus rhythm prolonged pr interval q wave in ii iii avf consistent with old inferior myocardial infarct st segments are depressed and t wave low in v5 xxxx non - specific but consistent with myocardial ischaemia ,1,['inferior_infarct']
 sinus rhythm t wave show terminal inversion in v3 xxxx this is likely to be due to myocardial ischaemia and early infarct is possible suggest enzyme studies and repeat tracing edit injas xxxx diskrete veränderungen ( injas xxxx ) ,1,['generic_infarct']
 sinus rhythm borderline left axis deviation right bundle branch block possible old inferior myocardial infarct ,1,['inferior_infarct']
 sinus tachycardia qs complex in v2 suggesting old anteroseptal infarct otherwise no definite pathology ,1,['anteroseptal_infarct']
 atrial fibrillation left axis deviation qs complex in v2 xxxx consistent with old anterior myocardial infarct q wave in ii iii avf consistent with old inferior myocardial infarct st segments are depressed in i avl v5 xxxx t wave are i ,2,"['anterior_infarct', 'inferior_infarct']"
 sinus tachycardia premature ventricular contraction ( s ) left atrial enlargement left axis deviation right bundle branch block old inferior infarct ,1,['inferior_infarct']
 sinus rhythm qs complex in v2 xxxx consistent with old anteroseptal myocardial infarct st segments are depressed in i avl v6 t wave are flat in i v6 and inverted in avl this may be due to lv strain or ischaemia ,1,['anteroseptal_infarct']
 sinus rhythm left axis deviation non - specific intraventricular block qs complex in v2 xxxx consistent with anterior myocardial infarct probably old ,1,['anterior_infarct']
 sinus rhythm st segments are depressed in i avl t wave are inverted in i avl and flat in ii v4 xxxx rather prominent q wave in i ii avl consistent with lateral myocardial ischaemia or old infarct ,1,['generic_infarct']
 sinus rhythm qs complex in v2 xxxx consistent with anterior myocardial infarct of uncertain age st segments are depressed in i ii v5 xxxx t wave are low in these leads this may be due to lv strain or ischaemia ,1,['anterior_infarct']
 sinus rhythm q wave in v1 - v4 indicate old anteroseptal infarct small q wave in ii iii and avf suggests the damage extends to the inferior or that there has been separate inferior infarct ,2,"['inferior_infarct', 'anteroseptal_infarct']"
 sinus rhythm st and t abnormality in anterolateral leads including slight st elevation in v5 and xxxx possible causes include acute ischaemia progress trace advised to exclude acute antero - lateral infarct ,1,['lateral_infarct']
 sinus rhythm old infero - posterior infarct ,1,['inferoposterior_infarct']
 sinus rhythm intravenricular conduction delay of left bundle branch block type left atrial abnormality cannot rule out antero - septal infarct ,1,['anteroseptal_infarct']
 sinus rhythm borderline first degree av block pr interval of xxxx seconds possible old inferior infarct minor terminal intraventricular conduction delay no ecg evidence of recent ischaemia ,1,['inferior_infarct']
 sinus rhythm old infero - posterior infarct anterior t abnormality ischaemia is a likely cause ,1,['inferoposterior_infarct']
 atrial flutter with xxxx av block probable old inferior myocardial infarct probable old anteroseptal myocardial infarct mild non - specific intraventricular delay ,2,"['inferior_infarct', 'anteroseptal_infarct']"
 premature atrial contraction ( s ) sinus rhythm non - specific t wave flattening in i avl q wave in v2 st segments are elevated in v2 xxxx anteroseptal myocardial infarct of uncertain age cannot be excluded ,1,['anteroseptal_infarct']
 premature ventricular contraction ( s ) premature atrial contraction ( s ) sinus rhythm left axis deviation incomplete right bundle branch block qs complex in v2 xxxx q wave in v4 consistent with old anterior myocardial infarct ,1,['anterior_infarct']
 premature atrial contraction ( s ) sinus rhythm qs complex in v2 xxxx consistent with old anteroseptal myocardial infarct ,1,['anteroseptal_infarct']
 premature atrial contraction ( s ) sinus rhythm q wave in v2 suggesting old anteroseptal myocardial infarct ,1,['anteroseptal_infarct']
 sinus rhythm left axis deviation voltages are high in limb leads suggesting lvh non - specific t wave flattening in i avl v6 poor progression of r wave in anterior chest leads old anteroseptal myocardial infarct cannot be excluded ,1,['anteroseptal_infarct']
 sinus rhythm left axis deviation left anterior fascicular block left ventricular hypertrophy st segments are depressed and t wave inverted in i avl v4 xxxx this may be due to lv strain or ischaemia q wave in v2 old anteroseptal infarct cannot ,1,['anteroseptal_infarct']
 sinus rhythm left axis deviation non - specific intraventricular delay voltages are high in chest leads suggesting lvh q wave small r wave and st segment elevation in v2 xxxx suggesting anteroseptal myocardial infarct of uncertain age possibly recen edit asmi xxxx lvh xxxx isc_ sokolow xxxx ( asmi xxxx lvh xxxx isc_ lafb ) ,1,['anteroseptal_infarct']
 premature atrial contraction ( s ) left axis deviation non - specific intraventricular block left ventricular hypertrophy qs complex in v2 xxxx consistent with anteroseptal myocardial infarct of uncertain age st segments are depressed and t wave inver ,1,['anteroseptal_infarct']
 premature atrial contractions bigeminy sinus rhythm q wave in ii iii avf suggesting old inferior myocardial infarct st segments are depressed in i ii avf v5 xxxx t wave are inverted in i avl and flat in v5 xxxx non - specific but consistent with ,1,['inferior_infarct']
 premature atrial contraction ( s ) sinus rhythm left axis deviation left anterior fascicular block left ventricular hypertrophy q wave in v2 xxxx consistent with old anteroseptal myocardial infarct st segments are depressed and t wave inverted in i ,1,['anteroseptal_infarct']
 atrial fibrillation left axis deviation left anterior fascicular block qs complex in v2 - xxxx consistent with old anterolateral infarct ,1,['anterolateral_infarct']
 sinus rhythm q wave in ii iii avf are probably normal old inferior infarct cannot be entirely excluded minor non - specific st segment depression in v5 xxxx ,1,['inferior_infarct']
 sinus rhythm widespread small q wave in anterolateral and inferior leads these probably reflect ventricular septal activation and not previous infarct otherwise normal ecg ,1,['generic_infarct']
 sinus rhythm q wave in xxxx 3and avf consistent with inferior infarct of undetermined age non - specific st and t wave change ,1,['inferior_infarct']
 sinus rhythm prolonged pr interval q wave in ii iii avf t wave are flat in i avl v5 xxxx and inverted in ii iii avf consistent with ischaemic heart disease with old inferior myocardial infarct ,1,['inferior_infarct']
 sinus rhythm left axis deviation left anterior fascicular block right bundle branch block bifascicular block st elevation v2 - xxxx cant exclude recent damage progress trace advised to rule out recent infarct ,1,['generic_infarct']
 sinus rhythm qs complex in v2 xxxx consistent with old anteroseptal myocardial infarct st segments are depressed in i avl v5 xxxx this may be due to lv strain or ischaemia ,1,['anteroseptal_infarct']
 sinus rhythm left axis deviation left anterior fascicular block old anteroseptal myocardial infarct possible old inferior myocardial infarct non - specific st and t wave change in i avl tracing is similar to that of xxxx ,2,"['inferior_infarct', 'anteroseptal_infarct']"
 sinus rhythm left axis deviation left anterior fascicular block qs complex in v2 and tiny r wave in v3 this is probably normal but old anteroseptal infarct cannot be entirely excluded ,1,['anteroseptal_infarct']
 sinus rhythm left axis deviation left anterior fascicular block qs complex in v2 xxxx consistent with old anteroseptal myocardial infarct t wave are flat in limb leads and v6 this may be due to lv strain or ischaemia ,1,['anteroseptal_infarct']
 premature ventricular contraction ( s ) sinus rhythm tiny r wave in v2 xxxx suggesting old anteroseptal infarct ,1,['anteroseptal_infarct']
 atrial fibrillation left axis deviation non - specific intraventricular block qs complex in v3 xxxx t wave are inverted in i avl consistent with lateral myocardial infarct probably old ,1,['lateral_infarct']
 sinus rhythm st segments are depressed in i avl v4 xxxx st segments are elevated in v2 xxxx t wave are inverted in i avl v2 - xxxx qs complex in v2 and tiny r wave in v3 consistent with ischaemic heart disease with anteroseptal myocardial infarct of ,1,['anteroseptal_infarct']
 sinus rhythm voltages are high in limb leads suggesting lvh q wave in ii iii avf consistent with old inferior myocardial infarct ,2,['inferior_infarct']
 atrial fibrillation with rapid ventricular response qs complex in v2 and tiny r wave in v3 consistent with old anteroseptal myocardial infarct st segments are depressed in i ii avl v4 xxxx t wave are low or flat in these leads this may be ,1,['anteroseptal_infarct']
 sinus rhythm voltages are high in limb leads suggesting lvh old inferior myocardial infarct cannot be excluded ,1,['inferior_infarct']
 sinus rhythm possible old inferior infarct minor non - specific t wave flattening in i and inversion in avl ,1,['inferior_infarct']
 sinus tachycardia left atrial enlargement qs complex in v2 and tiny r wave in v3 t wave are inverted in i ii v3 - xxxx consistent with ischaemic heart disease with antero - septal myocardial infarct probably old ,1,['anteroseptal_infarct']
 atrial fibrillation left axis deviation voltages are high in limb leads suggesting lvh q wave in v2 qs complex in v3 consistent with old anteroseptal myocardial infarct st segments are depressed in i avl v5 xxxx t wave are inverted in i av ,1,['anteroseptal_infarct']
 sinus rhythm qs complex in v2 suggesting old anteroseptal myocardial infarct edit asmi xxxx alter infarkt wahrscheinlich ( asmi xxxx ) ,1,['anteroseptal_infarct']
 premature ventricular contraction ( s ) sinus rhythm prolonged pr interval q wave in v2 suggesting old anteroseptal infarct possible old inferior myocardial infarct ,2,"['inferior_infarct', 'anteroseptal_infarct']"
 sinus rhythm compared with tracing of xxxx it is very similar but t wave now upright in v3 the slightly changed pattern suggests a recent ischaemic episode with or without actual infarct edit injas ( injas ) ,1,['generic_infarct']
 sinus rhythm q wave in ii iii avf old inferior infarct cannot be excluded edit imi xxxx ( imi xxxx ) ,1,['inferior_infarct']
 sinus rhythm q wave in ii iii avf old inferior infarct cannot be excluded q wave in v2 xxxx st segments are elevated and t wave inverted in v2 - xxxx consistent with anterior myocardial infarct which appears recent ,2,"['anterior_infarct', 'inferior_infarct']"
 sinus rhythm qs complex in v2 suggesting old anteroseptal myocardial infarct ,1,['anteroseptal_infarct']
 trace only requested edit clbbb tor myocardial infarct isc bbb ,1,['generic_infarct']
 sinus rhythm probable old inferior myocardial infarct qs complex in v2 xxxx st segments are elevated in v2 xxxx t wave are inverted in i avl v2 - xxxx consistent with ischaemic heart disease with anterior myocardial infarct of uncertain age possib ,2,"['anterior_infarct', 'inferior_infarct']"
 premature ventricular contraction ( s ) atrial fibrillation qs complex in v2 xxxx consistent with old anteroseptal myocardial infarct st segments are depressed and t wave inverted in i ii avl v4 xxxx this may be due to lv strain or ischaemia ,1,['anteroseptal_infarct']
 sinus rhythm compared with tracing of xxxx st segment elevation in v2 xxxx is less marked t wave inversion is generally less pronounced the changing pattern suggests a recent ischaemic episode with possible anterior infarct ,1,['anterior_infarct']
 sinus rhythm left ventricular hypertrophy st segments are depressed in i ii avl v5 xxxx t wave are inverted in i avl v5 xxxx and flat in ii v4 this may be due to lv strain or ischaemia q wave and tiny r wave in v2 an old anteroseptal infarct cannot ,1,['anteroseptal_infarct']
 premature atrial contraction ( s ) sinus tachycardia left axis deviation left anterior fascicular block compared with tracing of xxxx st segment elevation in i avl v2 xxxx is more marked consistent with recent anterior myocardial infarct ,1,['anterior_infarct']
 sinus rhythm st segments are depressed in v2 xxxx t wave are inverted in ii iii avf v2 - xxxx findings are likely to be due to ischaemic heart disease they may represent subendocardial infarct of uncertain age ,1,['generic_infarct']
 rhythm is basically sinus with prolonged pr interval ( xxxx sec ) there are atrial premature complex and a pause apparently due to a blocked atrial premature complex q wave in ii iii avf consistent with old inferior myocardial infarct st segments a ,1,['inferior_infarct']
 premature ventricular contraction ( s ) premature atrial contraction ( s ) sinus rhythm left axis deviation incomplete right bundle branch block q wave in v3 xxxx consistent with old anterior myocardial infarct possible old inferior myocardial infarcti ,2,"['anterior_infarct', 'inferior_infarct']"
 sinus rhythm qs complex in v2 xxxx st segments are elevated in v2 xxxx t wave are inverted in i avl v4 xxxx consistent with ischaemic heart disease with anterior myocardial infarct probably old persistent st segment elevation may indicate a ven ,1,['anterior_infarct']
 sinus rhythm qs complex in v2 xxxx q wave in i avl v5 xxxx st segments are elevated in v2 - xxxx consistent with anterior and lateral myocardial infarct probably old persistent st segment elevation may indicate a ventricular aneurysm ,1,['lateral_infarct']
 atrial fibrillation premature ventricular contraction ( s ) left axis deviation left anterior fascicular block poor progression of r wave in anterior chest leads suggesting old anteroseptal infarct ,1,['anteroseptal_infarct']
 premature atrial contraction ( s ) sinus tachycardia q wave in ii iii avf v4 xxxx st segments are elevated in these leads st segments are depressed in i avl consistent with inferolateral myocardial infarct which appears recent ,1,['inferolateral_infarct']
 sinus rhythm q wave in ii iii avf suggesting old inferior myocardial infarct st segments are depressed in i avl v3 xxxx t wave are inverted in v2 xxxx findings are likely to be due to ischaemic heart disease the age of the change is unc ,1,['inferior_infarct']
 sinus rhythm probable old anteroseptal infarct ,1,['anteroseptal_infarct']
 sinus rhythm qs complex in v2 xxxx consistent with old anteroseptal myocardial infarct st segments are depressed in ii v5 xxxx t wave are flat or slightly inverted in limb leads and v4 xxxx this may be due to lv strain or ischaemia ,1,['anteroseptal_infarct']
 sinus rhythm left axis deviation left anterior fascicular block qs complex in v2 xxxx st segments are elevated in v2 xxxx t wave are inverted in ii iii avf v4 xxxx consistent with ischaemic heart disease with anterior myocardial infarct probabl ,1,['anterior_infarct']
 sinus rhythm prolonged pr interval left axis deviation left anterior fascicular block non - specific intraventricular block q wave in v2 xxxx consistent with old anterior myocardial infarct patient may be at increased risk of developing complete ,1,['anterior_infarct']
 premature atrial contraction ( s ) sinus rhythm left axis deviation non - specific intraventricular block left ventricular hypertrophy anteroseptal infarct of uncertain age recent infarct cannot be excluded ,1,['anteroseptal_infarct']
 sinus rhythm q wave in ii iii avf consistent with old inferior myocardial infarct non - specific t wave flattening in i ii v6 ,1,['inferior_infarct']
 premature atrial contraction ( s ) sinus rhythm qs complex in v2 q wave in v3 t wave are inverted in i avl v2 xxxx and flat in v4 xxxx consistent with ischaemic heart disease with old anteroseptal myocardial infarct ,1,['anteroseptal_infarct']
 sinus rhythm qs complex in v2 and tiny r wave in v3 suggesting old anteroseptal infarct ,1,['anteroseptal_infarct']
 premature atrial contraction ( s ) sinus rhythm non - specific intraventricular delay q wave in v2 suggesting anteroseptal infarct probably old t wave are low or flat in i v5 xxxx and inverted in avl non - specific but consistent with myocardial ischaem ,1,['anteroseptal_infarct']
 atrial fibrillation qs complex in v2 xxxx consistent with old anteroseptal myocardial infarct st segments are depressed in i ii v4 xxxx t wave are low or flat throughout findings are likely to be due to ischaemic heart disease suggest exclude ,1,['anteroseptal_infarct']
 sinus rhythm premature ventricular contraction ( s ) low limb lead voltage q wave in ii iii avf consistent with old inferior myocardial infarct ,1,['inferior_infarct']
 sinus tachycardia rightward axis q wave in i avl suggest old lateral infarct ,1,['lateral_infarct']
 sinus rhythm prolonged pr interval qs complex in v2 xxxx consistent with old anterior myocardial infarct ,1,['anterior_infarct']
 sinus rhythm possible left ventricular hypertrophy probable old inferior myocardial infarct ,1,['inferior_infarct']
 sinus rhythm q wave in ii iii avf t wave are flat in ii and inverted in iii avf v3 - xxxx consistent with ischaemic heart disease with old inferior myocardial infarct ,1,['inferior_infarct']
 sinus tachycardia q wave in v2 xxxx consistent with old anteroseptal myocardial infarct st segments are depressed in i ii avl t wave are low or flat in limb leads and v4 xxxx findings are likely to be due to ischaemic heart disease ,1,['anteroseptal_infarct']
 sinus rhythm voltages are high in limb leads suggesting lvh st segments are depressed in i avl v3 - xxxx t wave are inverted in v2 - xxxx and flat in i avl change may be due to anterior and lateral myocardial ischaemia or subendocardial infarct of uncer ,1,['generic_infarct']
 sinus rhythm t wave are inverted in iii avf and show terminal inversion in ii v4 xxxx q wave in iii avf consistent with inferolateral myocardial ischaemia or infarct of uncertain age possibly recent ,1,['generic_infarct']
 atrial fibrillation qs complex in v2 xxxx consistent with old anteroseptal myocardial infarct t wave are low or flat in limb leads and v5 xxxx myocardial ischaemia is likely ,1,['anteroseptal_infarct']
 sinus rhythm q wave in ii iii avf possible old inferior myocardial infarct otherwise normal ecg ,1,['inferior_infarct']
 sinus rhythm compared with tracing of xxxx there now more definite t wave inversion in ii iii avf v3 - xxxx this may be due to recent ischaemia or infarct it is difficult to determine whether any of the change are old ,1,['generic_infarct']
 premature atrial contraction ( s ) sinus rhythm left axis deviation left anterior fascicular block st segments are depressed in i avl t wave are low in these leads this may be due to lv strain or ischaemia q wave in v2 old anteroseptal infarct can ,1,['anteroseptal_infarct']
 premature atrial contraction ( s ) bigeminy sinus rhythm left axis deviation possible old inferior infarct ,1,['inferior_infarct']
 sinus rhythm qs complex in v2 xxxx q wave in v4 t wave are inverted in v4 xxxx with terminal inversion in v2 xxxx consistent with ischaemic heart disease with anterior myocardial infarct of uncertain age it is difficult to determine whether any ch ,1,['anterior_infarct']
 supraventricular tachycardia possible old inferior infarct minor non - specific st and t change ( lead avl ) ,1,['inferior_infarct']
 sinus rhythm prolonged pr interval left axis deviation left anterior fascicular block antero - septal infarct of undetermined age probably recent ,1,['anteroseptal_infarct']
 sinus rhythm left ventricular hypertrophy possible old inferior infarct early left ventricular strain ,1,['inferior_infarct']
 sinus rhythm poor anterior r wave progression suggests a possible old antero - septal infarct ,1,['anteroseptal_infarct']
 sinus rhythm left axis deviation left anterior fascicular block qs complex in v2 xxxx consistent with old anteroseptal myocardial infarct ,1,['anteroseptal_infarct']
 premature atrial contraction ( s ) sinus rhythm prolonged pr interval q wave in ii iii avf st segments are depressed in i avl v5 xxxx t wave are low or flat in these leads consistent with ischaemic heart disease with old inferior myocardial infarcti edit imi xxxx lvh xxxx isc_ sokolow xxxx ( imi xxxx lvh xxxx isc_ ) ,1,['inferior_infarct']
 premature ventricular contraction ( s ) bigeminy sinus rhythm borderline left axis deviation right atrial enlargement small r wave in v2 xxxx suggesting old anteroseptal myocardial infarct t wave are inverted in i avl v2 - xxxx findings are likely to ,1,['anteroseptal_infarct']
 sinus tachycardia possible old inferior myocardial infarct ,1,['inferior_infarct']
 sinus rhythm prolonged pr interval non - specific t wave flattening in i and inversion in avl poor progression of r wave in anterior chest leads old anteroseptal myocardial infarct cannot be excluded ,1,['anteroseptal_infarct']
 sinus rhythm left axis deviation non - specific intraventricular delay q wave and st segment elevation in ii iii avf v6 consistent with inferolateral myocardial infarct of uncertain age possibly recent ,1,['inferolateral_infarct']
 sinus rhythm tiny r wave in v2 xxxx old anteroseptal myocardial infarct cannot be excluded st segments are depressed in ii iii avf v4 xxxx t wave are slightly inverted in these leads non - specific but consistent with myocardial ischaemia ,1,['anteroseptal_infarct']
 premature ventricular contraction ( s ) sinus rhythm left axis deviation left anterior fascicular block qs complex in v2 and tiny r wave in v3 consistent with old anteroseptal myocardial infarct ,1,['anteroseptal_infarct']
 premature ventricular contraction ( s ) sinus rhythm prolonged pr interval left axis deviation low limb lead voltage q wave in ii iii avf consistent with old inferior myocardial infarct ,1,['inferior_infarct']
 sinus rhythm prolonged pr interval qs complex in v2 and q wave in v3 consistent with old anteroseptal myocardial infarct st segments are depressed in i v4 xxxx t wave are inverted in avl v4 xxxx findings are likely to be due to ischaemic hear ,1,['anteroseptal_infarct']
 sinus bradycardia borderline left axis deviation otherwise normal ecg the cause of the bradycardia is not evident edit norm xxxx myocardial infarct bbb ( r ) qsiii ( norm xxxx ) ,1,['generic_infarct']
 premature atrial contraction ( s ) sinus rhythm left axis deviation q wave in ii iii avf consistent with old inferior myocardial infarct ,1,['inferior_infarct']
 sinus rhythm q wave in ii iii avf t wave are low or flat in limb leads and v6 consistent with ischaemic heart disease with old inferior myocardial infarct ,1,['inferior_infarct']
 premature atrial contraction ( s ) sinus rhythm tiny r wave in v2 xxxx suggesting old anteroseptal myocardial infarct t wave are inverted in i ii avl v4 xxxx findings are likely to be due to ischaemic heart disease ,1,['anteroseptal_infarct']
 sinus tachycardia qs complex in v2 xxxx consistent with old anteroseptal myocardial infarct non - specific t wave flattening in i and inversion in avl ,1,['anteroseptal_infarct']
 sinus rhythm qs complex in v2 and tiny r wave in v3 suggesting old anteroseptal myocardial infarct st segments are depressed in i avl t wave are low in i avl v6 this may be due to lv strain or ischaemia ,1,['anteroseptal_infarct']
 sinus rhythm qrs ( t ) contour abnormality consistent with old anteroseptal infarct consider inferior myocardial damage ,1,['anteroseptal_infarct']
 sinus tachycardia possible old anteroseptal infarct otherwise normal ecg ,1,['anteroseptal_infarct']
 sinus rhythm rightward axis q wave in v2 this is probably normal but old anteroseptal infarct cannot be entirely excluded otherwise normal ecg ,1,['anteroseptal_infarct']
 sinus rhythm q wave in ii iii avf t wave are flat in i avl and invwrted in ii iii avf v4 xxxx consistent with ischaemic heart disease with old inferior myocardial infarct ,1,['inferior_infarct']
 atrial fibrillation rapid ventricular response xxxx - min left axis deviation old anteroseptal infarct anterolateral st and t abnormality ,1,['anteroseptal_infarct']
 sinus tachycardia compared with tracing of xxxx st segment elevation in anterior chest is more marked a recent anterior infarct is likely ,1,['anterior_infarct']
 atrial fibrillation q wave and t wave inversion in ii iii avf v5 xxxx consistent with old inferolateral myocardial infarct ,1,['inferolateral_infarct']
 sinus rhythm q wave in ii iii avf consistent with old inferior myocardial infarct st segments are depressed in i avl t wave are inverted in v4 xxxx consistent with ischaemic heart disease with old inferior myocardial infarct ,1,['inferior_infarct']
 sinus rhythm possible left atrial enlargement low limb lead voltage tiny r wave in v2 xxxx suggesting old anteroseptal infarct ,1,['anteroseptal_infarct']
 sinus rhythm tiny r wave in v2 xxxx q wave in i avl v4 xxxx t wave are low or flat in i avl v5 xxxx consistent with anterior and lateral myocardial infarct of uncertain age probably old ,1,['lateral_infarct']
 premature atrial contraction ( s ) sinus arrhythmia probable old inferior myocardial infarct ,1,['inferior_infarct']
 sinus rhythm possible old inferior myocardial infarct st segments are depressed in i ii avl v5 xxxx t wave are flat in these leads non - specific but consistent with myocardial ischaemia voltages in chest leads are at upper limit ,1,['inferior_infarct']
 sinus rhythm left axis deviation left anterior fascicular block qs complex in v2 xxxx consistent with old anteroseptal myocardial infarct t wave are low or flat in i v4 xxxx and inverted in avl findings are likely to be due to ischaemic hear ,1,['anteroseptal_infarct']
 sinus rhythm prolonged pr interval qs complex in v2 and q wave in v3 consistent with old anteroseptal myocardial infarct st segments are depressed in v4 xxxx this may be due to lv strain or ischaemia ,1,['anteroseptal_infarct']
 sinus rhythm possible left atrial enlargement st segments are depressed in ii iii avf v5 xxxx t wave are inverted in i avl v3 - xxxx findings are likely to be due to ischaemic heart disease they may represent subendocardial infarct of uncertain a edit injas injal lao xxxx sokolow xxxx ( injal lao xxxx ) ,1,['generic_infarct']
 atrial fibrillation left axis deviation possible old inferior myocardial infarct ,1,['inferior_infarct']
 premature ventricular contraction ( s ) sinus rhythm left axis deviation left anterior fascicular block qs complex in v2 xxxx t wave are inverted in i avl v5 xxxx consistent with ischaemic heart disease with old anteroseptal myocardial infarct ,1,['anteroseptal_infarct']
 sinus rhythm q wave in ii iii avf old inferior myocardial infarct cannot be excluded voltages in chest leads are at upper limit ,1,['inferior_infarct']
 pacemaker spikes noted sinus complex atrial premature complex and paced complex are present qs complex in v2 xxxx t wave are inverted in i ii avf v4 xxxx consistent with ischaemic heart disease with old anterior myocardial infarct ,1,['anterior_infarct']
 sinus rhythm prolonged pr interval right bundle branch block possible old inferior infarct edit imi xxxx crbbb ( imi xxxx crbbb ) ,1,['inferior_infarct']
 sinus rhythm prolonged pr interval right bundle branch block probable old inferior infarct ,1,['inferior_infarct']
 sinus rhythm incomplete right bundle branch block q wave in v3 suggesting old anteroseptal infarct q wave in ii iii avf consistent with old inferior myocardial infarct ,2,"['inferior_infarct', 'anteroseptal_infarct']"
 sinus rhythm q wave in ii iii avf suggesting old inferior infarct ,3,['inferior_infarct']
 premature ventricular contraction ( s ) sinus rhythm prolonged pr interval non - specific intraventricular delay tiny r wave in v2 xxxx old anteroseptal infarct cannot be excluded st segments are depressed in ii iii avf v5 xxxx t wave are flat in limb le ,1,['anteroseptal_infarct']
 sinus rhythm st segments are elevated in ii iii avf st segments are depressed in i avl t wave are flat in i and inverted in avl appearances are consistent with early inferior myocardial infarct suggest enzyme studies and repeat ,1,['inferior_infarct']
 sinus rhythm poor progression of r wave in anterior chest leads st segments are depressed and t wave inverted in i avl v6 consistent with ischaemic heart disease with possible old anterior myocardial infarct there is much artifact ,1,['anterior_infarct']
 sinus rhythm left axis deviation qs complex in v2 xxxx q wave in v4 xxxx t wave are inverted in i avl v3 - xxxx consistent with ischaemic heart disease with anterior myocardial infarct probably old ,1,['anterior_infarct']
 sinus rhythm non - specific intraventricular delay qs complex in v2 xxxx consistent with old anteroseptal myocardial infarct st segments are depressed in ii iii avf v6 t wave are low in ii v6 and inverted in iii avf non - specific but consisten ,1,['anteroseptal_infarct']
 sinus rhythm t wave are flat in limb leads and inverted in v3 - xxxx findings are likely to be due to ischaemic heart disease lateral subendocardial infarct of uncertain age is a possibility edit injal xxxx taschykardie sokolow xxxx ( iscal ) ,1,['lateral_infarct']
 sinus rhythm q wave in ii iii avf consistent with old inferior myocardial infarct st segments are slightly depressed in i avl v6 t wave are low or flat in limb leads and v5 xxxx this may be due to lv strain or ischaemia ,1,['inferior_infarct']
 sinustachykardie slt st - hebung in v1 - xxxx dd chron posteriorer oder frischer septaler infarkt edit acute myocardial infarct xxxx frischer asmi ( asmi xxxx ) ,1,['generic_infarct']
 atrial fibrillation probable old inferior infarct poor anterior r wave progression suggests a possible old anteroseptal infarct lateral st and t wave change suggest left ventricular strain or ischaemia ,2,"['inferior_infarct', 'anteroseptal_infarct']"
 sinus rhythm q wave in v2 and tiny t wave in v3 old anteroseptal infarct cannot be excluded ,1,['anteroseptal_infarct']
 sinus rhythm non - specific intraventricular delay voltages are high in chest leads suggesting lvh q wave in ii iii avf consistent with old inferior myocardial infarct st segments are depressed and t wave inverted in i avl v5 xxxx this may ,1,['inferior_infarct']
 sinus tachycardia prolonged pr interval left axis deviation left anterior fascicular block right bundle branch block possible old inferior infarct patient has trifascicular block and may be at increased risk of developing complete av block ,1,['inferior_infarct']
 sinus rhythm q wave in ii iii avf consistent with old inferior myocardial infarct non - specific t wave flattening in limb leads and v4 xxxx ,1,['inferior_infarct']
 sinus rhythm voltages are high in limb leads suggesting lvh left axis deviation left anterior fascicular block qs complex in v2 old anteroseptal infarct cannot be excluded ,1,['anteroseptal_infarct']
 sinus rhythm q wave in ii iii avf consistent with old inferior myocardial infarct otherwise no definite pathology ,1,['inferior_infarct']
 sinus rhythm t wave are inverted in i avl v4 xxxx this may be due to myocardial ischaemia or lateral subendocardial infarct of uncertain age ,1,['lateral_infarct']
 sinus rhythm qs complex in v2 suggesting old anteroseptal infarct st segments are depressed in i avl v4 xxxx t wave are low or flat in these leads this may be due to lv strain or ischaemia ,1,['anteroseptal_infarct']
 sinus rhythm voltages are high in limb leads suggesting lvh q wave in ii iii avf st segments are depressed in i ii avl v4 xxxx t wave are low or flat in ii v5 xxxx consistent with ischaemic heart disease with old inferior myocardial infarct ,1,['inferior_infarct']
 atrial fibrillation right axis deviation low limb lead voltage q wave in i avl consistent with old lateral myocardial infarct st segments are depressed in i ii iii avf v4 xxxx t wave are inverted in v4 xxxx findings are likely to be due to i ,1,['lateral_infarct']
 sinus tachycardia right bundle branch block possible old inferior myocardial infarct ,1,['inferior_infarct']
 atrial fibrillation st segments are depressed and t wave inverted in i avl v4 xxxx this may be due to lv strain or ischaemia possible inferior myocardial infarct of uncertain age ,1,['inferior_infarct']
 sinus rhythm q wave in ii iii avf consistent with old inferior myocardial infarct non - specific t wave flattening in i and inversion in avl ,1,['inferior_infarct']
 sinus rhythm non - specific intraventricular block q wave in ii iii avf v6 consistent with old inferolateral myocardial infarct ,1,['inferolateral_infarct']
 sinus rhythm st segments are depressed in ii iii avf v5 xxxx t wave are low in ii and inverted in iii avf non - specific but consistent with inferolateral myocardial ischaemia possible old inferior myocardial infarct ,1,['inferior_infarct']
 sinus rhythm left axis deviation left anterior fascicular block voltages are high in limb leads suggesting lvh qs complex in v2 suggesting anteroseptal infarct of uncertain age ,1,['anteroseptal_infarct']
 atrial fibrillation right axis deviation r - s transition zone in v leads displaced to the left low limb lead voltage q wave in i avl suggesting old lateral infarct st segments are depressed in ii iii avf v6 t wave are low or flat throughout fi ,1,['lateral_infarct']
 sinus rhythm voltages are high in limb leads suggesting lvh qs complex in v2 suggesting old anteroseptal infarct t wave are low or flat in i avl v3 - xxxx findings are likely to be due to ischaemic heart disease ,1,['anteroseptal_infarct']
 sinus rhythm low limb lead voltage poor progression of r wave in anterior chest leads suggesting old anteroseptal infarct st segments are depressed in i avl t wave are low or flat in limb leads and v5 xxxx non - specific but consistent with myocardial ,1,['anteroseptal_infarct']
 sinus rhythm st segments are elevated in iii avf st segments are depressed in i avl v2 - xxxx early inferior myocardial infarct is a possibility suggest enzyme studies and repeat tracing ,1,['inferior_infarct']
 sinus rhythm st segments are depressed in i avl there is terminal t wave inversion in v2 xxxx recent ischaemia or early infarct is a possibility suggest enzyme studies and repeat tracing edit injas xxxx ,1,['generic_infarct']
 sinus rhythm compared with tracing of xxxx it is not significantly changed evidence of anterior myocardial infarct probably old is present persistent st segment elevation may indicate a ventricular aneurysm ,1,['anterior_infarct']
 sinus rhythm compared with tracing of xxxx there now st segment elevation in v5 xxxx and to a minimal degree in ii iii avf recent ischaemia or early infarct is possible ,1,['generic_infarct']
 sinus tachycardia left axis deviation q wave in ii iii avf consistent with old inferior myocardial infarct ,1,['inferior_infarct']
 atrial fibrillation left axis deviation non - specific intraventricular block left ventricular hypertrophy probable old inferior infarct findings are likely to be due to ischaemic heart disease ,1,['inferior_infarct']
 sinus rhythm prolonged pr interval borderline left axis deviation right bundle branch block possible old inferior infarct ,1,['inferior_infarct']
 atrial fibrillation right bundle branch block q wave in v2 suggesting old anteroseptal infarct ,1,['anteroseptal_infarct']
 rhythm is atrial flutter with xxxx av block and rapid ventricular response qs complex in v2 xxxx consistent with old anterior myocardial infarct ,1,['anterior_infarct']
 sinus rhythm voltages in chest leads are at upper limit possible old inferior infarct ,1,['inferior_infarct']
 sinus rhythm voltages are high in limb leads suggesting lvh qs complex in v2 xxxx consistent with old anteroseptal myocardial infarct st segments are depressed in i avl this may be due to lv strain or ischaemia ,1,['anteroseptal_infarct']
 sinus rhythm left axis deviation non - specific intraventricular delay left ventricular hypertrophy qs complex in v2 xxxx suggesting anteroseptal infarct probably old st segments are depressed and t wave inverted in i avl v6 this may be due to lv ,1,['anteroseptal_infarct']
 sinus rhythm qs complex and slight st segment elevation in v2 xxxx t wave are flat in i v6 and inverted in avl v4 xxxx consistent with ischaemic heart disease with anterior myocardial infarct of uncertain age probably old ,1,['anterior_infarct']
 sinus rhythm left anterior fascicular block t wave change in v3 v4 consistent with ischaemia or subendocardial infarct ,1,['generic_infarct']
 sinus rhythm left anterior fascicular block extensive anterior t wave inversion consistent with ischaemia or subendocardial infarct ,1,['generic_infarct']
 atrial fibrillation with fast ventricular response low voltage in standard leads antero - septal infarct - may be old antero - lateral st and t change consistent with left ventricular strain or ischaemia ,1,['anteroseptal_infarct']
 atrial fibrillation with controlled ventricular response rate xxxx per minute extensive deep anterior t wave invesion highly consistent with ischaemia or subendocardial infarct ,1,['generic_infarct']
 sinus rhythm possible old antero - septal infarct antero - lateral st and t change consistent with left ventricular strain or ischaemia \ ,1,['anteroseptal_infarct']
 sinus rhythm q wave in v2 xxxx st segments are elevated in v1 xxxx consistent with anteroseptal myocardial infarct of uncertain age ,1,['anteroseptal_infarct']
 supraventricular ( probably sinus ) tachycardia right axis deviation possible left posterior fascicular block q wave in ii iii avf are probably normal old inferior infarct cannot be entirely excluded ,1,['inferior_infarct']
 atrial fibrillation with rapid ventricular response non - specific intraventricular delay q wave in ii iii avf st segments are elevated in iii avf st segments are depressed in i avl v2 - xxxx consistent with inferior myocardial infarct which appear ,1,['inferior_infarct']
 sinus rhythm possible left atrial enlargement incomplete right bundle branch block q wave in ii iii avf suggesting old inferior myocardial infarct ,1,['inferior_infarct']
 sinus rhythm q wave in ii iii avf t wave are inverted in i ii avl v5 xxxx consistent with ischaemic heart disease with old inferior myocardial infarct ,1,['inferior_infarct']
 sinus rhythm voltages are high in chest leads suggesting lvh q wave in ii iii avf st segments are depressed in ii v4 xxxx t wave are low or flat in ii v4 xxxx consistent with ischaemic heart disease with old inferior myocardial infarct ,1,['inferior_infarct']
 atrial fibrillation qs complex in v2 consistent with old anteroseptal myocardial infarct st segments are depressed in i ii avl v4 xxxx t wave are inverted in i avl v4 xxxx this may be due to lv strain or ischaemia ,1,['anteroseptal_infarct']
 trace only requested edit norm xxxx tor myocardial infarct bbb ,1,['generic_infarct']
 sinus rhythm left axis deviation qs complex in v2 consistent with old anteroseptal myocardial infarct q wave in ii iii avf consistent with old inferior myocardial infarct ,2,"['inferior_infarct', 'anteroseptal_infarct']"
 atrial fibrillation small r wave in v2 xxxx old anteroseptal infarct cannot be excluded st segments are depressed in i ii avl v5 xxxx t wave are low in limb leads and v5 xxxx findings are likely to be due to ischaemic heart disease and digitalis effect ,1,['anteroseptal_infarct']
 atrial fibrillation with slow ventricular response q wave in ii iii avf consistent with old inferior myocardial infarct st segments are depressed in v5 xxxx t wave are low or flat in i avl v5 xxxx findings are likely to be due to ischaemic heart ,1,['inferior_infarct']
 atrial fibrillation q wave in ii iii avf consistent with old inferior myocardial infarct t wave are low or flat throughout findings are likely to be due to ischaemic heart disease suggest exclude hypokalaemia ,1,['inferior_infarct']
 sinus rhythm left atrial enlargement right bundle branch block t wave are inverted in i avl v5 xxxx consistent with lateral ischaemia or subendocardial infarct of uncertain age ,1,['generic_infarct']
 sinus rhythm q wave in ii iii avf are probably normal but old inferior infarct cannot be entirely excluded st segments are depressed in v5 xxxx t wave are flat or slightly inverted in i avl v4 xxxx non - specific but consistent with myocardial ischaemi ,1,['inferior_infarct']
 sinus tachycardia q wave in ii iii avf consistent with old inferior myocardial infarct st segments are depressed in i avl t wave are flat in v3 - xxxx findings are likely to be due to ischaemic heart disease ,1,['inferior_infarct']
 sinus bradycardia st segments are depressed in i avl t wave are inverted in i avl and v5 xxxx this may be due to lv strain or ischaemia tiny r wave in v2 xxxx old anteroseptal infarct cannot be excluded the cause of the bradycardia is not evident ,1,['anteroseptal_infarct']
 sinus rhythm voltages are high in limb leads suggesting lvh qs complex in v2 and tiny r wave in v3 suggesting old anteroseptal myocardial infarct ,1,['anteroseptal_infarct']
 sinus rhythm left axis deviation right bundle branch block q wave in v1 xxxx suggesting old anteroseptal infarct ,1,['anteroseptal_infarct']
 sinus rhythm qs complex in v2 old anteroseptal infarct cannot be excluded otherwise normal ecg ,1,['anteroseptal_infarct']
 sinus rhythm voltages are high in chest leads suggesting lvh tiny r wave in v2 xxxx suggesting old anteroseptal infarct ,1,['anteroseptal_infarct']
 sinus rhythm left axis deviation left anterior fascicular block voltages are high in limb leads suggesting lvh qs complex in v2 and tiny r wave in v3 consistent with old anteroseptal myocardial infarct st segments are depressed and t wave i ,1,['anteroseptal_infarct']
 sinus rhythm q wave in ii iii avf consistent with old inferior myocardial infarct qs complex and st segment elevation in v2 xxxx consistent with anteroseptal myocardial infarct of uncertain age possibly recent st segments are depressed i ,2,"['inferior_infarct', 'anteroseptal_infarct']"
 premature ventricular contraction ( s ) bigeminy sinus rhythm qs complex in v2 and tiny r wave in v3 suggesting old anteroseptal myocardial infarct q wave and t wave inversion in ii iii avf consistent with old inferior myocardial infarct ,2,"['inferior_infarct', 'anteroseptal_infarct']"
 sinus rhythm q wave in ii iii avf consistent with old inferior myocardial infarct non - specific t wave flattening in i avl ,1,['inferior_infarct']
 sinus rhythm left axis deviation left anterior fascicular block voltages are high in limb leads suggesting lvh qs complex and st segments are elevated in v2 xxxx consistent with anteroseptal myocardial infarct of uncertain age t wave are inverted ,1,['anteroseptal_infarct']
 sinus rhythm tiny r wave in v2 xxxx suggesting old anteroseptal infarct st segments are depressed in i avl t wave are inverted in i avl and flat in ii v5 xxxx this may be due to lv strain or ischaemia ,1,['anteroseptal_infarct']
 premature ventricular contraction ( s ) bigeminy premature atrial contraction ( s ) sinus tachycardia left atrial enlargement left axis deviation left anterior fascicular block probable old posterior infarct ,1,['posterior_infarct']
 sinus rhythm qs complex in v2 suggesting old anteroseptal infarct non - specific t wave flattening in i avl v4 xxxx edit katastrophale qualität ,1,['anteroseptal_infarct']
 sinus rhythm q wave in ii iii avf consistent with old inferior myocardial infarct r wave in v3 is smaller than in v2 old anteroseptal infarct cannot be excluded ,2,"['inferior_infarct', 'anteroseptal_infarct']"
 sinus rhythm q wave in ii iii avf suggesting old inferior infarct t wave are low or flat in limb leads and v6 non - specific but consistent with myocardial ischaemia ,1,['inferior_infarct']
 sinus rhythm non - specific intraventricular delay ii iii avf st segments are depressed in i avl v4 xxxx t wave are inverted in ii iii avf v3 - xxxx consistent with ischaemic heart disease with inferior myocardial infarct probably old it is dif ,1,['inferior_infarct']
 sinus arrhythmia qs complex in v2 xxxx consistent with old anteroseptal myocardial infarct non - specific t wave flattening in i avl ,1,['anteroseptal_infarct']
 sinus rhythm left axis deviation possible old inferior infarct ,3,['inferior_infarct']
 sinus rhythm q wave in ii iii avf old inferior myocardial infarct cannot be excluded otherwise normal ecg ,1,['inferior_infarct']
 sinus rhythm qs complex in v2 suggesting old anteroseptal infarct ,2,['anteroseptal_infarct']
 sinus rhythm non - specific intraventricular delay q wave in ii iii avf st segments are depressed and t wave inverted in ii iii avf v5 xxxx consistent with ischaemic heart disease with old inferior myocardial infarct ,1,['inferior_infarct']
 sinus rhythm q wave in ii iii avf t wave are flat in i v4 xxxx and inverted in avl v3 consistent with ischaemic heart disease with old inferior myocardial infarct ,1,['inferior_infarct']
 sinus rhythm t wave are inverted in i avl and deeply so in v2 - xxxx consistent with myocardial ischaemia or subendocardial infarct of uncertain age edit injas injal ( injas xxxx injal xxxx ) ,1,['generic_infarct']
 sinus rhythm low limb lead voltage qs complex in v2 and tiny r wave in v3 old anteroseptal myocardial infarct cannot be excluded ,1,['anteroseptal_infarct']
 sinus rhythm r - s transition zone in v leads displaced to the left q wave in ii iii avf consistent with old inferior myocardial infarct ,1,['inferior_infarct']
 premature ventricular contraction ( s ) atrial fibrillation with rapid ventricular response left axis deviation low limb lead voltage qs complex in v2 xxxx consistent with old anteroseptal myocardial infarct st segments are depressed in i avl thi ,1,['anteroseptal_infarct']
 premature atrial contraction ( s ) sinus rhythm q wave in ii iii avf consistent with old inferior myocardial infarct minor non - specific st segment depression in i avl ,1,['inferior_infarct']
 sinus rhythm r - s transition zone in v leads displaced to the left tiny r wave in v2 xxxx old anterior infarct cannot be excluded t wave are flat in limb leads prolonged qt this may be due to a drug effect or an electrolyte disturbance ,1,['anterior_infarct']
 sinus rhythm left axis deviation non - specific intraventricular block left ventricular hypertrophy old anteroseptal infarct st segments are depressed and t wave inverted in i avl v3 - xxxx this may be due to lv strain or ischaemia ,1,['anteroseptal_infarct']
 sinus rhythm q wave in ii iii avf consistent with old inferior myocardial infarct st segments are depressed in i ii v5 xxxx t wave are inverted in i avl v5 xxxx findings are likely to be due to ischaemic heart disease lateral subendocardia ,1,['inferior_infarct']
 interpolated premature ventricular contraction ( s ) sinus rhythm q wave in ii iii avf consistent with old inferior myocardial infarct ,1,['inferior_infarct']
 sinus rhythm left axis deviation non - specific intraventricular delay probable old inferior infarct ,1,['inferior_infarct']
 atrial fibrillation premature ventricular contraction ( s ) non - specific intraventricular delay voltages are high in chest leads suggesting lvh qs complex in v2 xxxx consistent with anteroseptal myocardial infarct of uncertain age st segments are d ,1,['anteroseptal_infarct']
 sinus rhythm prolonged pr interval non - specific intraventricular block q wave in ii iii avf v3 - xxxx consistent with old anterior and inferolateral myocardial infarct ,1,['inferolateral_infarct']
 sinus rhythm voltages are high in limb leads suggesting lvh q wave in ii iii avf consistent with old inferior myocardial infarct t wave are low or flat throughout suggest exclude hypokalaemia ,1,['inferior_infarct']
 sinus rhythm qs complex in v2 and tiny r wave in v3 consistent with old anteroseptal myocardial infarct st segments are depressed and t wave inverted in i avl v5 xxxx this may be due to lv strain or ischaemia ,1,['anteroseptal_infarct']
 atrial fibrillation incomplete right bundle branch block voltages are high in limb leads suggesting lvh small r wave in v2 xxxx and q wave in v4 consistent with old anterior myocardial infarct q wave and st segment elevation in iii avf t wave ,1,['anterior_infarct']
 sinus rhythm prolonged pr interval non - specific intraventricular delay q wave in i ii iii v4 xxxx consistent with inferior and lateral infarcts probably old ,1,['lateral_infarct']
 sinus rhythm qs complex in v2 and small r wave in v3 suggesting anteroseptal myocardial infarct st segments are slightly depressed in i v4 xxxx t wave are low in i avl v6 this may be due to lv strain or ischaemia ,1,['anteroseptal_infarct']
 sinus rhythm left ventricular hypertrophy st segments are depressed and t wave inverted in i avl v2 - xxxx findings may be due to lv strain but ischaemia or subendocardial infarct of uncertain age cannot be excluded edit injas lvh xxxx isc sokolow xxxx ( injas lvh xxxx isc_ ) ,1,['generic_infarct']
 premature ventricular contraction ( s ) sinus rhythm non - specific intraventricular delay q wave in ii iii avf consistent with old inferior myocardial infarct non - specific st segment depression in i avl v4 xxxx ,1,['inferior_infarct']
 sinus rhythm q wave in ii iii avf possible old inferior myocardial infarct slightly prolonged qt this may be due to a drug effect or an electrolyte disturbance ,1,['inferior_infarct']
 rhythm is atrial flutter with xxxx av block and rapid ventricular response right bundle branch block q wave in ii iii avf consistent with old inferior myocardial infarct non - specific st and t wave change ,1,['inferior_infarct']
 sinus rhythm premature ventricular contraction ( s ) qs complex in v2 and small r wave in v3 suggesting old anteroseptal myocardial infarct st segments are depressed in ii iii avf v5 xxxx non - specific but consistent with myocardial ischaemia ,1,['anteroseptal_infarct']
 sinus rhythm t wave are low or flat in i v4 and inverted in avl v5 xxxx non - specific but consistent with myocardial ischaemia dominant r wave in v1 this suggests the possibility of posterior infarct probably old ,1,['posterior_infarct']
 sinus rhythm voltages in chest leads are at upper limit st segments are depressed in i ii avf v4 xxxx t wave are low in i and inverted in avl this may be due to lv strain or ischaemia q wave in v2 old anteroseptal infarct cannot be excluded ,1,['anteroseptal_infarct']
 premature atrial contraction ( s ) sinus tachycardia qs complex in v2 and tiny r wave in v3 consistent with old anteroseptal myocardial infarct st segments are depressed in i avl v6 t wave are inverted in i avl this may be due to lv strain o ,1,['anteroseptal_infarct']
 sinus rhythm t wave are flat in limb leads and inverted in v2 - xxxx findings are likely to be due to ischaemic heart disease the age of the change is uncertain possible old inferior myocardial infarct ,1,['inferior_infarct']
 sinus rhythm left axis deviation left anterior fascicular block old antero - septal infarct cannot exclude prior inferior infarct ,2,"['inferior_infarct', 'anteroseptal_infarct']"
 sinus bradycardia small r wave in v2 xxxx old anteroseptal myocardial infarct cannot be excluded the cause of the bradycardia is not evident ,1,['anteroseptal_infarct']
 sinus rhythm possible left atrial enlargement non - specific intraventricular block left ventricular hypertrophy q wave in v2 suggesting old anteroseptal myocardial infarct st segments are depressed and t wave inverted in i avl v2 - xxxx finding ,1,['anteroseptal_infarct']
 sinus tachycardia prolonged pr interval qs complex in v2 suggesting old anteroseptal myocardial infarct ,1,['anteroseptal_infarct']
 sinus rhythm possible left atrial enlargement left axis deviation left anterior fascicular block q wave in v2 a small old anteroseptal infarct cannot be excluded ,1,['anteroseptal_infarct']
 sinus rhythm grossly prolonged pr interval right bundle branch block qs complex in ii iii avf v4 xxxx consistent with old inferior and lateral myocardial infarct ,1,['lateral_infarct']
 sinus rhythm poor progression of r wave in anterior chest leads this suggests old anteroseptal myocardial infarct minor non - specific st and t wave change in i avl v4 xxxx ,1,['anteroseptal_infarct']
 premature atrial contraction ( s ) sinus rhythm low voltage right bundle branch block q wave in ii iii avf consistent with old inferior myocardial infarct ,1,['inferior_infarct']
 sinus rhythm left axis deviation left anterior fascicular block right bundle branch block q wave in v2 an old anteroseptal infarct cannot be excluded pr interval is at upper limit of normal this patient is verging on trifascicular block and may be ,1,['anteroseptal_infarct']
 atrial fibrillation premature ventricular contraction ( s ) right axis deviation q wave in v2 suggesting old anteroseptal myocardial infarct st segments are depressed in ii iii avf v2 - xxxx t wave are low or flat throughout findings are likely to ,1,['anteroseptal_infarct']
 premature ventricular contraction ( s ) sinus rhythm left axis deviation left anterior fascicular block tiny r wave in v2 xxxx suggesting old anteroseptal infarct minor non - specific st and t wave change ,1,['anteroseptal_infarct']
 sinus rhythm voltages are high in limb leads suggesting lvh q wave and t wave inversion in ii iii avf consistent with inferior myocardial infarct of uncertain age slight st segment elevation in iii recent damage cannot be excluded st segments ,1,['inferior_infarct']
 sinus rhythm q wave in v2 suggwesting old anteroseptal infarct ,1,['anteroseptal_infarct']
 sinus rhythm left axis deviation left anterior fascicular block voltages are high in limb leads suggesting lvh qs complex in v2 consistent with anteroseptal myocardial infarct of uncertain age st segments are depressed in i avl t wave are in ,1,['anteroseptal_infarct']
 sinus rhythm q wave in v2 xxxx st segments are elevated in v2 xxxx st segments are depressed in i avl v5 xxxx t wave are inverted in v2 - xxxx t wave are flat in limb leads consistent with ischaemic heart disease with anteroseptal myocardial infarct of u ,1,['anteroseptal_infarct']
 sinus rhythm prolonged pr interval possible left atrial enlargement q wave in ii iii avf consistent with old inferior myocardial infarct qs complex in v2 and tiny r wave in v3 suggesting old anteroseptal myocardial infarct t wave are in ,2,"['inferior_infarct', 'anteroseptal_infarct']"
 atrial fibrillation right bundle branch block q wave in v1 xxxx consistent with old anteroseptal myocardial infarct non - specific st and t wave change ,1,['anteroseptal_infarct']
 atrial fibrillation left axis deviation qs complex in v2 and tiny r wave in v3 suggesting old anteroseptal myocardial infarct possible old inferior myocardial infarct non - specific t wave flattening in i and inversion in avl ,2,"['inferior_infarct', 'anteroseptal_infarct']"
 atrial fibrillation left ventricular hypertrophy qs complex in v2 xxxx consistent with old anteroseptal myocardial infarct q wave in ii iii avf consistent with old inferior myocardial infarct st segments are depressed in i ii avl v4 xxxx ,2,"['inferior_infarct', 'anteroseptal_infarct']"
 sinus rhythm prolonged pr interval non - specific intraventricular block possible old inferior myocardial infarct ,2,['inferior_infarct']
 atrial fibrillation poor progression of r wave in anterior chest leads suggesting old anteroseptal myocardial infarct st segments are depressed in i ii avl avf v4 xxxx t wave are low in these leads findings are likely to be due to ischaemic he ,1,['anteroseptal_infarct']
 sinus rhythm left axis deviation left anterior fascicular block qs complex in v2 suggesting old anteroseptal infarct t wave are inverted in i avl v5 non - specific but consistent with myocardial ischaemia ,1,['anteroseptal_infarct']
 sinus rhythm prolonged pr interval left axis deviation right bundle branch block q wave in ii iii avf consistent with old inferior myocardial infarct edit imi xxxx crbbb ( imi xxxx crbbb lafb ) ,1,['inferior_infarct']
 atrial fibrillation q wave in ii iii avf consistent with old inferior myocardial infarct t wave are low or flat in i avl v5 xxxx findings are likely to be due to ischaemic heart disease ,1,['inferior_infarct']
 sinus rhythm t wave are inverted in i avl v3 - xxxx consistent with anterolateral myocardial ischaemia or subendocardial infarct of uncertain age ,1,['generic_infarct']
 sinus rhythm qs complex in v2 and tiny r wave in v3 consistent with old anteroseptal myocardial infarct non - specific t wave flattening in i avl ,1,['anteroseptal_infarct']
 sinus rhythm possible old inferior infarct non - specific t wave flattening in v2 xxxx ,1,['inferior_infarct']
 sinus bradycardia inferior q wave noted which may be a normal variant however an old inferior infarct cannot be excluded ,1,['inferior_infarct']
 sinus tachycardia possible old inferior infarct st segments are depressed in i ii avl v4 xxxx t wave are flat in these leads non - specific but consistent with myocardial ischaemia and possibly digitalis effect ,1,['inferior_infarct']
 sinus rhythm q wave in ii iii avf consistent with old inferior myocardial infarct non - specific slight st segment depression in i avl ,1,['inferior_infarct']
 sinus rhythm prolonged pr interval possible left atrial enlargement q wave in ii iii avf consistent with old inferior myocardial infarct st segments are depressed in v5 xxxx this may be due to lv strain or ischaemia ,1,['inferior_infarct']
 sinus tachycardia q wave in ii iii avf st segments are depressed in i ii avl v4 xxxx t wave are low in these leads consistent with ischaemic heart disease with old inferior myocardial infarct ,1,['inferior_infarct']
 atrial fibrillation with rapid ventricular response left axis deviation qs complex in v2 and tiny r wave in v3 xxxx consistent with old anterior myocardial infarct st segments are depressed in i ii iii avl avf and grossly so in v2 - xxxx findings ,1,['anterior_infarct']
 sinus rhythm q wave in i ii avl t wave are inverted in i avl and flat in v5 xxxx consistent with old lateral myocardial infarct ,1,['lateral_infarct']
 sinus rhythm qs complex in v3 suggesting old anteroseptal infarct ,1,['anteroseptal_infarct']
 sinus rhythm q wave in ii iii avf consistent with old inferior myocardial infarct edit imi xxxx ( imi xxxx ) ,1,['inferior_infarct']
 sinus rhythm possible left atrial enlargement right bundle branch block possible old inferior infarct ,1,['inferior_infarct']
 atrial fibrillation qs complex in v2 and tiny r wave in v3 consistent with old anteroseptal myocardial infarct st segments are depressed and t wave inverted in i avl v4 xxxx this may be due to lv strain or ischaemia ,1,['anteroseptal_infarct']
 sinus rhythm qs complex in v2 t wave are low or flat in limb leads and v6 consistent with ischaemic heart disease with old anteroseptal myocardial infarct ,1,['anteroseptal_infarct']
 sinus rhythm left axis deviation non - specific intraventricular block qs complex in v2 xxxx consistent with anteroseptal myocardial infarct of uncertain age ,1,['anteroseptal_infarct']
 premature ventricular contraction ( s ) trigeminy prolonged pr interval qs complex in v2 suggesting old anteroseptal infarct non - specific t wave flattening in i and inversion in avl ,1,['anteroseptal_infarct']
 sinus rhythm non - specific intraventricular delay q wave in ii iii avf st segments are depressed in i ii avl v5 xxxx t wave are flat in these leads consistent with ischaemic heart disease with old inferior myocardial infarct ,1,['inferior_infarct']
 sinus rhythm left axis deviation q wave in ii iii avf v5 xxxx t wave are low in v5 xxxx consistent with old inferolateral myocardial infarct ,1,['inferolateral_infarct']
 sinus rhythm possible left atrial enlargement qs complex in v2 and small r wave in v3 suggesting old anteroseptal infarct ,1,['anteroseptal_infarct']
 atrial fibrillation incomplete right bundle branch block q wave in ii iii avf st segments are depressed in i ii avl v4 xxxx t wave are low or flat in these leads consistent with ischaemic heart disease with old inferior myocardial infarct ,1,['inferior_infarct']
 sinus rhythm low limb lead voltage qs complex in v2 and tiny r wave in v3 xxxx consistent with old anterior myocardial infarct ,1,['anterior_infarct']
 sinus rhythm q wave in ii iii avf st segments are depressed in ii iii avf v5 xxxx t wave are low or flat in limb leads and v5 xxxx consistent with ischaemic heart disease with old inferior myocardial infarct ,1,['inferior_infarct']
 premature ventricular contraction ( s ) sinus tachycardia q wave in ii iii avf are probably normal old inferior infarct cannot be entirely excluded ,1,['inferior_infarct']
 sinus rhythm left axis deviation left anterior fascicular block probable old anteroseptal myocardial infarct voltages are high in limb leads suggesting lvh st segments are depressed and t wave inverted in i avl v4 xxxx this may be due to lv str ,1,['anteroseptal_infarct']
 sinus rhythm non - specific intraventricular block voltages are high in limb leads suggesting lvh possible old anteroseptal myocardial infarct ,1,['anteroseptal_infarct']
 premature ventricular contraction ( s ) premature atrial contraction ( s ) sinus rhythm prolonged pr interval left axis deviation left anterior fascicular block qs complex in v2 and tiny r wave in v3 suggesting old anteroseptal myocardial infarct ,1,['anteroseptal_infarct']
 sinus rhythm qs complex in v2 suggesting old anteroseptal infarct st segments are depressed in i ii avl v4 xxxx t wave are inverted or slightly biphasic in these leads this may be due to lv strain or ischaemia ,1,['anteroseptal_infarct']
 premature ventricular contraction ( s ) sinus tachycardia st segments are depressed and t wave inverted in i ii iii avf v4 xxxx this may be due to lv strain or ischaemia the age of the change is uncertain subendocardial infarct cannot be excl ,1,['generic_infarct']
 sinus rhythm non - specific t wave flattening in limb leads and v5 xxxx myocardial ischaemia is likely possible old inferior myocardial infarct ,1,['inferior_infarct']
 sinus rhythm r - s transition zone in v leads displaced to the right q wave in ii iii avf consistent with old inferior myocardial infarct t wave are low or flat in v4 xxxx non - specific but consistent with myocardial ischaemia ,1,['inferior_infarct']
 sinus rhythm st segments are depressed in i ii v5 xxxx this may be due to lv strain or ischaemia and digitalis effect small r wave and st and t wave change in v2 xxxx antero - septal infarct of uncertain age cannot be excluded ,1,['anteroseptal_infarct']
 premature ventricular contraction ( s ) premature atrial contraction ( s ) sinus rhythm left axis deviation left anterior fascicular block qs complex in v2 xxxx consistent with old anterior myocardial infarct st segments are depressed in i avl t ,1,['anterior_infarct']
 premature ventricular contraction ( s ) premature atrial contraction ( s ) left axis deviation old inferior and anterolateral infarcts ,1,['anterolateral_infarct']
 sinus rhythm voltages are high in chest leads suggesting lvh q wave in ii iii avf are deep but narrow and may represent septal hypertrophy rather than old infarct st segments are depressed in i ii avf v4 xxxx t wave are flat in these leads ,1,['generic_infarct']
 premature atrial contraction ( s ) sinus rhythm posssible left atrial enlargement left axis deviation left anterior fascicular block tiny r wave in v2 xxxx suggesting old anteroseptal infarct st segments are depressed in i avl t wave are flat in i an ,1,['anteroseptal_infarct']
 sinus rhythm st segments are depressed in i avl v5 xxxx t wave are inverted in i ii iii avf v4 xxxx this may be due to myocardial ischaemia or infero - lateral subendocardial infarct of uncertain age edit injil sokolow xxxx ( injil ) ,1,['inferolateral_infarct']
 sinus bradycardia qs complex in v2 xxxx q wave in v4 t wave are low in i avl v6 and inverted in v2 xxxx consistent with ischaemic heart disease with anterior myocardial infarct probably old the cause of the bradycardia is not evident ,1,['anterior_infarct']
 premature atrial contraction ( s ) sinus rhythm left axis deviation left anterior fascicular block non - specific intraventricular delay left ventricular hypertrophy q wave in v2 xxxx suggesting old anteroseptal infarct st segments are depressed in i avl ,1,['anteroseptal_infarct']
 sinus rhythm non - specific intraventricular delay st segments are depressed in i avl v4 xxxx t wave are flat or slightly inverted in these leads q wave in ii iii avf consistent with ischaemic heart disease with old inferior myocardial infarct ,1,['inferior_infarct']
 sinus rhythm small inferior q wave noted possible old infarct qt interval is mildly prolonged ,1,['generic_infarct']
 sinus rhythm voltages are high in chest leads suggesting lvh q wave in ii iii avf consistent with old inferior myocardial infarct st segments are depressed and t wave inverted in i ii v5 xxxx this may be due to lv strain or ischaemia ,1,['inferior_infarct']
 sinus tachycardia low limb lead voltage st segments are elevated in v2 - xxxx qs complex in v2 and tiny r wave in v3 xxxx consistent with anterior myocardial infarct of uncertain age ,1,['anterior_infarct']
 premature ventricular contraction ( s ) sinus tachycardia non - specific intraventricular block old anteroseptal infarct ,1,['anteroseptal_infarct']
 sinus rhythm voltages are high in limb leads suggesting lvh left axis deviation left anterior fascicular block qs complex in v2 xxxx consistent with old anteroseptal myocardial infarct minor non - specific st segment elevation in ii iii avf ,1,['anteroseptal_infarct']
 sinus rhythm right axis deviation qs complex in v2 xxxx st segments are elevated in v2 xxxx t wave are inverted in i avl v2 - xxxx q wave in i avl consistent with anterior and lateral myocardial infarct of uncertain age persistent st segment elev ,1,['lateral_infarct']
 sinus rhythm voltages are high in chest leads suggesting lvh q wave in ii iii avf consistent with old inferior myocardial infarct ,1,['inferior_infarct']
 sinus bradycardia prolonged pr interval qs complex in v2 xxxx consistent with old anteroseptal myocardial infarct st segments are depressed and t wave inverted in i avl v5 xxxx this may be due to lv strain or ischaemia the cause of the bradyc ,1,['anteroseptal_infarct']
 premature atrial contraction ( s ) bigeminy sinus rhythm tiny r wave in v2 xxxx suggesting old anteroseptal infarct ,1,['anteroseptal_infarct']
 sinus rhythm pr interval slightly prolonged left axis deviation possible old inferior infarct ,1,['inferior_infarct']
 atrial fibrillation with junctional rhythm rate xxxx multifocal ventricular premature complex with salvols of xxxx ventricular premature complex left axis deviation old anterior infarct query old inferior infarct pattern in rhythm is consistent with digitalis to ,2,"['anterior_infarct', 'inferior_infarct']"
 sinus rhythm left axis deviation left anterior fascicular block non - specific intraventricular block q wave in v1 xxxx old anteroseptal infarct cannot be excluded ,1,['anteroseptal_infarct']
 sinus rhythm left ventricular hypertrophy qs complex in v2 suggesting old anteroseptal myocardial infarct st segments are depressed and t wave inverted in i ii avl v3 - xxxx this may be due to lv strain or ischaemia ,1,['anteroseptal_infarct']
 sinus rhythm st segments are elevated in ii iii avf st segments are depressed in i avl this is probably reciprocal consistent with early inferior myocardial infarct ,1,['inferior_infarct']
 premature ventricular contraction ( s ) sinus rhythm low limb lead voltage possible old inferior myocardial infarct ,1,['inferior_infarct']
 sinus rhythm compared with tracings of xxxx and xxxx definite t wave inversion has developed in i ii avl v2 - xxxx this may be due to myocardial ischaemia or subendocardial infarct edit injas injal ( injas xxxx injal xxxx ) ,1,['generic_infarct']
 atrial fibrillation with rapid ventricular response left axis deviation left anterior fascicular block qs complex in v2 and tiny r wave in v3 consistent with old anteroseptal myocardial infarct non - specific st and t wave change ,1,['anteroseptal_infarct']
 sinusrhythmus ueberdrehter linkstyp qrs ( t ) abnormal anteroseptaler infarkt wahrscheinlich alt inferiorer infarkt wahrscheinlich alt edit imi xxxx acute myocardial infarct xxxx ( imi xxxx asmi xxxx ) ,1,['generic_infarct']
 sinus tachycardia right axis deviation low limb lead voltage possible left posterior fascicular block q wave in v1 - xxxx consistent with old anterior myocardial infarct ,1,['anterior_infarct']
 sinus tachycardia left axis deviation voltages are high in limb leads suggesting lvh probable old anteroseptal infarct t wave are low or flat in i v5 xxxx this may be due to lv strain or ischaemia ,1,['anteroseptal_infarct']
 atrial fibrillation with rapid ventricular response premature ventricular contraction ( s ) low limb lead voltage incomplete left bundle branch block qs complex in v2 xxxx consistent with old anterior myocardial infarct st segments are depressed in ,1,['anterior_infarct']
 sinus rhythm right bundle branch block possible old inferior myocardial infarct ,1,['inferior_infarct']
 sinus rhythm qs complex in v2 xxxx and q wave in in v4 st segments are elevated in v2 xxxx t wave are inverted in i avl v2 - xxxx consistent with ischaemic heart disease with anterior myocardial infarct of uncertain age ,1,['anterior_infarct']
 sinus rhythm qs complex in v2 xxxx consistent with anterior myocardial infarct probably old persistent st segment elevation may indicate a ventricular aneurysm q wave in ii iii avf consistent with old inferior myocardial infarct t wave ar ,2,"['anterior_infarct', 'inferior_infarct']"
 sinus rhythm poor progression of r wave in anterior chest leads this may be normal but an old anteroseptal infarct cannot be entirely excluded ,1,['anteroseptal_infarct']
 sinus rhythm non - specific t wave flattening in i v6 and inversion in avl tiny r wave in v2 xxxx old anteroseptal infarct cannot be excluded ,1,['anteroseptal_infarct']
 premature atrial contraction ( s ) sinus rhythm prolonged pr interval left axis deviation left anterior fascicular block right bundle branch block q wave in v1 xxxx consistent with old anterior myocardial infarct this patient has trifascicular bl ,1,['anterior_infarct']
 sinus rhythm left atrial enlargement voltages are high in chest leads suggesting lvh st segments are depressed in v4 xxxx t wave are low in these leads this may be due to lv strain or ischaemia possible old anteroseptal myocardial infarct ,1,['anteroseptal_infarct']
 sinus tachycardia q wave in v2 xxxx st segments are elevated in i ii avl v2 - xxxx the elevation being especially marked in v2 xxxx st segments are depressed in iii consistent with recent anterior and lateral myocardial infarct ,1,['lateral_infarct']
 sinus rhythm qs complex in v2 old anteroseptal myocardial infarct cannot be excluded otherwise no definite pathology ,1,['anteroseptal_infarct']
 sinus tachycardia right axis deviation right bundle branch block q wave in ii iii avf consistent with old inferior myocardial infarct ,1,['inferior_infarct']
 sinus rhythm left atrial enlargement q wave in ii iii avf consistent with old inferior myocardial infarct ,1,['inferior_infarct']
 sinus tachycardia low limb lead voltage right bundle branch block q wave in ii iii avf consistent with old inferior myocardial infarct non - specific st and t wave change in chest leads ,1,['inferior_infarct']
 sinus rhythm left axis deviation voltages are high in limb leads suggesting lvh qs complex in v2 xxxx consistent with old anterior myocardial infarct minor non - specific st and t wave change in i avl ,1,['anterior_infarct']
 sinus rhythm qs complex in v2 xxxx and q wave in v4 st segments are depressed in i ii avl v4 xxxx t wave are inverted in i avl v4 xxxx consistent with ischaemic heart disease with old anterior myocardial infarct ,1,['anterior_infarct']
 sinus rhythm right axis deviation possible left posterior fascicular block incomplete right bundle branch block q wave in ii iii avf v4 xxxx st segments are depressed in these leads consistent with old inferolateral myocardial infarct ,1,['inferolateral_infarct']
 sinus rhythm compared with tracing of xxxx it is very similar evidence of old anteroseptal infarct persists and there is still st segment depression and t wave inversion in i avl v4 xxxx ,1,['anteroseptal_infarct']
 sinus rhythm left axis deviation r - s transition zone in v leads displaced to the left possible old inferior infarct ,1,['inferior_infarct']
 junctional bradycardia rate xxxx - min underlying atrial flutter - fibrillation left axis deviation intraventricular conduction delay probable anteroseptal infarct of undetermined age prolonged qt interval exclude electrolyte disturbance nb this brady ,1,['anteroseptal_infarct']
 sinus rhythm possible left atrial enlargement possible old inferior infarct ,1,['inferior_infarct']
 sinus rhythm left axis deviation left anterior fascicular block t wave are inverted in i avl v3 xxxx and flat in v6 findings are likely to be due to ischaemic heart disease they may represent subendocardial infarct of uncertain age ,1,['generic_infarct']
 sinus rhythm left atrial enlargement q wave in v2 suggesting old anteroseptal infarct st segments are depressed in i v5 xxxx t wave are low or flat throughout findings are likely to be due to ischaemic heart disease suggest exclude hypokalaemia ,1,['anteroseptal_infarct']
 premature ventricular contraction ( s ) atrial fibrillation with rapid ventricular response low limb lead voltage probable left posterior fascicular block qs complex in v2 and tiny r wave in v3 suggesting old anteroseptal myocardial infarct st seg ,1,['anteroseptal_infarct']
 sinus rhythm possible left atrial enlargement t wave are inverted in i avl v5 xxxx with terminal inversion in v4 this may be due to lateral myocardial ischaemia or subendocardial infarct of uncertain age change could be recent ,1,['generic_infarct']
 sinus rhythm borderline left axis deviation voltages are high in chest leads suggesting lvh qs complex in v2 old anteroseptal infarct cannot be excluded ,1,['anteroseptal_infarct']
 premature atrial contraction ( s ) sinus rhythm qs complex in v2 xxxx consistent with old anteroseptal myocardial infarct non - specific t wave flattening in i and inversion in avl ,1,['anteroseptal_infarct']
 sinus rhythm t wave are inverted in v4 xxxx low in v6 and show slight terminal inversion in v3 findings are likely to be due to ischaemic heart disease and may represent subendocardial infarct of uncertain age ,1,['generic_infarct']
 sinus arrhythmia non - specific intraventricular block anterior and inferolateral infarcts of uncertain age ,1,['inferolateral_infarct']
 atrial fibrillation qs complex in v2 suggesting old anteroseptal infarct non - specific st and t wave change in lateral leads ,1,['anteroseptal_infarct']
 sinus rhythm complex show either complete or incomplete right bundle branch block possible left atrial enlargement possible old inferior myocardial infarct ,1,['inferior_infarct']
 sinus rhythm low limb lead voltage non - specific intraventricular block possible old inferior infarct ,1,['inferior_infarct']
 sinus rhythm left axis deviation q wave in ii iii avf consistent with old inferior myocardial infarct compared with tracing of xxxx it is very similar both tracings show artifact due to electrical interference ,1,['inferior_infarct']
 premature ventricular contraction ( s ) atrial fibrillation rightward axis right bundle branch block possible old inferior myocardial infarct ,1,['inferior_infarct']
 sinus tachycardia q wave in ii iii avf consistent with old inferior myocardial infarct qs complex in v2 xxxx consistent with old anteroseptal myocardial infarct non - specific st and t wave change ,2,"['inferior_infarct', 'anteroseptal_infarct']"
 premature ventricular contraction ( s ) atrial fibrillation with slow ventricular response right bundle branch block possible old inferior myocardial infarct tracing is very similar to that of xxxx but ventricular rate is slower ,1,['inferior_infarct']
 sinus rhythm prolonged pr interval non - specific intraventricular block compared with tracing of xxxx evidence of old anterior and inferolateral infarcts persists ,1,['inferolateral_infarct']
 sinus rhythm prolonged pr interval tiny r wave in v2 xxxx suggesting old anteroseptal infarct st segments are depressed and t wave inverted in i ii avl avf v4 xxxx this may be due to lv strain or ischaemia ,1,['anteroseptal_infarct']
 atrial fibrillation qs complex in v2 and tiny r wave in v3 consistent with old anteroseptal myocardial infarct st segments are depressed in i ii avl v4 xxxx t wave are low or inverted in these leads this may be due to lv strain or ischaemi ,1,['anteroseptal_infarct']
 premature atrial contraction ( s ) sinus rhythm left axis deviation q wave in ii iii avf consistent with inferior myocardial infarct of uncertain age tiny r wave in v2 xxxx suggesting old anteroseptal infarct st segments are depressed in i avl v5 ,2,"['inferior_infarct', 'anteroseptal_infarct']"
 atrial fibrillation with slow ventricular response right bundle branch block probable old inferior infarct tracing is similar to that of xxxx but vpbs are not recorded on this occasion ,1,['inferior_infarct']
 rapid basically regular supraventricular tachycardia without clear evidence of p wave q wave in ii iii avf consistent with old inferior infarct non - specific st and t wave change ,1,['inferior_infarct']
 premature atrial contraction ( s ) sinus rhythm left atrial enlargement possible old inferior infarct ,1,['inferior_infarct']
 atrial fibrillation borderline left axis deviation poor progression of r wave in anterior chest leads consistent with old anterior myocardial infarct st segments are depressed and t wave inverted in i avl v6 this may be due to lv strain or i ,1,['anterior_infarct']
 atrial fibrillation with rapid ventricular response left axis deviation qs complex in v2 suggesting old anteroseptal infarct q wave in ii iii avf consistent with old inferior myocardial infarct t wave are flat in i avl v5 xxxx findings are ,2,"['inferior_infarct', 'anteroseptal_infarct']"
 sinus rhythm left axis deviation low limb lead voltage possible old inferior infarct ,1,['inferior_infarct']
 sinus rhythm tiny r wave in v2 xxxx old anteroseptal infarct cannot be excluded otherwise normal ecg edit asmi xxxx ( asmi xxxx ) ,1,['anteroseptal_infarct']
 sinus rhythm qs complex in v2 and q wave in v3 consistent with anteroseptal myocardial infarct of uncertain age non - specific t wave flattening in i and inversion in avl ,1,['anteroseptal_infarct']
 sinus rhythm prolonged pr interval st segments are depressed in i ii iii avf v5 xxxx qs complex in v2 xxxx q wave in v4 st segments are elevated in v2 xxxx consistent with ischaemic heart disease with anterior myocardial infarct of uncertain age p ,1,['anterior_infarct']
 sinus rhythm prolonged pr interval left axis deviation left anterior fascicular block left ventricular hypertrophy poor progression of r wave in anterior chest leads suggesting old anteroseptal myocardial infarct st segments are depressed in i ,1,['anteroseptal_infarct']
 atrial fibrillation with rapid ventricular response voltages are high in chest leads suggesting lvh probable old anteroseptal myocardial infarct st segments are depressed in i ii avl avf v4 xxxx t wave are slightly inverted in these leads this ,1,['anteroseptal_infarct']
 sinus rhythm possible left atrial enlargement small r wave in v2 xxxx old anteroseptal infarct cannot be excluded ,1,['anteroseptal_infarct']
 sinus rhythm incomplete right bundle branch block st segments are depressed in v2 - xxxx t wave are inverted in v2 xxxx and low or flat in v4 xxxx findings may be due to myocardial ischaemia or anterior subendocardial infarct of uncertain age change are s ,1,['anterior_infarct']
 sinus rhythm non - specific t wave flattening in i avl v6 possible old inferior infarct ,1,['inferior_infarct']
 atrial fibrillation q wave in v2 xxxx consistent with old anteroseptal myocardial infarct ,1,['anteroseptal_infarct']
 sinus rhythm prolonged pr interval st segments are depressed in i avl v4 xxxx t wave are inverted in v4 xxxx and flat in i avl findings are likely to be due to ischaemic heart disease possible old inferior myocardial infarct the age of the chan ,1,['inferior_infarct']
 premature ventricular contraction ( s ) bigeminy atrial fibrillation low limb lead voltage left axis deviation left anterior fascicular block poor progression of r wave in anterior chest leads suggesting old anterior myocardial infarct t wave are ,1,['anterior_infarct']
 sinus rhythm left atrial enlargement voltages are high in chest leads suggesting lvh qs complex in v2 xxxx consistent with old anteroseptal myocardial infarct st segments are depressed in ii avf v5 xxxx t wave are flat in limb leads and v4 and i ,1,['anteroseptal_infarct']
 sinus rhythm prolonged pr interval left axis deviation left anterior fascicular block right bundle branch block patient has trifascicular block and may be at increased risk of developing complete av block q wave in v2 old anteroseptal infarct c ,1,['anteroseptal_infarct']
 sinus rhythm st segments are elevated in ii iii avf with depression probably reciprocal in i avl consistent with recent inferior myocardial infarct ,1,['inferior_infarct']
 sinus rhythm qs complex in v2 xxxx consistent with old anterior infarct ,1,['anterior_infarct']
 atrial fibrillation low limb lead voltage tiny r wave in v2 xxxx suggesting old anteroseptal infarct st segments are depressed in ii v5 xxxx t wave are inverted in i avl v6 this may be due to lv strain or ischaemia and digitalis effect ,1,['anteroseptal_infarct']
 sinus rhythm qs complex in v2 xxxx st segments are elevated in v2 xxxx t wave are inverted in i avl v2 - xxxx consistent with ischaemic heart disease with anterior myocardial infarct which may be recent old inferior myocardial infarct cannot be ex ,2,"['anterior_infarct', 'inferior_infarct']"
 sinus rhythm q wave in ii iii avf consistent with old inferior myocardial infarct t wave are inverted in i avl v5 xxxx st segments are depressed in v5 xxxx this may be due to lv strain or ischaemia ,1,['inferior_infarct']
 premature ventricular contraction ( s ) atrial fibrillation with rapid ventricular response left axis deviation low limb lead voltage possible old inferior infarct ,1,['inferior_infarct']
 sinus tachycardia left axis deviation probable left anterior fascicular block ( lafb ) low limb lead voltage poor anteroseptal r progression may reflect lafb but cant exclude previous anteroseptal infarct ,1,['anteroseptal_infarct']
 sinus rhythm qs complex in v2 and q wave in v3 consistent with old anteroseptal myocardial infarct ,1,['anteroseptal_infarct']
 sinus rhythm qs complex in v2 and tiny r wave in v3 consistent with old anteroseptal myocardial infarct st segments are depressed in v5 xxxx t wave are flat in i avl v5 xxxx non - specific but consistent with myocardial ischaemia ,1,['anteroseptal_infarct']
 sinus rhythm qs complex in v2 and tiny r wave in v3 st segments are elevated in v2 xxxx consistent with anteroseptal myocardial infarct of uncertain age probably old ,1,['anteroseptal_infarct']
 sinus tachycardia premature atrial contraction ( s ) non - specific intraventricular delay q wave in ii iii avf consistent with old inferior myocardial infarct st segments are depressed in i avl v4 xxxx t wave are flat in these leads findings ,1,['inferior_infarct']
 sinus rhythm left axis deviation left anterior fascicular block qs complex in v2 xxxx consistent with old anterior myocardial infarct st segments are depressed and t wave inverted in i avl this may be due to lv strain or ischaemia ,1,['anterior_infarct']
 sinus rhythm old inferior infarct cannot be excluded ,1,['inferior_infarct']
 atrial fibrillation with controlled ventricular response ventricular premature complex left axis deviation left anterior fascicular block poor antero - septal r wave progression indicating possible old infarct ,1,['generic_infarct']
 sinus rhythm first degree av block left atrial enlargement antero - septal infarct - old query left ventricular strain or ischaemia ,1,['anteroseptal_infarct']
 sinus rhythm left axis deviation left anterior fascicular block non - specific intraventricular conduction delay possible old antero - septal infarct non - specific st and t abnormality ,1,['anteroseptal_infarct']
 sinus rhythm old inferior infarct minor t wave flattening in v6 query old ,1,['inferior_infarct']
 premature ventricular contraction ( s ) sinus rhythm left axis deviation left anterior fascicular block right bundle branch block bifascicular block pr interval is at about upper limit of normal q wave in v2 old anteroseptal infarct cannot be exclu edit asmi xxxx crbbb lafb zielbereich xxxx bbb xxxx % myocardial infarct xxxx % ,1,['anteroseptal_infarct']
 sinus rhythm q wave in ii iii avf v4 xxxx t wave are flat in ii iii avf v4 and inverted in i avl v5 xxxx consistent with ischaemic heart disease with infero - lateral myocardial infarct probably old it is difficult to determine whether any ch ,1,['inferolateral_infarct']
 premature ventricular contraction ( s ) sinus rhythm left axis deviation q wave in ii iii avf st segments are depressed and t wave inverted in i avl v5 xxxx consistent with ischaemic heart disease with old inferior myocardial infarct ,1,['inferior_infarct']
 sinus rhythm prolonged pr interval low limb lead voltage qs complex in v2 and tiny r wave in v3 suggesting old anteroseptal myocardial infarct ,1,['anteroseptal_infarct']
 sinus rhythm q wave in v2 xxxx consistent with old anteroseptal myocardial infarct q wave in ii iii avf consistent with old inferior myocardial infarct ,2,"['inferior_infarct', 'anteroseptal_infarct']"
 sinus tachycardia left axis deviation left anterior fascicular block qs complex in v2 xxxx consistent with old anteroseptal myocardial infarct ,1,['anteroseptal_infarct']
 sinus rhythm left atrial enlargement right bundle branch block q wave in ii iii avf st segments are depressed in i ii iii avf v4 xxxx consistent with ischaemic heart disease with old inferior myocardial infarct ,1,['inferior_infarct']
 sinus rhythm voltages are high in limb leads suggesting lvh q wave in v2 suggesting old anteroseptal myocardial infarct non - specific st segment depression in i avl v5 xxxx the tracing has been repeated to confirm the unusual appearances in v2 ,1,['anteroseptal_infarct']
 sinus rhythm qs complex in v2 suggesting old anteroseptal myocardial infarct st segments are depressed in i v4 xxxx non - specific but consistent with myocardial ischaemia and digitalis effect edit asmi xxxx lvh xxxx isc_50 sokolow xxxx fehlendes r v1 - xxxx ( asmi xxxx lvh xxxx isc_ xxxx ) ,1,['anteroseptal_infarct']
 sinus rhythm prolonged pr interval right bundle branch block q wave in ii iii avf consistent with old inferior myocardial infarct ,1,['inferior_infarct']
 sinus rhythm voltages are high in chest leads suggesting lvh st segments are depressed in i ii v4 xxxx t wave are low or flat in limb leads and v4 xxxx this may be due to lv strain or ischaemia tiny r wave in v2 old anteroseptal infarct cannot be e ,1,['anteroseptal_infarct']
 atrial fibrillation with rapid ventricular response low limb lead voltage tiny r wave in v2 xxxx this may be normal but old anteroseptal infarct cannot be entirely excluded ,1,['anteroseptal_infarct']
 premature atrial contraction ( s ) sinus rhythm possible left atrial enlargement non - specific t wave flattening in v5 xxxx poor progression of r wave in anterior chest leads old anteroseptal myocardial infarct cannot be excluded ,1,['anteroseptal_infarct']
 sinus rhythm q wave in ii iii avf t wave are flat in limb leads and v6 consistent with ischaemic heart disease with old inferior myocardial infarct ,1,['inferior_infarct']
 sinus rhythm q wave st segment elevation and t wave inversion in ii iii avf v5 xxxx st segments are depressed in i avl consistent with inferolateral myocardial infarct which appears recent ,1,['inferolateral_infarct']
 atrial fibrillation premature ventricular contraction ( s ) voltages are high in chest leads suggesting lvh q wave in ii iii avf consistent with old inferior myocardial infarct ,1,['inferior_infarct']
 sinus tachycardia voltages in chest leads are at upper limit st segments are depressed in i avl v4 xxxx t wave are inverted in i avl v2 - xxxx this may be due to myocardial ischaemia or subendocardial infarct the t wave change have developed sinc ,1,['generic_infarct']
 atrial fibrillation fibrillation wave in v1 are coarse qs complex in v2 and tiny r wave in v3 consistent with old anteroseptal myocardial infarct non - specific t wave flattening in limb leads and v5 xxxx ,1,['anteroseptal_infarct']
 sinus rhythm t wave are inverted in v2 xxxx findings are likely to be due to ischaemic heart disease and may represent anterior subendocardial infarct of uncertain age edit injan xxxx ( injas ) ,1,['anterior_infarct']
 atrial fibrillation inferior infarct of undetermined age ,1,['inferior_infarct']
 sinus arrhythmia low limb lead voltage st segments are depressed and t wave inverted in v2 xxxx this may be due to myocardial ischaemia or subendocardial infarct but in the clinical context of respiratory disease it may indicate right heart stra ,1,['generic_infarct']
 sinus rhythm compared with tracing of xxxx t wave inversion in i ii avl v2 is a little deeper t wave remain inverted in v3 - xxxx findings are likely to be due to recent subendocardial infarct edit injas injal sokolow xxxx ( injas xxxx injal xxxx ) ,1,['generic_infarct']
 sinus rhythm st segments are depressed in i ii v5 xxxx q wave in ii iii avf consistent with old inferior myocardial infarct voltages are high in limb leads suggesting lvh ,1,['inferior_infarct']
 sinus rhythm possible left atrial enlargement q wave in v2 an old anteroseptal infarct cannot be excluded ,1,['anteroseptal_infarct']
 sinus rhythm q wave in ii iii avf consistent with old inferior myocardial infarct q wave in v2 and tiny r wave in v3 an old anteroseptal infarct cannot be excluded ,2,"['inferior_infarct', 'anteroseptal_infarct']"
 sinus rhythm voltages are high in limb leads suggesting lvh q wave in v2 suggesting old anteroseptal infarct st segments are depressed in i avl v4 xxxx t wave are flat or slightly inverted in these leads this may be due to lv strain or ischaemia ,1,['anteroseptal_infarct']
 sinus rhythm poor anteroseptal r progression indicates possible previous infarct nonspecific lateral t flattening ,1,['generic_infarct']
 sinus rhythm evolving inferolateral infarct since xxxx ,1,['inferolateral_infarct']
 sinus rhythm non - specific intraventricular delay voltages are high in chest leads suggesting lvh qs complex in v2 xxxx consistent with anterior myocardial infarct probably old persistent st segment elevation in v2 xxxx may indicate a ventricular a ,1,['anterior_infarct']
 sinus rhythm prolonged pr interval right bundle branch block probable old lateral infarct there is gross skeletal muscle artifact ,1,['lateral_infarct']
 sinus rhythm prolonged pr interval voltages are high in limb leads suggesting lvh old inferior myocardial infarct cannot be excluded ,1,['inferior_infarct']
 sinus rhythm q wave in ii iii avf st segments are depressed in i avl v5 xxxx t wave are inverted in i ii avl v2 - xxxx consistent with ischaemic heart disease with old inferior myocardial infarct ,1,['inferior_infarct']
 premature ventricular contraction ( s ) couplets atrial fibrillation with rapid ventricular response left axis deviation left anterior fascicular block voltages are high in limb leads suggesting lvh possible old anteroseptal myocardial infarct non - ,1,['anteroseptal_infarct']
 sinus rhythm t wave are flat in i v6 and inverted in avl non - specific but consistent with myocardial ischaemia possible old inferior myocardial infarct ,1,['inferior_infarct']
 sinus rhythm t wave are inverted in i ii avl v4 xxxx this may be due to lv strain or ischaemia lateral subendocardial infarct of uncertain age cannot be excluded edit injal sokolow xxxx ( injal ) ,1,['lateral_infarct']
 premature atrial contraction ( s ) sinus tachycardia left axis deviation left anterior fascicular block probable old anteroseptal infarct anterolateral st and t wave change which are non - diagnostic ,1,['anteroseptal_infarct']
 sinus rhythm prolonged pr interval low limb lead voltage q wave in ii iii avf consistent with old inferior myocardial infarct t wave are inverted in i avl v2 - xxxx this may be due to anterior and lateral myocardial ischaemia or subendocardial ,1,['inferior_infarct']
 sinus rhythm borderline lvh on voltage criteria possible old inferior myocardial infarct ,1,['inferior_infarct']
 sinus rhythm possible left atrial enlargement left ventricular hypertrophy possible old inferior myocardial infarct st segments are depressed in i ii avl v3 - xxxx t wave are inverted in ii iii avf v3 - xxxx this may be due to lv strain or ischaemia ,1,['inferior_infarct']
 sinus rhythm voltages are high in chest leads suggesting lvh qs complex in v2 xxxx consistent with old anteroseptal myocardial infarct ,1,['anteroseptal_infarct']
 sinus tachycardia poor progression of r wave in anterior chest leads suggesting old anteroseptal myocardial infarct ,1,['anteroseptal_infarct']
 sinus rhythm left axis deviation left anterior fascicular block qs complex in v2 xxxx consistent with old anteroseptal myocardial infarct st segments are depressed in i avl v6 this may be due to lv strain or ischaemia ,1,['anteroseptal_infarct']
 sinus rhythm voltages are high in chest leads suggesting lvh q wave in ii iii avf consistent with old inferior myocardial infarct non - specific t wave flattening in i and inversion in avl ,1,['inferior_infarct']
 sinus rhythm qs complex and st segments are elevated in v2 xxxx t wave are inverted in i avl v2 - xxxx st segments are depressed in ii iii avf consistent with anteroseptal myocardial infarct which is probably recent ,1,['anteroseptal_infarct']
 sinus rhythm q wave in ii iii avf consistent with old inferior myocardial infarct no definite voltage evidence of lvh ,1,['inferior_infarct']
 sinus rhythm left axis deviation left anterior fascicular block non - specific intraventricular block qs complex in v2 suggesting old anteroseptal infarct ,1,['anteroseptal_infarct']
 atrial fibrillation left axis deviation right bundle branch block q wave in ii iii avf consistent with inferior myocardial infarct probably old possible old anteroseptal myocardial infarct ,2,"['inferior_infarct', 'anteroseptal_infarct']"
 sinus rhythm prolonged pr interval st segments are depressed in i ii v4 xxxx t wave are low in limb leads and v4 xxxx this may be due to lv strain or ischaemia poor progression of r wave in anterior chest leads old anteroseptal myocardial infarcti ,1,['anteroseptal_infarct']
 sinus rhythm q wave in ii iii avf st segments are slightly depressed in v5 xxxx t wave are flat in limb leads and v4 xxxx consistent with ischaemic heart disease with old inferior myocardial infarct ,1,['inferior_infarct']
 premature ventricular contraction ( s ) atrial fibrillation low limb lead voltage qs complex in v2 and tiny r wave in v3 suggesting old anteroseptal infarct non - specific t wave flattening in i avl v5 xxxx ,1,['anteroseptal_infarct']
 sinus rhythm q wave in ii iii avf st segments are depressed and t wave inverted in i ii iii avf v5 xxxx consistent with ischaemic heart disease with old inferior myocardial infarct ,1,['inferior_infarct']
 sinus rhythm st segments are depressed and t wave inverted in i ii avl v3 - xxxx anterolateral ischaemia or subendocardial infarct of uncertain age is likely ,1,['generic_infarct']
 atrial fibrillation premature ventricular contraction ( s ) non - specific intraventricular block left ventricular hypertrophy qs complex in v2 xxxx consistent with old anterior myocardial infarct non - specific st and t wave change ,1,['anterior_infarct']
 sinus rhythm prolonged pr interval possible old inferior infarct non - specific st segment depression and t wave flattening in i avl ,1,['inferior_infarct']
 sinus rhythm st segments are depressed in i ii avl v5 xxxx non - specific but consistent with myocardial ischaemia poor progression of r wave in anterior chest leads old anterior myocardial infarct cannot be excluded ,1,['anterior_infarct']
 atrial fibrillation with rapid ventricular response left axis deviation left anterior fascicular block probable old anteroseptal infarct ,1,['anteroseptal_infarct']
 sinus tachycardia qs complex in v2 suggesting old anteroseptal infarct st segments are depressed in i ii avl v4 xxxx this may be due to lv strain or ischaemia ,1,['anteroseptal_infarct']
 sinus rhythm t wave are flat in i and inverted in avl v2 - xxxx findings are likely to be due to ischaemic heart disease they may represent subendocardial infarct of uncertain age edit injas injal sokolow xxxx ( injas injal ) ,1,['generic_infarct']
 sinus rhythm left axis deviation left anterior fascicular block q wave in v2 xxxx consistent with old anteroseptal myocardial infarct st segments are depressed in i avl t wave are low or flat in these leads this may be due to lv strain or isch ,1,['anteroseptal_infarct']
 premature atrial contraction ( s ) sinus rhythm non - specific intraventricular delay q wave in ii iii avf consistent with old inferior myocardial infarct widespread st segment depression myocardial ischaemia is likely ,1,['inferior_infarct']
 sinus rhythm q wave in ii iii avf t wave are inverted in v2 xxxx consistent with ischaemic heart disease with old inferior myocardial infarct ,1,['inferior_infarct']
 sinus rhythm st segments are slightly depressed in ii iii avf v6 t wave are inverted in i avl v5 xxxx findings are likely to be due to ischaemic heart disease lateral subendocardial infarct of uncertain age is a possibility ,1,['lateral_infarct']
 atrial fibrillation with rapid ventricular response premature ventricular contraction ( s ) qs complex in v2 suggesting old anteroseptal myocardial infarct minor non - specific st and t wave change ,1,['anteroseptal_infarct']
 sinus rhythm left anterior fascicular block qrs ( t ) contour abnormality consistent with inferior infarct probably old ,1,['inferior_infarct']
 sinus rhythm ventricular premature contraction anterior and inferior st wave change consistent with ischaemia or non - q wave infarct ,1,['generic_infarct']
 sinus rhythm non - specific intraventricular block q wave in ii iii avf v5 xxxx t wave are inverted in these leads consistent with old inferolateral myocardial infarct ,1,['inferolateral_infarct']
 sinus rhythm voltages are high in limb leads suggesting lvh q wave in v2 xxxx consistent with old anteroseptal myocardial infarct st segments are depressed in i avl t wave are flat in i and inverted in avl this may be due to lv strain or ischaemi ,1,['anteroseptal_infarct']
 sinus rhythm voltages are high in limb leads suggesting lvh q wave and st segment elevation in v2 xxxx t wave are inverted in ii iii avf v2 - xxxx consistent with ischaemic heart disease with antero - septal myocardial infarct of uncertain age possibl ,1,['anteroseptal_infarct']
 sinus rhythm leftward axis qs complex in v2 consistent with anteroseptal infarct of uncertain age st segments are depressed in i avl v3 t wave are low or flat in i avl v4 xxxx findings are likely to be due to ischaemic heart disease ,1,['anteroseptal_infarct']
 atrial fibrillation non - specific intraventricular delay left ventricular hypertrophy q wave in v2 and tiny r wave in v3 consistent with old anteroseptal myocardial infarct st segments are depressed and t wave inverted in i avl v5 xxxx this may ,1,['anteroseptal_infarct']
 sinus rhythm possible left atrial enlargement voltages are high in limb leads suggesting lvh qs complex in v2 and tiny r wave in v3 suggesting old anteroseptal infarct ,1,['anteroseptal_infarct']
 sinus rhythm q wave in ii iii avf t wave are low or flat in limb leads and v4 xxxx consistent with ischaemic heart disease with old inferior myocardial infarct ,1,['inferior_infarct']
 sinus rhythm left axis deviation left anterior fascicular block voltages are high in limb leads suggesting lvh q wave in v2 suggesting old anteroseptal myocardial infarct st segments are depressed in i avl t wave are flat in i and inverted in ,1,['anteroseptal_infarct']
 sinus rhythm right bundle branch block q wave in v2 xxxx suggesting old anteroseptal myocardial infarct ,1,['anteroseptal_infarct']
 atrial fibrillation st segments are depressed in v4 xxxx t wave are low or flat in limb leads and v4 xxxx findings are likely to be due to ischaemic heart disease and digitalis effect possible old inferior myocardial infarct ,1,['inferior_infarct']
 sinus rhythm q wave in v3 - xxxx st segments are elevated in v2 - xxxx consistent with anterior infarct of uncertain age recent damage cannot be excluded edit asmi almi imi ( alter ) ,1,['anterior_infarct']
 sinus rhythm qs complex in v2 suggesting old anteroseptal myocardial infarct otherwise normal ecg ,1,['anteroseptal_infarct']
 sinus rhythm right bundle branch block possible old inferior infarct edit imi xxxx asmi xxxx crbbb ( imi xxxx asmi xxxx crbbb ) ,1,['inferior_infarct']
 sinus tachycardia q wave in ii iii avf consistent with old inferior myocardial infarct ,1,['inferior_infarct']
 sinus rhythm voltages are high in chest leads suggesting lvh qs complex in v2 and q wave in v3 - xxxx and in i ii avl consistent with old anterior and lateral myocardial infarct st segments are depressed in i ii iii avf v4 xxxx findings are ,1,['lateral_infarct']
 sinus rhythm left axis deviation left anterior fascicular block prolonged pr interval ( xxxx sec ) possible old anteroseptal infarct otherwise no definite pathology ,1,['anteroseptal_infarct']
 sinus tachycardia left axis deviation qs complex in v2 xxxx consistent with old anteroseptal myocardial infarct q wave in ii iii avf consistent with old inferior myocardial infarct ,2,"['inferior_infarct', 'anteroseptal_infarct']"
 sinus rhythm left axis deviation non - specific intraventricular block st segments are depressed in i avl v6 t wave are inverted in avl non - specific but consistent with myocardial ischaemia q wave in i avl suggest old lateral infarct ,1,['lateral_infarct']
 sinus rhythm q wave in ii iii avf consistent with old inferior myocardial infarct st segments are depressed in i ii avl t wave are inverted in i avl v2 - xxxx findings are likely to be due to ischaemic heart disease subendocardial infarct ,1,['inferior_infarct']
 premature atrial contractions sinus tachycardia poor r progression v1 - xxxx but previous anteroseptal infarct unlikely ,1,['anteroseptal_infarct']
 sinus rhythm non - specific intraventricular block qs complex in v2 suggesting old anteroseptal infarct voltages are high in limb leads suggesting lvh st segments are depressed in i ii avl v5 xxxx t wave are inverted in i avl and low or flat in ii ,1,['anteroseptal_infarct']
 premature ventricular contraction ( s ) premature atrial contraction ( s ) sinus rhythm grossly prolonged pr interval left axis deviation q wave in ii iii avf consistent with old inferior myocardial infarct ,1,['inferior_infarct']
 atrial fibrillation with rapid ventricular response premature ventricular contraction ( s ) possible left ventricular hypertrophy qs complex in v2 xxxx consistent with anteroseptal myocardial infarct of uncertain age st segments are depressed and t wa ,1,['anteroseptal_infarct']
 premature ventricular contraction ( s ) sinus rhythm left axis deviation q wave in ii iii avf consistent with old inferior myocardial infarct t wave are flat or slightly inverted throughout findings are likely to be due to ischaemic heart d ,1,['inferior_infarct']
 atrial fibrillation left axis deviation left anterior fascicular block right bundle branch block bifascicular block probable left ventricular hypertrophy q wave in v1 xxxx consistent with old anteroseptal myocardial infarct ,1,['anteroseptal_infarct']
 sinus rhythm qs complex in v2 xxxx consistent with old anteroseptal myocardial infarct q wave in ii iii avf consistent with old inferior myocardial infarct non - specific t wave flattening in i avl v5 xxxx ,2,"['inferior_infarct', 'anteroseptal_infarct']"
 sinus tachycardia left axis deviation qs complex in v2 xxxx consistent with old anteroseptal myocardial infarct t wave are slightly inverted in i avl v5 xxxx findings are likely to be due to ischaemic heart disease the age of the change is u ,1,['anteroseptal_infarct']
 sinus rhythm right bundle branch block q wave in ii iii avf st segments are depressed and t wave inverted in ii iii avf v4 xxxx consistent with ischaemic heart disease with old inferior myocardial infarct ,1,['inferior_infarct']
 sinus tachycardia pr interval is at about upper limit of normal left axis deviation incomplete right bundle branch block q wave in ii iii avf consistent with old inferior myocardial infarct ,1,['inferior_infarct']
 sinus rhythm qs complex in v2 and small r wave in v3 suggesting old anteroseptal myocardial infarct ,1,['anteroseptal_infarct']
 premature atrial contraction ( s ) sinus rhythm q wave in v2 and tiny r wave in v3 suggesting old anteroseptal myocardial infarct edit asmi xxxx alter infarkt wahrscheinlich ( asmi xxxx ) ,1,['anteroseptal_infarct']
 atrial fibrillation q wave in v2 qs complex in v3 consistent with old anteroseptal myocardial infarct ,1,['anteroseptal_infarct']
 sinus rhythm left axis deviation left anterior fascicular block voltages are high in limb leads suggesting lvh q wave in v2 suggests old anteroseptal infarct t wave are low in i avl v5 xxxx prolonged qt this may be due to a drug effect or an ele ,1,['anteroseptal_infarct']
 premature atrial contraction ( s ) sinus tachycardia poor progression of r wave in anterior chest leads st segments are elevated in v2 xxxx st segments are depressed in i ii v5 xxxx t wave are inverted in i avl v5 xxxx anterior myocardial infarct of ,1,['anterior_infarct']
 atrial fibrillation with rapid ventricular response non - specific intraventricular block q wave and st segment elevation in v2 - xxxx consistent with anterior and lateral myocardial infarct which is probably recent q wave and slight st segment elevatio ,1,['lateral_infarct']
 sinus rhythm st segments are depressed in i avl v4 xxxx t wave are inverted in avl v2 xxxx and flat in i v5 xxxx findings are likely to be due to ischaemic heart disease anterior subendocardial infarct of uncertain age is a possibility edit injas xxxx ( injas xxxx ) ,1,['anterior_infarct']
 sinus rhythm left axis deviation q wave in ii iii avf consistent with old inferior myocardial infarct qs complex in v2 xxxx consistent with old anterior myocardial infarct st segments are depressed in i avl v6 t wave are low or flat ,2,"['anterior_infarct', 'inferior_infarct']"
 sinus rhythm prolonged pr interval left axis deviation right bundle branch block qs complex in ii iii avf consistent with inferior myocardial infarct of uncertain age ,1,['inferior_infarct']
 sinus bradycardia pr interval is prolonged ( up to xxxx sec ) possible old anteroseptal myocardial infarct the cause of the bradycardia is not evident ,1,['anteroseptal_infarct']
 sinus rhythm left axis deviation qs complex in v2 - xxxx t wave are inverted in these leads and flat in i v6 consistent with ischaemic heart disease with anterior myocardial infarct probably old ,1,['anterior_infarct']
 sinus rhythm st segments are elevated in v2 t wave are inverted in ii v2 - xxxx and flat in i avl findings are likely to be due to ischaemic heart disease and may represent anterior subendocardial infarct of uncertain age edit injas xxxx lvh xxxx isc sokolow xxxx ( injas ) ,1,['anterior_infarct']
 atrial fibrillation qs complex in v2 and tiny r wave in v3 consistent with old anteroseptal myocardial infarct ,1,['anteroseptal_infarct']
 sinus arrhythmia right bundle branch block edit asmi xxxx crbbb myocardial infarct xxxx % bbb xxxx % ( crbbb ) ,1,['generic_infarct']
 premature ventricular contraction ( s ) premature atrial contraction ( s ) sinus rhythm pr interval is sometimes prolonged left axis deviation qs complex in v2 xxxx and q wave in v4 consistent with old anterior myocardial infarct st segments are depresse ,1,['anterior_infarct']
 sinus rhythm prolonged pr interval left axis deviation low limb lead voltage non - specific intraventricular block probable old anterior and inferolateral myocardial infarcts ,1,['inferolateral_infarct']
 sinus rhythm prolonged pr interval q wave in v3 - xxxx st segments are elevated in v2 - xxxx t wave are low or flat in limb leads and inverted in v2 - xxxx consistent with ischaemic heart disease with anterior and lateral myocardial infarct of uncertain age edit asmi xxxx almi xxxx ( asmi xxxx lmi xxxx ) ,1,['lateral_infarct']
 sinus bradycardia possible left atrial enlargement left ventricular hypertrophy qs complex in v2 and tiny r wave in v3 consistent with anteroseptal myocardial infarct probably old st segments are depressed and t wave inverted in i avl ,1,['anteroseptal_infarct']
 premature atrial contraction ( s ) sinus rhythm p wave are inconspicuous and pr interval is prolonged left axis deviation low limb lead voltage qs complex in v2 xxxx consistent with old anteroseptal myocardial infarct q wave in ii iii avf cons ,1,['anteroseptal_infarct']
 sinus rhythm left axis deviation deep but narrow q wave in i avl v4 xxxx may indicate septal hypertrophy rather than old infarct otherwise no definite pathology edit lvh xxxx tiefe schmale qv5 xxxx vh xxxx % sokolow xxxx ( lvh xxxx sehyp ) ,1,['generic_infarct']
 sinus rhythm st segments are slightly depressed in v4 xxxx t wave are low or flat in v2 xxxx non - specific but consistent with myocardial ischaemia possible old inferior infarct ,1,['inferior_infarct']
 sinus rhythm prolonged pr interval old anteroseptal infarct probable old inferior infarct ,2,"['inferior_infarct', 'anteroseptal_infarct']"
 atrial fibrillation inferior t wave inversion and lateral t wave flattening consistent with ischaemia or inferior subendocardial infarct ,1,['inferior_infarct']
 sinus rhythm prolonged pr interval left axis deviation non - specific intraventricular block old anterior and inferolateral myocardial infarcts ,1,['inferolateral_infarct']
 sinus rhythm t wave are inverted in i avl v5 xxxx this may be due to myocardial ischaemia or lateral subendocardial infarct of uncertain age edit injal sokolow xxxx ( injal ) ,1,['lateral_infarct']
 atrial fibrillation premature ventricular contraction ( s ) non - specific intraventricular block qs complex in v2 xxxx consistent with old anterior myocardial infarct q wave in i avl v6 consistent with old lateral myocardial infarct ,2,"['anterior_infarct', 'lateral_infarct']"
 sinus tachycardia old inferior myocardial infarct cannot be excluded non - specific st and t wave change in i avl ,1,['inferior_infarct']
 premature ventricular contraction ( s ) atrial fibrillation with rapid ventricular response possible old inferior infarct non - specific st and t wave change ,1,['inferior_infarct']
 sinus rhythm left axis deviation qs complex in v2 xxxx consistent with old anteroseptal myocardial infarct st segments are depressed and t wave inverted in i avl v5 xxxx this may be due to lv strain or ischaemia ,1,['anteroseptal_infarct']
 sinus rhythm left axis deviation q wave in v2 suggesting old anteroseptal infarct non - specific t wave flattening in avl v5 xxxx ,1,['anteroseptal_infarct']
 sinus rhythm prolonged pr interval q wave in v2 and tiny r wave in v3 suggesting old anteroseptal myocardial infarct ,1,['anteroseptal_infarct']
 premature atrial contractions sinus rhythm probable lv hypertrophy small q wave noted in inferior and lateral chest leads these may reflect lvh but cant exclude old infarct edit ilmi xxxx lvh xxxx tiefe grenzwertig schmale qii iii v4 - xxxx sokolow xxxx ( ilmi xxxx lvh xxxx sehyp ) ,1,['generic_infarct']
 premature atrial contractions bigeminy sinus rhythm qs complex in v2 suggesting old anteroseptal infarct ,1,['anteroseptal_infarct']
 atrial fibrillation low limb lead voltage qs complex in v2 and small r wave in v3 suggesting old anteroseptal myocardial infarct ,1,['anteroseptal_infarct']
 sinus bradycardia non - specific intraventricular block q wave in ii iii avf consistent with old inferior myocardial infarct non - specific st and t wave change the cause of the bradycardia is not evident ,1,['inferior_infarct']
 sinus arrhythmia possible old inferior infarct ,1,['inferior_infarct']
 sinus rhythm prolonged pr interval left axis deviation possible old inferior infarct ,1,['inferior_infarct']
 atrial fibrillation with controlled ventricular response rate of xxxx per minute low voltages in standard leads poor anterior r wave progression consistent with a small old antero - septal infarct ,1,['anteroseptal_infarct']
 premature ventricular contraction ( s ) sinus tachycardia qs complex in v2 and tiny r wave in v3 suggesting anteroseptal myocardial infarct of uncertain age t wave are inverted in i avl v5 xxxx this may be due to lv strain or ischaemia ,1,['anteroseptal_infarct']
 sinus rhythm r - s transition zone in v leads displaced to the right incomplete right bundle branch block t wave are inverted in v2 - xxxx and low or flat in other leads change may be due to myocardial ischaemia or subendocardial infarct of uncertain ,1,['generic_infarct']
 sinus rhythm left axis deviation non - specific intraventricular block possible old inferior infarct ,1,['inferior_infarct']
 premature ventricular contraction ( s ) sinus tachycardia voltages in chest leads are at upper limit tiny r wave in v2 xxxx suggesting old anteroseptal infarct non - specific t wave flattening in i avl v5 xxxx ,1,['anteroseptal_infarct']
 sinusbradykardie lagetyp normal qrs ( t ) abnormal anteroseptaler myokardschaden nicht auszuschliessen t abnormal in anterioren ableitungen lateralen ableitungen edit injas injal isc xxxx qsv1 ( acute myocardial infarct injal ) ,1,['generic_infarct']
 sinusrhythmus lagetyp normal qrs ( t ) abnorm inferiorer myokardschaden nicht auszuschliessen xxxx unbestätigter bericht edit imi xxxx acute myocardial infarct xxxx qsiii mini - rv1qsv2 ( imi xxxx asmi xxxx ) ,1,['generic_infarct']
 sinusrhythmus linkstyp periphere niederspannung qrs ( t ) abnorm anteroseptaler myokardschaden nicht auszuschliessen inferiorer myokardschaden nicht auszuschliessen xxxx unbestätigter bericht edit imi xxxx acute myocardial infarct xxxx ( imi xxxx asmi xxxx ) ,1,['generic_infarct']
