statement,occurences,proposed label
 sinus rhythm non - specific t wave flattening in v3 xxxx prolonged qt this may be due to a drug effect or an electrolyte disturbance ,1,['t_flattening']
 sinus tachycardia left atrial enlargement non - specific st and t wave change in inferolateral leads findings are likely to be due to ischaemic heart disease ,2,"['st_abnormality', 't_abnormality']"
 sinus rhythm non - specific t wave flattening or slight inversion in v2 xxxx ,1,['t_flattening']
 sinus rhythm minor non - specific t wave flattening in limb leads and v5 xxxx ,3,['t_flattening']
 sinus rhythm minor non - specific t wave flattening in i avl v5 xxxx this is of doubtful significance ,1,['t_flattening']
 sinus rhythm minor non - specific st and t wave change in i avl ,2,"['st_abnormality', 't_abnormality']"
 sinus rhythm left ventricular hypertrophy widespread st segment depression and t wave inversion this may be due to lv strain or ischaemia ,1,['t_inversion']
 sinus rhythm left ventricular hypertrophy possible left atrial enlargement widespread st segment depression and t wave inversion this may be due to lv strain or ischaemia ,1,['t_inversion']
 sinus rhythm non - specific t wave flattening in v2 - xxxx ,2,['t_flattening']
 sinus arrhythmia non - specific t wave flattening in v4 xxxx myocardial ischaemia cannot be excluded ,1,['t_flattening']
 sinus rhythm possible left atrial enlargement q wave and small r wave in v2 suggesting old anteroseptal myocardial infarct non - specific t wave flattening in v6 ,1,['t_flattening']
 atrial fibrillation with rapid ventricular response low limb lead voltage minor non - specific st and t wave change prolonged qt this may be due to a drug effect or an electrolyte disturbance coarse fibrillation wave accord with mitral valve disease ,2,"['st_abnormality', 't_abnormality']"
 sinus rhythm minor nonspecific anterior st t change ,1,['t_abnormality']
 premature ventricular contraction ( s ) a rapid regular supraventricular tachycardia is present rhythm is probably atrial flutter with xxxx av block left ventricular hypertrophy non - specific st and t wave change ,2,"['st_abnormality', 't_abnormality']"
 sinus rhythm minor non - specific t wave flattening in i avl v2 xxxx edit norm xxxx ( ndt ) ,1,['t_flattening']
 sinus rhythm prolonged pr interval left atrial enlargement compared with tracing of xxxx rhythm was previously atrial flutter otherwise it is similar with non - specific st and t wave change ,2,"['st_abnormality', 't_abnormality']"
 atrial fibrillation with rapid ventricular response non - specific st and t wave change ,16,"['st_abnormality', 't_abnormality']"
 sinus rhythm non - specific t wave flattening in i avl ,5,['t_flattening']
 sinus rhythm minor non - specific intraventricular delay minor non - specific t wave flattening no definite evidence of ischaemia or rhythm disturbance minor qt prolongation ,1,['t_flattening']
 sinus rhythm minor non - specific st and t wave change ,8,"['st_abnormality', 't_abnormality']"
 atrial fibrillation with rapid ventricular response left axis deviation left anterior fascicular block non - specific st and t wave change in i avl ,2,"['st_abnormality', 't_abnormality']"
 sinus rhythm non - specific t wave flattening in limb leads and v5 xxxx myocardial ischaemia is a likely cause ,1,['t_flattening']
 sinus rhythm widespread t wave flattening myocardial ischaemia is likely suggest exclude hypokalaemia ,1,['t_flattening']
 sinus rhythm non - specific t wave flattening in i avl v5 xxxx ,11,['t_flattening']
 premature ventricular contraction ( s ) sinus arrhythmia minor non - specific t wave flattening in i avl v6 ,1,['t_flattening']
 sinus rhythm n0n - specific t wave inversion in iii avf this may be normal ,1,['t_inversion']
 sinus rhythm compared with tracings of xxxx and xxxx it is similar to the latter but st segment depression and t wave inversion in inferior leads are a little deeper ,1,['t_inversion']
 atrial fibrillation with slow ventricular response non - specific intraventricular block tiny r wave in v2 xxxx suggesting old anteroseptal myocardial infarct non - specific st and t wave change ,2,"['st_abnormality', 't_abnormality']"
 sinus rhythm q wave and t wave inversion in v2 suggesting old anteroseptal infarct otherwise normal ecg ,1,['t_inversion']
 sinus rhythm q wave in ii iii avf consistent with old inferior myocardial infarct non - specific t wave flattening in i avl v6 ,1,['t_flattening']
 sinus rhythm possible left atrial enlargement minor non - specific t wave flattening in v5 xxxx ,1,['t_flattening']
 sinus rhythm non - specific t wave flattening in v2 xxxx ,3,['t_flattening']
 sinus tachycardia right atrial enlargement incomplete right bundle branch block non - specific st and t wave change in inferolateral leads ,2,"['st_abnormality', 't_abnormality']"
 sinus rhythm q wave and t wave inversion in ii iii avf consistent with old inferior myocardial infarct ,3,['t_inversion']
 premature atrial contraction ( s ) sinus rhythm non - specific t wave flattening in i v4 xxxx myocardial ischaemia is likely ,1,['t_flattening']
 sinus rhythm non - specific t wave flattening in i v2 xxxx ,1,['t_flattening']
 premature atrial contraction ( s ) sinus rhythm left axis deviation left anterior fascicular block qs complex in v2 and tiny r wave in v3 consistent with old anteroseptal myocardial infarct non - specific t wave flattening in limb leads and v5 xxxx ,1,['t_flattening']
 sinus rhythm incomplete right bundle branch block minor non - specific t wave flattening ,1,['t_flattening']
 sinus rhythm incomplete right bundle branch block non - specific t wave change in v4 xxxx myocardial ischaemia is a possible cause ,1,['t_abnormality']
 atrial fibrillation compared with tracing of xxxx st and t wave change are more marked in i ii avl findings are likely to be due to ischaemic heart disease ,2,"['st_abnormality', 't_abnormality']"
 premature atrial contraction ( s ) sinus rhythm left axis deviation left anterior fascicular block voltages are high in chest leads suggesting lvh non - specific intraventricular delay inferolateral st and t wave change these may be due to lv strain or isc ,2,"['st_abnormality', 't_abnormality']"
 sinus rhythm left axis deviation left anterior fascicular block non - specific t wave change in v2 xxxx myocardial ischaemia is a possible cause ,1,['t_abnormality']
 sinus rhythm q wave in v2 suggesting old anteroseptal infarct minor non - specific t wave flattening in i avl ,1,['t_flattening']
 sinus rhythm prolonged pr interval minor non - specific t wave flattening in i avl v6 ,2,['t_flattening']
 premature ventricular contraction ( s ) sinus rhythm left axis deviation tiny r wave in v2 xxxx suggesting old anteroseptal infarct possible old inferior myocardial infarct non - specific st and t wave change in lateral leads ,2,"['st_abnormality', 't_abnormality']"
 sinus rhythm prolonged pr interval qs complex in v2 and tiny r wave in v3 consistent with old anteroseptal myocardial infarct t wave flattening in i avl v4 xxxx st segments are slightly depressed in i avl non - specific but consistent with m ,1,['t_flattening']
 premature ventricular contractions bigeminy sinus tachycardia non - specific st and t wave change ,2,"['st_abnormality', 't_abnormality']"
 premature ventricular contraction ( s ) bigeminy sinus rhythm minor non - specific t wave flattening in i ,1,['t_flattening']
 premature atrial contraction ( s ) sinus rhythm compared with tracing of xxxx it is very similar except for the premature complex st and t wave change persist ,2,"['st_abnormality', 't_abnormality']"
 sinus rhythm incomplete right bundle branch block q wave and t wave inversion in ii iii avf st segments are depressed in i avl v4 xxxx t wave are low or flat in v5 xxxx consistent with ischaemic heart disease with inferior myocardial infarct pr ,1,['t_inversion']
 sinus bradycardia r - s transition zone in v leads displaced to the right minor non - specific st and t wave change in inferolateral leads ,2,"['st_abnormality', 't_abnormality']"
 sinus rhythm non specific intraventricular block left ventricular hypertrophy anterolateral st and t wave change consistent with ischaemia or marked left ventricular strain ,2,"['st_abnormality', 't_abnormality']"
 sinus rhythm minor non - specific t wave flattening in i and inversion in avl ,4,['t_flattening']
 sinus tachycardia compared with tracing of earlier today the previously noted st segment depression now negligible there is t wave flattening in ii iii avf suggest repeat in one week or so edit norm xxxx ( f xxxx ) ansteigende st - senkungen in ii iii flache t v5 xxxx v a rao ,1,['t_flattening']
 premature atrial contraction ( s ) sinus rhythm possible chaotic atrial rhythm this is most commonly associated with chronic respiratory disease minor non - specific st and t wave change in inferior leads ,2,"['st_abnormality', 't_abnormality']"
 sinus rhythm non - specific t wave change in v2 xxxx of uncertain significance in view of possible pulmonary embolism suggest repeat tomorrow if clinically indicated ,1,['t_abnormality']
 sinus rhythm minor non - specific t wave flattening ,2,['t_flattening']
 atrial fibrillation with rapid ventricular response non - specific st and t wave change st segment depression is marked suggest repeat when ventricular rate is controlled ,2,"['st_abnormality', 't_abnormality']"
 sinus rhythm moderate amplitude criteria for lvh prolonged qt this may be due to a drug effect or an electrolyte disturbance anterolateral st and t wave change consistent with left ventricular strain or ischaemia ,2,"['st_abnormality', 't_abnormality']"
 sinus rhythm qs complex in v2 and q wave in v3 suggesting old anteroseptal infarct non - specific t wave flattening in limb leads and v5 xxxx ,1,['t_flattening']
 atrial fibrillation with rapid ventricular response low limb lead voltage non - specific t wave flattening in limb leads and v4 xxxx ,1,['t_flattening']
 sinus rhythm minor non - specific t wave flattening in v2 xxxx ,2,['t_flattening']
 sinus rhythm compared with tracing of xxxx there now t wave flattening in v2 xxxx myocardial ischaemia is a possible cause ,1,['t_flattening']
 sinus rhythm non - specific t wave flattening in i ii avl v4 xxxx ,1,['t_flattening']
 sinus rhythm non - specific t wave inversion in iii avf suggest repeat if clinically indicated ,1,['t_inversion']
 sinus rhythm minor non - specific t wave flattening in i v5 xxxx ,1,['t_flattening']
 sinus rhythm non - specific t wave flattening in i avl chest leads non - specific but consistent with myocardial ischaemia ,1,['t_flattening']
 sinus rhythm minor non - specific t wave flattening in i avl v5 xxxx myocardial ischaemia cannot be excluded ,1,['t_flattening']
 atrial fibrillation with rapid ventricular response r - s transition zone in v leads displaced to the right voltages in limb leads are at upper limit minor non - specific t wave flattening in i avl ,1,['t_flattening']
 sinus rhythm prolonged pr interval non - specific t wave flattening in i avl there is a pause of xxxx cycle lengths without an apparent p wave it may be due to sinus node dysfunction holter monitor may be helpful ,1,['t_flattening']
 premature ventricular contraction ( s ) sinus rhythm voltages are high in chest leads suggesting lvh minor non - specific t wave flattening in limb leads st segments are depressed in v4 xxxx this may be due to lv strain or ischaemia ,1,['t_flattening']
 sinus rhythm left axis deviation right bundle branch block non - specific st and t wave change ,2,"['st_abnormality', 't_abnormality']"
 sinus bradycardia the bradycardia may be due to beta - blocker therapy minor non - specific t wave flattening in v4 xxxx voltages in limb leads are at upper limit ,1,['t_flattening']
 atrial fibrillation with slow regular ventricular response qrs shows incomplete right bundle branch block and may reflect a junctional escape rhythm diffuse st and t abnormality consider ischaemia digoxin toxicity and the possibility that complete av bl ,2,"['st_abnormality', 't_abnormality']"
 atrial fibrillation with slow ventricular response early r - s transition in chest leads probably due to incomplete right bundle branch block widespread non - specific st and t abnormality anterior ischaemia is a possible cause digoxin effects may be contribu ,2,"['st_abnormality', 't_abnormality']"
 sinus rhythm non - specific intero - lateral st and t abnormality ,2,"['st_abnormality', 't_abnormality']"
 sinus rhythm frequent ventricular premature contractions runs of up to three v p c s left ventricular hypertrophy st change consistant with early lv strain prolonged qt ,1,['st_abnormality']
 sinus rhythm prolonged pr interval right bundle branch block probable old inferior infarct antero - lateral st and t wave change suggest possible ischaemia ,2,"['st_abnormality', 't_abnormality']"
 sinus rhythm t wave inversion in lead iii could be ischaemic tracing otherwise normal ,1,['t_inversion']
 sinus rhythm no change in t wave inversion in iii since xxxx otherwise normal tracing ,1,['t_inversion']
 sinus rhythm left anterior fascicular block widespread t wave inversion query resolving pericarditis ischaemia or myocarditis likely ,1,['t_inversion']
 atrial fibrillation rate xxxx per minute diffuse st and t abnormality consistent with strain ischaemia is a possible cause ,2,"['st_abnormality', 't_abnormality']"
 sinus rhythm nonspecific lateral t wave flattening ,1,['t_flattening']
 sinus rhythm minor non - specific st and t wave change in v5 xxxx ,2,"['st_abnormality', 't_abnormality']"
 sinus rhythm non - specific t wave flattening in limb leads and v4 xxxx this may be due to lv strain or ischaemia ,1,['t_flattening']
 sinus rhythm non - specific t wave flattening in v5 xxxx voltages are high in limb leads suggesting lvh ,1,['t_flattening']
 premature ventricular contraction ( s ) sinus rhythm right axis deviation low limb lead voltage possible left posterior fascicular block right bundle branch block non - specific t wave inversion in ii iii avf possible old inferior myocardial infarctio ,1,['t_inversion']
 premature atrial contraction ( s ) sinus tachycardia borderline left axis deviation r - s transition zone in v leads displaced to the left non - specific t wave flattening in i avl v5 xxxx leads v2 xxxx show artifact ,1,['t_flattening']
 premature atrial contraction ( s ) sinus rhythm minor non - specific st and t wave change ,4,"['st_abnormality', 't_abnormality']"
 sinus rhythm left axis deviation non - specific t wave flattening in i avl v5 xxxx ,1,['t_flattening']
 atrial fibrillation low limb lead voltage non - specific st and t wave change ,2,"['st_abnormality', 't_abnormality']"
 sinus rhythm prolonged pr interval possible left atrial enlargement right bundle branch block minor non - specific st and t wave change ,2,"['st_abnormality', 't_abnormality']"
 premature ventricular contraction ( s ) sinus rhythm prolonged pr interval possible left atrial enlargement left axis deviation non - specific intraventricular block old anteroseptal infarct non - specific st and t wave change ,2,"['st_abnormality', 't_abnormality']"
 atrial fibrillation non - specific t wave flattening in v3 xxxx ,1,['t_flattening']
 sinus rhythm non - specific t wave inversion in v2 and flattening in v3 xxxx myocardial ischaemia is a possible cause ,1,['t_inversion']
 sinus rhythm borderline left axis deviation non - specific t wave inversion in iii avf this may be normal ,1,['t_inversion']
 sinus bradycardia compared with tracing of xxxx t wave now inverted in ii iii avf and inversion is more marked in v2 - xxxx the changing pattern is consistent with a recent ischaemia episode with or without actual infarct ,1,['t_inversion']
 atrial fibrillation widespread non - specific st and t wave change findings are likely to be due to ischaemic heart disease and digitalis effect ,2,"['st_abnormality', 't_abnormality']"
 sinus rhythm possible left atrial enlargement voltages are high in limb leads suggesting lvh minor non - specific t wave flattening in v5 xxxx q wave in v2 an old anteroseptal infarct cannot be excluded ,1,['t_flattening']
 sinus rhythm borderline left axis deviation voltages are high in limb leads suggesting lvh non - specific st depression in v5 xxxx ,1,['st_depression']
 sinus tachycardia non - specific t wave flattening in v4 xxxx edit ndt ( ndt ) ,1,['t_flattening']
 sinus rhythm minor non - specific t wave flattening in v3 - xxxx ,1,['t_flattening']
 sinus rhythm non - specific t wave flattening in v3 - xxxx ,2,['t_flattening']
 premature ventricular contraction ( s ) sinus rhythm minor non - specific st depression in ii v5 xxxx edit norm xxxx sokolow xxxx ( norm xxxx ) ,1,['st_depression']
 atrial fibrillation non - specific st and t wave change there is gross artifact in chest leads ,2,"['st_abnormality', 't_abnormality']"
 sinus rhythm compared with tracing of earlier today axis is more to the right t wave change in chest leads are not significantly changed ,1,['t_abnormality']
 sinus bradycardia non - specific st and t wave change in v5 xxxx the cause of the bradycardia is not evident ,2,"['st_abnormality', 't_abnormality']"
 sinus tachycardia left axis deviation left anterior fascicular block non - specific st and t wave change there is much skeletal muscle artifact ,2,"['st_abnormality', 't_abnormality']"
 sinus tachycardia left axis deviation left ventricular hypertrophy non - specific st and t wave change ,2,"['st_abnormality', 't_abnormality']"
 premature ventricular contraction ( s ) bigeminy sinus rhythm non - specific t wave flattening in v2 xxxx ,1,['t_flattening']
 sinus rhythm left axis deviation left anterior fascicular block non - specific t wave flattening in ii v5 xxxx ,1,['t_flattening']
 premature ventricular contraction ( s ) sinus rhythm left atrial enlargement left axis deviation right bundle branch block non - specific st and t wave change in anterior chest leads ,2,"['st_abnormality', 't_abnormality']"
 sinus rhythm non - specific t wave flattening in i and inversion in avl ,6,['t_flattening']
 sinus rhythm minor non - specific st and t wave change in inferior leads ,2,"['st_abnormality', 't_abnormality']"
 sinus rhythm probable old anteroseptal infarct st and t abnormality consider anterolateral ischemia or left ventricular strain inferolateral ischemia or left ventricular strain ,2,"['st_abnormality', 't_abnormality']"
 sinus rhythm leftward axis r - s transition zone in v leads displaced to the right prolonged qt this may be due to a drug effect or an electrolyte disturbance anterolateral st and t wave change which are non diagnostic ,2,"['st_abnormality', 't_abnormality']"
 sinus rhythm incomplete right bundle branch block non - specific t wave flattening in v3 and inversion in v2 myocardial ischaemia is a possible cause suggest repeat if clinically indicated ,1,['t_flattening']
 sinus rhythm non - specific t wave flattening in v4 xxxx ,8,['t_flattening']
 sinus rhythm compared with tracing of xxxx t wave now inverted throughout chest leads and flat in limb leads the significance is uncertain ,1,['t_inversion']
 sinus rhythm minor inferior t wave change which are non - diagnostic ,1,['t_abnormality']
 sinus rhythm prolonged pr interval low limb lead voltage there is slight terminal t wave inversion in v2 xxxx of uncertain significance suggest repeat if clinically indicated ,1,['t_inversion']
 atrial fibrillation with rapid ventricular response non - specific t wave flattening in limb leads and v6 findings are likely to be due to ischaemic heart disease ,1,['t_flattening']
 premature ventricular contraction ( s ) sinus arrhythmia prolonged pr interval abnormal left axis deviation left anterior fascicular block non specific t abnormality ,1,['t_abnormality']
 premature atrial contraction ( s ) sinus rhythm left ventricular hypertrophy st segments are depressed and t wave inverted in i avl v3 - xxxx with terminal t wave inversion in v2 this may be due to lv strain or ischaemia ,1,['t_inversion']
 sinus rhythm voltages in limb leads are at upper limit non - specific t wave flattening in i avl ,1,['t_flattening']
 sinus tachycardia incomplete right bundle branch block non - specific st and t wave change in i avl v5 xxxx ,2,"['st_abnormality', 't_abnormality']"
 sinus rhythm q wave in ii iii avf v4 xxxx t wave are inverted in v3 - xxxx consistent with inferior and anterolateral myocardial infarct compared with tracing of xxxx t wave inversion in chest leads is new and is probably due to a recent ischa ,1,['t_inversion']
 sinus rhythm q wave in ii iii avf suggesting old inferior infarct non - specific t wave flattening in v6 ,1,['t_flattening']
 premature atrial contraction sinus rhythm nonspecific st and t abnormality especially in anterolateral leads ,2,"['st_abnormality', 't_abnormality']"
 sinus rhythm prolonged pr interval leftward axis non - specific t wave flattening in v5 xxxx ,1,['t_flattening']
 premature atrial contraction ( s ) sinus tachycardia incomplete right bundle branch block minor non - specific st and t wave change compared with tracing of xxxx rhythm was previously atrial fibrillation ,2,"['st_abnormality', 't_abnormality']"
 sinus rhythm t wave flattening in anterior leads non diagnostic but could be ischaemic ,1,['t_flattening']
 sinus rhythm minor non - specific t wave flattening in i avl v5 xxxx ,4,['t_flattening']
 sinus rhythm non - specific t wave inversion in v2 and flattening in v3 otherwise normal ecg ,1,['t_inversion']
 pacemaker spikes noted a paced rhythm is present together with sinus complex and atrial premature complex these normal complex show st segment depression and t wave inversion in inferolateral leads findings are likely to be due to ischaemic heart disea ,1,['t_inversion']
 premature ventricular contraction ( s ) sinus rhythm non - specific intraventricular delay q wave and t wave inversion in ii iii avf consistent with old inferior myocardial infarct ,1,['t_inversion']
 rapid regular supraventricular tachycardia without evident p wave non - specific st and t wave change ,2,"['st_abnormality', 't_abnormality']"
 sinus rhythm left axis deviation r - s transition zone in v leads displaced to the left left anterior fascicular block non - specific t wave flattening in lateral chest leads ,1,['t_flattening']
 sinus rhythm borderline left axis deviation non - specific t wave flattening in i avl v5 xxxx ,2,['t_flattening']
 sinus rhythm left anterior fascicular block t abnormality in inferior and anterolateral leads consistent with left ventricular strain or ischaemia ,1,['t_abnormality']
 sinus rhythm compared with tracing of xxxx it is very similar old inferior myocardial infarct and non - specific t wave inversion in v3 - xxxx ,1,['t_inversion']
 atrial fibrillation right bundle branch block non - specific st and t wave change which are probably due to ischaemic heart disease and digitalis effect ,2,"['st_abnormality', 't_abnormality']"
 sinus rhythm minor non - specific t wave flattening throughout myocardial ischaemia cannot be excluded suggest exclude hypokalaemia ,1,['t_flattening']
 sinus rhythm compared with tracing of xxxx old inferior infarct t wave now inverted in v2 but are flattened in v3 - xxxx myocardial ischaemia is likely ,1,['t_inversion']
 sinus rhythm minor non - specific t wave flattening in v6 otherwise no definite pathology ,2,['t_flattening']
 atrial fibrillation widespread st segment depression and t wave flattening or inversion findings are likely to be due to ischaemic heart disease and digitalis effect ,1,['t_flattening']
 sinus rhythm minor non - specific t wave flattening in i avl v6 otherwise normal ecg ,5,['t_flattening']
 sinus rhythm qs complex in v2 old anteroseptal infarct cannot be excluded non - specific t wave flattening in i and inversion in avl ,1,['t_flattening']
 sinus rhythm r - s transition zone in v leads displaced to the right left ventricular hypertrophy q wave st segment elevation and terminal t wave inversion in ii iii avf st segments are depressed in i avl v2 - xxxx consistent with inferior myocardial ,1,['t_inversion']
 sinus rhythm st segments are depressed in i v4 xxxx t wave are low or flat in limb leads and inverted in v2 - xxxx compared with tracing of xxxx t wave inversion in chest leads is deeper consistent with recent ischaemia or possibly anterior subendo edit injas injal ( injas iscal ) ,1,['t_inversion']
 sinus tachycardia r - s transition zone in v leads displaced to the right minor non - specific t wave flattening in i avl ,1,['t_flattening']
 sinus rhythm non specific t flattening in inferolateral leads ,1,['t_flattening']
 sinus rhythm compared with tracing of xxxx t wave now inverted only in v2 xxxx the changing pattern suggests recent ischaemia ,1,['t_inversion']
 sinus rhythm non - specific t wave flattening in v3 prolonged qt this may be due to a drug effect or an electrolyte disturbance ,1,['t_flattening']
 sinus rhythm non - specific t wave flattening in i and inversion in avl otherwise normal ecg ,3,['t_flattening']
 premature ventricular contraction ( s ) sinus tachycardia minor non - specific t wave flattening in limb leads and v6 st segments are slightly depressed in v4 xxxx non - specific but consistent with myocardial ischaemia ,1,['t_flattening']
 sinus rhythm r - s transition in v leads displaced to the left non - specific t wave flattening in anterior chest leads v2 - xxxx ,1,['t_flattening']
 sinus rhythm left axis deviation voltages are high in limb leads suggesting lvh non - specific t wave flattening in ii v4 xxxx and inversion in iii avf non - specific but consistent with inferolateral myocardial ischaemia ,1,['t_flattening']
 sinus rhythm non - specific t wave flattening in inferolateral leads ,4,['t_flattening']
 sinus rhythm anterolateral t wave change consistent with myocardial ischaemia or left ventricular strain ,1,['t_abnormality']
 atrial fibrillation with rapid ventricular response st and t wave change which are non - diagnostic ,4,"['st_abnormality', 't_abnormality']"
 sinus rhythm left ventricular hypertrophy with st and t wave change consistent with strain or ischaemia ,2,"['st_abnormality', 't_abnormality']"
 sinus rhythm st change in v2 - xxxx with appearance that would fit benign early repolarization at a younger age - probably normal but could represent ischaemia or localised pericarditis ,2,"['st_abnormality', 'early_repolarization']"
 sinus rhythm t wave inversion in lead iii - probably a normal variant otherwise normal ecg ,1,['t_inversion']
 sinus rhythm prolonged pr interval left axis deviation left anterior fascicular block non - specific t wave flattening in i avl ,1,['t_flattening']
 premature atrial contraction ( s ) sinus rhythm non specific st depression in lateral chest leads ,1,['st_depression']
 sinus rhythm left axis deviation r - s transition zone in v leads displaced to the left left anterior fascicular block non - specific st and t wave change in i avl this may be due to lv strain or ischaemia ,2,"['st_abnormality', 't_abnormality']"
 sinus tachycardia non - specific t wave flattening in limb leads and v4 xxxx ,1,['t_flattening']
 atrial fibrillation with rapid ventricular response non specific st t abnormality ,1,['t_abnormality']
 sinus tachycardia prolonged pr interval low limb lead voltage non - specific st and t wave change in anterolateral leads ,2,"['st_abnormality', 't_abnormality']"
 premature atrial contraction ( s ) sinus rhythm left axis deviation left anterior fascicular block non - specific t wave flattening in v5 xxxx ,1,['t_flattening']
 sinus rhythm minor non - specific t wave flattening in v3 xxxx ,3,['t_flattening']
 sinus rhythm right axis deviation right bundle branch block q wave and t wave inversion in ii iii avf consistent with old inferior myocardial infarct ,1,['t_inversion']
 sinus rhythm poor anteroseptal r progression but no definite evidence of prior infarct in this region diffuse nonspecific st and t abnormality ischaemia is a possible cause but also consider electrolyte disturbance metabolic and other systemic causes ,2,"['st_abnormality', 't_abnormality']"
 premature atrial contraction sinus rhythm left ventricular hypertrophy widespread deep anterior t inversion ischaemia is a likely cause but lv strain may be contributing ,1,['t_inversion']
 sinus rhythm left axis deviation left anterior fascicular block non - specific st and t wave change compared with tracing of xxxx it is very similar except that atrial fibrillation has reverted to sinus rhythm ,2,"['st_abnormality', 't_abnormality']"
 sinus rhythm prolonged pr interval non - specific t wave flattening in v4 xxxx myocardial ischaemia is likely ,1,['t_flattening']
 sinus rhythm left atrial enlargement left ventricular hypertrophy st and t abnormality consider anterolateral ischemia or left ventricular strain possible old inferior infarct edit imi xxxx lvh xxxx isc_ sokolow xxxx ( imi xxxx lvh xxxx isc_ ) ,2,"['st_abnormality', 't_abnormality']"
 atrial fibrillation with rapid ventricular response right bundle branch block non - specific st and t wave change ,2,"['st_abnormality', 't_abnormality']"
 premature ventricular contraction ( s ) sinus rhythm low limb lead voltage non - specific st and t wave change there is very slight st segment elevation and t wave inversion in ii iii avf this is difficult to assess because of the very low voltages in thes ,3,"['st_abnormality', 't_abnormality', 't_inversion']"
 sinus rhythm anterior st and t wave change consistent with ischaemia possible old inferior myocardial infarct ,2,"['st_abnormality', 't_abnormality']"
 sinus rhythm left atrial enlargement left axis deviation q wave and t wave inversion in ii iii avf consistent with old inferior myocardial infarct non - specific t wave flattening in i avl v6 ,2,"['t_inversion', 't_flattening']"
 sinus rhythm non - specific t wave flattening in v3 - xxxx myocardial ischaemia is likely prolonged qt this may be due to a drug effect or an electrolyte disturbance ,1,['t_flattening']
 sinus rhythm left axis deviation left anterior fascicular block widespread non - specific t wave flattening ,1,['t_flattening']
 sinus rhythm premature atrial contraction ( s ) incomplete right bundle branch block possible old inferior infarct non - specific t wave flattening in i avl v6 ,1,['t_flattening']
 sinus rhythm minor non - specific t wave flattening in i avl ,4,['t_flattening']
 sinus rhythm prolonged pr interval q wave in ii iii avf consistent with old inferior myocardial infarct minor non - specific t wave flattening in i avl ,1,['t_flattening']
 sinus rhythm non - specific t wave flattening in limb leads and v4 xxxx myocardial ischaemia is likely suggest exclude hypokalaemia ,1,['t_flattening']
 premature ventricular contraction ( s ) sinus tachycardia voltages are high in chest leads suggesting lvh qs complex in v2 and small r wave in v3 suggesting old anteroseptal myocardial infarct non - specific t wave inversion in i avl ,1,['t_inversion']
 sinus rhythm minor non - specific t wave flattening in v5 xxxx ,5,['t_flattening']
 atrial fibrillation non specific t abnormality ,1,['t_abnormality']
 sinus rhythm borderline left axis deviation non - specific t wave flattening in i v6 and inversion in avl ,1,['t_flattening']
 sinus rhythm left axis deviation left anterior fascicular block left atrial enlargement t wave abnormality in high lateral leads this is non - specific ,1,['t_abnormality']
 sinus rhythm minor non - specific t wave flattening in i avl v6 ,3,['t_flattening']
 premature ventricular contraction ( s ) atrial fibrillation left axis deviation left anterior fascicular block incomplete right bundle branch block non - specific t wave flattening in i and inversion in avl prolonged qt this may be due to a drug effe ,1,['t_flattening']
 sinus rhythm non - specific t wave flattening in v3 xxxx ,1,['t_flattening']
 atrial fibrillation premature ventricular contraction ( s ) qs complex in v2 and tiny r wave in v3 suggesting old anteroseptal infarct non - specific st and t wave change in i ii v6 ,2,"['st_abnormality', 't_abnormality']"
 sinus rhythm borderline left ventricular hypertrophy anterolateral st and t wave change which suggest myocardial ischaemia or non q wave infarct edit injas xxxx lvh xxxx isc sokolow xxxx ( injan injas lvh xxxx ) ,2,"['st_abnormality', 't_abnormality']"
 sinus rhythm left atrial enlargement left axis deviation extensive anterior infarct probably old non - specific t wave flattening in inferior leads ,1,['t_flattening']
 sinus rhythm left atrial enlargement left axis deviation extensive anterior infarct probably old t wave flattening in inferior leads compared with tracing of xxxx it is very similar slight differences in chest leads may be positional ,1,['t_flattening']
 atrial fibrillation with rapid ventricular response low limb lead voltage incomplete right bundle branch block non - specific st and t wave change ,2,"['st_abnormality', 't_abnormality']"
 sinus rhythm non - specific t wave flattening in i avl v5 xxxx myocardial ischaemia is a possible cause ,1,['t_flattening']
 sinus rhythm left axis deviation low limb lead voltage left anterior fascicular block minor non - specific t wave flattening ,1,['t_flattening']
 atrial fibrillation with slow ventricular response q wave st segment elevation in ii iii avf terminal t wave inversion in iii avf st segments are depressed in i avl v2 xxxx this is probably reciprocal consistent with inferior myocardial infarc ,1,['t_inversion']
 sinus rhythm non - specific t wave flattening in i avl v6 ,5,['t_flattening']
 sinus rhythm minor non - specific t wave flattening in v5 xxxx and minimal st segment depression in i ii ,1,['t_flattening']
 sinus rhythm slight st segment depression and t wave flattening in v4 xxxx non - specific but consistent with myocardial ischaemia ,1,['t_flattening']
 sinus rhythm minor non - specific t wave flattening in i and inversion in avl v2 ,1,['t_flattening']
 sinus tachycardia left axis deviation left anterior fascicular block mild intraventricular conduction delay anterolareral st and t wave change consistent with lv strain or ischaemia ,2,"['st_abnormality', 't_abnormality']"
 sinus rhythm r - s transition zone in v leads displaced to the right non - specific t wave flattening in i avl v4 xxxx myocardial ischaemia is a possible cause ,1,['t_flattening']
 premature atrial contraction ( s ) sinus rhythm left atrial enlargement poor progression of r wave in anterior chest leads generalized st and t wave change which are non - diagnostic ,2,"['st_abnormality', 't_abnormality']"
 sinus rhythm non - specific t wave flattening in v3 otherwise normal ecg ,2,['t_flattening']
 sinus rhythm non - specific t wave flattening in limb leads and v4 xxxx myocardial ischaemia is a possible cause ,4,['t_flattening']
 sinus rhythm low limb lead voltage non - specific t wave inversion in v2 ,1,['t_inversion']
 sinus rhythm small inferior q wave noted left ventricular hypertrophy t inversion in anterolateral leads strain is a likely cause but also consider ischaemia ,1,['t_inversion']
 premature ventricular contraction ( s ) atrial fibrillation with rapid ventricular response non - specific st and t wave change ,2,"['st_abnormality', 't_abnormality']"
 sinus rhythm non - specific t wave flattening in limb leads and v5 xxxx myocardial ischaemia is likely ,3,['t_flattening']
 sinus rhythm possible left atrial enlargement non - specific t wave flattening in i avl v5 xxxx ,1,['t_flattening']
 sinus rhythm st segments are slightly elevated in v3 - xxxx slight terminal t wave inversion in v2 findings are non - specific suggest repeat ,1,['t_inversion']
 rapid regular supraventricular tachycardia no p wave found widespread non - specific st and t wave change ,2,"['st_abnormality', 't_abnormality']"
 sinus rhythm right atrial enlargement non - specific t wave inversion in avl non - specific st segment elevation in v2 xxxx ,1,['t_inversion']
 premature ventricular contraction ( s ) sinus rhythm minor non - specific t wave flattening in v3 otherwise normal ecg ,1,['t_flattening']
 rhythm is atrial flutter with xxxx av block and rapid ventricular response non - specific st and t wave change ,4,"['st_abnormality', 't_abnormality']"
 sinus rhythm st and t abnormality consider anterolateral ischemia or left ventricular strain ,2,"['st_abnormality', 't_abnormality']"
 sinus rhythm left ventricular hypertrophy with non - specific infero - lateral st and t abnormality left ventricular strain is a likely cause but also consider ischaemia small infero - lateral q wave most likely reflect left ventricular hypertrophy ,2,"['st_abnormality', 't_abnormality']"
 sinus rhythm pr interval slightly prolonged possible old inferior infarct non - specific st and t change in infero - lateral leads ,2,"['st_abnormality', 't_abnormality']"
 sinus rhythm minor st and t change prolonged qt query due to medications ,2,"['st_abnormality', 't_abnormality']"
 sinus rhythm ventricular premature contractions with ventricular bigeminy left ventricular hypertrophy on voltage criteria mild non - diagnostic st and t wave change ,2,"['st_abnormality', 't_abnormality']"
 sinus rhythm antero - septal q wave infarct which is probabl old infero - lateral t wave inversion consistent with ischaemia ,1,['t_inversion']
 sinus rhythm left atrial enlargement voltages of left ventricular hypertrophy minor non - diagnostic st change slight qt prolongation no diagnostic change of ischaemia ,1,['st_abnormality']
 atrial fibrillation with moderately rapid ventricular response right bundle branch block clockwise rotation st change in part due to rbbb however change in lead avl and lateral chest leads suggest left ventricular strain ,1,['st_abnormality']
 sinus rhythm p wave vector suggests respiratory disease minor non - diagnostic st change laterally not clearly ischaemic ,1,['st_abnormality']
 sinus rhythm inferior t wave flattening t wave change in v2 - xxxx consistent with anterior ischaemia ,2,"['t_abnormality', 't_flattening']"
 sinus rhythm left anterior fascicular block left ventricular hypertrophy on voltages antero - lateral st and t change consistent with early left ventricular strain ,2,"['st_abnormality', 't_abnormality']"
 sinus rhythm left anterior fascicular block st and t change in lead iii and avf query early left ventricular strain or ischaemia ,2,"['st_abnormality', 't_abnormality']"
 sinus rhythm left axis deviation left anterior fascicular block non - specific t wave flattening in i and inversion in avl ,2,['t_flattening']
 premature atrial contraction ( s ) sinus rhythm minor non - specific t wave flattening in i and inversion in avl ,1,['t_flattening']
 sinus rhythm non - specific t wave flattening in i avl v2 xxxx ,1,['t_flattening']
 sinus rhythm voltages are high in chest leads suggesting lvh minor non - specific t wave flattening in i avl edit lvh xxxx sokolow xxxx ( lvh xxxx ) ,1,['t_flattening']
 premature atrial contraction ( s ) sinus tachycardia minor non - specific st and t wave change ,2,"['st_abnormality', 't_abnormality']"
 a rapid regular supraventricular tachycardia is present non - specific st and t wave change ,2,"['st_abnormality', 't_abnormality']"
 sinus rhythm possible left atrial enlargement minor non - specific st and t wave change ,2,"['st_abnormality', 't_abnormality']"
 sinus rhythm compared with tracing of xxxx rhythm was previously atrial fibrillation the previously inverted t wave now upright and apart from general t wave flattening the present tracing does not show any definite pathology edit ndt ( ndt ) ,2,"['t_inversion', 't_flattening']"
 premature atrial contraction ( s ) sinus rhythm possible left atrial enlargement minor non - specific t wave flattening in i avl ,1,['t_flattening']
 rapid regular supraventricular tachycardia this is probably atrial flutter with xxxx av block non - specific st and t wave change ,2,"['st_abnormality', 't_abnormality']"
 sinus rhythm and junctional rhythm non - specific t wave flattening in i avl v5 xxxx slightly prolonged qt this may be due to a drug effect or an electrolyte disturbance ,1,['t_flattening']
 sinus rhythm minor non - specific t wave flattening in inferolateral leads ,2,['t_flattening']
 premature atrial contraction ( s ) sinus rhythm minor non - specific t wave flattening in i avl v6 ,1,['t_flattening']
 sinus rhythm ventricular premature complex left ventricular hypertrophy diffuse t abnormality consistent with lv strain also consider ischaemia ,1,['t_abnormality']
 premature ventricular contractions trigeminy sinus rhythm voltages are high in chest leads suggesting lvh minor non - specific t wave flattening in i avl v6 ,1,['t_flattening']
 sinus rhythm minor non - specific t wave flattening in i v6 and inversion in avl ,1,['t_flattening']
 atrial fibrillation with rapid ventricular response left axis deviation non - specific intraventricular delay left ventricular hypertrophy qs complex in v2 xxxx consistent with old anteroseptal myocardial infarct non - specific st and t wave change in la ,2,"['st_abnormality', 't_abnormality']"
 sinus rhythm right bundle branch block non - specific st and t wave change ,4,"['st_abnormality', 't_abnormality']"
 sinus rhythm voltages are high in limb leads suggesting lvh non - specific t wave flattening in i avl v5 xxxx ,1,['t_flattening']
 sinus rhythm minor non - specific st and t wave change in inferolateral leads ,4,"['st_abnormality', 't_abnormality']"
 premature ventricular contraction ( s ) sinus rhythm non - specific t wave flattening in i avl v6 ,1,['t_flattening']
 sinus tachycardia compared with tracing of xxxx t wave now inverted in v4 xxxx the changed pattern suggests recent ischaemia edit imi xxxx lvh xxxx isc xxxx vh xxxx frischer imi ( imi xxxx iscal ) ,1,['t_inversion']
 sinus rhythm minor non - specific st and t wave change in lateral leads ,2,"['st_abnormality', 't_abnormality']"
 premature atrial contraction ( s ) sinus rhythm left axis deviation left anterior fascicular block non - specific t wave flattening throughout myocardial ischaemia is likely suggest exclude hypokalaemia ,1,['t_flattening']
 sinus tachycardia non - specific t wave flattening in i avl v5 xxxx ,1,['t_flattening']
 premature atrial contraction sinus tachycardia nonspecific st and t change ,2,"['st_abnormality', 't_abnormality']"
 premature atrial contraction ( s ) sinus rhythm prolonged pr interval non - specific st and t wave change in inferior and antero - lateral leads ,2,"['st_abnormality', 't_abnormality']"
 premature atrial contraction ( s ) sinus rhythm non - specific t wave flattening in i avl v4 xxxx prolonged qt this may be due to a drug effect or an electrolyte disturbance ,1,['t_flattening']
 sinus rhythm voltages are high in limb leads suggesting lvh probable old inferior infarct non - specific t wave flattening in v5 xxxx ,1,['t_flattening']
 sinus rhythm minor non - specific t wave flattening in limb leads and v5 xxxx myocardial ischaemia cannot be excluded slightly prolonged qt suggest exclude hypokalaemia ,1,['t_flattening']
 sinus rhythm frequent premature atrial contraction ( s ) undetermined axis incomplete right bundle branch block qrs ( t ) contour abnormality consider inferior myocardial damage st and t abnormality consider anterior ischemia or left ventricular stra ,2,"['st_abnormality', 't_abnormality']"
 sinus tachycardia premature atrial contraction ( s ) non - specific t wave flattening in i and inversion in avl ,1,['t_flattening']
 sinus rhythm compared with tracing of xxxx it is not significantly changed st and t wave change persist in inferolateral leads slight differences in v2 may be positional ,2,"['st_abnormality', 't_abnormality']"
 atrial fibrillation non - specific t wave flattening in i avl ,1,['t_flattening']
 premature ventricular contraction ( s ) sinus rhythm non - specific intraventricular delay q wave in ii iii avf consistent with old inferior myocardial infarct non - specific st and t wave change in lateral leads ,2,"['st_abnormality', 't_abnormality']"
 sinus arrhythmia minor non - specific t wave flattening in inferolateral leads ,1,['t_flattening']
 sinus rhythm minor non - specific t abnormality prolonged qt this may be due to a drug effect or an electrolyte disturbance ,1,['t_abnormality']
 sinus arrhythmia low limb lead voltage non - specific t wave flattening in i avl v5 xxxx ,1,['t_flattening']
 sinus rhythm old inferior infarct minor t wave flattening qt prolongation this may be due to a drug effect or an electrolyte disturbance ,1,['t_flattening']
 sinus rhythm non - specific t wave flattening in i avl v4 xxxx myocardial ischaemia is likely ,1,['t_flattening']
 premature ventricular contraction ( s ) sinus rhythm compared with tracing of xxxx there now marked t wave flattening in i avl v4 xxxx myocardial ischaemia is likely ,1,['t_flattening']
 sinus rhythm voltages are high in limb leads suggesting lvh non - specific t wave flattening in v5 xxxx ,1,['t_flattening']
 sinus bradycardia minor non - specific st and t wave change in i avl v5 xxxx the cause of the bradycardia is not evident edit norm xxxx schweres baselinewandering ( norm xxxx ) ,2,"['st_abnormality', 't_abnormality']"
 sinus rhythm minor non - specific st and t wave change prolonged qt this may be due to a drug effect or an electrolyte disturbance ,2,"['st_abnormality', 't_abnormality']"
 sinus rhythm voltages in limb leads are at upper limit non - specific t wave flattening in i and inversion in avl ,1,['t_flattening']
 sinus rhythm minor non - specific st and t wave change in i avl v4 xxxx ,2,"['st_abnormality', 't_abnormality']"
 atrial fibrillation with rapid ventricular response incomplete right bundle branch block non - specific st and t wave change ,2,"['st_abnormality', 't_abnormality']"
 sinus rhythm qs complex in v2 and tiny r wave in v3 suggesting old anteroseptal myocardial infarct non - specific t wave flattening in i avl v4 xxxx ,1,['t_flattening']
 rhythm is atrial tachycardia with xxxx av block this is difficult to discern except in lead v1 left axis deviation qs complex in v2 xxxx consistent with old anterior myocardial infarct non - specific st and t wave change ,2,"['st_abnormality', 't_abnormality']"
 sinus rhythm incomplete right bundle branch block non - specific t wave change ,1,['t_abnormality']
 premature atrial contraction ( s ) sinus rhythm non - specific t wave flattening in i avl v4 xxxx myocardial ischaemia is likely prolonged qt this may be due to a drug effect or an electrolyte disturbance ,1,['t_flattening']
 premature ventricular contraction ( s ) premature atrial contraction ( s ) sinus tachycardia voltages are high in chest leads suggesting lvh non - specific st and t wave change in inferolateral leads ,2,"['st_abnormality', 't_abnormality']"
 atrial fibrillation with rapid ventricular response voltages are high in chest leads suggesting lvh non - specific st and t wave change in inferolateral leads ,2,"['st_abnormality', 't_abnormality']"
 sinus rhythm prominent qrs voltages and nonspecific t flattening in lead iii these are not definite abnormality at this age but some degree of lv hypertrophy cannot be excluded ,1,['t_flattening']
 sinus rhythm non - specific t wave flattening in i avl v4 xxxx ,2,['t_flattening']
 atrial fibrillation with rapid ventricular response minor non - specific st and t wave change ,2,"['st_abnormality', 't_abnormality']"
 sinus rhythm low limb lead voltage non - specific t wave flattening in v3 - xxxx myocardial ischaemia is likely ,1,['t_flattening']
 sinus rhythm minor non - specific st and t wave change in avl otherwise normal ecg ,2,"['st_abnormality', 't_abnormality']"
 sinus rhythm left axis deviation left anterior fascicular block minor non - specific t wave flattening in ii v3 - xxxx ,1,['t_flattening']
 sinus rhythm non - specific st and t change ,2,"['st_abnormality', 't_abnormality']"
 sinus rhythm st and t abnormality in anterolateral leads including slight st elevation in v5 and xxxx possible causes include acute ischaemia progress trace advised to exclude acute antero - lateral infarct ,2,"['st_abnormality', 't_abnormality']"
 sinus rhythm borderline left axis deviation probable left ventricular hypertrophy non - specific st and t abnormality most marked in antero - lateral leads likely cause include left ventricular strain ischaemia and digoxin effect ,2,"['st_abnormality', 't_abnormality']"
 sinus rhythm st and t abnormality consistant with anterior ischemia or left ventricular strain ,2,"['st_abnormality', 't_abnormality']"
 sinus rhythm low limb voltage minor non - specific st and t change ,2,"['st_abnormality', 't_abnormality']"
 sinus rhythm minor st and t abnormality consider ischemia or early left ventricular strain ,2,"['st_abnormality', 't_abnormality']"
 sinus rhythm minor non specific t abnormality ,1,['t_abnormality']
 sinus rhythm minor non - diagnostic st and t wave change ,2,"['st_abnormality', 't_abnormality']"
 sinus rhythm precordial voltages of left ventricular hypertrophy minor st change laterally consistent with early left ventricular strain ,1,['st_abnormality']
 sinus rhythm minor lateral t wave flattening normal ecg ,1,['t_flattening']
 sinus rhythm ventricular premature complex left atrial enlargement left anterior fascicular block minor st change consistent with digitalis effect ,1,['st_abnormality']
 sinus rhythm old infero - posterior infarct anterior t abnormality ischaemia is a likely cause ,1,['t_abnormality']
 sinus rhythm non - specific t wave flattening in i and inversion in avl and v2 ,1,['t_flattening']
 premature atrial contraction ( s ) sinus rhythm non - specific t wave flattening in i avl q wave in v2 st segments are elevated in v2 xxxx anteroseptal myocardial infarct of uncertain age cannot be excluded ,1,['t_flattening']
 sinus rhythm incomplete right bundle branch block st and t abnormality in inferior and anterolateral leads likely causes include ischaemia ,2,"['st_abnormality', 't_abnormality']"
 sinus rhythm non - specific intraventricular delay non - specific t wave flattening in i avl v5 xxxx ,1,['t_flattening']
 sinus rhythm non - specific t wave flattening in ii v4 xxxx myocardial ischaemia is a possible cause ,1,['t_flattening']
 sinus rhythm left axis deviation voltages are high in limb leads suggesting lvh non - specific t wave flattening in i avl v6 poor progression of r wave in anterior chest leads old anteroseptal myocardial infarct cannot be excluded ,1,['t_flattening']
 premature atrial contraction ( s ) sinus rhythm low limb lead voltage non - specific t wave flattening in v5 xxxx ,1,['t_flattening']
 sinus rhythm non - specific t wave flattening in v3 - xxxx edit ndt ( ndt ) ,1,['t_flattening']
 premature ventricular contraction ( s ) premature atrial contraction ( s ) sinus tachycardia prolonged pr interval non - specific st and t wave change ,2,"['st_abnormality', 't_abnormality']"
 sinus rhythm left axis deviation incomplete left bundle branch block non - specific st and t wave change in i avl ,4,"['st_abnormality', 't_abnormality']"
 sinus rhythm minor non - specific st and t wave change of doubtful significance edit norm xxxx imi nicht auszuschließen ,2,"['st_abnormality', 't_abnormality']"
 premature atrial contraction ( s ) sinus rhythm left axis deviation low limb lead voltage left anterior fascicular block non - specific st and t wave change in inferolateral leads ,2,"['st_abnormality', 't_abnormality']"
 sinus rhythm minor non - specific t wave change in i avl of doubtful significance ,1,['t_abnormality']
 sinus rhythm non - specific t wave abnormality edit norm xxxx allgemein flache t - wellen ( ndt ) ,1,['t_abnormality']
 premature ventricular contraction ( s ) premature atrial contraction ( s ) sinus rhythm left axis deviation left anterior fascicular block non - specific t wave flattening in i avl v6 ,1,['t_flattening']
 sinus rhythm voltages are high in chest leads suggesting lvh non - specific t wave flattening in i avl some leads ( eg i v5 xxxx ) show appearances suspicious of delta wave pr interval is not short ,1,['t_flattening']
 sinus rhythm voltages are high in chest leads suggesting lvh minor non - specific t wave flattening in i avl v6 ,1,['t_flattening']
 premature ventricular contractions sinus rhythm left axis deviation left anterior fascicular block anterolateral t abnormality consistent with ischaemia ,1,['t_abnormality']
 sinus rhythm q wave in xxxx 3and avf consistent with inferior infarct of undetermined age non - specific st and t wave change ,2,"['st_abnormality', 't_abnormality']"
 sinus rhythm possible left atrial enlargement non - specific intraventricular block non - specific st and t wave change in inferolateral leads ,2,"['st_abnormality', 't_abnormality']"
 sinus rhythm left axis deviation left anterior fascicular block right bundle branch block bifascicular block pr interval is normal voltages are high in limb leads suggesting lvh non - specific st and t wave change in inferolateral leads ,2,"['st_abnormality', 't_abnormality']"
 sinus rhythm voltages in chest leads are at upper limit non - specific t wave flattening in i avl ,1,['t_flattening']
 atrial fibrillation with rapid ventricular response rightward axis r - s transition zone in v leads displaced to the left possible left posterior fascicular block incomplete right bundle branch block non - specific t wave inversion in i avl v2 ,1,['t_inversion']
 sinus rhythm low limb lead voltage non - specific t wave flattening in v4 xxxx ,1,['t_flattening']
 sinus rhythm left axis deviation left anterior fascicular block old anteroseptal myocardial infarct possible old inferior myocardial infarct non - specific st and t wave change in i avl tracing is similar to that of xxxx ,2,"['st_abnormality', 't_abnormality']"
 sinus rhythm st change v2 - v4 pattern of benign early repolarisation borderline left ventricular hypertrophy ,1,['st_abnormality']
 sinus bradycardia compared with tracings of xxxx and xxxx it is very similar to the latter but there now bradycardia the t wave change persist edit injas injal ( injas xxxx injal xxxx ivcb ) ,1,['t_abnormality']
 sinus tachycardia low voltage complex non - specific t wave change in v2 xxxx these suggest ischaemia or right ventricular strain ,1,['t_abnormality']
 sinus tachycardia non - specific terminal t wave inversion in v2 xxxx myocardial ischaemia is a possible cause prolonged qt this may be due to a drug effect or an electrolyte disturbance ,1,['t_inversion']
 sinus rhythm left axis deviation non - specific intraventricular block non - specific st and t wave change ,4,"['st_abnormality', 't_abnormality']"
 sinus rhythm incomplete left bundle branch block non - specific st and t wave change ,2,"['st_abnormality', 't_abnormality']"
 sinus rhythm possible old inferior infarct minor non - specific t wave flattening in i and inversion in avl ,1,['t_flattening']
 sinus rhythm non - specific t wave flattening in ii avf and inversion in iii this may be due to inferior myocardial ischaemia ,1,['t_flattening']
 sinus rhythm voltages are high in chest leads suggesting lvh non - specific t wave inversion in v2 ,1,['t_inversion']
 sinus rhythm minor non - specific t wave flattening in v4 xxxx ,2,['t_flattening']
 sinus rhythm voltages are high in limb leads suggesting lvh minor non - specific t wave flattening in v6 ,1,['t_flattening']
 sinus rhythm incomplete right bundle branch block non - specific t wave inversion in v2 xxxx ,2,['t_inversion']
 sinus rhythm st segments are depressed in i avl v3 - xxxx t wave are low or flat in i avl v5 xxxx this may be due to lv strain or ischaemia compared with tracing of xxxx rhythm was previously atrial fibrillation st and t wave change now less mar ,2,"['st_abnormality', 't_abnormality']"
 atrial fibrillation with rapid ventricular response non - specific intraventricular delay poor progression of r wave in anterior chest leads generalized st and t wave change which are non - diagnostic ,2,"['st_abnormality', 't_abnormality']"
 sinus rhythm non - specific t wave flattening in v6 ,3,['t_flattening']
 sinus rhythm compared with tracing of xxxx st segment elevation in v2 xxxx is less marked t wave inversion is generally less pronounced the changing pattern suggests a recent ischaemic episode with possible anterior infarct ,1,['t_inversion']
 rhythm is atrial flutter with variable av block non - specific t wave abnormality ,1,['t_abnormality']
 atrial fibrillation non - specific st and t wave change these may be due to myocardial ischaemia and digitalis effect ,4,"['st_abnormality', 't_abnormality']"
 premature ventricular contraction ( s ) sinus tachycardia compared with tracing of xxxx rhythm was previously atrial fibrillation st and t wave change persist in inferior and lateral leads ,2,"['st_abnormality', 't_abnormality']"
 sinus rhythm incomplete right bundle branch block non - specific t wave flattening in i and slight inversion in avl ,1,['t_flattening']
 sinus rhythm minor non - specific t wave flattening in chest leads ,3,['t_flattening']
 sinus tachycardia frequent premature atrial contraction ( s ) incomplete right bundle branch block left ventricular hypertrophy non - specific st and t wave change ,2,"['st_abnormality', 't_abnormality']"
 sinus rhythm minor non - specific t wave flattening in i avl edit norm ( ndt ) ,1,['t_flattening']
 sinus rhythm grossly prolonged pr interval r - s transition zone in v leads displaced to the left non - specific t wave change in i avl v5 xxxx ,1,['t_abnormality']
 atrial fibrillation with rapid ventricular response complex ( s ) with aberrant intraventricular conduction left ventricular hypertrophy non - specific st and t wave change in inferolateral leads ,2,"['st_abnormality', 't_abnormality']"
 regular rhythm no p wave found rhythm is probably junctional but sinus rhythm is not excluded non - specific t wave flattening in i avl v6 t wave have a somewhat bifid appearance in v2 - xxxx this is of uncertain significance ,1,['t_flattening']
 pacemaker spikes noted a regular paced rhythm is present together with two spontaneous complex apparently normal pacemaker function the spontaneous complex show left anterior fascicular block and deep t wave inversion in lateral leads findings are li ,1,['t_inversion']
 sinus rhythm voltages are high in chest leads suggesting lvh minor non - specific st and t wave change in inferolateral leads ,2,"['st_abnormality', 't_abnormality']"
 sinus rhythm voltages in limb leads are at upper limit non - specific t wave flattening in i avl v6 ,1,['t_flattening']
 sinus rhythm non - specific st and t wave change in inferolateral leads myocardial ischaemia is likely ,2,"['st_abnormality', 't_abnormality']"
 sinus rhythm premature atrial contractions bigeminy compared with tracing of xxxx previously there were premature atrial contraction ( s ) there now slight st segment depression in i ii avl and t wave flattening in v6 myocardial ischaemia i ,1,['t_flattening']
 sinus rhythm q wave in ii iii avf consistent with old inferior myocardial infarct non - specific t wave flattening in i ii v6 ,1,['t_flattening']
 sinus rhythm non - specific st and t wave change in v2 and v3 ,2,"['st_abnormality', 't_abnormality']"
 atrial fibrillation with rapid ventricular response non - specific t wave flattening in inferolateral leads ,1,['t_flattening']
 sinus rhythm minor non - specific t wave flattening in avl v5 xxxx ,1,['t_flattening']
 sinus rhythm non - specific intraventricular block probable left ventricular hypertrophy non - specific st and t wave change ,2,"['st_abnormality', 't_abnormality']"
 sinus rhythm premature ventricular contraction ( s ) left ventricular hypertrophy non - specific t wave flattening in i avl there is gross skeletal muscle artifact ,1,['t_flattening']
 sinus rhythm non - specific t wave flattening in ii iii avf v6 ,1,['t_flattening']
 sinus rhythm minor non - specific t wave inversion in v2 otherwise normal ecg ,1,['t_inversion']
 sinus rhythm compared with tracing of xxxx there now more definite t wave inversion in ii iii avf v3 - xxxx this may be due to recent ischaemia or infarct it is difficult to determine whether any of the change are old ,1,['t_inversion']
 rhythm is atrial flutter with mainly xxxx av block and rapid ventricular response non - specific st and t wave change ,2,"['st_abnormality', 't_abnormality']"
 sinus rhythm left axis deviation r - s transition zone in v leads displaced to the left left anterior fascicular block non - specific t wave flattening in v3 - xxxx myocardial ischaemia is likely ,1,['t_flattening']
 sinus rhythm non - specific t wave flattening in i avl v6 otherwise no definite pathology ,1,['t_flattening']
 sinus rhythm mild anterolateral t wave change which are non diagnostic ,1,['t_abnormality']
 sinus tachycardia widespread non - specific t abnormality with deep broad t inversion in most leads corrected qt interval is prolonged while ischaemia can cause these global change metabolic abnormality including electrolyte disturbance hypoxia edit injas injal injin ( injas injil lngqt ) ,2,"['t_abnormality', 't_inversion']"
 supraventricular tachycardia possible old inferior infarct minor non - specific st and t change ( lead avl ) ,2,"['st_abnormality', 't_abnormality']"
 sinus rhythm rate xxxx per minute mild generalized non - diagnostic st and t wave change ,2,"['st_abnormality', 't_abnormality']"
 sinus rhythm left venricular hypertrophy st change consistent with left ventricular strain pattern no diagnostic change of ischaemia ,1,['st_abnormality']
 sinus rhythm rate xxxx has developed since ecg of xxxx minor st and t wave change consistent with digoxin effect ,2,"['st_abnormality', 't_abnormality']"
 a rapid slightly irregular supraventricular tachycardia is present this is probably atrial fibrillation with rapid ventricular response voltages are high in chest leads suggesting lvh non - specific st and t wave change in anterolateral leads ,2,"['st_abnormality', 't_abnormality']"
 premature ventricular contraction ( s ) sinus arrhythmia non - specific t wave flattening in i v5 xxxx ,1,['t_flattening']
 sinus rhythm left axis deviation non - specific intraventricular block non - specific t wave flattening in limb leads and v6 ,1,['t_flattening']
 sinus rhythm prolonged pr interval non - specific t wave flattening in i and inversion in avl poor progression of r wave in anterior chest leads old anteroseptal myocardial infarct cannot be excluded ,1,['t_flattening']
 sinus rhythm left axis deviation non - specific intraventricular block voltages are high in limb leads suggesting lvh non - specific st and t wave change in i avl v6 ,2,"['st_abnormality', 't_abnormality']"
 sinus tachycardia qs complex in v2 xxxx consistent with old anteroseptal myocardial infarct non - specific t wave flattening in i and inversion in avl ,1,['t_flattening']
 sinus rhythm t wave flattening in ii v5 xxxx and inversion in iii avf non - specific but consistent with myocardial ischaemia ,1,['t_flattening']
 atrial fibrillation with rapid ventricular response left axis deviation voltages in limb leads are at upper limit non - specific st and t wave change in ii iii avf ,2,"['st_abnormality', 't_abnormality']"
 sinus rhythm non - specific st and t wave change motion artefact in v6 ,2,"['st_abnormality', 't_abnormality']"
 sinus rhythm incomplete right bundle branch block minor non - specific st and t wave change ,2,"['st_abnormality', 't_abnormality']"
 atrial rate = xxxx - min p wave are often inconspicuous sinus rhythm with dropped complex due to second degree av block of wenckebach type compared with tracing of xxxx it is otherwise generally similar with st and t wave change ,2,"['st_abnormality', 't_abnormality']"
 sinus bradycardia non - specific t wave flattening in i and inversion in avl ,1,['t_flattening']
 atrial fibrillation rapid ventricular response xxxx - min left axis deviation old anteroseptal infarct anterolateral st and t abnormality ,2,"['st_abnormality', 't_abnormality']"
 a rapid regular supraventricular tachycardia is present low limb lead voltage non - specific t wave inversion in inferior leads ,1,['t_inversion']
 sinus rhythm minor non - specific t wave flattening in i avl v6 edit ndt ( ndt ) ,1,['t_flattening']
 sinus rhythm voltages are high in chest leads suggesting lvh st segments are depressed and t wave inverted in i avl v3 - xxxx terminal t wave inversion in ii v2 findings are likely to be due to ischaemic heart disease and may represent subendocardi ,1,['t_inversion']
 sinus rhythm diffuse st and t wave change with prolonged qt suggest exclude electrolyte disturbance ischaemia is a possible cause ,2,"['st_abnormality', 't_abnormality']"
 atrial fibrillation q wave and t wave inversion in ii iii avf v5 xxxx consistent with old inferolateral myocardial infarct ,1,['t_inversion']
 sinus rhythm p wave are inconspicuous premature atrial contraction ( s ) non - specific t wave flattening in i avl v6 prolonged qt this may be due to a drug effect or an electrolyte disturbance ,1,['t_flattening']
 sinus rhythm possible left atrial enlargement minor non - specific st depression in v4 xxxx ,1,['st_depression']
 sinus rhythm low limb lead voltage minor non - specific st and t wave change in i ii v4 xxxx ,2,"['st_abnormality', 't_abnormality']"
 atrial fibrillation non - specific intraventricular block left ventricular hypertrophy non - specific st and t wave change these may be due to lv strain or ischaemia and digitalis effect ,2,"['st_abnormality', 't_abnormality']"
 sinus rhythm non - specific t wave flattening in i and inversion in avl v2 ,1,['t_flattening']
 sinus tachycardia non - specific t wave flattening suggest exclude hypokalaemia ,1,['t_flattening']
 sinus rhythm right axis deviation probable left posterior fascicular block non - specific t wave flattening in i avl v6 ,1,['t_flattening']
 sinus rhythm non - specific t wave inversion in v2 otherwise normal ecg ,3,['t_inversion']
 sinus rhythm terminal t wave inversion in v4 is of uncertain significance but myocardial ischaemia cannot be excluded suggest repeat if clinically indicated ,1,['t_inversion']
 sinus bradycardia minor non - specific t wave flattening in v3 xxxx the cause of the bradycardia is not evident ,1,['t_flattening']
 sinus rhythm non - specific t wave flattening in v6 prolonged qt this may be due to a drug effect or an electrolyte disturbance ,1,['t_flattening']
 sinus rhythm non - specific t wave flattening in v5 xxxx ,4,['t_flattening']
 sinus rhythm minor non - specific t wave change in inferolateral leads ,1,['t_abnormality']
 atrial fibrillation probable old inferior infarct poor anterior r wave progression suggests a possible old anteroseptal infarct lateral st and t wave change suggest left ventricular strain or ischaemia ,2,"['st_abnormality', 't_abnormality']"
 sinus rhythm left atrial enlargement left ventricular hypertrophy st and t wave change consistent with lv strain or ischaemia ,2,"['st_abnormality', 't_abnormality']"
 sinus rhythm voltages are high in limb leads suggesting lvh minor non - specific t wave flattening in v2 xxxx ,1,['t_flattening']
 sinus tachycardia incomplete right bundle branch block t abnormality in lateral leads which is non - diagnostic ,1,['t_abnormality']
 sinus rhythm q wave in ii iii avf consistent with old inferior myocardial infarct non - specific t wave flattening in limb leads and v4 xxxx ,1,['t_flattening']
 sinus rhythm voltages are high in chest leads suggesting lvh non - specific t wave flattening in i avl ,2,['t_flattening']
 sinus rhythm prolonged pr interval incomplete right bundle branch block non - specific t wave flattening in v3 xxxx ,1,['t_flattening']
 sinus rhythm minor non - specific t wave flattening in v3 otherwise normal ecg ,1,['t_flattening']
 sinus rhythm prolonged pr interval non - specific t wave flattening in limb leads and v5 slightly prolonged qt this may be due to a drug effect or an electrolyte disturbance ,1,['t_flattening']
 atrial fibrillation with rapid ventricular response low limb lead voltage non - specific st and t wave change ,2,"['st_abnormality', 't_abnormality']"
 sinus tachycardia compared with tracing of xxxx it is very similar but rate is faster st and t wave change are a little more marked ,2,"['st_abnormality', 't_abnormality']"
 premature atrial contraction ( s ) sinus rhythm left atrial enlargement moderate amplitude criteria for lvh st and t abnormality consider anterolateral ischemia or left ventricular strain ,2,"['st_abnormality', 't_abnormality']"
 sinus tachycardia minor non - specific t wave flattening in i ii avl v4 xxxx ,1,['t_flattening']
 sinus rhythm q wave in ii iii avf consistent with old inferior myocardial infarct non - specific t wave flattening in i and inversion in avl ,1,['t_flattening']
 sinus rhythm minor non - specific t wave flattening in i avl otherwise normal ecg ,2,['t_flattening']
 sinus rhythm incomplete right bundle branch block non - specific t wave flattening in v3 xxxx ,1,['t_flattening']
 probable atrial fibrillation but no clear evidence of p wave or fibrillation wave non - specific st and t wave change ,2,"['st_abnormality', 't_abnormality']"
 sinus rhythm st segments are depressed in i avl there is terminal t wave inversion in v2 xxxx recent ischaemia or early infarct is a possibility suggest enzyme studies and repeat tracing edit injas xxxx ,1,['t_inversion']
 sinus rhythm prolonged pr interval possible left atrial enlargement left axis deviation left anterior fascicular block non - specific t wave flattening in i v5 xxxx and inversion in avl ,1,['t_flattening']
 sinus rhythm compared with tracing of xxxx st segment elevation in anterior chest leads is a little more pronounced but there has not been significant change in the t wave t wave now flat rather than slightly inverted in i some recent ante ,1,['t_flattening']
 sinus rhythm non - specific t wave flattening in limb leads and v4 xxxx myocardial ischaemia cannot be excluded suggest exclude hypokalaemia ,1,['t_flattening']
 sinus rhythm non - specific t wave flattening in v6 otherwise normal ecg ,1,['t_flattening']
 sinus rhythm right bundle branch block non - specific t wave abnormality in v3 - xxxx possibly due to bundle branch block ,1,['t_abnormality']
 sinus rhythm incomplete right bundle branch block non - specific t wave flattening in v6 ,1,['t_flattening']
 sinus rhythm atrial premature complex low limb lead voltage non - specific t abnormality in anterior leads especially in v3 - v5 ischaemia is a likely cause ,1,['t_abnormality']
 sinus rhythm left anterior fascicular block t wave change in v3 v4 consistent with ischaemia or subendocardial infarct ,1,['t_abnormality']
 sinus tachycardia atrial premature contraction artifact in lead v1 possible left atrial enlargement poor anterior r wave progression left ventricular hypertrophy on voltage criteria with mild st and t wave change which are non - diagnostic ,2,"['st_abnormality', 't_abnormality']"
 sinus rhythm first degree av block pr interval of xxxx seconds left anterior fascicular block non - diagnostic lateral t wave flattening query ischaemia ,1,['t_flattening']
 sinus rhythm left anterior fascicular block extensive anterior t wave inversion consistent with ischaemia or subendocardial infarct ,1,['t_inversion']
 atrial fibrillation with fast ventricular response low voltage in standard leads antero - septal infarct - may be old antero - lateral st and t change consistent with left ventricular strain or ischaemia ,2,"['st_abnormality', 't_abnormality']"
 sinus rhythm incomplete right bundle branch block non - specific infero - lateral st and t change ,2,"['st_abnormality', 't_abnormality']"
 sinus rhythm possible old antero - septal infarct antero - lateral st and t change consistent with left ventricular strain or ischaemia \ ,2,"['st_abnormality', 't_abnormality']"
 sinus rhythm ventricular premture complex voltages of left ventricular hypertrophy st and t change of let ventricular strain t wave inversion in inferior leads query ischaemia ,3,"['st_abnormality', 't_abnormality', 't_inversion']"
 sinus tachycardia minor non - specific st and t wave change ,4,"['st_abnormality', 't_abnormality']"
 sinus arrhythmia prolonged pr interval possible left atrial enlargement low limb lead voltage right bundle branch block non - specific t wave flattening in i avl v5 xxxx ,1,['t_flattening']
 premature atrial contraction ( s ) sinus tachycardia non - specific t wave flattening in v3 - xxxx ,1,['t_flattening']
 sinus rhythm there is slight terminal t wave inversion in v2 xxxx of uncertain significance ,1,['t_inversion']
 sinus rhythm incomplete right bundle branch block minor non - specific st and t wave change in v4 xxxx ,2,"['st_abnormality', 't_abnormality']"
 atrial tachycardia with xxxx av block incomplete right bundle branch block widespread st and t wave change probably due to myocardial ischaemia and digitalis effect ,2,"['st_abnormality', 't_abnormality']"
 sinus rhythm minor non - specific st and t wave change prolonged qt suggest exclude hypokalaemia ,4,"['st_abnormality', 't_abnormality']"
 sinus tachycardia left axis deviation left anterior fascicular block non - specific t wave change in i avl ,1,['t_abnormality']
 sinus rhythm possible left atrial enlargement voltages are high in limb leads suggesting lvh non - specific intraventricular delay minor non - specific st and t wave change in i avl v5 xxxx ,2,"['st_abnormality', 't_abnormality']"
 premature atrial contraction ( s ) sinus rhythm non - specific t wave flattening in limb leads and v5 xxxx prolonged qt this may be due to a drug effect or an electrolyte disturbance ,1,['t_flattening']
 sinus arrhythmia minor non - specific st and t wave change in v4 xxxx edit norm xxxx isc xxxx unspez st - streckenveränderungen v4 - xxxx ( ndt ) ,2,"['st_abnormality', 't_abnormality']"
 atrial fibrillation non - specific st and t wave change in i ii iii avf v6 ,2,"['st_abnormality', 't_abnormality']"
 a rapid regular supraventricular tachycardia is present minor non - specific st and t wave change which may be due to the tachycardia ,2,"['st_abnormality', 't_abnormality']"
 sinus rhythm prolonged pr interval non - specific t wave flattening in i v6 edit norm xxxx ndt ,1,['t_flattening']
 sinus rhythm r - s transition zone in v leads displaced to the right minor non - specific t wave flattening in i v6 edit norm xxxx rsv2 ( norm xxxx ) ,1,['t_flattening']
 sinus rhythm non - specific t wave flattening in i avl v5 xxxx edit norm xxxx flache t - wellen ( ndt ) ,1,['t_flattening']
 sinus rhythm minor non - specific st segment depression and t wave flattening in v5 xxxx ,1,['t_flattening']
 sinus rhythm prolonged pr interval compared with tracing of xxxx there now slight t wave inversion in v2 xxxx consistent with myocardial ischaemia ,1,['t_inversion']
 sinus rhythm non - specific t wave flattening in i avl v5 xxxx compared with tracing of xxxx and xxxx it now resembles the former the changing pattern suggests recent ischaemia ,1,['t_flattening']
 premature ventricular contraction ( s ) bigeminy sinus rhythm qs complex in v2 and tiny r wave in v3 suggesting old anteroseptal myocardial infarct q wave and t wave inversion in ii iii avf consistent with old inferior myocardial infarct ,1,['t_inversion']
 sinus rhythm q wave in ii iii avf consistent with old inferior myocardial infarct non - specific t wave flattening in i avl ,1,['t_flattening']
 premature ventricular contraction ( s ) atrial fibrillation with rapid ventricular response right bundle branch block non - specific st and t wave change ,2,"['st_abnormality', 't_abnormality']"
 sinus rhythm non - specific t wave inversion in v2 and flattening in v3 prolonged qt this may be due to a drug effect or an electrolyte disturbance ,1,['t_inversion']
 sinus rhythm non - specific t wave flattening in v5 xxxx prolonged qt this may be due to a drug effect or an electrolyte disturbance ,1,['t_flattening']
 rapid regular supraventricular tachycardia this may be atrial flutter with xxxx av block non - specific st and t wave change ,2,"['st_abnormality', 't_abnormality']"
 sinus rhythm qs complex in v2 suggesting old anteroseptal infarct non - specific t wave flattening in i avl v4 xxxx edit katastrophale qualität ,1,['t_flattening']
 sinus arrhythmia qs complex in v2 xxxx consistent with old anteroseptal myocardial infarct non - specific t wave flattening in i avl ,1,['t_flattening']
 sinus rhythm voltages are high in chest leads suggesting lvh non - specific t wave flattening in i avl v6 ,1,['t_flattening']
 atrial fibrillation minor non - specific t wave flattening in i avl ,1,['t_flattening']
 rhythm is atrial flutter with xxxx av block the flutter rate is slower than usual this arrhythmia is usually associated with organic heart disease non - specific st and t wave change ,2,"['st_abnormality', 't_abnormality']"
 sinus rhythm non - specific t wave flattening in i avl v4 xxxx myocardial ischaemia is a possible cause ,2,['t_flattening']
 sinus rhythm rightward axis probable left posterior fascicular block st segments are depressed in ii iii avf t wave are inverted in v2 - xxxx findings are likely to be due to ischaemic heart disease however anterior t wave change may be due to ri ,1,['t_abnormality']
 sinus tachycardia prolonged pr interval terminal t wave inversion in v2 - xxxx is of uncertain significance it is also present to a lesser degree in inferior leads suggest repeat ,1,['t_inversion']
 sinus rhythm borderline left axis deviation non - specific t wave flattening in ii iii avf v5 xxxx myocardial ischaemia is a possible cause ,1,['t_flattening']
 sinus tachycardia left atrial enlargement left anterior fascicular block leads v2 and v3 are probably crossed left ventricular hypertrophy st and t wave change in the anterolateral leads are consistent with strain or ischaemia ,2,"['st_abnormality', 't_abnormality']"
 sinus rhythm non - specific t wave flattening throughout myocardial ischaemia is likely suggest exclude hypokalaemia ,1,['t_flattening']
 sinus rhythm non - specific t wave flattening in v2 xxxx myocardial ischaemia is a possible cause ,1,['t_flattening']
 sinus rhythm abnormal left axis deviation r - s transition zone in v leads displaced to the right left anterior fascicular block left ventricular hypertrophy st and t abnormality consider high lateral ischemia or left ventricular strain ,2,"['st_abnormality', 't_abnormality']"
 atrial fibrillation with rapid ventricular response low limb lead voltage minor non - specific st and t wave change ,2,"['st_abnormality', 't_abnormality']"
 sinus tachycardia non - specific t wave flattening in v4 xxxx ,1,['t_flattening']
 sinus rhythm left axis deviation minor non - specific t wave flattening in v4 xxxx ,1,['t_flattening']
 sinus tachycardia voltages are high in chest leads suggesting lvh non - specific st and t wave change in lateral leads ,2,"['st_abnormality', 't_abnormality']"
 premature ventricular contraction ( s ) sinus tachycardia incomplete right bundle branch block minor non - specific st and t wave change ,2,"['st_abnormality', 't_abnormality']"
 rhythm is atrial flutter with xxxx av block and rapid ventricular response right bundle branch block q wave in ii iii avf consistent with old inferior myocardial infarct non - specific st and t wave change ,2,"['st_abnormality', 't_abnormality']"
 sinus rhythm left anterior fascicular block non specific t abnormality ,1,['t_abnormality']
 sinus rhythm incomplete right bundle branch block left axis deviation left anterior fascicular block diffuse non - specific st and t abnormality with shallow t inversion in v4 - v6 ischaemia is a likely cause ,3,"['st_abnormality', 't_abnormality', 't_inversion']"
 sinus rhythm st and t abnormality with biphasic t in leads v2 and v3 consistent with antero - septal ischaemia ,2,"['st_abnormality', 't_abnormality']"
 atrial fibrillation t abnormality in inferior leads possibly ischaemic ,1,['t_abnormality']
 sinus tachycardia left atrial enlargement right bundle branch block non - specific st and t change ,2,"['st_abnormality', 't_abnormality']"
 sinus rhythm t wave flattening in lead i and inverted in avl consistent with lateral ischaemia ,1,['t_flattening']
 sinus tachycardia incomplete left bundle branch block with left axis deviation voltages suggest left ventricular hypertrophy st change not able to be assessed fully in view of partial left bundle branch block but are consistent with antero - lateral ischae ,1,['st_abnormality']
 a rapid regular supraventricular tachycardia is present left axis deviation low limb lead voltage non - specific st and t wave change ,2,"['st_abnormality', 't_abnormality']"
 sinus rhythm the rhythm is irregular this may be due to compensatory pauses after atrial premature complex but the possibility of sinus node dysfunction exists minor non - specific st and t wave change ,2,"['st_abnormality', 't_abnormality']"
 premature ventricular contraction ( s ) sinus arrhythmia non - specific t wave flattening in inferior leads ,1,['t_flattening']
 sinus rhythm non - specific t wave inversion in iii avf this may be normal ,1,['t_inversion']
 sinus rhythm poor progression of r wave in anterior chest leads this suggests old anteroseptal myocardial infarct minor non - specific st and t wave change in i avl v4 xxxx ,2,"['st_abnormality', 't_abnormality']"
 premature atrial contraction ( s ) sinus rhythm voltages are high in limb leads suggesting lvh r - s transition zone in v leads displaced to the left non - specific t wave flattening in limb leads and v6 ,1,['t_flattening']
 sinus rhythm minor non - specific st and t wave change of doubtful significance ,2,"['st_abnormality', 't_abnormality']"
 sinus rhythm t wave change in leads iii and avf ischaemia cannot be excluded ,1,['t_abnormality']
 premature ventricular contraction ( s ) sinus rhythm left axis deviation left anterior fascicular block tiny r wave in v2 xxxx suggesting old anteroseptal infarct minor non - specific st and t wave change ,2,"['st_abnormality', 't_abnormality']"
 sinus rhythm possible left atrial enlargement non - specific intraventricular block non - specific st and t wave change ,2,"['st_abnormality', 't_abnormality']"
 sinus arrhythmia prolonged pr interval minor non - specific t wave flattening in i and inversion in avl ,1,['t_flattening']
 sinus rhythm voltages are high in limb leads suggesting lvh q wave and t wave inversion in ii iii avf consistent with inferior myocardial infarct of uncertain age slight st segment elevation in iii recent damage cannot be excluded st segments ,1,['t_inversion']
 sinus rhythm possible left atrial enlargement left ventricular hypertrophy widespread st segment depression and t wave flattening or slight inversion findings are likely to be due to ischaemic heart disease and digitalis effect ,1,['t_flattening']
 premature atrial contraction ( s ) sinus rhythm non - specific st and t wave change in inferolateral leads myocardial ischaemia is likely ,2,"['st_abnormality', 't_abnormality']"
 sinus tachycardia probable biatrial enlargement right axis deviation r - s transition zone in v leads displaced to the left diffuse st and t abnormality including t inversion v1 - v4 ischaemia is a possible cause but suggest exclude electrolyte disturba ,3,"['st_abnormality', 't_abnormality', 't_inversion']"
 premature ventricular contraction ( s ) atrial fibrillation with rapid ventricular response left axis deviation left anterior fascicular block non - specific st and t wave change ,2,"['st_abnormality', 't_abnormality']"
 premature ventricular contraction ( s ) sinus rhythm left anterior fascicular block anterolateral st and t wave change this may be due to lv strain or ischaemia ,2,"['st_abnormality', 't_abnormality']"
 premature atrial contraction ( s ) sinus rhythm r - s transition zone in v leads displaced to the right voltages are high in limb leads suggesting lvh non - specific t wave flattening in i avl v5 xxxx ,1,['t_flattening']
 sinus rhythm borderline left axis deviation non - specific t wave flattening in i avl ,1,['t_flattening']
 atrial fibrillation right bundle branch block q wave in v1 xxxx consistent with old anteroseptal myocardial infarct non - specific st and t wave change ,2,"['st_abnormality', 't_abnormality']"
 sinus rhythm non - specific t wave flattening in i v5 xxxx and inversion in avl myocardial ischaemia is likely ,1,['t_flattening']
 atrial fibrillation left axis deviation qs complex in v2 and tiny r wave in v3 suggesting old anteroseptal myocardial infarct possible old inferior myocardial infarct non - specific t wave flattening in i and inversion in avl ,1,['t_flattening']
 sinus rhythm st and t abnormality consider high lateral ischemia or left ventricular strain ,2,"['st_abnormality', 't_abnormality']"
 sinus rhythm minor non - specific st and t wave change in i v4 xxxx ,2,"['st_abnormality', 't_abnormality']"
 sinus rhythm left axis deviation left anterior fascicular block non - specific t wave change in anteroseptal leads v2 xxxx ,1,['t_abnormality']
 atrial fibrillation incomplete right bundle branch block minor non - specific st and t wave change ,2,"['st_abnormality', 't_abnormality']"
 sinus rhythm non - specific slight t wave inversion in v2 xxxx ,1,['t_inversion']
 sinus rhythm compared with tracing of xxxx it is not significantly changed st and t wave change persist ,2,"['st_abnormality', 't_abnormality']"
 sinus rhythm left axis deviation left anterior fascicular block non - specific t wave flattening in i avl v5 xxxx ,1,['t_flattening']
 sinus rhythm minor non - specific t wave flattening in v3 - xxxx q wave in ii iii avf are probably normal ,1,['t_flattening']
 sinus rhythm incomplete right bundle branch block non - specific st and t wave change in anterior chest leads myocardial ischaemia is a possible cause edit asmi xxxx crbbb ( crbbb ) ,2,"['st_abnormality', 't_abnormality']"
 sinus rhythm qs complex in v2 and tiny r wave in v3 consistent with old anteroseptal myocardial infarct non - specific t wave flattening in i avl ,1,['t_flattening']
 sinus rhythm possible old inferior infarct non - specific t wave flattening in v2 xxxx ,1,['t_flattening']
 sinus arrhythmia abnormal left axis deviation left anterior fascicular block left ventricular hypertrophy incomplete right bundle branch block st and t abnormality consider high lateral ischemia or left ventricular strain ,2,"['st_abnormality', 't_abnormality']"
 atrial fibrillation with rapid ventricular response left axis deviation r - s transition zone in v leads displaced to the left left anterior fascicular block non - specific t wave abnormality in inferolateral leads ,1,['t_abnormality']
 premature atrial contraction ( s ) sinus tachycardia non - specific st depression ,1,['st_depression']
 sinus rhythm minor non - specific t wave flattening of doubtful significance ,1,['t_flattening']
 premature ventricular contraction ( s ) trigeminy prolonged pr interval qs complex in v2 suggesting old anteroseptal infarct non - specific t wave flattening in i and inversion in avl ,1,['t_flattening']
 atrial fibrillation incomplete right bundle branch block widespread st segment depression and t wave inversion findings are likely to be due to ischaemic heart disease the age of the change is uncertain ,1,['t_inversion']
 sinus rhythm minor t wave flattening in avl normal ecg ,1,['t_flattening']
 sinus rhythm low limb lead voltage minor non - specific t wave flattening in v5 xxxx ,1,['t_flattening']
 sinus rhythm left bundle branch block compared with tracing of xxxx the pattern has changed to a more typical lbbb the significance of the change is uncertain st segments elevation and t wave inversion in inferior leads persist and are probably ,1,['t_inversion']
 premature ventricular contraction ( s ) sinus rhythm compared with tracing of xxxx there now st segment depression in i avl v6 t wave inversion in i avl and flattening in v5 xxxx recent ischaemia is likely ,1,['t_inversion']
 sinus rhythm non - specific t wave flattening in i avl edit norm xxxx ( ndt ) ,1,['t_flattening']
 sinus rhythm possible left atrial enlargement incomplete right bundle branch block non - specific t wave flattening in i avl v5 xxxx myocardial ischaemia is a possible cause ,1,['t_flattening']
 premature atrial contraction ( s ) sinus rhythm compared with tracing of xxxx it is similar with t wave flattening in limb leads and v5 xxxx ,1,['t_flattening']
 atrial fibrillation left axis deviation left anterior fascicular block minor non - specific t wave flattening in i avl v5 xxxx ,1,['t_flattening']
 sinus rhythm prolonged pr interval non - specific t wave flattening in i avl v2 xxxx ,1,['t_flattening']
 sinus rhythm non - specific t wave flattening in limb leads and v5 xxxx myocardial ischaemia is likely possible old inferior myocardial infarct ,1,['t_flattening']
 sinus rhythm st segments are depressed in i ii v5 xxxx this may be due to lv strain or ischaemia and digitalis effect small r wave and st and t wave change in v2 xxxx antero - septal infarct of uncertain age cannot be excluded ,2,"['st_abnormality', 't_abnormality']"
 atrial fibrillation with controlled ventricular response diffuse non - specific st and t wave change digoxin effect is a likely contribution but electrolyte disturbance and ischaemia should be considered ,2,"['st_abnormality', 't_abnormality']"
 sinus rhythm minor non - specific st segment depression and t wave flattening in i avl ,1,['t_flattening']
 atrial fibrillation with rapid ventricular rate left ventricular hypertrophy st and t abnormality including anterolateral st depression lv strain and ischaemia are likely causes ,3,"['st_depression', 'st_abnormality', 't_abnormality']"
 sinus rhythm non specific t flattening in anterior leads exclude electrolyte disturbance ,1,['t_flattening']
 p wave axis is abnormal rhythm is probably junctional low limb lead voltage non - specific t wave flattening in i avl v6 ,1,['t_flattening']
 sinus rhythm possible left atrial enlargement left axis deviation non - specific intraventricular block left ventricular hypertrophy non - specific st and t wave change ,2,"['st_abnormality', 't_abnormality']"
 sinus rhythm pr interval upper limit of normal voltages of left ventricular hypertrophy st t change consistant with left ventricular strain ,1,['t_abnormality']
 premature ventricular contraction ( s ) premature atrial contraction ( s ) sinus rhythm qrs ( t ) contour abnormality consider inferior myocardial damage old st and t abnormality consider left ventricular strain or ischaemia ,2,"['st_abnormality', 't_abnormality']"
 sinus rhythm leftward axis non specific intraventricular delay st and t abnormality consider lateral ischemia or left ventricular strain ,2,"['st_abnormality', 't_abnormality']"
 atrial fibrillation with moderate ventricular response left ventricular hypertrophy on voltage criteria st and t wave change which are non - diagnostic ,2,"['st_abnormality', 't_abnormality']"
 sinus rhythm infero - lateral t wave flattening consistent with early left ventricular strain or ischaemia ,1,['t_flattening']
 sinus tachycardia rate xxxx per minute non - specific infero - lateral st and t change ,2,"['st_abnormality', 't_abnormality']"
 pacemaker spikes noted atrial fibrillation some paced complex are present spontaneous complex show non - specific intraventricular block left ventricular hypertrophy and non - specific st and t wave change probably due to lv strain or ischaemia ,2,"['st_abnormality', 't_abnormality']"
 atrial fibrillation left axis deviation left anterior fascicular block incomplete right bundle branch block non - specific t wave flattening in i v5 ,1,['t_flattening']
 sinus rhythm r - s transition zone in v leads displaced to the right incomplete right bundle branch block this is probably a normal variant non - specific t wave flattening in v2 xxxx edit norm xxxx irbbb ( norm xxxx irbbb ) ,1,['t_flattening']
 sinus rhythm incomplete right bundle branch block non - specific t wave flattening in i and inversion in avl ,1,['t_flattening']
 sinus arrhythmia low limb lead voltage diffuse t wave flattening has developed overnight the change are nonspecific but consider ischaemia ,1,['t_flattening']
 sinus rhythm compared with tracings of xxxx and xxxx definite t wave inversion has developed in i ii avl v2 - xxxx this may be due to myocardial ischaemia or subendocardial infarct edit injas injal ( injas xxxx injal xxxx ) ,1,['t_inversion']
 premature ventricular contraction ( s ) sinus rhythm minor non - specific st and t wave change of doubtful significance ,2,"['st_abnormality', 't_abnormality']"
 atrial fibrillation with rapid ventricular response widespread st and t wave change which are likely to be due to myocardial ischaemia and digitalis effect ,2,"['st_abnormality', 't_abnormality']"
 atrial fibrillation with rapid ventricular response left axis deviation left anterior fascicular block qs complex in v2 and tiny r wave in v3 consistent with old anteroseptal myocardial infarct non - specific st and t wave change ,2,"['st_abnormality', 't_abnormality']"
 sinus rhythm non - specific terminal t wave inversion in v2 v4 xxxx ,1,['t_inversion']
 sinus rhythm non - specific t wave flattening in v4 xxxx myocardial ischaemia is a possible cause ,1,['t_flattening']
 sinus rhythm voltages are high in chest leads suggesting lvh non - specific t wave flattening in i v5 xxxx prolonged qt this may be due to a drug effect or an electrolyte disturbance ,1,['t_flattening']
 rhythm is basically sinus with prolonged pr interval ( xxxx sec ) there is some irregularity of rhythm probably due to sinus node dysfunction but one pause appears due to av block non - specific st and t wave change suggest check p digoxin level ,2,"['st_abnormality', 't_abnormality']"
 premature ventricular contraction ( s ) trigeminy sinus rhythm non - specific t wave flattening in v2 xxxx ,1,['t_flattening']
 sinus rhythm left atrial enlargement borderline left axis left anterior fascicular block probable left ventricular hypertrophy anterolateral t abnormality lv strain is a likely cause ,1,['t_abnormality']
 atrial fibrillation right bundle branch block non - specific st and t wave change in inferolateral leads ,4,"['st_abnormality', 't_abnormality']"
 premature ventricular contraction ( s ) sinus tachycardia minor non - specific st and t wave change ,2,"['st_abnormality', 't_abnormality']"
 sinus rhythm non - specific intraventricular delay non - specific t wave flattening in v2 xxxx myocardial ischaemia is a possible cause ,1,['t_flattening']
 premature atrial contraction ( s ) sinus rhythm non - specific t wave flattening in i avl v5 xxxx st segments are sightly depressed in ii iii avf non - specific but consistent with myocardial ischaemia ,1,['t_flattening']
 premature atrial contraction ( s ) sinus rhythm non - specific t wave flattening in i avl v5 xxxx ,1,['t_flattening']
 sinus rhythm non - specific t wave flattening in i v6 and inversion in avl tiny r wave in v2 xxxx old anteroseptal infarct cannot be excluded ,1,['t_flattening']
 sinus rhythm left axis deviation left anterior fascicular block right bundle branch block bifascicular block pr interval is normal non - specific st and t wave change ,2,"['st_abnormality', 't_abnormality']"
 sinus tachycardia non - specific t wave flattening in i v5 xxxx and inversion in avl ,1,['t_flattening']
 atrial fibrillation non - specific st and t wave change in inferolateral leads ,2,"['st_abnormality', 't_abnormality']"
 sinus tachycardia low limb lead voltage right bundle branch block q wave in ii iii avf consistent with old inferior myocardial infarct non - specific st and t wave change in chest leads ,2,"['st_abnormality', 't_abnormality']"
 sinus rhythm left axis deviation voltages are high in limb leads suggesting lvh qs complex in v2 xxxx consistent with old anterior myocardial infarct minor non - specific st and t wave change in i avl ,2,"['st_abnormality', 't_abnormality']"
 sinus rhythm compared with tracing of xxxx it is very similar evidence of old anteroseptal infarct persists and there is still st segment depression and t wave inversion in i avl v4 xxxx ,1,['t_inversion']
 sinus rhythm non - specific inferior st and t wave change otherwise normal ecg ,2,"['st_abnormality', 't_abnormality']"
 premature ventricular contraction sinus rhythm minor inferior and lateral t wave flattening ,1,['t_flattening']
 sinus rhythm minor non - specific st segment depression in v4 xxxx and t wave flattening in v3 ,1,['t_flattening']
 a rapid regular supraventricular tachycardia is present this is probably atrial flutter with xxxx av block right bundle branch block left ventricular hypertrophy non - specific st and t wave change ,2,"['st_abnormality', 't_abnormality']"
 sinus rhythm low limb lead voltage non - specific t wave flattening in i avl v6 ,2,['t_flattening']
 sinus rhythm r - s transition zone in v leads displaced to the right non - specific t wave flattening in i and inversion in avl ,1,['t_flattening']
 atrial fibrillation with rapid ventricular response premature ventricular contraction ( s ) non - specific st and t wave change ,2,"['st_abnormality', 't_abnormality']"
 premature atrial contraction ( s ) sinus rhythm qs complex in v2 xxxx consistent with old anteroseptal myocardial infarct non - specific t wave flattening in i and inversion in avl ,1,['t_flattening']
 atrial fibrillation with rapid ventricular response non - specific t wave flattening in limb leads ,1,['t_flattening']
 premature atrial contraction ( s ) sinus rhythm minor non - specific t wave flattening in i avl ,1,['t_flattening']
 a rapid regular supraventricular tachycardia is present p wave are not evident non - specific st and t wave change ,2,"['st_abnormality', 't_abnormality']"
 atrial fibrillation qs complex in v2 suggesting old anteroseptal infarct non - specific st and t wave change in lateral leads ,2,"['st_abnormality', 't_abnormality']"
 premature atrial contraction ( s ) sinus rhythm low limb lead voltage non - specific t wave flattening in v3 ,1,['t_flattening']
 sinus rhythm non specific t abnormality in anterior leads otherwise normal ecg ,1,['t_abnormality']
 sinus tachycardia r - s transition zone in v leads displaced to the left non - specific t wave flattening in i avl edit asmi xxxx ndt tachykardie ,1,['t_flattening']
 sinus rhythm minor non - specific st and t wave change in i avl v6 ,2,"['st_abnormality', 't_abnormality']"
 sinus rhythm non - specific t wave flattening in i avl v5 xxxx prolonged qt this may be due to a drug effect or an electrolyte disturbance ,1,['t_flattening']
 sinus tachycardia q wave in ii iii avf consistent with old inferior myocardial infarct qs complex in v2 xxxx consistent with old anteroseptal myocardial infarct non - specific st and t wave change ,2,"['st_abnormality', 't_abnormality']"
 sinus rhythm low limb lead voltage minor non - specific t wave flattening in i avl v6 ,1,['t_flattening']
 rapid basically regular supraventricular tachycardia without clear evidence of p wave q wave in ii iii avf consistent with old inferior infarct non - specific st and t wave change ,2,"['st_abnormality', 't_abnormality']"
 sinus rhythm minor non - specific t wave flattening otherwise normal ecg ,2,['t_flattening']
 sinus rhythm minor non - specific t wave flattening in v3 xxxx otherwise normal ecg ,1,['t_flattening']
 sinus rhythm prolonged pr interval minor non - specific t wave flattening in i avl edit norm xxxx muskelzittern qsiii durchartefakte vorgetäuscht ,1,['t_flattening']
 atrial fibrillation minor non - specific st and t wave change ,4,"['st_abnormality', 't_abnormality']"
 sinus rhythm non - specific st depression in v4 xxxx ,1,['st_depression']
 sinus rhythm poor progression of r wave in anterior chest leads this is of uncertain significance minor non - specific t wave flattening in limb leads ,1,['t_flattening']
 sinus bradycardia voltages in limb leads are at upper limit minor non - specific t wave flattening in i and inversion in avl the cause of the bradycardia is not evident ,1,['t_flattening']
 sinus rhythm qs complex in v2 and q wave in v3 consistent with anteroseptal myocardial infarct of uncertain age non - specific t wave flattening in i and inversion in avl ,1,['t_flattening']
 sinus rhythm non - specific t wave inversion in v2 prolonged qt this may be due to a drug effect or an electrolyte disturbance ,1,['t_inversion']
 sinus rhythm non - specific intraventricular delay non - specific t wave flattening in i avl v5 xxxx q wave in ii iii avf are probably normal ,1,['t_flattening']
 sinus rhythm non - specific t wave flattening in i avl v6 possible old inferior infarct ,1,['t_flattening']
 sinus rhythm minor non - specific t wave flattening in i avl v4 xxxx otherwise normal ecg ,1,['t_flattening']
 sinus rhythm incomplete right bundle branch block non specific t wave change in v2 and v3 ,1,['t_abnormality']
 premature atrial contraction ( s ) sinus rhythm non - specific t wave flattening in i avl v6 ,1,['t_flattening']
 premature ventricular contraction ( s ) sinus rhythm possible left atrial enlargement non - specific t wave flattening in ii and inversion in iii avf inferior myocardial ischaemia cannot be excluded ,1,['t_flattening']
 atrial fibrillation with rapid ventricular response minor non - specific st and t wave change in i avl ,2,"['st_abnormality', 't_abnormality']"
 sinus rhythm prolonged pr interval r - s transition zone in v leads displaced to the right minor non - specific t wave flattening in i avl ,1,['t_flattening']
 sinus rhythm incomplete right bundle branch block non - specific t wave flattening in v4 - xxxx ,1,['t_flattening']
 sinus rhythm left anterior fascicular blockward axis minor st and t abnormality consider anterior ischemia or early left ventricular strain ,2,"['st_abnormality', 't_abnormality']"
 sinus rhythm non specific t abnormality ( minor ) ,1,['t_abnormality']
 sinus rhythm t abnormality in anterior leads consistent with right ventricular strain or ischaemia prolonged qt ,1,['t_abnormality']
 sinus rhythm minor non specific st and t change ,2,"['st_abnormality', 't_abnormality']"
 sinus rhythm left axis deviation and clockwise rotation due to left anterior fascicular block possible left ventricular hypertrophy non - specific st and t abnormality ,2,"['st_abnormality', 't_abnormality']"
 sinus rhythm left axis deviation left anterior fascicular block non - specific intraventricular conduction delay possible old antero - septal infarct non - specific st and t abnormality ,2,"['st_abnormality', 't_abnormality']"
 sinus rhythm ventricular premature complex voltages of left ventricular hypertrophy st and t change in avl consistent with early left ventricular strain ,2,"['st_abnormality', 't_abnormality']"
 sinus rhythm left ventricular hypertrophy st and t change consistent with left ventricular strain or ischaemia ,4,"['st_abnormality', 't_abnormality']"
 sinus rhythm old inferior infarct minor t wave flattening in v6 query old ,1,['t_flattening']
 sinus rhythm non - specific t abnormality in avl ,1,['t_abnormality']
 premature ventricular contraction ( s ) sinus rhythm non - specific t wave flattening in limb leads and v4 xxxx myocardial ischaemia is a possible cause ,1,['t_flattening']
 sinus rhythm non - specific t wave flattening in limb leads and v5 xxxx this may be due to lv strain or ischaemia ,1,['t_flattening']
 sinus rhythm prolonged pr interval non - specific t wave flattening in v4 xxxx lead v3 shows artifact ,1,['t_flattening']
 sinus rhythm non - specific t wave flattening in i avl v3 - xxxx myocardial ischaemia is a possible cause ,1,['t_flattening']
 sinus rhythm possible left atrial enlargement right bundle branch block non - specific t wave flattening or inversion in infero - lateral leads ,1,['t_flattening']
 atrial fibrillation left axis deviation non - specific intraventricular block left ventricular hypertrophy st and t wave change in i avl may be due to lv strain or ischaemia ,2,"['st_abnormality', 't_abnormality']"
 sinus rhythm non - specific t wave flattening in i avl v3 - xxxx ,1,['t_flattening']
 pacemaker spikes noted sinus rhythm premature ventricular contraction ( s ) occasional paced complex left anterior fascicular block compared with tracing of xxxx t wave now flatter in i avl ,1,['t_flattening']
 premature atrial contraction ( s ) sinus rhythm left axis deviation left anterior fascicular block non - specific inferolateral t wave abnormality ,1,['t_abnormality']
 sinus rhythm left ventricular hypertrophy st and t wave change consistent with lv strain ,2,"['st_abnormality', 't_abnormality']"
 sinus arrhythmia non - specific t wave flattening in i avl v5 xxxx ,1,['t_flattening']
 sinus arrhythmia minor non - specific st and t wave change in i avl ,2,"['st_abnormality', 't_abnormality']"
 premature atrial contraction ( s ) sinus rhythm possible left atrial enlargement non - specific t wave flattening in v5 xxxx poor progression of r wave in anterior chest leads old anteroseptal myocardial infarct cannot be excluded ,1,['t_flattening']
 sinus rhythm q wave st segment elevation and t wave inversion in ii iii avf v5 xxxx st segments are depressed in i avl consistent with inferolateral myocardial infarct which appears recent ,1,['t_inversion']
 sinus rhythm minor inferolateral t flattening otherwise normal ecg ,1,['t_flattening']
 sinus tachycardia voltages in chest leads are at upper limit st segments are depressed in i avl v4 xxxx t wave are inverted in i avl v2 - xxxx this may be due to myocardial ischaemia or subendocardial infarct the t wave change have developed sinc ,1,['t_abnormality']
 atrial fibrillation fibrillation wave in v1 are coarse qs complex in v2 and tiny r wave in v3 consistent with old anteroseptal myocardial infarct non - specific t wave flattening in limb leads and v5 xxxx ,1,['t_flattening']
 sinus rhythm non specific t flattening v1 - xxxx ,1,['t_flattening']
 premature atrial contraction ( s ) sinus rhythm non - specific t wave flattening in i and inversion in avl ,1,['t_flattening']
 atrial fibrillation with rapid ventricular response st and t abnormality consider inferior ischemia or left ventricular strain ,2,"['st_abnormality', 't_abnormality']"
 sinus rhythm prolonged pr interval non - specific t wave flattening in limb leads and v3 - xxxx myocardial ischaemia is likely suggest exclude hypokalaemia ,1,['t_flattening']
 sinus rhythm compared with tracing of xxxx t wave inversion in i ii avl v2 is a little deeper t wave remain inverted in v3 - xxxx findings are likely to be due to recent subendocardial infarct edit injas injal sokolow xxxx ( injas xxxx injal xxxx ) ,1,['t_inversion']
 sinus rhythm compared with tracing of xxxx it is very similar but t wave inversion is not quite so deep ,1,['t_inversion']
 sinus arrhythmia non - specific t wave flattening in v5 xxxx ,1,['t_flattening']
 sinus rhythm inferolateral st and t abnormality ischaemia is a likely cause ,2,"['st_abnormality', 't_abnormality']"
 sinus rhythm poor anteroseptal r progression indicates possible previous infarct nonspecific lateral t flattening ,1,['t_flattening']
 sinus rhythm prolonged pr interval q wave in ii iii avf st segments are depressed in ii iii avf v4 xxxx t wave are flat in ii v4 xxxx and inverted in iii avf pattern shows some t wave change since tracing of xxxx consistent with recent inf ,1,['t_abnormality']
 sinus bradycardia r - s transition zone in v leads displaced to the right st segments are depressed in i avl non - specific t wave flattening in i and inversion in avl this may be due to lv strain or ischaemia the cause of the bradycardia is not evid ,1,['t_flattening']
 sinus rhythm non - specific intraventricular delay probableleft ventricular hypertrophy non - specific t wave flattening in i avl ,1,['t_flattening']
 sinus rhythm slight st segment depression and t wave flattening in i avl this may be due to lv strain or ischaemia ,1,['t_flattening']
 sinus rhythm minor inferior t wave change these may be due to myocardial ischaemia otherwise normal ecg ,1,['t_abnormality']
 sinus rhythm grossly prolonged pr interval ( approx xxxx sec ) one dropped complex possibly due to a blocked atrial premature complex left axis deviation non - specific intraventricular block non - specific st and t wave change it is difficult to determine whe ,2,"['st_abnormality', 't_abnormality']"
 atrial fibrillation with rapid ventricular response low limb lead voltage minor non - specific t wave flattening in lateral leads ,1,['t_flattening']
 premature atrial contraction ( s ) sinus tachycardia left axis deviation left anterior fascicular block probable old anteroseptal infarct anterolateral st and t wave change which are non - diagnostic ,2,"['st_abnormality', 't_abnormality']"
 atrial fibrillation with rapid ventricular response low limb lead voltage non - specific t wave flattening in limb leads ,1,['t_flattening']
 sinus rhythm non - specific t wave flattening in i avl v4 xxxx myocardial ischaemia cannot be excluded ,1,['t_flattening']
 sinus rhythm voltages are high in chest leads suggesting lvh q wave in ii iii avf consistent with old inferior myocardial infarct non - specific t wave flattening in i and inversion in avl ,1,['t_flattening']
 premature atrial contraction ( s ) sinus rhythm minor non - specific t wave flattening in i avl edit norm xxxx flache t ( ndt ) ,1,['t_flattening']
 sinus rhythm voltages in chest leads are at upper limit non - specific t wave inversion in v2 edit norm xxxx tnegv1 xxxx ( ndt ) ,1,['t_inversion']
 premature ventricular contraction ( s ) sinus rhythm incomplete left bundle branch block non - specific st and t wave change ,2,"['st_abnormality', 't_abnormality']"
 premature ventricular contraction ( s ) atrial fibrillation low limb lead voltage qs complex in v2 and tiny r wave in v3 suggesting old anteroseptal infarct non - specific t wave flattening in i avl v5 xxxx ,1,['t_flattening']
 sinus rhythm non - specific t wave flattening in v2 otherwise normal ecg ,1,['t_flattening']
 pacemaker spikes noted a paced rhythm is present together with two spontaneous complex these latter show t wave inversion in ii iii avf and st segment depression in findings are likely to be due to ischaemic heart disease ,1,['t_inversion']
 atrial fibrillation premature ventricular contraction ( s ) non - specific intraventricular block left ventricular hypertrophy qs complex in v2 xxxx consistent with old anterior myocardial infarct non - specific st and t wave change ,2,"['st_abnormality', 't_abnormality']"
 premature atrial contraction ( s ) sinus rhythm left axis deviation non - specific intraventricular block voltages are high in limb leads suggesting lvh non - specific st and t wave change ,2,"['st_abnormality', 't_abnormality']"
 premature ventricular contraction ( s ) sinus rhythm left axis deviation left anterior fascicular block voltages are high in limb leads suggesting lvh non - specific st and t wave change in i avl ,2,"['st_abnormality', 't_abnormality']"
 sinus rhythm prolonged pr interval possible old inferior infarct non - specific st segment depression and t wave flattening in i avl ,1,['t_flattening']
 atrial fibrillation premature ventricular contractions bigeminy supraventricular complex occur regularly indicating that they derive from a focus other than the sa node probably junctional right bundle branch block non - specific st and t wave change ,2,"['st_abnormality', 't_abnormality']"
 atrial fibrillation with controlled ventricular rate non specific st and t abnormality digoxin effect is a likely cause ,2,"['st_abnormality', 't_abnormality']"
 sinus rhythm left atrial enlargement non - specific intraventricular block left ventricular hypertrophy non - specific st and t wave change ,2,"['st_abnormality', 't_abnormality']"
 sinus rhythm voltages are high in chest leads suggesting lvh non - specific intraventricular delay minor non - specific t wave flattening in i avl v6 ,1,['t_flattening']
 atrial fibrillation with rapid ventricular response premature ventricular contraction ( s ) qs complex in v2 suggesting old anteroseptal myocardial infarct minor non - specific st and t wave change ,2,"['st_abnormality', 't_abnormality']"
 sinus rhythm non - specific t wave flattening in i avl v5 xxxx this may be due to myocardial ischaemia or early left ventricular strain ,1,['t_flattening']
 premature ventricular contraction ( s ) sinus rhythm non - specific t wave flattening in i avl v5 xxxx ,1,['t_flattening']
 sinus rhythm borderline left ventricular hypertrophy minor non diagnostic st and t wave change ,2,"['st_abnormality', 't_abnormality']"
 sinus rhythm borderline leftward axis voltages suggest left ventricular hypertrophy st change query early left ventricular strain ,1,['st_abnormality']
 sinus rhythm ventricular premature contraction anterior and inferior st wave change consistent with ischaemia or non - q wave infarct ,1,['st_abnormality']
 sinus rhythm incomplete right bundle branch block t wave inversion in v1 - v3 may be due to clockwise cardiac rotation but anterior ischaemia cannot be excluded ,1,['t_inversion']
 sinus rhythm non - specific t change in iii avf no definite pathology ,1,['t_abnormality']
 sinus rhythm t wave flattening in v4 and minor st depression in v5 and v6 pattern consistent with but not diagnostic of ischaemia ,2,"['st_depression', 't_flattening']"
 a rapid regular supraventricular tachycardia is present this is probably atrial tachycardia with xxxx av block non - specific st and t wave change ,2,"['st_abnormality', 't_abnormality']"
 p wave axis is abnormal and rhythm is probably junctional minor non - specific st and t wave change ,2,"['st_abnormality', 't_abnormality']"
 atrial fibrillation non - specific t wave flattening in limb leads and v5 xxxx findings are likely to be due to ischaemic heart disease ,1,['t_flattening']
 sinus rhythm voltages are high in chest leads suggesting lvh non - specific t wave flattening in i avl v5 xxxx this may be due to lv strain or ischaemia ,1,['t_flattening']
 sinus rhythm compared with tracings of xxxx and xxxx the rhythm has reverted to sinus there is minor st segment depression and general t wave flattening suggest check p potassium ,1,['t_flattening']
 sinus rhythm non - specific t wave flattening or slight inversion in v2 xxxx myocardial ischaemia is a possible cause ,1,['t_flattening']
 sinus tachycardia r - s transition zone in v leads displaced to the left non - specific t wave flattening in i avl v3 - xxxx ,1,['t_flattening']
 premature atrial contraction ( s ) sinus rhythm non - specific t wave flattening in i avl v6 prolonged qt this may be due to a drug effect or an electrolyte disturbance ,1,['t_flattening']
 atrial fibrillation premature ventricular contraction ( s ) poor progression of r wave in anterior chest leads st and t wave change consistent with digitalis effect ,2,"['st_abnormality', 't_abnormality']"
 sinus rhythm non - specific t wave flattening in limb leads and v4 xxxx st segments are slightly depressed in i v3 - xxxx myocardial ischaemia is likely ,1,['t_flattening']
 atrial fibrillation right bundle branch block left ventricular hypertrophy widespread non - specific st and t wave change ,2,"['st_abnormality', 't_abnormality']"
 premature ventricular contraction ( s ) atrial fibrillation with rapid ventricular response non - specific t wave change ,1,['t_abnormality']
 sinus rhythm non - specific st segment depression and t wave flattening in i avl ,1,['t_flattening']
 sinus rhythm anterolateral t wave change consistent with ischemia or lv strain ,1,['t_abnormality']
 sinus rhythm non - specific terminal t wave inversion in v2 deep but narrow q wave in v5 xxxx may indicate septal hypertrophy high v lead voltages are probably normal for age edit norm xxxx ( m xxxx ) tiefe qv5 xxxx ( norm xxxx ) ,1,['t_inversion']
 sinus arrhythmia minor non - specific st and t wave change in inferior leads these are of doubtful significance ,2,"['st_abnormality', 't_abnormality']"
 premature atrial contraction ( s ) sinus tachycardia minor non - specific st and t wave change edit ndt sarrh v5 schlecht ,2,"['st_abnormality', 't_abnormality']"
 sinus rhythm left ventricular hypertrophy on voltage criteria st and t change due to lv strain or myocardial ischaemia ,2,"['st_abnormality', 't_abnormality']"
 sinus rhythm voltages are high in chest leads suggesting lvh st and t wave change due to lv strian or ischaemia ,2,"['st_abnormality', 't_abnormality']"
 sinus rhythm possible left atrial enlargement non - specific t wave flattening throughout ,1,['t_flattening']
 sinus rhythm left ventricular hypertrophy non - specific t wave inversion in v2 lead v5 shows artifact ,1,['t_inversion']
 sinus rhythm voltages are high in chest leads suggesting lvh non - specific st and t wave change in inferolateral leads ,2,"['st_abnormality', 't_abnormality']"
 atrial fibrillation premature ventricular contraction ( s ) non - specific t wave flattening in i avl v6 ,1,['t_flattening']
 sinus rhythm non - specific t wave flattening in ii avf and inversion in iii inferior myocardial ischaemia cannot be excluded ,1,['t_flattening']
 sinus rhythm qs complex in v2 xxxx consistent with old anteroseptal myocardial infarct q wave in ii iii avf consistent with old inferior myocardial infarct non - specific t wave flattening in i avl v5 xxxx ,1,['t_flattening']
 sinus rhythm left ventricular hypertrophy marked st and t abnormality especially in anterior chest leads left ventricular strain may be contributing but ischaemia should also be considered ,2,"['st_abnormality', 't_abnormality']"
 sinus rhythm premature atrial contraction ( s ) compared with tracing of xxxx the atrial fibrillation has reverted to sinus rhythm st and t wave change persist in chest leads t wave are flat or slightly inverted in limb leads myocardial ischaemia is ,2,"['st_abnormality', 't_abnormality']"
 sinus rhythm non - specific t wave flattening in limb leads and v5 xxxx myocardial ischaemia is a possible cause ,1,['t_flattening']
 sinus rhythm left ventricular hypertrophy minor non - specific st and t wave change ,2,"['st_abnormality', 't_abnormality']"
 premature atrial contraction ( s ) sinus rhythm non - specific t wave inversion in v2 ,1,['t_inversion']
 sinus rhythm non - specific t wave flattening in i avl v2 xxxx myocardial ischaemia is likely ,1,['t_flattening']
 sinus rhythm minor non - specific t wave change in inferior leads ,1,['t_abnormality']
 atrial fibrillation premature ventricular contraction ( s ) low limb lead voltage non - specific t wave flattening in limb leads and v4 xxxx ,1,['t_flattening']
 sinus rhythm left axis deviation non - specific t wave flattening in i and inversion in avl ,1,['t_flattening']
 sinus arrhythmia possibly a run of junctional rhythm right superior axis deviation possible left posterior fascicular block non - specific st and t wave change this tracing cannot be adequately interpreted without full clinical picture and previous tra ,2,"['st_abnormality', 't_abnormality']"
 sinus arrhythmia non - specific t wave flattening in limb leads and v6 ,1,['t_flattening']
 frequent premature atrial contractions with a short run of svt sinus rhythm left axis deviation left anterior fascicular block minor non - specific t wave flattening in v5 xxxx holter monitor may be helpful ,1,['t_flattening']
 sinus rhythm possible left atrial enlargement minor non - specific st and t wave change in v4 xxxx ,2,"['st_abnormality', 't_abnormality']"
 sinus rhythm non - specific t wave flattening in v5 xxxx there are no definite ecg features to suggest pericarditis acute pericarditis would be unlikely in the absence of tachycardia myocardial ischaemia cannot be excluded ,1,['t_flattening']
 sinus rhythm borderline left axis deviation voltages are high in limb leads suggesting lvh minor non - specific t wave flattening in v4 xxxx ,1,['t_flattening']
 sinus rhythm left axis deviation right bundle branch block left anterior fascicular block bifascicular block pr interval is normal non - specific st and t wave change in anterior lateral and inferior leads ,2,"['st_abnormality', 't_abnormality']"
 sinus rhythm left axis deviation left anterior fascicular block non - specific st and t wave change in avl ,2,"['st_abnormality', 't_abnormality']"
 atrial fibrillation inferior t wave inversion and lateral t wave flattening consistent with ischaemia or inferior subendocardial infarct ,2,"['t_inversion', 't_flattening']"
 sinus rhythm compared with tracing of xxxx rhythm was previously atrial fibrillation t wave now flat rather than inverted in ii t wave flattening persists in v4 xxxx myocardial ischaemia is likely ,1,['t_flattening']
 sinus rhythm voltages are high in limb leads suggesting lvh left axis deviation r - s transition zone in v leads displaced to the left left anterior fascicular block non - specific t wave flattening in i and inversion in avl ,1,['t_flattening']
 atrial fibrillation low limb lead voltage incomplete right bundle branch block non - specific t wave flattening in i avl ,1,['t_flattening']
 premature atrial contraction ( s ) sinus rhythm borderline left axis deviation non - specific t wave flattening in i avl ,1,['t_flattening']
 sinus tachycardia old inferior myocardial infarct cannot be excluded non - specific st and t wave change in i avl ,2,"['st_abnormality', 't_abnormality']"
 premature ventricular contraction ( s ) atrial fibrillation with rapid ventricular response possible old inferior infarct non - specific st and t wave change ,2,"['st_abnormality', 't_abnormality']"
 sinus rhythm left axis deviation q wave in v2 suggesting old anteroseptal infarct non - specific t wave flattening in avl v5 xxxx ,1,['t_flattening']
 sinus rhythm diffuse nonspecific st and t abnormality ischaemia is a possible cause ,2,"['st_abnormality', 't_abnormality']"
 sinus bradycardia non - specific intraventricular block q wave in ii iii avf consistent with old inferior myocardial infarct non - specific st and t wave change the cause of the bradycardia is not evident ,2,"['st_abnormality', 't_abnormality']"
 premature atrial contraction ( s ) sinus rhythm non specific t abnormality ,1,['t_abnormality']
 sinus rhythm left anterior fascicular block left ventricular hypertrophy on voltages lateral st and t change consistent with early left ventricular strain ,2,"['st_abnormality', 't_abnormality']"
 sinus tachycardia possible left atrial enlargement non - specific st and t abnormality including slight st depression in v5 and v6 consider ischaemia ,3,"['st_depression', 'st_abnormality', 't_abnormality']"
 sinus rhythm probable right atrial enlargement minor non - specific st segment depression and t wave flattening in chest leads myocardial ischaemia is possible cause ,1,['t_flattening']
 atrial fibrillation with rapid ventricular response left axis deviation left anterior fascicular block non - specific st and t wave change tracing is very similar to that of xxxx ,2,"['st_abnormality', 't_abnormality']"
 sinus rhythm r - s transition zone in v leads displaced to the right incomplete right bundle branch block non - specific t wave flattening in v4 xxxx ,1,['t_flattening']
 sinus rhythm prolonged pr interval non - specific t wave flattening in i and inversion in avl ,1,['t_flattening']
 premature ventricular contraction ( s ) sinus tachycardia voltages in chest leads are at upper limit tiny r wave in v2 xxxx suggesting old anteroseptal infarct non - specific t wave flattening in i avl v5 xxxx ,1,['t_flattening']
 atrial fibrillation ventricular rate xxxx anterolateral st and t abnormality digoxin effect and lv strain are likely contributors ,2,"['st_abnormality', 't_abnormality']"
