statement,occurences,proposed label
 sinus rhythm normal ecg ,1818,['normal_sinus_rhythm']
 premature ventricular contraction ( s ) sinus rhythm incomplete right bundle branch block no definite pathology ,1,['normal_sinus_rhythm']
 premature ventricular contraction ( s ) bigeminy sinus rhythm left bundle branch block this is most commonly due to ischaemic heart disease ,1,['normal_sinus_rhythm']
 premature atrial contraction ( s ) sinus rhythm left atrial enlargement qs complex in v2 st segments are slightly elevated in v2 xxxx st segments are depressed in i avl t wave are low or flat in i v5 xxxx and inverted in avl consistent with ischaemic h ,1,['normal_sinus_rhythm']
 sinus rhythm st segment depression in inferolateral leads suggests ischaemia or left ventricular strain ,1,['normal_sinus_rhythm']
 sinus rhythm abnormal left axis deviation prolonged qt ,1,['normal_sinus_rhythm']
 sinus rhythm non - specific t wave flattening in v3 xxxx prolonged qt this may be due to a drug effect or an electrolyte disturbance ,1,['normal_sinus_rhythm']
 sinus tachycardia left atrial enlargement non - specific st and t wave change in inferolateral leads findings are likely to be due to ischaemic heart disease ,1,['sinus_tachycardia']
 sinus rhythm non - specific t wave flattening or slight inversion in v2 xxxx ,1,['normal_sinus_rhythm']
 sinus rhythm left axis deviation left anterior fascicular block q wave in v2 - xxxx st segments are elevated in v3 xxxx t wave are inverted in avl v2 - xxxx and flat in i consistent with anterior myocardial infarct probably old ,1,['normal_sinus_rhythm']
 sinus rhythm q wave in ii iii avf consistent with old inferior myocardial infarct ,23,['normal_sinus_rhythm']
 sinus rhythm no definite pathology ,230,['normal_sinus_rhythm']
 premature atrial contraction ( s ) sinus rhythm prolonged pr interval left axis deviation right bundle branch block q wave in ii iii avf consistent with old inferior myocardial infarct ,1,['normal_sinus_rhythm']
 sinus tachycardia qs complex in v2 and tiny r wave in v3 consistent with old anteroseptal myocardial infarct ,1,['sinus_tachycardia']
 premature atrial contraction ( s ) sinus rhythm left atrial enlargement qs complex in v2 and tiny r wave in v3 st segments are depressed and t wave inverted in i avl v5 xxxx consistent with ischaemic heart disease with old anteroseptal myocardial ,1,['normal_sinus_rhythm']
 sinus rhythm left atrial enlargement voltages are high in chest leads suggesting lvh st segments are depressed and t wave inverted in i avl v4 xxxx this may be due to lv strain or ischaemia ,1,['normal_sinus_rhythm']
 sinus rhythm possible left atrial enlargement voltages are high in limb leads suggesting lvh qs complex in v2 suggesting old anteroseptal myocardial infarct st segments are depressed in i avl v5 xxxx t wave are inverted in i avl v3 - xxxx this ma ,1,['normal_sinus_rhythm']
 sinus rhythm minor non - specific t wave flattening in limb leads and v5 xxxx ,3,['normal_sinus_rhythm']
 sinus rhythm chest lead voltages suggest possible lv hypertrophy otherwise normal ecg ,1,['normal_sinus_rhythm']
 sinus tachycardia left axis deviation left bundle branch block this is most commonly due to ischaemic heart disease ,3,['sinus_tachycardia']
 sinus arrhythmia normal ecg ,52,['sinus_arrhythmia']
 sinus bradycardia with sinus arrhythmia the cause of the bradycardia is not evident voltages are high in chest leads suggesting lvh st segments are depressed in i ii avl v4 xxxx this may be due to lv strain or ischaemia prolonged qt this may be du ,2,"['sinus_arrhythmia', 'sinus_bradycardia']"
 sinus rhythm left axis deviation left anterior fascicular block ,47,['normal_sinus_rhythm']
 sinus rhythm left axis deviation left bundle branch block this is most commonly due to ischaemic heart disease ,19,['normal_sinus_rhythm']
 premature ventricular contraction ( s ) sinus rhythm right bundle branch block ,3,['normal_sinus_rhythm']
 sinus rhythm minor non - specific t wave flattening in i avl v5 xxxx this is of doubtful significance ,1,['normal_sinus_rhythm']
 sinus bradycardia voltages are high in chest leads suggesting lvh the cause of the bradycardia is not evident ,2,['sinus_bradycardia']
 sinus rhythm possible old inferior myocardial infarct ,3,['normal_sinus_rhythm']
 sinus rhythm incomplete right bundle branch block this is probably a normal variant high v lead voltages are probably normal for age ,1,['normal_sinus_rhythm']
 sinus rhythm normal ecg edit norm xxxx ( norm xxxx ) ,46,['normal_sinus_rhythm']
 sinus rhythm minor non - specific st and t wave change in i avl ,1,['normal_sinus_rhythm']
 sinus rhythm left ventricular hypertrophy widespread st segment depression and t wave inversion this may be due to lv strain or ischaemia ,1,['normal_sinus_rhythm']
 premature ventricular contraction ( s ) sinus rhythm rightward axis ,1,['normal_sinus_rhythm']
 sinus rhythm left atrial enlargement voltages are high in chest leads suggesting lvh st segments are depressed in i ii iii avl avf v5 xxxx t wave are inverted in i avl v5 xxxx this may be due to lv strain or ischaemia st segments are elevated i ,1,['normal_sinus_rhythm']
 sinus rhythm left ventricular hypertrophy possible left atrial enlargement widespread st segment depression and t wave inversion this may be due to lv strain or ischaemia ,1,['normal_sinus_rhythm']
 sinus rhythm non - specific t wave flattening in v2 - xxxx ,2,['normal_sinus_rhythm']
 sinus arrhythmia non - specific t wave flattening in v4 xxxx myocardial ischaemia cannot be excluded ,1,['sinus_arrhythmia']
 sinus rhythm borderline left axis deviation q wave and st segment elevation in v2 cannot rule out anteroseptal myocardial damage st segments are depressed in i avl v5 xxxx t wave are low or flat in these leads this may be due to lv strain or ischaem ,1,['normal_sinus_rhythm']
 sinus rhythm right bundle branch block q wave in chest leads consistent with old anterior myocardial infarct possible old inferior myocardial infarct edit asmi xxxx crbbb infarkt sicher ( asmi xxxx crbbb ) ,1,['normal_sinus_rhythm']
 sinus rhythm voltages are high in chest leads suggesting lvh st segments are depressed in ii iii avf v4 xxxx this may be due to lv strain or ischaemia ,3,['normal_sinus_rhythm']
 sinus rhythm normal ecg edit norm xxxx schlechte qualität v2 v3 v5 ,1,['normal_sinus_rhythm']
 premature atrial contraction ( s ) sinus arrhythmia voltages are high in chest leads suggesting lvh st segments are depressed in ii iii avf v4 xxxx this may be due to lv strain or ischaemia prolonged qt this may be due to a drug effect or an elect ,1,['sinus_arrhythmia']
 sinus rhythm possible left atrial enlargement q wave and small r wave in v2 suggesting old anteroseptal myocardial infarct non - specific t wave flattening in v6 ,1,['normal_sinus_rhythm']
 sinus rhythm compared with tracing of xxxx it is not significantly changed ,1,['normal_sinus_rhythm']
 sinus rhythm q wave in ii iii avf suggesting old inferior myocardial infarct ,2,['normal_sinus_rhythm']
 sinus rhythm normal ecg there is no ecg evidence to suggest pericarditis moreover acute pericarditis would be unlikely in the absence of tachycardia ,1,['normal_sinus_rhythm']
 sinus rhythm left ventricular hypertrophy st segments are depressed in v5 xxxx q wave in ii iii avf t wave are low or flat in limb leads and v5 xxxx consistent with ischaemic heart disease with old inferior myocardial infarct ,1,['normal_sinus_rhythm']
 sinus rhythm minor nonspecific anterior st t change ,1,['normal_sinus_rhythm']
 sinus arrhythmia no definite pathology ,5,['sinus_arrhythmia']
 sinus rhythm left axis deviation left anterior fascicular block otherwise no definite pathology lead v5 shows artifact ,1,['normal_sinus_rhythm']
 sinus rhythm voltages are high in chest leads suggesting lvh non - specific st segment depression in i ii v4 xxxx edit lvh xxxx vh xxxx sokolow xxxx wahrscheinlich normal ,1,['normal_sinus_rhythm']
 sinus rhythm left bundle branch block this is most commonly due to ischaemic heart disease ,31,['normal_sinus_rhythm']
 sinus rhythm st segments are depressed in i v4 xxxx this may be due to lv strain or ischaemia ,1,['normal_sinus_rhythm']
 sinus rhythm minor non - specific t wave flattening in i avl v2 xxxx edit norm xxxx ( ndt ) ,1,['normal_sinus_rhythm']
 sinus rhythm prolonged pr interval left atrial enlargement compared with tracing of xxxx rhythm was previously atrial flutter otherwise it is similar with non - specific st and t wave change ,1,['normal_sinus_rhythm']
 sinus rhythm borderline left axis deviation low limb lead voltage no definite pathology ,2,['normal_sinus_rhythm']
 premature ventricular contraction ( s ) sinus rhythm non - specific intraventricular block left ventricular hypertrophy st segments are depressed in ii iii avf v5 xxxx t wave are flat or slightly inverted in limb leads and v5 xxxx this may be due to lv str ,1,['normal_sinus_rhythm']
 sinus arrhythmia left axis deviation no definite pathology ,1,['sinus_arrhythmia']
 sinus rhythm low limb lead voltage no definite pathology ,30,['normal_sinus_rhythm']
 sinus rhythm non - specific t wave flattening in i avl ,5,['normal_sinus_rhythm']
 sinus rhythm minor non - specific intraventricular delay minor non - specific t wave flattening no definite evidence of ischaemia or rhythm disturbance minor qt prolongation ,1,['normal_sinus_rhythm']
 sinus rhythm minor non - specific st and t wave change ,4,['normal_sinus_rhythm']
 sinus rhythm premature ventricular contraction ( s ) prolonged pr interval non - specific intraventricular delay st segments are depressed in i ii v4 xxxx t wave are low or flat in limb leads and v5 xxxx findings are likely to be due to ischaemic heart ,1,['normal_sinus_rhythm']
 sinus rhythm voltages are high in limb leads suggesting lvh st segments are depressed and t wave inverted in i ii avl v4 xxxx this is probably due to lv strain ,1,['normal_sinus_rhythm']
 sinus rhythm tiny r wave in v2 old anteroseptal infarct cannot be excluded otherwise normal ecg ,1,['normal_sinus_rhythm']
 sinus rhythm incomplete right bundle branch block this is probably a normal variant t wave are low in ii and inverted in iii avf this may be normal but inferior myocardial ischaemia cannot be entirely excluded suggest repeat if clinically indica ,1,['normal_sinus_rhythm']
 premature atrial contraction ( s ) sinus rhythm otherwise normal ecg lead v4 shows artifact ,1,['normal_sinus_rhythm']
 sinus rhythm r - s transition zone in v leads displaced to the right incomplete right bundle branch block otherwise normal ecg ,1,['normal_sinus_rhythm']
 sinus rhythm left axis deviation left anterior fascicular block right bundle branch block bifascicular block pr interval is normal ,19,['normal_sinus_rhythm']
 sinus rhythm premature ventricular contraction ( s ) possible left atrial enlargement r - s transition zone in v leads displaced to the right q wave in ii iii avf consistent with old inferior myocardial infarct st segments are depressed in i avl ,1,['normal_sinus_rhythm']
 premature atrial contraction ( s ) sinus rhythm r - s transition zone in v leads displaced to the right otherwise normal ecg ,1,['normal_sinus_rhythm']
 sinus rhythm qs complex in v2 suggesting old anteroseptal infarct otherwise normal ecg ,1,['normal_sinus_rhythm']
 premature ventricular contraction ( s ) sinus rhythm voltages are high in chest leads suggesting lvh poor progression of r wave in anterior chest leads old anteroseptal myocardial infarct cannot be excluded ,1,['normal_sinus_rhythm']
 sinus rhythm low limb lead voltage possible old inferior myocardial infarct ,1,['normal_sinus_rhythm']
 sinus rhythm normal ecg edit norm xxxx rsiii ( norm xxxx ) ,3,['normal_sinus_rhythm']
 sinus rhythm incomplete right bundle branch block t wave are inverted in v4 xxxx and low or flat in i avl findings may be due to lateral myocardial ischaemia or subendocardial infarct of uncertain age ,1,['normal_sinus_rhythm']
 sinus rhythm normal ecg edit norm xxxx rsiii avf ( norm xxxx ) ,1,['normal_sinus_rhythm']
 sinus rhythm normal ecg edit norm xxxx diffuse t - wellenveränderungen ( flach hebungen ) ,1,['normal_sinus_rhythm']
 sinus rhythm st segments are depressed in i ii avl v5 xxxx t wave are low or flat in limb leads and v4 xxxx this may be due to lv strain or ischaemia ,1,['normal_sinus_rhythm']
 sinus arrhythmia incomplete right bundle branch block this is probably a normal variant otherwise normal ecg ,4,['sinus_arrhythmia']
 sinus rhythm no definite pathology edit norm xxxx ,1,['normal_sinus_rhythm']
 sinus rhythm normal ecg edit norm xxxx rqsiii ( norm xxxx ) ,1,['normal_sinus_rhythm']
 sinus rhythm st segments are depressed in i avl v5 xxxx t wave are low in these leads this may be due to lv strain or ischaemia ,1,['normal_sinus_rhythm']
 sinus rhythm possible left atrial enlargement left axis deviation left bundle branch block this is most commonly due to ischaemic heart disease ,1,['normal_sinus_rhythm']
 sinus rhythm borderline left axis deviation qs complex in v2 and tiny r wave in v3 suggesting old anteroseptal myocardial infarct ,1,['normal_sinus_rhythm']
 sinus rhythm non - specific t wave flattening in limb leads and v5 xxxx myocardial ischaemia is a likely cause ,1,['normal_sinus_rhythm']
 sinus rhythm t wave are low or flat throughout myocardial ischaemia is likely suggest exclude hypokalaemia ,6,['normal_sinus_rhythm']
 sinus rhythm voltages are high in chest leads suggesting lvh no definite pathology ,1,['normal_sinus_rhythm']
 sinus rhythm widespread t wave flattening myocardial ischaemia is likely suggest exclude hypokalaemia ,1,['normal_sinus_rhythm']
 sinus rhythm probable left atrial enlargement voltages are high in chest leads suggesting lvh st segments are depressed in i ii avf v4 xxxx this may be due to lv strain or ischaemia ,1,['normal_sinus_rhythm']
 sinus rhythm non - specific t wave flattening in i avl v5 xxxx ,11,['normal_sinus_rhythm']
 premature ventricular contraction ( s ) sinus arrhythmia minor non - specific t wave flattening in i avl v6 ,1,['sinus_arrhythmia']
 sinus bradycardia otherwise normal ecg the cause of the bradycardia is not evident ,31,['sinus_bradycardia']
 sinus rhythm n0n - specific t wave inversion in iii avf this may be normal ,1,['normal_sinus_rhythm']
 sinus rhythm minor non - specific st segment depression in i avl ,5,['normal_sinus_rhythm']
 premature ventricular contraction ( s ) sinus rhythm t wave are low or flat in limb leads and v5 xxxx non - specific but consistent with myocardial ischaemia ,1,['normal_sinus_rhythm']
 sinus rhythm voltages are high in limb leads suggesting lvh otherwise normal ecg ,30,['normal_sinus_rhythm']
 premature ventricular contraction ( s ) premature atrial contraction ( s ) sinus rhythm st segments are depressed in ii iii avf v3 - xxxx t wave are low in ii and slightly inverted in iii avf this may be due to lv strain or ischaemia ,1,['normal_sinus_rhythm']
 sinus rhythm minimal st segment depression in v4 xxxx t wave are low in v5 xxxx this is minor non - specific and of doubtful significance ,1,['normal_sinus_rhythm']
 sinus rhythm borderline left axis deviation qs complex in v2 xxxx consistent with old anteroseptal myocardial infarct ,1,['normal_sinus_rhythm']
 sinus rhythm compared with tracings of xxxx and xxxx it is similar to the latter but st segment depression and t wave inversion in inferior leads are a little deeper ,1,['normal_sinus_rhythm']
 sinus rhythm st segments are depressed and t wave inverted in i ii avl v2 - xxxx this may be due to lv strain or ischaemia edit imi xxxx lvh xxxx isc sokolow xxxx ( xxxx 2v2+v5 ) ( lvh xxxx isc_ ) ,1,['normal_sinus_rhythm']
 sinus rhythm q wave and t wave inversion in v2 suggesting old anteroseptal infarct otherwise normal ecg ,1,['normal_sinus_rhythm']
 sinus rhythm st segments are depressed in i avl v5 xxxx t wave are inverted in i avl and flat in ii v4 xxxx this may be due to lv strain or ischaemia st segments are elevated in v1 xxxx this is of uncertain significance ,1,['normal_sinus_rhythm']
 sinus rhythm prolonged pr interval qs complex in v2 and tiny r wave in v3 suggesting old anteroseptal myocardial infarct ,1,['normal_sinus_rhythm']
 sinus rhythm non - specific intraventricular block q wave in ii iii avf consistent with old inferior myocardial infarct ,3,['normal_sinus_rhythm']
 sinus rhythm q wave in ii iii avf consistent with old inferior myocardial infarct non - specific t wave flattening in i avl v6 ,1,['normal_sinus_rhythm']
 premature atrial contraction ( s ) sinus rhythm low limb lead voltage st segments are depressed in i ii v3 - xxxx this may be due to lv strain or ischaemia possible old inferior myocardial infarct ,1,['normal_sinus_rhythm']
 sinus rhythm prolonged pr interval otherwise normal ecg ,40,['normal_sinus_rhythm']
 sinus rhythm left axis deviation left anterior fascicular block q wave in v2 an old anteroseptal infarct cannot be excluded ,1,['normal_sinus_rhythm']
 sinus rhythm left ventricular hypertrophy st segments are depressed in v5 xxxx t wave are low in ii v5 xxxx this may be due to lv strain or ischaemia ,1,['normal_sinus_rhythm']
 sinus bradycardia non - specific intraventricular delay voltages in chest leads are at upper limit the cause of the bradycardia is not evident ,1,['sinus_bradycardia']
 sinus bradycardia low limb lead voltage t wave are low or flat throughout myocardial ischaemia is likely suggest exclude hypokalaemia the cause of the bradycardia is not evident ,1,['sinus_bradycardia']
 sinus rhythm st segments are depressed in i ii avl v5 xxxx t wave are low or flat in ii v4 xxxx t wave are slightly inverted in i avl v6 this may be due to lv strain or ischaemia ,1,['normal_sinus_rhythm']
 sinus rhythm q wave in ii iii avf are probably normal no definite pathology ,23,['normal_sinus_rhythm']
 sinus rhythm possible left atrial enlargement minor non - specific t wave flattening in v5 xxxx ,1,['normal_sinus_rhythm']
 sinus rhythm tiny r wave in v2 this may be normal but old anteroseptal myocardial infarct cannot be excluded no definite ecg evidence to suggest pulmonary embolism ,1,['normal_sinus_rhythm']
 sinus rhythm non - specific t wave flattening in v2 xxxx ,3,['normal_sinus_rhythm']
 sinus rhythm right bundle branch block edit asmi xxxx crbbb mi5 xxxx % bbb xxxx % ( crbbb ) ,1,['normal_sinus_rhythm']
 sinus tachycardia qs complex in v2 xxxx consistent with old anteroseptal myocardial infarct st segments are depressed in i ii v5 xxxx t wave are flat in i avl this may be due to lv strain or ischaemia ,1,['sinus_tachycardia']
 sinus tachycardia right atrial enlargement incomplete right bundle branch block non - specific st and t wave change in inferolateral leads ,1,['sinus_tachycardia']
 sinus rhythm q wave and t wave inversion in ii iii avf consistent with old inferior myocardial infarct ,3,['normal_sinus_rhythm']
 sinus rhythm premature ventricular contraction ( s ) bigeminy otherwise no definite pathology the computer has selected vpbs as typical ventricular complex because more of them were recorded please ignore this ,1,['normal_sinus_rhythm']
 sinus rhythm t wave are flat in ii avf and inverted in iii inferior myocardial ischaemia cannot be excluded voltages in chest leads are at upper limit ,1,['normal_sinus_rhythm']
 premature ventricular contraction ( s ) premature atrial contraction ( s ) sinus rhythm otherwise no definite pathology ,2,['normal_sinus_rhythm']
 premature atrial contraction ( s ) sinus rhythm non - specific t wave flattening in i v4 xxxx myocardial ischaemia is likely ,1,['normal_sinus_rhythm']
 sinus rhythm rightward axis right bundle branch block possible right ventricular hypertrophy edit rvh xxxx crbbb lpfb ( crbbb lpfb rvh xxxx ) ,1,['normal_sinus_rhythm']
 sinus rhythm non - specific t wave flattening in i v2 xxxx ,1,['normal_sinus_rhythm']
 sinus rhythm deep but narrow q wave in ii iii avf v4 xxxx may indicate septal hypertrophy rather than old infarct otherwise normal ecg edit lvh xxxx septal hypertrophy sokolow xxxx ( norm xxxx sehyp xxxx ) ,1,['normal_sinus_rhythm']
 premature atrial contraction ( s ) sinus rhythm left axis deviation left anterior fascicular block qs complex in v2 and tiny r wave in v3 consistent with old anteroseptal myocardial infarct non - specific t wave flattening in limb leads and v5 xxxx ,1,['normal_sinus_rhythm']
 sinus rhythm incomplete right bundle branch block minor non - specific t wave flattening ,1,['normal_sinus_rhythm']
 sinus rhythm prolonged qt this may be due to a drug effect or an electrolyte disturbance ,14,['normal_sinus_rhythm']
 sinus rhythm rightward axis probable left posterior fascicular block qs complex in v2 xxxx consistent with old anterior myocardial infarct q wave in i avl suggesting old lateral infarct ,1,['normal_sinus_rhythm']
 sinus tachycardia left atrial enlargement left axis deviation qs complex in v2 xxxx consistent with anteroseptal myocardial infarct of uncertain age probably old st segments are depressed and t wave inverted in i avl v5 xxxx this may be due to ,1,['sinus_tachycardia']
 sinus rhythm left axis deviation left anterior fascicular block otherwise normal ecg ,23,['normal_sinus_rhythm']
 sinus rhythm prolonged pr interval right bundle branch block ,8,['normal_sinus_rhythm']
 sinus rhythm t wave are inverted in i avl v5 xxxx non - specific but consistent with myocardial ischaemia ,1,['normal_sinus_rhythm']
 premature atrial contraction ( s ) sinus rhythm prolonged pr interval otherwise normal ecg ,2,['normal_sinus_rhythm']
 sinus rhythm right bundle branch block ,45,['normal_sinus_rhythm']
 sinus rhythm prolonged pr interval left bundle branch block ,1,['normal_sinus_rhythm']
 sinus rhythm t wave are flat or slightly inverted in limb leads and v6 non - specific but consistent with myocardial ischaemia prolonged qt this may be due to a drug effect or an electrolyte disturbance ,1,['normal_sinus_rhythm']
 sinus rhythm prolonged pr interval compared with tracing of xxxx ventricular complex are slightly narrower but otherwise it is not significantly changed ,1,['normal_sinus_rhythm']
 sinus rhythm incomplete right bundle branch block q wave in ii iii avf are probably normal no definite pathology ,1,['normal_sinus_rhythm']
 sinus rhythm incomplete right bundle branch block non - specific t wave change in v4 xxxx myocardial ischaemia is a possible cause ,1,['normal_sinus_rhythm']
 sinus rhythm incomplete right bundle branch block st segments are depressed in v4 xxxx t wave are low or flat in ii v2 - xxxx and inverted in iii avf non - specific but consistent with myocardial ischaemia ,1,['normal_sinus_rhythm']
 sinus rhythm t wave are low or flat in i avl and inverted in v4 xxxx non - specific but consistent with myocardial ischaemia ,1,['normal_sinus_rhythm']
 sinus rhythm t wave are inverted in v2 xxxx low in i and inverted in avl findings are of uncertain significance in a patient of this age ,1,['normal_sinus_rhythm']
 sinus tachycardia normal ecg ,4,['sinus_tachycardia']
 sinus rhythm incomplete right bundle branch block q wave in ii iii avf old inferior myocardial infarct cannot be excluded ,1,['normal_sinus_rhythm']
 sinus rhythm qs complex in v2 suggesting old anteroseptal infarct st segments are depressed in v5 xxxx t wave are flat or slightly inverted in limb leads and v5 xxxx findings are likely to be due to ischaemic heart disease ,1,['normal_sinus_rhythm']
 sinus rhythm incomplete right bundle branch block otherwise normal ecg ,41,['normal_sinus_rhythm']
 premature atrial contraction ( s ) sinus rhythm left axis deviation left anterior fascicular block voltages are high in chest leads suggesting lvh non - specific intraventricular delay inferolateral st and t wave change these may be due to lv strain or isc ,1,['normal_sinus_rhythm']
 sinus rhythm left axis deviation left anterior fascicular block non - specific t wave change in v2 xxxx myocardial ischaemia is a possible cause ,1,['normal_sinus_rhythm']
 sinus rhythm q wave in ii iii avf consistent with old inferior myocardial infarct t wave are low or flat in i v4 xxxx and inverted in avl findings are likely to be due to ischaemic heart disease ,1,['normal_sinus_rhythm']
 sinus rhythm incomplete right bundle branch block this is probably a normal variant otherwise normal ecg ,16,['normal_sinus_rhythm']
 premature ventricular contraction ( s ) sinus rhythm left axis deviation left bundle branch block this is most commonly due to ischaemic heart disease ,3,['normal_sinus_rhythm']
 sinus rhythm prolonged pr interval possible left atrial enlargement voltages are high in chest leads suggesting lvh st segments are depressed in v5 xxxx this may be due to lv strain or ischaemia old anteroseptal myocardial infarct cannot be exclude ,1,['normal_sinus_rhythm']
 sinus rhythm left axis deviation non - specific intraventricular block left ventricular hypertrophy st segments are depressed in i ii avl v5 xxxx t wave are inverted in i avl v6 this may be due to lv strain or ischaemia ,1,['normal_sinus_rhythm']
 premature ventricular contraction ( s ) sinus rhythm no definite pathology ,3,['normal_sinus_rhythm']
 sinus rhythm q wave in v2 suggesting old anteroseptal infarct minor non - specific t wave flattening in i avl ,1,['normal_sinus_rhythm']
 sinus rhythm prolonged pr interval minor non - specific t wave flattening in i avl v6 ,2,['normal_sinus_rhythm']
 sinus rhythm q wave in v2 suggesting old anteroseptal infarct ,1,['normal_sinus_rhythm']
 sinus rhythm compared with tracing of earlier today it is not significantly changed change persist in anteroseptal leads ,1,['normal_sinus_rhythm']
 sinus rhythm incomplete right bundle branch block otherwise normal ecg edit norm xxxx irbbb ( norm xxxx irbbb lafb ) ,1,['normal_sinus_rhythm']
 premature ventricular contraction ( s ) sinus rhythm left axis deviation tiny r wave in v2 xxxx suggesting old anteroseptal infarct possible old inferior myocardial infarct non - specific st and t wave change in lateral leads ,1,['normal_sinus_rhythm']
 sinus rhythm prolonged pr interval qs complex in v2 and tiny r wave in v3 consistent with old anteroseptal myocardial infarct t wave flattening in i avl v4 xxxx st segments are slightly depressed in i avl non - specific but consistent with m ,1,['normal_sinus_rhythm']
 sinus rhythm left bundle branch block ,5,['normal_sinus_rhythm']
 sinus rhythm left axis deviation left anterior fascicular block minor non - specific st segment depression in i v2 and v4 xxxx ,1,['normal_sinus_rhythm']
 sinus rhythm q wave in ii iii avf consistent with old inferior myocardial infarct st segments are depressed in i ii avl v6 t wave are low or flat throughout findings are likely to be due to ischaemic heart disease suggest exclude hypo ,1,['normal_sinus_rhythm']
 premature ventricular contractions bigeminy sinus tachycardia non - specific st and t wave change ,1,['sinus_tachycardia']
 sinus rhythm voltages are high in limb leads suggesting lvh st segments are depressed in i avl v6 t wave are low or flat in these leads this may be due to lv strain or ischaemia ,2,['normal_sinus_rhythm']
 sinus rhythm left axis deviation voltages are high in limb leads suggesting lvh ,3,['normal_sinus_rhythm']
 sinus rhythm t wave are low or flat in limb leads and v4 xxxx non - specific but consistent with myocardial ischaemia ,2,['normal_sinus_rhythm']
 sinus rhythm st segments are depressed in i ii avf v4 xxxx t wave are low throughout myocardial ischaemia is likely suggest exclude hypokalaemia ,1,['normal_sinus_rhythm']
 sinus rhythm prolonged pr interval possible old inferior infarct ,1,['normal_sinus_rhythm']
 premature ventricular contraction ( s ) bigeminy sinus rhythm minor non - specific t wave flattening in i ,1,['normal_sinus_rhythm']
 sinus rhythm prolonged pr interval q wave in ii iii avf st segments are depressed in i ii avf v4 xxxx t wave are low or flat in i avl consistent with ischaemic heart disease with old inferior myocardial infarct ,1,['normal_sinus_rhythm']
 premature atrial contraction ( s ) sinus rhythm possible left atrial enlargement voltages are high in chest leads suggesting lvh ,1,['normal_sinus_rhythm']
 sinus rhythm borderline left axis deviation otherwise normal ecg ,2,['normal_sinus_rhythm']
 sinus rhythm left axis deviation borderline criteria for left anterior fascicular block otherwise normal ecg ,1,['normal_sinus_rhythm']
 premature atrial contractions trigeminy sinus rhythm minor non - specific st segment depression in i avl v5 xxxx ,1,['normal_sinus_rhythm']
 premature atrial contraction ( s ) sinus rhythm compared with tracing of xxxx it is very similar except for the premature complex st and t wave change persist ,1,['normal_sinus_rhythm']
 sinus rhythm incomplete right bundle branch block q wave and t wave inversion in ii iii avf st segments are depressed in i avl v4 xxxx t wave are low or flat in v5 xxxx consistent with ischaemic heart disease with inferior myocardial infarct pr ,1,['normal_sinus_rhythm']
 sinus bradycardia r - s transition zone in v leads displaced to the right minor non - specific st and t wave change in inferolateral leads ,1,['sinus_bradycardia']
 premature atrial contraction ( s ) sinus rhythm otherwise normal ecg ,44,['normal_sinus_rhythm']
 sinus rhythm t wave are inverted in v2 - xxxx and low or flat in i avl v6 findings are likely to be due to ischaemic heart disease anterior subendocardial infarct of uncertain age cannot be excluded ,1,['normal_sinus_rhythm']
 sinus rhythm left atrial enlargement voltages are high in chest leads suggesting lvh st segments are depressed and t wave inverted in i ii avl v2 - xxxx this may be due to lv strain or ischaemia edit injas lvh xxxx isc sokolow xxxx ( lvh xxxx isc_ ) ,1,['normal_sinus_rhythm']
 sinus rhythm incomplete right bundle branch block st segments are depressed in i ii v5 xxxx t wave are inverted in v2 - xxxx and low in other leads findings are likely to be due to ischaemic heart disease the age of the change is uncertain ,1,['normal_sinus_rhythm']
 premature atrial contraction ( s ) trigeminy sinus rhythm prolonged pr interval left axis deviation ,1,['normal_sinus_rhythm']
 premature ventricular contraction ( s ) sinus bradycardia incomplete right bundle branch block st segments are depressed in v2 - xxxx t wave are low in v4 xxxx this may be due to lv strain or ischaemia the cause of the bradycardia is not evident ,1,['sinus_bradycardia']
 premature atrial contraction ( s ) sinus rhythm left anterior fascicular block non - specific intraventricular block q wave in i avl v4 xxxx consistent with old lateral myocardial infarct ,1,['normal_sinus_rhythm']
 sinus rhythm q wave in ii iii avf st segments are elevated in ii iii avf v5 xxxx t wave are inverted in these leads consistent with inferolateral myocardial infarct which appears recent ,1,['normal_sinus_rhythm']
 premature ventricular contraction ( s ) sinus rhythm left atrial enlargement left axis deviation left bundle branch block this is most commonly due to ischaemic heart disease ,1,['normal_sinus_rhythm']
 premature ventricular contraction ( s ) sinus rhythm voltages are high in limb leads suggesting lvh st segments are depressed in i ii avl v3 - xxxx t wave are low in i ii avl v6 this may be due to lv strain or ischaemia ,1,['normal_sinus_rhythm']
 sinus rhythm non specific intraventricular block left ventricular hypertrophy anterolateral st and t wave change consistent with ischaemia or marked left ventricular strain ,1,['normal_sinus_rhythm']
 sinus rhythm q wave in ii iii avf are probably normal old inferior infarct cannot be entirely excluded otherwise normal ecg ,3,['normal_sinus_rhythm']
 sinus rhythm st segments are depressed in i avl t wave are low or flat in avl v4 xxxx this may be due to lv strain or ischaemia ,1,['normal_sinus_rhythm']
 sinus rhythm minor non - specific t wave flattening in i and inversion in avl ,4,['normal_sinus_rhythm']
 sinus tachycardia st segments are depressed in i ii v4 xxxx this may be due to lv strain or ischaemia ,1,['sinus_tachycardia']
 sinus rhythm borderline left axis deviation no definite pathology ,12,['normal_sinus_rhythm']
 sinus rhythm left axis deviation non - specific intraventricular block ,5,['normal_sinus_rhythm']
 sinus rhythm incomplete right bundle branch block voltages are high in limb leads suggesting lvh otherwise normal ecg ,1,['normal_sinus_rhythm']
 sinus tachycardia st segments are depressed in ii iii avf v2 - xxxx non - specific but may be due to myocardial ischaemia this is an unusual tracing for a patient of this age unless there has been prolonged tachycardia ,1,['sinus_tachycardia']
 sinus tachycardia compared with tracing of earlier today the previously noted st segment depression now negligible there is t wave flattening in ii iii avf suggest repeat in one week or so edit norm xxxx ( f xxxx ) ansteigende st - senkungen in ii iii flache t v5 xxxx v a rao ,1,['sinus_tachycardia']
 premature atrial contraction ( s ) trigeminy sinus rhythm minor non - specific st segment depression in i v5 xxxx ,1,['normal_sinus_rhythm']
 premature ventricular contraction ( s ) sinus rhythm prolonged pr interval t wave are flat in ii and inverted in iii avf inferior myocardial ischaemia is likely ,1,['normal_sinus_rhythm']
 sinus rhythm non - specific intraventricular delay otherwise normal ecg ,15,['normal_sinus_rhythm']
 sinus rhythm left axis deviation right bundle branch block edit asmi xxxx almi xxxx crbbb ( crbbb lafb ) ,1,['normal_sinus_rhythm']
 sinus rhythm prolonged pr interval left axis deviation left ventricular hypertrophy tiny r wave in v2 xxxx suggesting old anterior infarct ,1,['normal_sinus_rhythm']
 sinus rhythm prolonged pr interval otherwise normal ecg edit norm xxxx qriii ( norm xxxx ) ,1,['normal_sinus_rhythm']
 sinus rhythm normal ecg edit norm xxxx rsriii ( norm xxxx ) ,3,['normal_sinus_rhythm']
 sinus rhythm incomplete right bundle branch block st segments are depressed in i avl t wave are low in i v5 xxxx this may be due to lv strain or ischaemia ,1,['normal_sinus_rhythm']
 premature atrial contraction ( s ) sinus rhythm possible chaotic atrial rhythm this is most commonly associated with chronic respiratory disease minor non - specific st and t wave change in inferior leads ,1,['normal_sinus_rhythm']
 sinus rhythm incomplete left bundle branch block ,1,['normal_sinus_rhythm']
 sinus rhythm prolonged pr interval otherwise no definite pathology ,6,['normal_sinus_rhythm']
 sinus rhythm non - specific t wave change in v2 xxxx of uncertain significance in view of possible pulmonary embolism suggest repeat tomorrow if clinically indicated ,1,['normal_sinus_rhythm']
 sinus tachycardia otherwise normal ecg ,47,['sinus_tachycardia']
 sinus rhythm prolonged qt this may be due to a drug effect or an electrolyte disturbance otherwise normal ecg ,3,['normal_sinus_rhythm']
 premature ventricular contraction ( s ) sinus tachycardia otherwise normal ecg ,4,['sinus_tachycardia']
 premature ventricular contraction ( s ) sinus rhythm otherwise normal ecg ,26,['normal_sinus_rhythm']
 premature atrial contraction ( s ) sinus rhythm low limb lead voltage t wave are slightly inverted in ii iii avf non - specific but consistent with myocardial ischaemia ,1,['normal_sinus_rhythm']
 sinus rhythm borderline left axis deviation prolonged qt this may be due to a drug effect or an electrolyte disturbance ,1,['normal_sinus_rhythm']
 sinus rhythm low limb lead voltage right bundle branch block ,2,['normal_sinus_rhythm']
 premature atrial contraction ( s ) sinus rhythm st segments are slightly depressed in i ii v4 xxxx non - specific but consistent with myocardial ischaemia slightly prolonged qt this may be due to a drug effect or an electrolyte disturbance ,1,['normal_sinus_rhythm']
 sinus rhythm st segments are depressed in i ii avl v5 xxxx t wave are flat in these leads this may be due to lv strain or ischaemia ,1,['normal_sinus_rhythm']
 sinus rhythm minor non - specific t wave flattening ,2,['normal_sinus_rhythm']
 sinus rhythm t wave are inverted in v2 xxxx st segments are slightly elevated in these leads this may be due to myocardial ischaemia or anterior subendocardial infarct of uncertain age edit injas ( injas xxxx ) ,1,['normal_sinus_rhythm']
 premature ventricular contraction ( s ) sinus rhythm st segments are depressed in ii iii avf v4 xxxx t wave are deeply inverted in i avl v4 xxxx this may be due to myocardial ischaemia or lateral subendocardial infarct of uncertain age ,1,['normal_sinus_rhythm']
 premature ventricular contraction ( s ) sinus rhythm non - specific intraventricular delay q wave in ii iii avf consistent with old inferior myocardial infarct st segments are depressed in i avl v5 xxxx t wave are inverted in i avl and low in v4 ,1,['normal_sinus_rhythm']
 sinus rhythm t wave are inverted in v2 xxxx and low in i v4 myocardial ischaemia is a possible cause prolonged qt this may be due to a drug effect or an electrolyte disturbance ,1,['normal_sinus_rhythm']
 sinus bradycardia st segments are elevated in v2 - xxxx this is probably a normal variant no definite pathology the bradycardia may be physiological ,1,['sinus_bradycardia']
 sinus tachycardia left axis deviation left anterior fascicular block non - specific intraventricular block poor progression of r wave in anterior chest leads this may be due to marked clockwise rotation but old anterior myocardial infarct cannot be ,1,['sinus_tachycardia']
 sinus rhythm left ventricular hypertrophy st segments are depressed in i avl this may be due to lv strain or ischaemia slightly prolonged qt this may be due to a drug effect or an electrolyte disturbance ,1,['normal_sinus_rhythm']
 sinus rhythm left anterior fascicular block right bundle branch block bifascicular block ,1,['normal_sinus_rhythm']
 sinus rhythm low limb lead voltage pr interval is at upper limit of normal ( xxxx sec ) st segments are depressed in i ii avl v3 - xxxx t wave are low or flat throughout non - specific but consistent with myocardial ischaemia and digitalis effect suggest ,1,['normal_sinus_rhythm']
 sinus rhythm minor non - specific st segment depression in i avl otherwise normal ecg ,2,['normal_sinus_rhythm']
 sinus rhythm st segments are depressed in i ii v3 - xxxx t wave are inverted in i avl v3 - xxxx non - specific but consistent with myocardial ischaemia ,1,['normal_sinus_rhythm']
 sinus tachycardia low limb lead voltage poor progression of r wave in anterior chest leads suggesting old anteroseptal infarct ,1,['sinus_tachycardia']
 sinus rhythm r - s transition zone in v leads displaced to the right otherwise normal ecg ,18,['normal_sinus_rhythm']
 sinus rhythm rightward axis low limb lead voltage st segments are elevated in ii iii avf v4 xxxx consistent with inferolateral myocardial infarct which appears recent ,1,['normal_sinus_rhythm']
 sinus rhythm prolonged qt borderline left ventricular hypertrophy on voltage criteria ,1,['normal_sinus_rhythm']
 sinus rhythm moderate amplitude criteria for lvh prolonged qt this may be due to a drug effect or an electrolyte disturbance anterolateral st and t wave change consistent with left ventricular strain or ischaemia ,1,['normal_sinus_rhythm']
 sinus arrhythmia incomplete right bundle branch block old anterolateral and inferior myocardial infarct ,1,['sinus_arrhythmia']
 sinus arrhythmia atrial premature contraction tracing is otherwise normal ,1,['sinus_arrhythmia']
 sinus rhythm abnormal left axis deviation left anterior fascicular block right bundle branch block bifascicular block possible old inferior infarct ,1,['normal_sinus_rhythm']
 sinus rhythm xxxx - min with complete av block and ventricular escape rate of xxxx - min incomplete right bundle branch block in view of syncope permanent pacing should be considered ,1,['normal_sinus_rhythm']
 sinus rhythm qs complex in v2 and q wave in v3 suggesting old anteroseptal infarct non - specific t wave flattening in limb leads and v5 xxxx ,1,['normal_sinus_rhythm']
 premature atrial contraction ( s ) sinus rhythm left bundle branch block this is most commonly due to ischaemic heart disease ,1,['normal_sinus_rhythm']
 sinus rhythm st segments are depressed in i ii avl v5 xxxx this may be due to lv strain or ischaemia ,2,['normal_sinus_rhythm']
 sinus rhythm minor non - specific t wave flattening in v2 xxxx ,2,['normal_sinus_rhythm']
 sinus rhythm st segments are depressed in v5 xxxx t wave are inverted in ii iii avf v3 - xxxx t wave are flat in i avl findings are likely to be due to ischaemic heart disease inferolateral subendocardial infarct of uncertain age is a possibility ,1,['normal_sinus_rhythm']
 sinus rhythm low limb lead voltage normal ecg ,6,['normal_sinus_rhythm']
 sinus rhythm compared with tracing of xxxx there now t wave flattening in v2 xxxx myocardial ischaemia is a possible cause ,1,['normal_sinus_rhythm']
 sinus rhythm non - specific t wave flattening in i ii avl v4 xxxx ,1,['normal_sinus_rhythm']
 premature ventricular contraction ( s ) sinus rhythm right axis deviation incomplete right bundle branch block ,1,['normal_sinus_rhythm']
 premature atrial contraction ( s ) sinus tachycardia q wave in ii iii avf consistent with old inferior myocardial infarct st segments are depressed in i ii avl v4 xxxx t wave are low in these leads this may be due to lv strain or ischaemia ,1,['sinus_tachycardia']
 sinus rhythm left axis deviation left anterior fascicular block q wave in v2 old anteroseptal infarct cannot be excluded ,2,['normal_sinus_rhythm']
 sinus rhythm non - specific t wave inversion in iii avf suggest repeat if clinically indicated ,1,['normal_sinus_rhythm']
 sinus rhythm minor non - specific st segment depression in i ii v5 xxxx prolonged qt this may be due to a drug effect or an electrolyte disturbance ,1,['normal_sinus_rhythm']
 premature ventricular contraction ( s ) sinus rhythm st segments are depressed in i ii avf v4 xxxx t wave are low or flat in limb leads and v4 xxxx this may be due to lv strain or ischaemia ,1,['normal_sinus_rhythm']
 sinus rhythm st segments are depressed in i ii v5 xxxx this may be due to lv strain or ischaemia ,1,['normal_sinus_rhythm']
 sinus rhythm minor non - specific t wave flattening in i v5 xxxx ,1,['normal_sinus_rhythm']
 sinus tachycardia pr interval slightly long for rate ,1,['sinus_tachycardia']
 sinus rhythm non - specific t wave flattening in i avl chest leads non - specific but consistent with myocardial ischaemia ,1,['normal_sinus_rhythm']
 sinus rhythm t wave are inverted in ii iii avf v4 xxxx this may be due to inferolateral myocardial ischaemia or subendocardial infarct of uncertain age ,1,['normal_sinus_rhythm']
 premature ventricular contraction ( s ) sinus rhythm prolonged pr interval left axis deviation left anterior fascicular block ,1,['normal_sinus_rhythm']
 sinus rhythm borderline left axis deviation normal ecg ,6,['normal_sinus_rhythm']
 premature ventricular contraction ( s ) sinus rhythm otherwise no definite pathology ,5,['normal_sinus_rhythm']
 premature ventricular contraction ( s ) sinus rhythm prolonged pr interval voltages are high in chest leads suggesting lvh minor non - specific st segment depression in v4 xxxx ,1,['normal_sinus_rhythm']
 regular rhythm no p wave found rhythm is probably junctional non - specific intraventricular delay left ventricular hypertrophy qs complex in v2 and tiny r wave in v3 suggesting anteroseptal myocardial infarct of uncertain age st segments are d ,1,['normal_sinus_rhythm']
 sinus rhythm st segments are depressed in v3 - xxxx t wave are flat in v3 xxxx myocardial ischaemia is likely ,1,['normal_sinus_rhythm']
 sinus rhythm minor non - specific t wave flattening in i avl v5 xxxx myocardial ischaemia cannot be excluded ,1,['normal_sinus_rhythm']
 sinus rhythm left axis deviation st segments are depressed in i avl v4 xxxx t wave are low or slightly inverted in these leads this may be due to lv strain or ischaemia ,1,['normal_sinus_rhythm']
 sinus rhythm prolonged pr interval non - specific t wave flattening in i avl there is a pause of xxxx cycle lengths without an apparent p wave it may be due to sinus node dysfunction holter monitor may be helpful ,1,['normal_sinus_rhythm']
 sinus rhythm possible left atrial enlargement st segments are slightly depressed in i ii v4 xxxx t wave are flat in limb leads and v3 - xxxx myocardial ischaemia is likely suggest exclude hypokalaemia ,1,['normal_sinus_rhythm']
 premature atrial contraction ( s ) sinus rhythm no definite pathology ,4,['normal_sinus_rhythm']
 premature ventricular contraction ( s ) sinus rhythm voltages are high in chest leads suggesting lvh minor non - specific t wave flattening in limb leads st segments are depressed in v4 xxxx this may be due to lv strain or ischaemia ,1,['normal_sinus_rhythm']
 sinus rhythm non - specific intraventricular delay left ventricular hypertrophy q wave in in v2 and tiny r wave in v3 consistent with old anteroseptal myocardial infarct st segments are depressed in i ii avl avf v5 xxxx t wave are flat or sli ,1,['normal_sinus_rhythm']
 sinus rhythm voltages are high in limb leads suggesting lvh slightly prolonged qt this may be due to a drug effect or an electrolyte disturbance ,1,['normal_sinus_rhythm']
 sinus rhythm q wave in ii iii avf t wave are low or flat in v4 xxxx consistent with ischaemic heart disease with old inferior myocardial infarct ,1,['normal_sinus_rhythm']
 premature ventricular contraction ( s ) premature atrial contraction ( s ) sinus rhythm voltages are high in chest leads suggesting lvh st segments are depressed and t wave inverted in i ii avl v3 - xxxx this may be due to lv strain or ischaemia ,1,['normal_sinus_rhythm']
 sinus rhythm left axis deviation left anterior fascicular block non - specific intraventricular block left ventricular hypertrophy ,1,['normal_sinus_rhythm']
 premature ventricular contraction ( s ) sinus rhythm non - specific intraventricular delay q wave in ii iii avf t wave are inverted in ii iii avf v5 xxxx consistent with ischaemic heart disease with old inferior myocardial infarct ,1,['normal_sinus_rhythm']
 sinus rhythm non - specific intraventricular delay no definite pathology ,4,['normal_sinus_rhythm']
 sinus rhythm left axis deviation right bundle branch block non - specific st and t wave change ,1,['normal_sinus_rhythm']
 premature ventricular contraction ( s ) premature atrial contraction ( s ) sinus rhythm non - specific intraventricular delay voltages are high in chest leads suggesting lvh st segments are depressed and t wave inverted in i ii avl v4 xxxx this may be ,1,['normal_sinus_rhythm']
 sinus tachycardia left axis deviation no definite pathology ,1,['sinus_tachycardia']
 sinus arrhythmia premature atrial contraction ( s ) otherwise normal ecg ,1,['sinus_arrhythmia']
 premature ventricular contraction ( s ) sinus rhythm non - specific intraventricular block ,1,['normal_sinus_rhythm']
 sinus arrhythmia voltages in chest leads are at upper limit no definite pathology ,1,['sinus_arrhythmia']
 sinus rhythm st segments are markedly elevated in ii iii avf v1 - xxxx recent inferior and anterior myocardial infarct is likely ,1,['normal_sinus_rhythm']
 sinus rhythm borderline left axis deviation st segments are slightly depressed in v5 xxxx t wave are generally rather low prolonged qt suggest exclude hypokalaemia ,1,['normal_sinus_rhythm']
 sinus rhythm premature ventricular contraction ( s ) voltages are high in limb leads suggesting lvh st segments are depressed in i avl t wave are flat in limb leads and inverted in v5 xxxx findings are likely to be due to ischaemic heart disease ,1,['normal_sinus_rhythm']
 sinus rhythm borderline left axis deviation left bundle branch block this is most commonly due to ischaemic heart disease ,6,['normal_sinus_rhythm']
 sinus bradycardia the bradycardia may be due to beta - blocker therapy minor non - specific t wave flattening in v4 xxxx voltages in limb leads are at upper limit ,1,['sinus_bradycardia']
 sinus tachycardia anteroseptal infarct which is probably old ,1,['sinus_tachycardia']
 sinus rhythm non - specific intero - lateral st and t abnormality ,1,['normal_sinus_rhythm']
 sinus rhythm prolonged pr interval left axis deviation probable infero - posterior infarct of undetermined age ,1,['normal_sinus_rhythm']
 sinus rhythm voltage criteria for left ventricular hypertrophy are satisfied in chest leads otherwise normal ecg ,1,['normal_sinus_rhythm']
 premature ventricular contraction ( s ) premature atrial contraction ( s ) sinus rhythm otherwise normal ,1,['normal_sinus_rhythm']
 sinus rhythm possable old inferior infarct ,1,['normal_sinus_rhythm']
 sinus rhythm frequent ventricular premature contractions runs of up to three v p c s left ventricular hypertrophy st change consistant with early lv strain prolonged qt ,1,['normal_sinus_rhythm']
 sinus rhythm voltage criteria of left ventricular hypertrophy otherwise normal ,1,['normal_sinus_rhythm']
 sinus rhythm possible old inferior infarct ,4,['normal_sinus_rhythm']
 sinus rhythm tracing is within normal limits ,3,['normal_sinus_rhythm']
 sinus rhythm prolonged pr interval right bundle branch block probable old inferior infarct antero - lateral st and t wave change suggest possible ischaemia ,1,['normal_sinus_rhythm']
 sinus rhythm small lateral q wave noted no definite abnormality ,1,['normal_sinus_rhythm']
 sinus rhythm t wave inversion in lead iii could be ischaemic tracing otherwise normal ,1,['normal_sinus_rhythm']
 sinus rhythm precordial voltages of left ventricular hypertrophy otherwise normal ,1,['normal_sinus_rhythm']
 sinus rhythm normal ecg for age ,3,['normal_sinus_rhythm']
 sinus rhythm no change in t wave inversion in iii since xxxx otherwise normal tracing ,1,['normal_sinus_rhythm']
 sinus rhythm prolonged pr interval ventricular premature complex incomplete right bundle branch block small lateral q wave noted ,1,['normal_sinus_rhythm']
 sinus rhythm left anterior fascicular block widespread t wave inversion query resolving pericarditis ischaemia or myocarditis likely ,1,['normal_sinus_rhythm']
 sinus rhythm rate xxxx per minute with periods of probable xxxx sa block left anterior fascicular block no ecg evidence of ischaemia appearances suggests sinus node dysfunction ,1,['normal_sinus_rhythm']
 sinus rhythm right bundle branch block edit asmi xxxx crbbb ( crbbb ) ,3,['normal_sinus_rhythm']
 sinus rhythm non - specific intraventricular delay ,2,['normal_sinus_rhythm']
 premature atrial contraction ( s ) sinus rhythm left axis deviation left anterior fascicular block qs complex in v2 suggesting old anteroseptal myocardial infarct ,1,['normal_sinus_rhythm']
 sinus rhythm nonspecific lateral t wave flattening ,1,['normal_sinus_rhythm']
 sinus rhythm minor non - specific st and t wave change in v5 xxxx ,1,['normal_sinus_rhythm']
 sinus rhythm prolonged pr interval left axis deviation left anterior fascicular block t wave are low or flat in i avl v4 xxxx t wave are inverted in v2 xxxx findings may be due to lv strain or ischaemia ,1,['normal_sinus_rhythm']
 sinus rhythm voltages are high in chest leads suggesting lvh ,20,['normal_sinus_rhythm']
 sinus rhythm non - specific t wave flattening in limb leads and v4 xxxx this may be due to lv strain or ischaemia ,1,['normal_sinus_rhythm']
 sinus rhythm t wave are flat or slightly inverted in limb leads and v3 - xxxx findings are likely to be due to ischaemic heart disease the age of the change is uncertain ,1,['normal_sinus_rhythm']
 sinus rhythm st segments are depressed in ii iii avf v4 xxxx t wave are flat in i and inverted in avl non - specific but consistent with myocardial ischaemia ,1,['normal_sinus_rhythm']
 sinus rhythm non - specific t wave flattening in v5 xxxx voltages are high in limb leads suggesting lvh ,1,['normal_sinus_rhythm']
 premature ventricular contraction ( s ) sinus rhythm right axis deviation low limb lead voltage possible left posterior fascicular block right bundle branch block non - specific t wave inversion in ii iii avf possible old inferior myocardial infarctio ,1,['normal_sinus_rhythm']
 premature atrial contraction ( s ) sinus tachycardia borderline left axis deviation r - s transition zone in v leads displaced to the left non - specific t wave flattening in i avl v5 xxxx leads v2 xxxx show artifact ,1,['sinus_tachycardia']
 sinus rhythm left axis deviation left anterior fascicular block edit lafb xxxx ( lafb xxxx ) ,1,['normal_sinus_rhythm']
 sinus rhythm no definite pathology edit norm xxxx ( norm xxxx ) ,5,['normal_sinus_rhythm']
 sinus rhythm st segments are elevated in v2 xxxx this is probably a normal variant otherwise normal ecg ,1,['normal_sinus_rhythm']
 premature ventricular contraction ( s ) premature atrial contraction ( s ) sinus bradycardia non - specific st segment depression in i avl v6 the cause of the bradycardia is not evident ,1,['sinus_bradycardia']
 premature atrial contraction ( s ) sinus rhythm minor non - specific st and t wave change ,2,['normal_sinus_rhythm']
 sinus rhythm normal ecg edit norm xxxx erhöhte st - abgänge ii - iii qiii ( alter imi ) ,1,['normal_sinus_rhythm']
 sinus rhythm st segments are depressed in ii iii avf v6 t wave are low in ii v6 and inverted in iii avf appearances are suspicious of inferolateral myocardial ischaemia ,1,['normal_sinus_rhythm']
 sinus rhythm left axis deviation non - specific t wave flattening in i avl v5 xxxx ,1,['normal_sinus_rhythm']
 sinus rhythm prolonged pr interval possible left atrial enlargement right bundle branch block minor non - specific st and t wave change ,1,['normal_sinus_rhythm']
 premature atrial contraction ( s ) sinus rhythm rightward axis otherwise normal ecg ,1,['normal_sinus_rhythm']
 sinus rhythm borderline left axis deviation compared with tracing of xxxx t wave now upright in i avl but remain low or flat in v4 xxxx ,1,['normal_sinus_rhythm']
 sinus rhythm prolonged pr interval minor non - specific st segment depression in v5 xxxx ,1,['normal_sinus_rhythm']
 premature ventricular contraction ( s ) sinus rhythm prolonged pr interval possible left atrial enlargement left axis deviation non - specific intraventricular block old anteroseptal infarct non - specific st and t wave change ,1,['normal_sinus_rhythm']
 sinus rhythm st segments are depressed in ii iii avf v4 xxxx non - specific but consistent with myocardial ischaemia ,1,['normal_sinus_rhythm']
 sinus rhythm voltages are high in chest leads suggesting lvh q wave in ii iii avf are probably normal edit lvh xxxx sokolow xxxx ( lvh xxxx ) ,1,['normal_sinus_rhythm']
 sinus rhythm voltages in chest leads are at upper limit st segments are depressed and t wave inverted in i ii avl v4 xxxx with terminal inversion in avf v3 findings are likely to be due to ischaemic heart disease subendocardial infarct of ,1,['normal_sinus_rhythm']
 sinus arrhythmia incomplete right bundle branch block q wave in ii iii avf consistent with old inferior myocardial infarct ,1,['sinus_arrhythmia']
 sinus rhythm prolonged pr interval voltages are high in chest leads suggesting lvh st segments are depressed in i avl v5 xxxx t wave are low in these leads this may be due to lv strain or ischaemia ,1,['normal_sinus_rhythm']
 sinus rhythm non - specific t wave inversion in v2 and flattening in v3 xxxx myocardial ischaemia is a possible cause ,1,['normal_sinus_rhythm']
 sinus tachycardia st segments are depressed in i ii iii avf v4 xxxx t wave are low in v4 xxxx non - specific but consistent with myocardial ischaemia ,1,['sinus_tachycardia']
 sinus rhythm voltages are high in chest leads suggesting lvh otherwise normal ecg ,37,['normal_sinus_rhythm']
 sinus rhythm borderline left axis deviation non - specific t wave inversion in iii avf this may be normal ,1,['normal_sinus_rhythm']
 sinus tachycardia otherwise normal ecg edit norm tachykardie ,1,['sinus_tachycardia']
 sinus rhythm t wave are inverted in i avl v5 xxxx and low or flat in ii v4 findings may be due to myocardial ischaemia or subendocardial infarct of uncertain age lv strain may contribute ,1,['normal_sinus_rhythm']
 sinus bradycardia compared with tracing of xxxx t wave now inverted in ii iii avf and inversion is more marked in v2 - xxxx the changing pattern is consistent with a recent ischaemia episode with or without actual infarct ,1,['sinus_bradycardia']
 sinus rhythm normal ecg edit norm xxxx muskelzittern tachykardie ,1,['normal_sinus_rhythm']
 sinus tachycardia voltages are high in chest leads suggesting lvh otherwise normal ecg ,2,['sinus_tachycardia']
 sinus rhythm borderline left axis deviation no definite pathology edit ivcb ( norm xxxx lafb ) ,1,['normal_sinus_rhythm']
 sinus rhythm q wave in ii iii avf st segments are depressed in ii iii avf v4 xxxx t wave are flat in ii v4 and inverted in iii avf v5 xxxx consistent with ischaemic heart disease with old inferior myocardial infarct ,1,['normal_sinus_rhythm']
 sinus rhythm voltages are high in chest leads suggesting lvh st segments are depressed in i ii v4 xxxx t wave are inverted in ii iii avf v5 xxxx and flat in i avl this may be due to lv strain or ischaemia ,1,['normal_sinus_rhythm']
 frequent premature atrial contraction ( s ) possible chaotic atrial rhythm sinus rhythm possible right atrial enlargement otherwise no definite pathology edit rao sehr unregelmäßiger rhythmus ( rao xxxx ) ,1,['normal_sinus_rhythm']
 sinus rhythm possible left atrial enlargement voltages are high in chest leads suggesting lvh st segments are depressed in v4 xxxx t wave are flat in limb leads and inverted in v4 xxxx non - specific but consistent with myocardial ischaemia possible old ,1,['normal_sinus_rhythm']
 sinus bradycardia premature atrial contraction ( s ) bigeminy prolonged pr interval xxxx sec left axis deviation right bundle branch block ,1,['sinus_bradycardia']
 sinus tachycardia voltages in limb leads are at upper limit otherwise normal ecg ,1,['sinus_tachycardia']
 sinus rhythm prolonged pr interval left axis deviation left anterior fascicular block possible old inferior infarct ,1,['normal_sinus_rhythm']
 sinus arrhythmia incomplete right bundle branch block otherwise normal ecg ,5,['sinus_arrhythmia']
 sinus rhythm left axis deviation right bundle branch block compared with tracing of xxxx pr interval now shorter ,1,['normal_sinus_rhythm']
 sinus rhythm left axis deviation qs complex in v2 xxxx q wave in i avl v4 xxxx st segments are elevated in v2 xxxx t wave are inverted in i avl v2 - xxxx consistent with anterior and lateral myocardial infarct of uncertain age recent damage canno ,1,['normal_sinus_rhythm']
 sinus rhythm compared with tracings of xxxx and xxxx left axis deviation has increased and there now left anterior fascicular block as well as right bundle branch block and slightly prolonged pr interval patient has trifascicular block ,1,['normal_sinus_rhythm']
 sinus rhythm t wave are inverted in i avl with terminal inversion in v4 myocardial ischaemia is likely the age of the change is uncertain suggest enzyme studies and repeat tracing ,1,['normal_sinus_rhythm']
 sinus rhythm incomplete right bundle branch block voltages are high in chest leads suggesting lvh ,1,['normal_sinus_rhythm']
 sinus rhythm voltages are high in limb leads suggesting lvh st segments are depressed and t wave inverted in i avl v4 xxxx this may be due to lv strain or ischaemia t wave show terminal inversion in v2 xxxx anteroseptal myocardial damage of uncert ,1,['normal_sinus_rhythm']
 premature ventricular contraction ( s ) sinus rhythm pr interval is prolonged no ecg evidence of lvh or ischaemia edit norm xxxx trigu ,1,['normal_sinus_rhythm']
 sinus rhythm voltages are high in limb leads suggesting lvh possible left atrial enlargement otherwise no definite pathology ,1,['normal_sinus_rhythm']
 sinus rhythm low limb lead voltage poor progression of r wave in anterior chest leads t wave are inverted in v2 xxxx this suggests old anteroseptal myocardial infarct t wave are low or flat in limb leads and v5 xxxx findings are likely to be due t ,1,['normal_sinus_rhythm']
 premature ventricular contraction ( s ) premature atrial contraction ( s ) sinus rhythm qs complex in v2 and tiny r wave in v3 suggesting old anteroseptal myocardial infarct st segments are slightly depressed in v4 xxxx t wave are low in i and slight ,1,['normal_sinus_rhythm']
 sinus rhythm possible left atrial enlargement voltages are high in limb leads suggesting lvh minor non - specific t wave flattening in v5 xxxx q wave in v2 an old anteroseptal infarct cannot be excluded ,1,['normal_sinus_rhythm']
 sinus rhythm left atrial enlargement borderline left axis deviation right bundle branch block ,1,['normal_sinus_rhythm']
 sinus rhythm voltages are high in chest leads suggesting lvh st segments are depressed in i ii avf v3 - xxxx this may be due to lv strain or ischaemia ,2,['normal_sinus_rhythm']
 sinus rhythm st segments are slightly depressed in i ii avf v5 xxxx this is minor and non - specific but may be due to myocardial ischaemia ,1,['normal_sinus_rhythm']
 sinus rhythm left axis deviation voltages are high in limb leads suggesting lvh non - specific intraventricular block st segments are depressed in i avl v5 xxxx this may be due to lv strain or ischaemia ,1,['normal_sinus_rhythm']
 sinus rhythm prolonged pr interval tiny r wave in v2 xxxx suggesting old anteroseptal infarct ,1,['normal_sinus_rhythm']
 sinus rhythm slight non - specific st segment depression in i avl ,1,['normal_sinus_rhythm']
 sinus rhythm left axis deviation no definite pathology edit lafb ( norm xxxx lafb ) ,1,['normal_sinus_rhythm']
 sinus rhythm borderline left axis deviation voltages are high in limb leads suggesting lvh non - specific st depression in v5 xxxx ,1,['normal_sinus_rhythm']
 sinus rhythm minor non - specific st segment depression in i ii avl v4 xxxx ,1,['normal_sinus_rhythm']
 sinus tachycardia non - specific t wave flattening in v4 xxxx edit ndt ( ndt ) ,1,['sinus_tachycardia']
 sinus rhythm minor non - specific t wave flattening in v3 - xxxx ,1,['normal_sinus_rhythm']
 sinus rhythm no definite pathology edit norm xxxx qiii ( norm xxxx ) ,1,['normal_sinus_rhythm']
 premature atrial contraction ( s ) sinus tachycardia otherwise normal ecg ,1,['sinus_tachycardia']
 premature atrial contractions bigeminy sinus rhythm otherwise normal ecg ,4,['normal_sinus_rhythm']
 sinus rhythm left axis deviation left anterior fascicular block non - specific intraventricular block voltages are high in limb leads suggesting lvh st segments are depressed in i avl t wave are inverted in v4 xxxx this may be due to lv strain or is ,1,['normal_sinus_rhythm']
 sinus rhythm voltages are high in chest leads suggesting lvh otherwise no definite pathology edit lvh xxxx sokolow xxxx baselinedrift v1 xxxx ( lvh xxxx ) ,1,['normal_sinus_rhythm']
 sinus rhythm normal ecg edit norm xxxx sokolow xxxx ( lvh xxxx ) ,1,['normal_sinus_rhythm']
 sinus rhythm low limb lead voltage no definite pathology edit norm xxxx ( norm xxxx ) ,3,['normal_sinus_rhythm']
 sinus rhythm non - specific intraventricular delay otherwise no definite pathology ,4,['normal_sinus_rhythm']
 sinus rhythm qs complex in v2 and tiny r wave in v3 this may be normal but old anteroseptal myocardial infarct cannot be entirely excluded otherwise normal ecg ,1,['normal_sinus_rhythm']
 sinus rhythm normal ecg leads v4 xxxx show artifact ,1,['normal_sinus_rhythm']
 sinus rhythm minor non - specific st segment depression in v4 xxxx of doubtful significance ,1,['normal_sinus_rhythm']
 sinus rhythm left axis deviation left anterior fascicular block voltages are high in limb leads suggesting lvh qs complex in v2 and tiny r wave in v3 suggesting old anteroseptal myocardial infarct st segments are depressed in i ii avl v5 xxxx ,1,['normal_sinus_rhythm']
 premature ventricular contraction ( s ) sinus rhythm left axis deviation r - s transition zone in v leads displaced to the left left anterior fascicular block ,1,['normal_sinus_rhythm']
 sinus tachycardia no definite pathology ,5,['sinus_tachycardia']
 sinus rhythm low limb lead voltage qs complex in v2 xxxx consistent with old anteroseptal myocardial infarct ,1,['normal_sinus_rhythm']
 sinus rhythm non - specific t wave flattening in v3 - xxxx ,2,['normal_sinus_rhythm']
 sinus rhythm prolonged pr interval non - specific intraventricular delay st segments are depressed in i v5 xxxx t wave are inverted in i ii avl v4 xxxx this may be due to lv strain or ischaemia ,1,['normal_sinus_rhythm']
 sinus arrhythmia possible left atrial enlargement low limb lead voltage left bundle branch block this is most commonly due to ischaemic heart disease ,1,['sinus_arrhythmia']
 premature ventricular contraction ( s ) sinus rhythm minor non - specific st depression in ii v5 xxxx edit norm xxxx sokolow xxxx ( norm xxxx ) ,1,['normal_sinus_rhythm']
 sinus rhythm compared with tracings of xxxx and xxxx it closely resembles the former old anterior myocardial infarct ,1,['normal_sinus_rhythm']
 sinus rhythm normal ecg edit norm xxxx ( m xxxx ) ( norm xxxx ) ,2,['normal_sinus_rhythm']
 sinus rhythm st segments are depressed in i avl this may be due to lv strain or ischaemia ,2,['normal_sinus_rhythm']
 sinus rhythm t wave are low in ii avf and inverted in iii inferior myocardial ischaemia cannot be excluded ,1,['normal_sinus_rhythm']
 sinus rhythm t wave are inverted in v2 xxxx and low or flat in v5 xxxx myocardial ischaemia is likely the age of the change is uncertain in view of patient s age suggest cardiological review ,1,['normal_sinus_rhythm']
 sinus rhythm low limb lead voltage q wave in ii iii avf consistent with old inferior myocardial infarct st segments are depressed in i ii v3 - xxxx non - specific but consistent with myocardial ischaemia ,1,['normal_sinus_rhythm']
 sinus rhythm compared with tracing of earlier today axis is more to the right t wave change in chest leads are not significantly changed ,1,['normal_sinus_rhythm']
 sinus bradycardia non - specific st and t wave change in v5 xxxx the cause of the bradycardia is not evident ,1,['sinus_bradycardia']
 sinus tachycardia st segments are depressed in i ii iii avf v4 xxxx t wave are slightly inverted in ii iii avf v4 xxxx non - specific but consistent with myocardial ischaemia ,1,['sinus_tachycardia']
 sinus tachycardia left axis deviation left anterior fascicular block non - specific st and t wave change there is much skeletal muscle artifact ,1,['sinus_tachycardia']
 sinus rhythm st segments are depressed in i avl v6 this may be due to lv strain or ischaemia ,1,['normal_sinus_rhythm']
 sinus bradycardia the bradycardia may be due to beta - blocker therapy non - specific intraventricular delay st segments are depressed in ii iii avf v5 xxxx t wave are low in v4 xxxx this may be due to lv strain or ischaemia ,1,['sinus_bradycardia']
 sinus rhythm r - s transition zone in v leads displaced to the right q wave in ii iii avf consistent with old inferior myocardial infarct ,2,['normal_sinus_rhythm']
 sinus rhythm compared with tracing of xxxx there now minimal st segment depression in i v4 xxxx of doubtful significance ,1,['normal_sinus_rhythm']
 sinus rhythm non - specific intraventricular delay q wave in ii iii avf consistent with old inferior myocardial infarct ,2,['normal_sinus_rhythm']
 sinus rhythm prolonged pr interval voltages are high in limb leads suggesting lvh non - specific intraventricular delay probable old inferior myocardial infarct st segments are depressed in i avl v6 t wave are low or flat in i ii avl v5 xxxx th edit imi xxxx almi xxxx lvh xxxx isc xxxx ( imi xxxx lvh xxxx isc_ ) ,1,['normal_sinus_rhythm']
 sinus rhythm possible old inferior myocardial infarct st segments are depressed in i ii avl v4 xxxx t wave are inverted in i avl and flat in ii v2 - xxxx findings are likely to be due to ischaemic heart disease the unusual progression of r wave ,1,['normal_sinus_rhythm']
 sinus tachycardia left axis deviation left ventricular hypertrophy non - specific st and t wave change ,1,['sinus_tachycardia']
 premature ventricular contraction ( s ) bigeminy sinus rhythm non - specific t wave flattening in v2 xxxx ,1,['normal_sinus_rhythm']
 sinus tachycardia possible old inferior infarct minor non - specific st segment depression in i v3 - xxxx ,1,['sinus_tachycardia']
 sinus rhythm possible left atrial enlargement left axis deviation right bundle branch block q wave in i ii iii avf v4 xxxx t wave are low or flat throughout consistent with old inferior and lateral myocardial infarct suggest exclude hypoka ,1,['normal_sinus_rhythm']
 sinus rhythm st segments are depressed in v5 xxxx t wave are flat in i ii v4 t wave are inverted in avl v5 xxxx this may be due to lv strain or ischaemia ,1,['normal_sinus_rhythm']
 sinus rhythm left axis deviation left anterior fascicular block edit lafb ( lafb ) ,1,['normal_sinus_rhythm']
 sinus rhythm borderline left axis otherwise normal ecg ,1,['normal_sinus_rhythm']
 sinus rhythm left axis deviation left anterior fascicular block right bundle branch block bifascicular block pr interval is normal voltages are high in limb leads suggesting lvh ,1,['normal_sinus_rhythm']
 sinus rhythm left axis deviation left anterior fascicular block non - specific t wave flattening in ii v5 xxxx ,1,['normal_sinus_rhythm']
 premature ventricular contraction ( s ) sinus rhythm left atrial enlargement left axis deviation right bundle branch block non - specific st and t wave change in anterior chest leads ,1,['normal_sinus_rhythm']
 sinus rhythm left axis deviation voltages are high in limb leads suggesting lvh st segments are depressed in i avl v5 xxxx this may be due to lv strain or ischaemia ,1,['normal_sinus_rhythm']
 sinus rhythm probable old inferior infarct ,2,['normal_sinus_rhythm']
 this is probably sinus rhythm but p wave are inconspicuous no definite pathology ,1,['normal_sinus_rhythm']
 sinus rhythm t wave are low or flat in i avl v3 - xxxx non - specific but consistent with myocardial ischaemia ,1,['normal_sinus_rhythm']
 sinus rhythm non - specific t wave flattening in i and inversion in avl ,6,['normal_sinus_rhythm']
 sinus rhythm prolonged pr interval probable old inferior infarct ,1,['normal_sinus_rhythm']
 sinus rhythm voltages are high in chest leads suggesting lvh otherwise no definite pathology ,6,['normal_sinus_rhythm']
 sinus rhythm non - specific intraventricular block probable old inferior myocardial infarct ,1,['normal_sinus_rhythm']
 sinus rhythm st segments are depressed in i ii v4 xxxx t wave are low or flat in i v4 xxxx non - specific but consistent with myocardial ischaemia and digitalis effect ,1,['normal_sinus_rhythm']
 sinus rhythm minor non - specific st and t wave change in inferior leads ,1,['normal_sinus_rhythm']
 sinus rhythm q wave in ii iii avf are probably normal st segments are depressed in i ii iii avf v4 xxxx t wave are low or flat in ii iii avf v5 xxxx this may be due to lv strain or ischaemia ,1,['normal_sinus_rhythm']
 sinus rhythm left axis deviation left anterior fascicular block otherwise no definite pathology ,2,['normal_sinus_rhythm']
 sinus arrhythmia st segments are depressed in i avl t wave are low in i v6 and inverted in avl this may be due to lv strain or ischaemia ,1,['sinus_arrhythmia']
 sinus rhythm probable old anteroseptal infarct st and t abnormality consider anterolateral ischemia or left ventricular strain inferolateral ischemia or left ventricular strain ,1,['normal_sinus_rhythm']
 sinus rhythm leftward axis r - s transition zone in v leads displaced to the right prolonged qt this may be due to a drug effect or an electrolyte disturbance anterolateral st and t wave change which are non diagnostic ,1,['normal_sinus_rhythm']
 sinus rhythm incomplete right bundle branch block non - specific t wave flattening in v3 and inversion in v2 myocardial ischaemia is a possible cause suggest repeat if clinically indicated ,1,['normal_sinus_rhythm']
 sinus rhythm st segments are depressed in i ii v5 xxxx t wave are low in i avl and inverted in ii iii avf v4 xxxx non - specific but consistent with myocardial ischaemia ,1,['normal_sinus_rhythm']
 sinus rhythm right bundle branch block q wave in ii iii avf consistent with old inferior myocardial infarct ,8,['normal_sinus_rhythm']
 sinus rhythm voltages in limb leads are at upper limit normal ecg ,6,['normal_sinus_rhythm']
 premature ventricular contraction ( s ) sinus rhythm non - specific intraventricular delay q wave in ii iii avf consistent with old inferior myocardial infarct ,1,['normal_sinus_rhythm']
 sinus tachycardia rightward axis right bundle branch block there are deep but rather narrow q wave in ii iii avf old inferior myocardial infarct is likely but appearances could be due to septal hypertrophy ,1,['sinus_tachycardia']
 sinus rhythm t wave are rather low suggest exclude hypokalaemia no paced complex recorded ,1,['normal_sinus_rhythm']
 sinus rhythm r - s transition zone in v leads displaced to the right voltages are high in chest leads suggesting lvh ,4,['normal_sinus_rhythm']
 sinus rhythm st segments are slightly depressed in i ii avl v4 xxxx non - specific but consistent with myocardial ischaemia and digitalis effect ,1,['normal_sinus_rhythm']
 premature ventricular contraction ( s ) sinus rhythm compared with tracing of xxxx t wave now generally flat myocardial ischaemia cannot be excluded suggest exclude hypokalaemia ,1,['normal_sinus_rhythm']
 sinus rhythm non - specific t wave flattening in v4 xxxx ,8,['normal_sinus_rhythm']
 sinus rhythm voltages are high in limb leads suggesting lvh minor non - specific st segment depression in i ii avl v5 xxxx ,1,['normal_sinus_rhythm']
 sinus rhythm left axis deviation probable old anteroseptal infarct ,1,['normal_sinus_rhythm']
 sinus rhythm compared with tracing of xxxx t wave now inverted throughout chest leads and flat in limb leads the significance is uncertain ,1,['normal_sinus_rhythm']
 sinus rhythm minor inferior t wave change which are non - diagnostic ,1,['normal_sinus_rhythm']
 sinus rhythm left axis deviation left anterior fascicular block voltages are high in limb leads suggesting lvh ,6,['normal_sinus_rhythm']
 sinus tachycardia complex ( s ) with aberrant intraventricular conduction premature ventricular contractions couplets possible right atrial enlargement otherwise no definite pathology the computer has selected vpbs as typical ventricular complex plea ,1,['sinus_tachycardia']
 sinus rhythm compared with tracing of xxxx t wave now taller and the present tracing does not show any definite pathology ,1,['normal_sinus_rhythm']
 sinus rhythm left axis deviation left anterior fascicular block low limb lead voltage ,1,['normal_sinus_rhythm']
 sinus rhythm prolonged pr interval st segments are depressed in i avl this may be due to lv strain or ischaemia ,1,['normal_sinus_rhythm']
 sinus rhythm incomplete right bundle branch block st segments are depressed in ii iii avf v5 xxxx t wave are low in ii v5 xxxx and inverted in iii avf non - specific but consistent with inferolateral myocardial ischaemia ,1,['normal_sinus_rhythm']
 premature ventricular contraction ( s ) sinus rhythm prolonged pr interval st segments are depressed in i avl v6 t wave are low or flat in limb leads and v5 xxxx this may be due to lv strain or ischaemia ,1,['normal_sinus_rhythm']
 sinus rhythm r - s transition zone in v leads displaced to the left voltages are high in limb leads suggesting lvh st segments are depressed in i avl v6 t wave are inverted in i ii avl v2 - xxxx this may be due to lv strain or ischaemia prolonged qt edit injas injal sokolow xxxx aber sehr hohe amplituden in standardableitungen ( injas injal lvh xxxx ) ,1,['normal_sinus_rhythm']
 sinus tachycardia low limb lead voltage st segments are depressed in i ii avl v4 xxxx t wave are flat in ii v4 xxxx and inverted in i avl findings are likely to be due to ischaemic heart disease ,1,['sinus_tachycardia']
 sinus rhythm prolonged pr interval low limb lead voltage there is slight terminal t wave inversion in v2 xxxx of uncertain significance suggest repeat if clinically indicated ,1,['normal_sinus_rhythm']
 sinus arrhythmia low limb lead voltage left bundle branch block this is most commonly due to ischaemic heart disease ,1,['sinus_arrhythmia']
 premature ventricular contraction ( s ) sinus arrhythmia prolonged pr interval abnormal left axis deviation left anterior fascicular block non specific t abnormality ,1,['sinus_arrhythmia']
 sinus tachycardia voltages are high in chest leads suggesting lvh ,1,['sinus_tachycardia']
 sinus rhythm non - specific intraventricular delay q wave in ii iii avf suggesting old inferior infarct ,1,['normal_sinus_rhythm']
 premature atrial contraction ( s ) sinus rhythm left ventricular hypertrophy st segments are depressed and t wave inverted in i avl v3 - xxxx with terminal t wave inversion in v2 this may be due to lv strain or ischaemia ,1,['normal_sinus_rhythm']
 sinus rhythm left axis deviation r - s transition zone in v leads displaced to the right voltages are high in chest leads suggesting lvh st segments are depressed in i avl t wave are inverted in i avl v2 with terminal inversion in v3 findings a edit pmi xxxx lvh xxxx isc sokolow xxxx ( nur v6 ) ( iscas lvh xxxx ) ,1,['normal_sinus_rhythm']
 premature ventricular contraction ( s ) sinus rhythm st segments are depressed in i avl t wave are low or flat in i v4 xxxx and inverted in avl non - specific but consistent with myocardial ischaemia ,1,['normal_sinus_rhythm']
 premature ventricular contraction ( s ) sinus rhythm prolonged pr interval otherwise normal ecg ,2,['normal_sinus_rhythm']
 sinus rhythm voltages in limb leads are at upper limit non - specific t wave flattening in i avl ,1,['normal_sinus_rhythm']
 sinus rhythm prolonged pr interval abnormal left axis deviation left bundle branch block ,1,['normal_sinus_rhythm']
 sinus rhythm left atrial enlargement st segments are depressed in i ii iii avf v5 xxxx this may be due to lv strain or ischaemia ,1,['normal_sinus_rhythm']
 sinus rhythm t wave are low or flat in i avl v4 xxxx this may be due to early lv strain or ischaemia ,1,['normal_sinus_rhythm']
 sinus rhythm incomplete right bundle branch block q wave in ii iii avf and in v3 - xxxx consistent with old anterolateral and inferior myocardial infarcts ,1,['normal_sinus_rhythm']
 sinus bradycardia left axis deviation non - specific intraventricular block probable old anteroseptal myocardial infarct ,1,['sinus_bradycardia']
 sinus rhythm t wave are low or flat in i avl v5 xxxx myocardial ischaemia cannot be excluded ,1,['normal_sinus_rhythm']
 sinus rhythm t wave are flat in limb leads and inverted in v2 - xxxx findings are likely to be due to ischaemic heart disease they may represent subendocardial infarct of uncertain age it is difficult to determine whether any change are recent edit injas injal sokolow xxxx ( injas injal ) ,1,['normal_sinus_rhythm']
 sinus rhythm borderline left axis deviation st segments are depressed in i avl v4 xxxx this may be due to lv strain or ischaemia ,1,['normal_sinus_rhythm']
 sinus tachycardia right atrial enlargement incomplete right bundle branch block findings are suspicious of chronic respiratory disease ,1,['sinus_tachycardia']
 sinus tachycardia incomplete right bundle branch block non - specific st and t wave change in i avl v5 xxxx ,1,['sinus_tachycardia']
 sinus rhythm right bundle branch block q wave in ii iii avf are probably normal ,1,['normal_sinus_rhythm']
 sinus tachycardia low limb lead voltage otherwise normal ecg edit norm noise asmi möglich ,1,['sinus_tachycardia']
 sinus rhythm normal ecg edit norm geringe r - progressionv1 - xxxx rsiii ( norm xxxx ) ,1,['normal_sinus_rhythm']
 premature atrial contraction ( s ) sinus rhythm left axis deviation left anterior fascicular block otherwise normal ecg ,2,['normal_sinus_rhythm']
 sinus rhythm possible old inferior infarct otherwise normal ecg ,3,['normal_sinus_rhythm']
 sinus rhythm borderline criteria for left anterior fascicular block otherwise normal ecg ,2,['normal_sinus_rhythm']
 premature atrial contraction ( s ) sinus rhythm left axis deviation left anterior fascicular block ,3,['normal_sinus_rhythm']
 sinus rhythm prolonged pr interval left axis deviation left anterior fascicular block q wave in v2 xxxx old anteroseptal infarct cannot be entirely excluded ,1,['normal_sinus_rhythm']
 sinus rhythm q wave in ii iii avf v4 xxxx t wave are inverted in v3 - xxxx consistent with inferior and anterolateral myocardial infarct compared with tracing of xxxx t wave inversion in chest leads is new and is probably due to a recent ischa ,1,['normal_sinus_rhythm']
 sinus tachycardia voltages in chest leads are at upper limit st segments are depressed in i ii iii avf v3 - xxxx t wave are low or flat in limb leads and v4 xxxx this may be due to lv strain or ischaemia ,1,['sinus_tachycardia']
 sinus rhythm qs complex in v3 q wave in v4 xxxx consistent with anterior myocardial infarct probably old ,1,['normal_sinus_rhythm']
 sinus rhythm q wave in ii iii avf suggesting old inferior infarct non - specific t wave flattening in v6 ,1,['normal_sinus_rhythm']
 sinus rhythm st segments are slightly depressed in i ii v5 xxxx this may be due to lv strain or ischaemia ,1,['normal_sinus_rhythm']
 sinus rhythm left axis deviation left anterior fascicular block probable old inferior infarct qs in lead v2 possible causes include previous infarct and v1 - v2 lead interchange ,1,['normal_sinus_rhythm']
 premature atrial contraction sinus rhythm nonspecific st and t abnormality especially in anterolateral leads ,1,['normal_sinus_rhythm']
 premature atrial contraction ( s ) sinus rhythm left axis deviation left anterior fascicular block voltages are high in limb leads suggesting lvh st segments are depressed in i avl v3 - xxxx t wave are low or flat in these leads findings are likely to b ,1,['normal_sinus_rhythm']
 premature ventricular contraction ( s ) premature atrial contraction ( s ) sinus rhythm prolonged pr interval left atrial enlargement left ventricular hypertrophy st segments are depressed in i v5 xxxx t wave are inverted in i avl v6 this may be due to ,1,['normal_sinus_rhythm']
 sinus rhythm prolonged pr interval leftward axis non - specific t wave flattening in v5 xxxx ,1,['normal_sinus_rhythm']
 premature atrial contraction ( s ) sinus tachycardia incomplete right bundle branch block minor non - specific st and t wave change compared with tracing of xxxx rhythm was previously atrial fibrillation ,1,['sinus_tachycardia']
 sinus rhythm t wave flattening in anterior leads non diagnostic but could be ischaemic ,1,['normal_sinus_rhythm']
 sinus rhythm q wave present in leads xxxx and avf not meeting criteria but consistent with old inferior infarct could be a normal variant ,1,['normal_sinus_rhythm']
 sinus rhythm non - specific intraventricular block voltages are high in chest leads suggesting lvh st segments are depressed in ii iii avf v5 xxxx this may be due to lv strain or ischaemia pr interval is noted to be unduly short ( < xxxx sec ) ,1,['normal_sinus_rhythm']
 sinus tachycardia qs complex in v2 and tiny r wave in v3 xxxx consistent with old anterior myocardial infarct st segments are depressed and t wave inverted in i avl this may be due to lv strain or ischaemia ,1,['sinus_tachycardia']
 sinus rhythm minor non - specific t wave flattening in i avl v5 xxxx ,4,['normal_sinus_rhythm']
 sinus rhythm non - specific t wave inversion in v2 and flattening in v3 otherwise normal ecg ,1,['normal_sinus_rhythm']
 sinus rhythm qs complex in v2 and tiny r wave in v3 consistent with old anteroseptal myocardial infarct ,5,['normal_sinus_rhythm']
 sinus rhythm left axis deviation left anterior fascicular block non - specific intraventricular block voltages are high in limb leads suggesting lvh qs complex in v2 and tiny r wave in v3 consistent with old anteroseptal myocardial infarct ,1,['normal_sinus_rhythm']
 premature atrial contraction ( s ) sinus rhythm right bundle branch block q wave in ii iii avf consistent with old inferior myocardial infarct ,1,['normal_sinus_rhythm']
 premature ventricular contraction ( s ) sinus rhythm non - specific intraventricular delay q wave and t wave inversion in ii iii avf consistent with old inferior myocardial infarct ,1,['normal_sinus_rhythm']
 sinus rhythm prolonged pr interval left axis deviation st segments are depressed and t wave inverted in i avl v6 this may be due to lv strain or ischaemia possible old inferior myocardial infarct ,1,['normal_sinus_rhythm']
 premature ventricular contraction ( s ) sinus rhythm t wave are flat or slightly inverted throughout myocardial ischaemia is likely suggest exclude hypokalaemia ,1,['normal_sinus_rhythm']
 sinus rhythm st segments are slightly depressed in ii iii avf v2 - xxxx t wave are flat in v2 xxxx non - specific but consistent with myocardial ischaemia ,1,['normal_sinus_rhythm']
 sinus rhythm prolonged pr interval st segments are depressed in ii iii avf v4 xxxx t wave are low or flat in these leads this may be due to lv strain or ischaemia ,1,['normal_sinus_rhythm']
 sinus rhythm left axis deviation r - s transition zone in v leads displaced to the left left anterior fascicular block non - specific t wave flattening in lateral chest leads ,1,['normal_sinus_rhythm']
 sinus tachycardia widespread st segment depression non - specific but consistent with myocardial ischaemia and digitalis effect ,1,['sinus_tachycardia']
 sinus rhythm borderline left axis deviation non - specific t wave flattening in i avl v5 xxxx ,2,['normal_sinus_rhythm']
 sinus rhythm st segments are depressed in ii iii avf v5 xxxx this may be due to lv strain or ischaemia ,1,['normal_sinus_rhythm']
 sinus rhythm left axis deviation left anterior fascicular block qs complex in v2 and tiny r wave in v3 consistent with old anteroseptal myocardial infarct ,1,['normal_sinus_rhythm']
 sinus rhythm prolonged p - r interval old q wave anteroseptal infarct ,1,['normal_sinus_rhythm']
 sinus rhythm left anterior fascicular block t abnormality in inferior and anterolateral leads consistent with left ventricular strain or ischaemia ,1,['normal_sinus_rhythm']
 sinus rhythm compared with tracing of xxxx it is very similar old inferior myocardial infarct and non - specific t wave inversion in v3 - xxxx ,1,['normal_sinus_rhythm']
 sinus rhythm prolonged pr interval st segments are depressed in i ii avl v5 xxxx t wave are low or flat in these leads findings are likely to be due to ischaemic heart disease and digitalis effect possible old inferior myocardial infarct ,1,['normal_sinus_rhythm']
 premature atrial contraction ( s ) sinus bradycardia q wave in ii iii avf consistent with old inferior myocardial infarct the cause of the bradycardia is not evident ,1,['sinus_bradycardia']
 sinus rhythm premature ventricular contraction ( s ) q wave in ii iii avf old inferior infarct cannot be excluded ,1,['normal_sinus_rhythm']
 sinus rhythm q wave in ii iii avf v4 xxxx consistent with infero - lateral myocardial infarct of uncertain age ,1,['normal_sinus_rhythm']
 premature ventricular contraction ( s ) premature atrial contraction ( s ) sinus tachycardia qs complex in v2 suggesting old anteroseptal infarct st segments are depressed in i ii avl v4 xxxx t wave are inverted in i avl this may be due to lv strain ,1,['sinus_tachycardia']
 sinus rhythm possible left atrial enlargement incomplete right bundle branch block voltages are high in chest leads suggesting lvh ,1,['normal_sinus_rhythm']
 sinus rhythm tall t wave in v2 xxxx are probably normal no definite pathology ,2,['normal_sinus_rhythm']
 sinus rhythm left atrial enlargement qs complex in v2 xxxx consistent with old anteroseptal myocardial infarct st segments are depressed in v5 xxxx this may be due to lv strain or ischaemia ,1,['normal_sinus_rhythm']
 sinus rhythm low limb lead voltage t wave are generally low myocardial ischaemia is likely suggest exclude hypokalaemia ,1,['normal_sinus_rhythm']
 premature ventricular contraction ( s ) sinus rhythm st segments are depressed in i ii avl v4 xxxx this may be due to lv strain or ischaemia ,1,['normal_sinus_rhythm']
 sinus rhythm st segments are slightly depressed in v5 xxxx t wave are low in i and inverted in avl myocardial ischaemia cannot be excluded ,1,['normal_sinus_rhythm']
 sinus rhythm borderline left axis deviation voltages are high in limb leads suggesting lvh q wave in v2 old anteroseptal infarct cannot be excluded ,1,['normal_sinus_rhythm']
 sinus tachycardia otherwise normal ecg leads v2 xxxx show gross artifact ,1,['sinus_tachycardia']
 sinus rhythm t wave are flat in ii and inverted in iii avf non - specific but consistent with inferior myocardial ischaemia ,1,['normal_sinus_rhythm']
 sinus rhythm st segments are depressed in i avl v6 t wave are inverted in i avl v5 xxxx this may be due to lv strain or ischaemia ,1,['normal_sinus_rhythm']
 sinus rhythm minor non - specific t wave flattening throughout myocardial ischaemia cannot be excluded suggest exclude hypokalaemia ,1,['normal_sinus_rhythm']
 sinus rhythm prolonged pr interval incomplete left bundle branch block probable old anteroseptal myocardial infarct ,1,['normal_sinus_rhythm']
 sinus tachycardia left bundle branch block this is most commonly due to ischaemic heart disease ,4,['sinus_tachycardia']
 probable sinus rhythm with prolonged pr interval but p wave are very inconspicuous and junctional rhythm is not excluded left bundle branch block this is most commonly due to ischaemic heart disease in the presence of lbbb ischaemia or infarct ,1,['normal_sinus_rhythm']
 premature ventricular contraction sinus rhythm possible lvh ,1,['normal_sinus_rhythm']
 sinus rhythm voltages are high in chest leads suggesting lvh qs complex in v2 and small r wave in v3 old anteroseptal infarct cannot be excluded ,1,['normal_sinus_rhythm']
 sinus rhythm compared with tracing of xxxx old inferior infarct t wave now inverted in v2 but are flattened in v3 - xxxx myocardial ischaemia is likely ,1,['normal_sinus_rhythm']
 sinus rhythm minor non - specific t wave flattening in v6 otherwise no definite pathology ,2,['normal_sinus_rhythm']
 sinus rhythm left axis deviation non - specific intraventricular delay otherwise normal ecg ,1,['normal_sinus_rhythm']
 sinus rhythm t wave are flat in i ii and inverted in avl v5 xxxx st segments are slightly depressed in these leads non - specific but consistent with myocardial ischaemia ,1,['normal_sinus_rhythm']
 sinus rhythm left axis deviation left anterior fascicular block st segments are depressed in i avl t wave are inverted in v2 - xxxx findings are likely to be due to ischaemic heart disease the age of the change is uncertain ,1,['normal_sinus_rhythm']
 sinus rhythm minor non - specific t wave flattening in i avl v6 otherwise normal ecg ,5,['normal_sinus_rhythm']
 sinus rhythm st segments are depressed in i ii avl v2 - xxxx t wave are low or biphasic throughout non - specific but consistent with myocardial ischaemia and digitalis effect suggest exclude hypokalaemia ,1,['normal_sinus_rhythm']
 sinus rhythm qs complex in v2 old anteroseptal infarct cannot be excluded non - specific t wave flattening in i and inversion in avl ,1,['normal_sinus_rhythm']
 sinus rhythm st segments are depressed and t wave inverted in i avl v4 xxxx t wave are flat in v2 xxxx this may be due to lv strain or ischaemia prolonged qt this may be due to a drug effect or an electrolyte disturbance ,1,['normal_sinus_rhythm']
 premature ventricular contraction ( s ) probable sinus rhythm but p wave are inconspicuous junctional rhythm is not excluded left anterior fascicular block right bundle branch block bifascicular block q wave in v2 xxxx consistent with old anterior ,1,['normal_sinus_rhythm']
 sinus rhythm t wave are flat in limb leads and inverted in v4 xxxx non - specific but consistent with myocardial ischaemia the age of the change is uncertain ,1,['normal_sinus_rhythm']
 sinus rhythm tiny r wave in v2 xxxx this may be normal no definite pathology ,1,['normal_sinus_rhythm']
 sinus rhythm p wave are inconspicuous normal ecg ,1,['normal_sinus_rhythm']
 sinus rhythm premature ventricular contraction ( s ) minor non - specific st segment depression in iii avf ,1,['normal_sinus_rhythm']
 sinus rhythm voltages are high in limb leads suggesting lvh tiny r wave in v2 and qs complex in v3 suggesting old anteroseptal myocardial infarct ,1,['normal_sinus_rhythm']
 sinus rhythm slight non - specific st segment depression in v5 xxxx otherwise no definite pathology ,1,['normal_sinus_rhythm']
 sinus rhythm st segments are depressed in i ii avl v3 - xxxx this may be due to lv strain or ischaemia ,1,['normal_sinus_rhythm']
 sinus rhythm right bundle branch block edit rvh xxxx crbbb ( crbbb ) ,1,['normal_sinus_rhythm']
 sinus tachycardia t wave are low throughout and slightly inverted in v2 - xxxx myocardial ischaemia is likely suggest exclude hypokalaemia the age of the change is uncertain ,1,['sinus_tachycardia']
 sinus rhythm prolonged pr interval left axis deviation right bundle branch block borderline criteria for left anterior fascicular block patient is verging on trifascicular block and may be at increased risk of developing complete av block ,1,['normal_sinus_rhythm']
 sinus rhythm r - s transition zone in v leads displaced to the right left ventricular hypertrophy q wave st segment elevation and terminal t wave inversion in ii iii avf st segments are depressed in i avl v2 - xxxx consistent with inferior myocardial ,1,['normal_sinus_rhythm']
 sinus rhythm st segments are depressed in i v4 xxxx t wave are low or flat in limb leads and inverted in v2 - xxxx compared with tracing of xxxx t wave inversion in chest leads is deeper consistent with recent ischaemia or possibly anterior subendo edit injas injal ( injas iscal ) ,1,['normal_sinus_rhythm']
 sinus rhythm st segments are depressed in i ii avl avf v5 xxxx t wave are low in limb leads and slightly inverted in v2 - xxxx findings are likely to be due to ischaemic heart disease the age of the change is uncertain edit injas injal sv2 = xxxx ( injas injal lvh xxxx ) ,1,['normal_sinus_rhythm']
 sinus tachycardia r - s transition zone in v leads displaced to the right minor non - specific t wave flattening in i avl ,1,['sinus_tachycardia']
 premature atrial contractions sinus arrhythmia otherwise normal ecg no change since yesterday ,1,['sinus_arrhythmia']
 sinus rhythm non specific t flattening in inferolateral leads ,1,['normal_sinus_rhythm']
 sinus rhythm compared with tracing of xxxx t wave now inverted only in v2 xxxx the changing pattern suggests recent ischaemia ,1,['normal_sinus_rhythm']
 sinus rhythm non - specific t wave flattening in v3 prolonged qt this may be due to a drug effect or an electrolyte disturbance ,1,['normal_sinus_rhythm']
 sinus rhythm non - specific t wave flattening in i and inversion in avl otherwise normal ecg ,3,['normal_sinus_rhythm']
 sinus rhythm left ventricular hypertrophy non - specific st segment elevation in i avl v2 xxxx suggest repeat if clinically indicated ,1,['normal_sinus_rhythm']
 sinus rhythm minor non - specific st segment depression in i ii v3 - xxxx ,1,['normal_sinus_rhythm']
 premature ventricular contraction ( s ) sinus rhythm prolonged pr interval right axis deviation low limb lead voltage qs complex in v2 xxxx consistent with anteroseptal infarct probably old ,1,['normal_sinus_rhythm']
 premature ventricular contraction ( s ) sinus tachycardia minor non - specific t wave flattening in limb leads and v6 st segments are slightly depressed in v4 xxxx non - specific but consistent with myocardial ischaemia ,1,['sinus_tachycardia']
 sinus rhythm premature ventricular contraction ( s ) non - specific intraventricular delay left ventricular hypertrophy ,1,['normal_sinus_rhythm']
 premature atrial contraction ( s ) sinus tachycardia prolonged pr interval left axis deviation r - s transition zone in v leads displaced to the left left anterior fascicular block ,1,['sinus_tachycardia']
 sinus rhythm st segments are depressed in i ii avl avf v4 xxxx this may be due to lv strain or ischaemia ,1,['normal_sinus_rhythm']
 premature atrial contraction ( s ) sinus rhythm left axis deviation left ventricular hypertrophy st segments are depressed in i avl v4 xxxx t wave are flat in i and inverted in avl v4 xxxx this may be due to lv strain or ischaemia ,1,['normal_sinus_rhythm']
 sinus rhythm prolonged pr interval voltages in chest leads are at upper limit qs complex in v2 and tiny r wave in v3 consistent with old anteroseptal myocardial infarct st segments are depressed in i ii avl v5 xxxx t wave are inverted in i ,1,['normal_sinus_rhythm']
 sinus rhythm r - s transition in v leads displaced to the left non - specific t wave flattening in anterior chest leads v2 - xxxx ,1,['normal_sinus_rhythm']
 sinus rhythm left axis deviation voltages are high in limb leads suggesting lvh non - specific t wave flattening in ii v4 xxxx and inversion in iii avf non - specific but consistent with inferolateral myocardial ischaemia ,1,['normal_sinus_rhythm']
 sinus rhythm st segments are depressed in i avl v4 xxxx t wave are inverted in i avl v4 xxxx findings are likely to be due to ischaemic heart disease they may represent lateral subendocardial infarct of uncertain age edit injal sokolow xxxx ( injal ) ,1,['normal_sinus_rhythm']
 sinus rhythm non - specific t wave flattening in inferolateral leads ,4,['normal_sinus_rhythm']
 sinus rhythm borderline left axis deviation non - specific intraventricular block ,1,['normal_sinus_rhythm']
 sinus rhythm prolonged pr interval low limb lead voltage q wave in ii iii avf st segments are depressed in i ii v4 xxxx t wave are low or flat in v5 xxxx consistent with ischaemic heart disease with old inferior myocardial infarct ,1,['normal_sinus_rhythm']
 sinus rhythm prolonged pr interval possible left atrial enlargement ,1,['normal_sinus_rhythm']
 sinus rhythm anterolateral t wave change consistent with myocardial ischaemia or left ventricular strain ,1,['normal_sinus_rhythm']
 sinus rhythm early r - s transition in chest leads otherwise normal ecg ,1,['normal_sinus_rhythm']
 sinus rhythm mildly prolonged pr interval voltage evidence of left ventricular hypertrophy ,1,['normal_sinus_rhythm']
 sinus rhythm left anterior fascicular block normal ecg ,5,['normal_sinus_rhythm']
 sinus rhythm left ventricular hypertrophy with st and t wave change consistent with strain or ischaemia ,1,['normal_sinus_rhythm']
 sinus rhythm pr interval prolonged old inferior infarct ,1,['normal_sinus_rhythm']
 sinus rhythm st change in v2 - xxxx with appearance that would fit benign early repolarization at a younger age - probably normal but could represent ischaemia or localised pericarditis ,1,['normal_sinus_rhythm']
 sinus rhythm first degree av block pr interval xxxx seconds tracing otherwise normal ,1,['normal_sinus_rhythm']
 sinus rhythm voltages in precordial leads of left ventricular hypertrophy otherwise normal ,1,['normal_sinus_rhythm']
 sinus rhythm t wave inversion in lead iii - probably a normal variant otherwise normal ecg ,1,['normal_sinus_rhythm']
 sinus rhythm prolonged pr interval q wave in ii iii avf consistent with old inferior myocardial infarct compared with tracing of xxxx it is not significantly changed ,1,['normal_sinus_rhythm']
 sinus rhythm left ventricular hypertrophy otherwise no definite pathology leads v4 xxxx show artifact ,1,['normal_sinus_rhythm']
 sinus rhythm prolonged pr interval left axis deviation left anterior fascicular block non - specific t wave flattening in i avl ,1,['normal_sinus_rhythm']
 sinus rhythm minor non - specific st segment depression in v4 xxxx ,3,['normal_sinus_rhythm']
 sinus rhythm premature ventricular contractions bigeminy qs complex in v2 suggesting old anteroseptal myocardial infarct ,1,['normal_sinus_rhythm']
 sinus rhythm rightward axis otherwise normal ecg ,3,['normal_sinus_rhythm']
 premature atrial contraction ( s ) trigeminy sinus rhythm otherwise no definite pathology ,1,['normal_sinus_rhythm']
 sinus rhythm incomplete right bundle branch block this is probably a normal variant otherwise normal ecg edit norm xxxx irbbb ( norm xxxx irbbb ) ,3,['normal_sinus_rhythm']
 sinus rhythm normal ecg the p wave axis is unusual and the rhythm may derive from a supraventricular site other than the sa node ,1,['normal_sinus_rhythm']
 premature atrial contraction ( s ) sinus rhythm non specific st depression in lateral chest leads ,1,['normal_sinus_rhythm']
 premature atrial contraction ( s ) sinus rhythm left axis deviation low limb lead voltage qs complex in v2 xxxx consistent with old anteroseptal myocardial infarct ,1,['normal_sinus_rhythm']
 sinus rhythm prolonged pr interval qs complex in v2 consistent with old anteroseptal myocardial infarct st segments are depressed in v3 - xxxx t wave are low or flat in limb leads and v4 xxxx findings are likely to be due to ischaemic heart disea ,1,['normal_sinus_rhythm']
 sinus rhythm left axis deviation left anterior fascicular block st segments are depressed in i avl t wave are inverted in i ii avl v3 - xxxx findings are likely to be due to ischaemic heart disease they may represent anterolateral subendocardial in ,1,['normal_sinus_rhythm']
 sinus rhythm left axis deviation r - s transition zone in v leads displaced to the left left anterior fascicular block non - specific st and t wave change in i avl this may be due to lv strain or ischaemia ,1,['normal_sinus_rhythm']
 sinus rhythm t wave are low or flat in ii v2 xxxx t wave are inverted in iii avf v3 non - specific but consistent with myocardial ischaemia ,1,['normal_sinus_rhythm']
 sinus tachycardia non - specific t wave flattening in limb leads and v4 xxxx ,1,['sinus_tachycardia']
 sinus rhythm voltages are high in chest leads suggesting lvh t wave are low or flat in i avl v5 xxxx this may be due to lv strain or ischaemia ,1,['normal_sinus_rhythm']
 sinus rhythm voltages are high in chest leads suggesting lvh edit lvh xxxx sokolow xxxx ( m xxxx ) ( norm xxxx ) ,1,['normal_sinus_rhythm']
 premature ventricular contraction ( s ) premature atrial contraction ( s ) sinus rhythm q wave in ii iii avf suggesting old inferior myocardial infarct ,1,['normal_sinus_rhythm']
 sinus rhythm t wave are inverted in avl v2 xxxx t wave are flat in ii v5 xxxx findings are likely to be due to ischaemic heart disease the age of the change is uncertain prolonged qt this may be due to a drug effect or an electrolyte disturba ,1,['normal_sinus_rhythm']
 sinus rhythm left axis deviation left anterior fascicular block left ventricular hypertrophy st segments are depressed in i v5 xxxx q wave in v2 suggesting anteroseptal myocardial infarct of uncertain age in view of st segment elevation in v2 xxxx r ,1,['normal_sinus_rhythm']
 sinus rhythm qs complex in v2 t wave are inverted in v2 xxxx and flat in i avl v5 xxxx consistent with ischaemic heart disease with antero - septal myocardial infarct probably old ,1,['normal_sinus_rhythm']
 sinus rhythm prolonged pr interval left axis deviation left anterior fascicular block right bundle branch block this patient has trifascicular block and may be at increased risk of developing complete av block ,2,['normal_sinus_rhythm']
 sinus rhythm possible left atrial enlargement left ventricular hypertrophy ,1,['normal_sinus_rhythm']
 sinus arrhythmia st segments are elevated in v2 - xxxx this is probably a normal variant otherwise normal ecg ,1,['sinus_arrhythmia']
 sinus rhythm prolonged pr interval q wave in ii iii avf st segments are depressed in i avl v4 xxxx t wave are low or flat in limb leads and v4 xxxx consistent with ischaemic heart disease with old inferior myocardial infarct ,1,['normal_sinus_rhythm']
 sinus rhythm incomplete right bundle branch block q wave in ii iii avf consistent with old inferior myocardial infarct ,3,['normal_sinus_rhythm']
 sinus rhythm prolonged pr interval left axis deviation left anterior fascicular block right bundle branch block trifascicular block compared with tracing of xxxx it is not significantly changed ,1,['normal_sinus_rhythm']
 premature atrial contraction ( s ) sinus rhythm no definite pathology edit ivcb xxxx rsriii avf ( norm xxxx ivcb ) ,1,['normal_sinus_rhythm']
 sinus bradycardia otherwise normal ecg the bradycardia may be physiological ,5,['sinus_bradycardia']
 sinus rhythm prolonged pr interval left axis deviation q wave in ii iii avf v3 - xxxx st segments are elevated in these leads t wave are inverted in i avl v6 consistent with inferolateral and anterior myocardial infarct which may be recent ,1,['normal_sinus_rhythm']
 sinus tachycardia prolonged pr interval low limb lead voltage non - specific st and t wave change in anterolateral leads ,1,['sinus_tachycardia']
 sinus rhythm normal ecg edit norm xxxx qiii ( norm xxxx ) ,3,['normal_sinus_rhythm']
 sinus rhythm slightly prolonged qt this may be due to a drug effect or an electrolyte disturbance ,3,['normal_sinus_rhythm']
 sinus rhythm no definite pathology edit ivcb xxxx sokolow xxxx qsv1 - xxxx ( asmi xxxx lvh xxxx isc_ ) ,1,['normal_sinus_rhythm']
 sinus tachycardia frequent premature atrial contractions possible chaotic atrial rhythm right superior axis deviation left anterior fascicular block right bundle branch block bifascicular block ,1,['sinus_tachycardia']
 sinus rhythm normal ecg edit norm xxxx isc ( norm xxxx ) ,1,['normal_sinus_rhythm']
 sinus rhythm st segments are elevated in v2 - xxxx this is probably a normal variant no definite pathology suggest repeat if clinically indicated ,1,['normal_sinus_rhythm']
 premature atrial contraction ( s ) sinus rhythm left axis deviation left anterior fascicular block non - specific t wave flattening in v5 xxxx ,1,['normal_sinus_rhythm']
 sinus rhythm voltages are high in chest leads suggesting lvh t wave are low or flat in limb leads and inverted in v4 xxxx st segments are depressed in v4 xxxx this may be due to lv strain or ischaemia ,1,['normal_sinus_rhythm']
 premature atrial contraction ( s ) sinus arrhythmia st segments are depressed and t wave inverted in i avl v5 xxxx findings are likely to be due to ischaemic heart disease the age of the change is uncertain ,1,['sinus_arrhythmia']
 sinus rhythm minor non - specific t wave flattening in v3 xxxx ,3,['normal_sinus_rhythm']
 sinus rhythm normal ecg edit norm xxxx sokolow xxxx ( norm xxxx ) ,2,['normal_sinus_rhythm']
 sinus rhythm normal ecg edit norm irbbb alter asmi nicht auszuschließen ,1,['normal_sinus_rhythm']
 sinus rhythm left anterior fascicular block otherwise no definite pathology ,1,['normal_sinus_rhythm']
 premature ventricular contraction ( s ) premature atrial contraction ( s ) sinus rhythm left axis deviation left anterior fascicular block voltages are high in limb leads suggesting lvh st segments are depressed in i avl this may be due to lv strain or ,1,['normal_sinus_rhythm']
 sinus rhythm voltages are high in chest leads suggesting lvh non - specific st segment elevation in v2 xxxx ,1,['normal_sinus_rhythm']
 sinus rhythm st segments are slightly depressed in ii iii avf v4 xxxx this may be due to lv strain or ischaemia ,1,['normal_sinus_rhythm']
 premature atrial contraction ( s ) sinus rhythm qs complex in v2 and tiny r wave in v3 consistent with old anteroseptal myocardial infarct ,1,['normal_sinus_rhythm']
 sinus rhythm incomplete left bundle branch block qs complex in v2 and tiny r wave in v3 suggesting anteroseptal myocardial infarct st segments are depressed in v4 xxxx t wave are generally low findings are likely to be due to ischaemic heart ,1,['normal_sinus_rhythm']
 premature atrial contraction ( s ) bigeminy sinus rhythm normal ecg ,1,['normal_sinus_rhythm']
 sinus rhythm right axis deviation right bundle branch block q wave and t wave inversion in ii iii avf consistent with old inferior myocardial infarct ,1,['normal_sinus_rhythm']
 premature atrial contraction ( s ) sinus bradycardia voltages are high in chest leads suggesting lvh st segments are depressed in ii avf v4 xxxx this may be due to lv strain or ischaemia and digitalis effect the cause of the bradycardia is not evident ,1,['sinus_bradycardia']
 sinus rhythm poor anteroseptal r progression but no definite evidence of prior infarct in this region diffuse nonspecific st and t abnormality ischaemia is a possible cause but also consider electrolyte disturbance metabolic and other systemic causes ,1,['normal_sinus_rhythm']
 premature atrial contraction sinus rhythm left ventricular hypertrophy widespread deep anterior t inversion ischaemia is a likely cause but lv strain may be contributing ,1,['normal_sinus_rhythm']
 sinus rhythm voltages are high in limb leads suggesting lvh q wave in v2 suggesting anteroseptal infarct of uncertain age st segments are depressed in i ii avl v4 xxxx t wave are low or flat in these leads non - specific but consistent with myocar ,1,['normal_sinus_rhythm']
 sinus rhythm st segments are depressed in ii iii avf non - specific but consistent with myocardial ischaemia ,3,['normal_sinus_rhythm']
 sinus rhythm voltages of lvh otherwise normal ecg edit norm xxxx tachykardie sokolow xxxx ( lvh xxxx ) ,1,['normal_sinus_rhythm']
 premature ventricular contraction ( s ) sinus tachycardia ,1,['sinus_tachycardia']
 sinus rhythm normal ecg edit norm xxxx tachykardie ndt v3 schlechte qualität ,1,['normal_sinus_rhythm']
 sinus rhythm left axis deviation left anterior fascicular block non - specific st and t wave change compared with tracing of xxxx it is very similar except that atrial fibrillation has reverted to sinus rhythm ,1,['normal_sinus_rhythm']
 sinus rhythm premature atrial contraction ( s ) t wave are low or flat throughout findings are likely to be due to ischaemic heart disease suggest exclude hypokalaemia ,1,['normal_sinus_rhythm']
 sinus rhythm prolonged pr interval left axis deviation left anterior fascicular block voltages are high in limb leads suggesting lvh qs complex in v2 and tiny r wave in v3 suggesting old anteroseptal myocardial infarct st segments are depresse ,1,['normal_sinus_rhythm']
 sinus rhythm qs complex in v2 xxxx and q wave in v4 consistent with old anterior myocardial infarct q wave in i avl suggest possible old lateral infarct ,1,['normal_sinus_rhythm']
 sinus tachycardia incomplete right bundle branch block st segments are depressed in i ii avl v5 xxxx non - specific but consistent with myocardial ischaemia ,1,['sinus_tachycardia']
 sinus rhythm probable left atrial enllargement left axis deviation atypical left bundle branch block ,1,['normal_sinus_rhythm']
 sinus rhythm prolonged pr interval non - specific t wave flattening in v4 xxxx myocardial ischaemia is likely ,1,['normal_sinus_rhythm']
 sinus rhythm left axis deviation low limb lead voltage possible left ventricular hypertrophy ,1,['normal_sinus_rhythm']
 sinus rhythm left atrial enlargement left ventricular hypertrophy st and t abnormality consider anterolateral ischemia or left ventricular strain possible old inferior infarct edit imi xxxx lvh xxxx isc_ sokolow xxxx ( imi xxxx lvh xxxx isc_ ) ,1,['normal_sinus_rhythm']
 sinus rhythm compared with tracing of xxxx and xxxx t wave have become upright in v5 but otherwise it is very similar ,1,['normal_sinus_rhythm']
 sinus rhythm no definite pathology edit norm xxxx rsriii avf ,1,['normal_sinus_rhythm']
 sinus rhythm qs complex in v2 old anteroseptal infarct cannot be excluded ,2,['normal_sinus_rhythm']
 sinus tachycardia otherwise normal ecg edit tachykardie rsriii ,1,['sinus_tachycardia']
 sinus rhythm possible left atrial enlargement incomplete right bundle branch block ,1,['normal_sinus_rhythm']
 premature ventricular contraction ( s ) sinus rhythm left axis deviation left anterior fascicular block voltages are high in limb leads suggesting lvh st segments are depressed in i avl this may be due to lv strain or ischaemia ,1,['normal_sinus_rhythm']
 sinus bradycardia t wave are low or flat in limb leads and v5 xxxx myocardial ischaemia is likely the cause of the marked bradycardia is not evident ,1,['sinus_bradycardia']
 premature ventricular contraction ( s ) sinus rhythm low limb lead voltage non - specific st and t wave change there is very slight st segment elevation and t wave inversion in ii iii avf this is difficult to assess because of the very low voltages in thes ,1,['normal_sinus_rhythm']
 sinus rhythm non - specific intraventricular block st segments are depressed in i ii avl v4 xxxx t wave are flat in i v4 xxxx and inverted in avl this may be due to lv strain or ischaemia possible old inferior myocardial infarct ,1,['normal_sinus_rhythm']
 sinus arrhythmia left axis deviation left anterior fascicular block st segments are depressed and t wave inverted in i ii avl v4 xxxx this may be due to lv strain or ischaemia ,1,['sinus_arrhythmia']
 premature atrial contraction ( s ) sinus rhythm otherwise normal ecg edit norm xxxx ( norm xxxx ) ,3,['normal_sinus_rhythm']
 premature atrial contraction ( s ) sinus tachycardia left ventricular hypertrophy st segments are depressed in i avl v4 xxxx t wave are low in these leads this may be due to lv strain or ischaemia ,1,['sinus_tachycardia']
 sinus rhythm anterior st and t wave change consistent with ischaemia possible old inferior myocardial infarct ,1,['normal_sinus_rhythm']
 sinus rhythm left atrial enlargement left axis deviation q wave and t wave inversion in ii iii avf consistent with old inferior myocardial infarct non - specific t wave flattening in i avl v6 ,1,['normal_sinus_rhythm']
 sinus arrhythmia q wave in ii iii avf consistent with old inferior myocardial infarct ,1,['sinus_arrhythmia']
 sinus rhythm premature ventricular contraction ( s ) bigeminy left axis deviation voltages are high in limb leads suggesting lvh poor progression of r wave in anterior chest leads suggesting old anterior myocardial infarct non - specific st and t wave ch ,1,['normal_sinus_rhythm']
 sinus rhythm left atrial enlargement left bundle branch block this is most commonly due to ischaemic heart disease ,2,['normal_sinus_rhythm']
 sinus rhythm left axis deviation left anterior fascicular block qs complex in v2 and tiny r wave in v3 suggesting old anteroseptal myocardial infarct ,3,['normal_sinus_rhythm']
 sinus rhythm left anterior fascicular block right bundle branch block bifascicular block pr interval is normal ,1,['normal_sinus_rhythm']
 sinus tachycardia possible old inferior myocardial infarct otherwise no definite pathology ,1,['sinus_tachycardia']
 sinus rhythm qs complex in v2 and tiny r wave in v3 suggesting old anteroseptal myocardial infarct ,3,['normal_sinus_rhythm']
 sinus rhythm non - specific t wave flattening in v3 - xxxx myocardial ischaemia is likely prolonged qt this may be due to a drug effect or an electrolyte disturbance ,1,['normal_sinus_rhythm']
 sinus rhythm prolonged pr interval st segments are depressed in iii avf v6 t wave are low or flat in limb leads and v6 non - specific but consistent with myocardial ischaemia ,1,['normal_sinus_rhythm']
 sinus rhythm left axis deviation non - specific intraventricular delay ,1,['normal_sinus_rhythm']
 sinus rhythm left axis deviation left anterior fascicular block widespread non - specific t wave flattening ,1,['normal_sinus_rhythm']
 sinus rhythm possible left atrial enlargement right bundle branch block voltages are high in limb leads suggesting lvh ,1,['normal_sinus_rhythm']
 sinus rhythm possible left atrial enlargement left bundle branch block this is most commonly due to ischaemic heart disease ,1,['normal_sinus_rhythm']
 sinus rhythm premature atrial contraction ( s ) incomplete right bundle branch block possible old inferior infarct non - specific t wave flattening in i avl v6 ,1,['normal_sinus_rhythm']
 sinus rhythm q wave in v2 and qs complex in v3 consistent with old anteroseptal myocardial infarct ,1,['normal_sinus_rhythm']
 sinus rhythm prolonged pr interval left axis deviation qs complex in and st segment elevation in ii iii avf v2 - xxxx consistent with anterior and inferolateral myocardial infarcts which appear recent ,1,['normal_sinus_rhythm']
 sinus rhythm rightward axis possible left posterior fascicular block incomplete right bundle branch block ,1,['normal_sinus_rhythm']
 premature atrial contraction ( s ) sinus rhythm pr interval is prolonged ( xxxx sec ) right bundle branch block ,1,['normal_sinus_rhythm']
 sinus rhythm minor non - specific t wave flattening in i avl ,4,['normal_sinus_rhythm']
 sinus rhythm st segments are depressed in i avl t wave are low or flat in i v4 xxxx t wave are slightly inverted in avl v2 xxxx findings are likely to be due to ischaemic heart disease ,1,['normal_sinus_rhythm']
 premature ventricular contraction ( s ) premature atrial contraction ( s ) sinus tachycardia left axis deviation left anterior fascicular block st segments are elevated in ii iii avf and to a minimal degree in v5 xxxx early inferolateral myocardial infa ,1,['sinus_tachycardia']
 sinus rhythm t wave are low or flat in v3 xxxx and slightly inverted in v2 non - specific but consistent with myocardial ischaemia the age of the change is uncertain ,1,['normal_sinus_rhythm']
 sinus rhythm st segments are depressed in i ii iii avf v4 xxxx t wave are inverted in i avl v3 - xxxx findings are likely to be due to ischaemic heart disease the significance of st segment elevation in v2 xxxx is uncertain recent damage cannot be e edit injas lvh xxxx isc sokolow xxxx ( injas xxxx lvh xxxx isc_ ) ,1,['normal_sinus_rhythm']
 sinus rhythm incomplete right bundle branch block otherwise normal ecg edit norm xxxx irbbb ( norm xxxx irbbb ) ,6,['normal_sinus_rhythm']
 sinus rhythm incomplete left bundle branch block t wave are inverted in i ii iii avl avf v3 - xxxx findings are likely to be due to ischaemic heart disease the age of the change is uncertain ,1,['normal_sinus_rhythm']
 premature ventricular contraction ( s ) sinus rhythm voltages are high in chest leads suggesting lvh otherwise normal ecg ,1,['normal_sinus_rhythm']
 sinus bradycardia the bradycardia may be due to beta - blocker therapy prolonged pr interval ,1,['sinus_bradycardia']
 sinus rhythm prolonged pr interval q wave in ii iii avf consistent with old inferior myocardial infarct minor non - specific t wave flattening in i avl ,1,['normal_sinus_rhythm']
 sinus rhythm non - specific t wave flattening in limb leads and v4 xxxx myocardial ischaemia is likely suggest exclude hypokalaemia ,1,['normal_sinus_rhythm']
 premature atrial contraction ( s ) sinus rhythm left axis deviation left anterior fascicular block st segments are depressed in i avl t wave are flat in i and inverted in avl this may be due to lv strain or ischaemia ,1,['normal_sinus_rhythm']
 premature ventricular contraction ( s ) sinus tachycardia voltages are high in chest leads suggesting lvh qs complex in v2 and small r wave in v3 suggesting old anteroseptal myocardial infarct non - specific t wave inversion in i avl ,1,['sinus_tachycardia']
 sinus rhythm left axis deviation left anterior fascicular block tiny r wave in v2 xxxx suggesting old anteroseptal infarct st segments are depressed in i avl v4 xxxx this may be due to lv strain or ischaemia ,1,['normal_sinus_rhythm']
 sinus tachycardia voltages in limb leads are at upper limit st segments are depressed in i avl t wave are inverted in i avl and flat in v4 xxxx this may be due to lv strain or ischaemia ,1,['sinus_tachycardia']
 sinus rhythm st segments are depressed in i v5 xxxx t wave are flat in limb leads and v4 and inverted in v5 xxxx this may be due to lv strain or ischaemia ,1,['normal_sinus_rhythm']
 premature atrial contraction ( s ) sinus rhythm st segments are depressed and t wave inverted in ii iii avf non - specific but consistent with inferior myocardial ischaemia ,1,['normal_sinus_rhythm']
 sinus rhythm t wave are low or flat in limb leads and v3 - xxxx myocardial ischaemia is likely suggest exclude hypokalaemia particularly as qt interval is prolonged ,1,['normal_sinus_rhythm']
 sinus rhythm st segments are depressed in ii iii avf v5 xxxx t wave are low flat or slightly inverted in limb leads and v5 xxxx non - specific but consistent with myocardial ischaemia ,1,['normal_sinus_rhythm']
 sinus rhythm voltages are high in limb leads suggesting lvh right bundle branch block initially there is complete right bundle branch block then there is a run of incomplete right bundle branch block ,1,['normal_sinus_rhythm']
 sinus rhythm minor non - specific t wave flattening in v5 xxxx ,5,['normal_sinus_rhythm']
 sinus rhythm right bundle branch block otherwise no definite pathology ,1,['normal_sinus_rhythm']
 sinus rhythm p wave are inconspicuous otherwise normal ecg ,1,['normal_sinus_rhythm']
 sinus rhythm left axis deviation left anterior fascicular block q wave in v2 old anteroseptal myocardial infarct cannot be excluded leads v4 xxxx show gross artifact ,1,['normal_sinus_rhythm']
 sinus tachycardia premature atrial contraction ( s ) st segments are depressed in v4 xxxx t wave are flat or slightly inverted in limb leads and v4 xxxx q wave in ii iii avf consistent with ischaemic heart disease with old inferior myocardial infarcti ,1,['sinus_tachycardia']
 sinus rhythm voltages are high in limb leads suggesting lvh borderline left axis deviation otherwise no definite pathology ,1,['normal_sinus_rhythm']
 sinus rhythm borderline left axis deviation non - specific t wave flattening in i v6 and inversion in avl ,1,['normal_sinus_rhythm']
 sinus rhythm voltages in chest leads are at upper limit no definite pathology ,11,['normal_sinus_rhythm']
 sinus tachycardia st segments are depressed in i ii avl v5 xxxx t wave are inverted in i ii avl v4 xxxx findings are likely to be due to ischaemic heart disease small r wave in v3 suggests possible old anteroseptal infarct ,1,['sinus_tachycardia']
 sinus rhythm st segments are depressed and t wave inverted in i avl v4 xxxx this may be due to lv strain or ischaemia edit injal xxxx ( injal ) ,1,['normal_sinus_rhythm']
 sinus rhythm r - s transition zone in v leads displaced to the right voltages are high in limb leads suggesting lvh otherwise normal ecg ,1,['normal_sinus_rhythm']
 premature ventricular contraction ( s ) premature atrial contraction ( s ) sinus tachycardia otherwise no definite pathology ,1,['sinus_tachycardia']
 sinus rhythm r - s transition zone in v leads displaced to the right no definite pathology ,10,['normal_sinus_rhythm']
 sinus rhythm left axis deviation left anterior fascicular block left atrial enlargement t wave abnormality in high lateral leads this is non - specific ,1,['normal_sinus_rhythm']
 sinus rhythm no definite pathology edit norm xxxx irbbb ( norm xxxx irbbb ) ,2,['normal_sinus_rhythm']
 sinus rhythm t wave are low or flat in i avl v4 xxxx non - specific but consistent with myocardial ischaemia ,1,['normal_sinus_rhythm']
 sinus rhythm minor non - specific t wave flattening in i avl v6 ,3,['normal_sinus_rhythm']
 sinus rhythm qs complex in v2 suggesting old anteroseptal imfarct st segments are depressed in i ii avf v4 xxxx t wave are low or flat in these leads and inverted in avl this may be due to lv strain or ischaemia ,1,['normal_sinus_rhythm']
 sinus rhythm voltages are high in limb leads suggesting lvh small q and r wave and st segment elevation in v2 xxxx suggest anteroseptal damage which may be recent ,1,['normal_sinus_rhythm']
 sinus rhythm t wave are flat in ii and inverted in iii avf v5 xxxx non - specific but consistent with myocardial ischaemia ,1,['normal_sinus_rhythm']
 premature ventricular contraction ( s ) sinus rhythm prolonged pr interval left axis deviation q wave in v2 consistent with old anteroseptal myocardial infarct st segments are depressed and t wave inverted in i avl v4 xxxx this may be due t ,1,['normal_sinus_rhythm']
 sinus tachycardia left axis deviation st segments are elevated and t wave inverted in v1 xxxx consistent with anteroseptal myocardial infarct which appears recent ,1,['sinus_tachycardia']
 sinus bradycardia st segments are depressed in i avl v5 xxxx t wave are low or flat in limb leads and inverted in v4 xxxx this may be due to lv strain or ischaemia the cause of the bradycardia is not evident ,1,['sinus_bradycardia']
 sinus rhythm r - s transition zone in v leads displaced to the right voltages are high in limb leads suggesting lvh ,2,['normal_sinus_rhythm']
 sinus rhythm non - specific intraventricular block q wave in v1 - xxxx consistent with old anterior myocardial infarct ,1,['normal_sinus_rhythm']
 sinus rhythm voltages are high in limb leads suggesting lvh left axis deviation left anterior fascicular block qs complex in v2 and tiny r wave in v3 suggesting old anteroseptal myocardial infarct non - specific st segment depression in avl ,1,['normal_sinus_rhythm']
 sinus rhythm non - specific t wave flattening in v3 xxxx ,1,['normal_sinus_rhythm']
 sinus rhythm left axis deviation left ventricular hypertrophy otherwise normal ecg ,1,['normal_sinus_rhythm']
 sinus rhythm incomplete right bundle branch block no definite pathology ` ,1,['normal_sinus_rhythm']
 sinus rhythm voltages in limb leads are at upper limit st segments are depressed in i avl v5 t wave are low or flat in i v4 xxxx and inverted in avl this may be due to lv strain or ischaemia ,1,['normal_sinus_rhythm']
 sinus rhythm prolonged pr interval non - specific intraventricular block possible old anteroseptal myocardial infarct ,1,['normal_sinus_rhythm']
 sinus rhythm st segments are depressed in ii iii avf v3 - xxxx t wave are low or flat in v2 xxxx non - specific but consistent with myocardial ischaemia ,1,['normal_sinus_rhythm']
 sinus tachycardia right atrial enlargement edit rao ( rao ) ,1,['sinus_tachycardia']
 sinus rhythm voltages in limb leads are at upper limit no definite pathology ,13,['normal_sinus_rhythm']
 sinus rhythm st segments are depressed in i ii iii avf v3 - xxxx t wave are low or flat in inferolateral leads this may be due to lv strain or ischaemia ,1,['normal_sinus_rhythm']
 sinus rhythm prolonged pr interval possible left atrial enlargement slightly prolonged qt this may be due to a drug effect or an electrolyte disturbance ,1,['normal_sinus_rhythm']
 sinus rhythm qs complex in v2 and q wave in v3 consistent with old anteroseptal myocardial infarct q wave in ii iii avf consistent with old inferior myocardial infarct ,1,['normal_sinus_rhythm']
 sinus rhythm r - s transition zone in v leads displaced to the right t wave are inverted in i ii avl v2 - xxxx findings are likely to be due to ischaemic heart disease they may represent subendocardial infarct of uncertain age edit injas injal sokolow xxxx ( injas injal ) ,1,['normal_sinus_rhythm']
 sinus rhythm st segments are slightly depressed in i avl v4 xxxx t wave are flat in these leads this may be due to lv strain or ischaemia q wave in v2 old anteroseptal infarct cannot be excluded ,1,['normal_sinus_rhythm']
 premature atrial contraction ( s ) sinus rhythm otherwise no definite pathology ,5,['normal_sinus_rhythm']
 sinus rhythm t wave are inverted in avl v2 - xxxx and flat in i v6 findings are likely to be due to ischaemic heart disease slightly prolonged qt this may be due to a drug effect or an electrolyte disturbance ,1,['normal_sinus_rhythm']
 premature atrial contraction ( s ) sinus arrhythmia left atrial enlargement prolonged pr interval abnormal left axis deviation left anterior fascicular block incomplete right bundle branch block old anteroseptal infarct probable old inferior infarct ,1,['sinus_arrhythmia']
 sinus rhythm prolonged pr interval left bundle branch block this is most commonly due to ischaemic heart disease ,4,['normal_sinus_rhythm']
 sinus rhythm borderline left ventricular hypertrophy anterolateral st and t wave change which suggest myocardial ischaemia or non q wave infarct edit injas xxxx lvh xxxx isc sokolow xxxx ( injan injas lvh xxxx ) ,1,['normal_sinus_rhythm']
 sinus rhythm acute inferolateral infarct with true posterior involvement ,1,['normal_sinus_rhythm']
 sinus rhythm left atrial enlargement left axis deviation extensive anterior infarct probably old non - specific t wave flattening in inferior leads ,1,['normal_sinus_rhythm']
 sinus rhythm left atrial enlargement left axis deviation extensive anterior infarct probably old t wave flattening in inferior leads compared with tracing of xxxx it is very similar slight differences in chest leads may be positional ,1,['normal_sinus_rhythm']
 sinus rhythm prolonged pr interval st segments are depressed in i ii avl v2 - xxxx non - specific but consistent with myocardial ischaemia ,1,['normal_sinus_rhythm']
 premature ventricular contraction ( s ) bigeminy sinus rhythm prolonged pr interval possible left atrial enlargement non - specific intraventricular block left ventricular hypertrophy ,1,['normal_sinus_rhythm']
 sinus rhythm non - specific intraventricular block left ventricular hypertrophy ,3,['normal_sinus_rhythm']
 sinus rhythm no definite pathology edit norm xxxx sokolow xxxx ( norm xxxx ) ,1,['normal_sinus_rhythm']
 sinus rhythm no definite pathology edit norm xxxx isolierte schmale qiii ( norm xxxx ) ,1,['normal_sinus_rhythm']
 sinus rhythm st segments are depressed in i ii v4 xxxx t wave are low or flat throughout findings are likely to be due to ischaemic heart disease suggest exclude hypokalaemia ,1,['normal_sinus_rhythm']
 sinus tachycardia low limb lead voltage small r wave in v2 xxxx old anteroseptal infarct cannot be excluded t wave are flat or slightly inverted in limb leads an non - specific but consistent with myocardial ischaemia there is much artifact which could ,1,['sinus_tachycardia']
 sinus rhythm left axis deviation left anterior fascicular block q wave in v2 suggesting old anteroseptal infarct non - specific st segment elevation in ii iii avf of uncertain significance ,1,['normal_sinus_rhythm']
 rhythm is basically sinus rhythm is very irregular suggesting sinus node dysfunction right bundle branch block ,1,['normal_sinus_rhythm']
 sinus rhythm prolonged pr interval voltages are high in limb leads suggesting lvh t wave are flat in i v6 and inverted in avl this may be due to lv strain or ischaemia ,1,['normal_sinus_rhythm']
 sinus rhythm t wave are low or flat in i ii avl v5 xxxx non - specific but consistent with myocardial ischaemia ,1,['normal_sinus_rhythm']
 sinus rhythm non - specific t wave flattening in i avl v5 xxxx myocardial ischaemia is a possible cause ,1,['normal_sinus_rhythm']
 sinus rhythm left axis deviation low limb lead voltage left anterior fascicular block minor non - specific t wave flattening ,1,['normal_sinus_rhythm']
 sinus rhythm left axis deviation left anterior fascicular block right bundle branch block bifascicular block pr interval is normal tracing is very similar to that submitted dated xxxx ,1,['normal_sinus_rhythm']
 sinus bradycardia q wave in ii iii avf consistent with old inferior myocardial infarct the cause of the bradycardia is not evident ,1,['sinus_bradycardia']
 sinus rhythm right bundle branch block possible old inferior infarct ,4,['normal_sinus_rhythm']
 sinus rhythm low limb lead voltage tiny r wave in v2 xxxx old anteroseptal infarct cannot be excluded minor non - specific st segment depression in v5 xxxx edit asmi xxxx ( asmi xxxx ) ,1,['normal_sinus_rhythm']
 sinus rhythm non - specific t wave flattening in i avl v6 ,5,['normal_sinus_rhythm']
 sinus rhythm r - s transition zone in v leads displaced to the right incomplete right bundle branch block no definite pathology ,2,['normal_sinus_rhythm']
 sinus rhythm minor non - specific t wave flattening in v5 xxxx and minimal st segment depression in i ii ,1,['normal_sinus_rhythm']
 sinus rhythm st segments are elevated in v2 xxxx t wave are inverted in i avl v2 - xxxx tiny r wave in v2 qs complex in v3 xxxx consistent with anterior myocardial infarct of uncertain age ,1,['normal_sinus_rhythm']
 sinus rhythm st segments are depressed and t wave inverted in i avl v5 xxxx this may be due to lv strain or ischaemia ,3,['normal_sinus_rhythm']
 sinus rhythm prolonged pr interval left ventricular hypertrophy st segments are depressed and t wave inverted in i ii avl v5 xxxx this may be due to lv strain or ischaemia ,1,['normal_sinus_rhythm']
 premature ventricular contraction ( s ) sinus rhythm voltages are high in limb leads suggesting lvh st segments are depressed in i avl this may be due to lv strain or ischaemia ,1,['normal_sinus_rhythm']
 premature ventricular contraction ( s ) sinus tachycardia left axis deviation old anterior myocardial infarct possible old inferior myocardial infarct ,1,['sinus_tachycardia']
 sinus rhythm st segments are depressed in ii v4 xxxx this may be due to lv strain or ischaemia ,1,['normal_sinus_rhythm']
 sinus rhythm slight st segment depression and t wave flattening in v4 xxxx non - specific but consistent with myocardial ischaemia ,1,['normal_sinus_rhythm']
 sinus rhythm prolonged pr interval possible left atrial enlargement left axis deviation left anterior fascicular block voltages are high in limb leads suggesting lvh qs complex in v2 and tiny r wave in v3 consistent with old anteroseptal myoca ,1,['normal_sinus_rhythm']
 sinus rhythm tiny r wave in v2 xxxx suggesting old anterior infarct otherwise normal ecg ,1,['normal_sinus_rhythm']
 sinus rhythm minor non - specific t wave flattening in i and inversion in avl v2 ,1,['normal_sinus_rhythm']
 sinus rhythm q wave in ii iii avf consistent with old inferior myocardial infarct st segments are depressed and t wave flat in v5 xxxx non - specific but consistent with myocardial ischaemia ,1,['normal_sinus_rhythm']
 sinus tachycardia left axis deviation left anterior fascicular block mild intraventricular conduction delay anterolareral st and t wave change consistent with lv strain or ischaemia ,1,['sinus_tachycardia']
 sinus rhythm left axis deviation left anterior fascicular block small r wave in v3 old anteroseptal infarct cannot be excluded ,1,['normal_sinus_rhythm']
 sinus rhythm r - s transition zone in v leads displaced to the right non - specific t wave flattening in i avl v4 xxxx myocardial ischaemia is a possible cause ,1,['normal_sinus_rhythm']
 premature atrial contraction ( s ) sinus rhythm left atrial enlargement poor progression of r wave in anterior chest leads generalized st and t wave change which are non - diagnostic ,1,['normal_sinus_rhythm']
 sinus rhythm minor non - specific st segment depression in i v5 xxxx of doubtful significance ,1,['normal_sinus_rhythm']
 sinus rhythm voltages are high in chest leads suggesting lvh st segments are depressed in ii iii avf v5 xxxx t wave are flat in limb leads and inverted in v56 this may be due to lv strain or ischaemia prolonged qt this may be due to a drug effect o ,1,['normal_sinus_rhythm']
 sinus rhythm non - specific t wave flattening in v3 otherwise normal ecg ,2,['normal_sinus_rhythm']
 sinus tachycardia qs complex in v2 and small r wave in v3 suggesting old anteroseptal myocardial infarct st segments are depressed in i v3 - xxxx this may be due to myocardial ischaemia aggravated by tachycardia ,1,['sinus_tachycardia']
 sinus rhythm incomplete right bundle branch block significance of small q wave in v2 is uncertain ,1,['normal_sinus_rhythm']
 sinus rhythm voltages are high in chest leads suggesting lvh st segments are depressed in i ii avf v4 xxxx t wave are inverted in i avl v5 xxxx this may be due to lv strain or ischaemia ,1,['normal_sinus_rhythm']
 sinus rhythm left axis deviation qs complex in v2 xxxx st segments are elevated in v2 - xxxx consistent with anterior myocardial infarct possibly recent q wave in ii iii avf consistent with old inferior myocardial infarct ,1,['normal_sinus_rhythm']
 premature atrial contraction ( s ) sinus rhythm st segments are depressed in v5 xxxx t wave are low or flat in limb leads and v4 xxxx findings are likely to be due to ischaemic heart disease suggest exclude hypokalaemia ,1,['normal_sinus_rhythm']
 sinus rhythm compared with tracing of earlier today st segments remain depressed in i ii v4 xxxx t wave now low rather than inverted in i v5 xxxx the slightly changed pattern suggests recent ischaemia ,1,['normal_sinus_rhythm']
 sinus rhythm non - specific t wave flattening in limb leads and v4 xxxx myocardial ischaemia is a possible cause ,4,['normal_sinus_rhythm']
 premature ventricular contraction ( s ) sinus rhythm st segments are depressed in i avl v5 xxxx t wave are flat in limb leads and inverted in v5 xxxx this may be due to lv strain or ischaemia ,1,['normal_sinus_rhythm']
 sinus rhythm low limb lead voltage non - specific t wave inversion in v2 ,1,['normal_sinus_rhythm']
 sinus rhythm prolonged pr interval voltages are high in chest leads suggesting lvh ,1,['normal_sinus_rhythm']
 premature atrial contraction ( s ) sinus rhythm t wave are slightly inverted in i avl v3 - xxxx findings are likely to be due to ischaemic heart disease the age of the change is uncertain ,1,['normal_sinus_rhythm']
 sinus rhythm small inferior q wave noted left ventricular hypertrophy t inversion in anterolateral leads strain is a likely cause but also consider ischaemia ,1,['normal_sinus_rhythm']
 sinus rhythm possible lvh ,1,['normal_sinus_rhythm']
 sinus tachycardia left atrial enlargement borderline left axis with clockwise rotation indicates probable left anterior fascicular block small q wave in i avl and v2 possible old high lateral infarct ,1,['sinus_tachycardia']
 sinus rhythm borderline left axis deviation r - s transition zone in v leads displaced to the right st segments are slightly depressed in i avl this may be due to lv strain or ischaemia ,1,['normal_sinus_rhythm']
 sinus rhythm incomplete right bundle branch block t wave are inverted in i avl v5 xxxx non - specific but consistent with myocardial ischaemia slightly prolonged qt this may be due to a drug effect or an electrolyte disturbance ,1,['normal_sinus_rhythm']
 sinus rhythm st segments are depressed in v4 xxxx this may be due to lv strain or ischaemia ,2,['normal_sinus_rhythm']
 sinus rhythm t wave are flat in i v5 xxxx and slightly inverted in avl v3 xxxx non - specific but consistent with myocardial ischaemia ,1,['normal_sinus_rhythm']
 sinus rhythm voltages are high in limb leads suggesting lvh possible old inferior infarct ,1,['normal_sinus_rhythm']
 premature ventricular contraction ( s ) sinus rhythm st segments are depressed in ii v4 xxxx t wave are inverted in i avl v3 xxxx and flat in v5 xxxx findings are likely to be due to ischaemic heart disease the age of the change is uncertain ,1,['normal_sinus_rhythm']
 sinus rhythm non - specific t wave flattening in limb leads and v5 xxxx myocardial ischaemia is likely ,3,['normal_sinus_rhythm']
 sinus rhythm t wave show terminal inversion in v3 xxxx and are low in v5 xxxx myocardial ischaemia is likely the age of the change is uncertain ,1,['normal_sinus_rhythm']
 premature ventricular contraction ( s ) sinus rhythm prolonged pr interval left ventricular hypertrophy st segments are depressed and t wave slightly inverted in i avl v4 xxxx this may be due to lv strain or ischaemia ,1,['normal_sinus_rhythm']
 sinus rhythm qs complex in v2 xxxx suggesting old anteroseptal myocardial infarct there is no definite ecg evidence to suggest pericarditis ,1,['normal_sinus_rhythm']
 premature ventricular contraction ( s ) sinus tachycardia borderline left axis deviation non - specific intraventricular delay voltages are high in chest leads suggesting lvh st segments are depressed in i avl v5 xxxx this may be due to lv strain or ischa ,1,['sinus_tachycardia']
 sinus rhythm voltages are high in limb leads suggesting lvh st segments are depressed in i ii avl v4 xxxx this may be due to lv strain or ischaemia ,1,['normal_sinus_rhythm']
 sinus rhythm possible left atrial enlargement non - specific t wave flattening in i avl v5 xxxx ,1,['normal_sinus_rhythm']
 sinus rhythm st segments are depressed in v5 xxxx non - specific but consistent with myocardial ischaemia ,1,['normal_sinus_rhythm']
 sinus rhythm left ventricular hypertrophy otherwise normal ecg ,4,['normal_sinus_rhythm']
 sinus bradycardia the bradycardia may be physiological voltages in chest leads are at upper limit ,1,['sinus_bradycardia']
 sinus rhythm leftward axis incomplete right bundle branch block otherwise normal ecg ,1,['normal_sinus_rhythm']
 sinus rhythm possible left atrial enlargement st segments are depressed in i ii v4 xxxx t wave are flat or slightly inverted in these leads this may be due to lv strain or ischaemia ,1,['normal_sinus_rhythm']
 sinus rhythm st segments are slightly elevated in v3 - xxxx slight terminal t wave inversion in v2 findings are non - specific suggest repeat ,1,['normal_sinus_rhythm']
 sinus rhythm left atrial enlargement otherwise no definite pathology ,1,['normal_sinus_rhythm']
 sinus rhythm q wave in ii iii avf consistent with old inferior myocardial infarct q wave in v2 old anteroseptal infarct cannot be excluded ,1,['normal_sinus_rhythm']
 sinus bradycardia incomplete right bundle branch block voltages are high in chest leads suggesting lvh the cause of the bradycardia is not evident ,1,['sinus_bradycardia']
 sinus rhythm right atrial enlargement non - specific t wave inversion in avl non - specific st segment elevation in v2 xxxx ,1,['normal_sinus_rhythm']
 sinus tachycardia premature atrial contraction ( s ) st segments are depressed in i ii avl v5 xxxx t wave are low or flat in these leads non - specific but consistent with myocardial ischaemia and digitalis effect small r wave in v2 xxxx old anteroseptal ,1,['sinus_tachycardia']
 sinus rhythm left atrial enlargement left ventricular hypertrophy st segments are depressed in i ii avl v5 xxxx this may be due to lv strain or ischaemia ,1,['normal_sinus_rhythm']
 sinus rhythm grossly prolonged pr interval left axis deviation left anterior fascicular block otherwise no definite pathology ,1,['normal_sinus_rhythm']
 sinus rhythm left axis deviation left anterior fascicular block tiny r wave in v2 xxxx suggesting old anteroseptal infarct ,1,['normal_sinus_rhythm']
 sinus rhythm pr interval is prolonged left ventricular hypertrophy st segments are depressed in v5 t wave are low in i v6 and inverted in avl v5 this may be due to lv strain or ischaemia ,1,['normal_sinus_rhythm']
 sinus rhythm t wave are low in i v5 xxxx and inverted in avl non - specific but consistent with myocardial ischaemia ,1,['normal_sinus_rhythm']
 premature ventricular contraction ( s ) sinus rhythm minor non - specific t wave flattening in v3 otherwise normal ecg ,1,['normal_sinus_rhythm']
 sinus rhythm r - s transition zone in v leads displaced to the right st segments are elevated in v2 xxxx this is probably a normal variant otherwise normal ecg ,1,['normal_sinus_rhythm']
 sinus rhythm r - s transition zone in v leads displaced to the right voltages are high in chest leads suggesting lvh st segments are depressed in i ii avl avf v3 - xxxx t wave are low or flat in limb leads and v3 - xxxx findings are likely to be due to isch ,1,['normal_sinus_rhythm']
 sinus rhythm st segments are depressed in ii iii avf v6 non - specific but consistent with myocardial ischaemia leads v4 xxxx show artifact ,1,['normal_sinus_rhythm']
 sinus rhythm premature atrial contraction ( s ) xxxx in succession are recorded this could be regarded as a brief run of paroxysmal supraventricular tachycardia otherwise normal ecg ,1,['normal_sinus_rhythm']
 sinus rhythm q wave in v2 old anteroseptal infarct cannot be excluded otherwise no definite pathology ,1,['normal_sinus_rhythm']
 sinus rhythm markedly prolonged pr interval otherwise normal ecg ,2,['normal_sinus_rhythm']
 sinus rhythm qrs ( t ) contour abnormality consistent with anteroseptal infarct age undetermined ,1,['normal_sinus_rhythm']
 sinus rhythm evolving inferior infarct with apical envolvement ,1,['normal_sinus_rhythm']
 sinus rhythm possible old antero - septal infarct prolonged qt interval exclude electrolyte disturbance ,1,['normal_sinus_rhythm']
 sinus rhythm st and t abnormality consider anterolateral ischemia or left ventricular strain ,1,['normal_sinus_rhythm']
 sinus bradycardia small lateral q wave noted early r - s transition in chest leads otherwise norma ecg ,1,['sinus_bradycardia']
 sinus rhythm left ventricular hypertrophy with non - specific infero - lateral st and t abnormality left ventricular strain is a likely cause but also consider ischaemia small infero - lateral q wave most likely reflect left ventricular hypertrophy ,1,['normal_sinus_rhythm']
 sinus rhythm pr interval slightly prolonged possible old inferior infarct non - specific st and t change in infero - lateral leads ,1,['normal_sinus_rhythm']
 sinus rhythm lef antetior fascicular block otherwise normal ecg ,1,['normal_sinus_rhythm']
 sinus rhythm minor st and t change prolonged qt query due to medications ,1,['normal_sinus_rhythm']
 sinus rhythm ventricular premature contractions with ventricular bigeminy left ventricular hypertrophy on voltage criteria mild non - diagnostic st and t wave change ,1,['normal_sinus_rhythm']
 sinus rhythm antero - septal q wave infarct which is probabl old infero - lateral t wave inversion consistent with ischaemia ,1,['normal_sinus_rhythm']
 sinus rhythm minor terminal intraventricular conduction delay normal ecg ,1,['normal_sinus_rhythm']
 sinus rhythm ventricular premature complex otherwise normal ,1,['normal_sinus_rhythm']
 sinus tachycardia ventricular premature complex first degree av block pr interval xxxx seconds st sagging most likely due to digitalis ,1,['sinus_tachycardia']
 sinus rhythm left atrial enlargement voltages of left ventricular hypertrophy minor non - diagnostic st change slight qt prolongation no diagnostic change of ischaemia ,1,['normal_sinus_rhythm']
 sinus rhythm p wave vector suggests respiratory disease minor non - diagnostic st change laterally not clearly ischaemic ,1,['normal_sinus_rhythm']
 sinus rhythm inferior t wave flattening t wave change in v2 - xxxx consistent with anterior ischaemia ,1,['normal_sinus_rhythm']
 sinus rhythm leftward axis ,1,['normal_sinus_rhythm']
 sinus rhythm left anterior fascicular block left ventricular hypertrophy on voltages antero - lateral st and t change consistent with early left ventricular strain ,1,['normal_sinus_rhythm']
 sinus rhythm left anterior fascicular block st and t change in lead iii and avf query early left ventricular strain or ischaemia ,1,['normal_sinus_rhythm']
 sinus rhythm q wave tiny r wave and st segment elevation in v2 xxxx t wave are inverted in i avl v3 - xxxx appearances are consistent with anterior myocardial infarct which may be recent suggest urgent cardiological review ,1,['normal_sinus_rhythm']
 sinus rhythm compared with tracing of earlier today t wave are a little lower in lateral chest leads this is of doubtful significance old inferior myocardial infarct ,1,['normal_sinus_rhythm']
 premature ventricular contraction ( s ) sinus rhythm t wave are flat in ii and inverted in iii avf this is consistent with inferior myocardial ischaemia ,1,['normal_sinus_rhythm']
 sinus rhythm st segments are depressed in i ii avf v2 - xxxx non - specific but consistent with myocardial ischaemia and digitalis effect ,1,['normal_sinus_rhythm']
 sinus rhythm incomplete right bundle branch block ,5,['normal_sinus_rhythm']
 sinus rhythm possible left atrial enlargement q wave in ii iii avf t wave are low or flat in these leads and v5 xxxx consistent with old inferior myocardial infarct ,1,['normal_sinus_rhythm']
 premature ventricular contraction ( s ) sinus rhythm voltages are high in limb leads suggesting lvh ,1,['normal_sinus_rhythm']
 sinus rhythm st segments are depressed in i avl v5 xxxx t wave are low or flat in limb leads and v5 xxxx this may be due to lv strain or ischaemia ,1,['normal_sinus_rhythm']
 sinus rhythm prolonged pr interval left axis deviation ,1,['normal_sinus_rhythm']
 sinus rhythm voltages are high in limb leads suggesting lvh incomplete right bundle branch block borderline left axis deviation ,1,['normal_sinus_rhythm']
 premature ventricular contraction ( s ) sinus rhythm st segments are depressed in i avl v5 xxxx t wave are low or flat in these leads non - specific but consistent with myocardial ischaemia ,1,['normal_sinus_rhythm']
 sinus rhythm qs complex in v2 xxxx consistent with old anteroseptal myocardial infarct ,2,['normal_sinus_rhythm']
 sinus rhythm borderline left axis deviation right bundle branch block q wave in v2 a small old anteroseptal infarct cannot be excluded voltages are high in limb leads suggesting lvh ,1,['normal_sinus_rhythm']
 sinus rhythm left axis deviation left anterior fascicular block non - specific t wave flattening in i and inversion in avl ,2,['normal_sinus_rhythm']
 premature ventricular contraction ( s ) sinus rhythm left axis deviation left anterior fascicular block st segments are depressed and t wave inverted in i avl this may be due to lv strain or ischaemia ,1,['normal_sinus_rhythm']
 sinus rhythm normal ecg edit norm xxxx variables qiii ( norm xxxx ) ,1,['normal_sinus_rhythm']
 premature atrial contraction ( s ) sinus rhythm minor non - specific t wave flattening in i and inversion in avl ,1,['normal_sinus_rhythm']
 sinus rhythm non - specific t wave flattening in i avl v2 xxxx ,1,['normal_sinus_rhythm']
 sinus tachycardia otherwise no definite pathology ,2,['sinus_tachycardia']
 sinus rhythm voltages are high in chest leads suggesting lvh minor non - specific t wave flattening in i avl edit lvh xxxx sokolow xxxx ( lvh xxxx ) ,1,['normal_sinus_rhythm']
 sinus rhythm voltages are high in chest leads suggesting lvh edit lvh xxxx sokolow xxxx ( lvh xxxx ) ,2,['normal_sinus_rhythm']
 sinus rhythm left axis deviation qs complex in v2 and tiny r wave in v3 suggesting old anteroseptal infarct ,1,['normal_sinus_rhythm']
 premature atrial contraction ( s ) sinus rhythm voltages are high in limb leads suggesting lvh edit lvh xxxx qualität schlecht ( off - sets ) ,1,['normal_sinus_rhythm']
 sinus rhythm low limb lead voltage non - specific intraventricular delay q wave in ii iii avf consistent with old inferior myocardial infarct ,1,['normal_sinus_rhythm']
 premature atrial contraction ( s ) sinus tachycardia minor non - specific st and t wave change ,1,['sinus_tachycardia']
 sinus rhythm st segments are depressed in i avl v5 xxxx t wave are flat or slightly inverted in i avl v4 xxxx non - specific but consistent with myocardial ischaemia ,1,['normal_sinus_rhythm']
 sinus rhythm st segments are depressed in iii v2 xxxx this is of uncertain significance there is slight st segment elevation in i avl v6 and the possibility of recent ischaemia or early infarct cannot be excluded suggest enzyme studies and repeat ,1,['normal_sinus_rhythm']
 sinus rhythm voltages are high in chest leads suggesting lvh borderline left axis deviation edit lvh xxxx sokolow xxxx ( lvh xxxx ) ,1,['normal_sinus_rhythm']
 sinus rhythm nonspecific st elevation in chest leads is within normal limits ,1,['normal_sinus_rhythm']
 sinus rhythm t wave are inverted in ii iii avf v2 - xxxx t wave are low or flat in i avl findings are likely to be due to ischaemic heart disease subendocardial infarct of uncertain age is a possibility prolonged qt this may be due to a drug ef ,1,['normal_sinus_rhythm']
 sinus rhythm tiny r wave in v2 xxxx old anteroseptal myocardial infarct cannot be excluded ,1,['normal_sinus_rhythm']
 premature ventricular contraction ( s ) sinus rhythm left axis deviation left anterior fascicular block st segments are depressed in v4 xxxx t wave are low in limb leads and v4 xxxx this may be due to lv strain or ischaemia ,1,['normal_sinus_rhythm']
 sinus rhythm prolonged pr interval left anterior fascicular block right bundle branch block compared with tracing of xxxx trifascicular block persists ,1,['normal_sinus_rhythm']
 sinus rhythm t wave are generally low and qt is prolonged suggest exclude hypokalaemia ,1,['normal_sinus_rhythm']
 sinus rhythm premature ventricular contraction ( s ) left ventricular hypertrophy st segments are depressed in i ii iii avf v2 - xxxx t wave are generally low this may be due to lv strain or ischaemia and digitalis effect ,1,['normal_sinus_rhythm']
 sinus rhythm left axis deviation right bundle branch block minor non - specific st segment depression in lateral leads q wave in v2 suggest possible old anteroseptal infarct ,1,['normal_sinus_rhythm']
 sinus rhythm possible left atrial enlargement left ventricular hypertrophy st segments are depressed in i ii avf v4 xxxx this may be due to lv strain or ischaemia ,1,['normal_sinus_rhythm']
 sinus rhythm but p wave are inconspicuous no definite pathology edit norm xxxx ( norm xxxx ) ,1,['normal_sinus_rhythm']
 sinus arrhythmia normal ecg edit norm xxxx ( tachykarde pase hr xxxx - min ) ,1,['sinus_arrhythmia']
 sinus rhythm voltages are high in limb leads suggesting lvh otherwise normal ecg edit lvh xxxx sokolow xxxx ( norm xxxx ) ,2,['normal_sinus_rhythm']
 sinus rhythm possible left atrial enlargement minor non - specific st and t wave change ,1,['normal_sinus_rhythm']
 sinus rhythm compared with tracing of xxxx rhythm was previously atrial fibrillation the previously inverted t wave now upright and apart from general t wave flattening the present tracing does not show any definite pathology edit ndt ( ndt ) ,1,['normal_sinus_rhythm']
 sinus rhythm borderline left axis deviation low limb lead voltage q wave in ii iii avf consistent with old inferior myocardial infarct ,1,['normal_sinus_rhythm']
 premature atrial contraction ( s ) sinus rhythm possible left atrial enlargement minor non - specific t wave flattening in i avl ,1,['normal_sinus_rhythm']
 sinus rhythm prolonged pr interval possible left atrial enlargement non - specific intraventricular delay non - specific st segment depression in v6 q wave in ii iii avf are probably normal ,1,['normal_sinus_rhythm']
 premature ventricular contraction ( s ) premature atrial contraction ( s ) sinus tachycardia st segments are depressed in i ii avf v3 - xxxx t wave are inverted in i avl v2 xxxx findings are likely to be due to ischaemic heart disease the age of the chan ,1,['sinus_tachycardia']
 frequent premature atrial contraction ( s ) sinus rhythm prolonged pr interval left axis deviation left anterior fascicular block right bundle branch block trifascicular block compared with tracing of xxxx it is very similar ,1,['normal_sinus_rhythm']
 premature ventricular contraction ( s ) sinus rhythm left axis deviation left anterior fascicular block right bundle branch block bifascicular block q wave in v2 xxxx consistent with old anterior infarct ,1,['normal_sinus_rhythm']
 sinus rhythm and junctional rhythm non - specific t wave flattening in i avl v5 xxxx slightly prolonged qt this may be due to a drug effect or an electrolyte disturbance ,1,['normal_sinus_rhythm']
 sinus rhythm prolonged pr interval non - specific intraventricular block ,1,['normal_sinus_rhythm']
 premature atrial contraction ( s ) sinus rhythm q wave in ii iii avf are probably normal no definite pathology edit norm xxxx qii iii avf ( norm xxxx ) baselinewandern i ii ,1,['normal_sinus_rhythm']
 sinus rhythm voltages in limb leads are at upper limit normal ecg edit norm xxxx ( norm xxxx ) ,1,['normal_sinus_rhythm']
 sinus rhythm normal ecg edit norm xxxx tnegiii ( norm xxxx ) ,1,['normal_sinus_rhythm']
 sinus rhythm voltages in limb leads are at upper limit left axis deviation left anterior fascicular block incomplete right bundle branch block ,1,['normal_sinus_rhythm']
 sinus rhythm t wave are inverted in i avl v6 non - specific but consistent with myocardial ischaemia the age of the change is uncertain ,1,['normal_sinus_rhythm']
 sinus rhythm minor non - specific t wave flattening in inferolateral leads ,2,['normal_sinus_rhythm']
 premature atrial contraction ( s ) sinus rhythm minor non - specific t wave flattening in i avl v6 ,1,['normal_sinus_rhythm']
 sinus bradycardia the bradycardia may be due to beta - blocker therapy t wave are flat or inverted throughout findings are likely to be due to ischaemic heart disease the age of the change is uncertain ,1,['sinus_bradycardia']
 premature atrial contraction ( s ) sinus rhythm t wave are flat in limb leads and inverted in v5 xxxx findings are likely to be due to ischaemic heart disease the age of the change is uncertain ,1,['normal_sinus_rhythm']
 premature ventricular contraction ( s ) sinus rhythm compared with tracing of xxxx it is not significantly changed bifascicular block and evidence of old anterior infarct persist ,1,['normal_sinus_rhythm']
 sinus bradycardia voltages are high in chest leads suggesting lvh the cause of the marked bradycardia is not evident ,1,['sinus_bradycardia']
 sinus rhythm t wave are low or flat in limb leads and v5 xxxx myocardial ischaemia is likely ,1,['normal_sinus_rhythm']
 sinus rhythm ventricular premature complex left ventricular hypertrophy diffuse t abnormality consistent with lv strain also consider ischaemia ,1,['normal_sinus_rhythm']
 premature atrial contractions sinus rhythm small inferior q wave noted - no definite evidence for previous infarct ,1,['normal_sinus_rhythm']
 premature ventricular contraction ( s ) sinus rhythm incomplete right bundle branch block ,4,['normal_sinus_rhythm']
 sinus rhythm voltages in limb leads are at upper limit no definite pathology edit norm rsiii ( norm xxxx ) ,1,['normal_sinus_rhythm']
 sinus rhythm prolonged pr interval non - specific intraventricular delay st segments are slightly depressed in i avl v6 t wave are flat in these leads this may be due to lv strain or ischaemia ,1,['normal_sinus_rhythm']
 premature ventricular contractions trigeminy sinus rhythm voltages are high in chest leads suggesting lvh minor non - specific t wave flattening in i avl v6 ,1,['normal_sinus_rhythm']
 sinus rhythm minimal non - specific st segment depression in ii iii avf v4 xxxx ,1,['normal_sinus_rhythm']
 sinus rhythm minor non - specific t wave flattening in i v6 and inversion in avl ,1,['normal_sinus_rhythm']
 sinus rhythm st segments are depressed in ii iii avf v5 xxxx t wave are low or flat in i avl v5 xxxx this may be due to lv strain or ischaemia ,1,['normal_sinus_rhythm']
 sinus rhythm right bundle branch block non - specific st and t wave change ,2,['normal_sinus_rhythm']
 premature ventricular contraction ( s ) premature atrial contraction ( s ) sinus tachycardia right atrial enlargement voltages are high in chest leads suggesting lvh ,1,['sinus_tachycardia']
 sinus rhythm premature atrial contraction ( s ) left axis deviation left anterior fascicular block voltages in limb leads are at upper limit ,1,['normal_sinus_rhythm']
 sinus rhythm voltages are high in limb leads suggesting lvh left axis deviation left anterior fascicular block prolonged qt this may be due to a drug effect or an electrolyte disturbance ,1,['normal_sinus_rhythm']
 sinus rhythm q wave in ii iii avf are probably normal old inferior infarct cannot be entirely excluded ,1,['normal_sinus_rhythm']
 sinus rhythm possible left atrial enlargement otherwise no definite pathology ,2,['normal_sinus_rhythm']
 sinus rhythm normal ecg edit norm xxxx ( iscil xxxx ) ,1,['normal_sinus_rhythm']
 sinus arrhythmia normal ecg edit ndt qr ( ndt xxxx imi xxxx ) ,1,['sinus_arrhythmia']
 sinus rhythm prolonged pr interval otherwise normal ecg edit norm xxxx qsiii ( imi xxxx ) ,1,['normal_sinus_rhythm']
 sinus rhythm normal ecg edit norm rsriii ( norm xxxx ivcb ) ,1,['normal_sinus_rhythm']
 sinus rhythm st segments are depressed in v5 xxxx t wave are flat in i avl v5 xxxx this may be due to lv strain or ischaemia ,1,['normal_sinus_rhythm']
 sinus rhythm left axis deviation voltages are high in chest leads suggesting lvh otherwise no definite pathology ,1,['normal_sinus_rhythm']
 sinus rhythm st segments are depressed in i ii iii avf v3 - xxxx t wave are low or flat in i avl v4 xxxx this may be due to lv strain or ischaemia ,1,['normal_sinus_rhythm']
 sinus rhythm voltages are high in limb leads suggesting lvh non - specific t wave flattening in i avl v5 xxxx ,1,['normal_sinus_rhythm']
 sinus rhythm st segments are depressed in i ii avl v4 xxxx t wave are low or flat throughout non - specific but consistent with myocardial ischaemia and digitalis effect suggest exclude hypokalaemia pr interval is at upper limit of normal ,1,['normal_sinus_rhythm']
 sinus rhythm normal ecg edit norm xxxx v4 xxxx schlechte qualität ,1,['normal_sinus_rhythm']
 sinus rhythm normal ecg edit norm xxxx muskelzittern xxxx - linienwanderung ,1,['normal_sinus_rhythm']
 sinus rhythm no definite pathology edit norm xxxx rsiii avf ( norm xxxx ) ,1,['normal_sinus_rhythm']
 sinus rhythm t wave are low or flat in i avl v5 xxxx and inverted in v4 non - specific but consistent with myocardial ischaemia the age of the change is uncertain ,1,['normal_sinus_rhythm']
 sinus rhythm incomplete right bundle branch block this is probably a normal variant otherwise normal ecg edit norm xxxx irbbb rsiii avf tnegiii ( norm xxxx irbbb ) ,1,['normal_sinus_rhythm']
 sinus rhythm q wave in ii iii avf t wave are low or flat in ii v5 xxxx and inverted in iii avf consistent with ischaemic heart disease with old inferior myocardial infarct ,1,['normal_sinus_rhythm']
 sinus bradycardia otherwise normal ecg ,7,['sinus_bradycardia']
 sinus rhythm prolonged pr interval qs complex in v2 xxxx consistent with anteroseptal myocardial infarct probably old q wave in ii iii avf v4 xxxx st segments are depressed in v5 xxxx consistent with old inferolateral myocardial infarct ,1,['normal_sinus_rhythm']
 sinus rhythm non - specific intraventricular delay no definite pathology edit ivcb ( norm xxxx ivcb ) ,1,['normal_sinus_rhythm']
 sinus rhythm minor non - specific st and t wave change in inferolateral leads ,2,['normal_sinus_rhythm']
 premature ventricular contraction ( s ) sinus rhythm non - specific t wave flattening in i avl v6 ,1,['normal_sinus_rhythm']
 sinus tachycardia compared with tracing of xxxx t wave now inverted in v4 xxxx the changed pattern suggests recent ischaemia edit imi xxxx lvh xxxx isc xxxx vh xxxx frischer imi ( imi xxxx iscal ) ,1,['sinus_tachycardia']
 sinus rhythm st segments are depressed in i ii avl v4 xxxx t wave are low or flat in limb leads and v4 xxxx this may be due to lv strain or ischaemia ,1,['normal_sinus_rhythm']
 sinus rhythm st segments are depressed in i ii v2 - xxxx t wave are low or flat in these leads non - specific but consistent with myocardial ischaemia and digitalis effect possible old inferior myocardial infarct ,1,['normal_sinus_rhythm']
 sinus rhythm minor non - specific st and t wave change in lateral leads ,1,['normal_sinus_rhythm']
 sinus rhythm premature ventricular contraction ( s ) prolonged pr interval q wave in ii iii avf st segments are depressed in i avl v2 - xxxx t wave are low or flat throughput consistent with ischaemic heart disease with old inferior myocardial infarct ,1,['normal_sinus_rhythm']
 complex ( s ) with aberrant intraventricular conduction premature ventricular contraction ( s ) sinus rhythm voltages are high in limb leads suggesting lvh ,1,['normal_sinus_rhythm']
 premature atrial contraction ( s ) sinus rhythm left axis deviation left anterior fascicular block non - specific t wave flattening throughout myocardial ischaemia is likely suggest exclude hypokalaemia ,1,['normal_sinus_rhythm']
 sinus rhythm left axis deviation q wave in ii iii avf consistent with old inferior myocardial infarct st segments are depressed in i avl this may be due to lv strain or ischaemia ,1,['normal_sinus_rhythm']
 sinus rhythm incomplete right bundle branch block no definite pathology edit norm xxxx irbbb ( norm xxxx irbbb ) ,1,['normal_sinus_rhythm']
 sinus tachycardia r - s transition zone in v leads displaced to the left small r wave in v4 xxxx an old lateral infarct cannot be excluded the unusual progression of r wave in chest leads has been confirmed by repeat tracing ,1,['sinus_tachycardia']
 sinus rhythm left axis deviation left anterior fascicular block left ventricular hypertrophy slightly prolonged qt this may be due to a drug effect or an electrolyte disturbance ,1,['normal_sinus_rhythm']
 sinus rhythm possible left atrial enlargement q wave in ii iii avf consistent with old inferior myocardial infarct qs complex in v2 old anteroseptal infarct cannot be excluded ,1,['normal_sinus_rhythm']
 sinus rhythm st segments are depressed in i avl v5 xxxx non - specific but consistent with myocardial ischaemia ,1,['normal_sinus_rhythm']
 premature atrial contraction ( s ) sinus rhythm slightly prolonged qt this may be due to a drug effect or an electrolyte disturbance ,2,['normal_sinus_rhythm']
 sinus rhythm voltages are high in limb leads suggesting lvh otherwise no definite pathology ,7,['normal_sinus_rhythm']
 sinus rhythm prolonged pr interval low limb lead voltage tiny r wave in v2 xxxx old anteroseptal infarct cannot be excluded ,1,['normal_sinus_rhythm']
 sinus bradycardia the bradycardia may be due to beta - blocker therapy q wave in ii iii avf consistent with old inferior myocardial infarct ,1,['sinus_bradycardia']
 sinus bradycardia non - specific intraventricular block the cause of the bradycardia is not evident ,1,['sinus_bradycardia']
 sinus rhythm minor non - specific st segment depression in v3 - xxxx ,1,['normal_sinus_rhythm']
 sinus rhythm left atrial enlargement otherwise no definite pathology edit lao alter acute myocardial infarct nicht auszuschließen ( asmi xxxx lao ) ,1,['normal_sinus_rhythm']
 sinus tachycardia non - specific t wave flattening in i avl v5 xxxx ,1,['sinus_tachycardia']
 sinus rhythm t wave are low in ii v6 and inverted in iii avf st segments are slightly depressed in ii avf v6 non - specific but consistent with myocardial ischaemia ,1,['normal_sinus_rhythm']
 sinus rhythm prolonged pr interval non - specific intraventricular delay q wave in ii iii avf t wave are inverted in ii iii avf v4 xxxx and flat in i avl consistent with ischaemic heart disease with old inferior myocardial infarct ,1,['normal_sinus_rhythm']
 sinus rhythm prolonged pr interval possible left atrial enlargement prolonged qt this may be due to a drug effect or an electrolyte disturbance ,1,['normal_sinus_rhythm']
 premature atrial contraction sinus tachycardia nonspecific st and t change ,1,['sinus_tachycardia']
 premature atrial contraction ( s ) sinus rhythm t wave are inverted in ii iii avf v2 - xxxx st segments are depressed in i avl findings are likely to be due to ischaemic heart disease subendocardial infarct of uncertain age cannot be excluded ,1,['normal_sinus_rhythm']
 premature atrial contraction ( s ) sinus rhythm prolonged pr interval non - specific st and t wave change in inferior and antero - lateral leads ,1,['normal_sinus_rhythm']
 premature atrial contraction ( s ) sinus rhythm non - specific t wave flattening in i avl v4 xxxx prolonged qt this may be due to a drug effect or an electrolyte disturbance ,1,['normal_sinus_rhythm']
 premature ventricular contraction ( s ) couplet premature atrial contraction ( s ) sinus tachycardia otherwise normal ecg ,1,['sinus_tachycardia']
 premature atrial contractions with aberrant conduction bigeminy sinus rhythm incomplete right bundle branch block prolonged qt this may be due to a drug effect or an electrolyte disturbance ,1,['normal_sinus_rhythm']
 premature ventricular contraction ( s ) sinus rhythm left axis deviation q wave in ii iii avf consistent with old inferior myocardial infarct q wave and tiny r wave in v3 - xxxx suggesting old antero - lateral infarct ,1,['normal_sinus_rhythm']
 sinus tachycardia rightward axis possible left posterior fascicular block incomplete right bundle branch block ,1,['sinus_tachycardia']
 sinus rhythm st segments are depressed and t wave inverted in i ii avf v4 xxxx this may be due to lv strain or ischaemia ,1,['normal_sinus_rhythm']
 sinus rhythm qs complex in v2 and tiny r wave in v3 t wave are slightly inverted in i ii iii avf v2 - xxxx consistent with ischaemic heart disease with probable old anteroseptal myocardial infarct ,1,['normal_sinus_rhythm']
 sinus rhythm voltages are high in limb leads suggesting lvh probable old inferior infarct non - specific t wave flattening in v5 xxxx ,1,['normal_sinus_rhythm']
 premature atrial contraction ( s ) sinus tachycardia left axis deviation left anterior fascicular block st segments are depressed in i avl v5 xxxx this may be due to lv strain or ischaemia ,1,['sinus_tachycardia']
 sinus rhythm minor non - specific t wave flattening in limb leads and v5 xxxx myocardial ischaemia cannot be excluded slightly prolonged qt suggest exclude hypokalaemia ,1,['normal_sinus_rhythm']
 sinus tachycardia qs complex and st segment elevation in v2 xxxx consistent with anteroseptal myocardial infarct of uncertain age st segments are depressed in i ii avl t wave are inverted in i avl and low or flat in v4 xxxx findings are likel ,1,['sinus_tachycardia']
 premature ventricular contraction ( s ) sinus rhythm tiny r wave and st segment elevation in v2 xxxx suggesting anteroseptal myocardial infarct of uncertain age st segments are depressed in i avl t wave are inverted in i ii avl v4 xxxx findings are ,1,['normal_sinus_rhythm']
 premature atrial contraction ( s ) sinus rhythm left axis deviation r - s transition zone in v leads displaced to the left left anterior fascicular block st segments are depressed in i avl t wave are inverted in ii iii avf v4 xxxx findings are likel ,1,['normal_sinus_rhythm']
 sinus rhythm frequent premature atrial contraction ( s ) undetermined axis incomplete right bundle branch block qrs ( t ) contour abnormality consider inferior myocardial damage st and t abnormality consider anterior ischemia or left ventricular stra ,1,['normal_sinus_rhythm']
 premature atrial contraction ( s ) sinus rhythm prolonged pr interval voltages are high in limb leads suggesting lvh left axis deviation left anterior fascicular block right bundle branch block patient has trifascicular block and may be at increased r ,1,['normal_sinus_rhythm']
 sinus rhythm left axis deviation no definite pathology ,10,['normal_sinus_rhythm']
 sinus tachycardia premature atrial contraction ( s ) non - specific t wave flattening in i and inversion in avl ,1,['sinus_tachycardia']
 premature ventricular contraction ( s ) bigeminy sinus rhythm otherwise no definite pathology lead v2 shows artifact ,1,['normal_sinus_rhythm']
 sinus rhythm left ventricular hypertrophy st segments are depressed and t wave inverted in i ii avl avf v3 - xxxx this may be due to lv strain or ischaemia ,1,['normal_sinus_rhythm']
 sinus rhythm st segments are depressed in i avl v6 t wave are flat or slightly inverted in limb leads and v4 xxxx this may be due to lv strain or ischaemia ,1,['normal_sinus_rhythm']
 sinus rhythm st segments are depressed in i ii iii avf v6 t wave are low in ii v6 and inverted in iii avf non - specific but consistent with myocardial ischaemia ,1,['normal_sinus_rhythm']
 sinus tachycardia t wave are low or flat throughout myocardial ischaemia is likely suggest exclude hypokalaemia ,1,['sinus_tachycardia']
 premature ventricular contraction ( s ) sinus rhythm compared with tracing of xxxx it is not significantly changed ,1,['normal_sinus_rhythm']
 sinus rhythm minor non - specific st segment depression in i ii v4 xxxx ,1,['normal_sinus_rhythm']
 sinus rhythm premature atrial contractions with aberrant conduction tiny r wave in v2 xxxx suggesting anteroseptal infarct probably old t wave are inverted in i avl v4 xxxx findings are likely to be due to ischaemic heart disease they may represen ,1,['normal_sinus_rhythm']
 sinus rhythm st segments are slightly elevated in ii iii avf this is probably a normal variant otherwise normal ecg ,1,['normal_sinus_rhythm']
 premature atrial contraction ( s ) sinus rhythm otherwise normal ecg there is no definite ecg evidence to suggest a pre - excitation syndrome ,1,['normal_sinus_rhythm']
 sinus rhythm incomplete right bundle branch block voltages are high in chest leads suggesting lvh st segments are depressed in i avl v6 this may be due to lv strain or ischaemia ,1,['normal_sinus_rhythm']
 sinus rhythm compared with tracing of xxxx it is not significantly changed st and t wave change persist in inferolateral leads slight differences in v2 may be positional ,1,['normal_sinus_rhythm']
 sinus rhythm t wave are low or flat in i avl v5 xxxx non - specific but consistent with myocardial ischaemia edit ilmi xxxx v3 ausfall ,1,['normal_sinus_rhythm']
 sinus bradycardia q wave in ii iii avf t wave are low or flat in limb leads and v4 xxxx consistent with ischaemic heart disease with old inferior myocardial infarct ,1,['sinus_bradycardia']
 sinus rhythm normal ecg compared with tracing of earlier today it is not significantly changed except that atrial premature complex are not recorded on this occasion ,1,['normal_sinus_rhythm']
 sinus rhythm incomplete right bundle branch block q wave in ii iii avf st segments are depressed in i avl t wave are low or flat in limb leads and v4 xxxx consistent with ischaemic heart disease with old inferior myocardial infarct ,1,['normal_sinus_rhythm']
 sinus rhythm compared with tracing of xxxx t wave now appear normal old inferior myocardial infarct as before ,1,['normal_sinus_rhythm']
 sinus rhythm t wave are inverted in i avl and low in v6 non - specific but consistent with myocardial ischaemia the age of the change is uncertain ,1,['normal_sinus_rhythm']
 sinus rhythm voltages are high in chest leads suggesting lvh st segments are depressed in v4 xxxx t wave are low or flat in limb leads and v5 xxxx this may be due to lv strain or ischaemia ,1,['normal_sinus_rhythm']
 sinus rhythm dropped complex due to blocked atrial premature complex otherwise normal ecg as before ,1,['normal_sinus_rhythm']
 premature ventricular contraction ( s ) sinus rhythm non - specific intraventricular delay q wave in ii iii avf consistent with old inferior myocardial infarct non - specific st and t wave change in lateral leads ,1,['normal_sinus_rhythm']
 premature atrial contraction ( s ) sinus rhythm low limb lead voltage incomplete right bundle branch block st segments are depressed in ii iii avf t wave are inverted in v2 xxxx and flat in limb leads and v5 xxxx compared with tracing of xxxx it ,1,['normal_sinus_rhythm']
 sinus arrhythmia st segments are elevated in ii avf v2 - xxxx this is probably a normal variant no definite pathology ,1,['sinus_arrhythmia']
 premature atrial contraction ( s ) sinus rhythm st segments are depressed in i ii iii avf v6 non - specific but consistent with myocardial ischaemia ,1,['normal_sinus_rhythm']
 sinus rhythm left axis deviation left anterior fascicular block right bundle branch block bifascicular block pr interval is normal t wave are flat in ii and inverted in iii avf inferior myocardial ischaemia is likely ,1,['normal_sinus_rhythm']
 sinus rhythm premature ventricular contraction ( s ) otherwise normal ecg ,2,['normal_sinus_rhythm']
 premature ventricular contraction ( s ) trigeminy sinus tachycardia otherwise no definite pathology ,1,['sinus_tachycardia']
 sinus arrhythmia minor non - specific t wave flattening in inferolateral leads ,1,['sinus_arrhythmia']
 sinus rhythm st segments are depressed in i ii avl v3 - xxxx t wave are low or flat in these leads non - specific but consistent with myocardial ischaemia and digitalis effect ,1,['normal_sinus_rhythm']
 sinus arrhythmia left axis deviation low limb lead voltage left anterior fascicular block ,1,['sinus_arrhythmia']
 sinus rhythm minor non - specific t abnormality prolonged qt this may be due to a drug effect or an electrolyte disturbance ,1,['normal_sinus_rhythm']
 sinus rhythm prolonged pr interval voltages are high in chest leads suggesting lvh st segments are depressed in i ii avl v3 - xxxx t wave are low or slightly inverted in these leads this may be due to lv strain or ischaemia ,1,['normal_sinus_rhythm']
 sinus rhythm st segments are slightly depressed in i avl t wave are inverted in i avl v3 xxxx and flat in v5 xxxx findings are likely to be due to ischaemic heart disease the age of the change is uncertain edit injas ( injas xxxx ) ,1,['normal_sinus_rhythm']
 sinus rhythm low limb lead voltage qs complex in v2 and small r wave in v3 suggesting old anteroseptal myocardial infarct st segments are depressed and t wave inverted in i ii avl v5 xxxx this may be due to lv strain or ischaemia ,1,['normal_sinus_rhythm']
 sinus arrhythmia low limb lead voltage non - specific t wave flattening in i avl v5 xxxx ,1,['sinus_arrhythmia']
 sinus rhythm left ventricular hypertrophy st segments are depressed and t wave inverted in i ii avl avf v3 - xxxx findings are likely to be due to lv strain but myocardial ischaemia cannot be excluded ,1,['normal_sinus_rhythm']
 sinus rhythm st segments are depressed in i ii avl v3 - xxxx t wave are low or flat in limb leads and v4 xxxx this may be due to lv strain or ischaemia ,1,['normal_sinus_rhythm']
 sinus rhythm st segments are slightly depressed in i avl t wave are flat in i avl v3 - xxxx this may be due to lv strain or ischaemia ,1,['normal_sinus_rhythm']
 sinus rhythm r - s transition zone in v leads displaced to the right incomplete right bundle branch block possible right ventricular hypertrophy deep but narrow q wave in i avl v2 are of uncertain significance but may be due to septal hypertrophy ,1,['normal_sinus_rhythm']
 premature atrial contraction ( s ) premature ventricular contraction ( s ) sinus rhythm left axis deviation non - specific intraventricular block qs complex in v2 xxxx st segments are elevated in v2 xxxx st segments are depressed in ii iii avf v5 xxxx consi ,1,['normal_sinus_rhythm']
 sinus rhythm old inferior infarct minor t wave flattening qt prolongation this may be due to a drug effect or an electrolyte disturbance ,1,['normal_sinus_rhythm']
 sinus rhythm deep but narrow q wave in i avl v4 xxxx may indicate septal hypertrophy otherwise normal ecg ,1,['normal_sinus_rhythm']
 premature ventricular contraction ( s ) interpolated vpb noted sinus rhythm voltages in chest leads are at upper limit st segments are depressed in ii iii avf non - specific but consistent with myocardial ischaemia ,1,['normal_sinus_rhythm']
 premature ventricular contraction ( s ) premature atrial contraction ( s ) sinus rhythm otherwise normal ecg ,2,['normal_sinus_rhythm']
 sinus rhythm st segments are depressed in i avl t wave are low or flat in i avl v6 this may be due to lv strain or ischaemia ,1,['normal_sinus_rhythm']
 sinus rhythm left atrial enlargement otherwise normal ecg ,2,['normal_sinus_rhythm']
 sinus rhythm st segments are depressed in i ii avl avf v3 - xxxx this may be due to lv strain or ischaemia edit injal schlechte qualität ( iscal ) ,1,['normal_sinus_rhythm']
 sinus rhythm st segments are depressed in i ii iii avf v3 - xxxx non - specific but consistent with myocardial ischaemia ,1,['normal_sinus_rhythm']
 sinus rhythm minor non - specific st segment depression in i ii v3 - xxxx otherwise normal ecg ,1,['normal_sinus_rhythm']
 sinus rhythm right atrial enlargement old inferior infarct cannot be excluded otherwise normal ecg ,1,['normal_sinus_rhythm']
 sinus rhythm qs complex in v2 and tiny r wave in v3 consistent with old anteroseptal myocardial infarct st segments are depressed in v5 xxxx t wave are low or flat in i v5 xxxx this may be due to lv strain or ischaemia ,1,['normal_sinus_rhythm']
 premature atrial contraction ( s ) sinus rhythm voltages are high in limb leads suggesting lvh qs complex in v2 xxxx consistent with old anteroseptal myocardial infarct st segments are depressed in i ii avl v4 xxxx t wave are low in these leads ,1,['normal_sinus_rhythm']
 sinus rhythm possible left atrial enlargement otherwise normal ecg ,7,['normal_sinus_rhythm']
 premature atrial contraction ( s ) sinus rhythm non - specific st segment depression in ii v3 - xxxx ,1,['normal_sinus_rhythm']
 premature ventricular contraction ( s ) sinus tachycardia low limb lead voltage left bundle branch block ,1,['sinus_tachycardia']
 sinus rhythm non - specific t wave flattening in i avl v4 xxxx myocardial ischaemia is likely ,1,['normal_sinus_rhythm']
 sinus rhythm minor non - specific st segment depression in i v3 - xxxx ,1,['normal_sinus_rhythm']
 premature ventricular contraction ( s ) sinus rhythm compared with tracing of xxxx there now marked t wave flattening in i avl v4 xxxx myocardial ischaemia is likely ,1,['normal_sinus_rhythm']
 sinus rhythm low voltage q wave and st segment elevation in v2 xxxx consistent with anteroseptal myocardial infarct of uncertain age if the infarct is old a ventricular aneurysm may be present ,1,['normal_sinus_rhythm']
 sinus rhythm voltages are high in limb leads suggesting lvh non - specific t wave flattening in v5 xxxx ,1,['normal_sinus_rhythm']
 sinus rhythm no definite pathology edit norm xxxx rsiii ( norm xxxx ) ,1,['normal_sinus_rhythm']
 sinus rhythm r - s transition zone in v leads displaced to the right voltages are high in limb leads suggesting lvh st segments are depressed in i ii avl v2 - xxxx t wave are flat or inverted throughout this may be due to lv strain or ischaemia suggest ,1,['normal_sinus_rhythm']
 sinus bradycardia minor non - specific st and t wave change in i avl v5 xxxx the cause of the bradycardia is not evident edit norm xxxx schweres baselinewandering ( norm xxxx ) ,1,['sinus_bradycardia']
 sinus rhythm prolonged pr interval st segments are depressed in i avl v6 t wave are inverted in i avl and low or flat in ii v5 xxxx this may be due to lv strain or ischaemia ,1,['normal_sinus_rhythm']
 sinus tachycardia low limb lead voltage t wave are flat or slightly inverted throughout findings are likely to be due to ischaemic heart disease suggest exclude hypokalaemia ,1,['sinus_tachycardia']
 sinus rhythm prolonged pr interval voltages are high in limb leads suggesting lvh left axis deviation left anterior fascicular block qs complex in v2 xxxx consistent with old anteroseptal infarct st segments are depressed in i avl v6 t wave ar ,1,['normal_sinus_rhythm']
 sinus rhythm minor non - specific st and t wave change prolonged qt this may be due to a drug effect or an electrolyte disturbance ,1,['normal_sinus_rhythm']
 premature ventricular contraction ( s ) sinus rhythm non - specific intraventricular block of lbbb type ,1,['normal_sinus_rhythm']
 sinus tachycardia tiny r wave in v2 xxxx old anteroseptal infarct cannot be excluded otherwise normal ecg ,1,['sinus_tachycardia']
 sinus rhythm voltages in limb leads are at upper limit non - specific t wave flattening in i and inversion in avl ,1,['normal_sinus_rhythm']
 sinus arrhythmia otherwise normal ecg ,15,['sinus_arrhythmia']
 sinus rhythm st segments are depressed in ii iii avf t wave are flat or slightly inverted in these leads inferior myocardial ischaemia is likely q wave in ii iii avf are narrow and probably normal but old inferior infarct cannot be entirely exc ,1,['normal_sinus_rhythm']
 interpolated premature ventricular contraction ( s ) sinus rhythm otherwise normal ecg ,1,['normal_sinus_rhythm']
 sinus rhythm non - specific st segment depression in v5 xxxx otherwise no definite pathology ,1,['normal_sinus_rhythm']
 sinus rhythm low limb lead voltage anteroseptal infarct probably old ,1,['normal_sinus_rhythm']
 sinus rhythm minor non - specific st and t wave change in i avl v4 xxxx ,1,['normal_sinus_rhythm']
 frequent premature atrial contraction ( s ) sinus tachycardia otherwise no definite pathology ,1,['sinus_tachycardia']
 sinus rhythm st segments are depressed and t wave inverted in ii iii avf v5 xxxx findings are likely to be due to ischaemic heart disease lead v3 shows gross artifact ,1,['normal_sinus_rhythm']
 sinus rhythm low limb lead voltage q wave in ii iii avf consistent with old inferior myocardial infarct ,3,['normal_sinus_rhythm']
 sinus bradycardia no definite pathology the cause of the bradycardia is not evident ,2,['sinus_bradycardia']
 sinus rhythm voltages are high in limb leads suggesting lvh st segments are depressed in i avl v5 xxxx this may be due to lv strain or ischaemia ,1,['normal_sinus_rhythm']
 sinus rhythm st segments are depressed in ii iii avf v4 xxxx this may be due to lv strain or ischaemia ,2,['normal_sinus_rhythm']
 sinus rhythm old inferior infarct compared with tracing of xxxx t wave now slightly inverted in v4 xxxx findings are likely to be due to ischaemic heart disease ,1,['normal_sinus_rhythm']
 sinus arrhythmia left axis deviation st segments are depressed in i avl v5 xxxx this may be due to lv strain or ischaemia ,1,['sinus_arrhythmia']
 sinus rhythm left ventricular hypertrophy st segments are depressed in i ii avl v3 - xxxx t wave are inverted in these leads this may be due to lv strain or ischaemia subendocardial infarct of uncertain age cannot be excluded ,1,['normal_sinus_rhythm']
 sinus rhythm qs complex in v2 and tiny r wave in v3 suggesting old anteroseptal myocardial infarct non - specific t wave flattening in i avl v4 xxxx ,1,['normal_sinus_rhythm']
 sinus tachycardia st segments are depressed in ii iii avf v4 xxxx non - specific but consistent with myocardial ischaemia ,1,['sinus_tachycardia']
 sinus rhythm possible left atrial enlargement non - specific intraventricular delay left ventricular hypertrophy st segments are depressed in v4 xxxx t wave are low in i avl v6 this may be due to lv strain or ischaemia ,1,['normal_sinus_rhythm']
 premature atrial contraction ( s ) sinus rhythm voltages are high in chest leads suggesting lvh minor non - specific st segment depression in v3 - xxxx ,1,['normal_sinus_rhythm']
 sinus rhythm pr interval is at upper limit of normal r - s transition zone in v leads displaced to the right no definite pathology ,1,['normal_sinus_rhythm']
 premature ventricular contraction ( s ) sinus rhythm low limb lead voltage q wave in ii iii avf are probably normal ,1,['normal_sinus_rhythm']
 sinus arrhythmia high v lead voltages are probably normal for age no definite pathology ,1,['sinus_arrhythmia']
 premature ventricular contraction ( s ) sinus rhythm t wave are low or flat throughout myocardial ischaemia is likely suggest exclude hypokalaemia ,1,['normal_sinus_rhythm']
 sinus rhythm st segments are depressed in i avl v2 - xxxx t wave are low or flat in these leads this may be due to lv strain or ischaemia edit plmi xxxx rao ,1,['normal_sinus_rhythm']
 premature ventricular contraction sinus arrhythmia otherwise normal ecg ,1,['sinus_arrhythmia']
 sinus rhythm t wave are flat in ii v6 and inverted in iii avf non - specific but consistent with inferolateral myocardial ischaemia the age of the change is uncertain ,1,['normal_sinus_rhythm']
 sinus rhythm st segments are depressed in i ii v4 xxxx t wave are low or flat in limb leads and v4 xxxx this may be due to lv strain or ischaemia ,1,['normal_sinus_rhythm']
 sinus rhythm incomplete right bundle branch block non - specific t wave change ,1,['normal_sinus_rhythm']
 sinus rhythm left ventricular hypertrophy st segments are depressed in ii iii avf v4 xxxx this may be due to lv strain or ischaemia ,1,['normal_sinus_rhythm']
 sinus rhythm left ventricular hypertrophy st segments are depressed in i ii avl v4 xxxx t wave are low or flat throughout findings are likely to be due to ischaemic heart disease suggest exclude hypokalaemia ,1,['normal_sinus_rhythm']
 premature ventricular contraction ( s ) sinus rhythm left axis deviation left anterior fascicular block qs complex in v2 xxxx consistent with old anteroseptal myocardial infarct ,1,['normal_sinus_rhythm']
 sinus rhythm st segments are depressed in i ii iii avf v4 xxxx non - specific but consistent with myocardial ischaemia ,1,['normal_sinus_rhythm']
 sinus rhythm prolonged pr interval q wave in ii iii avf consistent with old inferior myocardial infarct st segments are depressed and t wave low in v5 xxxx non - specific but consistent with myocardial ischaemia ,1,['normal_sinus_rhythm']
 sinus rhythm right atrial enlargement left axis deviation incomplete right bundle branch block ,1,['normal_sinus_rhythm']
 premature ventricular contraction ( s ) premature atrial contraction ( s ) sinus rhythm left atrial enlargement left axis deviation incomplete right bundle branch block ,1,['normal_sinus_rhythm']
 sinus rhythm low limb lead voltage otherwise normal ecg ,5,['normal_sinus_rhythm']
 sinus rhythm t wave show terminal inversion in v3 xxxx this is likely to be due to myocardial ischaemia and early infarct is possible suggest enzyme studies and repeat tracing edit injas xxxx diskrete veränderungen ( injas xxxx ) ,1,['normal_sinus_rhythm']
 premature atrial contraction ( s ) sinus rhythm non - specific t wave flattening in i avl v4 xxxx myocardial ischaemia is likely prolonged qt this may be due to a drug effect or an electrolyte disturbance ,1,['normal_sinus_rhythm']
 sinus rhythm borderline left axis deviation right bundle branch block possible old inferior myocardial infarct ,1,['normal_sinus_rhythm']
 sinus rhythm high v lead voltages are probably normal for age normal ecg ,2,['normal_sinus_rhythm']
 sinus tachycardia qs complex in v2 suggesting old anteroseptal infarct otherwise no definite pathology ,1,['sinus_tachycardia']
 sinus rhythm minor non - specific st segment depression in iii avf otherwise normal ecg ,1,['normal_sinus_rhythm']
 premature ventricular contraction ( s ) premature atrial contraction ( s ) sinus tachycardia voltages are high in chest leads suggesting lvh non - specific st and t wave change in inferolateral leads ,1,['sinus_tachycardia']
 premature ventricular contraction ( s ) sinus rhythm st segments are depressed in i avl v2 - xxxx t wave are inverted in i avl v4 xxxx and low or flat in v2 xxxx this may be due to lv strain or ischaemia ,1,['normal_sinus_rhythm']
 sinus tachycardia premature ventricular contraction ( s ) left atrial enlargement left axis deviation right bundle branch block old inferior infarct ,1,['sinus_tachycardia']
 sinus arrhythmia left axis deviation left anterior fascicular block ,1,['sinus_arrhythmia']
 sinus rhythm qs complex in v2 xxxx consistent with old anteroseptal myocardial infarct st segments are depressed in i avl v6 t wave are flat in i v6 and inverted in avl this may be due to lv strain or ischaemia ,1,['normal_sinus_rhythm']
 premature atrial contraction sinus rhythm otherwise normal ecg ,1,['normal_sinus_rhythm']
 sinus tachycardia left axis deviation left anterior fascicular block incomplete right bundle branch block ,1,['sinus_tachycardia']
 sinus bradycardia possible left atrial enlargement otherwise normal ecg the cause of the bradycardia is not evident ,1,['sinus_bradycardia']
 sinus rhythm prolonged pr interval incomplete right bundle branch block ,2,['normal_sinus_rhythm']
 sinus rhythm prolonged pr interval voltages are high in limb leads suggesting lvh left axis deviation left anterior fascicular block st segments are depressed in i ii avl v5 xxxx t wave are flat in these leads this may be due to lv strain or ischa ,1,['normal_sinus_rhythm']
 sinus rhythm r - s transition zone in v leads displaced to the left st segments are depressed in ii iii avf st segments are slightly elevated in v4 xxxx t wave are inverted in i avl v5 xxxx findings are likely to be due to ischaemic heart disease re ,1,['normal_sinus_rhythm']
 sinus rhythm left axis deviation non - specific intraventricular block qs complex in v2 xxxx consistent with anterior myocardial infarct probably old ,1,['normal_sinus_rhythm']
 sinus rhythm left axis deviation low limb lead voltage no definite pathology ,2,['normal_sinus_rhythm']
 premature ventricular contraction ( s ) sinus rhythm st segments are depressed in v4 xxxx this may be due to lv strain or ischaemia ,1,['normal_sinus_rhythm']
 sinus rhythm st segments are depressed in i avl t wave are inverted in i avl and flat in ii v4 xxxx rather prominent q wave in i ii avl consistent with lateral myocardial ischaemia or old infarct ,1,['normal_sinus_rhythm']
 sinus rhythm left axis deviation left anterior fascicular block st segments are depressed in i avl v5 xxxx t wave are low or inverted in these leads this may be due to lv strain or ischaemia ,1,['normal_sinus_rhythm']
 premature ventricular contraction ( s ) bigeminy sinus rhythm st segments are depressed in i ii v4 xxxx t wave are low or flat in limb leads and v4 xxxx this may be due to lv strain or ischaemia ,1,['normal_sinus_rhythm']
 sinus rhythm voltages in limb leads are at upper limit left axis deviation left anterior fascicular block ,1,['normal_sinus_rhythm']
 sinus rhythm qs complex in v2 xxxx consistent with anterior myocardial infarct of uncertain age st segments are depressed in i ii v5 xxxx t wave are low in these leads this may be due to lv strain or ischaemia ,1,['normal_sinus_rhythm']
 sinus rhythm left axis deviation left anterior fascicular block st segments are depressed in v4 xxxx t wave are flat in ii v4 xxxx and inverted in iii avf v3 findings are likely to be due to ischaemic heart disease the age of the change is un ,1,['normal_sinus_rhythm']
 sinus rhythm prolonged pr interval r - s transition zone in v leads displaced to the left voltages are high in limb leads suggesting lvh st segments are depressed in i ii avl v5 xxxx t wave are flat in these leads non - specific but consistent with myo ,1,['normal_sinus_rhythm']
 sinus rhythm q wave in v1 - v4 indicate old anteroseptal infarct small q wave in ii iii and avf suggests the damage extends to the inferior or that there has been separate inferior infarct ,1,['normal_sinus_rhythm']
 sinus rhythm prominent qrs voltages and nonspecific t flattening in lead iii these are not definite abnormality at this age but some degree of lv hypertrophy cannot be excluded ,1,['normal_sinus_rhythm']
 sinus rhythm non - specific intraventricular delay st segments are depressed in i avl v4 xxxx t wave are low in these leads this may be due to lv strain or ischaemia u wave are noted in some leads suggest exclude hypokalaemia ,1,['normal_sinus_rhythm']
 premature atrial contractions bigeminy sinus rhythm otherwise no definite pathology ,1,['normal_sinus_rhythm']
 premature atrial contraction ( s ) trigeminy sinus rhythm otherwise normal ecg ,3,['normal_sinus_rhythm']
 premature ventricular contraction ( s ) sinus rhythm prolonged pr interval right bundle branch block ,1,['normal_sinus_rhythm']
 sinus rhythm non - specific t wave flattening in i avl v4 xxxx ,2,['normal_sinus_rhythm']
 sinus rhythm prolonged pr interval left axis deviation left anterior fascicular block st segments are depressed in i avl t wave are low in i and inverted in avl this may be due to lv strain or ischaemia ,1,['normal_sinus_rhythm']
 premature atrial contraction ( s ) premature ventricular contraction ( s ) sinus rhythm r - s transition zone in v leads displaced to the right st segments are depressed in i avl v3 - xxxx t wave are flat in these leads this may be due to lv strain or ischaem ,1,['normal_sinus_rhythm']
 sinus arrhythmia voltages are high in chest leads suggesting lvh st segments are depressed in i ii v5 xxxx t wave are low or flat in limb leads and v4 xxxx myocardial ischaemia is likely prolonged qt this may be due to a drug effect or an electrol ,1,['sinus_arrhythmia']
 sinus rhythm abnormal left axis deviation left anterior fascicular block ,1,['normal_sinus_rhythm']
 sinus rhythm prolonged pr interval st segments are slightly depressed in i avl t wave arelow in i and inverted in avl this may be due to lv strain or ischaemia t wave in chest lesds have an unusual contour of uncertain significance ,1,['normal_sinus_rhythm']
 sinus rhythm low limb lead voltage non - specific t wave flattening in v3 - xxxx myocardial ischaemia is likely ,1,['normal_sinus_rhythm']
 sinus rhythm minor non - specific st and t wave change in avl otherwise normal ecg ,1,['normal_sinus_rhythm']
 premature ventricular contraction ( s ) sinus arrhythmia otherwise normal ecg ,3,['sinus_arrhythmia']
 sinus rhythm left axis deviation left anterior fascicular block minor non - specific t wave flattening in ii v3 - xxxx ,1,['normal_sinus_rhythm']
 sinus rhythm left axis deviation left anterior fascicular block incomplete right bundle branch block ,4,['normal_sinus_rhythm']
 sinus rhythm non - specific st and t change ,1,['normal_sinus_rhythm']
 regular rhythm no definite p wave found rhythm is probably junctional left anterior fascicular block right bundle branch block bifascicular block patient may be at increased risk of developing complete av block ,1,['normal_sinus_rhythm']
 sinus bradycardia possible left ventricular hypertrophy small inferior q wave noted ,1,['sinus_bradycardia']
 sinus rhythm st and t abnormality in anterolateral leads including slight st elevation in v5 and xxxx possible causes include acute ischaemia progress trace advised to exclude acute antero - lateral infarct ,1,['normal_sinus_rhythm']
 sinus rhythm old infero - posterior infarct ,1,['normal_sinus_rhythm']
 sinus rhythm borderline left axis deviation probable left ventricular hypertrophy non - specific st and t abnormality most marked in antero - lateral leads likely cause include left ventricular strain ischaemia and digoxin effect ,1,['normal_sinus_rhythm']
 sinus rhythm st and t abnormality consistant with anterior ischemia or left ventricular strain ,1,['normal_sinus_rhythm']
 sinus rhythm low limb voltage minor non - specific st and t change ,1,['normal_sinus_rhythm']
 sinus rhythm minor st and t abnormality consider ischemia or early left ventricular strain ,1,['normal_sinus_rhythm']
 sinus rhythm intravenricular conduction delay of left bundle branch block type left atrial abnormality cannot rule out antero - septal infarct ,1,['normal_sinus_rhythm']
 sinus rhythm borderline left axis deviation right bundle branch block ,3,['normal_sinus_rhythm']
 sinus rhythm borderline left atrial abnormality leftward axis right bundle branch block ,1,['normal_sinus_rhythm']
 sinus rhythm minor non specific t abnormality ,1,['normal_sinus_rhythm']
 sinus rhythm minor non - diagnostic st and t wave change ,1,['normal_sinus_rhythm']
 sinus rhythm borderline first degree av block pr interval of xxxx seconds possible old inferior infarct minor terminal intraventricular conduction delay no ecg evidence of recent ischaemia ,1,['normal_sinus_rhythm']
 sinus rhythm precordial voltages of left ventricular hypertrophy minor st change laterally consistent with early left ventricular strain ,1,['normal_sinus_rhythm']
 sinus rhythm ventricular premature complex left anterior fascicular block minor qt prolongation ,1,['normal_sinus_rhythm']
 sinus rhythm minor lateral t wave flattening normal ecg ,1,['normal_sinus_rhythm']
 sinus rhythm ventricular premature complex left atrial enlargement left anterior fascicular block minor st change consistent with digitalis effect ,1,['normal_sinus_rhythm']
 sinus rhythm poor antero - septal r progression no definite pathology ,1,['normal_sinus_rhythm']
 sinus rhythm first degree av block pr interval xxxx seconds apart from first degree block normal ecg ,1,['normal_sinus_rhythm']
 sinus rhythm old infero - posterior infarct anterior t abnormality ischaemia is a likely cause ,1,['normal_sinus_rhythm']
 sinus rhythm rate xxxx per minute ventricular premature complex slight qt prolongation no ecg evidence of ventricular hypertrophy or ischaemia ,1,['normal_sinus_rhythm']
 sinus rhythm left anterior fascicular block otherwise normal ecg ,3,['normal_sinus_rhythm']
 sinus rhythm non - specific t wave flattening in i and inversion in avl and v2 ,1,['normal_sinus_rhythm']
 premature atrial contraction ( s ) sinus rhythm non - specific t wave flattening in i avl q wave in v2 st segments are elevated in v2 xxxx anteroseptal myocardial infarct of uncertain age cannot be excluded ,1,['normal_sinus_rhythm']
 sinus tachycardia borderline left axis deviation left bundle branch block this is most commonly due to ischaemic heart disease ,1,['sinus_tachycardia']
 premature ventricular contraction ( s ) premature atrial contraction ( s ) sinus rhythm left axis deviation incomplete right bundle branch block qs complex in v2 xxxx q wave in v4 consistent with old anterior myocardial infarct ,1,['normal_sinus_rhythm']
 premature atrial contraction ( s ) sinus rhythm qs complex in v2 xxxx consistent with old anteroseptal myocardial infarct ,1,['normal_sinus_rhythm']
 premature atrial contraction ( s ) sinus rhythm low limb lead voltage no definite pathology ,1,['normal_sinus_rhythm']
 sinus rhythm incomplete right bundle branch block st and t abnormality in inferior and anterolateral leads likely causes include ischaemia ,1,['normal_sinus_rhythm']
 sinus rhythm non - specific intraventricular delay non - specific t wave flattening in i avl v5 xxxx ,1,['normal_sinus_rhythm']
 sinus rhythm voltages are high in limb leads suggesting lvh ,3,['normal_sinus_rhythm']
 sinus rhythm non - specific t wave flattening in ii v4 xxxx myocardial ischaemia is a possible cause ,1,['normal_sinus_rhythm']
 premature ventricular contraction ( s ) sinus arrhythmia left axis deviation left anterior fascicular block right bundle branch block bifascicular block pr interval is normal edit imi xxxx crbbb lafb ( imi xxxx crbbb lafb ) ,1,['sinus_arrhythmia']
 premature atrial contraction ( s ) sinus rhythm st segments are elevated in v2 - xxxx this is probably a normal variant otherwise normal ecg ,1,['normal_sinus_rhythm']
 premature atrial contraction ( s ) sinus rhythm q wave in v2 suggesting old anteroseptal myocardial infarct ,1,['normal_sinus_rhythm']
 sinus rhythm prolonged pr interval left anterior fascicular block right bundle branch block this patient has trifascicular block and may be at increased risk of developing complete av block ,1,['normal_sinus_rhythm']
 sinus rhythm left axis deviation voltages are high in limb leads suggesting lvh non - specific t wave flattening in i avl v6 poor progression of r wave in anterior chest leads old anteroseptal myocardial infarct cannot be excluded ,1,['normal_sinus_rhythm']
 premature atrial contraction ( s ) sinus rhythm low limb lead voltage non - specific t wave flattening in v5 xxxx ,1,['normal_sinus_rhythm']
 sinus rhythm non - specific t wave flattening in v3 - xxxx edit ndt ( ndt ) ,1,['normal_sinus_rhythm']
 premature ventricular contraction ( s ) premature atrial contraction ( s ) sinus tachycardia prolonged pr interval non - specific st and t wave change ,1,['sinus_tachycardia']
 sinus rhythm left axis deviation incomplete left bundle branch block non - specific st and t wave change in i avl ,2,['normal_sinus_rhythm']
 sinus rhythm t wave are inverted in avl v2 - xxxx and flat in v6 findings are likely to be due to ischaemic heart disease the age of the change is uncertain ,1,['normal_sinus_rhythm']
 sinus rhythm possible left atrial enlargement non - specific intraventricular block left ventricular hypertrophy q wave in ii iii avf st segments are depressed in i ii avl v4 xxxx t wave are inverted in v5 xxxx consistent with ischaemic heart dise ,1,['normal_sinus_rhythm']
 sinus rhythm left axis deviation left anterior fascicular block left ventricular hypertrophy st segments are depressed and t wave inverted in i avl v4 xxxx this may be due to lv strain or ischaemia q wave in v2 old anteroseptal infarct cannot ,1,['normal_sinus_rhythm']
 sinus rhythm possible left atrial enlargement otherwise no definite pathology edit lao xxxx ,1,['normal_sinus_rhythm']
 sinus rhythm left axis deviation non - specific intraventricular delay voltages are high in chest leads suggesting lvh q wave small r wave and st segment elevation in v2 xxxx suggesting anteroseptal myocardial infarct of uncertain age possibly recen edit asmi xxxx lvh xxxx isc_ sokolow xxxx ( asmi xxxx lvh xxxx isc_ lafb ) ,1,['normal_sinus_rhythm']
 sinus rhythm minor non - specific st and t wave change of doubtful significance edit norm xxxx imi nicht auszuschließen ,1,['normal_sinus_rhythm']
 premature atrial contraction ( s ) sinus rhythm left axis deviation low limb lead voltage left anterior fascicular block non - specific st and t wave change in inferolateral leads ,1,['normal_sinus_rhythm']
 sinus rhythm st segments are depressed in i avl v4 xxxx non - specific but consistent with myocardial ischaemia and digitalis effect ,2,['normal_sinus_rhythm']
 sinus rhythm st segments are depressed in i ii iii avf v4 xxxx t wave are slightly inverted in these leads findings are likely to be due to ischaemic heart disease the age of the change is uncertain ,1,['normal_sinus_rhythm']
 sinus rhythm left axis deviation left anterior fascicular block right bundle branch block bifascicular block compared with tracing of xxxx it is not significantly changed ,1,['normal_sinus_rhythm']
 sinus rhythm st segments are depressed in i ii v4 xxxx t wave are low or flat in limb leads and inverted in v4 xxxx this may be due to lv strain or ischaemia ,1,['normal_sinus_rhythm']
 sinus rhythm minor non - specific t wave change in i avl of doubtful significance ,1,['normal_sinus_rhythm']
 sinus rhythm prolonged pr interval otherwise normal ecg edit norm xxxx rsriii ( norm xxxx ) ,1,['normal_sinus_rhythm']
 sinus rhythm left axis deviation left ventricular hypertrophy q wave in i avl v2 - xxxx these are of uncertain significance but may indicate septal hypertrophy st segment elevation in v2 xxxx is of uncertain significance recent ischaemia or early infarc ,1,['normal_sinus_rhythm']
 premature atrial contractions bigeminy sinus rhythm q wave in ii iii avf suggesting old inferior myocardial infarct st segments are depressed in i ii avf v5 xxxx t wave are inverted in i avl and flat in v5 xxxx non - specific but consistent with ,1,['normal_sinus_rhythm']
 sinus rhythm left axis deviation r - s transition zone in v leads displaced to the left left anterior fascicular block st segments are depressed in i avl this may be due to lv strain or ischaemia ,1,['normal_sinus_rhythm']
 premature atrial contraction ( s ) sinus rhythm st segments are depressed and t wave inverted in i ii v4 xxxx this may be due to lv strain or ischaemia ,1,['normal_sinus_rhythm']
 sinus rhythm non - specific t wave abnormality edit norm xxxx allgemein flache t - wellen ( ndt ) ,1,['normal_sinus_rhythm']
 sinus rhythm no definite pathology edit ivcb xxxx ( ivcb ) ,1,['normal_sinus_rhythm']
 premature atrial contraction ( s ) sinus rhythm left axis deviation left anterior fascicular block left ventricular hypertrophy q wave in v2 xxxx consistent with old anteroseptal myocardial infarct st segments are depressed and t wave inverted in i ,1,['normal_sinus_rhythm']
 sinus rhythm prolonged pr interval left bundle branch block this is most commonly due to ischaemic heart disease in the presence of lbbb ischaemia is not excluded ,1,['normal_sinus_rhythm']
 sinus rhythm prolonged pr interval st segments are depressed and t wave flattened in i avl v5 xxxx this may be due to lv strain or ischaemia ,1,['normal_sinus_rhythm']
 premature ventricular contraction ( s ) sinus rhythm low limb lead voltage t wave are low or flat in i avl and slightly inverted in ii iii avf v5 xxxx non - specific but consistent with myocardial ischaemia ,1,['normal_sinus_rhythm']
 premature ventricular contraction ( s ) premature atrial contraction ( s ) sinus rhythm left axis deviation left anterior fascicular block non - specific t wave flattening in i avl v6 ,1,['normal_sinus_rhythm']
 sinus rhythm voltages are high in chest leads suggesting lvh non - specific t wave flattening in i avl some leads ( eg i v5 xxxx ) show appearances suspicious of delta wave pr interval is not short ,1,['normal_sinus_rhythm']
 sinus rhythm voltages are high in chest leads suggesting lvh minor non - specific t wave flattening in i avl v6 ,1,['normal_sinus_rhythm']
 sinus bradycardia left bundle branch block this is most commonly due to ischaemic heart disease the cause of the bradycardia is not evident ,1,['sinus_bradycardia']
 sinus rhythm q wave in ii iii avf are probably normal old inferior infarct cannot be entirely excluded minor non - specific st segment depression in v5 xxxx ,1,['normal_sinus_rhythm']
 premature atrial contraction ( s ) trigeminy sinus rhythm r - s transition zone in v leads displaced to the right left ventricular hypertrophy st segments are depressed in i avl v5 xxxx t wave are low or flat in limb leads and v5 xxxx this may be due to lv ,1,['normal_sinus_rhythm']
 sinus rhythm widespread small q wave in anterolateral and inferior leads these probably reflect ventricular septal activation and not previous infarct otherwise normal ecg ,1,['normal_sinus_rhythm']
 normal sinus arrhythmia incomplete right bundle branch block this may be found in the normal heart otherwise normal ecg edit irbbb ,1,['sinus_arrhythmia']
 premature ventricular contractions sinus rhythm left axis deviation left anterior fascicular block anterolateral t abnormality consistent with ischaemia ,1,['normal_sinus_rhythm']
 sinus bradycardia no change since xxxx normal ecg edit norm xxxx ( norm xxxx ) ,1,['sinus_bradycardia']
 sinus rhythm q wave in xxxx 3and avf consistent with inferior infarct of undetermined age non - specific st and t wave change ,1,['normal_sinus_rhythm']
 sinus rhythm st segments are depressed in i avl v5 xxxx t wave are inverted in ii iii avf v6 non - specific but consistent with myocardial ischaemia ,1,['normal_sinus_rhythm']
 sinus rhythm prolonged pr interval st segments are depressed in i avl v5 xxxx t wave are low or flat throughout findings are likely to be due to ischaemic heart disease and digitalis effect suggest exclude hypokalaemia ,1,['normal_sinus_rhythm']
 sinus rhythm prolonged pr interval q wave in ii iii avf t wave are flat in i avl v5 xxxx and inverted in ii iii avf consistent with ischaemic heart disease with old inferior myocardial infarct ,1,['normal_sinus_rhythm']
 sinus rhythm incomplete right bundle branch block no definite pathology ,2,['normal_sinus_rhythm']
 sinus rhythm normal ecg edit norm xxxx knotungiii ( norm xxxx ) ,1,['normal_sinus_rhythm']
 sinus rhythm possible left atrial enlargement non - specific intraventricular block non - specific st and t wave change in inferolateral leads ,1,['normal_sinus_rhythm']
 premature ventricular contraction ( s ) sinus rhythm otherwise normal ecg edit norm xxxx qriii negtiii ( m xxxx ) ( norm xxxx ) ,1,['normal_sinus_rhythm']
 sinus rhythm no definite pathology edit ivcb ( norm xxxx ivcb ) ,1,['normal_sinus_rhythm']
 sinus rhythm prolonged pr interval st segments are depressed in i ii iii avf v2 - xxxx t wave are low or biphasic in these leads findings are likely to be due to ischaemic heart disease and digitalis effect in view of first degree av block holter mo ,1,['normal_sinus_rhythm']
 sinus rhythm right atrial enlargement borderline left axis deviation left ventricular hypertrophy st segments are depressed in v5 xxxx t wave are inverted in i avl v4 xxxx this may be due to lv strain or ischaemia qs complex in v2 and tiny r wave ,1,['normal_sinus_rhythm']
 sinus rhythm normal ecg acute pericarditis would be unlikely in the absence of tachycardia ,1,['normal_sinus_rhythm']
 sinus rhythm left axis deviation left anterior fascicular block right bundle branch block bifascicular block pr interval is normal voltages are high in limb leads suggesting lvh non - specific st and t wave change in inferolateral leads ,1,['normal_sinus_rhythm']
 sinus bradycardia st segments are depressed in i avl v5 xxxx t wave are low in these leads this may be due to lv strain or ischaemia the cause of the bradycardia is not evident ,1,['sinus_bradycardia']
 sinus rhythm left axis deviation left anterior fascicular block right bundle branch block bifascicular block st elevation v2 - xxxx cant exclude recent damage progress trace advised to rule out recent infarct ,1,['normal_sinus_rhythm']
 sinus rhythm qs complex in v2 xxxx consistent with old anteroseptal myocardial infarct st segments are depressed in i avl v5 xxxx this may be due to lv strain or ischaemia ,1,['normal_sinus_rhythm']
 sinus rhythm possible left atrial enlargement left axis deviation left anterior fascicular block incomplete right bundle branch block lead v5 shows artifact ,1,['normal_sinus_rhythm']
 premature atrial contraction ( s ) sinus rhythm possible left atrial enlargement voltages are high in chest leads suggesting lvh st segments are depressed in i avl v6 t wave are low in these leads this may be due to lv strain or ischaemia qs comple ,1,['normal_sinus_rhythm']
 sinus rhythm voltages in chest leads are at upper limit non - specific t wave flattening in i avl ,1,['normal_sinus_rhythm']
 sinus rhythm st segments are depressed in i avl t wave are low or flat in i ii avl v5 xxxx this may be due to lv strain or ischaemia ,1,['normal_sinus_rhythm']
 sinus rhythm low limb lead voltage non - specific t wave flattening in v4 xxxx ,1,['normal_sinus_rhythm']
 sinus rhythm left axis deviation left anterior fascicular block old anteroseptal myocardial infarct possible old inferior myocardial infarct non - specific st and t wave change in i avl tracing is similar to that of xxxx ,1,['normal_sinus_rhythm']
 sinus rhythm left axis deviation left anterior fascicular block qs complex in v2 and tiny r wave in v3 this is probably normal but old anteroseptal infarct cannot be entirely excluded ,1,['normal_sinus_rhythm']
 sinus rhythm left axis deviation st segments are depressed in i avl t wave are inverted in avl v2 - xxxx and flat in i v6 poor progression of r wave in anterior chest leads consistent with ischaemic heart disease with probable old anterior myocardial ,1,['normal_sinus_rhythm']
 sinus rhythm left axis deviation left anterior fascicular block qs complex in v2 xxxx consistent with old anteroseptal myocardial infarct t wave are flat in limb leads and v6 this may be due to lv strain or ischaemia ,1,['normal_sinus_rhythm']
 sinus rhythm st change v2 - v4 pattern of benign early repolarisation borderline left ventricular hypertrophy ,1,['normal_sinus_rhythm']
 sinus bradycardia compared with tracings of xxxx and xxxx it is very similar to the latter but there now bradycardia the t wave change persist edit injas injal ( injas xxxx injal xxxx ivcb ) ,1,['sinus_bradycardia']
 sinus tachycardia low voltage complex non - specific t wave change in v2 xxxx these suggest ischaemia or right ventricular strain ,1,['sinus_tachycardia']
 sinus rhythm t wave are inverted in ii iii avf t wave are low or flat in v5 xxxx non - specific but consistent with myocardial ischaemia the age of the change is uncertain ,1,['normal_sinus_rhythm']
 sinus bradycardia premature atrial contraction ( s ) right bundle branch block the cause of the bradycardia is not evident ,1,['sinus_bradycardia']
 sinus tachycardia left atrial enlargement st segments are depressed and t wave inverted in i avl v5 xxxx this may be due to lv strain or ischaemia ,1,['sinus_tachycardia']
 sinus rhythm right superior axis deviation left anterior fascicular block right bundle branch block bifascicular block pr interval is normal ,1,['normal_sinus_rhythm']
 sinus rhythm left axis deviation incomplete right bundle branch block ,3,['normal_sinus_rhythm']
 premature ventricular contraction ( s ) sinus rhythm tiny r wave in v2 xxxx suggesting old anteroseptal infarct ,1,['normal_sinus_rhythm']
 sinus tachycardia non - specific terminal t wave inversion in v2 xxxx myocardial ischaemia is a possible cause prolonged qt this may be due to a drug effect or an electrolyte disturbance ,1,['sinus_tachycardia']
 sinus rhythm voltages are high in chest leads suggesting lvh st segments are depressed in ii iii avf v6 t wave are low or flat in limb leads and v5 xxxx non - specific but consistent with myocardial ischaemia ,1,['normal_sinus_rhythm']
 sinus bradycardia otherwise normal ecg the bradycardia may be physiological edit norm xxxx irbbb xxxx norm xxxx % bbb xxxx % ( norm xxxx irbbb xxxx ) ,1,['sinus_bradycardia']
 sinus rhythm compared with tracing of xxxx t wave now low or flat rather than inverted in v4 xxxx findings are likely to be due to ischaemic heart disease ,1,['normal_sinus_rhythm']
 sinus rhythm left axis deviation non - specific intraventricular block non - specific st and t wave change ,2,['normal_sinus_rhythm']
 sinus rhythm st segments are depressed in i avl v4 xxxx st segments are elevated in v2 xxxx t wave are inverted in i avl v2 - xxxx qs complex in v2 and tiny r wave in v3 consistent with ischaemic heart disease with anteroseptal myocardial infarct of ,1,['normal_sinus_rhythm']
 sinus rhythm voltages are high in limb leads suggesting lvh q wave in ii iii avf consistent with old inferior myocardial infarct ,2,['normal_sinus_rhythm']
 sinus rhythm left ventricular hypertrophy deep but narrow q wave in i avl v5 xxxx may indicate septal hypertrophy suggest cardiological review ,1,['normal_sinus_rhythm']
 sinus rhythm possible left atrial enlargement t wave are low or flat in limb leads and v5 xxxx non - specific but consistent with myocardial ischaemia ,1,['normal_sinus_rhythm']
 premature ventricular contraction ( s ) sinus rhythm left axis deviation incomplete right bundle branch block ,1,['normal_sinus_rhythm']
 premature atrial contraction ( s ) sinus rhythm borderline left axis deviation otherwise normal ecg ,1,['normal_sinus_rhythm']
 sinus rhythm st segments are slightly depressed in ii iii avf t wave are low or flat in ii avf and inverted in iii non - specific but consistent with myocardial ischaemia ,1,['normal_sinus_rhythm']
 sinus rhythm t wave are flat in i v5 xxxx and inverted in avl non - specific but consistent with myocardial ischaemia ,1,['normal_sinus_rhythm']
 sinus rhythm small inferior q wave noted otherwise normal conclusion no definite pathology ,1,['normal_sinus_rhythm']
 sinus rhythm incomplete left bundle branch block non - specific st and t wave change ,1,['normal_sinus_rhythm']
 sinus rhythm voltages are high in limb leads suggesting lvh old inferior myocardial infarct cannot be excluded ,1,['normal_sinus_rhythm']
 sinus arrhythmia non - specific intraventricular delay left ventricular hypertrophy st segments are slightly depressed in i ii v5 xxxx this may be due to lv strain or ischaemia ,1,['sinus_arrhythmia']
 sinus arrhythmia incomplete right bundle branch block otherwise normal ecg edit norm xxxx irbbb ( norm xxxx irbbb ) ,2,['sinus_arrhythmia']
 sinus bradycardia p wave are inconspicuous t wave are flat in i avl v5 xxxx myocardial ischaemia is likely the cause of the bradycardia is not evident ,1,['sinus_bradycardia']
 sinus rhythm possible old inferior infarct minor non - specific t wave flattening in i and inversion in avl ,1,['normal_sinus_rhythm']
 sinus tachycardia left atrial enlargement qs complex in v2 and tiny r wave in v3 t wave are inverted in i ii v3 - xxxx consistent with ischaemic heart disease with antero - septal myocardial infarct probably old ,1,['sinus_tachycardia']
 sinus rhythm prolonged pr interval left axis deviation non - specific intraventricular block ,2,['normal_sinus_rhythm']
 sinus rhythm non - specific t wave flattening in ii avf and inversion in iii this may be due to inferior myocardial ischaemia ,1,['normal_sinus_rhythm']
 sinus rhythm voltages are high in chest leads suggesting lvh non - specific t wave inversion in v2 ,1,['normal_sinus_rhythm']
 sinus rhythm minor non - specific t wave flattening in v4 xxxx ,2,['normal_sinus_rhythm']
 sinus rhythm prolonged pr interval left axis deviation voltages are high in limb leads suggesting lvh ,1,['normal_sinus_rhythm']
 premature ventricular contraction ( s ) sinus rhythm st segments are depressed in i avl t wave are low in i and inverted in avl this may be due to lv strain or ischaemia ,1,['normal_sinus_rhythm']
 sinus rhythm voltages are high in limb leads suggesting lvh minor non - specific t wave flattening in v6 ,1,['normal_sinus_rhythm']
 sinus rhythm left axis deviation incomplete right bundle branch block voltages are high in limb leads suggesting lvh ,1,['normal_sinus_rhythm']
 sinus rhythm left axis deviation left anterior fascicular block voltages are high in limb leads suggesting lvh st segments are depressed and t wave flat in i avl this may be due to lv strain or ischaemia ,1,['normal_sinus_rhythm']
 sinus rhythm t wave are inverted in avl v3 xxxx t wave are low or flat in i v5 xxxx findings are likely to be due to ischaemic heart disease the age of the change is uncertain in view of recent chest pain suggest repeat ,1,['normal_sinus_rhythm']
 sinus rhythm qs complex in v2 suggesting old anteroseptal myocardial infarct edit asmi xxxx alter infarkt wahrscheinlich ( asmi xxxx ) ,1,['normal_sinus_rhythm']
 premature ventricular contraction ( s ) sinus rhythm prolonged pr interval q wave in v2 suggesting old anteroseptal infarct possible old inferior myocardial infarct ,1,['normal_sinus_rhythm']
 sinus rhythm incomplete right bundle branch block non - specific t wave inversion in v2 xxxx ,2,['normal_sinus_rhythm']
 sinus rhythm left axis deviation probable left anterior fascicular block ,1,['normal_sinus_rhythm']
 sinus rhythm compared with tracing of xxxx it is very similar but t wave now upright in v3 the slightly changed pattern suggests a recent ischaemic episode with or without actual infarct edit injas ( injas ) ,1,['normal_sinus_rhythm']
 sinus rhythm st segments are depressed in i avl v3 - xxxx t wave are low or flat in i avl v5 xxxx this may be due to lv strain or ischaemia compared with tracing of xxxx rhythm was previously atrial fibrillation st and t wave change now less mar ,1,['normal_sinus_rhythm']
 sinus rhythm t wave are low or flat in i avl v4 xxxx myocardial ischaemia is a possible cause ,1,['normal_sinus_rhythm']
 premature atrial contraction ( s ) sinus rhythm st segments are depressed in i ii avl avf v3 - xxxx t wave are inverted in i avl and low or flat in v4 xxxx this may be due to lv strain or ischaemia ,1,['normal_sinus_rhythm']
 premature ventricular contraction ( s ) sinus rhythm t wave are flat in limb leads and inverted in v4 xxxx findings are likely to be due to ischaemic heart disease the age of the change is uncertain ,1,['normal_sinus_rhythm']
 sinus rhythm left axis deviation left ventricular hypertrophy st segments are depressed and t wave inverted in i avl v5 xxxx this may be due to lv strain or ischaemia leads v3 xxxx show gross artifact ,1,['normal_sinus_rhythm']
 sinus rhythm q wave in ii iii avf old inferior infarct cannot be excluded edit imi xxxx ( imi xxxx ) ,1,['normal_sinus_rhythm']
 premature atrial contraction ( s ) sinus rhythm t wave are low or flat throughout myocardial ischaemia is likely suggest exclude hypokalaemia ,1,['normal_sinus_rhythm']
 sinus rhythm non - specific t wave flattening in v6 ,3,['normal_sinus_rhythm']
 sinus rhythm q wave in ii iii avf old inferior infarct cannot be excluded q wave in v2 xxxx st segments are elevated and t wave inverted in v2 - xxxx consistent with anterior myocardial infarct which appears recent ,1,['normal_sinus_rhythm']
 sinus bradycardia prolonged pr interval otherwise normal ecg the cause of the bradycardia is not evident ,1,['sinus_bradycardia']
 sinus rhythm qs complex in v2 suggesting old anteroseptal myocardial infarct ,1,['normal_sinus_rhythm']
 premature atrial contraction ( s ) trigeminy sinus rhythm voltages are high in limb leads suggesting lvh ,1,['normal_sinus_rhythm']
 sinus rhythm st segments are depressed and t wave inverted in i avl v4 xxxx this may be due to lv strain or ischaemia ,1,['normal_sinus_rhythm']
 sinus rhythm low limb lead voltage t wave are flat in i v5 xxxx and inverted in avl non - specific but consistent with myocardial ischaemia ,1,['normal_sinus_rhythm']
 sinus rhythm probable old inferior myocardial infarct qs complex in v2 xxxx st segments are elevated in v2 xxxx t wave are inverted in i avl v2 - xxxx consistent with ischaemic heart disease with anterior myocardial infarct of uncertain age possib ,1,['normal_sinus_rhythm']
 sinus rhythm st segments are slightly depressed in i avl v5 xxxx t wave are flat in i and inverted in avl this may be due to lv strain or ischaemia ,1,['normal_sinus_rhythm']
 sinus rhythm compared with tracing of xxxx st segment elevation in v2 xxxx is less marked t wave inversion is generally less pronounced the changing pattern suggests a recent ischaemic episode with possible anterior infarct ,1,['normal_sinus_rhythm']
 sinus rhythm left ventricular hypertrophy st segments are depressed in i ii avl v5 xxxx t wave are inverted in i avl v5 xxxx and flat in ii v4 this may be due to lv strain or ischaemia q wave and tiny r wave in v2 an old anteroseptal infarct cannot ,1,['normal_sinus_rhythm']
 sinus rhythm left axis deviation left anterior fascicular block right bundle branch block bifascicular block pr interval is at about upper limit of normal so that patient is verging on trifascicular block and may be at increased risk of developing c ,1,['normal_sinus_rhythm']
 premature ventricular contraction ( s ) sinus tachycardia st segments are depressed in i ii avl v3 - xxxx t wave are flat in limb leads and v4 xxxx this may be due to lv strain or ischaemia ,1,['sinus_tachycardia']
 premature atrial contraction ( s ) sinus rhythm voltages are high in chest leads suggesting lvh ,1,['normal_sinus_rhythm']
 sinus rhythm t wave are inverted in v2 xxxx and flat in v5 xxxx findings are likely to be due to ischaemic heart disease slight st segment elevation in v2 xxxx recent anteroseptal damage cannot be excluded ,1,['normal_sinus_rhythm']
 premature atrial contraction ( s ) sinus rhythm right bundle branch block ,5,['normal_sinus_rhythm']
 premature atrial contraction ( s ) sinus tachycardia left axis deviation left anterior fascicular block compared with tracing of xxxx st segment elevation in i avl v2 xxxx is more marked consistent with recent anterior myocardial infarct ,1,['sinus_tachycardia']
 sinus rhythm voltages in limb leads are at upper limit st segments are slightly depressed in i avl v5 xxxx this may be due to lv strain or ischaemia ,1,['normal_sinus_rhythm']
 sinus rhythm st segments are depressed in v2 xxxx t wave are inverted in ii iii avf v2 - xxxx findings are likely to be due to ischaemic heart disease they may represent subendocardial infarct of uncertain age ,1,['normal_sinus_rhythm']
 sinus rhythm t wave are inverted in i avl and flat in v5 xxxx this may be due to lv strain or ischaemia ,1,['normal_sinus_rhythm']
 sinus rhythm possible left atrial enlargement low limb lead voltage left bundle branch block this is most commonly due to ischaemic heart disease ,1,['normal_sinus_rhythm']
 premature ventricular contraction ( s ) sinus tachycardia left axis deviation left anterior fascicular block incomplete right bundle branch block ,1,['sinus_tachycardia']
 sinus rhythm normal ecg compared with tracing of xxxx the pr interval now normal and definite delta wave are not seen w - p - w conduction can be intermittent ,1,['normal_sinus_rhythm']
 sinus tachycardia left axis deviation left anterior fascicular block incomplete right bundle branch block no definite evidence to suggest recent ischaemia ,1,['sinus_tachycardia']
 sinus rhythm minor non - specific st segment depression in ii iii avf v4 xxxx myocardial ischaemia cannot be excluded ,1,['normal_sinus_rhythm']
 premature ventricular contraction ( s ) sinus tachycardia compared with tracing of xxxx rhythm was previously atrial fibrillation st and t wave change persist in inferior and lateral leads ,1,['sinus_tachycardia']
 premature ventricular contraction ( s ) premature atrial contraction ( s ) sinus rhythm left axis deviation incomplete right bundle branch block q wave in v3 xxxx consistent with old anterior myocardial infarct possible old inferior myocardial infarcti ,1,['normal_sinus_rhythm']
 sinus rhythm t wave are low or flat in i v5 xxxx and show terminal inversion in v3 xxxx this may be due to lv strain or ischaemia slightly prolonged qt this may be due to a drug effect or an electrolyte disturbance ,1,['normal_sinus_rhythm']
 sinus rhythm qs complex in v2 xxxx st segments are elevated in v2 xxxx t wave are inverted in i avl v4 xxxx consistent with ischaemic heart disease with anterior myocardial infarct probably old persistent st segment elevation may indicate a ven ,1,['normal_sinus_rhythm']
 sinus rhythm st segments are depressed in i ii avl v5 xxxx non - specific but consistent with myocardial ischaemia ,1,['normal_sinus_rhythm']
 sinus rhythm left axis deviation left anterior fascicular block right bundle branch block bifascicular block voltages are high in limb leads suggesting lvh pr interval is normal ,1,['normal_sinus_rhythm']
 sinus rhythm qs complex in v2 xxxx q wave in i avl v5 xxxx st segments are elevated in v2 - xxxx consistent with anterior and lateral myocardial infarct probably old persistent st segment elevation may indicate a ventricular aneurysm ,1,['normal_sinus_rhythm']
 sinus arrhythmia normal ecg edit norm ,2,['sinus_arrhythmia']
 sinus rhythm normal ecg edit norm xxxx qsiii ( norm xxxx ) ,1,['normal_sinus_rhythm']
 sinus rhythm normal ecg edit norm ( norm xxxx ivcb ) ,1,['normal_sinus_rhythm']
 sinus bradycardia compared with submitted tracing dated xxxx t wave were previously inverted in v2 xxxx now they are inverted in v2 and flat in v3 xxxx the slightly changed pattern suggests recent ischaemia ,1,['sinus_bradycardia']
 sinus rhythm incomplete right bundle branch block non - specific t wave flattening in i and slight inversion in avl ,1,['normal_sinus_rhythm']
 sinus rhythm st segments are depressed in i ii iii avf v5 xxxx t wave are low or flat in these leads this may be due to lv strain or ischaemia ,1,['normal_sinus_rhythm']
 sinus rhythm possible left atrial enlargement voltages are high in chest leads suggesting lvh edit norm xxxx ( norm xxxx ) ,1,['normal_sinus_rhythm']
 sinus rhythm normal ecg on standing the heart rate rose to xxxx - min but the tracing was unchanged ,1,['normal_sinus_rhythm']
 sinus rhythm minor non - specific t wave flattening in chest leads ,3,['normal_sinus_rhythm']
 sinus tachycardia right atrial enlargement otherwise normal ecg edit rao tachykardie alter fehlt ,1,['sinus_tachycardia']
 sinus tachycardia frequent premature atrial contraction ( s ) incomplete right bundle branch block left ventricular hypertrophy non - specific st and t wave change ,1,['sinus_tachycardia']
 sinus rhythm normal ecg in particular qt interval is normal ,2,['normal_sinus_rhythm']
 premature atrial contraction ( s ) sinus tachycardia q wave in ii iii avf v4 xxxx st segments are elevated in these leads st segments are depressed in i avl consistent with inferolateral myocardial infarct which appears recent ,1,['sinus_tachycardia']
 sinus rhythm premature atrial contraction ( s ) voltages are high in chest leads suggesting lvh ,1,['normal_sinus_rhythm']
 sinus rhythm premature atrial contraction ( s ) bigeminy non - specific intraventricular delay voltages are high in chest leads suggesting lvh st segments are depressed in i ii v4 xxxx t wave are inverted in i ii avl v3 and deeply so in v4 xxxx f ,1,['normal_sinus_rhythm']
 sinus rhythm minor non - specific t wave flattening in i avl edit norm ( ndt ) ,1,['normal_sinus_rhythm']
 sinus rhythm normal ecg edit norm mini qiii tneg iii ( norm xxxx ) ,1,['normal_sinus_rhythm']
 sinus rhythm grossly prolonged pr interval r - s transition zone in v leads displaced to the left non - specific t wave change in i avl v5 xxxx ,1,['normal_sinus_rhythm']
 premature atrial contraction ( s ) sinus rhythm r - s transition zone in v leads displaced to the right left ventricular hypertrophy non - specific st segment depression in v4 xxxx this may be due to lv strain or ischaemia ,1,['normal_sinus_rhythm']
 sinus rhythm q wave in ii iii avf suggesting old inferior myocardial infarct st segments are depressed in i avl v3 xxxx t wave are inverted in v2 xxxx findings are likely to be due to ischaemic heart disease the age of the change is unc ,1,['normal_sinus_rhythm']
 sinus rhythm probable old anteroseptal infarct ,1,['normal_sinus_rhythm']
 premature atrial contraction ( s ) sinus rhythm prolonged pr interval left ventricular hypertrophy ,1,['normal_sinus_rhythm']
 regular rhythm no p wave found rhythm is probably junctional but sinus rhythm is not excluded non - specific t wave flattening in i avl v6 t wave have a somewhat bifid appearance in v2 - xxxx this is of uncertain significance ,1,['normal_sinus_rhythm']
 sinus rhythm qs complex in v2 xxxx consistent with old anteroseptal myocardial infarct st segments are depressed in ii v5 xxxx t wave are flat or slightly inverted in limb leads and v4 xxxx this may be due to lv strain or ischaemia ,1,['normal_sinus_rhythm']
 premature atrial contraction ( s ) sinus rhythm borderline left axis deviation no definite pathology ,1,['normal_sinus_rhythm']
 sinus rhythm minor non - specific st segment depression in v4 xxxx otherwise normal ecg ,3,['normal_sinus_rhythm']
 sinus rhythm prolonged pr interval minor non - specific st segment depression in v4 xxxx ,1,['normal_sinus_rhythm']
 sinus rhythm left axis deviation left anterior fascicular block qs complex in v2 xxxx st segments are elevated in v2 xxxx t wave are inverted in ii iii avf v4 xxxx consistent with ischaemic heart disease with anterior myocardial infarct probabl ,1,['normal_sinus_rhythm']
 sinus rhythm voltages are high in chest leads suggesting lvh minor non - specific st and t wave change in inferolateral leads ,1,['normal_sinus_rhythm']
 premature atrial contraction ( s ) sinus rhythm prolonged pr interval left ventricular hypertrophy st segments are depressed in v4 xxxx t wave are flat in i v4 and inverted in avl v5 xxxx this may be due to lv strain or ischaemia ,1,['normal_sinus_rhythm']
 sinus rhythm prolonged pr interval left axis deviation left anterior fascicular block non - specific intraventricular block q wave in v2 xxxx consistent with old anterior myocardial infarct patient may be at increased risk of developing complete ,1,['normal_sinus_rhythm']
 sinus rhythm voltages in limb leads are at upper limit non - specific t wave flattening in i avl v6 ,1,['normal_sinus_rhythm']
 sinus rhythm non - specific st and t wave change in inferolateral leads myocardial ischaemia is likely ,1,['normal_sinus_rhythm']
 sinus tachycardia prolonged pr interval otherwise no definite pathology ,1,['sinus_tachycardia']
 sinus rhythm leftward axis otherwise normal ecg ,3,['normal_sinus_rhythm']
 premature atrial contraction ( s ) sinus rhythm left axis deviation non - specific intraventricular block left ventricular hypertrophy anteroseptal infarct of uncertain age recent infarct cannot be excluded ,1,['normal_sinus_rhythm']
 premature ventricular contraction ( s ) sinus rhythm prolonged pr interval left axis deviation left anterior fascicular block right bundle branch block patient has trifascicular block and may be at increased risk of developing complete av block po ,1,['normal_sinus_rhythm']
 sinus rhythm premature atrial contractions bigeminy compared with tracing of xxxx previously there were premature atrial contraction ( s ) there now slight st segment depression in i ii avl and t wave flattening in v6 myocardial ischaemia i ,1,['normal_sinus_rhythm']
 sinus rhythm q wave in ii iii avf consistent with old inferior myocardial infarct non - specific t wave flattening in i ii v6 ,1,['normal_sinus_rhythm']
 premature atrial contraction ( s ) sinus rhythm qs complex in v2 q wave in v3 t wave are inverted in i avl v2 xxxx and flat in v4 xxxx consistent with ischaemic heart disease with old anteroseptal myocardial infarct ,1,['normal_sinus_rhythm']
 sinus rhythm t wave are low or flat in limb leads and inverted in v3 - xxxx findings are likely to be due to ischaemic heart disease the age of the change is uncertain prolonged qt this may be due to a drug effect or an electrolyte disturbance ,1,['normal_sinus_rhythm']
 premature atrial contraction ( s ) sinus rhythm voltages are high in limb leads suggesting lvh otherwise normal ecg ,3,['normal_sinus_rhythm']
 sinus rhythm qs complex in v2 and tiny r wave in v3 suggesting old anteroseptal infarct ,1,['normal_sinus_rhythm']
 premature atrial contraction ( s ) sinus rhythm non - specific intraventricular delay q wave in v2 suggesting anteroseptal infarct probably old t wave are low or flat in i v5 xxxx and inverted in avl non - specific but consistent with myocardial ischaem ,1,['normal_sinus_rhythm']
 premature atrial contraction ( s ) sinus rhythm incomplete right bundle branch block otherwise normal ecg ,3,['normal_sinus_rhythm']
 sinus rhythm left axis deviation r - s transition zone in v leads displaced to the left left anterior fascicular block ,3,['normal_sinus_rhythm']
 sinus rhythm premature ventricular contraction ( s ) low limb lead voltage q wave in ii iii avf consistent with old inferior myocardial infarct ,1,['normal_sinus_rhythm']
 premature atrial contraction ( s ) sinus rhythm borderline left axis deviation left bundle branch block this is most commonly due to ischaemic heart disease ,1,['normal_sinus_rhythm']
 premature ventricular contraction ( s ) sinus arrhythmia minor non - specific st segment depression in i ii v4 xxxx ,1,['sinus_arrhythmia']
 sinus rhythm minor terminal conduction delay otherwise normal ecg ,1,['normal_sinus_rhythm']
 sinus tachycardia rightward axis q wave in i avl suggest old lateral infarct ,1,['sinus_tachycardia']
 sinus rhythm slightly prolonged qt this may be due to a drug effect or an electrolyte disturbance otherwise normal ecg ,2,['normal_sinus_rhythm']
 sinus rhythm borderline left axis deviation st segments are slightly depressed in i v6 t wave are low or flat in ii v4 xxxx non - specific but consistent with myocardial ischaemia prolonged qt this may be due to a drug effect or an electrolyte di ,1,['normal_sinus_rhythm']
 sinus rhythm prolonged pr interval voltages are high in limb leads suggesting lvh left axis deviation left anterior fascicular block st segments are depressed in i avl v3 - xxxx t wave are inverted in i avl and flat in v4 xxxx this may be due to lv s ,1,['normal_sinus_rhythm']
 sinus rhythm normal ecg q wave in inferior leads are certainly normal ,1,['normal_sinus_rhythm']
 sinus bradycardia the bradycardia may be due to beta - blocker therapy voltages are high in chest leads suggesting lvh st segments are depressed in i avl v4 xxxx this may be due to lv strain or ischaemia ,1,['sinus_bradycardia']
 sinus rhythm prolonged pr interval qs complex in v2 xxxx consistent with old anterior myocardial infarct ,1,['normal_sinus_rhythm']
 sinus rhythm normal ecg leads v5 xxxx show gross artifact ,1,['normal_sinus_rhythm']
 sinus rhythm pr interval upper limits normal normal ecg ,1,['normal_sinus_rhythm']
 sinus rhythm non - specific st and t wave change in v2 and v3 ,1,['normal_sinus_rhythm']
 sinus rhythm possible left ventricular hypertrophy probable old inferior myocardial infarct ,1,['normal_sinus_rhythm']
 sinus rhythm q wave in ii iii avf t wave are flat in ii and inverted in iii avf v3 - xxxx consistent with ischaemic heart disease with old inferior myocardial infarct ,1,['normal_sinus_rhythm']
 sinus rhythm st segments are depressed in i avl t wave are inverted in v2 xxxx and flat in ii iii avf v5 xxxx findings are likely to be due to ischaemic heart disease the age of the change is uncertain ,1,['normal_sinus_rhythm']
 sinus tachycardia q wave in v2 xxxx consistent with old anteroseptal myocardial infarct st segments are depressed in i ii avl t wave are low or flat in limb leads and v4 xxxx findings are likely to be due to ischaemic heart disease ,1,['sinus_tachycardia']
 sinus bradycardia t wave are slightly inverted in ii iii avf v6 and flat in i avl non - specific but consistent with myocardial ischaemia ,1,['sinus_bradycardia']
 premature ventricular contraction ( s ) sinus rhythm low limb lead voltage otherwise normal ecg ,3,['normal_sinus_rhythm']
 sinus rhythm minor non - specific t wave flattening in avl v5 xxxx ,1,['normal_sinus_rhythm']
 sinus rhythm non - specific intraventricular delay voltages are high in chest leads suggesting lvh ,1,['normal_sinus_rhythm']
 premature ventricular contraction ( s ) sinus rhythm voltages are high in chest leads suggesting lvh st segments are depressed in avl v4 xxxx t wave are low or flat in i ii avl v4 xxxx this may be due to lv strain or ischaemia prolonged qt this may ,1,['normal_sinus_rhythm']
 sinus rhythm non - specific intraventricular block probable left ventricular hypertrophy non - specific st and t wave change ,1,['normal_sinus_rhythm']
 sinus rhythm premature ventricular contraction ( s ) left ventricular hypertrophy non - specific t wave flattening in i avl there is gross skeletal muscle artifact ,1,['normal_sinus_rhythm']
 sinus bradycardia non - specific intraventricular delay st segments are depressed in i avl v4 xxxx t wave are flat in i v4 xxxx this may be due to lv strain or ischaemia the cause of the bradycardia is not evident ,1,['sinus_bradycardia']
 sinus rhythm voltages are high in limb leads suggesting lvh st segments are depressed in i avl v3 - xxxx t wave are inverted in v2 - xxxx and flat in i avl change may be due to anterior and lateral myocardial ischaemia or subendocardial infarct of uncer ,1,['normal_sinus_rhythm']
 sinus rhythm t wave are inverted in iii avf and show terminal inversion in ii v4 xxxx q wave in iii avf consistent with inferolateral myocardial ischaemia or infarct of uncertain age possibly recent ,1,['normal_sinus_rhythm']
 sinus rhythm q wave in ii iii avf possible old inferior myocardial infarct otherwise normal ecg ,1,['normal_sinus_rhythm']
 sinus rhythm non - specific t wave flattening in ii iii avf v6 ,1,['normal_sinus_rhythm']
 sinus rhythm minor non - specific t wave inversion in v2 otherwise normal ecg ,1,['normal_sinus_rhythm']
 sinus rhythm compared with tracing of xxxx there now more definite t wave inversion in ii iii avf v3 - xxxx this may be due to recent ischaemia or infarct it is difficult to determine whether any of the change are old ,1,['normal_sinus_rhythm']
 premature atrial contraction ( s ) sinus rhythm left axis deviation left anterior fascicular block st segments are depressed in i avl t wave are low in these leads this may be due to lv strain or ischaemia q wave in v2 old anteroseptal infarct can ,1,['normal_sinus_rhythm']
 sinus rhythm r - s transition zone in v leads displaced to the right incomplete right bundle branch block t wave are generally low prolonged qt suggest exclude hypokalaemia ,1,['normal_sinus_rhythm']
 sinus rhythm left axis deviation r - s transition zone in v leads displaced to the left left anterior fascicular block non - specific t wave flattening in v3 - xxxx myocardial ischaemia is likely ,1,['normal_sinus_rhythm']
 premature atrial contraction ( s ) bigeminy sinus rhythm left axis deviation possible old inferior infarct ,1,['normal_sinus_rhythm']
 sinus rhythm left ventricular hypertrophy left axis deviation left anterior fascicular block st segments are depressed and t wave inverted in i avl t wave are flat in v6 this may be due to lv strain or ischaemia ,1,['normal_sinus_rhythm']
 sinus rhythm non - specific t wave flattening in i avl v6 otherwise no definite pathology ,1,['normal_sinus_rhythm']
 sinus rhythm qs complex in v2 xxxx q wave in v4 t wave are inverted in v4 xxxx with terminal inversion in v2 xxxx consistent with ischaemic heart disease with anterior myocardial infarct of uncertain age it is difficult to determine whether any ch ,1,['normal_sinus_rhythm']
 sinus arrhythmia t wave are low in limb leads and v4 and flat in v5 xxxx the significance is uncertain in a patient of this age suggest cardiological review ,1,['sinus_arrhythmia']
 sinus rhythm amplitude criteria for lvh otherwise normal ecg ,1,['normal_sinus_rhythm']
 sinus rhythm mild anterolateral t wave change which are non diagnostic ,1,['normal_sinus_rhythm']
 sinus tachycardia widespread non - specific t abnormality with deep broad t inversion in most leads corrected qt interval is prolonged while ischaemia can cause these global change metabolic abnormality including electrolyte disturbance hypoxia edit injas injal injin ( injas injil lngqt ) ,1,['sinus_tachycardia']
 sinus rhythm non - specific st elevation almost certainly a normal variant ,1,['normal_sinus_rhythm']
 sinus rhythm rate xxxx per minute mild generalized non - diagnostic st and t wave change ,1,['normal_sinus_rhythm']
 sinus rhythm left venricular hypertrophy st change consistent with left ventricular strain pattern no diagnostic change of ischaemia ,1,['normal_sinus_rhythm']
 sinus rhythm ventricular premature complex left anterior fascicular block no ecg evidence of ischaemia ,1,['normal_sinus_rhythm']
 sinus rhythm left ventricular hypertrophy on voltage otherwise normal ecg ,1,['normal_sinus_rhythm']
 sinus rhythm p wave vector suggests respiratory disease partial right bundle branch block ,1,['normal_sinus_rhythm']
 sinus rhythm prolonged pr interval left axis deviation left anterior fascicular block antero - septal infarct of undetermined age probably recent ,1,['normal_sinus_rhythm']
 sinus rhythm rate xxxx has developed since ecg of xxxx minor st and t wave change consistent with digoxin effect ,1,['normal_sinus_rhythm']
 sinus rhythm ventricular premature complex apart from ventricular premature complex normal ecg ,2,['normal_sinus_rhythm']
 sinus rhythm left ventricular hypertrophy possible old inferior infarct early left ventricular strain ,1,['normal_sinus_rhythm']
 sinus rhythm poor anterior r wave progression suggests a possible old antero - septal infarct ,1,['normal_sinus_rhythm']
 sinus rhythm left axis deviation left anterior fascicular block qs complex in v2 xxxx consistent with old anteroseptal myocardial infarct ,1,['normal_sinus_rhythm']
 premature atrial contraction ( s ) sinus rhythm prolonged pr interval q wave in ii iii avf st segments are depressed in i avl v5 xxxx t wave are low or flat in these leads consistent with ischaemic heart disease with old inferior myocardial infarcti edit imi xxxx lvh xxxx isc_ sokolow xxxx ( imi xxxx lvh xxxx isc_ ) ,1,['normal_sinus_rhythm']
 sinus rhythm possible left atrial enlargement left axis deviation voltages are high in limb leads suggesting lvh prolonged qt this may be due to a drug effect or an electrolyte disturbance ,1,['normal_sinus_rhythm']
 premature ventricular contraction ( s ) sinus arrhythmia non - specific t wave flattening in i v5 xxxx ,1,['sinus_arrhythmia']
 premature ventricular contraction ( s ) bigeminy sinus rhythm borderline left axis deviation right atrial enlargement small r wave in v2 xxxx suggesting old anteroseptal myocardial infarct t wave are inverted in i avl v2 - xxxx findings are likely to ,1,['normal_sinus_rhythm']
 sinus rhythm possible left atrial enlargement left axis deviation ,1,['normal_sinus_rhythm']
 sinus rhythm st segments are depressed in v4 xxxx t wave are low or flat in i v5 xxxx t wave are inverted in avl v4 findings are likely to be due to ischaemic heart disease the age of the change is uncertain ,1,['normal_sinus_rhythm']
 sinus tachycardia possible old inferior myocardial infarct ,1,['sinus_tachycardia']
 sinus rhythm left axis deviation non - specific intraventricular block non - specific t wave flattening in limb leads and v6 ,1,['normal_sinus_rhythm']
 sinus rhythm right axis deviation probable left posterior fascicular block compared with tracing of xxxx it is very similar edit lpfb ( lpfb ) ,1,['normal_sinus_rhythm']
 sinus rhythm possible left atrial enlargement left ventricular hypertrophy t wave are inverted in i avl v4 xxxx this may be due to lv strain or ischaemia ,1,['normal_sinus_rhythm']
 sinus rhythm st segments are depressed in i ii avf v3 - xxxx t wave are low or flat in limb leads and v5 xxxx non - specific but consistent with myocardial ischaemia and digitalis effect ,1,['normal_sinus_rhythm']
 sinus rhythm st segments are elevated in i ii v5 xxxx this is probably a normal variant t wave are inverted in v2 this is not necessarily of pathological significance ,1,['normal_sinus_rhythm']
 sinus tachycardia p wave are inconspicuous except in v1 xxxx i cannot exclude the possibility that this is atrial tachycardia with xxxx block premature ventricular contraction ( s ) low limb lead voltage st segments are depressed in i avl v3 xxxx t wave ,1,['sinus_tachycardia']
 sinus rhythm prolonged pr interval non - specific t wave flattening in i and inversion in avl poor progression of r wave in anterior chest leads old anteroseptal myocardial infarct cannot be excluded ,1,['normal_sinus_rhythm']
 sinus rhythm left axis deviation non - specific intraventricular delay q wave and st segment elevation in ii iii avf v6 consistent with inferolateral myocardial infarct of uncertain age possibly recent ,1,['normal_sinus_rhythm']
 premature atrial contraction ( s ) sinus rhythm t wave are inverted in i ii v4 xxxx findings are likely to be due to ischaemic heart disease the age of the change is uncertain ,1,['normal_sinus_rhythm']
 sinus rhythm left axis deviation non - specific intraventricular block voltages are high in limb leads suggesting lvh non - specific st and t wave change in i avl v6 ,1,['normal_sinus_rhythm']
 sinus rhythm tiny r wave in v2 xxxx old anteroseptal myocardial infarct cannot be excluded st segments are depressed in ii iii avf v4 xxxx t wave are slightly inverted in these leads non - specific but consistent with myocardial ischaemia ,1,['normal_sinus_rhythm']
 premature ventricular contraction ( s ) sinus rhythm left axis deviation left anterior fascicular block qs complex in v2 and tiny r wave in v3 consistent with old anteroseptal myocardial infarct ,1,['normal_sinus_rhythm']
 sinus tachycardia there is s lead i and q lead iii pattern which may occur in pulmonary embolism otherwise normal ecg ,1,['sinus_tachycardia']
 premature ventricular contraction ( s ) sinus rhythm prolonged pr interval left axis deviation low limb lead voltage q wave in ii iii avf consistent with old inferior myocardial infarct ,1,['normal_sinus_rhythm']
 sinus rhythm prolonged pr interval qs complex in v2 and q wave in v3 consistent with old anteroseptal myocardial infarct st segments are depressed in i v4 xxxx t wave are inverted in avl v4 xxxx findings are likely to be due to ischaemic hear ,1,['normal_sinus_rhythm']
 sinus bradycardia borderline left axis deviation otherwise normal ecg the cause of the bradycardia is not evident edit norm xxxx myocardial infarct bbb ( r ) qsiii ( norm xxxx ) ,1,['sinus_bradycardia']
 premature atrial contraction ( s ) sinus rhythm left axis deviation q wave in ii iii avf consistent with old inferior myocardial infarct ,1,['normal_sinus_rhythm']
 sinus rhythm left atrial enlargement voltages are high in chest leads suggesting lvh ,1,['normal_sinus_rhythm']
 sinus rhythm q wave in ii iii avf t wave are low or flat in limb leads and v6 consistent with ischaemic heart disease with old inferior myocardial infarct ,1,['normal_sinus_rhythm']
 premature atrial contraction ( s ) sinus rhythm tiny r wave in v2 xxxx suggesting old anteroseptal myocardial infarct t wave are inverted in i ii avl v4 xxxx findings are likely to be due to ischaemic heart disease ,1,['normal_sinus_rhythm']
 sinus arrhythmia st segments are elevated in v2 - xxxx this is probably a normal variant no definite pathology suggest repeat if clinically indicated ,1,['sinus_arrhythmia']
 sinus rhythm left axis deviation voltages are high in chest leads suggesting lvh edit lvh xxxx sokolow xxxx ( lvh xxxx lafb ) ,1,['normal_sinus_rhythm']
 premature ventricular contraction ( s ) sinus rhythm possible left atrial enlargement left bundle branch block this is most commonly due to ischaemic heart disease ,1,['normal_sinus_rhythm']
 sinus rhythm normal ecg edit norm xxxx r fehlt in v1 winzig in v2 ( norm xxxx ) ,1,['normal_sinus_rhythm']
 sinus rhythm st segments are slightly elevated in i ii avf v2 - xxxx this is probably a normal variant otherwise normal ecg edit norm xxxx angehobene st - abgänge i ii avf v2 - xxxx ,1,['normal_sinus_rhythm']
 sinus tachycardia qs complex in v2 xxxx consistent with old anteroseptal myocardial infarct non - specific t wave flattening in i and inversion in avl ,1,['sinus_tachycardia']
 sinus rhythm normal ecg edit norm xxxx irbbb ( normal xxxx irbbb ) ,1,['normal_sinus_rhythm']
 rapid regular supraventricular tachycardia rightward axis right bundle branch block suggest repeat when patient has reverted to sinus rhythm ,1,['normal_sinus_rhythm']
 sinus rhythm t wave flattening in ii v5 xxxx and inversion in iii avf non - specific but consistent with myocardial ischaemia ,1,['normal_sinus_rhythm']
 sinus rhythm normal ecg compared with tracing of xxxx it is not significantly changed different appearances in v3 are probably positional edit norm xxxx ( norm xxxx ) ,1,['normal_sinus_rhythm']
 sinus rhythm premature ventricular contraction ( s ) voltages are high in limb leads suggesting lvh st segments are depressed in i avl v4 xxxx this may be due to lv strain or ischaemia ,1,['normal_sinus_rhythm']
 sinus rhythm t wave in v2 - xxxx have an unusual contour of uncertain significance otherwise normal ecg ,1,['normal_sinus_rhythm']
 sinus rhythm low limb lead voltage no definite pathology edit norm xxxx ( irrb lafb ) ( norm xxxx ) ,1,['normal_sinus_rhythm']
 premature atrial contraction ( s ) sinus rhythm incomplete right bundle branch block otherwise normal ecg edit norm xxxx irbbb ( norm xxxx irbbb ) ,1,['normal_sinus_rhythm']
 sinus rhythm qs complex in v2 and tiny r wave in v3 suggesting old anteroseptal myocardial infarct st segments are depressed in i avl t wave are low in i avl v6 this may be due to lv strain or ischaemia ,1,['normal_sinus_rhythm']
 sinus arrhythmia minor non - specific st segment depression in ii iii avf v4 xxxx this may be due to lv strain or ischaemia ,1,['sinus_arrhythmia']
 premature ventricular contraction ( s ) sinus rhythm prolonged pr interval st segments are depressed in i ii avl avf v4 xxxx t wave are low or flat in these leads non - specific but consistent with myocardial ischaemia and digitalis effect ,1,['normal_sinus_rhythm']
 sinus rhythm non - specific st and t wave change motion artefact in v6 ,1,['normal_sinus_rhythm']
 sinus rhythm incomplete right bundle branch block minor non - specific st and t wave change ,1,['normal_sinus_rhythm']
 sinus rhythm qrs ( t ) contour abnormality consistent with old anteroseptal infarct consider inferior myocardial damage ,1,['normal_sinus_rhythm']
 sinus tachycardia possible old anteroseptal infarct otherwise normal ecg ,1,['sinus_tachycardia']
 premature ventricular contraction ( s ) premature atrial contraction ( s ) sinus rhythm prolonged pr interval left axis deviation left bundle branch block this is most commonly due to ischaemic heart disease ,2,['normal_sinus_rhythm']
 sinus rhythm rightward axis q wave in v2 this is probably normal but old anteroseptal infarct cannot be entirely excluded otherwise normal ecg ,1,['normal_sinus_rhythm']
 atrial rate = xxxx - min p wave are often inconspicuous sinus rhythm with dropped complex due to second degree av block of wenckebach type compared with tracing of xxxx it is otherwise generally similar with st and t wave change ,1,['normal_sinus_rhythm']
 sinus rhythm q wave in ii iii avf t wave are flat in i avl and invwrted in ii iii avf v4 xxxx consistent with ischaemic heart disease with old inferior myocardial infarct ,1,['normal_sinus_rhythm']
 premature ventricular contraction ( s ) sinus rhythm t wave are low or flat in limb leads and v5 xxxx findings are likely to be due to ischaemic heart disease ,1,['normal_sinus_rhythm']
 sinus rhythm left axis deviation r - s transition zone in v leads displaced to the left left anterior fascicular block t wave are flat in ii and inverted in iii avf v2 - xxxx findings are likely to be due to ischaemic heart disease the age of the cha ,1,['normal_sinus_rhythm']
 sinus rhythm voltages in chest leads are at upper limit st segments are slightly depressed in ii avf v4 xxxx this may be due to lv strain or ischaemia ,1,['normal_sinus_rhythm']
 sinus rhythm possible left atrial enlargement st segments are depressed and t wave flattened in v4 xxxx non - specific but consistent with myocardial ischaemia ,1,['normal_sinus_rhythm']
 sinus bradycardia non - specific t wave flattening in i and inversion in avl ,1,['sinus_bradycardia']
 sinus rhythm st segments are depressed and t wave low in i avl this may be due to lv strain or ischaemia ,1,['normal_sinus_rhythm']
 sinus rhythm normal ecg edit norm xxxx rsiii tnegiii ( norm xxxx ) ,1,['normal_sinus_rhythm']
 sinus rhythm normal ecg edit norm xxxx allgemein niedrige t - wellen ( ndt ) ,1,['normal_sinus_rhythm']
 sinus rhythm normal ecg edit ndt ( ndt ) ,1,['normal_sinus_rhythm']
 sinus rhythm minor non - specific t wave flattening in i avl v6 edit ndt ( ndt ) ,1,['normal_sinus_rhythm']
 sinus rhythm voltages are high in chest leads suggesting lvh st segments are depressed and t wave inverted in i avl v3 - xxxx terminal t wave inversion in ii v2 findings are likely to be due to ischaemic heart disease and may represent subendocardi ,1,['normal_sinus_rhythm']
 sinus rhythm t wave are low or flat in v2 xxxx and inverted in v3 xxxx findings are likely to be due to ischaemic heart disease the age of the change is uncertain ,1,['normal_sinus_rhythm']
 sinus rhythm no definite pathology edit ivcb tachykardie ( norm xxxx ivcb ) ,1,['normal_sinus_rhythm']
 sinus rhythm diffuse st and t wave change with prolonged qt suggest exclude electrolyte disturbance ischaemia is a possible cause ,1,['normal_sinus_rhythm']
 sinus tachycardia compared with tracing of xxxx st segment elevation in anterior chest is more marked a recent anterior infarct is likely ,1,['sinus_tachycardia']
 sinus rhythm q wave in ii iii avf consistent with old inferior myocardial infarct st segments are depressed in i avl t wave are inverted in v4 xxxx consistent with ischaemic heart disease with old inferior myocardial infarct ,1,['normal_sinus_rhythm']
 sinus rhythm no definite pathology edit ivcb allgemein flache t - wellen ( ndt ) ,1,['normal_sinus_rhythm']
 sinus rhythm non - specific st segment depression in i ii avl v4 xxxx myocardial ischaemia is a possible cause edit norm xxxx nst ii iii avl v5 xxxx ( norm xxxx ) ,1,['normal_sinus_rhythm']
 sinus rhythm left ventricular hypertrophy st segments are depressed in i ii avl v4 xxxx t wave are inverted in i avl v5 xxxx this may be due to lv strain or ischaemia ,1,['normal_sinus_rhythm']
 sinus rhythm possible left atrial enlargement low limb lead voltage tiny r wave in v2 xxxx suggesting old anteroseptal infarct ,1,['normal_sinus_rhythm']
 sinus rhythm left axis deviation left anterior fascicular block t wave are flat in ii and inverted in iii avf v4 xxxx non - specific but consistent with myocardial ischaemia ,1,['normal_sinus_rhythm']
 premature atrial contraction ( s ) bigeminy sinus rhythm left axis deviation left anterior fascicular block non - specific intraventricular delay ,1,['normal_sinus_rhythm']
 sinus rhythm t wave are low or flat in i avl v5 xxxx non - specific but consistent with myocardial ischaemia ,2,['normal_sinus_rhythm']
 sinus rhythm st segments are depressed in i ii v5 xxxx t wave are low or flat in limb leads and inverted in v4 xxxx findings are likely to be due to ischaemic heart disease the age of the change is uncertain edit injal sokolow xxxx ( injal ) ,1,['normal_sinus_rhythm']
 sinus rhythm p wave are inconspicuous premature atrial contraction ( s ) non - specific t wave flattening in i avl v6 prolonged qt this may be due to a drug effect or an electrolyte disturbance ,1,['normal_sinus_rhythm']
 premature atrial contraction ( s ) bigeminy sinus tachycardia otherwise no definite pathology ,1,['sinus_tachycardia']
 sinus rhythm possible left atrial enlargement minor non - specific st depression in v4 xxxx ,1,['normal_sinus_rhythm']
 sinus rhythm possible left atrial enlargement t wave are low or flat in i ii avl v3 - xxxx myocardial ischaemia is likely suggest exclude hypokalaemia ,1,['normal_sinus_rhythm']
 sinus rhythm slight non - specific st segment depression in i avl v4 xxxx ,1,['normal_sinus_rhythm']
 sinus rhythm t wave are flat in v4 xxxx non - specific but consistent with myocardial ischaemia ,1,['normal_sinus_rhythm']
 sinus rhythm low limb lead voltage minor non - specific st and t wave change in i ii v4 xxxx ,1,['normal_sinus_rhythm']
 sinus rhythm tiny r wave in v2 xxxx q wave in i avl v4 xxxx t wave are low or flat in i avl v5 xxxx consistent with anterior and lateral myocardial infarct of uncertain age probably old ,1,['normal_sinus_rhythm']
 sinus rhythm prolonged pr interval non - specific intraventricular delay ,1,['normal_sinus_rhythm']
 sinus rhythm left axis deviation left anterior fascicular block voltages are high in limb leads suggesting lvh st segments are depressed and t wave inverted in i avl v5 xxxx this may be due to lv strain or ischaemia ,1,['normal_sinus_rhythm']
 premature atrial contraction ( s ) sinus arrhythmia probable old inferior myocardial infarct ,1,['sinus_arrhythmia']
 sinus rhythm left bundle branch block this is most commonly due to ischaemic heart disease in the presence of lbbb ischaemia is not excluded edit clbbb xxxx ( clbbb xxxx ) ,1,['normal_sinus_rhythm']
 sinus rhythm prolonged pr interval incomplete right bundle branch block voltages are high in limb leads suggesting lvh ,1,['normal_sinus_rhythm']
 sinus rhythm possible old inferior myocardial infarct st segments are depressed in i ii avl v5 xxxx t wave are flat in these leads non - specific but consistent with myocardial ischaemia voltages in chest leads are at upper limit ,1,['normal_sinus_rhythm']
 sinus rhythm left axis deviation left anterior fascicular block qs complex in v2 xxxx consistent with old anteroseptal myocardial infarct t wave are low or flat in i v4 xxxx and inverted in avl findings are likely to be due to ischaemic hear ,1,['normal_sinus_rhythm']
 sinus arrhythmia minor non - specific st segment depression in ii iii avf otherwise normal ecg ,1,['sinus_arrhythmia']
 sinus rhythm non - specific t wave flattening in i and inversion in avl v2 ,1,['normal_sinus_rhythm']
 sinus rhythm prolonged pr interval qs complex in v2 and q wave in v3 consistent with old anteroseptal myocardial infarct st segments are depressed in v4 xxxx this may be due to lv strain or ischaemia ,1,['normal_sinus_rhythm']
 sinus rhythm t wave are flat in ii v5 xxxx and inverted in iii avf non - specific but consistent with inferolateral myocardial ischaemia ,1,['normal_sinus_rhythm']
 sinus tachycardia non - specific t wave flattening suggest exclude hypokalaemia ,1,['sinus_tachycardia']
 sinus rhythm st segments are slightly depressed in ii iii avf v4 xxxx non - specific but consistent with myocardial ischaemia ,2,['normal_sinus_rhythm']
 sinus rhythm slight st segment depression in ii iii avf v4 xxxx this is of uncertain significance in a patient of this age suggest cardiological review ,1,['normal_sinus_rhythm']
 sinus rhythm possible left atrial enlargement st segments are depressed in ii iii avf v5 xxxx t wave are inverted in i avl v3 - xxxx findings are likely to be due to ischaemic heart disease they may represent subendocardial infarct of uncertain a edit injas injal lao xxxx sokolow xxxx ( injal lao xxxx ) ,1,['normal_sinus_rhythm']
 premature ventricular contraction ( s ) sinus rhythm left axis deviation left anterior fascicular block qs complex in v2 xxxx t wave are inverted in i avl v5 xxxx consistent with ischaemic heart disease with old anteroseptal myocardial infarct ,1,['normal_sinus_rhythm']
 sinus rhythm low limb lead voltage st segments are depressed in v2 - xxxx t wave are low or flat in throughout non - specific but consistent with myocardial ischaemia suggest exclude hypokalaemia ,1,['normal_sinus_rhythm']
 sinus rhythm voltages are high in chest leads suggesting lvh st segments are depressed in i ii avl v4 xxxx this may be due to lv strain or ischaemia ,1,['normal_sinus_rhythm']
 sinus rhythm q wave in ii iii avf old inferior myocardial infarct cannot be excluded voltages in chest leads are at upper limit ,1,['normal_sinus_rhythm']
 sinus rhythm right axis deviation probable left posterior fascicular block non - specific t wave flattening in i avl v6 ,1,['normal_sinus_rhythm']
 sinus rhythm non - specific t wave inversion in v2 otherwise normal ecg ,3,['normal_sinus_rhythm']
 premature atrial contraction ( s ) sinus rhythm non - specific intraventricular delay counter - clockwise rotation t wave are inverted in i avl and low or flat in i v4 xxxx non - specific but consistent with myocardial ischaemia ,1,['normal_sinus_rhythm']
 premature ventricular contraction ( s ) sinus rhythm abnormal left axis deviation left bundle branch block ,1,['normal_sinus_rhythm']
 sinus rhythm prolonged pr interval right bundle branch block possible old inferior infarct edit imi xxxx crbbb ( imi xxxx crbbb ) ,1,['normal_sinus_rhythm']
 sinus rhythm terminal t wave inversion in v4 is of uncertain significance but myocardial ischaemia cannot be excluded suggest repeat if clinically indicated ,1,['normal_sinus_rhythm']
 sinus bradycardia minor non - specific t wave flattening in v3 xxxx the cause of the bradycardia is not evident ,1,['sinus_bradycardia']
 sinus rhythm st segments are depressed in i avl t wave are low or flat in i v6 and inverted in avl this may be due to lv strain or ischaemia ,1,['normal_sinus_rhythm']
 sinus rhythm prolonged pr interval right bundle branch block probable old inferior infarct ,1,['normal_sinus_rhythm']
 sinus rhythm r - s transition zone in v leads displaced to the right normal ecg ,2,['normal_sinus_rhythm']
 sinus rhythm voltages are high in chest leads suggesting lvh st segments are depressed in ii iii avf v6 this may be due to lv strain or ischaemia deep but narrow q wave in these leads may indicate septal hypertrophy ,1,['normal_sinus_rhythm']
 premature atrial contraction ( s ) sinus rhythm q wave in ii iii avf are probably normal no definite pathology ,1,['normal_sinus_rhythm']
 sinus rhythm incomplete right bundle branch block q wave in v3 suggesting old anteroseptal infarct q wave in ii iii avf consistent with old inferior myocardial infarct ,1,['normal_sinus_rhythm']
 sinus rhythm normal ecg there is no definite ecg evidence to suggest right heart strain ,1,['normal_sinus_rhythm']
 complex ( s ) with aberrant intraventricular conduction premature atrial contraction ( s ) sinus rhythm left axis deviation incomplete right bundle branch block voltages are high in limb leads suggesting lvh st segments are depressed in i avl v5 xxxx t wave ,1,['normal_sinus_rhythm']
 sinus rhythm prolonged pr interval st segments are slightly depressed in i ii v4 xxxx t wave are low or flat in i avl v2 - xxxx this may be due to lv strain or ischaemia prolonged qt suggest exclude hypokalaemia ,1,['normal_sinus_rhythm']
 sinus rhythm q wave in ii iii avf suggesting old inferior infarct ,3,['normal_sinus_rhythm']
 premature ventricular contraction ( s ) sinus rhythm prolonged pr interval non - specific intraventricular delay tiny r wave in v2 xxxx old anteroseptal infarct cannot be excluded st segments are depressed in ii iii avf v5 xxxx t wave are flat in limb le ,1,['normal_sinus_rhythm']
 sinus rhythm st segments are elevated in ii iii avf st segments are depressed in i avl t wave are flat in i and inverted in avl appearances are consistent with early inferior myocardial infarct suggest enzyme studies and repeat ,1,['normal_sinus_rhythm']
 sinus rhythm no definite pathology edit imi xxxx befund norm ( norm xxxx ) ,1,['normal_sinus_rhythm']
 sinus rhythm poor progression of r wave in anterior chest leads st segments are depressed and t wave inverted in i avl v6 consistent with ischaemic heart disease with possible old anterior myocardial infarct there is much artifact ,1,['normal_sinus_rhythm']
 premature atrial contraction ( s ) sinus rhythm prolonged pr interval left axis deviation left bundle branch block this is most commonly due to ischaemic heart disease ,1,['normal_sinus_rhythm']
 sinus rhythm left axis deviation qs complex in v2 xxxx q wave in v4 xxxx t wave are inverted in i avl v3 - xxxx consistent with ischaemic heart disease with anterior myocardial infarct probably old ,1,['normal_sinus_rhythm']
 premature atrial contraction ( s ) sinus rhythm r - s transition zone in v leads displaced to the right voltages are high in chest leads suggesting lvh ,1,['normal_sinus_rhythm']
 sinus rhythm non - specific intraventricular delay qs complex in v2 xxxx consistent with old anteroseptal myocardial infarct st segments are depressed in ii iii avf v6 t wave are low in ii v6 and inverted in iii avf non - specific but consisten ,1,['normal_sinus_rhythm']
 sinus tachycardia st segments are depressed in i ii avl v4 xxxx t wave are low or flat in limb leads and v4 xxxx non - specific but consistent with myocardial ischaemia ,1,['sinus_tachycardia']
 sinus rhythm borderline left axis deviation t wave are flat in i and slightly inverted in avl v4 xxxx non - specific but consistent with myocardial ischaemia ,1,['normal_sinus_rhythm']
 sinus rhythm non - specific t wave flattening in v6 prolonged qt this may be due to a drug effect or an electrolyte disturbance ,1,['normal_sinus_rhythm']
 sinus rhythm non - specific t wave flattening in v5 xxxx ,4,['normal_sinus_rhythm']
 sinus bradycardia the bradycardia may be due to beta - blocker therapy voltages are high in limb leads suggesting lvh otherwise normal ecg ,1,['sinus_bradycardia']
 sinus rhythm left axis deviation left anterior fascicular block t wave are inverted in ii iii avf v2 - xxxx and low or flat in i avl v6 findings are likely to be due to ischaemic heart disease the age of the change is uncertain prolonged qt ,1,['normal_sinus_rhythm']
 sinus rhythm t wave are flat in limb leads and inverted in v3 - xxxx findings are likely to be due to ischaemic heart disease lateral subendocardial infarct of uncertain age is a possibility edit injal xxxx taschykardie sokolow xxxx ( iscal ) ,1,['normal_sinus_rhythm']
 sinus rhythm q wave in ii iii avf consistent with old inferior myocardial infarct st segments are slightly depressed in i avl v6 t wave are low or flat in limb leads and v5 xxxx this may be due to lv strain or ischaemia ,1,['normal_sinus_rhythm']
 sinus rhythm minor non - specific t wave change in inferolateral leads ,1,['normal_sinus_rhythm']
 sinus rhythmus ueberdrehter linkstyp supraventrikulaere vorhof extrasystolen links anteriorer fascicular block intravetrikulaere leitungsstörung in i atriale leitungsstörung angedeutet in p - pulmonale in v2 geringfügige r - progression in v2 - v5 t negativ in v2 abg ,1,['normal_sinus_rhythm']
 sinus rhythm left atrial enlargement left ventricular hypertrophy st and t wave change consistent with lv strain or ischaemia ,1,['normal_sinus_rhythm']
 sinus rhythm q wave in v2 and tiny t wave in v3 old anteroseptal infarct cannot be excluded ,1,['normal_sinus_rhythm']
 sinus rhythm minor non - specific st segment depression in i avl v5 xxxx ,3,['normal_sinus_rhythm']
 premature atrial contraction ( s ) sinus tachycardia st segments are depressed in ii iii avf v5 xxxx non - specific but consistent with myocardial ischaemia ,1,['sinus_tachycardia']
 sinus rhythm left axis deviation left anterior fascicular block non - specific intraventricular block ,4,['normal_sinus_rhythm']
 sinus rhythm st segments are depressed in i ii avl v4 xxxx t wave are low or flat in these leads non - specific but consistent with myocardial ischaemia this is an unusual tracing for a patient of this age change are likely to be associated with ka ,1,['normal_sinus_rhythm']
 sinus rhythm non - specific intraventricular delay voltages are high in chest leads suggesting lvh q wave in ii iii avf consistent with old inferior myocardial infarct st segments are depressed and t wave inverted in i avl v5 xxxx this may ,1,['normal_sinus_rhythm']
 sinus tachycardia prolonged pr interval left axis deviation left anterior fascicular block right bundle branch block possible old inferior infarct patient has trifascicular block and may be at increased risk of developing complete av block ,1,['sinus_tachycardia']
 sinus rhythm st segments are depressed and t wave inverted in i avl v4 xxxx findings are likely to be due to ischaemic heart disease ,1,['normal_sinus_rhythm']
 sinus rhythm voltages are high in limb leads suggesting lvh minor non - specific t wave flattening in v2 xxxx ,1,['normal_sinus_rhythm']
 sinus tachycardia incomplete right bundle branch block t abnormality in lateral leads which is non - diagnostic ,1,['sinus_tachycardia']
 premature ventricular contraction ( s ) sinus rhythm st segments are depressed in ii v3 - xxxx t wave are low or flat in i avl v5 xxxx this may be due to lv strain or ischaemia ,1,['normal_sinus_rhythm']
 premature ventricular contraction ( s ) sinus rhythm st segments are depressed in i avl v5 xxxx t wave are low in i v6 and inverted in avl this may be due to lv strain or ischaemia ,1,['normal_sinus_rhythm']
 premature atrial contraction ( s ) sinus rhythm voltages are high in limb leads suggesting lvh st segments are depressed in i ii avl v5 xxxx t wave are inverted in i avl v5 xxxx and low in ii v4 this may be due to lv strain or ischaemia ,1,['normal_sinus_rhythm']
 sinus tachycardia minor non - specific st segment depression in i avl otherwise no definite pathology pr interval is noted to be short edit v2 totalausfall ,1,['sinus_tachycardia']
 sinus rhythm widespread slight st segment elevation this is probably a normal variant no definite pathology ,1,['normal_sinus_rhythm']
 sinus rhythm normal ecg edit norm xxxx schlechte r - progression v1 - xxxx ( norm xxxx ) ,1,['normal_sinus_rhythm']
 sinus rhythm left axis deviation left ventricular hypertrophy st segments are depressed in i avl t wave are flat in limb leads and inverted in v4 xxxx this may be due to lv strain or ischaemia ,1,['normal_sinus_rhythm']
 sinus rhythm q wave in ii iii avf consistent with old inferior myocardial infarct non - specific t wave flattening in limb leads and v4 xxxx ,1,['normal_sinus_rhythm']
 sinus rhythm left axis deviation r - s transition zone in v leads displaced to the left left anterior fascicular block st segments are depressed and t wave inverted in i avl this may be due to lv strain or ischaemia ,1,['normal_sinus_rhythm']
 sinus rhythm voltages are high in chest leads suggesting lvh non - specific t wave flattening in i avl ,2,['normal_sinus_rhythm']
 sinus rhythm prolonged pr interval incomplete right bundle branch block non - specific t wave flattening in v3 xxxx ,1,['normal_sinus_rhythm']
 sinus tachycardia otherwise normal ecg leads v4 xxxx show artifact ,1,['sinus_tachycardia']
 sinus tachycardia left ventricular hypertrophy otherwise no definite pathology ,1,['sinus_tachycardia']
 sinus rhythm voltages are high in limb leads suggesting lvh left axis deviation left anterior fascicular block qs complex in v2 old anteroseptal infarct cannot be excluded ,1,['normal_sinus_rhythm']
 sinus rhythm q wave in ii iii avf consistent with old inferior myocardial infarct otherwise no definite pathology ,1,['normal_sinus_rhythm']
 sinus rhythm st segments are depressed in i ii avf v4 xxxx t wave are low in these leads this may be due to lv strain or ischaemia ,1,['normal_sinus_rhythm']
 sinus rhythm normal ecg there is no definite ecg evidence to suggest pulmonary embolism ,1,['normal_sinus_rhythm']
 sinus rhythm t wave are inverted in i avl v4 xxxx this may be due to myocardial ischaemia or lateral subendocardial infarct of uncertain age ,1,['normal_sinus_rhythm']
 sinus rhythm non - specific intraventricular delay otherwise no definite pathology leads v3 xxxx show gross artifact ,1,['normal_sinus_rhythm']
 sinus rhythm t wave are biphasic in i inverted in avl and low in v3 - xxxx non - specific but consistent with myocardial ischaemia ,1,['normal_sinus_rhythm']
 premature ventricular contraction ( s ) sinus rhythm prolonged pr interval prolonged qt this may be due to a drug effect or an electrolyte disturbance ,1,['normal_sinus_rhythm']
 sinus rhythm no definite pathology edit norm xxxx ( lafb ) ( norm xxxx ivcb ) ,1,['normal_sinus_rhythm']
 sinus rhythm normal ecg edit norm xxxx rsriii qavf ( norm xxxx ) ,1,['normal_sinus_rhythm']
 sinus tachycardia voltages are high in limb leads suggesting lvh otherwise normal ecg ,1,['sinus_tachycardia']
 sinus rhythm voltages in limb leads are at upper limit no definite pathology edit norm xxxx qsiii qavf ( imi xxxx ) ,1,['normal_sinus_rhythm']
 sinus rhythm st segments are depressed in i avl t wave are low or flat in i avl v5 xxxx this may be due to lv strain or ischaemia ,1,['normal_sinus_rhythm']
 sinus rhythm qs complex in v2 suggesting old anteroseptal infarct st segments are depressed in i avl v4 xxxx t wave are low or flat in these leads this may be due to lv strain or ischaemia ,1,['normal_sinus_rhythm']
 sinus rhythm voltage criteria for lvh ,1,['normal_sinus_rhythm']
 sinus tachycardia abnormal left axis deviation left bundle branch block in presence of lbbb hypertrophy or ischaemia not excluded ,1,['sinus_tachycardia']
 premature atrial contraction ( s ) sinus tachycardia pr interval is at upper limit of normal no ecg evidence of ischaemia ,1,['sinus_tachycardia']
 sinus rhythm minor non - specific t wave flattening in v3 otherwise normal ecg ,1,['normal_sinus_rhythm']
 sinus rhythm voltages are high in limb leads suggesting lvh q wave in ii iii avf st segments are depressed in i ii avl v4 xxxx t wave are low or flat in ii v5 xxxx consistent with ischaemic heart disease with old inferior myocardial infarct ,1,['normal_sinus_rhythm']
 sinus rhythm low limb lead voltage st segments are depressed in i ii v4 xxxx t wave are low or flat in limb leads and v3 - xxxx this may be due to lv strain or ischaemia suggest exclude hypokalaemia ,1,['normal_sinus_rhythm']
 sinus rhythm prolonged pr interval non - specific t wave flattening in limb leads and v5 slightly prolonged qt this may be due to a drug effect or an electrolyte disturbance ,1,['normal_sinus_rhythm']
 sinus rhythm prolonged pr interval ( xxxx sec ) p wave are inconspicuous otherwise normal ecg ,1,['normal_sinus_rhythm']
 sinus tachycardia compared with tracing of xxxx it is very similar but rate is faster st and t wave change are a little more marked ,1,['sinus_tachycardia']
 premature atrial contraction ( s ) sinus tachycardia prolonged pr interval otherwise normal ecg ,1,['sinus_tachycardia']
 sinus bradycardia non specific intraventricular block otherwise normal ecg ,1,['sinus_bradycardia']
 premature atrial contraction ( s ) sinus rhythm left atrial enlargement moderate amplitude criteria for lvh st and t abnormality consider anterolateral ischemia or left ventricular strain ,1,['normal_sinus_rhythm']
 sinus rhythm st segments are depressed in i ii avl avf v4 xxxx t wave are low in these leads this may be due to lv strain or ischaemia ,1,['normal_sinus_rhythm']
 sinus tachycardia right bundle branch block possible old inferior myocardial infarct ,1,['sinus_tachycardia']
 sinus tachycardia minor non - specific t wave flattening in i ii avl v4 xxxx ,1,['sinus_tachycardia']
 sinus rhythm left axis deviation st segments are depressed and t wave inverted in i avl v5 xxxx this may be due to lv strain or ischaemia ,1,['normal_sinus_rhythm']
 sinus rhythm there are dropped complex due apparently to failure of the sa node to generate an impulse at times p wave are best seen in v1 and are not evident just before a pause right bundle branch block holter monitor may be helpful ,1,['normal_sinus_rhythm']
 sinus rhythm minor non - specific st segment depression in v4 xxxx prolonged qt this may be due to a drug effect or an electrolyte disturbance ,1,['normal_sinus_rhythm']
 premature atrial contraction ( s ) sinus rhythm voltages are high in chest leads suggesting lvh st segments are depressed in i ii v4 xxxx this may be due to lv strain or ischaemia edit asmi xxxx sokolow xxxx ( lvh xxxx isc ) ,1,['normal_sinus_rhythm']
 premature ventricular contraction ( s ) premature atrial contraction ( s ) sinus rhythm low limb lead voltage non - specific st segment depression in v4 xxxx myocardial ischaemia cannot be excluded ,1,['normal_sinus_rhythm']
 sinus rhythm t wave are low in v3 - xxxx and slightly inverted in v2 myocardial ischaemia is the likely cause ,1,['normal_sinus_rhythm']
 sinus rhythm minor non - specific st segment depression in i avl v6 ,2,['normal_sinus_rhythm']
 sinus rhythm voltages are high in limb leads suggesting lvh minimal non - specific st segment depression in i avl ,1,['normal_sinus_rhythm']
 sinus rhythm t wave are flat in i ii v4 xxxx and inverted in avl non - specific but consistent with myocardial ischaemia ,1,['normal_sinus_rhythm']
 sinus rhythm q wave in ii iii avf consistent with old inferior myocardial infarct non - specific t wave flattening in i and inversion in avl ,1,['normal_sinus_rhythm']
 sinus rhythm non - specific intraventricular block q wave in ii iii avf v6 consistent with old inferolateral myocardial infarct ,1,['normal_sinus_rhythm']
 sinus rhythm st segments are depressed in ii iii avf v5 xxxx t wave are low in ii and inverted in iii avf non - specific but consistent with inferolateral myocardial ischaemia possible old inferior myocardial infarct ,1,['normal_sinus_rhythm']
 sinus rhythm pr interval is at upper limit of normal otherwise normal ecg ,1,['normal_sinus_rhythm']
 sinus rhythm left axis deviation left anterior fascicular block voltages are high in limb leads suggesting lvh qs complex in v2 suggesting anteroseptal infarct of uncertain age ,1,['normal_sinus_rhythm']
 sinus rhythm voltages are high in limb leads suggesting lvh qs complex in v2 suggesting old anteroseptal infarct t wave are low or flat in i avl v3 - xxxx findings are likely to be due to ischaemic heart disease ,1,['normal_sinus_rhythm']
 sinus rhythm minor non - specific t wave flattening in i avl otherwise normal ecg ,2,['normal_sinus_rhythm']
 sinus rhythm low limb lead voltage poor progression of r wave in anterior chest leads suggesting old anteroseptal infarct st segments are depressed in i avl t wave are low or flat in limb leads and v5 xxxx non - specific but consistent with myocardial ,1,['normal_sinus_rhythm']
 sinus rhythm st segments are depressed in i avl v5 xxxx this may be due to lv strain or ischaemia ,2,['normal_sinus_rhythm']
 sinus rhythm prolonged pr interval left axis deviation left bundle branch block ,1,['normal_sinus_rhythm']
 sinus rhythm st segments are elevated in iii avf st segments are depressed in i avl v2 - xxxx early inferior myocardial infarct is a possibility suggest enzyme studies and repeat tracing ,1,['normal_sinus_rhythm']
 sinus rhythm incomplete right bundle branch block non - specific t wave flattening in v3 xxxx ,1,['normal_sinus_rhythm']
 sinus rhythm st segments are depressed in i avl there is terminal t wave inversion in v2 xxxx recent ischaemia or early infarct is a possibility suggest enzyme studies and repeat tracing edit injas xxxx ,1,['normal_sinus_rhythm']
 premature ventricular contraction ( s ) sinus rhythm voltages in chest leads are at upper limit st segments are depressed in avl v4 xxxx this may be due to lv strain or ischaemia prolonged qt this may be due to a drug effect or an electrolyte distur ,1,['normal_sinus_rhythm']
 sinus rhythm voltages are high in limb leads suggesting lvh r - s transition in v leads displaced to the right otherwise no definite pathology ,1,['normal_sinus_rhythm']
 sinus rhythm prolonged pr interval possible left atrial enlargement left axis deviation left anterior fascicular block non - specific t wave flattening in i v5 xxxx and inversion in avl ,1,['normal_sinus_rhythm']
 sinus rhythm compared with tracing of xxxx it is not significantly changed evidence of anterior myocardial infarct probably old is present persistent st segment elevation may indicate a ventricular aneurysm ,1,['normal_sinus_rhythm']
 sinus rhythm r - s transition zone in v leads displaced to the right st segments are elevated in v2 xxxx this may be normal st segments are depressed in v5 xxxx t wave are flat in limb leads and v5 and inverted in v6 non - specific but consistent with myocar ,1,['normal_sinus_rhythm']
 sinus rhythm voltages are high in chest leads suggesting lvh compared with submitted tracing dated xxxx rhythm was previously atrial fibrillation with rapid ventricular response ( xxxx - min ) there now sinus rhythm t wave were inverted in i ii ,1,['normal_sinus_rhythm']
 sinus rhythm compared with tracing of xxxx st segment elevation in anterior chest leads is a little more pronounced but there has not been significant change in the t wave t wave now flat rather than slightly inverted in i some recent ante ,1,['normal_sinus_rhythm']
 premature ventricular contraction ( s ) sinus rhythm st segments are slightly depressed in v5 xxxx t wave are flat in ii v5 xxxx and inverted in iii avf non - specific but consistent with inferolateral myocardial ischaemia ,1,['normal_sinus_rhythm']
 sinus rhythm compared with tracing of xxxx there now st segment elevation in v5 xxxx and to a minimal degree in ii iii avf recent ischaemia or early infarct is possible ,1,['normal_sinus_rhythm']
 sinus tachycardia left axis deviation q wave in ii iii avf consistent with old inferior myocardial infarct ,1,['sinus_tachycardia']
 premature ventricular contraction ( s ) sinus rhythm minor non - specific st segment depression in v4 xxxx otherwise normal ecg ,2,['normal_sinus_rhythm']
 sinus rhythm prolonged pr interval non - specific intraventricular delay minor non - specific st segment depression in i avl ,1,['normal_sinus_rhythm']
 sinus rhythm r - s transition zone in v leads displaced to the right nonspecific st elevation v2 - v4 is almost certainly a normal variant of repolarization ,1,['normal_sinus_rhythm']
 sinus rhythm prolonged pr interval borderline left axis deviation right bundle branch block possible old inferior infarct ,1,['normal_sinus_rhythm']
 sinus rhythm voltages in chest leads are at upper limit possible old inferior infarct ,1,['normal_sinus_rhythm']
 sinus bradycardia otherwise no definite pathology the cause of the bradycardia is not evident ,2,['sinus_bradycardia']
 sinus rhythm voltages are high in limb leads suggesting lvh qs complex in v2 xxxx consistent with old anteroseptal myocardial infarct st segments are depressed in i avl this may be due to lv strain or ischaemia ,1,['normal_sinus_rhythm']
 sinus rhythm p wave are inconspicuous left bundle branch block this is most commonly due to ischaemic heart disease ,1,['normal_sinus_rhythm']
 sinus rhythm non - specific t wave flattening in limb leads and v4 xxxx myocardial ischaemia cannot be excluded suggest exclude hypokalaemia ,1,['normal_sinus_rhythm']
 sinus rhythm voltages in limb leads are at upper limit st segments are depressed in i avl t wave are flat in i and v5 xxxx and inverted in avl this may be due to lv strain or ischaemia ,1,['normal_sinus_rhythm']
 sinus rhythm prolonged pr interval voltages are high in chest leads suggesting lvh st segments are depressed in i ii avl v4 xxxx t wave are low in i v5 xxxx this may be due to lv strain or ischaemia ,1,['normal_sinus_rhythm']
 sinus rhythm non - specific t wave flattening in v6 otherwise normal ecg ,1,['normal_sinus_rhythm']
 sinus rhythm left axis deviation non - specific intraventricular delay left ventricular hypertrophy qs complex in v2 xxxx suggesting anteroseptal infarct probably old st segments are depressed and t wave inverted in i avl v6 this may be due to lv ,1,['normal_sinus_rhythm']
 sinus rhythm right bundle branch block non - specific t wave abnormality in v3 - xxxx possibly due to bundle branch block ,1,['normal_sinus_rhythm']
 sinus rhythm incomplete right bundle branch block non - specific t wave flattening in v6 ,1,['normal_sinus_rhythm']
 sinus rhythm st segments are elevated in ii avf v2 - xxxx this is probably a normal variant no definite pathology ,1,['normal_sinus_rhythm']
 sinus bradycardia non - specific intraventricular delay voltages are high in limb leads suggesting lvh st segments are depressed and t wave inverted in i ii avl v5 xxxx this may be due to lv strain or ischaemia ,1,['sinus_bradycardia']
 sinus rhythm qs complex and slight st segment elevation in v2 xxxx t wave are flat in i v6 and inverted in avl v4 xxxx consistent with ischaemic heart disease with anterior myocardial infarct of uncertain age probably old ,1,['normal_sinus_rhythm']
 sinus rhythm atrial premature complex low limb lead voltage non - specific t abnormality in anterior leads especially in v3 - v5 ischaemia is a likely cause ,1,['normal_sinus_rhythm']
 sinus rhythm right bundle branch block small lateral q wave noted ,1,['normal_sinus_rhythm']
 sinus rhythm pr interval is at upper limits of normal normal ecg ,1,['normal_sinus_rhythm']
 sinus rhythm left anterior fascicular block t wave change in v3 v4 consistent with ischaemia or subendocardial infarct ,1,['normal_sinus_rhythm']
 sinus tachycardia atrial premature contraction artifact in lead v1 possible left atrial enlargement poor anterior r wave progression left ventricular hypertrophy on voltage criteria with mild st and t wave change which are non - diagnostic ,1,['sinus_tachycardia']
 sinus rhythm first degree av block pr interval of xxxx seconds left anterior fascicular block non - diagnostic lateral t wave flattening query ischaemia ,1,['normal_sinus_rhythm']
 sinus rhythm right bundle branch block no ecg evidence of ischaemia ,1,['normal_sinus_rhythm']
 sinus rhythm left anterior fascicular block extensive anterior t wave inversion consistent with ischaemia or subendocardial infarct ,1,['normal_sinus_rhythm']
 sinus rhythm incomplete right bundle branch block non - specific infero - lateral st and t change ,1,['normal_sinus_rhythm']
 sinus rhythm p wave vector consistent with respiratory disease st elevation antero - septaly consistent with tansmural ischaemia suggest early progress tracing ,1,['normal_sinus_rhythm']
 sinus rhythm possible old antero - septal infarct antero - lateral st and t change consistent with left ventricular strain or ischaemia \ ,1,['normal_sinus_rhythm']
 sinus rhythm borderline precordial voltages of left ventricular hypertrophy normal ecg ,1,['normal_sinus_rhythm']
 sinus rhythm voltages in standard leads of left ventricula hypertrophy otherwise normal ,1,['normal_sinus_rhythm']
 sinus rhythm ventricular premture complex voltages of left ventricular hypertrophy st and t change of let ventricular strain t wave inversion in inferior leads query ischaemia ,1,['normal_sinus_rhythm']
 sinus rhythm voltages are high in chest leads suggesting lvh non - specific st segment depression in ii iii avf v4 xxxx this may be due to lv strain or ischaemia ,1,['normal_sinus_rhythm']
 sinus tachycardia minor non - specific st and t wave change ,2,['sinus_tachycardia']
 sinus rhythm borderline left axis deviation left bundle branch block this is most commonly due to ischaemic heart disease in the presence of lbbb ischaemia is not excluded ,1,['normal_sinus_rhythm']
 sinus rhythm voltages are high in limb leads suggesting lvh st segments are depressed in i avl v5 xxxx t wave are low or flat in i avl v5 xxxx t wave are inverted in v2 xxxx findings are likely to be due to ischaemic heart disease the age of the cha ,1,['normal_sinus_rhythm']
 sinus arrhythmia voltages are high in chest leads suggesting lvh otherwise normal ecg ,1,['sinus_arrhythmia']
 sinus arrhythmia prolonged pr interval possible left atrial enlargement low limb lead voltage right bundle branch block non - specific t wave flattening in i avl v5 xxxx ,1,['sinus_arrhythmia']
 sinus rhythm q wave in v2 xxxx st segments are elevated in v1 xxxx consistent with anteroseptal myocardial infarct of uncertain age ,1,['normal_sinus_rhythm']
 sinus rhythm minor non - specific st segment depression in iii avf of doubtful significance ,1,['normal_sinus_rhythm']
 sinus rhythm possible left atrial enlargement incomplete right bundle branch block q wave in ii iii avf suggesting old inferior myocardial infarct ,1,['normal_sinus_rhythm']
 sinus rhythm q wave in ii iii avf t wave are inverted in i ii avl v5 xxxx consistent with ischaemic heart disease with old inferior myocardial infarct ,1,['normal_sinus_rhythm']
 sinus rhythm voltages are high in chest leads suggesting lvh q wave in ii iii avf st segments are depressed in ii v4 xxxx t wave are low or flat in ii v4 xxxx consistent with ischaemic heart disease with old inferior myocardial infarct ,1,['normal_sinus_rhythm']
 sinus rhythm compared with tracing of xxxx rhythm now sinus ( previously atrial flutter ) appearances in inferior leads now unremarkable ,1,['normal_sinus_rhythm']
 sinus rhythm st segments are depressed in i ii avl v4 xxxx t wave are low or flat in these leads this may be due to lv strain or ischaemia prolonged qt this may be due to a drug effect or an electrolyte disturbance ,1,['normal_sinus_rhythm']
 sinus rhythm st segments are depressed in ii v3 - xxxx non - specific but consistent with myocardial ischaemia ,1,['normal_sinus_rhythm']
 sinus tachycardia left axis deviation left anterior fascicular block otherwise normal ecg ,1,['sinus_tachycardia']
 sinus rhythm clockwise rotation in chest leads otherwise normal ecg edit norm xxxx negtiii+v1 ( norm xxxx ) ,1,['normal_sinus_rhythm']
 sinus rhythm t wave are inverted in v2 xxxx non - specific but consistent with myocardial ischaemia edit iscas xxxx ( r ) qsiii tnegv1 - xxxx ,1,['normal_sinus_rhythm']
 premature atrial contraction ( s ) sinus tachycardia non - specific t wave flattening in v3 - xxxx ,1,['sinus_tachycardia']
 sinus rhythm there is slight terminal t wave inversion in v2 xxxx of uncertain significance ,1,['normal_sinus_rhythm']
 sinus rhythm left axis deviation qs complex in v2 consistent with old anteroseptal myocardial infarct q wave in ii iii avf consistent with old inferior myocardial infarct ,1,['normal_sinus_rhythm']
 sinus rhythm voltages are high in chest leads suggesting lvh otherwise no definite pathology edit lvh xxxx sokolow xxxx ( lvh xxxx ) ,1,['normal_sinus_rhythm']
 sinus rhythm incomplete right bundle branch block minor non - specific st and t wave change in v4 xxxx ,1,['normal_sinus_rhythm']
 premature ventricular contraction ( s ) sinus rhythm minor terminal conduction delay otherwise normal ecg ,1,['normal_sinus_rhythm']
 sinus rhythm normal ecg edit norm in manchen schlägen qsiii ,1,['normal_sinus_rhythm']
 sinus bradycardia prolonged qt this may be due to a drug effect or an electrolyte disturbance the cause of the bradycardia is not evident ,1,['sinus_bradycardia']
 sinus rhythm premature atrial contractions bigeminy otherwise normal ecg ,1,['normal_sinus_rhythm']
 sinus rhythm voltages are high in chest leads suggesting lvh st segments are depressed in i ii v5 xxxx this may be due to lv strain or ischaemia ,1,['normal_sinus_rhythm']
 premature ventricular contraction ( s ) sinus tachycardia st segments are slightly depressed in ii avf v5 xxxx t wave are low or flat in limb leads and v4 xxxx non - specific but consistent with myocardial ischaemia ,1,['sinus_tachycardia']
 premature ventricular contraction ( s ) sinus rhythm r - s transition zone in v leads displaced to the left voltages are high in limb leads suggesting lvh st segments are depressed in i avl t wave are generally low findings are likely to be due to isch ,1,['normal_sinus_rhythm']
 sinus rhythm markedly prolonged pr interval right bundle branch block ,1,['normal_sinus_rhythm']
 sinus tachycardia low limb lead voltage otherwise normal ecg ,1,['sinus_tachycardia']
 sinus rhythm st segments are slightly depressed in ii iii avf v6 t wave are low or flat in i avl v6 this may be due to lv strain or ischaemia ,1,['normal_sinus_rhythm']
 sinus rhythm left anterior fascicular block ,1,['normal_sinus_rhythm']
 sinus rhythm minor non - specific st and t wave change prolonged qt suggest exclude hypokalaemia ,2,['normal_sinus_rhythm']
 sinus rhythm prolonged pr interval left bundle branch block in the presence of lbbb ischaemia is not excluded ,1,['normal_sinus_rhythm']
 sinus rhythm voltages are high in chest leads suggesting lvh st segments are depressed and t wave slightly inverted in i ii avl v4 xxxx this may be due to lv strain or ischaemia ,1,['normal_sinus_rhythm']
 sinus rhythm st segments are slightly elevated in v1 - xxxx this is probably a normal variant no definite pathology suggest repeat if clinically indicated ,1,['normal_sinus_rhythm']
 sinus rhythm st segments are slightly depressed in i avl t wave are low or flat in v4 xxxx non - specific but consistent with myocardial ischaemia ,1,['normal_sinus_rhythm']
 sinus rhythm t wave are low or flat in ii v3 - xxxx and inverted in iii avf non - specific but consistent with myocardial ischaemia ,1,['normal_sinus_rhythm']
 sinus rhythm left atrial enlargement right bundle branch block t wave are inverted in i avl v5 xxxx consistent with lateral ischaemia or subendocardial infarct of uncertain age ,1,['normal_sinus_rhythm']
 sinus tachycardia left axis deviation left anterior fascicular block non - specific t wave change in i avl ,1,['sinus_tachycardia']
 sinus rhythm q wave in ii iii avf are probably normal but old inferior infarct cannot be entirely excluded st segments are depressed in v5 xxxx t wave are flat or slightly inverted in i avl v4 xxxx non - specific but consistent with myocardial ischaemi ,1,['normal_sinus_rhythm']
 sinus rhythm possible left atrial enlargement voltages are high in limb leads suggesting lvh non - specific intraventricular delay minor non - specific st and t wave change in i avl v5 xxxx ,1,['normal_sinus_rhythm']
 sinus rhythm st segments are elevated in v3 - xxxx this is probably a normal variant otherwise normal ecg suggest repeat if clinically indicated ,1,['normal_sinus_rhythm']
 sinus rhythm voltages are high in limb leads suggesting lvh st segments are depressed in i ii avf v4 xxxx this may be due to lv strain or ischaemia and digitalis effect ,1,['normal_sinus_rhythm']
 sinus rhythm prolonged pr interval st segments are depressed in i v4 xxxx t wave are low or flat in i avl and slightly inverted in ii iii avf v5 xxxx this may be due to lv strain or ischaemia ,1,['normal_sinus_rhythm']
 sinus rhythm voltages in chest leads are at upper limit minimal non - specific st segment depression in v5 xxxx ,1,['normal_sinus_rhythm']
 sinus rhythm normal ecg edit norm xxxx ( r ) siii ( norm xxxx ) ,1,['normal_sinus_rhythm']
 sinus rhythm prolonged pr interval st segments are depressed in i avl t wave are flat in i and inverted in avl this may be due to lv strain or ischaemia ,1,['normal_sinus_rhythm']
 premature atrial contraction ( s ) sinus rhythm non - specific t wave flattening in limb leads and v5 xxxx prolonged qt this may be due to a drug effect or an electrolyte disturbance ,1,['normal_sinus_rhythm']
 sinus rhythm premature ventricular contraction ( s ) otherwise normal ecg edit norm xxxx deutliche baselinedrift v2 xxxx ,1,['normal_sinus_rhythm']
 sinus rhythm minor non - specific st segment elevation in v2 xxxx no definite pathology ,1,['normal_sinus_rhythm']
 sinus rhythm voltages are high in chest leads suggesting lvh otherwise normal ecg edit lvh xxxx sokolow xxxx ( lvh xxxx ) ,1,['normal_sinus_rhythm']
 sinus rhythm voltages are high in chest leads suggesting lvh otherwise no definite pathology edit lvh xxxx sokolow xxxx ( norm xxxx ) ,1,['normal_sinus_rhythm']
 sinus rhythm left axis deviation left anterior fascicular block incomplete right bundle branch block st segments are elevated in v2 - xxxx this is probably a normal variant compared with submitted tracing dated xxxx it is not significantly changed ,1,['normal_sinus_rhythm']
 sinus rhythm minor non - specific st segment depression in i v5 xxxx ,1,['normal_sinus_rhythm']
 sinus arrhythmia minor non - specific st and t wave change in v4 xxxx edit norm xxxx isc xxxx unspez st - streckenveränderungen v4 - xxxx ( ndt ) ,1,['sinus_arrhythmia']
 sinus rhythm normal ecg edit norm rsiii ( norm xxxx ) ,1,['normal_sinus_rhythm']
 sinus tachycardia q wave in ii iii avf consistent with old inferior myocardial infarct st segments are depressed in i avl t wave are flat in v3 - xxxx findings are likely to be due to ischaemic heart disease ,1,['sinus_tachycardia']
 sinus rhythm st segments are depressed in i avl v4 xxxx t wave are inverted in i avl and low or flat in v4 xxxx this may be due to lv strain or ischaemia ,1,['normal_sinus_rhythm']
 premature atrial contraction ( s ) sinus rhythm low limb lead voltage st segments are depressed in i ii v5 xxxx non - specific but consistent with myocardial ischaemia and digitalis effect ,1,['normal_sinus_rhythm']
 sinus rhythm prolonged pr interval non - specific t wave flattening in i v6 edit norm xxxx ndt ,1,['normal_sinus_rhythm']
 sinus rhythm r - s transition zone in v leads displaced to the right minor non - specific t wave flattening in i v6 edit norm xxxx rsv2 ( norm xxxx ) ,1,['normal_sinus_rhythm']
 sinus rhythm non - specific t wave flattening in i avl v5 xxxx edit norm xxxx flache t - wellen ( ndt ) ,1,['normal_sinus_rhythm']
 premature atrial contraction ( s ) sinus rhythm incomplete right bundle branch block ,1,['normal_sinus_rhythm']
 premature atrial contraction ( s ) sinus rhythm left ventricular hypertrophy st segments are depressed in i ii iii avf v4 xxxx t wave are low in these leads this may be due to lv strain or ischaemia ,1,['normal_sinus_rhythm']
 sinus bradycardia otherwise normal ecg the cause of the marked bradycardia is not evident ,1,['sinus_bradycardia']
 sinus tachycardia left atrial enlargement voltages are high in chest leads suggesting lvh t wave are inverted in ii iii avf v5 and flat in i avl v6 non - specific but consistent with myocardial ischaemia ,1,['sinus_tachycardia']
 sinus rhythm tiny r wave in v3 q wave in i ii avl v4 xxxx st segments are elevated in v1 xxxx st segments are depressed in i avl v5 xxxx t wave are inverted in avl v2 xxxx and flat in i v5 xxxx consistent with anterior and lateral myocardial in ,1,['normal_sinus_rhythm']
 premature ventricular contraction ( s ) sinus tachycardia st segments are depressed in i avl v5 xxxx t wave are flat in these leads this may be due to lv strain or ischaemia ,1,['sinus_tachycardia']
 sinus bradycardia st segments are depressed in i avl t wave are inverted in i avl and v5 xxxx this may be due to lv strain or ischaemia tiny r wave in v2 xxxx old anteroseptal infarct cannot be excluded the cause of the bradycardia is not evident ,1,['sinus_bradycardia']
 sinus rhythm voltages are high in limb leads suggesting lvh qs complex in v2 and tiny r wave in v3 suggesting old anteroseptal myocardial infarct ,1,['normal_sinus_rhythm']
 sinus rhythm no definite pathology edit ivcb ( norm xxxx ) ,1,['normal_sinus_rhythm']
 sinus rhythm st segments are depressed in i avl v4 xxxx t wave are low or flat throughout findings are likely to be due to ischaemic heart disease suggest exclude hypokalaemia ,1,['normal_sinus_rhythm']
 sinus rhythm left axis deviation right bundle branch block q wave in v1 xxxx suggesting old anteroseptal infarct ,1,['normal_sinus_rhythm']
 sinus rhythm minor non - specific st segment depression and t wave flattening in v5 xxxx ,1,['normal_sinus_rhythm']
 sinus rhythm prolonged pr interval compared with tracing of xxxx there now slight t wave inversion in v2 xxxx consistent with myocardial ischaemia ,1,['normal_sinus_rhythm']
 sinus rhythm voltages are high in limb leads suggesting lvh t wave are inverted in v3 xxxx non - specific but consistent with myocardial ischaemia the age of the change is uncertain ,1,['normal_sinus_rhythm']
 sinus rhythm premature ventricular contraction ( s ) left axis deviation non - specific intraventricular block left ventricular hypertrophy st segments are depressed and t wave inverted in i avl v4 xxxx this may be due to lv strain or ischaemia ,1,['normal_sinus_rhythm']
 sinus rhythm qs complex in v2 old anteroseptal infarct cannot be excluded otherwise normal ecg ,1,['normal_sinus_rhythm']
 sinus rhythm non - specific t wave flattening in i avl v5 xxxx compared with tracing of xxxx and xxxx it now resembles the former the changing pattern suggests recent ischaemia ,1,['normal_sinus_rhythm']
 sinus rhythm voltages are high in chest leads suggesting lvh st segments are depressed in i v4 xxxx t wave are low or flat in i avl v5 xxxx this may be due to lv strain or ischaemia ,1,['normal_sinus_rhythm']
 sinus rhythm voltages are high in chest leads suggesting lvh tiny r wave in v2 xxxx suggesting old anteroseptal infarct ,1,['normal_sinus_rhythm']
 sinus tachycardia left axis deviation minor non - specific st segment depression in avl v5 xxxx ,1,['sinus_tachycardia']
 initially there is sinus rhythm ( rate = approx xxxx - min ) with atrial premature complex and bigeminy this is followed by a run of rapid regular paroxysmal supraventricular tachycardia ( rate = xxxx - min ) t wave are flat throughout ,1,['normal_sinus_rhythm']
 sinus rhythm left axis deviation left anterior fascicular block voltages are high in limb leads suggesting lvh qs complex in v2 and tiny r wave in v3 consistent with old anteroseptal myocardial infarct st segments are depressed and t wave i ,1,['normal_sinus_rhythm']
 sinus rhythm q wave in ii iii avf consistent with old inferior myocardial infarct qs complex and st segment elevation in v2 xxxx consistent with anteroseptal myocardial infarct of uncertain age possibly recent st segments are depressed i ,1,['normal_sinus_rhythm']
 sinus rhythm incomplete right bundle branch block st segments are depressed in i ii avf v4 xxxx non - specific but consistent with myocardial ischaemia ,1,['normal_sinus_rhythm']
 premature ventricular contraction ( s ) bigeminy sinus rhythm qs complex in v2 and tiny r wave in v3 suggesting old anteroseptal myocardial infarct q wave and t wave inversion in ii iii avf consistent with old inferior myocardial infarct ,1,['normal_sinus_rhythm']
 sinus rhythm q wave in ii iii avf consistent with old inferior myocardial infarct non - specific t wave flattening in i avl ,1,['normal_sinus_rhythm']
 sinus rhythm left axis deviation left anterior fascicular block voltages are high in limb leads suggesting lvh qs complex and st segments are elevated in v2 xxxx consistent with anteroseptal myocardial infarct of uncertain age t wave are inverted ,1,['normal_sinus_rhythm']
 sinus rhythm pr interval is short and delta wave are present these features indicate the wolff - parkinson - white syndrome patients may be prone to bouts of paroxysmal supra - ventricular tachyarrhythmias ,1,['normal_sinus_rhythm']
 sinus rhythm non - specific t wave inversion in v2 and flattening in v3 prolonged qt this may be due to a drug effect or an electrolyte disturbance ,1,['normal_sinus_rhythm']
 sinus rhythm non - specific t wave flattening in v5 xxxx prolonged qt this may be due to a drug effect or an electrolyte disturbance ,1,['normal_sinus_rhythm']
 sinus rhythm left ventricular hypertrophy st segments are depressed and t wave inverted in i avl v4 xxxx this may be due to lv strain or ischaemia ,1,['normal_sinus_rhythm']
 sinus rhythm st segments are slightly depressed in i avl v4 xxxx this may be due to lv strain or ischaemia ,1,['normal_sinus_rhythm']
 sinus rhythm t wave are low or flat in i v4 xxxx and inverted in avl this may be due to lv strain or ischaemia ,1,['normal_sinus_rhythm']
 premature atrial contraction ( s ) sinus bradycardia voltages are high in chest leads suggesting lvh st segments are depressed in i ii iii avf v3 - xxxx t wave are low or slightly inverted in these leads this may be due to lv strain or ischaemia the ca ,1,['sinus_bradycardia']
 sinus rhythm voltages are high in chest leads suggesting lvh st segments are depressed in i avl v5 xxxx t wave are low in limb leads and v4 xxxx this may be due to lv strain or ischaemia ,1,['normal_sinus_rhythm']
 sinus rhythm tiny r wave in v2 xxxx suggesting old anteroseptal infarct st segments are depressed in i avl t wave are inverted in i avl and flat in ii v5 xxxx this may be due to lv strain or ischaemia ,1,['normal_sinus_rhythm']
 premature ventricular contraction ( s ) bigeminy premature atrial contraction ( s ) sinus tachycardia left atrial enlargement left axis deviation left anterior fascicular block probable old posterior infarct ,1,['sinus_tachycardia']
 sinus rhythm slight st segment depression in v5 xxxx t wave are low in i v6 and inverted in avl this may be due to lv strain or ischaemia ,1,['normal_sinus_rhythm']
 sinus rhythm t wave are low or flat in limb leads and inverted in v4 xxxx myocardial ischaemia is a possible cause the age of the change is uncertain ,1,['normal_sinus_rhythm']
 sinus rhythm voltages are high in limb leads suggesting lvh minor non - specific st segment depression in i avl v5 xxxx ,1,['normal_sinus_rhythm']
 sinus bradycardia the bradycardia may be due to beta - blocker therapy possible left atrial enlargement otherwise no definite pathology ,1,['sinus_bradycardia']
 sinus rhythm prolonged pr interval non - specific intraventricular delay t wave are slightly inverted in i avl v6 non - specific but consistent with myocardial ischaemia ,1,['normal_sinus_rhythm']
 sinus rhythm st segments are depressed in i v5 xxxx t wave are low or flat in i avl v5 xxxx non - specific but consistent with myocardial ischaemia prolonged qt this may be due to a drug effect or an electrolyte disturbance ,1,['normal_sinus_rhythm']
 sinus rhythm qs complex in v2 suggesting old anteroseptal infarct non - specific t wave flattening in i avl v4 xxxx edit katastrophale qualität ,1,['normal_sinus_rhythm']
 sinus rhythm low limb lead voltage t wave are flat or slightly inverted in i avl v3 - xxxx findings are likely to be due to ischaemic heart disease ,1,['normal_sinus_rhythm']
 sinus rhythm q wave in ii iii avf consistent with old inferior myocardial infarct r wave in v3 is smaller than in v2 old anteroseptal infarct cannot be excluded ,1,['normal_sinus_rhythm']
 sinus rhythm q wave in ii iii avf suggesting old inferior infarct t wave are low or flat in limb leads and v6 non - specific but consistent with myocardial ischaemia ,1,['normal_sinus_rhythm']
 sinus rhythm non - specific intraventricular delay q wave in ii iii avf st segments are depressed in i ii v6 t wave are inverted in ii iii avf v6 t wave are low or flat in i avl v4 xxxx consistent with ischaemic heart disease with old inferior ,1,['normal_sinus_rhythm']
 sinus rhythm t wave are flat throughout prolonged qt suggest exclude hypokalaemia ,1,['normal_sinus_rhythm']
 sinus tachycardia st segments are markedly depressed in i ii avl avf v4 xxxx consistent with myocardial ischaemia st segments are elevated in iii v1 this is of uncertain significance ,1,['sinus_tachycardia']
 sinus rhythm st segments are depressed in ii iii avf v3 - xxxx non - specific but consistent with myocardial ischaemia ,1,['normal_sinus_rhythm']
 sinus tachycardia compared with tracing of xxxx it is very similar gross st segment depression persists st segments are elevated in v1 but in iii are isoelectric ,1,['sinus_tachycardia']
 sinus rhythm non - specific intraventricular delay ii iii avf st segments are depressed in i avl v4 xxxx t wave are inverted in ii iii avf v3 - xxxx consistent with ischaemic heart disease with inferior myocardial infarct probably old it is dif ,1,['normal_sinus_rhythm']
 premature ventricular contraction ( s ) bigeminy sinus rhythm right bundle branch block ,1,['normal_sinus_rhythm']
 premature ventricular contraction ( s ) sinus rhythm left axis deviation left anterior fascicular block ,1,['normal_sinus_rhythm']
 sinus arrhythmia voltages are high in chest leads suggesting lvh ,1,['sinus_arrhythmia']
 sinus arrhythmia qs complex in v2 xxxx consistent with old anteroseptal myocardial infarct non - specific t wave flattening in i avl ,1,['sinus_arrhythmia']
 sinus rhythm voltages are high in chest leads suggesting lvh non - specific t wave flattening in i avl v6 ,1,['normal_sinus_rhythm']
 sinus rhythm prolonged pr interval st segments are depressed and t wave inverted in i avl t wave are flat in v5 xxxx this may be due to lv strain or ischaemia ,1,['normal_sinus_rhythm']
 sinus rhythm possible left atrial enlargement voltages are high in chest leads suggesting lvh st segments are depressed in i v4 xxxx t wave are flat in limb leads and slightly inverted in v4 xxxx this may be due to lv strain or ischaemia ,1,['normal_sinus_rhythm']
 sinus rhythm prolonged pr interval compared with tracing of xxxx it is very similar but t wave are less inverted in v4 xxxx ,1,['normal_sinus_rhythm']
 sinus rhythm voltages in limb leads are at upper limit t wave are low or flat in limb leads and v4 xxxx non - specific but consistent with myocardial ischaemia ,1,['normal_sinus_rhythm']
 sinus rhythm normal ecg there is no definite ecg evidence to suggest either ischaemia or pulmonary embolism ,1,['normal_sinus_rhythm']
 sinus rhythm minor non - specific st segment depression in v5 xxxx ,2,['normal_sinus_rhythm']
 sinus rhythm left axis deviation possible old inferior infarct ,3,['normal_sinus_rhythm']
 premature ventricular contraction ( s ) premature atrial contraction ( s ) sinus rhythm slightly prolonged qt this may be due to a drug effect or an electrolyte disturbance ,1,['normal_sinus_rhythm']
 sinus rhythm q wave in ii iii avf old inferior myocardial infarct cannot be excluded otherwise normal ecg ,1,['normal_sinus_rhythm']
 sinus rhythm r - s transition zone in v leads displaced to the left no definite pathology ,1,['normal_sinus_rhythm']
 sinus rhythm prolonged pr interval st segments are slightly depressed and t wave inverted in i avl this may be due to lv strain or ischaemia ,1,['normal_sinus_rhythm']
 sinus rhythm non - specific t wave flattening in i avl v4 xxxx myocardial ischaemia is a possible cause ,2,['normal_sinus_rhythm']
 premature ventricular contraction ( s ) sinus rhythm leftward axis otherwise normal ecg ,1,['normal_sinus_rhythm']
 sinus rhythm rightward axis probable left posterior fascicular block st segments are depressed in ii iii avf t wave are inverted in v2 - xxxx findings are likely to be due to ischaemic heart disease however anterior t wave change may be due to ri ,1,['normal_sinus_rhythm']
 premature atrial contraction ( s ) sinus rhythm st segments are depressed in i ii avl v4 xxxx t wave are low in these leads this may be due to lv strain or ischaemia and digitalis effect ,1,['normal_sinus_rhythm']
 sinus rhythm qs complex in v2 xxxx st segments are elevated in v2 xxxx st segments are depressed in ii iii avf t wave are inverted in i avl v4 xxxx with terminal inversion in v2 xxxx consistent with ischaemic heart disease with anteroseptal myocardi ,1,['normal_sinus_rhythm']
 sinus rhythm slight non - specific st segment depression in i avl myocardial ischaemia is a possible cause slightly prolonged qt this may be due to a drug effect or an electrolyte disturbance ,1,['normal_sinus_rhythm']
 sinus tachycardia prolonged pr interval terminal t wave inversion in v2 - xxxx is of uncertain significance it is also present to a lesser degree in inferior leads suggest repeat ,1,['sinus_tachycardia']
 premature ventricular contraction ( s ) sinus rhythm voltages in limb leads are at upper limit slightly prolonged qt this may be due to a drug effect or an electrolyte disturbance ,1,['normal_sinus_rhythm']
 sinus rhythm st segments are depressed in ii iii avf t wave are low in ii and inverted in iii avf inferior myocardial ischaemia is likely ,1,['normal_sinus_rhythm']
 sinus rhythm t wave are low or flat in limb leads and slightly inverted in v4 xxxx non - specific but consistent with myocardial ischaemia ,1,['normal_sinus_rhythm']
 sinus rhythm voltages are high in chest leads suggesting lvh st segments are depressed in i avl v5 xxxx this may be due to lv strain or ischaemia deep but narrow q wave in i avl v4 xxxx may indicate septal hypertrophy ,1,['normal_sinus_rhythm']
 premature ventricular contraction ( s ) sinus rhythm grossly prolonged pr interval ( xxxx sec ) dropped complex due to second degree av block st segments are depressed in i ii avl avf v4 xxxx findings are very similar to xxxx ,1,['normal_sinus_rhythm']
 sinus tachycardia incomplete right bundle branch block ,1,['sinus_tachycardia']
 sinus rhythm borderline left axis deviation non - specific t wave flattening in ii iii avf v5 xxxx myocardial ischaemia is a possible cause ,1,['normal_sinus_rhythm']
 sinus tachycardia left atrial enlargement left anterior fascicular block leads v2 and v3 are probably crossed left ventricular hypertrophy st and t wave change in the anterolateral leads are consistent with strain or ischaemia ,1,['sinus_tachycardia']
 premature atrial contraction ( s ) sinus rhythm possible left atrial enlargement borderline left axis deviation otherwise normal ecg edit norm qsiii und lafb in manchen schlägen ,1,['normal_sinus_rhythm']
 sinus rhythm voltages in limb leads are at upper limit non - specific intraventricular delay ,1,['normal_sinus_rhythm']
 premature ventricular contractions bigeminy sinus rhythm otherwise no definite pathology the computer has selected vpbs as typical ventricular complex please ignore this ,2,['normal_sinus_rhythm']
 sinus bradycardia with sinus arrhythmia the bradycardia may be physiological st segments are elevated in i ii avf v2 - xxxx this is probably a normal variant high v lead voltages are probably normal for age ,2,"['sinus_arrhythmia', 'sinus_bradycardia']"
 sinus rhythm prolonged pr interval possible left atrial enlargement left ventricular hypertrophy st segments are depressed in i ii avl v5 xxxx t wave are inverted in i avl and low in v5 xxxx this may be due to lv strain or ischaemia ,1,['normal_sinus_rhythm']
 sinus rhythm r - s transition zone in v leads displaced to the right otherwise normal ecg edit norm xxxx sokolow xxxx ,1,['normal_sinus_rhythm']
 sinus rhythm t wave are flat in ii iii avf v6 non - specific but consistent with myocardial ischaemia ,1,['normal_sinus_rhythm']
 sinus rhythm r - s transition zone in v leads displaced to the right incomplete right bundle branch block q wave in ii iii avf are probably normal no definite pathology ,1,['normal_sinus_rhythm']
 premature ventricular contraction ( s ) premature atrial contraction ( s ) sinus rhythm voltages are high in limb leads suggesting lvh ,1,['normal_sinus_rhythm']
 sinus rhythm left axis deviation left anterior fascicular block incomplete right bundle branch block otherwise no definite pathology ,1,['normal_sinus_rhythm']
 sinus rhythm qs complex in v2 suggesting old anteroseptal infarct ,2,['normal_sinus_rhythm']
 sinus tachycardia st segments are slightly depressed in i avl v6 t wave are low or flat in limb leads and v6 this may be due to lv strain or ischaemia ,1,['sinus_tachycardia']
 premature ventricular contraction ( s ) sinus rhythm left bundle branch block this is most commonly due to ischaemic heart disease ,2,['normal_sinus_rhythm']
 premature atrial contraction ( s ) sinus rhythm voltages are high in limb leads suggesting lvh st segments are depressed and t wave inverted in i ii v2 - xxxx this may be due to lv strain or ischaemia change are very extensive the age of the change ,1,['normal_sinus_rhythm']
 sinus rhythm st segments are depressed in i avl v5 xxxx this may be due to lv strain or ischaemia slightly prolonged qt this may be due to a drug effect or an electrolyte disturbance ,1,['normal_sinus_rhythm']
 sinus rhythm non - specific t wave flattening throughout myocardial ischaemia is likely suggest exclude hypokalaemia ,1,['normal_sinus_rhythm']
 sinus rhythm non - specific intraventricular delay q wave in ii iii avf st segments are depressed and t wave inverted in ii iii avf v5 xxxx consistent with ischaemic heart disease with old inferior myocardial infarct ,1,['normal_sinus_rhythm']
 sinus rhythm incomplete right bundle branch block otherwise no definite pathology ,2,['normal_sinus_rhythm']
 sinus rhythm minor non - specific st segment depression in ii v5 xxxx otherwise normal ecg ,1,['normal_sinus_rhythm']
 premature atrial contraction ( s ) sinus rhythm voltages in limb leads are at upper limit otherwise normal ecg ,1,['normal_sinus_rhythm']
 sinus rhythm normal ecg edit norm xxxx ( m xxxx ) rsiii tnegiii ( norm xxxx ) ,1,['normal_sinus_rhythm']
 sinus rhythm q wave in ii iii avf t wave are flat in i v4 xxxx and inverted in avl v3 consistent with ischaemic heart disease with old inferior myocardial infarct ,1,['normal_sinus_rhythm']
 sinus rhythm t wave are inverted in i avl and deeply so in v2 - xxxx consistent with myocardial ischaemia or subendocardial infarct of uncertain age edit injas injal ( injas xxxx injal xxxx ) ,1,['normal_sinus_rhythm']
 sinus rhythm left atrial enlargement left ventricular hypertrophy st segments are depressed in i ii avl v3 - xxxx t wave are inverted in ii iii avf v2 - xxxx this may be due to lv strain or ischaemia the age of the change is uncertain prolonged qt t edit injas lvh xxxx isc sokolow xxxx ( injas xxxx lvh xxxx isc ) ,1,['normal_sinus_rhythm']
 sinus rhythm low limb lead voltage qs complex in v2 and tiny r wave in v3 old anteroseptal myocardial infarct cannot be excluded ,1,['normal_sinus_rhythm']
 sinus rhythm atypical left anterior fascicular block otherwise normal ecg ,1,['normal_sinus_rhythm']
 sinus rhythm voltages are high in chest leads suggesting lvh minor non - specific st segment depression in v4 xxxx ,1,['normal_sinus_rhythm']
 sinus rhythm r - s transition zone in v leads displaced to the left q wave in ii iii avf consistent with old inferior myocardial infarct ,1,['normal_sinus_rhythm']
 sinus rhythm non - specific t wave flattening in v2 xxxx myocardial ischaemia is a possible cause ,1,['normal_sinus_rhythm']
 sinus rhythm normal ecg there is no definite ecg evidence to suggest pericarditis acute pericarditis would be unlikely in the absence of tachycardia ,2,['normal_sinus_rhythm']
 premature ventricular contraction ( s ) sinus tachycardia p wave are inconspicuous non - specific intraventricular delay st segments are depressed in i ii avl v4 xxxx t wave are inverted in i avl this may be due to lv strain or ischaemia poor progr ,1,['sinus_tachycardia']
 sinus rhythm t wave are low or flat in i avl v5 xxxx myocardial ischaemia is a possible cause prolonged qt this may be due to a drug effect or an electrolyte disturbance ,1,['normal_sinus_rhythm']
 premature ventricular contraction ( s ) sinus rhythm grossly prolonged pr interval st segments are depressed in v3 xxxx t wave are inverted in i avl v5 xxxx findings are likely to be due to ischaemic heart disease ,1,['normal_sinus_rhythm']
 premature atrial contraction ( s ) sinus rhythm prolonged qt this may be due to a drug effect or an electrolyte disturbance ,1,['normal_sinus_rhythm']
 sinus rhythm qs complex in v2 this is probably normal no definite pathology edit asmi xxxx probably normal ( f xxxx ) qsv ( xxxx ) - xxxx ( asmi xxxx ) ,1,['normal_sinus_rhythm']
 sinus rhythm left ventricular hypertrophy left axis deviation r - s transition zone in v leads displaced to the left left anterior fascicular block st segments are depressed and t wave inverted in i ii avl v4 xxxx this may be due to lv strain or ,1,['normal_sinus_rhythm']
 sinus rhythm minor non - specific st segment depression in ii iii avf of doubtful significance otherwise normal ecg ,1,['normal_sinus_rhythm']
 sinus rhythm prolonged pr interval left axis deviation left anterior fascicular block qs complex in v2 and tiny r wave in v3 st segments are depressed in i avl v5 xxxx t wave are inverted in i avl and flat in v6 consistent with ischaemic heart ,1,['normal_sinus_rhythm']
 sinus rhythm leftward axis borderline criteria for left anterior fascicular block otherwise normal ecg ,1,['normal_sinus_rhythm']
 premature ventricular contraction ( s ) sinus rhythm voltages are high in limb leads suggesting lvh otherwise normal ecg ,2,['normal_sinus_rhythm']
 sinus rhythm voltages are high in limb leads suggesting lvh st segments are depressed in i avl t wave are low in i and inverted in avl this may be due to lv strain or ischaemia ,1,['normal_sinus_rhythm']
 premature atrial contraction ( s ) sinus rhythm q wave in ii iii avf consistent with old inferior myocardial infarct minor non - specific st segment depression in i avl ,1,['normal_sinus_rhythm']
 sinus rhythm left axis deviation left ventricular hypertrophy st segments are depressed in i avl v4 xxxx t wave are low or inverted in these leads this may be due to lv strain or ischaemia the significance of st segment elevation in ii iii avf ,1,['normal_sinus_rhythm']
 premature ventricular contraction ( s ) sinus rhythm rightward axis otherwise normal ecg ,1,['normal_sinus_rhythm']
 sinus rhythm abnormal left axis deviation r - s transition zone in v leads displaced to the right left anterior fascicular block left ventricular hypertrophy st and t abnormality consider high lateral ischemia or left ventricular strain ,1,['normal_sinus_rhythm']
 sinus bradycardia st segments are depressed in i avl v4 xxxx t wave are inverted in v3 - xxxx and flat in limb leads this may be due to lv strain or ischaemia the age of the change is uncertain the cause of the bradycardia is not evident edit injas injal sokolow xxxx ( injas injal lvh xxxx ) ,1,['sinus_bradycardia']
 sinus rhythm st segments are depressed in i avl t wave are low in i and inverted in avl this may be due to lv strain or ischaemia ,2,['normal_sinus_rhythm']
 sinus rhythm r - s transition zone in v leads displaced to the left tiny r wave in v2 xxxx old anterior infarct cannot be excluded t wave are flat in limb leads prolonged qt this may be due to a drug effect or an electrolyte disturbance ,1,['normal_sinus_rhythm']
 sinus rhythm st segments are slightly depressed in ii iii avf v5 non - specific but consistent with myocardial ischaemia ,1,['normal_sinus_rhythm']
 sinus rhythm prolonged pr interval left axis deviation r - s transition zone in v leads displaced to the right st segments are depressed and t wave inverted in i avl v2 xxxx t wave are low or flat in v5 xxxx findings are likely to be due to ischaem ,1,['normal_sinus_rhythm']
 sinus rhythm st segments are slightly depressed in i avl v5 xxxx this may be due to lv strain or ischaemia ,1,['normal_sinus_rhythm']
 sinus rhythm left axis deviation non - specific intraventricular block left ventricular hypertrophy old anteroseptal infarct st segments are depressed and t wave inverted in i avl v3 - xxxx this may be due to lv strain or ischaemia ,1,['normal_sinus_rhythm']
 sinus rhythm left axis deviation left anterior fascicular block left ventricular hypertrophy ,2,['normal_sinus_rhythm']
 sinus rhythm st segments are slightly depressed in ii iii avf t wave are flat in ii v6 and inverted in iii avf non - specific but consistent with inferolateral myocardial ischaemia edit iscin xxxx ( iscin ) ,1,['normal_sinus_rhythm']
 sinus rhythm q wave in ii iii avf consistent with old inferior myocardial infarct st segments are depressed in i ii v5 xxxx t wave are inverted in i avl v5 xxxx findings are likely to be due to ischaemic heart disease lateral subendocardia ,1,['normal_sinus_rhythm']
 interpolated premature ventricular contraction ( s ) sinus rhythm q wave in ii iii avf consistent with old inferior myocardial infarct ,1,['normal_sinus_rhythm']
 sinus tachycardia non - specific t wave flattening in v4 xxxx ,1,['sinus_tachycardia']
 sinus rhythm left axis deviation non - specific intraventricular delay probable old inferior infarct ,1,['normal_sinus_rhythm']
 sinus rhythm left axis deviation minor non - specific t wave flattening in v4 xxxx ,1,['normal_sinus_rhythm']
 sinus rhythm st segments are slightly depressed in i avl t wave are flat throughout myocardial ischaemia is likely suggest exclude hypokalaemia ,1,['normal_sinus_rhythm']
 sinus rhythm prolonged pr interval non - specific intraventricular block q wave in ii iii avf v3 - xxxx consistent with old anterior and inferolateral myocardial infarct ,1,['normal_sinus_rhythm']
 sinus tachycardia voltages are high in chest leads suggesting lvh non - specific st and t wave change in lateral leads ,1,['sinus_tachycardia']
 sinus rhythm st segments are depressed in i ii avl v2 - xxxx this may be due to lv strain or ischaemia ,1,['normal_sinus_rhythm']
 sinus rhythm voltages are high in limb leads suggesting lvh q wave in ii iii avf consistent with old inferior myocardial infarct t wave are low or flat throughout suggest exclude hypokalaemia ,1,['normal_sinus_rhythm']
 sinus bradycardia compared with tracing of xxxx t wave now biphasic in avf v2 st segments are slightly elevated in v3 - xxxx this is of uncertain significance suggest repeat ,1,['sinus_bradycardia']
 sinus rhythm left axis deviation left anterior fascicular block st segments are depressed in i avl this may be due to lv strain or ischaemia ,2,['normal_sinus_rhythm']
 sinus rhythm qs complex in v2 and tiny r wave in v3 consistent with old anteroseptal myocardial infarct st segments are depressed and t wave inverted in i avl v5 xxxx this may be due to lv strain or ischaemia ,1,['normal_sinus_rhythm']
 sinus rhythm left axis deviation left anterior fascicular block voltages in limb leads are at upper limit ,2,['normal_sinus_rhythm']
 sinus tachycardia r - s transition zone in v leads displaced to the right incomplete right bundle branch block otherwise normal ecg ,1,['sinus_tachycardia']
 sinus rhythm minor non - specific st segment depression in v4 xxxx of doubtful significance otherwise normal ecg ,1,['normal_sinus_rhythm']
 sinus rhythm grossly prolonged pr interval otherwise normal ecg ,1,['normal_sinus_rhythm']
 premature ventricular contraction ( s ) sinus rhythm non - specific intraventricular delay otherwise normal ecg ,1,['normal_sinus_rhythm']
 sinus rhythm r - s transition zone in v leads displaced to the right voltages in limb leads are at upper limit no definite pathology ,1,['normal_sinus_rhythm']
 sinus rhythm prolonged pr interval non - specific intraventricular delay q wave in i ii iii v4 xxxx consistent with inferior and lateral infarcts probably old ,1,['normal_sinus_rhythm']
 sinus rhythm compared with tracing of xxxx it is not significantly changed normal ecg ,1,['normal_sinus_rhythm']
 sinus rhythm qs complex in v2 and small r wave in v3 suggesting anteroseptal myocardial infarct st segments are slightly depressed in i v4 xxxx t wave are low in i avl v6 this may be due to lv strain or ischaemia ,1,['normal_sinus_rhythm']
 sinus rhythm left ventricular hypertrophy st segments are depressed and t wave inverted in i avl v2 - xxxx findings may be due to lv strain but ischaemia or subendocardial infarct of uncertain age cannot be excluded edit injas lvh xxxx isc sokolow xxxx ( injas lvh xxxx isc_ ) ,1,['normal_sinus_rhythm']
 premature ventricular contraction ( s ) sinus rhythm non - specific intraventricular delay q wave in ii iii avf consistent with old inferior myocardial infarct non - specific st segment depression in i avl v4 xxxx ,1,['normal_sinus_rhythm']
 premature ventricular contraction ( s ) sinus tachycardia incomplete right bundle branch block minor non - specific st and t wave change ,1,['sinus_tachycardia']
 sinus rhythm left axis deviation r - s transition zone in v leads displaced to the left left anterior fascicular block voltages are high in limb leads suggesting lvh ,1,['normal_sinus_rhythm']
 sinus rhythm q wave in ii iii avf possible old inferior myocardial infarct slightly prolonged qt this may be due to a drug effect or an electrolyte disturbance ,1,['normal_sinus_rhythm']
 sinus rhythm compared with tracing of xxxx t wave now upright in iii avf and flat in v2 xxxx they remain inverted in i ii avl v4 xxxx the changed pattern suggests a recent ischaemic episode ,1,['normal_sinus_rhythm']
 sinus bradycardia non - specific intraventricular delay otherwise normal ecg the cause of the bradycardia is not evident ,1,['sinus_bradycardia']
 sinus tachycardia probable right atrial enlargement st segments are depressed in i ii iii avf v5 xxxx non - specific but consistent with myocardial ischaemia ,1,['sinus_tachycardia']
 sinus rhythm premature ventricular contraction ( s ) qs complex in v2 and small r wave in v3 suggesting old anteroseptal myocardial infarct st segments are depressed in ii iii avf v5 xxxx non - specific but consistent with myocardial ischaemia ,1,['normal_sinus_rhythm']
 sinus bradycardia st segments are depressed in ii iii avf v5 xxxx t wave are flat in limb leads and v6 non - specific but consistent with myocardial ischaemia the cause of the bradycardia is not evident ,1,['sinus_bradycardia']
 sinus tachycardia right atrial enlargement right axis deviation clockwise rotation the picture is consistent with coad edit rao cold tachykardie ( rvh xxxx rao lpfb ) ,1,['sinus_tachycardia']
 sinus rhythm prolonged pr interval otherwise normal ecg holter monitor may be helpful ,1,['normal_sinus_rhythm']
 sinus rhythm t wave are low or flat in i v4 and inverted in avl v5 xxxx non - specific but consistent with myocardial ischaemia dominant r wave in v1 this suggests the possibility of posterior infarct probably old ,1,['normal_sinus_rhythm']
 sinus rhythm right axis deviation r - s transition zone in v leads displaced to the left incomplete right bundle branch block ,1,['normal_sinus_rhythm']
 sinus tachycardia st segments are depressed in i ii v3 - xxxx t wave are inverted in iii avf v3 - xxxx this is an abnormal tracing but significance is uncertain in a patient of this age suggest cardiological review ,1,['sinus_tachycardia']
 sinus rhythm voltages in chest leads are at upper limit st segments are depressed in i ii avf v3 - xxxx this may be due to lv strain or ischaemia ,1,['normal_sinus_rhythm']
 sinus rhythm left axis deviation left anterior fascicular block marked clockwise rotation ,1,['normal_sinus_rhythm']
 sinus rhythm voltages in chest leads are at upper limit st segments are depressed in i ii avf v4 xxxx t wave are low in i and inverted in avl this may be due to lv strain or ischaemia q wave in v2 old anteroseptal infarct cannot be excluded ,1,['normal_sinus_rhythm']
 premature atrial contraction ( s ) sinus tachycardia qs complex in v2 and tiny r wave in v3 consistent with old anteroseptal myocardial infarct st segments are depressed in i avl v6 t wave are inverted in i avl this may be due to lv strain o ,1,['sinus_tachycardia']
 sinus rhythm left axis deviation left anterior fascicular block prolonged qt this may be due to a drug effect or an electrolyte disturbance ,2,['normal_sinus_rhythm']
 sinus rhythm t wave are flat in limb leads and inverted in v2 - xxxx findings are likely to be due to ischaemic heart disease the age of the change is uncertain possible old inferior myocardial infarct ,1,['normal_sinus_rhythm']
 sinus rhythm prolonged pr interval left anterior fascicular block right bundle branch block bifascicular block ,1,['normal_sinus_rhythm']
 sinus rhythm left anterior fascicular block non specific t abnormality ,1,['normal_sinus_rhythm']
 sinus rhythm left axis deviation left anterior fascicular block right bundle branch block bifascicular block ,1,['normal_sinus_rhythm']
 sinus rhythm leftward axis otherwise normal ,1,['normal_sinus_rhythm']
 sinus rhythm incomplete right bundle branch block left axis deviation left anterior fascicular block diffuse non - specific st and t abnormality with shallow t inversion in v4 - v6 ischaemia is a likely cause ,1,['normal_sinus_rhythm']
 sinus rhythm st and t abnormality with biphasic t in leads v2 and v3 consistent with antero - septal ischaemia ,1,['normal_sinus_rhythm']
 sinus bradycardia normal ecg ,2,['sinus_bradycardia']
 sinus rhythm voltages of left ventricular hypertrophy otherwise normal ,2,['normal_sinus_rhythm']
 sinus rhythm left anterior fascicular block tracing is otherwise normal ,1,['normal_sinus_rhythm']
 sinus rhythm borderline precordial voltages of left ventricular hypertrophy tracing otherwise normal ,1,['normal_sinus_rhythm']
 sinus rhythm left axis deviation left anterior fascicular block old antero - septal infarct cannot exclude prior inferior infarct ,1,['normal_sinus_rhythm']
 sinus tachycardia left atrial enlargement right bundle branch block non - specific st and t change ,1,['sinus_tachycardia']
 sinus rhythm early transition in chest leads borderline low voltage trace ,1,['normal_sinus_rhythm']
 sinus rhythm with sinus arrhythmia wolff - parkinson - white syndrome ,1,['sinus_arrhythmia']
 sinus rhythm t wave flattening in lead i and inverted in avl consistent with lateral ischaemia ,1,['normal_sinus_rhythm']
 sinus tachycardia incomplete left bundle branch block with left axis deviation voltages suggest left ventricular hypertrophy st change not able to be assessed fully in view of partial left bundle branch block but are consistent with antero - lateral ischae ,1,['sinus_tachycardia']
 sinus rhythm prolonged pr interval left ventricular hypertrophy on voltage criteria ,1,['normal_sinus_rhythm']
 sinus rhythm st segments are depressed in v3 - xxxx t wave are low or flat in limb leads and inverted in v2 - xxxx findings are likely to be due to ischaemic heart disease the age of the change is uncertain ,1,['normal_sinus_rhythm']
 sinus rhythm probable left atrial enlargement otherwise no definite pathology ,1,['normal_sinus_rhythm']
 sinus rhythm low limb lead voltage t wave are low or flat in i v2 xxxx t wave are inverted in avl v4 xxxx findings are likely to be due to ischaemic heart disease the age of the change is uncertain ,1,['normal_sinus_rhythm']
 sinus rhythm prolonged pr interval r - s transition zone in v leads displaced to the right ninor non - specific st segment depression in v4 xxxx ,1,['normal_sinus_rhythm']
 sinus bradycardia small r wave in v2 xxxx old anteroseptal myocardial infarct cannot be excluded the cause of the bradycardia is not evident ,1,['sinus_bradycardia']
 sinus rhythm possible left atrial enlargement voltages are high in limb leads suggesting lvh ,2,['normal_sinus_rhythm']
 sinus tachycardia st segments are depressed in ii iii avf v4 xxxx t wave are low or flat in v5 xxxx non - specific but consistent with myocardial ischaemia ,1,['sinus_tachycardia']
 sinus rhythm possible left atrial enlargement non - specific intraventricular block left ventricular hypertrophy q wave in v2 suggesting old anteroseptal myocardial infarct st segments are depressed and t wave inverted in i avl v2 - xxxx finding ,1,['normal_sinus_rhythm']
 sinus rhythm the rhythm is irregular this may be due to compensatory pauses after atrial premature complex but the possibility of sinus node dysfunction exists minor non - specific st and t wave change ,1,['normal_sinus_rhythm']
 premature ventricular contraction ( s ) sinus arrhythmia no definite pathology ,1,['sinus_arrhythmia']
 sinus bradycardia otherwise normal ecg the cause of the bradycardia is not evident the bradycardia may be physiological ,1,['sinus_bradycardia']
 premature contraction ( s ) with aberrant conduction sinus arrhythmia otherwise normal ecg ,1,['sinus_arrhythmia']
 sinus tachycardia prolonged pr interval qs complex in v2 suggesting old anteroseptal myocardial infarct ,1,['sinus_tachycardia']
 premature ventricular contraction ( s ) premature atrial contraction ( s ) sinus rhythm left bundle branch block this is most commonly due to ischaemic heart disease ,1,['normal_sinus_rhythm']
 premature ventricular contraction ( s ) sinus arrhythmia non - specific t wave flattening in inferior leads ,1,['sinus_arrhythmia']
 sinus rhythm non - specific t wave inversion in iii avf this may be normal ,1,['normal_sinus_rhythm']
 sinus rhythm st segments are depressed in i ii avf v5 xxxx t wave are low or flat in limb leads and v4 t wave are inverted in v5 xxxx findings are likely to be due to ischaemic heart disease edit imi xxxx lvh xxxx isc_ ivcb sokolow xxxx ( imi xxxx lvh xxxx isc_ ivcb ) ,1,['normal_sinus_rhythm']
 sinus rhythm possible left atrial enlargement left axis deviation left anterior fascicular block q wave in v2 a small old anteroseptal infarct cannot be excluded ,1,['normal_sinus_rhythm']
 sinus tachycardia borderline left axis deviation otherwise normal ecg ,1,['sinus_tachycardia']
 sinus rhythm grossly prolonged pr interval right bundle branch block qs complex in ii iii avf v4 xxxx consistent with old inferior and lateral myocardial infarct ,1,['normal_sinus_rhythm']
 sinus rhythm poor progression of r wave in anterior chest leads this suggests old anteroseptal myocardial infarct minor non - specific st and t wave change in i avl v4 xxxx ,1,['normal_sinus_rhythm']
 sinus rhythm left atrial enlargement minor non - specific st segment depression in v5 xxxx ,1,['normal_sinus_rhythm']
 premature atrial contraction ( s ) sinus rhythm voltages are high in limb leads suggesting lvh r - s transition zone in v leads displaced to the left non - specific t wave flattening in limb leads and v6 ,1,['normal_sinus_rhythm']
 sinus rhythm normal ecg edit norm xxxx schlechte qualität v5 - xxxx ,1,['normal_sinus_rhythm']
 sinus bradycardia otherwise no definite pathology the cause of the bradycardia is not evident edit ivcb xxxx ,1,['sinus_bradycardia']
 premature atrial contraction ( s ) sinus rhythm low voltage right bundle branch block q wave in ii iii avf consistent with old inferior myocardial infarct ,1,['normal_sinus_rhythm']
 sinus rhythm st segments are depressed in i ii avl v3 - xxxx non - specific but consistent with myocardial ischaemia ,1,['normal_sinus_rhythm']
 sinus rhythm minor non - specific st and t wave change of doubtful significance ,1,['normal_sinus_rhythm']
 sinus rhythm possible left atrial enlargement r - s transition zone in v leads displaced to the right incomplete right bundle branch block ,1,['normal_sinus_rhythm']
 premature atrial contraction ( s ) sinus bradycardia otherwise normal ecg ,1,['sinus_bradycardia']
 sinus tachycardia incomplete right bundle branch block otherwise normal ecg ,1,['sinus_tachycardia']
 sinus rhythm left axis deviation left anterior fascicular block right bundle branch block q wave in v2 an old anteroseptal infarct cannot be excluded pr interval is at upper limit of normal this patient is verging on trifascicular block and may be ,1,['normal_sinus_rhythm']
 sinus rhythm st segments are depressed in i ii iii avf v2 - xxxx t wave are low or slightly inverted throughout findings are likely to be due to ischaemic heart disease ,1,['normal_sinus_rhythm']
 sinus rhythm prolonged qt this may be due to a drug effect or an electrolyte disturbance lead v5 shows artifact ,1,['normal_sinus_rhythm']
 sinus rhythm t wave change in leads iii and avf ischaemia cannot be excluded ,1,['normal_sinus_rhythm']
 sinus rhythm voltages are high in limb leads suggesting lvh otherwise no definite pathology edit lvh xxxx sokolow xxxx allgemein flache t - wellen ( ndt ) ,1,['normal_sinus_rhythm']
 premature ventricular contraction ( s ) sinus rhythm left axis deviation left anterior fascicular block tiny r wave in v2 xxxx suggesting old anteroseptal infarct minor non - specific st and t wave change ,1,['normal_sinus_rhythm']
 sinus rhythm possible left atrial enlargement non - specific intraventricular block non - specific st and t wave change ,1,['normal_sinus_rhythm']
 sinus rhythm grossly prolonged pr interval voltages are high in limb leads suggesting lvh st segments are depressed in i ii avl v6 t wave are low or flat in i ii avl v5 xxxx this may be due to lv strain or ischaemia ,1,['normal_sinus_rhythm']
 sinus arrhythmia prolonged pr interval minor non - specific t wave flattening in i and inversion in avl ,1,['sinus_arrhythmia']
 sinus rhythm left atrial enlargement incomplete right bundle branch block edit norm xxxx irbbb ( norm xxxx irbbb ) ,1,['normal_sinus_rhythm']
 sinus rhythm voltages in limb leads are at upper limit no definite pathology edit norm xxxx sokolow xxxx ( norm xxxx ) ,1,['normal_sinus_rhythm']
 sinus rhythm voltages are high in limb leads suggesting lvh left axis deviation left anterior fascicular block ,1,['normal_sinus_rhythm']
 sinus rhythm qs complex in v2 may be normal no definite pathology ,1,['normal_sinus_rhythm']
 premature atrial contraction ( s ) bigeminy sinus rhythm otherwise normal ecg ,1,['normal_sinus_rhythm']
 sinus rhythm voltages are high in limb leads suggesting lvh q wave and t wave inversion in ii iii avf consistent with inferior myocardial infarct of uncertain age slight st segment elevation in iii recent damage cannot be excluded st segments ,1,['normal_sinus_rhythm']
 sinus rhythm r - s transition zone in v leads displaced to the right q wave in ii iii avf are probably normal no definite pathology ,1,['normal_sinus_rhythm']
 sinus rhythm possible left atrial enlargement left ventricular hypertrophy widespread st segment depression and t wave flattening or slight inversion findings are likely to be due to ischaemic heart disease and digitalis effect ,1,['normal_sinus_rhythm']
 premature atrial contraction ( s ) sinus rhythm non - specific st and t wave change in inferolateral leads myocardial ischaemia is likely ,1,['normal_sinus_rhythm']
 sinus rhythm q wave in v2 suggwesting old anteroseptal infarct ,1,['normal_sinus_rhythm']
 sinus tachycardia probable biatrial enlargement right axis deviation r - s transition zone in v leads displaced to the left diffuse st and t abnormality including t inversion v1 - v4 ischaemia is a possible cause but suggest exclude electrolyte disturba ,1,['sinus_tachycardia']
 sinus rhythm precordial voltages of lvh non - specific st segment depression in inferolateral leads ,1,['normal_sinus_rhythm']
 premature ventricular contraction ( s ) sinus rhythm left anterior fascicular block anterolateral st and t wave change this may be due to lv strain or ischaemia ,1,['normal_sinus_rhythm']
 sinus tachycardia left axis deviation left anterior fascicular block voltages are high in limb leads suggesting lvh minor terminal intraventricular delay no diagnostic change of ischaemia ,1,['sinus_tachycardia']
 premature atrial contraction ( s ) sinus rhythm no definite pathology edit norm xxxx ,1,['normal_sinus_rhythm']
 sinus rhythm prolonged pr interval left axis deviation left anterior fascicular block ,2,['normal_sinus_rhythm']
 premature atrial contraction ( s ) sinus rhythm r - s transition zone in v leads displaced to the right voltages are high in limb leads suggesting lvh non - specific t wave flattening in i avl v5 xxxx ,1,['normal_sinus_rhythm']
 sinus tachycardia otherwise normal ecg edit norm xxxx tachykardie ivcb ,1,['sinus_tachycardia']
 premature atrial contraction ( s ) sinus rhythm compared with tracing of earlier today it is not significantly changed ,1,['normal_sinus_rhythm']
 sinus arrhythmia possible left atrial enlargement incomplete right bundle branch block voltages in limb leads are at upper limit ,1,['sinus_arrhythmia']
 sinus rhythm left axis deviation left anterior fascicular block voltages are high in limb leads suggesting lvh qs complex in v2 consistent with anteroseptal myocardial infarct of uncertain age st segments are depressed in i avl t wave are in ,1,['normal_sinus_rhythm']
 sinus rhythm q wave in v2 xxxx st segments are elevated in v2 xxxx st segments are depressed in i avl v5 xxxx t wave are inverted in v2 - xxxx t wave are flat in limb leads consistent with ischaemic heart disease with anteroseptal myocardial infarct of u ,1,['normal_sinus_rhythm']
 sinus rhythm prolonged pr interval possible left atrial enlargement q wave in ii iii avf consistent with old inferior myocardial infarct qs complex in v2 and tiny r wave in v3 suggesting old anteroseptal myocardial infarct t wave are in ,1,['normal_sinus_rhythm']
 sinus rhythm borderline left axis deviation non - specific t wave flattening in i avl ,1,['normal_sinus_rhythm']
 sinus rhythm non - specific t wave flattening in i v5 xxxx and inversion in avl myocardial ischaemia is likely ,1,['normal_sinus_rhythm']
 sinus rhythm st and t abnormality consider high lateral ischemia or left ventricular strain ,1,['normal_sinus_rhythm']
 sinus rhythm minor non - specific st and t wave change in i v4 xxxx ,1,['normal_sinus_rhythm']
 sinus rhythm st segments are depressed in i avl v6 t wave are inverted in i avl and flat in v5 xxxx this may be due to lv strain or ischaemia ,1,['normal_sinus_rhythm']
 premature ventricular contraction ( s ) sinus rhythm otherwise normal ecg edit norm xxxx ( norm xxxx irbbb ) ,1,['normal_sinus_rhythm']
 sinus tachycardia left ventricular hypertrophy st segments are depressed and t wave inverted in i ii avl v4 xxxx this may be due to lv strain or ischaemia ,1,['sinus_tachycardia']
 sinus rhythm st segments are depressed in i ii iii avf v4 xxxx t wave are low or flat in limb leads v4 xxxx non - specific but consistent with myocardial ischaemia and digitalis effect ,1,['normal_sinus_rhythm']
 sinus rhythm prolonged pr interval non - specific intraventricular block possible old inferior myocardial infarct ,2,['normal_sinus_rhythm']
 sinus rhythm left axis deviation left anterior fascicular block non - specific t wave change in anteroseptal leads v2 xxxx ,1,['normal_sinus_rhythm']
 sinus rhythm st segments are depressed in i ii iii avf v5 xxxx non - specific but consistent with myocardial ischaemia q wave in ii iii avf are probably normal ,1,['normal_sinus_rhythm']
 sinus rhythm prolonged pr interval st segments are depressed in i ii avl v2 - xxxx t wave are low in these leads non - specific but consistent with myocardial ischaemia and digitalis effect ,1,['normal_sinus_rhythm']
 sinus rhythm premature ventricular contractions trigeminy otherwise no definite pathology ,1,['normal_sinus_rhythm']
 sinus rhythm left axis deviation left anterior fascicular block qs complex in v2 suggesting old anteroseptal infarct t wave are inverted in i avl v5 non - specific but consistent with myocardial ischaemia ,1,['normal_sinus_rhythm']
 sinus rhythm st segments are depressed in v4 xxxx non - specific but consistent with myocardial ischaemia ,1,['normal_sinus_rhythm']
 premature atrial contraction ( s ) sinus bradycardia prolonged pr interval st segments are elevated in v2 xxxx this is probably a normal variant the cause of the bradycardia is not evident voltages are high in chest leads suggesting lvh ,1,['sinus_bradycardia']
 sinus rhythm prolonged pr interval left axis deviation right bundle branch block q wave in ii iii avf consistent with old inferior myocardial infarct edit imi xxxx crbbb ( imi xxxx crbbb lafb ) ,1,['normal_sinus_rhythm']
 sinus rhythm left axis deviation left ventricular hypertrophy st segments are depressed in i avl t wave are inverted in i avl v2 - xxxx findings are likely to be due to ischaemic heart disease the significance of slight st segment elevation in iii ,1,['normal_sinus_rhythm']
 sinus rhythm st segments are slightly depressed in i avl t wave are low in v6 this may be due to lv strain or ischaemia ,1,['normal_sinus_rhythm']
 sinus rhythm non - specific slight t wave inversion in v2 xxxx ,1,['normal_sinus_rhythm']
 premature atrial contraction ( s ) sinus rhythm low limb lead voltage prolonged qt this may be due to a drug effect or an electrolyte disturbance ,1,['normal_sinus_rhythm']
 sinus rhythm st segments are depressed in i avl v3 - xxxx t wave are low or flat in these leads this may be due to lv strain or ischaemia ,1,['normal_sinus_rhythm']
 premature atrial contraction ( s ) sinus rhythm voltages are high in chest leads suggesting lvh prolonged qt this may be due to a drug effect or an electrolyte disturbance ,1,['normal_sinus_rhythm']
 sinus bradycardia the bradycardia may be due to beta - blocker therapy t wave are low or flat throughout myocardial ischaemia may be present suggest exclude hypokalaemia ,1,['sinus_bradycardia']
 premature ventricular contraction ( s ) sinus rhythm prolonged pr interval left axis deviation left anterior fascicular block non - specific intraventricular delay ,1,['normal_sinus_rhythm']
 sinus rhythm t wave are low in ii and inverted in iii avf inferior myocardial ischaemia cannot be excluded ,1,['normal_sinus_rhythm']
 sinus tachycardia st segments are depressed in i ii avf v4 xxxx t wave are low in these leads this may be due to lv strain or ischaemia ,1,['sinus_tachycardia']
 sinus arrhythmia premature atrial contractions cannot be excluded on short strips normal ecg ,1,['sinus_arrhythmia']
 sinus rhythm borderline left axis deviation low limb lead voltage incomplete right bundle branch block no definite pathology ,1,['normal_sinus_rhythm']
 sinus rhythm left ventricular hypertrophy otherwise no definite pathology ,2,['normal_sinus_rhythm']
 sinus rhythm compared with tracing of xxxx it is not significantly changed st and t wave change persist ,1,['normal_sinus_rhythm']
 sinus rhythm t wave are low or flat in chest leads non - specific but consistent with myocardial ischaemia ,1,['normal_sinus_rhythm']
 sinus tachycardia left axis deviation voltages are high in limb leads suggesting lvh st segments are depressed in i ii avl v4 xxxx t wave are low or flat in these leads this may be due to lv strain or ischaemia ,1,['sinus_tachycardia']
 sinus rhythm left axis deviation left anterior fascicular block non - specific t wave flattening in i avl v5 xxxx ,1,['normal_sinus_rhythm']
 sinus rhythm minor non - specific t wave flattening in v3 - xxxx q wave in ii iii avf are probably normal ,1,['normal_sinus_rhythm']
 sinus tachycardia voltages are high in chest leads suggesting lvh st segments are depressed in v5 xxxx this may be due to lv strain or ischaemia ,1,['sinus_tachycardia']
 premature atrial contraction ( s ) sinus rhythm non - specific intraventricular delay ,1,['normal_sinus_rhythm']
 sinus rhythm incomplete right bundle branch block non - specific st and t wave change in anterior chest leads myocardial ischaemia is a possible cause edit asmi xxxx crbbb ( crbbb ) ,1,['normal_sinus_rhythm']
 sinus rhythm high qrs voltage in v leads probably normal for age ,1,['normal_sinus_rhythm']
 sinus rhythm borderline left axis deviation r - s transition zone in v leads displaced to the right voltages in limb leads are at upper limit ,1,['normal_sinus_rhythm']
 sinus rhythm t wave are inverted in i avl v3 - xxxx consistent with anterolateral myocardial ischaemia or subendocardial infarct of uncertain age ,1,['normal_sinus_rhythm']
 sinus rhythm qs complex in v2 and tiny r wave in v3 consistent with old anteroseptal myocardial infarct non - specific t wave flattening in i avl ,1,['normal_sinus_rhythm']
 sinus rhythm voltages are high in limb leads suggesting lvh t wave are inverted in ii iii avf v2 - xxxx findings are likely to be due to ischaemic heart disease the age of the change is uncertain prolonged qt this may be due to a drug effect or a ,1,['normal_sinus_rhythm']
 sinus rhythm possible old inferior infarct non - specific t wave flattening in v2 xxxx ,1,['normal_sinus_rhythm']
 sinus rhythm incomplete right bundle branch block moderate amplitude criteria for lvh ,1,['normal_sinus_rhythm']
 sinus rhythm borderline left ventricular hypertrophy on voltage criteria otherwise normal ecg ,1,['normal_sinus_rhythm']
 sinus bradycardia inferior q wave noted which may be a normal variant however an old inferior infarct cannot be excluded ,1,['sinus_bradycardia']
 sinus arrhythmia abnormal left axis deviation left anterior fascicular block left ventricular hypertrophy incomplete right bundle branch block st and t abnormality consider high lateral ischemia or left ventricular strain ,1,['sinus_arrhythmia']
 sinus tachycardia possible old inferior infarct st segments are depressed in i ii avl v4 xxxx t wave are flat in these leads non - specific but consistent with myocardial ischaemia and possibly digitalis effect ,1,['sinus_tachycardia']
 sinus rhythm possible left atrial enlargement voltages are high in chest leads suggesting lvh ,2,['normal_sinus_rhythm']
 premature atrial contraction ( s ) premature ventricular contraction ( s ) sinus rhythm otherwise no definite pathology ,1,['normal_sinus_rhythm']
 sinus rhythm q wave in ii iii avf consistent with old inferior myocardial infarct non - specific slight st segment depression in i avl ,1,['normal_sinus_rhythm']
 sinus rhythm prolonged pr interval possible left atrial enlargement q wave in ii iii avf consistent with old inferior myocardial infarct st segments are depressed in v5 xxxx this may be due to lv strain or ischaemia ,1,['normal_sinus_rhythm']
 sinus tachycardia q wave in ii iii avf st segments are depressed in i ii avl v4 xxxx t wave are low in these leads consistent with ischaemic heart disease with old inferior myocardial infarct ,1,['sinus_tachycardia']
 sinus rhythm p wave are inconspicuous incomplete right bundle branch block voltages are high in chest leads suggesting lvh ,1,['normal_sinus_rhythm']
 premature atrial contraction ( s ) sinus tachycardia non - specific st depression ,1,['sinus_tachycardia']
 sinus rhythm limb lead voltage normal ecg ,1,['normal_sinus_rhythm']
 sinus rhythm q wave in i ii avl t wave are inverted in i avl and flat in v5 xxxx consistent with old lateral myocardial infarct ,1,['normal_sinus_rhythm']
 sinus tachycardia low limb lead voltage no definite pathology suggest repeat if clinically indicated ,1,['sinus_tachycardia']
 sinus rhythm qs complex in v3 suggesting old anteroseptal infarct ,1,['normal_sinus_rhythm']
 sinus rhythm q wave in ii iii avf consistent with old inferior myocardial infarct edit imi xxxx ( imi xxxx ) ,1,['normal_sinus_rhythm']
 sinus rhythm st segments are depressed in i ii avf v4 xxxx t wave are low or flat in these leads this may be due to lv strain or ischaemia ,1,['normal_sinus_rhythm']
 sinus rhythm slight non - specific st segment depression in ii v4 xxxx prolonged qt this may be due to a drug effect or an electrolyte disturbance ,1,['normal_sinus_rhythm']
 sinus rhythm possible left atrial enlargement right bundle branch block possible old inferior infarct ,1,['normal_sinus_rhythm']
 sinus rhythm st segments are depressed in i ii v4 xxxx t wave are low throughout myocardial ischaemia is likely suggest exclude hypokalaemia ,1,['normal_sinus_rhythm']
 sinus rhythm left axis deviation voltages are high in limb leads suggesting lvh edit asmi xxxx lafb lvh xxxx sokolow xxxx ( asmi xxxx lafb ) ,1,['normal_sinus_rhythm']
 sinus rhythm qs complex in v2 t wave are low or flat in limb leads and v6 consistent with ischaemic heart disease with old anteroseptal myocardial infarct ,1,['normal_sinus_rhythm']
 sinus rhythm t wave are low or flat in limb leads and v4 xxxx myocardial ischaemia is likely suggest exclude hypokalaemia ,1,['normal_sinus_rhythm']
 sinus rhythm minor non - specific t wave flattening of doubtful significance ,1,['normal_sinus_rhythm']
 sinus rhythm left axis deviation non - specific intraventricular block qs complex in v2 xxxx consistent with anteroseptal myocardial infarct of uncertain age ,1,['normal_sinus_rhythm']
 sinus rhythm prolonged pr interval non - specific intraventricular delay left ventricular hypertrophy st segments are depressed in v4 xxxx t wave are low or flat in limb leads and v4 xxxx this may be due to lv strain or ischaemia ,1,['normal_sinus_rhythm']
 sinus rhythm premature atrial contraction ( s ) st segments are depressed in i avl v3 - xxxx t wave are inverted in i avl v4 xxxx this may be due to lv strain or ischaemia ,1,['normal_sinus_rhythm']
 sinus bradycardia with sinus arrhythmia otherwise normal ecg the cause of the bradycardia is not evident ,2,"['sinus_arrhythmia', 'sinus_bradycardia']"
 sinus rhythm non - specific intraventricular delay q wave in ii iii avf st segments are depressed in i ii avl v5 xxxx t wave are flat in these leads consistent with ischaemic heart disease with old inferior myocardial infarct ,1,['normal_sinus_rhythm']
 sinus rhythm st segments are depressed in v5 xxxx this may be due to lv strain or ischaemia ,1,['normal_sinus_rhythm']
 sinus rhythm left axis deviation q wave in ii iii avf v5 xxxx t wave are low in v5 xxxx consistent with old inferolateral myocardial infarct ,1,['normal_sinus_rhythm']
 sinus rhythm right axis deviation incomplete right bundle branch block these features are not necessarily of pathological significance ,1,['normal_sinus_rhythm']
 sinus rhythm minor t wave flattening in avl normal ecg ,1,['normal_sinus_rhythm']
 sinus rhythm low limb lead voltage minor non - specific t wave flattening in v5 xxxx ,1,['normal_sinus_rhythm']
 sinus rhythm possible left atrial enlargement qs complex in v2 and small r wave in v3 suggesting old anteroseptal infarct ,1,['normal_sinus_rhythm']
 sinus rhythm minimal non - specific st segment depression in v5 xxxx otherwise normal ecg edit norm xxxx bbb ,1,['normal_sinus_rhythm']
 sinus rhythm possible left atrial enlargement voltages are high in chest leads suggesting lvh st segments are depressed and t wave inverted in i avl v6 this may be due to lv strain or ischaemia ,1,['normal_sinus_rhythm']
 sinus rhythm left axis deviation no definite pathology edit norm ( norm xxxx lafb xxxx ) ,1,['normal_sinus_rhythm']
 sinus rhythm voltages are high in chest leads suggesting lvh qs complex in v2 and small r wave in v3 st segments are elevated in v2 xxxx ii iii avf v6 t wave are low or flat in limb leads and v6 consistent with ischaemic heart disease with a ,1,['normal_sinus_rhythm']
 sinus rhythm left bundle branch block compared with tracing of xxxx the pattern has changed to a more typical lbbb the significance of the change is uncertain st segments elevation and t wave inversion in inferior leads persist and are probably ,1,['normal_sinus_rhythm']
 sinus rhythm voltages are high in chest leads suggesting lvh st segments are depressed in i ii iii avf v4 xxxx t wave are slightly inverted in i avl this may be due to lv strain or ischaemia ,1,['normal_sinus_rhythm']
 sinus rhythm normal ecg there is no ecg evidence of a pre - excitation syndrome ,1,['normal_sinus_rhythm']
 premature ventricular contraction ( s ) sinus rhythm compared with tracing of xxxx there now st segment depression in i avl v6 t wave inversion in i avl and flattening in v5 xxxx recent ischaemia is likely ,1,['normal_sinus_rhythm']
 sinus rhythm non - specific t wave flattening in i avl edit norm xxxx ( ndt ) ,1,['normal_sinus_rhythm']
 sinus rhythm low limb lead voltage qs complex in v2 and tiny r wave in v3 xxxx consistent with old anterior myocardial infarct ,1,['normal_sinus_rhythm']
 sinus bradycardia prolonged pr interval possible left atrial enlargement voltages are high in limb leads suggesting lvh incomplete right bundle branch block the cause of the bradycardia is not evident ,1,['sinus_bradycardia']
 sinus rhythm q wave in ii iii avf st segments are depressed in ii iii avf v5 xxxx t wave are low or flat in limb leads and v5 xxxx consistent with ischaemic heart disease with old inferior myocardial infarct ,1,['normal_sinus_rhythm']
 sinus rhythm left axis deviation left anterior fascicular block t wave are flat or slightly inverted in limb leads and v3 - xxxx findings are likely to be due to ischaemic heart disease suggest exclude hypokalaemia ,1,['normal_sinus_rhythm']
 premature ventricular contraction ( s ) sinus arrhythmia voltages are high in chest leads suggesting lvh ,1,['sinus_arrhythmia']
 sinus tachycardia prolonged pr interval st segments are depressed in i avl this may be due to lv strain or ischaemia ,1,['sinus_tachycardia']
 interpolated premature ventricular contraction ( s ) sinus rhythm qs complex in v2 xxxx st segments are depressed in i avl v5 xxxx t wave are flat in i avl and inverted in ii v2 - xxxx consistent with ischaemic heart disease with old anteroseptal myocardial ,1,['normal_sinus_rhythm']
 sinus rhythm p wave are inconspicuous left axis deviation left anterior fascicular block right bundle branch block bifascicular block pr interval is normal ,1,['normal_sinus_rhythm']
 premature ventricular contraction ( s ) sinus tachycardia q wave in ii iii avf are probably normal old inferior infarct cannot be entirely excluded ,1,['sinus_tachycardia']
 sinus rhythm no definite diagnostic features ,1,['normal_sinus_rhythm']
 sinus rhythm normal ecg edit norm xxxx starkes muskelzittern schwache r - progression v1 - xxxx ,1,['normal_sinus_rhythm']
 sinus rhythm left axis deviation left anterior fascicular block probable old anteroseptal myocardial infarct voltages are high in limb leads suggesting lvh st segments are depressed and t wave inverted in i avl v4 xxxx this may be due to lv str ,1,['normal_sinus_rhythm']
 premature atrial contraction ( s ) sinus rhythm t wave are low or flat in limb leads and v5 xxxx non - specific but consistent with myocardial ischaemia ,1,['normal_sinus_rhythm']
 sinus rhythm right axis deviation no definite pathology ,1,['normal_sinus_rhythm']
 sinus rhythm non - specific intraventricular delay left ventricular hypertrophy q wave in ii iii avf st segments are depressed in i ii v4 xxxx t wave are inverted in ii iii avf v5 xxxx consistent with ischaemic heart disease with old inferior myo ,1,['normal_sinus_rhythm']
 sinus rhythm possible left atrial enlargement incomplete right bundle branch block non - specific t wave flattening in i avl v5 xxxx myocardial ischaemia is a possible cause ,1,['normal_sinus_rhythm']
 sinus rhythm voltages are high in chest leads suggesting lvh st segments are depressed in i ii avf v4 xxxx t wave are low in limb leads and v4 xxxx this may be due to lv strain or ischaemia prolonged qt this may be due to a drug effect or an el ,1,['normal_sinus_rhythm']
 sinus rhythm non - specific intraventricular block voltages are high in limb leads suggesting lvh possible old anteroseptal myocardial infarct ,1,['normal_sinus_rhythm']
 sinus rhythm st segments are depressed in i avl v6 t wave are low or flat in i avl v4 xxxx this may be due to lv strain or ischaemia ,3,['normal_sinus_rhythm']
 sinus rhythm t wave are low or flat in i v5 xxxx and inverted in avl non - specific but consistent with myocardial ischaemia ,1,['normal_sinus_rhythm']
 premature atrial contraction ( s ) sinus rhythm compared with tracing of xxxx it is similar with t wave flattening in limb leads and v5 xxxx ,1,['normal_sinus_rhythm']
 premature ventricular contraction ( s ) premature atrial contraction ( s ) sinus rhythm prolonged pr interval left axis deviation left anterior fascicular block qs complex in v2 and tiny r wave in v3 suggesting old anteroseptal myocardial infarct ,1,['normal_sinus_rhythm']
 sinus rhythm st segments are depressed in ii v3 - xxxx t wave are flat or slightly inverted in ii v3 - xxxx findings are likely to be due to ischaemic heart disease tracing is essentially similar to xxxx ,1,['normal_sinus_rhythm']
 sinus rhythm qs complex in v2 suggesting old anteroseptal infarct st segments are depressed in i ii avl v4 xxxx t wave are inverted or slightly biphasic in these leads this may be due to lv strain or ischaemia ,1,['normal_sinus_rhythm']
 sinus bradycardia otherwise normal ecg the cause of the bradycardia is not evident suggest check thyroid function ,1,['sinus_bradycardia']
 sinus rhythm st segments are depressed in i ii t wave are low or flat throughout myocardial ischaemia is likely suggest exclude hypokalaemia ,1,['normal_sinus_rhythm']
 premature ventricular contraction ( s ) sinus tachycardia st segments are depressed and t wave inverted in i ii iii avf v4 xxxx this may be due to lv strain or ischaemia the age of the change is uncertain subendocardial infarct cannot be excl ,1,['sinus_tachycardia']
 sinus rhythm prolonged pr interval non - specific t wave flattening in i avl v2 xxxx ,1,['normal_sinus_rhythm']
 complex ( s ) with aberrant intraventricular conduction sinus tachycardia st segments are depressed in i ii avl v4 xxxx t wave are flat or slightly inverted in these leads this may be due to lv strain or ischaemia ,1,['sinus_tachycardia']
 sinus rhythm left axis deviation left anterior fascicular block t wave are low in ii v6 and inverted in iii avf non - specific but consistent with inferolateral myocardial ischaemia ,1,['normal_sinus_rhythm']
 sinus rhythm non - specific t wave flattening in limb leads and v5 xxxx myocardial ischaemia is likely possible old inferior myocardial infarct ,1,['normal_sinus_rhythm']
 sinus rhythm r - s transition zone in v leads displaced to the right q wave in ii iii avf consistent with old inferior myocardial infarct t wave are low or flat in v4 xxxx non - specific but consistent with myocardial ischaemia ,1,['normal_sinus_rhythm']
 rhythm strip shows sinus rhythm ( rate = xxxx - min ) ventricular premature complex including a couplet and a run of paroxysmal supraventricular tachycardia ( rate = xxxx - min ) otherwise no definite pathology suggest cardiological review ,1,['normal_sinus_rhythm']
 sinus rhythm prolonged pr interval left axis deviation left bundle branch block this is most commonly due to ischaemic heart disease ,2,['normal_sinus_rhythm']
 sinus rhythm prolonged pr interval possible left atrial enlargement left axis deviation non - specific intraventricular block there is no definite ecg evidence to suggest recent ischaemia ,1,['normal_sinus_rhythm']
 sinus rhythm st segments are depressed in i ii v5 xxxx this may be due to lv strain or ischaemia and digitalis effect small r wave and st and t wave change in v2 xxxx antero - septal infarct of uncertain age cannot be excluded ,1,['normal_sinus_rhythm']
 premature ventricular contraction ( s ) premature atrial contraction ( s ) sinus rhythm left axis deviation left anterior fascicular block qs complex in v2 xxxx consistent with old anterior myocardial infarct st segments are depressed in i avl t ,1,['normal_sinus_rhythm']
 sinus rhythm pr interval is rather short ( but > xxxx sec ) delta wave are evident patient probably has wolff - parkinson - white syndrome ,1,['normal_sinus_rhythm']
 sinus rhythm atypical rbbb small inferior q wave noted ,1,['normal_sinus_rhythm']
 premature ventricular contraction ( s ) sinus rhythm left axis deviation no definite pathology ,1,['normal_sinus_rhythm']
 sinus rhythm r - s transition zone in v leads displaced to the right voltages are high in chest leads suggesting lvh otherwise normal ecg ,1,['normal_sinus_rhythm']
 sinus rhythm st segments are depressed in i ii avl avf v4 xxxx t wave are flat or slightly inverted in these leads this may be due to lv strain or ischaemia ,1,['normal_sinus_rhythm']
 sinus rhythm left ventricular hypertrophy st segments are depressed in i ii avl avf v4 xxxx this may be due to lv strain or ischaemia ,1,['normal_sinus_rhythm']
 sinus rhythm st segments are depressed in i ii iii avf v3 - xxxx t wave are low flat or slightly inverted throughout myocardial ischaemia is likely suggest exclude hypokalaemia ,1,['normal_sinus_rhythm']
 sinus rhythm prolonged pr interval left axis deviation left anterior fascicular block t wave are inverted in i avl this may be due to lv strain or ischaemia ,1,['normal_sinus_rhythm']
 sinus rhythm voltages are high in chest leads suggesting lvh q wave in ii iii avf are deep but narrow and may represent septal hypertrophy rather than old infarct st segments are depressed in i ii avf v4 xxxx t wave are flat in these leads ,1,['normal_sinus_rhythm']
 premature atrial contraction ( s ) sinus rhythm posssible left atrial enlargement left axis deviation left anterior fascicular block tiny r wave in v2 xxxx suggesting old anteroseptal infarct st segments are depressed in i avl t wave are flat in i an ,1,['normal_sinus_rhythm']
 sinus rhythm st segments are elevated in v2 - xxxx this is probably a normal variant no definite pathology ,1,['normal_sinus_rhythm']
 sinus rhythm st segments are depressed in i avl v5 xxxx t wave are low or flat in these leads this may be due to lv strain or ischaemia ,1,['normal_sinus_rhythm']
 sinus rhythm minor non - specific st segment depression and t wave flattening in i avl ,1,['normal_sinus_rhythm']
 sinus rhythm voltages are high in limb leads suggesting lvh st segments are depressed in ii iii avf t wave are inverted in iii avf non - specific but consistent with inferior myocardial ischaemia ,1,['normal_sinus_rhythm']
 sinus rhythm st segments are depressed in i avl v5 xxxx t wave are inverted in i ii iii avf v4 xxxx this may be due to myocardial ischaemia or infero - lateral subendocardial infarct of uncertain age edit injil sokolow xxxx ( injil ) ,1,['normal_sinus_rhythm']
 premature ventricular contraction ( s ) sinus rhythm left axis deviation left ventricular hypertrophy qs complex in v2 xxxx q wave in v5 st segments are elevated in v2 - xxxx t wave are inverted in i avl v6 consistent with ischaemic heart disease wit ,1,['normal_sinus_rhythm']
 sinus rhythm compared with tracings of xxxx and xxxx it remains normal ,1,['normal_sinus_rhythm']
 premature ventricular contraction ( s ) trigeminy premature atrial contraction ( s ) sinus rhythm possible left atrial enlargement left axis deviation left anterior fascicular block non - specific intraventricular block ,1,['normal_sinus_rhythm']
 sinus rhythm st segments are slightly depressed in v5 xxxx t wave are low or flat in limb leads and v5 xxxx myocardial ischaemia is likely ,1,['normal_sinus_rhythm']
 sinus bradycardia qs complex in v2 xxxx q wave in v4 t wave are low in i avl v6 and inverted in v2 xxxx consistent with ischaemic heart disease with anterior myocardial infarct probably old the cause of the bradycardia is not evident ,1,['sinus_bradycardia']
 premature atrial contraction ( s ) sinus rhythm left axis deviation left anterior fascicular block non - specific intraventricular delay left ventricular hypertrophy q wave in v2 xxxx suggesting old anteroseptal infarct st segments are depressed in i avl ,1,['normal_sinus_rhythm']
 sinus rhythm non - specific intraventricular delay st segments are depressed in i avl v4 xxxx t wave are flat or slightly inverted in these leads q wave in ii iii avf consistent with ischaemic heart disease with old inferior myocardial infarct ,1,['normal_sinus_rhythm']
 premature ventricular contraction ( s ) bigeminy sinus rhythm left axis deviation st segments are depressed and t wave inverted in i avl and low in v5 xxxx this may be due to lv strain or ischaemia ,1,['normal_sinus_rhythm']
 sinus rhythm prolonged pr interval left axis deviation left anterior fascicular block non - specific intraventricular block ,1,['normal_sinus_rhythm']
 sinus rhythm non specific t flattening in anterior leads exclude electrolyte disturbance ,1,['normal_sinus_rhythm']
 sinus rhythm small inferior q wave noted possible old infarct qt interval is mildly prolonged ,1,['normal_sinus_rhythm']
 sinus rhythm voltages are high in chest leads suggesting lvh q wave in ii iii avf consistent with old inferior myocardial infarct st segments are depressed and t wave inverted in i ii v5 xxxx this may be due to lv strain or ischaemia ,1,['normal_sinus_rhythm']
 sinus tachycardia low limb lead voltage st segments are elevated in v2 - xxxx qs complex in v2 and tiny r wave in v3 xxxx consistent with anterior myocardial infarct of uncertain age ,1,['sinus_tachycardia']
 premature ventricular contraction ( s ) sinus tachycardia non - specific intraventricular block old anteroseptal infarct ,1,['sinus_tachycardia']
 premature ventricular contraction ( s ) sinus tachycardia st segments are slightly depressed in ii iii avf v3 - xxxx t wave are low or flat in i v4 xxxx non - specific but consistent with myocardial ischaemia ,1,['sinus_tachycardia']
 sinus rhythm voltages are high in limb leads suggesting lvh left axis deviation left anterior fascicular block qs complex in v2 xxxx consistent with old anteroseptal myocardial infarct minor non - specific st segment elevation in ii iii avf ,1,['normal_sinus_rhythm']
 premature atrial contraction ( s ) sinus rhythm compared with tracing of xxxx there now slight st segment depression in i avl v4 xxxx myocardial ischaemia cannot be excluded ,1,['normal_sinus_rhythm']
 sinus rhythm right axis deviation qs complex in v2 xxxx st segments are elevated in v2 xxxx t wave are inverted in i avl v2 - xxxx q wave in i avl consistent with anterior and lateral myocardial infarct of uncertain age persistent st segment elev ,1,['normal_sinus_rhythm']
 sinus rhythm prolonged pr interval non - specific intraventricular delay st segments are depressed in i ii iii avf v4 xxxx t wave are slightly inverted in these leads this may be due to lv strain or ischaemia ,1,['normal_sinus_rhythm']
 sinus rhythm t wave are flat in limb leads and slightly inverted in v4 xxxx findings are likely to be due to ischaemic heart disease the age of the change is uncertain ,1,['normal_sinus_rhythm']
 sinus rhythm voltages are high in chest leads suggesting lvh edit lao sokolow xxxx ( lvh xxxx lao ) ,1,['normal_sinus_rhythm']
 premature atrial contraction ( s ) sinus rhythm st segments are depressed in ii iii avf v4 xxxx t wave are low or flat in i avl v4 xxxx non - specific but consistent with myocardial ischaemia ,1,['normal_sinus_rhythm']
 sinus bradycardia prolonged pr interval left axis deviation left bundle branch block this is most commonly due to ischaemic heart disease ,1,['sinus_bradycardia']
 sinus bradycardia voltages are high in chest leads suggesting lvh minimal non - specific st segment depression in v5 xxxx ,1,['sinus_bradycardia']
 sinus rhythm premature ventricular contractions bigeminy left axis deviation st segments are depressed in i v4 xxxx t wave are inverted in v5 xxxx this may be due to lv strain or ischaemia the computer has selected vpbs as typical ventricular complex ,1,['normal_sinus_rhythm']
 sinus rhythm voltages are high in chest leads suggesting lvh st segments are depressed in i avl v5 xxxx this may be due to lv strain or ischaemia ,1,['normal_sinus_rhythm']
 premature atrial contraction ( s ) sinus rhythm left axis deviation left anterior fascicular block voltages are high in chest leads suggesting lvh ,1,['normal_sinus_rhythm']
 sinus rhythm possible left atrial enlargement left axis deviation non - specific intraventricular block left ventricular hypertrophy non - specific st and t wave change ,1,['normal_sinus_rhythm']
 sinus rhythm voltages are high in chest leads suggesting lvh q wave in ii iii avf consistent with old inferior myocardial infarct ,1,['normal_sinus_rhythm']
 sinus bradycardia prolonged pr interval qs complex in v2 xxxx consistent with old anteroseptal myocardial infarct st segments are depressed and t wave inverted in i avl v5 xxxx this may be due to lv strain or ischaemia the cause of the bradyc ,1,['sinus_bradycardia']
 premature atrial contraction ( s ) bigeminy sinus rhythm tiny r wave in v2 xxxx suggesting old anteroseptal infarct ,1,['normal_sinus_rhythm']
 sinus rhythm pr interval slightly prolonged left axis deviation possible old inferior infarct ,1,['normal_sinus_rhythm']
 sinus rhythm pr interval is slightly prolonged otherwise normal ecg ,1,['normal_sinus_rhythm']
 sinus rhythm leftward axis nornal ecg ,1,['normal_sinus_rhythm']
 sinus rhythm left anterior fascicular block otherwise normal ,2,['normal_sinus_rhythm']
 sinus rhythm pr interval upper limit of normal voltages of left ventricular hypertrophy st t change consistant with left ventricular strain ,1,['normal_sinus_rhythm']
 premature ventricular contraction ( s ) premature atrial contraction ( s ) sinus rhythm qrs ( t ) contour abnormality consider inferior myocardial damage old st and t abnormality consider left ventricular strain or ischaemia ,1,['normal_sinus_rhythm']
 sinus rhythm leftward axis non specific intraventricular delay st and t abnormality consider lateral ischemia or left ventricular strain ,1,['normal_sinus_rhythm']
 sinus bradycardia partial right bundle branch block tracing is otherwise normal ,1,['sinus_bradycardia']
 sinus rhythm first degree av block pr interval xxxx seconds minor terminal intraventricular conduction delay t wve flatening in v2 - xxxx could be ischaemic ,1,['normal_sinus_rhythm']
 sinus rhythm atrial premature complex left anterior fascicular block minor antero - lateral t wve flattening ,1,['normal_sinus_rhythm']
 sinus rhythm infero - lateral t wave flattening consistent with early left ventricular strain or ischaemia ,1,['normal_sinus_rhythm']
 sinus rhythm with sinus arrhythmia normal ecg ,1,['sinus_arrhythmia']
 regular rhythm p wave not recognised due to baseline artifact left bundle branch block ,1,['normal_sinus_rhythm']
 sinus tachycardia rate xxxx per minute non - specific infero - lateral st and t change ,1,['sinus_tachycardia']
 sinus rhythm left atrial enlargement prolonged pr interval left ventricular hypertrophy on voltage criteria with st and t wvve change consistent with early strain or ischaemia ,1,['normal_sinus_rhythm']
 sinus rhythm voltages are high in limb leads suggesting lvh slight non - specific st segment depression in ii iii avf ,1,['normal_sinus_rhythm']
 sinus tachycardia r - s transition zone in v leads displaced to the right t wave are low or flat in i avl v3 - xxxx non - specific but consistent with myocardial ischaemia ,1,['sinus_tachycardia']
 sinus rhythm r - s transition zone in v leads displaced to the right incomplete right bundle branch block this is probably a normal variant non - specific t wave flattening in v2 xxxx edit norm xxxx irbbb ( norm xxxx irbbb ) ,1,['normal_sinus_rhythm']
 sinus rhythm incomplete right bundle branch block non - specific t wave flattening in i and inversion in avl ,1,['normal_sinus_rhythm']
 sinus rhythm left axis deviation left anterior fascicular block st segments are depressed in i avl t wave are inverted in i avl v5 xxxx findings are likely to be due to ischaemic heart disease ,1,['normal_sinus_rhythm']
 sinus rhythm left axis deviation left anterior fascicular block non - specific intraventricular block q wave in v1 xxxx old anteroseptal infarct cannot be excluded ,1,['normal_sinus_rhythm']
 sinus rhythm r - s transition zone in v leads displaced to the right voltages are high in chest leads suggesting lvh st segments are elevated in v2 xxxx this is probably a normal variant edit lvh xxxx sokolow xxxx sehr tiefe qv5 xxxx ( lvh xxxx sehyp ) ,1,['normal_sinus_rhythm']
 sinus rhythm left ventricular hypertrophy qs complex in v2 suggesting old anteroseptal myocardial infarct st segments are depressed and t wave inverted in i ii avl v3 - xxxx this may be due to lv strain or ischaemia ,1,['normal_sinus_rhythm']
 sinus rhythm st segments are elevated in ii iii avf st segments are depressed in i avl this is probably reciprocal consistent with early inferior myocardial infarct ,1,['normal_sinus_rhythm']
 sinus rhythm st segments are elevated in v2 xxxx this is probably a normal variant otherwise normal ecg suggest repeat if clinically indicated ,1,['normal_sinus_rhythm']
 sinus rhythm leftward axis t wave are inverted in i avl v3 - xxxx findings are likely to be due to ischaemic heart disease the age of the change is uncertain ,1,['normal_sinus_rhythm']
 sinus tachycardia voltages are high in chest leads suggesting lvh minor non - specific st segment depression in lateral chest leads ,1,['sinus_tachycardia']
 sinus rhythm slight nonspecific st elevation in anterolateral leads probably a normal variant ,1,['normal_sinus_rhythm']
 sinus arrhythmia low limb lead voltage diffuse t wave flattening has developed overnight the change are nonspecific but consider ischaemia ,1,['sinus_arrhythmia']
 sinus rhythm incomplete right bundle branch block this is probably a normal variant minor non - specific st segment depression in infero - lateral leads ,1,['normal_sinus_rhythm']
 sinus rhythm st segments are depressed in i avl t wave are flat in v5 xxxx and slightly inverted in i avl this may be due to lv strain or ischaemia ,1,['normal_sinus_rhythm']
 sinus rhythm low limb lead voltage t wave are inverted in i ii avl v2 xxxx and flat in v4 xxxx findings are likely to be due to ischaemic heart disease suggest exclude hypokalaemia ,1,['normal_sinus_rhythm']
 premature ventricular contraction ( s ) sinus rhythm low limb lead voltage possible old inferior myocardial infarct ,1,['normal_sinus_rhythm']
 sinus tachycardia right atrial enlargement st segments are depressed in i ii iii avf v4 xxxx t wave are low or flat in these leads this may be due to lv strain or ischaemia ,1,['sinus_tachycardia']
 sinus bradycardia st segments are depressed in i v4 xxxx t wave are low or flat in these leads this may be due to lv strain or ischaemia q wave in ii iii avf are probably normal the cause of the bradycardia is not evident ,1,['sinus_bradycardia']
 premature ventricular contraction ( s ) sinus rhythm r - s transition zone in v leads displaced to the right no definite pathology ,1,['normal_sinus_rhythm']
 sinus rhythm compared with tracings of xxxx and xxxx definite t wave inversion has developed in i ii avl v2 - xxxx this may be due to myocardial ischaemia or subendocardial infarct edit injas injal ( injas xxxx injal xxxx ) ,1,['normal_sinus_rhythm']
 sinus rhythm no definite pathology edit norm xxxx muskelzittern ( norm xxxx ) ,1,['normal_sinus_rhythm']
 premature ventricular contraction ( s ) sinus rhythm minor non - specific st and t wave change of doubtful significance ,1,['normal_sinus_rhythm']
 sinus rhythm premature ventricular contractions bigeminy otherwise no definite pathology the computer has selected vpb s as typical ventricular complex because more of them have been recorded please ignore this edit bigu ,1,['normal_sinus_rhythm']
 sinus rhythm normal ecg edit norm xxxx v6 schwerer baslinedrift ,1,['normal_sinus_rhythm']
 premature ventricular contraction ( s ) sinus rhythm possible left atrial enlargement ,1,['normal_sinus_rhythm']
 sinus tachycardia voltages are high in limb leads suggesting lvh st segments are depressed in i ii avl v4 xxxx t wave are low or flat in these leads this may be due to lv strain or ischaemia the significance of st segment elevation in iii is uncer ,1,['sinus_tachycardia']
 sinus rhythm r - s transition zone in v leads displaced to the right otherwise normal ecg edit norm xxxx übergangszone nach rechts verschoben ( norm xxxx ) ,1,['normal_sinus_rhythm']
 premature atrial contraction ( s ) sinus rhythm st segments are depressed in i avl t wave are low or flat in i avl v5 xxxx this may be due to lv strain or ischaemia ,1,['normal_sinus_rhythm']
 sinus rhythm non - specific terminal t wave inversion in v2 v4 xxxx ,1,['normal_sinus_rhythm']
 sinus rhythm st segments are slightly depressed in v4 xxxx t wave are low in ii v4 xxxx and inverted in iii avf non - specific but consistent with myocardial ischaemia ,1,['normal_sinus_rhythm']
 sinus rhythm normal ecg edit norm xxxx ( lafb ) ( norm xxxx ) ,1,['normal_sinus_rhythm']
 sinus rhythm non - specific t wave flattening in v4 xxxx myocardial ischaemia is a possible cause ,1,['normal_sinus_rhythm']
 sinus rhythm normal ecg edit norm xxxx ( m xxxx ) sokolow xxxx ( norm xxxx ) ,1,['normal_sinus_rhythm']
 sinus tachycardia right axis deviation low limb lead voltage possible left posterior fascicular block q wave in v1 - xxxx consistent with old anterior myocardial infarct ,1,['sinus_tachycardia']
 sinus tachycardia left axis deviation voltages are high in limb leads suggesting lvh probable old anteroseptal infarct t wave are low or flat in i v5 xxxx this may be due to lv strain or ischaemia ,1,['sinus_tachycardia']
 sinus rhythm normal ecg edit norm xxxx ( imi xxxx ) ,1,['normal_sinus_rhythm']
 sinus rhythm voltages are high in chest leads suggesting lvh non - specific t wave flattening in i v5 xxxx prolonged qt this may be due to a drug effect or an electrolyte disturbance ,1,['normal_sinus_rhythm']
 sinus rhythm voltages are high in chest leads suggesting lvh t wave are flat in limb leads and v5 xxxx non - specific but consistent with myocardial ischaemia ,1,['normal_sinus_rhythm']
 premature atrial contraction ( s ) premature ventricular contraction ( s ) sinus rhythm st segments are depressed in ii avf v6 t wave are inverted in i ii v5 xxxx non - specific but consistent with myocardial ischaemia ,1,['normal_sinus_rhythm']
 premature ventricular contraction ( s ) trigeminy sinus rhythm non - specific t wave flattening in v2 xxxx ,1,['normal_sinus_rhythm']
 sinus rhythm st segments are slightly depressed in i ii v5 xxxx t wave are low or flat in limb leads and v4 and slightly inverted in v5 xxxx this may be due to lv strain or ischaemia ,1,['normal_sinus_rhythm']
 sinus rhythm left atrial enlargement borderline left axis left anterior fascicular block probable left ventricular hypertrophy anterolateral t abnormality lv strain is a likely cause ,1,['normal_sinus_rhythm']
 sinus rhythm r wave height in v6 suggests the possibility of left ventricular hypertrophy otherwise no definite diagnostic features ,1,['normal_sinus_rhythm']
 sinus rhythm normal ecg edit norm xxxx norm xxxx knotungiii ( norm xxxx ivcb ) ,1,['normal_sinus_rhythm']
 sinus bradycardia non - specific intraventricular delay st segments are depressed in v4 xxxx t wave are inverted in ii iii avf v5 xxxx and flat in i avl v4 findings are likely to be due to ischaemic heart disease the cause of the bradycardia is n ,1,['sinus_bradycardia']
 sinus rhythm right bundle branch block possible old inferior myocardial infarct ,1,['normal_sinus_rhythm']
 sinus bradycardia otherwise normal ecg edit norm xxxx qsiii ( norm xxxx ) ,1,['sinus_bradycardia']
 premature ventricular contraction ( s ) sinus tachycardia minor non - specific st and t wave change ,1,['sinus_tachycardia']
 premature ventricular contraction ( s ) sinus rhythm right axis deviation probable left posterior fascicular block right bundle branch block bifascicular block ,1,['normal_sinus_rhythm']
 sinus rhythm non - specific intraventricular delay non - specific t wave flattening in v2 xxxx myocardial ischaemia is a possible cause ,1,['normal_sinus_rhythm']
 sinus rhythm qs complex in v2 xxxx and q wave in in v4 st segments are elevated in v2 xxxx t wave are inverted in i avl v2 - xxxx consistent with ischaemic heart disease with anterior myocardial infarct of uncertain age ,1,['normal_sinus_rhythm']
 premature atrial contraction ( s ) sinus rhythm non - specific t wave flattening in i avl v5 xxxx st segments are sightly depressed in ii iii avf non - specific but consistent with myocardial ischaemia ,1,['normal_sinus_rhythm']
 sinus rhythm qs complex in v2 xxxx consistent with anterior myocardial infarct probably old persistent st segment elevation may indicate a ventricular aneurysm q wave in ii iii avf consistent with old inferior myocardial infarct t wave ar ,1,['normal_sinus_rhythm']
 sinus rhythm incomplete right bundle branch block rather deep but narrow q wave in lateral leads may indicate septal hypertrophy otherwise normal ecg ,1,['normal_sinus_rhythm']
 sinus rhythm poor progression of r wave in anterior chest leads this may be normal but an old anteroseptal infarct cannot be entirely excluded ,1,['normal_sinus_rhythm']
 sinus rhythm normal ecg edit norm lafb ( norm xxxx lafb xxxx ) ,1,['normal_sinus_rhythm']
 sinus rhythm possible left atrial enlargement borderline left axis deviation left ventricular hypertrophy st segments are depressed and t wave inverted in i avl v5 xxxx this may be due to lv strain or ischaemia ,1,['normal_sinus_rhythm']
 sinus tachycardia voltages are high in limb leads suggesting lvh st segments are depressed in i avl t wave are flat in these leads this may be due to lv strain or ischaemia ,1,['sinus_tachycardia']
 sinus rhythm voltages are high in chest leads suggesting lvh st segments are depressed in i ii avl v5 xxxx this may be due to lv strain or ischaemia ,2,['normal_sinus_rhythm']
 premature atrial contraction ( s ) sinus rhythm non - specific t wave flattening in i avl v5 xxxx ,1,['normal_sinus_rhythm']
 sinus rhythm non - specific t wave flattening in i v6 and inversion in avl tiny r wave in v2 xxxx old anteroseptal infarct cannot be excluded ,1,['normal_sinus_rhythm']
 premature atrial contraction ( s ) sinus rhythm prolonged pr interval left axis deviation left anterior fascicular block right bundle branch block q wave in v1 xxxx consistent with old anterior myocardial infarct this patient has trifascicular bl ,1,['normal_sinus_rhythm']
 sinus rhythm left atrial enlargement voltages are high in chest leads suggesting lvh st segments are depressed in v4 xxxx t wave are low in these leads this may be due to lv strain or ischaemia possible old anteroseptal myocardial infarct ,1,['normal_sinus_rhythm']
 sinus rhythm left axis deviation left anterior fascicular block right bundle branch block bifascicular block pr interval is normal non - specific st and t wave change ,1,['normal_sinus_rhythm']
 sinus rhythm left ventricular hypertrophy st segments are depressed in i ii avl v5 xxxx t wave are inverted in i avl and flat in v5 xxxx this may be due to lv strain or ischaemia ,1,['normal_sinus_rhythm']
 sinus rhythm incomplete right bundle branch block left axis deviation left anterior fascicular block prolonged qt this may be due to a drug effect or an electrolyte disturbance ,1,['normal_sinus_rhythm']
 sinus tachycardia q wave in v2 xxxx st segments are elevated in i ii avl v2 - xxxx the elevation being especially marked in v2 xxxx st segments are depressed in iii consistent with recent anterior and lateral myocardial infarct ,1,['sinus_tachycardia']
 sinus rhythm left ventricular hypertrophy st segments are depressed and t wave inverted in i ii avl v4 xxxx this may be due to lv strain or ischaemia ,1,['normal_sinus_rhythm']
 sinus rhythm r wave are tall on v5 xxxx lvh cannot be excluded otherwise normal for age ,1,['normal_sinus_rhythm']
 sinus tachycardia non - specific t wave flattening in i v5 xxxx and inversion in avl ,1,['sinus_tachycardia']
 sinus rhythm st segments are slightly depressed in v5 xxxx t wave are low in i avl v3 - xxxx myocardial ischaemia cannot be excluded prolonged qt this may be due to a drug effect or an electrolyte disturbance ,1,['normal_sinus_rhythm']
 sinus rhythm qs complex in v2 old anteroseptal myocardial infarct cannot be excluded otherwise no definite pathology ,1,['normal_sinus_rhythm']
 sinus rhythm left axis deviation left anterior fascicular block st segments are depressed in i ii avl v4 xxxx t wave are inverted in i avl v3 - xxxx this may be due to lv strain or ischaemia ,1,['normal_sinus_rhythm']
 sinus rhythm pr interval is short ( less than xxxx sec ) the possibility of a pre - excitation syndrome cannot be excluded t wave are low or flat in limb leads and v5 xxxx non - specific but consistent with myocardial ischaemia possible old inferior myocard ,1,['normal_sinus_rhythm']
 sinus tachycardia right axis deviation right bundle branch block q wave in ii iii avf consistent with old inferior myocardial infarct ,1,['sinus_tachycardia']
 sinus rhythm t wave are flat in ii and inverted in iii avf consistent with inferior myocardial ischaemia ,1,['normal_sinus_rhythm']
 sinus rhythm left atrial enlargement q wave in ii iii avf consistent with old inferior myocardial infarct ,1,['normal_sinus_rhythm']
 sinus rhythm t wave are inverted in ii iii avf consistent with inferior myocardial ischaemia edit ndt ,1,['normal_sinus_rhythm']
 sinus rhythm slightly prolonged pr interval st segments are elevated in v2 xxxx this is probably a normal variant st segments are depressed and t wave low in ii iii avf non - specific but consistent with myocardial ischaemia ,1,['normal_sinus_rhythm']
 sinus bradycardia right bundle branch block ,1,['sinus_bradycardia']
 sinus tachycardia low limb lead voltage right bundle branch block q wave in ii iii avf consistent with old inferior myocardial infarct non - specific st and t wave change in chest leads ,1,['sinus_tachycardia']
 sinus rhythm left axis deviation voltages are high in limb leads suggesting lvh qs complex in v2 xxxx consistent with old anterior myocardial infarct minor non - specific st and t wave change in i avl ,1,['normal_sinus_rhythm']
 sinus rhythm qs complex in v2 xxxx and q wave in v4 st segments are depressed in i ii avl v4 xxxx t wave are inverted in i avl v4 xxxx consistent with ischaemic heart disease with old anterior myocardial infarct ,1,['normal_sinus_rhythm']
 sinus rhythm right axis deviation possible left posterior fascicular block incomplete right bundle branch block q wave in ii iii avf v4 xxxx st segments are depressed in these leads consistent with old inferolateral myocardial infarct ,1,['normal_sinus_rhythm']
 sinus rhythm compared with tracing of xxxx it is very similar evidence of old anteroseptal infarct persists and there is still st segment depression and t wave inversion in i avl v4 xxxx ,1,['normal_sinus_rhythm']
 sinus rhythm non - specific inferior st and t wave change otherwise normal ecg ,1,['normal_sinus_rhythm']
 sinus rhythm t wave are flat or slightly inverted in i avl v5 xxxx this may be due to lv strain or ischaemia ,1,['normal_sinus_rhythm']
 sinus rhythm left axis deviation left anterior fascicular block st segments are elevated in v2 xxxx t wave are inverted in i ii v4 xxxx with terminal inversion in v3 findings are likely to be due to ischaemic heart disease and may represent anterolat edit injas injal lafb ( injal xxxx lafb ) ,1,['normal_sinus_rhythm']
 sinus rhythm left axis deviation r - s transition zone in v leads displaced to the left possible old inferior infarct ,1,['normal_sinus_rhythm']
 sinus arrhythmia right bundle branch block ,1,['sinus_arrhythmia']
 sinus rhythm st segments are depressed in i ii avf v4 xxxx t wave are low or flat in these leads non - specific but consistent with myocardial ischaemia and digitalis effect ,1,['normal_sinus_rhythm']
 sinus rhythm t wave are inverted in v2 xxxx and low in i v4 xxxx myocardial ischaemia is likely edit iscas ( iscas xxxx ivcb ) ,1,['normal_sinus_rhythm']
 premature ventricular contraction sinus rhythm minor inferior and lateral t wave flattening ,1,['normal_sinus_rhythm']
 sinus rhythm minor non - specific st segment depression in v4 xxxx and t wave flattening in v3 ,1,['normal_sinus_rhythm']
 sinus bradycardia voltages are high in limb leads suggesting lvh t wave are inverted in i avl and flat in v5 xxxx non - specific but consistent with myocardial ischaemia the cause of the bradycardia is not evident ,1,['sinus_bradycardia']
 sinus rhythm possible left atrial enlargement possible old inferior infarct ,1,['normal_sinus_rhythm']
 sinus rhythm left axis deviation left anterior fascicular block t wave are inverted in i avl v3 xxxx and flat in v6 findings are likely to be due to ischaemic heart disease they may represent subendocardial infarct of uncertain age ,1,['normal_sinus_rhythm']
 sinus tachycardia prolonged pr interval left axis deviation left anterior fascicular block ,1,['sinus_tachycardia']
 sinus rhythm left axis deviation left anterior fascicular block st segments are depressed and t wave inverted in i avl t wave are flat in v4 xxxx non - specific but consistent with myocardial ischaemia prolonged qt this may be due to a drug effe ,1,['normal_sinus_rhythm']
 premature ventricular contraction ( s ) sinus tachycardia prolonged pr interval left axis deviation st segments are depressed in i avl v5 xxxx this may be due to lv strain or ischaemia ,1,['sinus_tachycardia']
 sinus rhythm low limb lead voltage non - specific t wave flattening in i avl v6 ,2,['normal_sinus_rhythm']
 premature atrial contraction ( s ) sinus rhythm r - s transition zone in v leads displaced to the left left axis deviation left anterior fascicular block voltages in limb leads are at upper limit st segments are depressed in i ii avl t wave are flat ,1,['normal_sinus_rhythm']
 sinus rhythm low limb lead voltage no definite pathology edit asmi xxxx ( f xxxx ) schlechte r - progression v1 - xxxx qsiii ( norm xxxx ) ,1,['normal_sinus_rhythm']
 sinus arrhythmia rightward axis normal ecg ,1,['sinus_arrhythmia']
 sinus bradycardia st segments are depressed in ii iii avf v5 xxxx this may be due to lv strain or ischaemia the cause of the bradycardia is not evident ,1,['sinus_bradycardia']
 sinus bradycardia st segments are depressed in ii iii avf t wave are slightly inverted in ii iii avf v5 xxxx and flat in i avl this may be due to lv strain or ischaemia the cause of the bradycardia is not evident ,1,['sinus_bradycardia']
 sinus rhythm slight st segment depression and t wave are flattened in i avl this may be due to lv strain or ischaemia ,1,['normal_sinus_rhythm']
 sinus arrhythmia t wave are flat in limb leads and v4 xxxx myocardial ischaemia is likely ,1,['sinus_arrhythmia']
 sinus rhythm low limb lead voltage q wave in ii iii avf are probably normal no definite pathology ,1,['normal_sinus_rhythm']
 premature atrial contraction ( s ) sinus rhythm left axis deviation r - s transition zone in v leads displaced to the left left anterior fascicular block incomplete right bundle branch block ,1,['normal_sinus_rhythm']
 sinus rhythm left atrial enlargement q wave in v2 suggesting old anteroseptal infarct st segments are depressed in i v5 xxxx t wave are low or flat throughout findings are likely to be due to ischaemic heart disease suggest exclude hypokalaemia ,1,['normal_sinus_rhythm']
 sinus rhythm possible left atrial enlargement right bundle branch block ,1,['normal_sinus_rhythm']
 sinus rhythm left axis deviation left anterior fascicular block st segments are depressed in i avl v3 - xxxx t wave are low or flat throughout myocardial ischaemia is likely suggest exclude hypokalaemia ,1,['normal_sinus_rhythm']
 sinus rhythm r - s transition zone in v leads displaced to the right non - specific t wave flattening in i and inversion in avl ,1,['normal_sinus_rhythm']
 sinus rhythm left axis deviation voltages in chest leads are at upper limit non - specific st segment depression in v5 xxxx ,1,['normal_sinus_rhythm']
 sinus rhythm prolonged pr interval left axis deviation r - s transition zone in v leads displaced to the right left anterior fascicular block incomplete right bundle branch block ,1,['normal_sinus_rhythm']
 sinus rhythm low limb lead voltage t wave are low or flat throughout myocardial ischaemia is likely suggest exclude hypokalaemia ,1,['normal_sinus_rhythm']
 sinus rhythm right atrial enlargement left axis deviation left anterior fascicular block ,1,['normal_sinus_rhythm']
 sinus rhythm possible left atrial enlargement t wave are inverted in i avl v5 xxxx with terminal inversion in v4 this may be due to lateral myocardial ischaemia or subendocardial infarct of uncertain age change could be recent ,1,['normal_sinus_rhythm']
 frequent premature atrial contraction ( s ) sinus rhythm ,1,['normal_sinus_rhythm']
 sinus rhythm premature atrial contraction ( s ) left anterior fascicular block ,1,['normal_sinus_rhythm']
 premature ventricular contraction ( s ) sinus rhythm slight non - specific st segment depression in i v3 - xxxx prolonged qt this may be due to a drug effect or an electrolyte disturbance ,1,['normal_sinus_rhythm']
 sinus rhythm borderline left axis deviation voltages are high in chest leads suggesting lvh qs complex in v2 old anteroseptal infarct cannot be excluded ,1,['normal_sinus_rhythm']
 premature atrial contraction ( s ) sinus rhythm qs complex in v2 xxxx consistent with old anteroseptal myocardial infarct non - specific t wave flattening in i and inversion in avl ,1,['normal_sinus_rhythm']
 sinus rhythm r - s transition zone in v leads displaced to the right st segments are depressed in v3 - xxxx this may be due to lv strain or ischaemia ,1,['normal_sinus_rhythm']
 sinus rhythm possible left atrial enlargement voltages are high in limb leads suggesting lvh st segments are depressed in i avl this may be due to lv strain or ischaemia ,1,['normal_sinus_rhythm']
 sinus rhythm right bundle branch block voltages are high in chest leads suggesting lvh q wave in ii iii avf are probably normal ,1,['normal_sinus_rhythm']
 sinus rhythm non - specific intraventricular block ,1,['normal_sinus_rhythm']
 sinus rhythm left axis deviation left anterior fascicular block incomplete right bundle branch block st segments are depressed in i avl v2 - xxxx t wave are low or flat throughout non - specific but consistent with myocardial ischaemia suggest exclude ,1,['normal_sinus_rhythm']
 sinus rhythm t wave are inverted in v4 xxxx low in v6 and show slight terminal inversion in v3 findings are likely to be due to ischaemic heart disease and may represent subendocardial infarct of uncertain age ,1,['normal_sinus_rhythm']
 premature atrial contraction ( s ) sinus rhythm minor non - specific t wave flattening in i avl ,1,['normal_sinus_rhythm']
 sinus rhythm st segments are depressed in i ii avf v5 xxxx t wave are inverted in i avl v5 xxxx this may be due to lv strain or ischaemia the significance of st segment elevation in v1 xxxx is uncertain in view of recent chest pain suggest repeat tomo ,1,['normal_sinus_rhythm']
 sinus arrhythmia non - specific intraventricular block anterior and inferolateral infarcts of uncertain age ,1,['sinus_arrhythmia']
 sinus rhythm complex show either complete or incomplete right bundle branch block possible left atrial enlargement possible old inferior myocardial infarct ,1,['normal_sinus_rhythm']
 premature atrial contraction ( s ) sinus rhythm low limb lead voltage non - specific t wave flattening in v3 ,1,['normal_sinus_rhythm']
 premature atrial contraction sinus rhythm borderline left ventricular hypertrophy ,1,['normal_sinus_rhythm']
 premature atrial contraction ( s ) sinus rhythm voltages are high in limb leads suggesting lvh st segments are depressed in i ii avl v5 xxxx t wave are low or flat in these leads this may be due to lv strain or ischaemia ,1,['normal_sinus_rhythm']
 sinus rhythm non specific t abnormality in anterior leads otherwise normal ecg ,1,['normal_sinus_rhythm']
 sinus rhythm low limb lead voltage non - specific intraventricular block possible old inferior infarct ,1,['normal_sinus_rhythm']
 sinus tachycardia r - s transition zone in v leads displaced to the left non - specific t wave flattening in i avl edit asmi xxxx ndt tachykardie ,1,['sinus_tachycardia']
 premature ventricular contraction ( s ) sinus rhythm st segments are depressed in i avl v6 this may be due to lv strain or ischaemia ,1,['normal_sinus_rhythm']
 sinus rhythm left axis deviation q wave in ii iii avf consistent with old inferior myocardial infarct compared with tracing of xxxx it is very similar both tracings show artifact due to electrical interference ,1,['normal_sinus_rhythm']
 premature ventricular contraction ( s ) sinus rhythm otherwise normal ecg edit norm xxxx ( ndt ) ,1,['normal_sinus_rhythm']
 sinus rhythm minor non - specific st and t wave change in i avl v6 ,1,['normal_sinus_rhythm']
 sinus rhythm non - specific t wave flattening in i avl v5 xxxx prolonged qt this may be due to a drug effect or an electrolyte disturbance ,1,['normal_sinus_rhythm']
 sinus tachycardia q wave in ii iii avf consistent with old inferior myocardial infarct qs complex in v2 xxxx consistent with old anteroseptal myocardial infarct non - specific st and t wave change ,1,['sinus_tachycardia']
 sinus rhythm t wave are low or flat in ii v5 xxxx and inverted in iii avf non - specific but consistent with myocardial ischaemia ,1,['normal_sinus_rhythm']
 sinus rhythm st segments are depressed in ii iii avf v6 t wave are low or flat in these leads non - specific but consistent with myocardial ischaemia ,1,['normal_sinus_rhythm']
 sinus rhythm prolonged pr interval non - specific intraventricular block compared with tracing of xxxx evidence of old anterior and inferolateral infarcts persists ,1,['normal_sinus_rhythm']
 sinus rhythm prolonged pr interval tiny r wave in v2 xxxx suggesting old anteroseptal infarct st segments are depressed and t wave inverted in i ii avl avf v4 xxxx this may be due to lv strain or ischaemia ,1,['normal_sinus_rhythm']
 premature atrial contraction ( s ) sinus rhythm left axis deviation q wave in ii iii avf consistent with inferior myocardial infarct of uncertain age tiny r wave in v2 xxxx suggesting old anteroseptal infarct st segments are depressed in i avl v5 ,1,['normal_sinus_rhythm']
 sinus rhythm low limb lead voltage minor non - specific t wave flattening in i avl v6 ,1,['normal_sinus_rhythm']
 sinus rhythm r - s transition zone in v leads displaced to the right st segments are depressed in i ii v4 xxxx t wave are slightly inverted in these leads this may be due to lv strain or ischaemia ,1,['normal_sinus_rhythm']
 sinus tachycardia voltages are high in chest leads suggesting lvh q wave in ii iii avf st segments are depressed in i ii avl v4 xxxx t wave are flat or slightly inverted in these leads consistent with ischaemic heart disease with probable old i ,1,['sinus_tachycardia']
 premature atrial contraction ( s ) sinus rhythm left atrial enlargement possible old inferior infarct ,1,['normal_sinus_rhythm']
 sinus rhythm minor non - specific t wave flattening otherwise normal ecg ,2,['normal_sinus_rhythm']
 sinus rhythm normal ecg lead v5 shows gross artifact ,1,['normal_sinus_rhythm']
 sinus rhythm left atrial enlargement st segments are depressed in i ii avf v5 xxxx t wave are flat or slightly inverted in limb leads and v5 xxxx compared with tracing of xxxx it is similar st segment elevation persists in anterior chest leads and ,1,['normal_sinus_rhythm']
 premature atrial contraction ( s ) sinus rhythm t wave are generally low and are flat in lateral chest leads myocardial ischaemia is likely prolonged qt this may be due to a drug effect or an electrolyte disturbance ,1,['normal_sinus_rhythm']
 sinus arrhythmia probably normal for age otherwise normal ecg ,1,['sinus_arrhythmia']
 sinus rhythm non - specific intraventricular delay minor non - specific st segment depression in v4 xxxx ,1,['normal_sinus_rhythm']
 premature ventricular contraction ( s ) sinus rhythm st segments are depressed in i v4 xxxx t wave are inverted in i avl v5 xxxx this may be due to lv strain or ischaemia ,1,['normal_sinus_rhythm']
 sinus rhythm minor non - specific t wave flattening in v3 xxxx otherwise normal ecg ,1,['normal_sinus_rhythm']
 sinus rhythm right bundle branch block appearances in some leads are very suspicious of delta wave a pre - excitation syndrome cannot be excluded is there any history to suggest a paroxysmal tachyarrhythmia ,1,['normal_sinus_rhythm']
 sinus rhythm prolonged pr interval minor non - specific t wave flattening in i avl edit norm xxxx muskelzittern qsiii durchartefakte vorgetäuscht ,1,['normal_sinus_rhythm']
 sinus rhythm possible left atrial enlargement st segments are depressed in i ii iii avf v4 xxxx t wave are flat in limb leads and v4 xxxx this may be due to lv strain or ischaemia ,1,['normal_sinus_rhythm']
 sinus rhythm right atrial enlargement st segments are depressed in ii iii avf v5 xxxx this may be due to lv strain or ischaemia ,1,['normal_sinus_rhythm']
 sinus rhythm left axis deviation low limb lead voltage possible old inferior infarct ,1,['normal_sinus_rhythm']
 sinus rhythm non - specific st depression in v4 xxxx ,1,['normal_sinus_rhythm']
 sinus rhythm tiny r wave in v2 xxxx old anteroseptal infarct cannot be excluded otherwise normal ecg edit asmi xxxx ( asmi xxxx ) ,1,['normal_sinus_rhythm']
 premature ventricular contraction ( s ) sinus rhythm voltages in chest leads are at upper limit ,1,['normal_sinus_rhythm']
 sinus rhythm poor progression of r wave in anterior chest leads this is of uncertain significance minor non - specific t wave flattening in limb leads ,1,['normal_sinus_rhythm']
 sinus rhythm voltages in limb leads are at upper limit minor non - specific st segment depression in i avl v4 xxxx ,1,['normal_sinus_rhythm']
 premature atrial contraction ( s ) sinus rhythm prolonged pr interval left bundle branch block this is most commonly due to ischaemic heart disease ,1,['normal_sinus_rhythm']
 sinus bradycardia voltages in limb leads are at upper limit minor non - specific t wave flattening in i and inversion in avl the cause of the bradycardia is not evident ,1,['sinus_bradycardia']
 sinus rhythm st segments are depressed in v4 xxxx t wave are low or flat in i avl v5 xxxx this may be due to lv strain or ischaemia ,1,['normal_sinus_rhythm']
 sinus rhythm qs complex in v2 and q wave in v3 consistent with anteroseptal myocardial infarct of uncertain age non - specific t wave flattening in i and inversion in avl ,1,['normal_sinus_rhythm']
 sinus rhythm minimal st segment depression in ii avf v4 xxxx of doubtful significance otherwise normal ecg ,1,['normal_sinus_rhythm']
 sinus rhythm voltages are high in limb leads suggesting lvh st segments are depressed in i avl this may be due to lv strain or ischaemia ,2,['normal_sinus_rhythm']
 sinus rhythm prolonged pr interval st segments are depressed in i ii iii avf v5 xxxx qs complex in v2 xxxx q wave in v4 st segments are elevated in v2 xxxx consistent with ischaemic heart disease with anterior myocardial infarct of uncertain age p ,1,['normal_sinus_rhythm']
 premature ventricular contraction ( s ) bigeminy sinus rhythm otherwise normal ecg ,2,['normal_sinus_rhythm']
 sinus rhythm prolonged pr interval left axis deviation left anterior fascicular block left ventricular hypertrophy poor progression of r wave in anterior chest leads suggesting old anteroseptal myocardial infarct st segments are depressed in i ,1,['normal_sinus_rhythm']
 sinus rhythm borderline left axis deviation incomplete right bundle branch block t wave are inverted in v2 xxxx myocardial ischaemia is a possible cause ,1,['normal_sinus_rhythm']
 sinus bradycardia prolonged pr interval right bundle branch block the cause of the bradycardia is not evident ,1,['sinus_bradycardia']
 sinus rhythm st segments are depressed in ii iii avf v5 xxxx t wave are low in ii v5 xxxx and inverted in iii avf this may be due to lv strain or ischaemia ,1,['normal_sinus_rhythm']
 sinus rhythm t wave are low or flat in limb leads and v3 v6 t wave are inverted in v4 xxxx findings are likely to be due to ischaemic heart disease the age of the change is uncertain prolonged qt this may be due to a drug effect or an electro ,1,['normal_sinus_rhythm']
 sinus rhythm non - specific t wave inversion in v2 prolonged qt this may be due to a drug effect or an electrolyte disturbance ,1,['normal_sinus_rhythm']
 sinus rhythm non - specific intraventricular delay non - specific t wave flattening in i avl v5 xxxx q wave in ii iii avf are probably normal ,1,['normal_sinus_rhythm']
 premature ventricular contraction ( s ) sinus rhythm prolonged pr interval left axis deviation left anterior fascicular block right bundle branch block patient has trifascicular block and may be at increased risk of developing complete av block q ,1,['normal_sinus_rhythm']
 sinus rhythm t wave are flat or slightly inverted in i avl v4 xxxx non - specific but consistent with myocardial ischaemia ,1,['normal_sinus_rhythm']
 sinus rhythm possible left atrial enlargement small r wave in v2 xxxx old anteroseptal infarct cannot be excluded ,1,['normal_sinus_rhythm']
 sinus rhythm incomplete right bundle branch block st segments are depressed in v2 - xxxx t wave are inverted in v2 xxxx and low or flat in v4 xxxx findings may be due to myocardial ischaemia or anterior subendocardial infarct of uncertain age change are s ,1,['normal_sinus_rhythm']
 sinus rhythm non - specific t wave flattening in i avl v6 possible old inferior infarct ,1,['normal_sinus_rhythm']
 sinus rhythm minor non - specific st segment depression in i avl v6 otherwise normal ecg ,1,['normal_sinus_rhythm']
 sinus rhythm prolonged pr interval st segments are depressed in i avl v4 xxxx t wave are inverted in v4 xxxx and flat in i avl findings are likely to be due to ischaemic heart disease possible old inferior myocardial infarct the age of the chan ,1,['normal_sinus_rhythm']
 sinus rhythm minor non - specific t wave flattening in i avl v4 xxxx otherwise normal ecg ,1,['normal_sinus_rhythm']
 sinus rhythm st segments are depressed in i ii avf v4 xxxx non - specific but consistent with myocardial ischaemia ,2,['normal_sinus_rhythm']
 sinus rhythm left atrial enlargement voltages are high in chest leads suggesting lvh qs complex in v2 xxxx consistent with old anteroseptal myocardial infarct st segments are depressed in ii avf v5 xxxx t wave are flat in limb leads and v4 and i ,1,['normal_sinus_rhythm']
 sinus rhythm incomplete right bundle branch block non specific t wave change in v2 and v3 ,1,['normal_sinus_rhythm']
 premature atrial contraction ( s ) sinus rhythm non - specific t wave flattening in i avl v6 ,1,['normal_sinus_rhythm']
 sinus rhythm prolonged pr interval left axis deviation left anterior fascicular block right bundle branch block patient has trifascicular block and may be at increased risk of developing complete av block q wave in v2 old anteroseptal infarct c ,1,['normal_sinus_rhythm']
 sinus rhythm st segments are elevated in ii iii avf with depression probably reciprocal in i avl consistent with recent inferior myocardial infarct ,1,['normal_sinus_rhythm']
 sinus rhythm qs complex in v2 xxxx consistent with old anterior infarct ,1,['normal_sinus_rhythm']
 sinus rhythm qs complex in v2 xxxx st segments are elevated in v2 xxxx t wave are inverted in i avl v2 - xxxx consistent with ischaemic heart disease with anterior myocardial infarct which may be recent old inferior myocardial infarct cannot be ex ,1,['normal_sinus_rhythm']
 sinus rhythm q wave in ii iii avf consistent with old inferior myocardial infarct t wave are inverted in i avl v5 xxxx st segments are depressed in v5 xxxx this may be due to lv strain or ischaemia ,1,['normal_sinus_rhythm']
 sinus rhythm prolonged pr interval left axis deviation left anterior fascicular block st segments are depressed in i avl v3 - xxxx t wave are flat in limb leads and v3 and inverted in v4 xxxx this may be due to lv strain or ischaemia q wave in v2 an ,1,['normal_sinus_rhythm']
 premature atrial contraction ( s ) sinus rhythm left axis deviation left anterior fascicular block right bundle branch block bifascicular block pr interval is normal ,2,['normal_sinus_rhythm']
 sinus rhythm compared with tracing of xxxx st segment elevation in inferior leads is less st segments are depressed in i avl v2 - xxxx it is noted that st segments in v1 now isoelectric whereas previously there was some elevation suggesting that ,1,['normal_sinus_rhythm']
 sinus rhythm left axis deviation left anterior fascicular block non - specific intraventricular delay ,1,['normal_sinus_rhythm']
 sinus tachycardia left axis deviation probable left anterior fascicular block ( lafb ) low limb lead voltage poor anteroseptal r progression may reflect lafb but cant exclude previous anteroseptal infarct ,1,['sinus_tachycardia']
 premature ventricular contraction ( s ) sinus rhythm possible left atrial enlargement non - specific t wave flattening in ii and inversion in iii avf inferior myocardial ischaemia cannot be excluded ,1,['normal_sinus_rhythm']
 sinus rhythm normal ecg lead v1 shows artifact ,1,['normal_sinus_rhythm']
 sinus rhythm st segments are depressed in i ii avl avf v2 - xxxx t wave are inverted in v2 xxxx findings are likely to be due to ischaemic heart disease and digitalis effect the age of the change is uncertain edit injas lvh xxxx isc sokolow xxxx ( injas lvh xxxx iscal ) ,1,['normal_sinus_rhythm']
 sinus rhythm qs complex in v2 and q wave in v3 consistent with old anteroseptal myocardial infarct ,1,['normal_sinus_rhythm']
 sinus rhythm qs complex in v2 and tiny r wave in v3 consistent with old anteroseptal myocardial infarct st segments are depressed in v5 xxxx t wave are flat in i avl v5 xxxx non - specific but consistent with myocardial ischaemia ,1,['normal_sinus_rhythm']
 sinus rhythm r - s transition zone in v leads displaced to the right incomplete right bundle branch block pr interval is rather short and delta wave are evident patient probably has wolff - parkinson - white syndrome such patients may be prone to bouts o ,1,['normal_sinus_rhythm']
 sinus rhythm prolonged pr interval left axis deviation t wave are inverted in i avl and low or flat in v4 xxxx non - specific but consistent with myocardial ischaemia ,1,['normal_sinus_rhythm']
 sinus rhythm prolonged pr interval right bundle branch block edit rvh xxxx crbbb lpfb ( imi xxxx crbbb ) ,1,['normal_sinus_rhythm']
 sinus rhythm qs complex in v2 and tiny r wave in v3 st segments are elevated in v2 xxxx consistent with anteroseptal myocardial infarct of uncertain age probably old ,1,['normal_sinus_rhythm']
 sinus rhythm st segments are depressed in ii v5 xxxx t wave are flat in i and inverted in avl non - specific but consistent with myocardial ischaemia prolonged qt this may be due to a drug effect or an electrolyte disturbance ,1,['normal_sinus_rhythm']
 sinus tachycardia premature atrial contraction ( s ) non - specific intraventricular delay q wave in ii iii avf consistent with old inferior myocardial infarct st segments are depressed in i avl v4 xxxx t wave are flat in these leads findings ,1,['sinus_tachycardia']
 sinus rhythm rightward axis right bundle branch block ,1,['normal_sinus_rhythm']
 sinus rhythm left axis deviation left anterior fascicular block qs complex in v2 xxxx consistent with old anterior myocardial infarct st segments are depressed and t wave inverted in i avl this may be due to lv strain or ischaemia ,1,['normal_sinus_rhythm']
 sinus rhythm prolonged pr interval r - s transition zone in v leads displaced to the right minor non - specific t wave flattening in i avl ,1,['normal_sinus_rhythm']
 sinus rhythm st segments are depressed in ii iii avf v4 xxxx t wave are flat in these leads this may be due to lv strain or ischaemia ,1,['normal_sinus_rhythm']
 sinus rhythm t wave are low in i v6 and inverted in avl this may be due to lv strain or ischaemia ,1,['normal_sinus_rhythm']
 sinus rhythm incomplete right bundle branch block non - specific t wave flattening in v4 - xxxx ,1,['normal_sinus_rhythm']
 sinus rhythm minor non - specific st segment depression in ii v4 xxxx ,1,['normal_sinus_rhythm']
 sinus rhythm old inferior infarct cannot be excluded ,1,['normal_sinus_rhythm']
 sinus rhythm borderline left axis deviation ,1,['normal_sinus_rhythm']
 sinus bradycardia possible left ventricular hypertrophy small lateral q wave noted in i avl these are not definitely abnormal non - specific st elevation in chest leads v2 - v6 is almost certainly a normal variant ,1,['sinus_bradycardia']
 sinus rhythm probable left atrial enlargement complete left bundle branch block ,1,['normal_sinus_rhythm']
 sinus rhythm left anterior fascicular blockward axis minor st and t abnormality consider anterior ischemia or early left ventricular strain ,1,['normal_sinus_rhythm']
 sinus rhythm non specific t abnormality ( minor ) ,1,['normal_sinus_rhythm']
 sinus rhythm first degree av block left atrial enlargement antero - septal infarct - old query left ventricular strain or ischaemia ,1,['normal_sinus_rhythm']
 sinus rhythm t abnormality in anterior leads consistent with right ventricular strain or ischaemia prolonged qt ,1,['normal_sinus_rhythm']
 sinus rhythm minor non specific st and t change ,1,['normal_sinus_rhythm']
 sinus rhythm left axis deviation and clockwise rotation due to left anterior fascicular block possible left ventricular hypertrophy non - specific st and t abnormality ,1,['normal_sinus_rhythm']
 sinus rhythm left axis deviation left anterior fascicular block non - specific intraventricular conduction delay possible old antero - septal infarct non - specific st and t abnormality ,1,['normal_sinus_rhythm']
 sinus rhythm ventricular premature complex voltages of left ventricular hypertrophy st and t change in avl consistent with early left ventricular strain ,1,['normal_sinus_rhythm']
 sinus rhythm left ventricular hypertrophy st and t change consistent with left ventricular strain or ischaemia ,2,['normal_sinus_rhythm']
 sinus rhythm old inferior infarct minor t wave flattening in v6 query old ,1,['normal_sinus_rhythm']
 sinus rhythm non - specific t abnormality in avl ,1,['normal_sinus_rhythm']
 sinus rhythm atrial premature complex tracing otherwise normal ,1,['normal_sinus_rhythm']
 sinus tachycardia apart from rate normal ecg ,1,['sinus_tachycardia']
 sinus rhythm t wave are low flat or slightly inverted throughout prolonged qt myocardial ischaemia is likely but hypokalaemia should be excluded poor progression of r wave in anterior chest leads this is probably due to the marked clockwise rotati ,1,['normal_sinus_rhythm']
 premature ventricular contraction ( s ) sinus rhythm left axis deviation left anterior fascicular block right bundle branch block bifascicular block pr interval is at about upper limit of normal q wave in v2 old anteroseptal infarct cannot be exclu edit asmi xxxx crbbb lafb zielbereich xxxx bbb xxxx % myocardial infarct xxxx % ,1,['normal_sinus_rhythm']
 premature ventricular contraction ( s ) sinus rhythm non - specific t wave flattening in limb leads and v4 xxxx myocardial ischaemia is a possible cause ,1,['normal_sinus_rhythm']
 sinus rhythm q wave in ii iii avf v4 xxxx t wave are flat in ii iii avf v4 and inverted in i avl v5 xxxx consistent with ischaemic heart disease with infero - lateral myocardial infarct probably old it is difficult to determine whether any ch ,1,['normal_sinus_rhythm']
 premature ventricular contraction ( s ) sinus rhythm left axis deviation q wave in ii iii avf st segments are depressed and t wave inverted in i avl v5 xxxx consistent with ischaemic heart disease with old inferior myocardial infarct ,1,['normal_sinus_rhythm']
 sinus rhythm non - specific t wave flattening in limb leads and v5 xxxx this may be due to lv strain or ischaemia ,1,['normal_sinus_rhythm']
 sinus rhythm t wave are inverted in i avl v4 xxxx findings are likely to be due to ischaemic heart disease the age of the change is uncertain ,1,['normal_sinus_rhythm']
 sinus rhythm prolonged pr interval low limb lead voltage qs complex in v2 and tiny r wave in v3 suggesting old anteroseptal myocardial infarct ,1,['normal_sinus_rhythm']
 premature atrial contraction ( s ) sinus rhythm incomplete right bundle branch block st segments are depressed in ii iii avf v4 xxxx non - specific but consistent with myocardial ischaemia ,1,['normal_sinus_rhythm']
 marked sinus arrhythmia otherwise unremarkable ,1,['sinus_arrhythmia']
 sinus rhythm prolonged pr interval non - specific t wave flattening in v4 xxxx lead v3 shows artifact ,1,['normal_sinus_rhythm']
 premature ventricular contraction ( s ) sinus arrhythmia voltages are high in chest leads suggesting lvh minor non - specific st segment depression in v4 xxxx ,1,['sinus_arrhythmia']
 sinus rhythm q wave in v2 xxxx consistent with old anteroseptal myocardial infarct q wave in ii iii avf consistent with old inferior myocardial infarct ,1,['normal_sinus_rhythm']
 sinus tachycardia left axis deviation left anterior fascicular block qs complex in v2 xxxx consistent with old anteroseptal myocardial infarct ,1,['sinus_tachycardia']
 sinus arrhythmia prolonged pr interval otherwise normal ecg ,1,['sinus_arrhythmia']
 sinus rhythm premature ventricular contraction ( s ) st segments are depressed in i ii avl v4 xxxx t wave are low or flat in these leads this may be due to lv strain or ischaemia ,1,['normal_sinus_rhythm']
 sinus rhythm left atrial enlargement right bundle branch block q wave in ii iii avf st segments are depressed in i ii iii avf v4 xxxx consistent with ischaemic heart disease with old inferior myocardial infarct ,1,['normal_sinus_rhythm']
 sinus rhythm non - specific t wave flattening in i avl v3 - xxxx myocardial ischaemia is a possible cause ,1,['normal_sinus_rhythm']
 sinus rhythm voltages are high in limb leads suggesting lvh q wave in v2 suggesting old anteroseptal myocardial infarct non - specific st segment depression in i avl v5 xxxx the tracing has been repeated to confirm the unusual appearances in v2 ,1,['normal_sinus_rhythm']
 sinus rhythm possible left atrial enlargement right bundle branch block non - specific t wave flattening or inversion in infero - lateral leads ,1,['normal_sinus_rhythm']
 sinus rhythm qs complex in v2 suggesting old anteroseptal myocardial infarct st segments are depressed in i v4 xxxx non - specific but consistent with myocardial ischaemia and digitalis effect edit asmi xxxx lvh xxxx isc_50 sokolow xxxx fehlendes r v1 - xxxx ( asmi xxxx lvh xxxx isc_ xxxx ) ,1,['normal_sinus_rhythm']
 sinus rhythm non - specific t wave flattening in i avl v3 - xxxx ,1,['normal_sinus_rhythm']
 pacemaker spikes noted sinus rhythm premature ventricular contraction ( s ) occasional paced complex left anterior fascicular block compared with tracing of xxxx t wave now flatter in i avl ,1,['normal_sinus_rhythm']
 premature atrial contraction ( s ) sinus rhythm left axis deviation left anterior fascicular block non - specific inferolateral t wave abnormality ,1,['normal_sinus_rhythm']
 sinus rhythm left ventricular hypertrophy st and t wave change consistent with lv strain ,1,['normal_sinus_rhythm']
 premature atrial contraction ( s ) sinus tachycardia otherwise normal ecg no change since trace of xxxx ,1,['sinus_tachycardia']
 sinus rhythm left axis deviation left anterior fascicular block t wave are low or flat throughout suggest exclude hypokalaemia ,1,['normal_sinus_rhythm']
 sinus rhythm st segments are depressed and t wave inverted in ii iii avf consistent with inferior myocardial ischaemia leads v4 xxxx show artifact ,1,['normal_sinus_rhythm']
 sinus arrhythmia non - specific t wave flattening in i avl v5 xxxx ,1,['sinus_arrhythmia']
 sinus arrhythmia minor non - specific st and t wave change in i avl ,1,['sinus_arrhythmia']
 sinus rhythm prolonged pr interval right bundle branch block q wave in ii iii avf consistent with old inferior myocardial infarct ,1,['normal_sinus_rhythm']
 sinus rhythm grossly prolonged pr interval otherwise no definite pathology edit norm xxxx 1avb beträchtliche drift in v5 - xxxx ,1,['normal_sinus_rhythm']
 sinus rhythm incomplete right bundle branch block t wave are low or flat in limb leads and v5 xxxx t wave are inverted in v2 xxxx myocardial ischaemia is likely prolonged qt suggest exclude hypokalaemia ,1,['normal_sinus_rhythm']
 sinus rhythm voltages are high in chest leads suggesting lvh st segments are depressed in i ii v4 xxxx t wave are low or flat in limb leads and v4 xxxx this may be due to lv strain or ischaemia tiny r wave in v2 old anteroseptal infarct cannot be e ,1,['normal_sinus_rhythm']
 sinus rhythm prolonged pr interval otherwise normal ecg edit norm xxxx sokolow xxxx ( norm xxxx ) ,1,['normal_sinus_rhythm']
 sinus rhythm voltages are high in chest leads suggesting lvh st segments are slightly depressed in i v4 xxxx this may be due to lv strain or ischaemia ,1,['normal_sinus_rhythm']
 premature atrial contraction ( s ) sinus rhythm possible left atrial enlargement non - specific t wave flattening in v5 xxxx poor progression of r wave in anterior chest leads old anteroseptal myocardial infarct cannot be excluded ,1,['normal_sinus_rhythm']
 premature atrial contraction ( s ) sinus rhythm left bundle branch block compared with tracing of xxxx it is not significantly changed ,1,['normal_sinus_rhythm']
 sinus rhythm normal ecg edit norm xxxx sokolow xxxx qi avl ( norm xxxx ) ,1,['normal_sinus_rhythm']
 premature atrial contraction ( s ) sinus tachycardia slightly prolonged pr interval left axis deviation non - specific intraventricular block left ventricular hypertrophy ,1,['sinus_tachycardia']
 sinus bradycardia incomplete right bundle branch block otherwise normal ecg the cause of the bradycardia is not evident ,1,['sinus_bradycardia']
 premature ventricular contraction ( s ) premature atrial contraction ( s ) sinus tachycardia right bundle branch block ,1,['sinus_tachycardia']
 sinus rhythm q wave in ii iii avf t wave are flat in limb leads and v6 consistent with ischaemic heart disease with old inferior myocardial infarct ,1,['normal_sinus_rhythm']
 complex ( s ) with aberrant intraventricular conduction premature ventricular contraction ( s ) sinus rhythm voltages in limb leads are at upper limit t wave are inverted in i avl this may be due to lv strain or ischaemia ,1,['normal_sinus_rhythm']
 sinus rhythm q wave st segment elevation and t wave inversion in ii iii avf v5 xxxx st segments are depressed in i avl consistent with inferolateral myocardial infarct which appears recent ,1,['normal_sinus_rhythm']
 sinus rhythm minor inferolateral t flattening otherwise normal ecg ,1,['normal_sinus_rhythm']
 sinus tachycardia voltages in chest leads are at upper limit st segments are depressed in i avl v4 xxxx t wave are inverted in i avl v2 - xxxx this may be due to myocardial ischaemia or subendocardial infarct the t wave change have developed sinc ,1,['sinus_tachycardia']
 sinus rhythm r - s transition zone in v leads displaced to the right otherwise normal ecg edit norm xxxx ( norm xxxx ) ,1,['normal_sinus_rhythm']
 sinus rhythm voltages are high in chest leads suggesting lvh t wave have an unusual shape with some terminal inversion in v3 - xxxx the significance is uncertain ,1,['normal_sinus_rhythm']
 sinus rhythm left axis deviation non - specific intraventricular block findings are likely to be due to ischaemic heart disease ,1,['normal_sinus_rhythm']
 sinus rhythm prolonged pr interval t wave are slightly inverted in v2 xxxx and low in v4 xxxx non - specific but consistent with myocardial ischaemia prolonged qt this may be due to a drug effect or an electrolyte disturbance ,1,['normal_sinus_rhythm']
 sinus bradycardia st segments are depressed and t wave biphasic in v3 xxxx non - specific but consistent with myocardial ischaemia the age of the change is uncertain ,1,['sinus_bradycardia']
 sinus rhythm st segments are depressed in i ii avl v5 xxxx t wave are low in these leads this may be due to lv strain or ischaemia ,1,['normal_sinus_rhythm']
 sinus rhythm there is poor anteroseptal r progression v1 - xxxx but no definite pathology ,1,['normal_sinus_rhythm']
 sinus rhythm non specific t flattening v1 - xxxx ,1,['normal_sinus_rhythm']
 sinus rhythm left atrial enlargememt atypical left bundle branch block ,1,['normal_sinus_rhythm']
 sinus rhythm t wave are low or flat in limb leads and v4 xxxx non - specific but consistent with myocardial ischaemia prolonged qt suggest exclude hypokalaemia ,1,['normal_sinus_rhythm']
 sinus rhythm t wave are inverted in v2 xxxx findings are likely to be due to ischaemic heart disease and may represent anterior subendocardial infarct of uncertain age edit injan xxxx ( injas ) ,1,['normal_sinus_rhythm']
 premature atrial contraction ( s ) sinus rhythm borderline left axis deviation st segments are slightly depressed in i avl v3 - xxxx this may be due to lv strain or ischaemia ,1,['normal_sinus_rhythm']
 sinus rhythm left axis deviation non - specific intraventricular block voltages are high in limb leads suggesting lvh st segments are depressed and t wave inverted in i avl v5 xxxx this may be due to lv strain or ischaemia deep but narrow q wave i ,1,['normal_sinus_rhythm']
 premature atrial contractions with aberrant conduction sinus rhythm otherwise normal ecg edit norm xxxx qsiii rao ,1,['normal_sinus_rhythm']
 sinus rhythm voltages are high in chest leads suggesting lvh st segments are depressed and t wave inverted in i ii avl v4 xxxx this may be due to lv strain or ischaemia ,1,['normal_sinus_rhythm']
 sinus rhythm borderline left axis deviation t wave are flat in ii and inverted in iii avf inferior myocardial oschaemia cannot be excluded consensus label derived from { imi xxxx ndt xxxx nt_ xxxx sr xxxx 0} { imi xxxx ndt xxxx sr xxxx 0} ,1,['normal_sinus_rhythm']
 sinus rhythm t wave are inverted in v2 xxxx non - specific but consistent with myocardial ischaemia the age of the change is uncertain ,1,['normal_sinus_rhythm']
 premature atrial contraction ( s ) sinus rhythm non - specific t wave flattening in i and inversion in avl ,1,['normal_sinus_rhythm']
 sinus rhythm left ventricular hypertrophy on limb voltage criteria ,1,['normal_sinus_rhythm']
 sinus rhythm prolonged pr interval non - specific t wave flattening in limb leads and v3 - xxxx myocardial ischaemia is likely suggest exclude hypokalaemia ,1,['normal_sinus_rhythm']
 sinus rhythm prolonged pr interval st segments are depressed in ii iii avf v4 xxxx t wave are low or flat in i ii avl v4 xxxx this may be due to lv strain or ischaemia ,1,['normal_sinus_rhythm']
 sinus arrhythmia low limb lead voltage st segments are depressed and t wave inverted in v2 xxxx this may be due to myocardial ischaemia or subendocardial infarct but in the clinical context of respiratory disease it may indicate right heart stra ,1,['sinus_arrhythmia']
 sinus rhythm compared with tracing of xxxx t wave inversion in i ii avl v2 is a little deeper t wave remain inverted in v3 - xxxx findings are likely to be due to recent subendocardial infarct edit injas injal sokolow xxxx ( injas xxxx injal xxxx ) ,1,['normal_sinus_rhythm']
 sinus rhythm t wave are low or flat in limb leads and v5 xxxx and slightly inverted in v3 xxxx non - specific but consistent with myocardial ischaemia ,1,['normal_sinus_rhythm']
 sinus rhythm prolonged pr interval borderline left axis deviation otherwise no definite pathology ,1,['normal_sinus_rhythm']
 sinus rhythm left axis deviation left anterior fascicular block voltages are high in limb leads suggesting lvh st segments are depressed in i avl this may be due to lv strain or ischaemia ,1,['normal_sinus_rhythm']
 premature ventricular contraction ( s ) premature atrial contraction ( s ) sinus rhythm voltages are high in chest leads suggesting lvh st segments are depressed in i avl v3 - xxxx t wave are low or flat in i avl v5 xxxx this may be due to lv strain or ischa ,1,['normal_sinus_rhythm']
 sinus rhythm compared with tracing of xxxx t wave now generally flatter and are slightly inverted in i ii v5 xxxx recent ischaemia is likely ,1,['normal_sinus_rhythm']
 sinus rhythm st segments are depressed in i ii v5 xxxx q wave in ii iii avf consistent with old inferior myocardial infarct voltages are high in limb leads suggesting lvh ,1,['normal_sinus_rhythm']
 premature atrial contraction ( s ) sinus rhythm left axis deviation left anterior fascicular block right bundle branch block bifascicular block left ventricular hypertrophy non - specific st segment depression in i avl ,1,['normal_sinus_rhythm']
 premature ventricular contraction ( s ) sinus rhythm voltages are high in chest leads suggesting lvh st segments are depressed in v4 xxxx this may be due to lv strain or ischaemia ,1,['normal_sinus_rhythm']
 sinus rhythm t wave are low or flat throughout myocardial ischaemia is likely prolonged qt suggest exclude hypokalaemia ,1,['normal_sinus_rhythm']
 sinus bradycardia the bradycardia may be physiological otherwise normal ecg ,1,['sinus_bradycardia']
 sinus rhythm compared with tracing of xxxx it is very similar but t wave inversion is not quite so deep ,1,['normal_sinus_rhythm']
 sinus arrhythmia non - specific t wave flattening in v5 xxxx ,1,['sinus_arrhythmia']
 sinus rhythm possible left atrial enlargement q wave in v2 an old anteroseptal infarct cannot be excluded ,1,['normal_sinus_rhythm']
 sinus rhythm st segments are depressed in i ii v5 xxxx non - specific but consistent with myocardial ischaemia ,1,['normal_sinus_rhythm']
 sinus rhythm q wave in ii iii avf consistent with old inferior myocardial infarct q wave in v2 and tiny r wave in v3 an old anteroseptal infarct cannot be excluded ,1,['normal_sinus_rhythm']
 premature ventricular contraction ( s ) sinus rhythm possible left atrial enlargement non - specific intraventricular block ,1,['normal_sinus_rhythm']
 sinus rhythm voltages are high in limb leads suggesting lvh q wave in v2 suggesting old anteroseptal infarct st segments are depressed in i avl v4 xxxx t wave are flat or slightly inverted in these leads this may be due to lv strain or ischaemia ,1,['normal_sinus_rhythm']
 sinus rhythm inferolateral st and t abnormality ischaemia is a likely cause ,1,['normal_sinus_rhythm']
 sinus rhythm poor anteroseptal r progression indicates possible previous infarct nonspecific lateral t flattening ,1,['normal_sinus_rhythm']
 sinus rhythm evolving inferolateral infarct since xxxx ,1,['normal_sinus_rhythm']
 sinus rhythm prolonged pr interval q wave in ii iii avf st segments are depressed in ii iii avf v4 xxxx t wave are flat in ii v4 xxxx and inverted in iii avf pattern shows some t wave change since tracing of xxxx consistent with recent inf ,1,['normal_sinus_rhythm']
 sinus rhythm non - specific intraventricular delay voltages are high in chest leads suggesting lvh qs complex in v2 xxxx consistent with anterior myocardial infarct probably old persistent st segment elevation in v2 xxxx may indicate a ventricular a ,1,['normal_sinus_rhythm']
 sinus rhythm prolonged pr interval right bundle branch block probable old lateral infarct there is gross skeletal muscle artifact ,1,['normal_sinus_rhythm']
 sinus bradycardia r - s transition zone in v leads displaced to the right st segments are depressed in i avl non - specific t wave flattening in i and inversion in avl this may be due to lv strain or ischaemia the cause of the bradycardia is not evid ,1,['sinus_bradycardia']
 sinus rhythm voltages are high in chest leads suggesting lvh t wave are flat in i avl v6 this may be due to lv strain or ischaemia ,1,['normal_sinus_rhythm']
 premature ventricular contraction ( s ) sinus rhythm voltages are high in limb leads suggesting lvh otherwise no definite pathology ,1,['normal_sinus_rhythm']
 sinus rhythm non - specific intraventricular delay probableleft ventricular hypertrophy non - specific t wave flattening in i avl ,1,['normal_sinus_rhythm']
 sinus rhythm prolonged pr interval voltages are high in limb leads suggesting lvh old inferior myocardial infarct cannot be excluded ,1,['normal_sinus_rhythm']
 sinus rhythm slight st segment depression and t wave flattening in i avl this may be due to lv strain or ischaemia ,1,['normal_sinus_rhythm']
 sinus rhythm there is much skeletal muscle artifact which could not be avoided however no definite pathology is seen ,1,['normal_sinus_rhythm']
 sinus rhythm minor inferior t wave change these may be due to myocardial ischaemia otherwise normal ecg ,1,['normal_sinus_rhythm']
 sinus rhythm grossly prolonged pr interval ( approx xxxx sec ) one dropped complex possibly due to a blocked atrial premature complex left axis deviation non - specific intraventricular block non - specific st and t wave change it is difficult to determine whe ,1,['normal_sinus_rhythm']
 sinus rhythm q wave in ii iii avf st segments are depressed in i avl v5 xxxx t wave are inverted in i ii avl v2 - xxxx consistent with ischaemic heart disease with old inferior myocardial infarct ,1,['normal_sinus_rhythm']
 sinus tachycardia right bundle branch block ,1,['sinus_tachycardia']
 sinus rhythm st segments are depressed in i ii avl avf v4 xxxx t wave are flat in these leads this may be due to lv strain or ischaemia ,1,['normal_sinus_rhythm']
 sinus rhythm t wave are flat in i v6 and inverted in avl non - specific but consistent with myocardial ischaemia possible old inferior myocardial infarct ,1,['normal_sinus_rhythm']
 sinus rhythm no definite pathology leads v4 xxxx show artifact ,2,['normal_sinus_rhythm']
 sinus rhythm t wave are inverted in v2 and show slight terminal inversion in v3 myocardial ischaemia cannot be excluded ,1,['normal_sinus_rhythm']
 sinus rhythm t wave are inverted in i ii avl v4 xxxx this may be due to lv strain or ischaemia lateral subendocardial infarct of uncertain age cannot be excluded edit injal sokolow xxxx ( injal ) ,1,['normal_sinus_rhythm']
 sinus rhythm left anterior fascicular block prolonged qt this may be due to a drug effect or an electrolyte disturbance ,1,['normal_sinus_rhythm']
 premature atrial contraction ( s ) sinus tachycardia left axis deviation left anterior fascicular block probable old anteroseptal infarct anterolateral st and t wave change which are non - diagnostic ,1,['sinus_tachycardia']
 sinus rhythm prolonged pr interval possible left atrial enlargement otherwise no definite pathology ,1,['normal_sinus_rhythm']
 sinus rhythm prolonged pr interval low limb lead voltage q wave in ii iii avf consistent with old inferior myocardial infarct t wave are inverted in i avl v2 - xxxx this may be due to anterior and lateral myocardial ischaemia or subendocardial ,1,['normal_sinus_rhythm']
 sinus rhythm st segments are slightly depressed in i ii v4 xxxx myocardial ischaemia cannot be excluded ,1,['normal_sinus_rhythm']
 sinus rhythm borderline lvh on voltage criteria possible old inferior myocardial infarct ,1,['normal_sinus_rhythm']
 sinus rhythm possible left atrial enlargement left ventricular hypertrophy possible old inferior myocardial infarct st segments are depressed in i ii avl v3 - xxxx t wave are inverted in ii iii avf v3 - xxxx this may be due to lv strain or ischaemia ,1,['normal_sinus_rhythm']
 sinus rhythm prolonged pr interval voltages are high in limb leads suggesting lvh ,1,['normal_sinus_rhythm']
 sinus rhythm voltages are high in chest leads suggesting lvh qs complex in v2 xxxx consistent with old anteroseptal myocardial infarct ,1,['normal_sinus_rhythm']
 premature ventricular contraction ( s ) bigeminy sinus rhythm voltages are high in chest leads suggesting lvh st segments are depressed in i ii v6 this may be due to lv strain or ischaemia ,1,['normal_sinus_rhythm']
 premature ventricular contraction ( s ) sinus arrhythmia borderline left axis deviation r - s transition zone in v leads displaced to the right no definite pathology ,1,['sinus_arrhythmia']
 sinus rhythm non - specific intraventricular delay st segments are depressed in i ii iii avf v4 xxxx t wave are low or flat in limb leads and v4 xxxx this may be due to lv strain or ischaemia ,1,['normal_sinus_rhythm']
 sinus rhythm non - specific t wave flattening in i avl v4 xxxx myocardial ischaemia cannot be excluded ,1,['normal_sinus_rhythm']
 sinus tachycardia poor progression of r wave in anterior chest leads suggesting old anteroseptal myocardial infarct ,1,['sinus_tachycardia']
 sinus rhythm non - specific intraventricular delay st segments are slightly depressed in i avl v4 xxxx t wave are low or flat in i avl this may be due to lv strain or ischaemia ,1,['normal_sinus_rhythm']
 sinus rhythm compared with tracing of xxxx left bundle branch block has developed this obscures further interpretation ,1,['normal_sinus_rhythm']
 sinus rhythm low limb lead voltage t wave are inverted in v2 xxxx and flat in v4 non - specific but consistent with myocardial ischaemia the age of the change is uncertain ,1,['normal_sinus_rhythm']
 sinus rhythm st segments are depressed in v5 xxxx t wave are inverted in i avl v4 xxxx and flat in v6 non - specific but consistent with myocardial ischaemia ,1,['normal_sinus_rhythm']
 sinus rhythm r wave in v6 is at upper limit of normal no definite diagnostic features ,1,['normal_sinus_rhythm']
 sinus rhythm possible left atrial enlargement r - s transition zone in v leads displaced to the left st segments are depressed in ii iii avf t wave are inverted in i avl v6 non - specific but consistent with myocardial ischaemia ,1,['normal_sinus_rhythm']
 sinus rhythm left axis deviation left anterior fascicular block qs complex in v2 xxxx consistent with old anteroseptal myocardial infarct st segments are depressed in i avl v6 this may be due to lv strain or ischaemia ,1,['normal_sinus_rhythm']
 sinus rhythm voltages are high in chest leads suggesting lvh q wave in ii iii avf consistent with old inferior myocardial infarct non - specific t wave flattening in i and inversion in avl ,1,['normal_sinus_rhythm']
 sinus rhythm qs complex and st segments are elevated in v2 xxxx t wave are inverted in i avl v2 - xxxx st segments are depressed in ii iii avf consistent with anteroseptal myocardial infarct which is probably recent ,1,['normal_sinus_rhythm']
 sinus rhythm q wave in ii iii avf consistent with old inferior myocardial infarct no definite voltage evidence of lvh ,1,['normal_sinus_rhythm']
 premature atrial contraction ( s ) premature ventricular contraction ( s ) sinus rhythm right axis deviation left posterior fascicular block non - specific intraventricular block ,1,['normal_sinus_rhythm']
 sinus rhythm st segments are depressed in i avl v5 xxxx t wave are low or flat in i v4 xxxx this may be due to lv strain or ischaemia ,1,['normal_sinus_rhythm']
 sinus rhythm t wave are low or flat in i avl v2 - xxxx non - specific but consistent with myocardial ischaemia suggest exclude hypokalaemia ,1,['normal_sinus_rhythm']
 sinus rhythm left axis deviation left anterior fascicular block non - specific intraventricular block qs complex in v2 suggesting old anteroseptal infarct ,1,['normal_sinus_rhythm']
 a rapid regular supraventricular tachycardia is present non - specific st segment depression suggest repeat when patient reverts to normal sinus rhythm ,1,['normal_sinus_rhythm']
 sinus rhythm st segments are depressed in i ii iii avf v4 xxxx this may be due to lv strain or ischaemia ,1,['normal_sinus_rhythm']
 premature atrial contraction ( s ) sinus rhythm minor non - specific t wave flattening in i avl edit norm xxxx flache t ( ndt ) ,1,['normal_sinus_rhythm']
 sinus rhythm voltages in chest leads are at upper limit non - specific t wave inversion in v2 edit norm xxxx tnegv1 xxxx ( ndt ) ,1,['normal_sinus_rhythm']
 sinus rhythm t wave are flat in ii and inverted in iii avf v4 xxxx non - specific but consistent with inferolateral myocardial ischaemia ,1,['normal_sinus_rhythm']
 sinus rhythm left ventricular hypertrophy st segments are depressed in i avl v5 xxxx t wave are flat in i and inverted in avl v5 xxxx this may be due to lv strain or ischaemia ,1,['normal_sinus_rhythm']
 premature ventricular contraction ( s ) sinus rhythm incomplete left bundle branch block non - specific st and t wave change ,1,['normal_sinus_rhythm']
 sinus tachycardia right atrial enlargement rightward axis r - s transition zone in v leads displaced to the left probable left posterior fascicular block t wave are inverted in v2 xxxx this is non - specific consider right ventricular hypertrophy ,1,['sinus_tachycardia']
 sinus rhythm prolonged pr interval st segments are depressed in i ii v4 xxxx t wave are low in limb leads and v4 xxxx this may be due to lv strain or ischaemia poor progression of r wave in anterior chest leads old anteroseptal myocardial infarcti ,1,['normal_sinus_rhythm']
 sinus bradycardia minimal st segment depression in i avl v5 xxxx of doubtful significance the cause of the bradycardia is not evident ,1,['sinus_bradycardia']
 premature atrial contraction ( s ) sinus rhythm left axis deviation non - specific intraventricular block it is difficult to determine whether any change are recent ,1,['normal_sinus_rhythm']
 sinus rhythm minor non - specific st segment depression in v5 xxxx otherwise normal ecg ,2,['normal_sinus_rhythm']
 sinus rhythm q wave in ii iii avf st segments are slightly depressed in v5 xxxx t wave are flat in limb leads and v4 xxxx consistent with ischaemic heart disease with old inferior myocardial infarct ,1,['normal_sinus_rhythm']
 sinus rhythm q wave in ii iii avf st segments are depressed and t wave inverted in i ii iii avf v5 xxxx consistent with ischaemic heart disease with old inferior myocardial infarct ,1,['normal_sinus_rhythm']
 sinus rhythm st segments are depressed and t wave inverted in i ii avl v3 - xxxx anterolateral ischaemia or subendocardial infarct of uncertain age is likely ,1,['normal_sinus_rhythm']
 premature ventricular contraction ( s ) sinus rhythm normal ecg ,1,['normal_sinus_rhythm']
 sinus rhythm non - specific t wave flattening in v2 otherwise normal ecg ,1,['normal_sinus_rhythm']
 premature atrial contraction ( s ) premature ventricular contraction ( s ) sinus rhythm right bundle branch block ,1,['normal_sinus_rhythm']
 sinus rhythm voltages are high in chest leads suggesting lvh st segments are depressed and t wave inverted in i ii avl v3 - xxxx this may be due to lv strain or ischaemia the age of the change is uncertain ,1,['normal_sinus_rhythm']
 sinus rhythm incomplete right bundle branch block st segments are elevated in i avl v2 - xxxx this is probably a normal variant no definite pathology ,1,['normal_sinus_rhythm']
 sinus rhythm left axis deviation right bundle branch block ,1,['normal_sinus_rhythm']
 remature ventricular contraction ( s ) sinus rhythm prolonged pr interval ( xxxx sec ) left axis deviation left anterior fascicular block non - specific intraventricular block ,1,['normal_sinus_rhythm']
 premature ventricular contraction ( s ) trigeminy sinus rhythm otherwise normal ecg ,1,['normal_sinus_rhythm']
 premature atrial contraction ( s ) sinus rhythm left axis deviation non - specific intraventricular block voltages are high in limb leads suggesting lvh non - specific st and t wave change ,1,['normal_sinus_rhythm']
 sinus rhythm voltages are high in chest leads suggesting lvh st segments are depressed in i ii avl v3 - xxxx t wave are low or biphasic in these leads this may be due to lv strain or ischaemia prolonged qt this may be due to a drug effect or an el ,1,['normal_sinus_rhythm']
 premature ventricular contraction ( s ) sinus rhythm left axis deviation left anterior fascicular block voltages are high in limb leads suggesting lvh non - specific st and t wave change in i avl ,1,['normal_sinus_rhythm']
 sinus bradycardia rightward axis no definite pathology the bradycardia may be physiological ,1,['sinus_bradycardia']
 sinus rhythm prolonged pr interval possible old inferior infarct non - specific st segment depression and t wave flattening in i avl ,1,['normal_sinus_rhythm']
 sinus rhythm st segments are depressed in i ii avl v5 xxxx non - specific but consistent with myocardial ischaemia poor progression of r wave in anterior chest leads old anterior myocardial infarct cannot be excluded ,1,['normal_sinus_rhythm']
 sinus rhythm voltages are high in chest leads suggesting lvh minor non - specific st segment depression in v5 xxxx ,1,['normal_sinus_rhythm']
 sinus rhythm voltages are high in chest leads suggesting lvh q wave in ii iii avf are probably normal ,1,['normal_sinus_rhythm']
 sinus rhythm prolonged pr interval compared with tracing of earlier today atrial fibrillation has reverted to sinus rhythm st segments are depressed in i ii v4 xxxx non - specific but consistent with myocardial ischaemia and digitalis effect ,1,['normal_sinus_rhythm']
 sinus rhythm st segments are depressed in i v5 xxxx t wave are low or flat in i avl v5 xxxx this may be due to lv strain or ischaemia ,1,['normal_sinus_rhythm']
 sinus rhythm prolonged pr interval poor progression of r wave in anterior chest leads ,1,['normal_sinus_rhythm']
 sinus rhythm st segments are depressed in i ii avl avf v2 - xxxx t wave are inverted in i ii avl v4 xxxx this may be due to lv strain or ischaemia ,1,['normal_sinus_rhythm']
 sinus tachycardia prolonged pr interval voltages are high in chest leads suggesting lvh st segments are depressed and t wave inverted in i avl v6 this may be due to lv strain or ischaemia ,1,['sinus_tachycardia']
 sinus rhythm borderline left axis deviation voltages are high in limb leads suggesting lvh otherwise normal ecg ,1,['normal_sinus_rhythm']
 sinus tachycardia qs complex in v2 suggesting old anteroseptal infarct st segments are depressed in i ii avl v4 xxxx this may be due to lv strain or ischaemia ,1,['sinus_tachycardia']
 sinus rhythm t wave are flat in i and inverted in avl v2 - xxxx findings are likely to be due to ischaemic heart disease they may represent subendocardial infarct of uncertain age edit injas injal sokolow xxxx ( injas injal ) ,1,['normal_sinus_rhythm']
 sinus rhythm left axis deviation left anterior fascicular block q wave in v2 xxxx consistent with old anteroseptal myocardial infarct st segments are depressed in i avl t wave are low or flat in these leads this may be due to lv strain or isch ,1,['normal_sinus_rhythm']
 sinus rhythm voltages are high in chest leads suggesting lvh st segments are depressed in v4 xxxx this may be due to lv strain or ischaemia ,1,['normal_sinus_rhythm']
 premature atrial contraction ( s ) sinus rhythm non - specific intraventricular delay q wave in ii iii avf consistent with old inferior myocardial infarct widespread st segment depression myocardial ischaemia is likely ,1,['normal_sinus_rhythm']
 sinus rhythm pr interval is at upper limit of normal r - s transition zone in v leads displaced to the right otherwise no definite pathology ,1,['normal_sinus_rhythm']
 premature atrial contraction ( s ) sinus rhythm minor non - specific st segment depression in v5 xxxx ,1,['normal_sinus_rhythm']
 premature ventricular contraction ( s ) sinus rhythm left atrial enlargement left ventricular hypertrophy st segments are depressed in ii iii avf v5 xxxx t wave are inverted in i avl v5 xxxx this may be due to lv strain or ischaemia ,1,['normal_sinus_rhythm']
 sinus rhythm premature ventricular contraction ( s ) right atrial enlargement otherwise no definite pathology ,1,['normal_sinus_rhythm']
 sinus rhythm q wave in ii iii avf t wave are inverted in v2 xxxx consistent with ischaemic heart disease with old inferior myocardial infarct ,1,['normal_sinus_rhythm']
 sinus rhythm prolonged pr interval st segments are depressed in i avl v6 t wave are low in i avl this may be due to lv strain or ischaemia ,1,['normal_sinus_rhythm']
 sinus rhythm left atrial enlargement non - specific intraventricular block left ventricular hypertrophy non - specific st and t wave change ,1,['normal_sinus_rhythm']
 sinus rhythm st segments are slightly depressed in ii iii avf v6 t wave are inverted in i avl v5 xxxx findings are likely to be due to ischaemic heart disease lateral subendocardial infarct of uncertain age is a possibility ,1,['normal_sinus_rhythm']
 sinus rhythm voltages are high in chest leads suggesting lvh non - specific intraventricular delay minor non - specific t wave flattening in i avl v6 ,1,['normal_sinus_rhythm']
 sinus rhythm possible left atrial enlargement t wave are flat in limb leads and inverted in v4 xxxx st segments are depressed in v5 xxxx findings are likely to be due to ischaemic heart disease the age of the change is uncertain ,1,['normal_sinus_rhythm']
 sinus rhythm st segments are depressed in ii iii avf v4 xxxx t wave are flat or slightly inverted in these leads non - specific but consistent with myocardial ischaemia ,1,['normal_sinus_rhythm']
 sinus rhythm non - specific st segment depression in ii iii avf v4 xxxx myocardial ischaemia cannot be excluded ,1,['normal_sinus_rhythm']
 sinus rhythm non - specific t wave flattening in i avl v5 xxxx this may be due to myocardial ischaemia or early left ventricular strain ,1,['normal_sinus_rhythm']
 there is very gross skeletal muscle artifact sinus rhythm ( rate = xxxx - min ) qs complex in v2 xxxx and q wave in v4 st segments are elevated in v2 xxxx st segments are depressed in i avl v5 xxxx t wave are inverted in i avl v3 - xxxx consistent with ischaemic ,1,['normal_sinus_rhythm']
 premature ventricular contraction ( s ) sinus rhythm non - specific t wave flattening in i avl v5 xxxx ,1,['normal_sinus_rhythm']
 sinus bradycardia non - specific intraventricular block of rbbb type the cause of the bradycardia is not evident ,1,['sinus_bradycardia']
 sinus arrhythmia st segments are depressed in ii iii avf v5 xxxx t wave are low in limb leads and v5 xxxx the tracing is abnormal but the significance is uncertain in a patient of this age suggest cardiological review ,1,['sinus_arrhythmia']
 sinus rhythm st segments are slightly elevated in i ii v2 - xxxx this is probably a normal variant otherwise normal ecg ,1,['normal_sinus_rhythm']
 sinus arrhythmia st segments are slightly depressed in i v6 t wave are low or flat in limb leads and v6 non - specific but consistent with myocardial ischaemia ,1,['sinus_arrhythmia']
 sinus rhythm voltages are high in limb leads suggesting lvh st segments are depressed in i ii avl t wave are low or flat in i ii avl v6 this may be due to lv strain or ischaemia ,1,['normal_sinus_rhythm']
 sinus tachycardia st segments are depressed in i ii avl v3 - xxxx this may be due to lv strain or ischaemia ,1,['sinus_tachycardia']
 sinus rhythm borderline left ventricular hypertrophy minor non diagnostic st and t wave change ,1,['normal_sinus_rhythm']
 sinus tachycardia left axis deviation and clockwise rotation due to left anterior fascicular block ,1,['sinus_tachycardia']
 sinus rhythm left anterior fascicular block qrs ( t ) contour abnormality consistent with inferior infarct probably old ,1,['normal_sinus_rhythm']
 sinus rhythm borderline leftward axis voltages suggest left ventricular hypertrophy st change query early left ventricular strain ,1,['normal_sinus_rhythm']
 sinus rhythm ventricular premature contraction anterior and inferior st wave change consistent with ischaemia or non - q wave infarct ,1,['normal_sinus_rhythm']
 sinus rhythm incomplete right bundle branch block t wave inversion in v1 - v3 may be due to clockwise cardiac rotation but anterior ischaemia cannot be excluded ,1,['normal_sinus_rhythm']
 sinus rhythm p wave vector consistent with respiratory disease tracing otherwise normal ,1,['normal_sinus_rhythm']
 sinus rhythm atrial premature complex left axis deviation with marked clockwise rotation due to left anterior fascicular block intraventricular conduction delay of partial left bundle branch block type ,1,['normal_sinus_rhythm']
 sinus rhythm normal ecg without evidence of pericarditis ,1,['normal_sinus_rhythm']
 sinus rhythm non - specific t change in iii avf no definite pathology ,1,['normal_sinus_rhythm']
 sinus rhythm t wave flattening in v4 and minor st depression in v5 and v6 pattern consistent with but not diagnostic of ischaemia ,1,['normal_sinus_rhythm']
 sinus rhythm left ventricular hypertrophy st segments are depressed in i avl v5 xxxx t wave are low or flat in limb leads and v5 xxxx this may be due to lv strain or ischaemia prolonged qt this may be due to a drug effect or an electrolyte disturban ,1,['normal_sinus_rhythm']
 sinus rhythm left axis deviation left anterior fascicular block st segments are depressed and t wave flat in i avl this may be due to lv strain or ischaemia ,1,['normal_sinus_rhythm']
 sinus rhythm st segments are depressed in i ii avl v4 xxxx t wave are inverted in i ii avl v3 - xxxx findings are likely to be due to ischaemic heart disease the age of the change is uncertain ,1,['normal_sinus_rhythm']
 sinus rhythm voltages are high in chest leads suggesting lvh non - specific t wave flattening in i avl v5 xxxx this may be due to lv strain or ischaemia ,1,['normal_sinus_rhythm']
 sinus rhythm compared with tracings of xxxx and xxxx the rhythm has reverted to sinus there is minor st segment depression and general t wave flattening suggest check p potassium ,1,['normal_sinus_rhythm']
 sinus rhythm non - specific intraventricular block q wave in ii iii avf v5 xxxx t wave are inverted in these leads consistent with old inferolateral myocardial infarct ,1,['normal_sinus_rhythm']
 premature atrial contraction ( s ) sinus rhythm voltages are high in limb leads suggesting lvh st segments are depressed in i ii avl v4 xxxx non - specific but consistent with myocardial ischaemia ,1,['normal_sinus_rhythm']
 sinus arrhythmia left axis deviation non - specific intraventricular block left ventricular hypertrophy st segments are depressed and t wave inverted in i avl this may be due to lv strain or ischaemia ,1,['sinus_arrhythmia']
 sinus rhythm non - specific t wave flattening or slight inversion in v2 xxxx myocardial ischaemia is a possible cause ,1,['normal_sinus_rhythm']
 sinus rhythm voltages are high in limb leads suggesting lvh q wave in v2 xxxx consistent with old anteroseptal myocardial infarct st segments are depressed in i avl t wave are flat in i and inverted in avl this may be due to lv strain or ischaemi ,1,['normal_sinus_rhythm']
 sinus rhythm voltages are high in limb leads suggesting lvh q wave and st segment elevation in v2 xxxx t wave are inverted in ii iii avf v2 - xxxx consistent with ischaemic heart disease with antero - septal myocardial infarct of uncertain age possibl ,1,['normal_sinus_rhythm']
 sinus tachycardia r - s transition zone in v leads displaced to the left non - specific t wave flattening in i avl v3 - xxxx ,1,['sinus_tachycardia']
 sinus tachycardia minor non - specific st segment depression in i avl ,1,['sinus_tachycardia']
 sinus rhythm normal ecg compared with tracing of xxxx it is unchanged ,1,['normal_sinus_rhythm']
 sinus rhythm leftward axis qs complex in v2 consistent with anteroseptal infarct of uncertain age st segments are depressed in i avl v3 t wave are low or flat in i avl v4 xxxx findings are likely to be due to ischaemic heart disease ,1,['normal_sinus_rhythm']
 premature atrial contraction ( s ) sinus rhythm non - specific t wave flattening in i avl v6 prolonged qt this may be due to a drug effect or an electrolyte disturbance ,1,['normal_sinus_rhythm']
 sinus rhythm possible left atrial enlargement borderline left axis deviation incomplete right bundle branch block ,1,['normal_sinus_rhythm']
 sinus rhythm st segments are slightly depressed in i ii v6 t wave are low or flat in limb leads and v4 xxxx non - specific but consistent with myocardial ischaemia ,1,['normal_sinus_rhythm']
 sinus rhythm st segments are slightly depressed in i ii avl v5 xxxx t wave are low or flat in limb leads and v4 xxxx non - specific but consistent with myocardial ischaemia ,1,['normal_sinus_rhythm']
 sinus rhythm possible left atrial enlargement voltages are high in limb leads suggesting lvh qs complex in v2 and tiny r wave in v3 suggesting old anteroseptal infarct ,1,['normal_sinus_rhythm']
 sinus rhythm q wave in ii iii avf t wave are low or flat in limb leads and v4 xxxx consistent with ischaemic heart disease with old inferior myocardial infarct ,1,['normal_sinus_rhythm']
 sinus rhythm prolonged pr interval voltages are high in limb leads suggesting lvh st segments are depressed in i avl t wave are low or flat in i avl v4 xxxx this may be due to lv strain or ischaemia ,1,['normal_sinus_rhythm']
 sinus rhythm left axis deviation left anterior fascicular block voltages are high in limb leads suggesting lvh q wave in v2 suggesting old anteroseptal myocardial infarct st segments are depressed in i avl t wave are flat in i and inverted in ,1,['normal_sinus_rhythm']
 sinus rhythm right bundle branch block q wave in v2 xxxx suggesting old anteroseptal myocardial infarct ,1,['normal_sinus_rhythm']
 sinus rhythm no definite pathology edit norm xxxx ( r ) qsiii unsichere diagnose ,1,['normal_sinus_rhythm']
 sinus rhythm atrial premature complex the qt interval is mildly long for rate edit norm xxxx ( norm xxxx ) ,1,['normal_sinus_rhythm']
 sinus rhythm prolonged pr interval left axis deviation left anterior fascicular block incomplete left bundle branch block probable left ventricular hypertrophy ,1,['normal_sinus_rhythm']
 sinus rhythm prolonged pr interval left axis deviation left anterior fascicular block tiny r wave in v2 xxxx voltages are high in limb leads suggesting lvh st segments are depressed in i avl v6 t wave are low or flat in these leads consistent w ,1,['normal_sinus_rhythm']
 sinus rhythm non - specific t wave flattening in limb leads and v4 xxxx st segments are slightly depressed in i v3 - xxxx myocardial ischaemia is likely ,1,['normal_sinus_rhythm']
 sinus rhythm incomplete right bundle branch block prolonged qt this may be due to a drug effect or an electrolyte disturbance ,1,['normal_sinus_rhythm']
 sinus rhythm prolonged pr interval otherwise normal ecg edit norm xxxx qiii ( norm xxxx ) ,1,['normal_sinus_rhythm']
 sinus arrhythmia premature ventricular contraction ( s ) no definite pathology ,1,['sinus_arrhythmia']
 sinus rhythm t wave are low or flat in limb leads and v3 t wave are inverted in v4 xxxx findings are likely to be due to ischaemic heart disease the age of the change is uncertain ,1,['normal_sinus_rhythm']
 sinus rhythm st segments are depressed in i ii avl v3 - xxxx t wave are low or flat in limb leads t wave are inverted in v3 - xxxx findings are likely to be due to ischaemic heart disease the age of the change is uncertain ,1,['normal_sinus_rhythm']
 sinus rhythm non - specific st segment depression and t wave flattening in i avl ,1,['normal_sinus_rhythm']
 premature ventricular contraction ( s ) sinus rhythm borderline left axis deviation left bundle branch block this is most commonly due to ischaemic heart disease ,1,['normal_sinus_rhythm']
 sinus rhythm st segments are depressed in i ii avl v3 - xxxx t wave are low or flat in these leads non - specific but consistent with myocardial ischaemia ,1,['normal_sinus_rhythm']
 sinus rhythm low limb lead voltage no definite pathology edit ivcb xxxx ( ivcb ) ,1,['normal_sinus_rhythm']
 sinus rhythm voltages are high in chest leads suggesting lvh minor non - specific st segment depression in v5 xxxx otherwise normal ecg ,1,['normal_sinus_rhythm']
 sinus rhythm possible left atrial enlargement left axis deviation left anterior fascicular block ,1,['normal_sinus_rhythm']
 sinus rhythm incomplete right bundle branch block st segments are depressed and t wave inverted in i avl v3 - xxxx this may be due to lv strain or ischaemia ,1,['normal_sinus_rhythm']
 sinus tachycardia right atrial enlargement rightward axis otherwise no definite pathology edit rao xxxx lpfb tiefe s v5 - xxxx ohne entsprechende r rechtspräkordial reicht nicht aus für definitive diagnose einer rechtshypertrophie ( rao lpfb ) ,1,['sinus_tachycardia']
 sinus rhythm anterolateral t wave change consistent with ischemia or lv strain ,1,['normal_sinus_rhythm']
 sinus rhythm r - s transition zone in v leads displaced to the right voltages are high in chest leads suggesting lvh minor non - specific st segment depression ,1,['normal_sinus_rhythm']
 sinus rhythm q wave in v3 - xxxx st segments are elevated in v2 - xxxx consistent with anterior infarct of uncertain age recent damage cannot be excluded edit asmi almi imi ( alter ) ,1,['normal_sinus_rhythm']
 sinus rhythm qs complex in v2 suggesting old anteroseptal myocardial infarct otherwise normal ecg ,1,['normal_sinus_rhythm']
 sinus rhythm right bundle branch block possible old inferior infarct edit imi xxxx asmi xxxx crbbb ( imi xxxx asmi xxxx crbbb ) ,1,['normal_sinus_rhythm']
 premature atrial contraction ( s ) sinus rhythm st segments are depressed in i avl v3 - xxxx t wave are low or flat throughout myocardial ischaemia is likely suggest exclude hypokalaemia ,1,['normal_sinus_rhythm']
 sinus rhythm st segments are elevated in v1 xxxx st segments are depressed in i ii avl v4 xxxx t wave are inverted in i avl v2 - xxxx this is a very abnormal tracing for a patient of this age but the significance is uncertain suggest cardiological revi edit injas injal ( m xxxx ) sokolow xxxx ( injas xxxx injal xxxx lvh xxxx ) ,1,['normal_sinus_rhythm']
 sinus rhythm non - specific terminal t wave inversion in v2 deep but narrow q wave in v5 xxxx may indicate septal hypertrophy high v lead voltages are probably normal for age edit norm xxxx ( m xxxx ) tiefe qv5 xxxx ( norm xxxx ) ,1,['normal_sinus_rhythm']
 sinus arrhythmia minor non - specific st and t wave change in inferior leads these are of doubtful significance ,1,['sinus_arrhythmia']
 sinus tachycardia q wave in ii iii avf consistent with old inferior myocardial infarct ,1,['sinus_tachycardia']
 sinus rhythm voltages are high in chest leads suggesting lvh qs complex in v2 and q wave in v3 - xxxx and in i ii avl consistent with old anterior and lateral myocardial infarct st segments are depressed in i ii iii avf v4 xxxx findings are ,1,['normal_sinus_rhythm']
 sinus rhythm left axis deviation left anterior fascicular block prolonged pr interval ( xxxx sec ) possible old anteroseptal infarct otherwise no definite pathology ,1,['normal_sinus_rhythm']
 sinus tachycardia left axis deviation qs complex in v2 xxxx consistent with old anteroseptal myocardial infarct q wave in ii iii avf consistent with old inferior myocardial infarct ,1,['sinus_tachycardia']
 premature ventricular contractions mild sinus arrhythmia otherwise normal ecg ,1,['sinus_arrhythmia']
 premature atrial contraction ( s ) sinus tachycardia minor non - specific st and t wave change edit ndt sarrh v5 schlecht ,1,['sinus_tachycardia']
 sinus rhythm left ventricular hypertrophy on voltage criteria st and t change due to lv strain or myocardial ischaemia ,1,['normal_sinus_rhythm']
 sinus rhythm pr interval is at upper limit of normal normal ecg edit norm xxxx rsriii sokolow xxxx ( norm xxxx ) ,1,['normal_sinus_rhythm']
 sinus rhythm left axis deviation non - specific intraventricular block st segments are depressed in i avl v6 t wave are inverted in avl non - specific but consistent with myocardial ischaemia q wave in i avl suggest old lateral infarct ,1,['normal_sinus_rhythm']
 sinus rhythm voltages are high in chest leads suggesting lvh st and t wave change due to lv strian or ischaemia ,1,['normal_sinus_rhythm']
 premature atrial contraction ( s ) sinus rhythm st segments are depressed in i ii avf v3 - xxxx t wave are low or flat in i avl v6 non - specific but consistent with myocardial ischaemia ,1,['normal_sinus_rhythm']
 sinus rhythm st segments are slightly depressed in i ii iii avf v6 t wave are low or flat in limb leads and v6 this may be due to lv strain or ischaemia ,1,['normal_sinus_rhythm']
 sinus rhythm possible left atrial enlargement non - specific t wave flattening throughout ,1,['normal_sinus_rhythm']
 sinus rhythm q wave in ii iii avf consistent with old inferior myocardial infarct st segments are depressed in i ii avl t wave are inverted in i avl v2 - xxxx findings are likely to be due to ischaemic heart disease subendocardial infarct ,1,['normal_sinus_rhythm']
 sinus rhythm left axis deviation voltages in chest leads are at upper limit no definite pathology ,1,['normal_sinus_rhythm']
 complex ( s ) with aberrant intraventricular conduction premature ventricular contraction ( s ) sinus rhythm borderline left axis deviation left bundle branch block this is most commonly due to ischaemic heart disease ,1,['normal_sinus_rhythm']
 premature atrial contractions sinus tachycardia poor r progression v1 - xxxx but previous anteroseptal infarct unlikely ,1,['sinus_tachycardia']
 sinus rhythm non - specific intraventricular delay left ventricular hypertrophy otherwise no definite pathology ,1,['normal_sinus_rhythm']
 sinus rhythm possible left atrial enlargement left axis deviation left anterior fascicular block voltages are high in limb leads suggesting lvh deep but narrow q wave in i avl may indicate septal hypertrophy ,1,['normal_sinus_rhythm']
 sinus rhythm non - specific intraventricular block qs complex in v2 suggesting old anteroseptal infarct voltages are high in limb leads suggesting lvh st segments are depressed in i ii avl v5 xxxx t wave are inverted in i avl and low or flat in ii ,1,['normal_sinus_rhythm']
 sinus rhythm normal ecg edit norm xxxx drift v1 v3 ,1,['normal_sinus_rhythm']
 sinus rhythm left axis deviation borderline criteria for left anterior fascicular block incomplete right bundle branch block otherwise normal ecg ,1,['normal_sinus_rhythm']
 premature ventricular contraction ( s ) premature atrial contraction ( s ) sinus rhythm grossly prolonged pr interval left axis deviation q wave in ii iii avf consistent with old inferior myocardial infarct ,1,['normal_sinus_rhythm']
 sinus rhythm rightward axis right bundle branch block st segments are depressed in ii iii avf v5 xxxx non - specific but consistent with myocardial ischaemia ,1,['normal_sinus_rhythm']
 sinus rhythm left ventricular hypertrophy non - specific t wave inversion in v2 lead v5 shows artifact ,1,['normal_sinus_rhythm']
 sinus rhythm st segments are slightly depressed in v5 xxxx t wave are low or flat in limb leads and v5 xxxx non - specific but consistent with myocardial ischaemia ,1,['normal_sinus_rhythm']
 sinus rhythm voltages are high in chest leads suggesting lvh st segments are depressed in i ii avf v4 xxxx this may be due to lv strain or ischaemia ,1,['normal_sinus_rhythm']
 sinus rhythm rightward axis right bundle branch block st segments are depressed in inferolateral leads non - specific but consistent with myocardial ischaemia ,1,['normal_sinus_rhythm']
 sinus rhythm voltages are high in chest leads suggesting lvh non - specific st and t wave change in inferolateral leads ,1,['normal_sinus_rhythm']
 sinus rhythm t wave are flat in i v6 and inverted in avl non - specific but consistent with myocardial ischaemia ,1,['normal_sinus_rhythm']
 sinus rhythm left ventricular hypertrophy st segments are depressed in i avl v5 xxxx t wave are low or flat in limb leads and v4 xxxx this may be due to lv strain or ischaemia prolonged qt this may be due to a drug effect or an electrolyte disturb ,1,['normal_sinus_rhythm']
 sinus rhythm left axis deviation left anterior fascicular block right bundle branch block bifascicular block pr interval is normal voltages are high in limb leads suggesting lvh q wave in v1 xxxx consistent with old anteroseptal myocardial infar ,1,['normal_sinus_rhythm']
 premature ventricular contraction ( s ) premature atrial contraction ( s ) sinus rhythm pr interval is prolonged otherwise normal ecg ,1,['normal_sinus_rhythm']
 sinus rhythm t wave are low or flat in limb leads and inverted in v4 xxxx findings are likely to be due to ischaemic heart disease the age of the change is uncertain ,1,['normal_sinus_rhythm']
 sinus rhythm st segments are depressed in ii avf v4 xxxx t wave are flat in i ii avl and slightly inverted in v4 xxxx findings are likely to be due to ischaemic heart disease ,1,['normal_sinus_rhythm']
 premature ventricular contraction ( s ) sinus rhythm left axis deviation q wave in ii iii avf consistent with old inferior myocardial infarct t wave are flat or slightly inverted throughout findings are likely to be due to ischaemic heart d ,1,['normal_sinus_rhythm']
 sinus rhythm non - specific t wave flattening in ii avf and inversion in iii inferior myocardial ischaemia cannot be excluded ,1,['normal_sinus_rhythm']
 sinus rhythm qs complex in v2 xxxx consistent with old anteroseptal myocardial infarct q wave in ii iii avf consistent with old inferior myocardial infarct non - specific t wave flattening in i avl v5 xxxx ,1,['normal_sinus_rhythm']
 sinus bradycardia voltages are high in chest leads suggesting lvh otherwise no definite pathology the cause of the bradycardia is not evident ,1,['sinus_bradycardia']
 sinus rhythm left ventricular hypertrophy marked st and t abnormality especially in anterior chest leads left ventricular strain may be contributing but ischaemia should also be considered ,1,['normal_sinus_rhythm']
 sinus rhythm left axis deviation left anterior fascicular block t wave are inverted in ii iii avf and flat in v4 xxxx non - specific but consistent with myocardial ischaemia the age of the change is uncertain ,1,['normal_sinus_rhythm']
 sinus tachycardia left axis deviation qs complex in v2 xxxx consistent with old anteroseptal myocardial infarct t wave are slightly inverted in i avl v5 xxxx findings are likely to be due to ischaemic heart disease the age of the change is u ,1,['sinus_tachycardia']
 sinus rhythm premature atrial contraction ( s ) compared with tracing of xxxx the atrial fibrillation has reverted to sinus rhythm st and t wave change persist in chest leads t wave are flat or slightly inverted in limb leads myocardial ischaemia is ,1,['normal_sinus_rhythm']
 premature atrial contraction ( s ) sinus rhythm voltages are high in chest leads suggesting lvh st segments are depressed in v5 xxxx t wave are low or flat in limb leads and v5 xxxx this may be due to lv strain or ischaemia ,1,['normal_sinus_rhythm']
 sinus rhythm left ventricular hypertrophy st segments are depressed and t wave inverted in i ii avl avf v4 xxxx this may be due to lv strain or ischaemia ,1,['normal_sinus_rhythm']
 sinus rhythm right bundle branch block q wave in ii iii avf st segments are depressed and t wave inverted in ii iii avf v4 xxxx consistent with ischaemic heart disease with old inferior myocardial infarct ,1,['normal_sinus_rhythm']
 sinus tachycardia pr interval is at about upper limit of normal left axis deviation incomplete right bundle branch block q wave in ii iii avf consistent with old inferior myocardial infarct ,1,['sinus_tachycardia']
 sinus rhythm qs complex in v2 and small r wave in v3 suggesting old anteroseptal myocardial infarct ,1,['normal_sinus_rhythm']
 sinus rhythm incomplete right bundle branch block possible left posterior fascicular block st segments are depressed in ii iii avf v2 - xxxx t wave are inverted in ii iii avf v2 - xxxx this may be due to lv strain or ischaemia edit injas injal injin irbbb ( iscas iscal iscin irbbb ) ,1,['normal_sinus_rhythm']
 premature ventricular contraction ( s ) sinus tachycardia left axis deviation voltages are high in limb leads suggesting lvh non - specific intraventricular block ,1,['sinus_tachycardia']
 sinus rhythm prolonged pr interval borderline left axis deviation incomplete right bundle branch block ,1,['normal_sinus_rhythm']
 premature atrial contraction ( s ) sinus rhythm q wave in v2 and tiny r wave in v3 suggesting old anteroseptal myocardial infarct edit asmi xxxx alter infarkt wahrscheinlich ( asmi xxxx ) ,1,['normal_sinus_rhythm']
 sinus rhythm left axis deviation left anterior fascicular block voltages are high in limb leads suggesting lvh q wave in v2 suggests old anteroseptal infarct t wave are low in i avl v5 xxxx prolonged qt this may be due to a drug effect or an ele ,1,['normal_sinus_rhythm']
 sinus rhythm possible left atrial enlargement minor non - specific st segment depression in i avl ,1,['normal_sinus_rhythm']
 sinus rhythm non - specific t wave flattening in limb leads and v5 xxxx myocardial ischaemia is a possible cause ,1,['normal_sinus_rhythm']
 sinus rhythm st segments are depressed in ii iii avf v5 xxxx non - specific but consistent with myocardial ischaemia ,1,['normal_sinus_rhythm']
 premature ventricular contraction ( s ) interpolated premature ventricular contraction ( s ) sinus rhythm left axis deviation incomplete right bundle branch block voltages are high in limb leads suggesting lvh ,1,['normal_sinus_rhythm']
 premature atrial contraction ( s ) sinus rhythm minor non - specific st segment depression in v4 xxxx ,2,['normal_sinus_rhythm']
 sinus tachycardia st segments are depressed in i ii avl v5 xxxx t wave are low or flat in these leads this may be due to lv strain or ischaemia voltages in limb leads are at upper limit ,1,['sinus_tachycardia']
 sinus rhythm left axis deviation left anterior fascicular block non - specific intraventricular block the age of the change is uncertain ,1,['normal_sinus_rhythm']
 sinus rhythm left ventricular hypertrophy minor non - specific st and t wave change ,1,['normal_sinus_rhythm']
 sinus arrhythmia voltages in limb leads are at upper limit no definite pathology ,1,['sinus_arrhythmia']
 premature atrial contraction ( s ) sinus rhythm non - specific t wave inversion in v2 ,1,['normal_sinus_rhythm']
 sinus rhythm non - specific t wave flattening in i avl v2 xxxx myocardial ischaemia is likely ,1,['normal_sinus_rhythm']
 sinus rhythm minor non - specific t wave change in inferior leads ,1,['normal_sinus_rhythm']
 sinus rhythm t wave are low in ii avf v6 and inverted in iii inferolateral myocardial ischaemia cannot be excluded ,1,['normal_sinus_rhythm']
 premature atrial contraction ( s ) sinus tachycardia poor progression of r wave in anterior chest leads st segments are elevated in v2 xxxx st segments are depressed in i ii v5 xxxx t wave are inverted in i avl v5 xxxx anterior myocardial infarct of ,1,['sinus_tachycardia']
 sinus rhythm non - specific intraventricular delay voltages are high in limb leads suggesting lvh st segments are depressed in i avl t wave are flat in i and inverted in avl this may be due to lv strain or ischaemia ,1,['normal_sinus_rhythm']
 sinus rhythm normal ecg no definite voltage evidence of lvh ,1,['normal_sinus_rhythm']
 sinus arrhythmia st segments are depressed in i ii avl v5 xxxx t wave are low in ii v5 xxxx this may be due to lv strain or ischaemia ,1,['sinus_arrhythmia']
 sinus bradycardia the bradycardia may be due to beta - blocker therapy voltages are high in chest leads suggesting lvh otherwise no definite pathology ,1,['sinus_bradycardia']
 sinus rhythm left axis deviation non - specific t wave flattening in i and inversion in avl ,1,['normal_sinus_rhythm']
 sinus arrhythmia possibly a run of junctional rhythm right superior axis deviation possible left posterior fascicular block non - specific st and t wave change this tracing cannot be adequately interpreted without full clinical picture and previous tra ,1,['sinus_arrhythmia']
 sinus arrhythmia non - specific t wave flattening in limb leads and v6 ,1,['sinus_arrhythmia']
 sinus tachycardia voltages are high in limb leads suggesting lvh r - s transition zone in v leads displaced to the left st segments are depressed in i avl v2 xxxx t wave are low or flat in i avl this may be due to lv strain or ischaemia ,1,['sinus_tachycardia']
 sinus rhythm st segments are depressed in i avl v4 xxxx t wave are inverted in avl v2 xxxx and flat in i v5 xxxx findings are likely to be due to ischaemic heart disease anterior subendocardial infarct of uncertain age is a possibility edit injas xxxx ( injas xxxx ) ,1,['normal_sinus_rhythm']
 frequent premature atrial contractions with a short run of svt sinus rhythm left axis deviation left anterior fascicular block minor non - specific t wave flattening in v5 xxxx holter monitor may be helpful ,1,['normal_sinus_rhythm']
 sinus arrhythmia incomplete right bundle branch block this is probably a normal variant st segments are elevated and t wave are tall in v4 xxxx this is probably normal for age no definite pathology edit irbbb ,1,['sinus_arrhythmia']
 sinus rhythm left axis deviation q wave in ii iii avf consistent with old inferior myocardial infarct qs complex in v2 xxxx consistent with old anterior myocardial infarct st segments are depressed in i avl v6 t wave are low or flat ,1,['normal_sinus_rhythm']
 sinus rhythm possible left atrial enlargement minor non - specific st and t wave change in v4 xxxx ,1,['normal_sinus_rhythm']
 sinus rhythm prolonged pr interval left axis deviation right bundle branch block qs complex in ii iii avf consistent with inferior myocardial infarct of uncertain age ,1,['normal_sinus_rhythm']
 sinus rhythm non - specific t wave flattening in v5 xxxx there are no definite ecg features to suggest pericarditis acute pericarditis would be unlikely in the absence of tachycardia myocardial ischaemia cannot be excluded ,1,['normal_sinus_rhythm']
 sinus rhythm r - s transition zone in v leads displaced to the right minimal non - specific st segment depression in v5 xxxx ,1,['normal_sinus_rhythm']
 sinus rhythm p wave are inconspicuous incomplete right bundle branch block this is probably a normal variant no definite pathology ,1,['normal_sinus_rhythm']
 sinus arrhythmia st segments are depressed in ii iii avf v3 - xxxx t wave are inverted in v3 xxxx and flat in v5 xxxx findings are likely to be due to ischaemic heart disease ,1,['sinus_arrhythmia']
 sinus rhythm incomplete right bundle branch block left ventricular hypertrophy minor non - specific st segment depression in v5 xxxx ,1,['normal_sinus_rhythm']
 sinus bradycardia pr interval is prolonged ( up to xxxx sec ) possible old anteroseptal myocardial infarct the cause of the bradycardia is not evident ,1,['sinus_bradycardia']
 sinus rhythm possible left atrial enlargement st segments are depressed in i ii avl v3 - xxxx t wave are low in these leads this may be due to lv strain or ischaemia ,1,['normal_sinus_rhythm']
 sinus rhythm left axis deviation qs complex in v2 - xxxx t wave are inverted in these leads and flat in i v6 consistent with ischaemic heart disease with anterior myocardial infarct probably old ,1,['normal_sinus_rhythm']
 sinus rhythm st segments are slightly depressed in ii iii avf v3 - xxxx t wave are flattened in v3 - xxxx this is an unusual tracing for a patient of this age suggest cardiological review ,1,['normal_sinus_rhythm']
 premature atrial contraction ( s ) sinus rhythm low limb lead voltage st segments are depressed in i avl t wave are flat in i and inverted in avl non - specific but consistent with myocardial ischaemia edit iscan isc xxxx tnegavl knotung avl ( iscan ivcb ) ,1,['normal_sinus_rhythm']
 sinus rhythm minor non - specific st segment depression in ii iii avf v6 otherwise normal ecg ,1,['normal_sinus_rhythm']
 sinus rhythm abnormal left axis deviation left bundle branch block ,1,['normal_sinus_rhythm']
 sinus rhythm st segments are elevated in v2 t wave are inverted in ii v2 - xxxx and flat in i avl findings are likely to be due to ischaemic heart disease and may represent anterior subendocardial infarct of uncertain age edit injas xxxx lvh xxxx isc sokolow xxxx ( injas ) ,1,['normal_sinus_rhythm']
 premature atrial contraction ( s ) sinus rhythm prolonged pr interval st segments are depressed in i avl v5 xxxx t wave are low or flat in limb leads and v4 xxxx this may be due to lv strain or ischaemia ,1,['normal_sinus_rhythm']
 sinus arrhythmia slightly prolonged qt this may be due to a drug effect or an electrolyte disturbance ,1,['sinus_arrhythmia']
 sinus rhythm left axis deviation r - s transition zone in v leads displaced to the right left anterior fascicular block incomplete right bundle branch block otherwise normal ecg ,1,['normal_sinus_rhythm']
 sinus rhythm normal ecg edit norm xxxx rsriii avf ( norm xxxx ) ,1,['normal_sinus_rhythm']
 sinus rhythm minor non - specific st segment depression in v4 xxxx otherwise normal ecg edit norm xxxx ( norm xxxx ) ,1,['normal_sinus_rhythm']
 sinus bradycardia left ventricular hypertrophy st segments are depressed in i ii avl v4 xxxx this may be due to lv strain or ischaemia ,1,['sinus_bradycardia']
 sinus rhythm t wave are flat throughout myocardial ischaemia is likely suggest exclude hypokalaemia ,1,['normal_sinus_rhythm']
 premature ventricular contraction ( s ) premature atrial contraction ( s ) sinus rhythm t wave are low in ii v5 xxxx and inverted in iii avf non - specific but consistent with inferolateral myocardial ischaemia ,1,['normal_sinus_rhythm']
 sinus rhythm borderline left axis deviation voltages are high in limb leads suggesting lvh minor non - specific t wave flattening in v4 xxxx ,1,['normal_sinus_rhythm']
 sinus rhythm left axis deviation left anterior fascicular block left ventricular hypertrophy st segments are depressed in i avl v4 xxxx t wave are inverted in ii iii avf v4 xxxx and flat in i avl this may be due to lv strain or ischaemia ,1,['normal_sinus_rhythm']
 sinus rhythm normal ecg there are no specific ecg features to suggest pulmonary embolism ,1,['normal_sinus_rhythm']
 sinus rhythm left atrial enlargement left ventricular hypertrophy st segments are depressed and t wave inverted in i ii iii avf v5 xxxx this may be due to lv strain or ischaemia t wave are tall in v1 xxxx this is of uncertain significance ,1,['normal_sinus_rhythm']
 sinus rhythm left ventricular hypertrophy st segments are depressed in i ii iii avf v6 this may be due to lv strain or ischaemia ,1,['normal_sinus_rhythm']
 sinus tachycardia no definite pathology edit asmi xxxx tachykardie offset v1 ,1,['sinus_tachycardia']
 sinus rhythm left axis deviation right bundle branch block left anterior fascicular block bifascicular block pr interval is normal non - specific st and t wave change in anterior lateral and inferior leads ,1,['normal_sinus_rhythm']
 sinus rhythm left ventricular hypertrophy st segments are depressed and t wave inverted in i avl v5 xxxx this may be due to lv strain or ischaemia st segments are elevated in iii avf v1 - xxxx the significance is uncertain ,1,['normal_sinus_rhythm']
 sinus arrhythmia right bundle branch block edit asmi xxxx crbbb myocardial infarct xxxx % bbb xxxx % ( crbbb ) ,1,['sinus_arrhythmia']
 sinus tachycardia left atrial enlargement left bundle branch block this is most commonly due to ischaemic heart disease ,1,['sinus_tachycardia']
 sinus rhythm borderline left anterior fascicular block right bundle branch block ,1,['normal_sinus_rhythm']
 sinus rhythm minimal st segment depression in v4 xxxx of doubtful significance otherwise normal ecg ,1,['normal_sinus_rhythm']
 premature ventricular contraction ( s ) premature atrial contraction ( s ) sinus rhythm pr interval is sometimes prolonged left axis deviation qs complex in v2 xxxx and q wave in v4 consistent with old anterior myocardial infarct st segments are depresse ,1,['normal_sinus_rhythm']
 sinus rhythm prolonged pr interval left axis deviation low limb lead voltage non - specific intraventricular block probable old anterior and inferolateral myocardial infarcts ,1,['normal_sinus_rhythm']
 sinus rhythm with frequent atrial premature complex ventricular premature complex pr interval upper limit of normal left bundle branch block low limb lead voltage in presence of lbbb hypertrophy or ischaemia not excluded xxxx unconfi ,1,['normal_sinus_rhythm']
 sinus rhythm gross qt prolongation this may be due to medication qrs normal no definite ischaemia ,1,['normal_sinus_rhythm']
 sinus rhythm qt prolongation is less than on xxxx prominent u wave suggest exclude hypokalaemia otherwise normal ecg ,1,['normal_sinus_rhythm']
 sinus rhythm prolonged pr interval q wave in v3 - xxxx st segments are elevated in v2 - xxxx t wave are low or flat in limb leads and inverted in v2 - xxxx consistent with ischaemic heart disease with anterior and lateral myocardial infarct of uncertain age edit asmi xxxx almi xxxx ( asmi xxxx lmi xxxx ) ,1,['normal_sinus_rhythm']
 sinus bradycardia possible left atrial enlargement left ventricular hypertrophy qs complex in v2 and tiny r wave in v3 consistent with anteroseptal myocardial infarct probably old st segments are depressed and t wave inverted in i avl ,1,['sinus_bradycardia']
 sinus rhythm st segments are slightly depressed in ii iii avf v5 t wave are low or flat in limb leads and v4 xxxx this may be due to lv strain or ischaemia ,1,['normal_sinus_rhythm']
 sinus rhythm left axis deviation left anterior fascicular block non - specific st and t wave change in avl ,1,['normal_sinus_rhythm']
 premature atrial contraction ( s ) sinus rhythm p wave are inconspicuous and pr interval is prolonged left axis deviation low limb lead voltage qs complex in v2 xxxx consistent with old anteroseptal myocardial infarct q wave in ii iii avf cons ,1,['normal_sinus_rhythm']
 sinus rhythm left axis deviation deep but narrow q wave in i avl v4 xxxx may indicate septal hypertrophy rather than old infarct otherwise no definite pathology edit lvh xxxx tiefe schmale qv5 xxxx vh xxxx % sokolow xxxx ( lvh xxxx sehyp ) ,1,['normal_sinus_rhythm']
 sinus rhythm st segments are slightly depressed in v4 xxxx t wave are low or flat in v2 xxxx non - specific but consistent with myocardial ischaemia possible old inferior infarct ,1,['normal_sinus_rhythm']
 sinus rhythm left ventricular hypertrophy st segments are depressed and t wave inverted in i ii avl avf v2 - xxxx these change are quite gross if they developed during operation they are probably due to acute myocardial ischaemia or more likely ,1,['normal_sinus_rhythm']
 sinus rhythm incomplete right bundle branch block minor non - specific st segment depression in v4 xxxx otherwise normal ecg ,1,['normal_sinus_rhythm']
 sinus rhythm prolonged pr interval st segments are depressed and t wave inverted in i avl myocardial ischaemia is likely the age of the change is uncertain ,1,['normal_sinus_rhythm']
 sinus rhythm q wave in ii iii avf are probably normal normal ecg ,1,['normal_sinus_rhythm']
 sinus rhythm non - specific st segment depression in ii iii avf t wave are low or flat in i avl v4 xxxx non - specific but consistent with myocardial ischaemia ,1,['normal_sinus_rhythm']
 sinus rhythm left axis deviation left anterior fascicular block voltages are high in limb leads suggesting lvh tracing is very similar to that of xxxx ,1,['normal_sinus_rhythm']
 premature atrial contraction ( s ) premature ventricular contraction ( s ) sinus rhythm left axis deviation left anterior fascicular block right bundle branch block bifascicular block left ventricular hypertrophy pr interval is normal ,1,['normal_sinus_rhythm']
 sinus rhythm prolonged pr interval old anteroseptal infarct probable old inferior infarct ,1,['normal_sinus_rhythm']
 sinus rhythm prolonged pr interval left axis deviation non - specific intraventricular block old anterior and inferolateral myocardial infarcts ,1,['normal_sinus_rhythm']
 sinus tachycardia low limb lead voltage t wave are inverted in i avl v4 xxxx findings are likely to be due to ischaemic heart disease the age of the change is uncertain ,1,['sinus_tachycardia']
 sinus rhythm compared with tracing of xxxx rhythm was previously atrial fibrillation t wave now flat rather than inverted in ii t wave flattening persists in v4 xxxx myocardial ischaemia is likely ,1,['normal_sinus_rhythm']
 sinus rhythm prolonged pr interval left ventricular hypertrophy st segments are depressed and t wave inverted in i avl v4 xxxx this may be due to lv strain or ischaemia ,1,['normal_sinus_rhythm']
 sinus rhythm st segments are depressed and t wave flat in i avl this may be due to lv strain or ischaemia ,1,['normal_sinus_rhythm']
 sinus rhythm possible left atrial enlargement left ventricular hypertrophy st segments are depressed in i ii v5 xxxx this may be due to lv strain or ischaemia prolonged qt this may be due to a drug effect or an electrolyte disturbance ,1,['normal_sinus_rhythm']
 sinus rhythm voltages are high in limb leads suggesting lvh left axis deviation r - s transition zone in v leads displaced to the left left anterior fascicular block non - specific t wave flattening in i and inversion in avl ,1,['normal_sinus_rhythm']
 regular rhythm no p wave found rhythm is probably junctional t wave are inverted in i avl and flat in v5 xxxx st segments are slightly elevated in v2 xxxx findings are likely to be due to ischaemic heart disease the age of the change is uncertain p ,1,['normal_sinus_rhythm']
 sinus rhythm t wave are inverted in i avl v5 xxxx this may be due to myocardial ischaemia or lateral subendocardial infarct of uncertain age edit injal sokolow xxxx ( injal ) ,1,['normal_sinus_rhythm']
 sinus rhythm voltages are high in limb leads suggesting lvh r - s transition zone in v leads displaced to the right otherwise normal ecg ,1,['normal_sinus_rhythm']
 premature atrial contraction ( s ) sinus rhythm borderline left axis deviation non - specific t wave flattening in i avl ,1,['normal_sinus_rhythm']
 premature ventricular contractions sinus rhythm otherwise normal ecg ,1,['normal_sinus_rhythm']
 sinus rhythm st segments are depressed in v4 xxxx t wave are flat in ii iii avf v3 - xxxx non - specific but consistent with myocardial ischaemia ,1,['normal_sinus_rhythm']
 sinus rhythm st segments are depressed in i ii avl avf v4 xxxx t wave are low in these leads non - specific but consistent with myocardial ischaemia ,1,['normal_sinus_rhythm']
 sinus tachycardia old inferior myocardial infarct cannot be excluded non - specific st and t wave change in i avl ,1,['sinus_tachycardia']
 sinus rhythm st segments are depressed in ii iii avf v3 - xxxx t wave are low or flat throughout myocardial ischaemia is likely the age of the change is uncertain suggest exclude hypokalaemia ,1,['normal_sinus_rhythm']
 sinus rhythm t wave are flat in limb leads and v4 xxxx non - specific but consistent with myocardial ischaemia suggest exclude hypokalaemia leads v2 xxxx show gross artifact ,1,['normal_sinus_rhythm']
 premature atrial contraction ( s ) sinus rhythm low limb lead voltage otherwise normal ecg ,1,['normal_sinus_rhythm']
 sinus rhythm left axis deviation qs complex in v2 xxxx consistent with old anteroseptal myocardial infarct st segments are depressed and t wave inverted in i avl v5 xxxx this may be due to lv strain or ischaemia ,1,['normal_sinus_rhythm']
 sinus rhythm left axis deviation q wave in v2 suggesting old anteroseptal infarct non - specific t wave flattening in avl v5 xxxx ,1,['normal_sinus_rhythm']
 sinus rhythm r - s transition zone in v leads displaced to the left otherwise normal ecg ,1,['normal_sinus_rhythm']
 sinus rhythm st segments are depressed in i ii avf v4 xxxx t wave are inverted in i avl v4 xxxx this may be due to lv strain or ischaemia ,1,['normal_sinus_rhythm']
 premature ventricular contraction ( s ) premature atrial contraction ( s ) sinus rhythm non - specific intraventricular delay left ventricular hypertrophy st segments are depressed in i avl v4 xxxx t wave are inverted in i avl and flat in ii v4 xxxx thi ,1,['normal_sinus_rhythm']
 sinus rhythm prolonged pr interval q wave in v2 and tiny r wave in v3 suggesting old anteroseptal myocardial infarct ,1,['normal_sinus_rhythm']
 sinus rhythm left axis deviation r - s transition zone in v leads displaced to the left left anterior fascicular block st segments are depressed in i avl t wave are biphasic in i and inverted in avl myocardial ischaemia is likely the age of the cha ,1,['normal_sinus_rhythm']
 sinus rhythm prolonged pr interval low limb lead voltage otherwise no definite pathology ,1,['normal_sinus_rhythm']
 premature ventricular contraction ( s ) sinus rhythm st segments are depressed in i avl v5 xxxx t wave are low in these leads this may be due to lv strain or ischaemia ,1,['normal_sinus_rhythm']
 premature atrial contractions sinus rhythm probable lv hypertrophy small q wave noted in inferior and lateral chest leads these may reflect lvh but cant exclude old infarct edit ilmi xxxx lvh xxxx tiefe grenzwertig schmale qii iii v4 - xxxx sokolow xxxx ( ilmi xxxx lvh xxxx sehyp ) ,1,['normal_sinus_rhythm']
 sinus rhythm diffuse nonspecific st and t abnormality ischaemia is a possible cause ,1,['normal_sinus_rhythm']
 premature atrial contraction ( s ) sinus rhythm left axis deviation incomplete right bundle branch block voltages are high in chest leads suggesting lvh non - specific st segment depression in v4 xxxx ,1,['normal_sinus_rhythm']
 premature ventricular contraction ( s ) sinus rhythm t wave are flat in i avl v2 - xxxx myocardial ischaemia is likely slightly prolonged qt suggest exclude hypokalaemia the age of the change is uncertain ,1,['normal_sinus_rhythm']
 sinus rhythm voltages are high in limb leads suggesting lvh st segments are depressed in i ii avl v4 xxxx t wave are low or flat in limb leads and v5 xxxx this may be due to lv strain or ischaemia there is a pause probably due to a blocked atrial ,1,['normal_sinus_rhythm']
 premature atrial contractions bigeminy sinus rhythm qs complex in v2 suggesting old anteroseptal infarct ,1,['normal_sinus_rhythm']
 sinus rhythm poor progression of r wave in anterior chest leads this may be normal no definite pathology ,1,['normal_sinus_rhythm']
 sinus rhythm t wave are generally low with terminal inversion in ii v2 - xxxx st segments are slightly elevated in v2 xxxx this is an abnormal tracing but the significance in a patient of this age is uncertain myocardial ischaemia is a possible cause chan ,1,['normal_sinus_rhythm']
 sinus rhythm low limb lead voltage st segments are depressed in i ii avl v5 xxxx t wave are low flat or slightly inverted throughout myocardial ischaemia is likely suggest exclude hypokalaemia ,1,['normal_sinus_rhythm']
 sinus bradycardia non - specific intraventricular block q wave in ii iii avf consistent with old inferior myocardial infarct non - specific st and t wave change the cause of the bradycardia is not evident ,1,['sinus_bradycardia']
 sinus rhythm prolonged pr interval low limb lead voltage incomplete right bundle branch block t wave are biphasic in i ii v3 - xxxx findings are likely to be due to ischaemic heart disease the age of the change is uncertain ,1,['normal_sinus_rhythm']
 sinus rhythm voltages are high in limb leads suggesting lvh left axis deviation left anterior fascicular block st segments are depressed and t wave inverted in i avl st segments are depressed in v3 - xxxx this may be due to lv strain or ischaemia n ,1,['normal_sinus_rhythm']
 premature atrial contraction ( s ) sinus rhythm non specific t abnormality ,1,['normal_sinus_rhythm']
 sinus rhythm leftward axis left ventricular hypertrophy ,1,['normal_sinus_rhythm']
 sinus rhythm ventricular bigemimy for xxxx cyles early r - s transition in chest leads otherwise normal ecg ,1,['normal_sinus_rhythm']
 sinus rhythm incomplete right bundle branch block normal ecg ,1,['normal_sinus_rhythm']
 sinus rhythm unifocal ventricular premature complex otherwise normal ecg ,1,['normal_sinus_rhythm']
 sinus arrhythmia possible old inferior infarct ,1,['sinus_arrhythmia']
 sinus rhythm left axis deviation and clockwise rotation due to left anterior fascicular block ,1,['normal_sinus_rhythm']
 sinus rhythm abnormal left axis deviation left bundle branch block ischaemia not excluded ,1,['normal_sinus_rhythm']
 sinus rhythm abnormal left axis deviation left anterior fascicular block otherwise normal ecg ,1,['normal_sinus_rhythm']
 sinus rhythm prolonged pr interval left axis deviation possible old inferior infarct ,1,['normal_sinus_rhythm']
 sinus rhythm otherwise normal ecg ,1,['normal_sinus_rhythm']
 sinus rhythm partial right bundle branch block otherwise normal ecg ,1,['normal_sinus_rhythm']
 sinus rhythm left anterior fascicular block left ventricular hypertrophy on voltages lateral st and t change consistent with early left ventricular strain ,1,['normal_sinus_rhythm']
 sinus rhythm borderline first degree av block pr interval of xxxx seconds normal ecg ,1,['normal_sinus_rhythm']
 sinus rhythm left atrial enlargement clockwise rotation no ecg evidence of ischaemia ,1,['normal_sinus_rhythm']
 sinus tachycardia possible left atrial enlargement non - specific st and t abnormality including slight st depression in v5 and v6 consider ischaemia ,1,['sinus_tachycardia']
 sinus tachycardia left anterior fascicular block apart from rate normal ecg ,1,['sinus_tachycardia']
 sinus rhythm probable right atrial enlargement minor non - specific st segment depression and t wave flattening in chest leads myocardial ischaemia is possible cause ,1,['normal_sinus_rhythm']
 sinus rhythm r - s transition zone in v leads displaced to the right incomplete right bundle branch block voltages are high in chest leads suggesting lvh ,1,['normal_sinus_rhythm']
 sinus rhythm low limb lead voltage incomplete right bundle branch block otherwise normal ecg ,1,['normal_sinus_rhythm']
 sinus rhythm left axis deviation t wave are inverted in v2 and slightly biphasic in v3 non - specific but consistent with myocardial ischaemia slightly prolonged qt this may be due to a drug effect or an electrolyte disturbance ,1,['normal_sinus_rhythm']
 premature ventricular contraction ( s ) sinus rhythm non - specific intraventricular delay left ventricular hypertrophy st segments are depressed and t wave inverted in i avl v3 - xxxx this may be due to lv strain or ischaemia ,1,['normal_sinus_rhythm']
 premature ventricular contraction ( s ) sinus tachycardia qs complex in v2 and tiny r wave in v3 suggesting anteroseptal myocardial infarct of uncertain age t wave are inverted in i avl v5 xxxx this may be due to lv strain or ischaemia ,1,['sinus_tachycardia']
 sinus rhythm r - s transition zone in v leads displaced to the right incomplete right bundle branch block t wave are inverted in v2 - xxxx and low or flat in other leads change may be due to myocardial ischaemia or subendocardial infarct of uncertain ,1,['normal_sinus_rhythm']
 sinus rhythm normal ecg edit norm xxxx ( langsameres stück ) ( norm xxxx ) ,1,['normal_sinus_rhythm']
 sinus rhythm r - s transition zone in v leads displaced to the right incomplete right bundle branch block non - specific t wave flattening in v4 xxxx ,1,['normal_sinus_rhythm']
 sinus rhythm prolonged pr interval non - specific t wave flattening in i and inversion in avl ,1,['normal_sinus_rhythm']
 premature atrial contraction ( s ) sinus tachycardia right atrial enlargement st segments are depressed in ii iii avf v5 xxxx this may be due to lv strain or ischaemia ,1,['sinus_tachycardia']
 sinus rhythm left axis deviation non - specific intraventricular block possible old inferior infarct ,1,['normal_sinus_rhythm']
 sinus rhythm incomplete right bundle branch block pr interval is at upper limit otherwise normal ecg ,1,['normal_sinus_rhythm']
 premature ventricular contraction ( s ) sinus tachycardia voltages in chest leads are at upper limit tiny r wave in v2 xxxx suggesting old anteroseptal infarct non - specific t wave flattening in i avl v5 xxxx ,1,['sinus_tachycardia']
