statement,occurences,proposed label
 sinusrhythmus periphere niederspannung ,16,
 sinusbradykardie sonst normales ecg ,13,
 sinusrhythmus normales ecg ,687,
 sinusrhythmus linkstyp t abnormal wahrscheinlich inferiorer myokardschaden qt - verlängerung ,1,
 sinusrhythmus linkstyp qrs ( t ) abnormal inferiorer infarkt alter unbest ,5,
 sinus arrhythmie sonst normales ecg ,65,
 vorhof hf xxxx tachykardes vorhofflimmern ueberdrehter linkstyp qrs ( t ) abnormal inferiorer infarkt alter unbest ,1,
 vorhofflattern xxxx überleitung jetzt nach isoptin 2amp+ xxxx amp digitalis teilweise xxxx vorhof ca hf xxxx linkstyp st - senkung ii iii avf v4 - v6 bei tachycardie ,1,
 sinusrhythmus p - verbreiterung ,3,
 supraventrikuläre ersatzsystole ( n ) interponierte supraventrikuläre extrasystole ( n ) supraventrikuläre tachykardie linkstyp rechtsschenkelblock qrs ( t ) abnormal inferiorer infarkt alter unbest ,1,
 sinusrhythmus linkstyp unspezifisches abnormales t ,26,
 xxxx überleitung bei vorhofflattern jetzt unter 3x1 cordichin + 1x1 novodigal xxxx etwas langsamer hf von xxxx auf xxxx sonst unverändert ,1,
 sinusrhythmus verdacht auf p - sinistrocardiale linkstyp unspezifisches abnormales t qt - verlängerung zweiter tag 3x2 cordichin erfolgreiche cardioversion von vorhofflattern ( novodigal xxxx 1x1 ) ,1,
 sinusrhythmus linkstyp sonst normales ecg ,252,
 sinusrhythmus verdacht auf p - sinistrocardiale linkstyp unspezifisches abnormales t qt - verlängerung sr unter 3x1 cordichin stabil novodigal xxxx 1x1 ass xxxx 1x1 tromcardin 1x2 neu xxxx tensobon xxxx für rr ,1,
 sinusrhythmus unspezifischer intraventrikulärer block linkshypertrophie ,1,
 sinusrhythmus rechtstyp linksposteriorer fascicular block ,3,
 erneut vorhofflattern unter 3x1 cordichin 1x0 xxxx novod und neu 1x1 - xxxx tensobon xxxx mg ( danach anamnestisch kurzer schweiáausbruch langsamer puls - seither wider hoher puls um 125! dh umgesprungen q ,1,
 sinusrhythmus schwierig bestimmbare qrs - achse ,4,
 sinusrhythmus linkstyp qrs ( t ) abnormal inferiorer myokardschaden nicht auszuschliessen qt - verlängerung cordichin xxxx jetzt konstant sinusrhythmus g novodigal xxxx 1x1 tensobon xxxx mg ( chnidinspiegel xxxx ( xxxx ) digoxinspiegel xxxx ( xxxx ) 2x unter ,1,
 sinusrhythmus ueberdrehter linkstyp linksanteriorer fascicular block ,15,
 sinusrhythmus unvollständiger rechtsschenkelblock sonst normales ecg ,16,
 sinusrhythmus unspezifisches abnormales t ,33,
 sinusrhythmus rechtstyp unspezifische intraventrikuläre leitungsstörung ,1,
 sinusrhythmus p - verbreiterung linkstyp t abnormal wahrscheinlich inferiorer myokardschaden ,1,
 sinusrhythmus unvollständiger rechtsschenkelblock mässige amplitudenkriterien f#r linkshypertrophie ,1,
 sinusrhythmus qrs ( t ) abnormal anterolateraler infarkt möglich ,1,
 sinusrhythmus qrs ( t ) abnormal anteroseptaler myokardschaden nicht auszuschliessen ,2,
 sinusrhythmus r - s #bergang in v ableitungen nach rechts verschoben unvollständiger rechtsschenkelblock sonst normales ecg ,2,
 sinusbradykardie unspezifisches abnormales t ,1,
 sinusrhythmus normales ecg ergo xxxx watt ob insbes kein neg t über der brustwand ,1,
 sinusrhythmus rechtstyp qrs ( t ) abnormal septaler infarkt nicht auszuschliessen ,2,
 sinusrhythmus ueberdrehter linkstyp qrs ( t ) abnormal anterolateraler infarkt möglich ,1,
 sinus arrhythmie linkstyp sonst normales ecg ,10,
 sinusrhythmus unvollständiger rechtsschenkelblock ,1,
 sinusrhythmus unvollständiger rechtsschenkelblock t abnormal wahrscheinlich inferiorer myokardschaden edit injin irbbb ( m xxxx ) ( irbbb ndt ) ,1,
 sinusrhythmus unspezifische intraventrikuläre leitungsstörung linkshypertrophie ,2,
 sinus arrhythmie verdacht auf p - sinistrocardiale ,1,
 sinusrytm normalt ecg ,77,
 sinusrytm av block i st and t sänkning såsom vid anterolateral ischemi eller vänster belastning ,1,
 sinustachykardie ueberdrehter linkstyp periphere niederspannung qrs ( t ) abnormal inferiorer infarkt wahrscheinlich alt ,2,
 sinusrhythmus qrs ( t ) abnormal ,2,
 sinusrhythmus mässige amplitudenkriterien f#r linkshypertrophie qrs ( t ) abnormal anterolateraler infarkt möglich ,1,
 sinustachykardie sonst normales ecg ,5,
 supraventrikuläre extrasystole ( n ) sinusrhythmus sonst normales ecg ,11,
 ventrikuläre extrasystole ( n ) interponierte ventrikuläre extrasystole ( n ) sinus arrhythmie unspezifisches abnormales t ,1,
 sinusrhythmus qrs ( t ) abnormal septaler infarkt nicht auszuschliessen ,6,
 sinusrytm vänster el - axel inget säkert patologikst ,1,
 sinustachykardi t - förändring såsom vid anterolateral myokardaffektion ischemiförändringar som inte fanns på ecg xxxx ,1,
 sinusrytm vänster kammarhypertrofi ,4,
 sinusrytm ospecifikt skänkelblock avvikande qrs ( t ) förlopp inferior infarkt ålder ej bestämmbar ,1,
 sinusrytm svårbestämmbar el - axel ,1,
 sinusrytm vänster el - axel inget säkert patologiskt ,3,
 sinus arytmi avvikande qrs ( t ) förlopp hög lateral myokardskada bör övervägas ,1,
 förmaksflimmer - fladder höger el - axel låga qrs amplituder i extremitetsavledningarna måttliga amplitudkrit för vänster kammarkhypertrofi avvikande qrs ( t ) förlopp hög lateral infarkt bör övervägas t - förändring såsom vid inferior myokardaffektion ,1,
 sinusrhythmus qrs ( t ) abnormal inferiorer myokardschaden möglich ,10,
 sinusrhythmus linkstyp qrs ( t ) abnormal inferiorer infarkt möglich ,10,
 sinusrytm avvikande qrs ( t ) förlopp inferior myokardskada bör övervägas ,4,
 sinusrytm extrem vänster el - axel såsom vid vänster främre fascicular block oförändrat jmf med ecg xxxx ,1,
 sinusrytm vänster el - axel normalt ecg ,8,
 sinusrytm vänster el - axel t - förändring såsom vid hög lateral myokardaffektion ,3,
 sinusrytm vänster el - axel låga qrs amplituder i extremitetsavledningarna avvikande qrs ( t ) förlopp inferior infarkt bör övervägas ,1,
 sinusrytm extrem vänster el - axel ospecifikt skänkelblock ,3,
 sinusrytm vänster el - axel eljest normalt ecg ,17,
 sinusrytm t - förändring såsom vid hög lateral myokardaffektion ,5,
 sinusrytm vänster el - axel st and t sänkning såsom vid anterolateral ischemi eller vänster belastning ,1,
 sinusrytm vänster el - axel inkomplett högersidigt skänkelblock ,1,
 ventrikuläre extrasystole ( n ) sinusrhythmus linkstyp st and t abnormal wahrscheinlich anteriore ischämie oder linksbelastung inferiore ischämie oder linksbelastung ,1,
 sinusrytm st and t sänkning såsom vid lateral ischemi eller vänster belastning edit iscil sokolow xxxx ( iscil xxxx ) ,1,
 sinusrytm svårbestämmbar el - axel låga qrs amplituder i extremitetsavledningarna högersidigt skänkelblock ,1,
 sinusrytm p förlängd vänster el - axel vänster kammarhypertrofi ,1,
 sinusrhythmus qrs ( t ) abnormal inferiorer infarkt wahrscheinlich alt ,4,
 sinusrytm supraventrikulära extraslag eljest normalt ecg ,1,
 sinusrytm extrem vänster el - axel avvikande qrs ( t ) förlopp anteroseptal infarkt möjligen färsk t - förändring såsom vid anterior myokardaffektion ,1,
 sinusrytm vänster el - axel vänstersidigt skänkelblock ,1,
 ventrikulär ( a ) extrasystoli ( er ) förmaksflimmer med hög kammarfrekvens extrem vänster el - axel avvikande qrs ( t ) förlopp anterior infarkt möjligen färsk inferior infarkt sannolikt äldre st and t sänkning såsom vid hög lateral ischemi eller väns ,1,
 sinusrytm extrem vänster el - axel avvikande qrs ( t ) förlopp anterior infarkt sannolikt äldre inferior infarkt sannolikt äldre ! ,1,
 sinusbradykardi låga qrs amplituder i extremitetsavledningarna t - förändring såsom vid anterior myokardaffektion ,1,
 sinusrytm p förlängd extrem vänster el - axel högersidigt skänkelblock ,1,
 slag med avvikande impulsutbredning supraventrikulär ( a ) extrasystoli ( er ) sinusrytm extrem vänster el - axel avvikande qrs ( t ) förlopp anterior myokardskada inferior myokardskada ,1,
 sinusbradykardi amplitudkriterier för vänster kammarhypertrofi avvikande qrs ( t ) förlopp lateral myokardskada kan ej uteslutas ,2,
 sinusrytm högersidigt skänkelblock ,2,
 sinusbrsadykardie indiff typ t - veraenderungen negativ in iii flach v4 - v6 normales ecg ,1,
 sinusrhythmus ueberdrehter linkstyp rechtsschenkelblock ,3,
 sinusrhythmus qrs ( t ) abnormal anteroseptaler myokardschaden ,1,
 sinusrhythmus amplitudenkriterien f#r linkshypertrophie ,5,
 sinusrhythmus av block i intraventr leistungsstörung in v1 steillage t - veränderung neg in v4 v5 path ecg ,1,
 sinusrhythmus ueberdrehter linkstyp ,22,
 ventrikuläre extrasystole ( n ) sinus arrhythmie ,3,
 sinusrhythmus lagetyp normal normales ecg ,1264,
 sinusrhythmus lagetyp normal normal ,2,
 sinusrhythmus lagetyp normal vorhofsueberlastung wahrscheinlich unspez myokardschaedigung m rep stoerungen grenzbefund ,1,
 sinusrhythmus lagetyp normal av - block xxxx grades pathologisch ,2,
 ventrikuläre extrasystole ( n ) sinusrhythmus linkstyp vorhofsueberlastung links ,1,
 sinusrhythmus ueberdrehter linkstyp linksanteriorer fascicular block qrs ( t ) abnormal normal ,1,
 sinusrhythmus indiff typ linkshypertrophie subakuter oder chron anteriorer infarkt möglich dd vorderwandaneurysma st - senkung in v4 - xxxx fehlende r - progression v2 - xxxx ,1,
 sinusbradykardie lagetyp normal schlechte r - progression v1 - xxxx st - hebung in v3 t neg in v2 ,1,
 sinusrhythmus ueberdrehter linkstyp linksanteriorer fascicular block ecg normal ,1,
 sinusrhythmus av block i steillage anteriorer infarkt mit vorderwandaneurysma inferiorer infarkt pathologische repolarisation ,1,
 sinusbradykardie ueberdrehter linkstyp r - s #bergang in v ableitungen nach rechts verschoben lahb hohe spitze t in v2 - xxxx ,1,
 sinusbradykardie lagetyp normal qrs ( t ) abnormal inferiorer infarkt wahrscheinlich alt ,1,
 sinusrhythmus lagetyp normal unspezifisches abnormales t ,88,
 trace only requested ,343,
 sinusrhythmus p - sinistrocardiale ,2,
 supraventrikuläre extrasystole ( n ) sinusrhythmus periphere niederspannung unspezifisches abnormales t ,1,
 sinus arrhythmie rechtsschenkelblock ,1,
 ventrikuläre extrasystole ( n ) bigeminus sinusrhythmus ,1,
 sinusrhythmus rechtstyp sonst normales ecg ,27,
 sinusrhythmus linkstyp qt - verlängerung ,5,
 regelmässiger rhythmus keine p - welle erkannt rechtstyp linksposteriorer fascicular block ,1,
 sinus arrhythmie rechtstyp linksposteriorer fascicular block ,2,
 sinusrytm vänster el - axel st and t sänkning såsom vid anterolateral ischemi eller vänster belastning t - förändring såsom vid anterior myokardaffektion ,1,
 sinusbradykardi vänster el - axel eljest normalt ecg ,2,
 sinusbradykardi avvikande qrs ( t ) förlopp inferior myokardskada bör övervägas st and t sänkning såsom vid anterolateral ischemi eller vänster belastning ,1,
 förmaksflimmer med hög kammarfrekvens vänster el - axel vänster kammarhypertrofi ,1,
 sinusrytm flacka t - vågor anterolateralt ,1,
 sinusrhythmus linkstyp unspezifische intraventrikuläre leitungsstörung ,5,
 sinusrhythmus unspezifische intraventrikuläre leitungsstörung ,14,
 sinusrhythmus ueberdrehter linkstyp r - s #bergang in v ableitungen nach links verschoben linksanteriorer fascicular block ,2,
 supraventrikulär ( a ) extrasystoli ( er ) supraventrikulär ( a ) escape complex ( s ) interpolerade supraventrikulär ( a ) extrasystoli ( er ) supraventrikulär tachykardi vänster el - axel st and t sänkning såsom vid anterior ischemi eller vänster belastning lateral ischemi ,1,
 sinusrytm ó¿ ó¬ st and t säó¬ning såsom vid ó½ ó½ inferior ischemi elleó¬vänster belastning ó© ó¬ ó½ ó½ ó¬ ó© ó¿ ,1,
 ventrikulär ( a ) extrasystoli ( er ) förmaksflimmer - fladder vänster el - axel ospecifikt inkomplett skänkelblock vänster kammarhypertrofi ,1,
 sinusrytm avvikande qrs ( t ) förlopp inferior infarkt ålder ej bestämmbar ,3,
 supraventrikulär ( a ) extrasystoli ( er ) supraventrikulär ( a ) escape complex ( s ) interpolerade supraventrikulär ( a ) extrasystoli ( er ) sinusrytm extrem vänster el - axel vänster anteriort fascicular block högersidigt skänkelblock bifascikulärt block avvikande qrs ( t ) förlopp ,2,
 sinustachykardi ospecifik t - förändring ,1,
 sinusrytm vänster el - axel ospecifik t - förändring ,6,
 slag med avvikande impulsutbredning sinustachykardi svårbestämmbar el - axel bröstavledningarnas r - s transition förskjuten åt vänster låga qrs amplituder i extremitetsavledningarna vänster anteriort fascicular block avvikande qrs ( t ) förlopp inferior infarkt ,1,
 ventrikuläre extrasystole ( n ) sinusrhythmus p - verbreiterung qrs ( t ) abnormal inferiorer myokardschaden nicht auszuschliessen st and t abnormal wahrscheinlich anterolaterale ischämie oder linksbelastung ,1,
 slag med avvikande impulsutbredning regelbunden rytm inga p - våg funna vänster el - axel ,1,
 sinusbradykardi inkomplett hgersidigt skänkelblock patologisk q - våg i avl såsom vid gammal hög lateral myokardskada ,1,
 sinusbradykardi extrem vänster el - axel vänster anteriort fascicular block vänster kammarhypertrofi ,1,
 sinusbradykardi extrem vänster el - axel vänster anteriort fascicular block st and t sänkning såsom vid anterolateral ischemi eller vänster belastning t - förändring såsom vid inferolateral myokardaffektion ,1,
 sinusrytm avvikande qrs ( t ) förlopp inferior infarkt ålder ej bestämmbar st and t sänkning såsom vid anterolateral ischemi eller vänster belastning ! ,1,
 sinusbradykardi svårbestämmbar el - axel högersidigt skänkelblock ,1,
 sinusrytm vänster el - axel avvikande qrs ( t ) förlopp inferior infarkt ålder ej bestämmbar st and t sänkning såsom vid anterolateral ischemi eller vänster belastning ,2,
 sinusrytm vänster el - axel avvikande qrs ( t ) förlopp anterolateral infarkt bör övervägas inferior infarkt möjligen färsk ,1,
 sinusrytm bröstavledningarnas r - s transition förskjuten åt höger avvikande qrs ( t ) förlopp anteroseptal myokardskada kan ej uteslutas ,1,
 förmaksflimmer med hög kammarfrekvens extrem vänster el - axel vänstersidigt skänkelblock ,1,
 sinusrytm vänster el - axel måttliga amplitudkrit för vänster kammarkhypertrofi avvikande qrs ( t ) förlopp anterior infarkt möjligen färsk ,1,
 sinusrytm extrem vänster el - axel vänster anteriort fascicular block st and t sänkning såsom vid inferolateral ischemi eller vänster belastning ,1,
 sinusrytm extrem vänster el - axel vänster anteriort fascicular block ,3,
 sinusrytm ospecifik st and t förändring ( höjning ) eljest normalt ecg ,1,
 sinusrytm av block i ospecifik st - förändring ospecifik t - förändring ,1,
 sinustachykardi av block i misstänkt vänster kammarhypertrofi ,1,
 sinusrytm st and t sänkning såsom vid anterolateral ischemi eller vänster belastning inferolateral ischemi eller vänster belastning ,4,
 sinusrytm misstänkt hypertrofi av vänster förmak avvikande qrs ( t ) förlopp anteroseptal infarkt sannolikt äldre ,1,
 sinusrytm avvikande qrs ( t ) förlopp inferior myokardskada bör övervägas qt förlängd ,1,
 supraventrikulär ( a ) extrasystoli ( er ) sinusrytm extrem vänster el - axel bröstavledningarnas r - s transition förskjuten åt höger inkomplett högersidigt skänkelblock avvikande qrs ( t ) förlopp inferior infarkt möjligen färsk st sänkning möjligen orsak ,1,
 sinusrytm avvikande qrs ( t ) förlopp inferior myokardskada ,1,
 sinusrytm extrem vänster el - axel avvikande qrs ( t ) förlopp inferior infarkt möjligen färsk st sänkning möjligen orsakad av lateral subendokardiell myokardaffektion ,1,
 sinus arytmi måttliga amplitudkrit för vänster kammarkhypertrofi st and t sänkning såsom vid anterolateral ischemi eller vänster belastning t - förändring såsom vid anterior myokardaffektion inferolateral myokardaffektion ,1,
 sinusrytm vänster el - axel låga qrs amplituder i extremitetsavledningarna avvikande qrs ( t ) förlopp anteroseptal infarkt ålder ej bestämmbar inferior myokardskada bör övervägas st sänkning möjligen orsakad av hög lateral subendokardiell myokar ,1,
 sinusrytm extrem vänster el - axel såsom vid vänster främre fascicular block liten q - våg i v2 - v3 inger misstanke på gammal anteroseptal myokardskada st and t förändring lateralt såsom vid ischemi eller vänster kammarbelastning ,1,
 sinusrytm vänster kammarhypertrofi avvikande qrs ( t ) förlopp anterolateral myokardskada bör övervägas ,1,
 regelbunden rytm inga p - våg funna ,1,
 sinusrytm extrem vänster el - axel avvikande qrs ( t ) förlopp inferior infarkt sannolikt äldre t - förändring såsom vid anterior myokardaffektion lateral myokardaffektion ,1,
 sinusrytm vänster el - axel st and t sänkning såsom vid anterior ischemi eller vänster belastning lateral ischemi eller vänster belastning ,1,
 sinusrytm måttliga amplitudkrit för vänster kammarkhypertrofi ospecifik st and t förändring ( höjning ) ,1,
 sinustachykardi hypertrofi av vänster förmak vänster el - axel ospecifikt skänkelblock vänster kammarhypertrofi ,1,
 sinusrytm misstänkt hypertrofi av vänster förmak ospecifikt skänkelblock vänster kammarhypertrofi avvikande qrs ( t ) förlopp inferior infarkt ålder ej bestämmbar ,2,
 sinusrytm vänster el - axel intraventrikulärt retledningshinder ,1,
 ventrikulär ( a ) extrasystoli ( er ) förmaksflimmer - fladder extrem höger el - axel vänster posteriort fascicular block högersidigt skänkelblock bifascikulärt block avvikande qrs ( t ) förlopp inferior infarkt ålder ej bestämmbar ,1,
 sinustachykardi eljest normalt ecg ,1,
 sinusrhythmus verdacht auf p - sinistrocardiale lagetyp normal ,57,
 sinustachykardi avvikande qrs ( t ) förlopp hög lateral infarkt bör övervägas ,1,
 sinusrytm av block i extrem vänster el - axel ospecifikt skänkelblock vänster kammarhypertrofi ! ,1,
 sinusrytm hypertrofi av vänster förmak avvikande qrs ( t ) förlopp inferior myokardskada bör övervägas st and t sänkning såsom vid hög lateral ischemi eller vänster belastning ,1,
 sinusrytm ventrikulära extraslag av - block i ,1,
 sinusrytm av block i ,1,
 förmaksflimmer - fladder t - förändring såsom vid inferior myokardaffektion ,1,
 sinusrytm avvikande qrs ( t ) förlopp inferior myokardskada kan ej uteslutas ,2,
 sinusrytm vänster el - axel avvikande qrs ( t ) förlopp inferior infarkt bör övervägas ,1,
 sinusrytm av block i vänster el - axel avvikande qrs ( t ) förlopp anterior infarkt ålder ej bestämmbar st and t sänkning såsom vid hög lateral ischemi eller vänster belastning ,1,
 sinusrytm avvikande qrs ( t ) förlopp anterior infarkt bör övervägas t - förändring såsom vid lateral myokardaffektion inferolateral myokardaffektion ,1,
 sinusrhythmus lagetyp normal unvollständiger rechtsschenkelblock sonst normales ecg ,54,
 sinusrhythmus p - sinistrocardiale lagetyp normal r - s #bergang in v ableitungen nach rechts verschoben unvollständiger rechtsschenkelblock ,1,
 sinus arrhythmie lagetyp normal sonst normales ecg ,75,
 sinusbradykardie unspezifische intraventrikuläre leitungsstörung ,3,
 sinusrhythmus lagetyp normal unspezifisches abnormes t ,38,
 sinusrhythmus verdacht auf p - sinistrocardiale unvollständiger rechtsschenkelblock ,1,
 sinusrhythmus lagetyp normal sonst normales ecg ,4,
 sinusrhythmus linkstyp unvollständiger rechtsschenkelblock sonst normales ecg ,8,
 sinusrhythmus linkstyp qrs ( t ) abnormal anteroseptaler infarkt wahrscheinlich alt inferiorer infarkt möglich ,1,
 sinusrhythmus verdacht auf p - sinistrocardiale linkstyp unvollständiger rechtsschenkelblock ,3,
 sinusrhythmus ueberdrehter linkstyp linksanteriorer fascicular block pathologisch ,2,
 sinusrhythmus rechtstyp rechtsschenkelblock pathologisch ,1,
 sinusrhythmus ueberdrehter linkstyp schenkelblock partiell links ant fascicular block pathologisch ,1,
 sinusrhythmus linkstyp schenkelblock partiell rechts ant fascicular block pathologisch ,1,
 ventrikuläre extrasystole ( n ) sinusrhythmus ueberdrehter linkstyp linksschenkelblock pathologisch ,1,
 unregelmässiger rhythmus keine p - welle erkannt vorhofflattern st and t abnormal möglicherweise neuer inferiorer myokard - oder perikardschaden pathologisch ,1,
 sinusbradykardie lagetyp normal qrs ( t ) abnormal normal ,2,
 sinusrhythmus qrs ( t ) abnormal inferiorer myokardschaden nicht auszuschliessen ,4,
 sinusrhythmus linkstyp unvollständiger rechtsschenkelblock t neg in v2 - xxxx ,1,
 ventrikuläre extrasystole ( n ) sinustachykardie linkstyp r - s #bergang in v ableitungen nach rechts verschoben unspezifisches abnormes t ,1,
 sinusrhythmus ueberdrehter linkstyp qrs ( t ) abnormal inferiorer infarkt wahrscheinlich alt ,5,
 sinusrhythmus st and t abnormal wahrscheinlich anteriore ischämie oder linksbelastung ,1,
 sinusrhythmus ueberdrehter linkstyp linksschenkelblock path repol ,1,
 sinusrhythmus pathologische repolarisation linkstyp pathologisches ecg ,1,
 sinustachykardie linkslagetyp intraventr leitungsstörung v2 avr i pathologisches ecg ,1,
 sinusrhythmus ueberdrehter linkstyp t abnorm in hochlateralen ableitungen ,1,
 sinusrhythmus lagetyp normal qrs ( t ) abnormal anteroseptaler myokardschaden nicht auszuschliessen ,10,
 supraventrikuläre extrasystole ( n ) sinus arrhythmie lagetyp normal sonst normales ecg ,3,
 sinusrhythmus av block i linkstyp qrs ( t ) abnormal septaler infarkt nicht auszuschliessen inferiorer infarkt wahrscheinlich alt ,1,
 sinusrhythmus lagetyp normal r - s #bergang in v ableitungen nach rechts verschoben unvollständiger rechtsschenkelblock qrs ( t ) abnormal hochlateraler infarkt möglich ,2,
 sinus arrhythmie p - verbreiterung lagetyp normal ,1,
 sinusrhythmus linkstyp unvollständiger rechtsschenkelblock qrs ( t ) abnorm lateraler myokardschaden möglich ,1,
 resp sinusarrhythmie llt normales ecg ,1,
 sinusrhythmus normales ecg av block i rhythm ob ,1,
 trace only requested edit imi xxxx ,1,
 sinusrhythmus lagetyp normal t abnorm in inferioren ableitungen ,7,
 sinusrhythmus linkstyp qrs ( t ) abnormal septaler infarkt nicht auszuschliessen ,2,
 sinusrhythmus linkstyp qrs ( t ) abnormal anterolateraler infarkt möglich ,1,
 sinusrhythmus linkstyp qrs ( t ) abnorm anteroseptaler myokardschaden nicht auszuschliessen ,1,
 sinusrhythmus rechtstyp ,1,
 förmaksflimmer ventrikulära extraslag gammal anteroseptal myokardskada misstänkt hög lateral myokardskada st and t förändring anterolateralt och inferolateralt såsom vid ischemi vänster kammarbelastning eller digitalis - påverkan ,1,
 sinusbradykardi extrem vänster el - axel såsom vid vänster främre fascicular block ,1,
 sinustachykardi avvikande qrs ( t ) förlopp anteroseptal infarkt sannolikt äldre ,1,
 sinusrhythmus verdacht auf p - sinistrocardiale linkstyp r - s #bergang in v ableitungen nach rechts verschoben ,1,
 supraventrikuläre tachykardie rechtstyp linksposteriorer fascicular block st and t abnormal wahrscheinlich anteriore ischämie oder linksbelastung inferolaterale ischämie oder linksbelastung ,1,
 sinusrhythmus lagetyp normal r - s #bergang in v ableitungen nach rechts verschoben sonst normales ecg ,5,
 sinusbradykardie lagetyp normal sonst normales ecg ,34,
 sinusrhythmus mässige amplitudenkriterien f#r linkshypertrophie ,7,
 sinusrhythmus verdacht auf p - sinistrocardiale lagetyp normal qrs ( t ) abnorm anteroseptaler infarkt wahrscheinlich alt ,1,
 av - knotenrhythmus ,1,
 supraventrikuläre extrasystole ( n ) sinus arrhythmie linkstyp unvollständiger rechtsschenkelblock unspezifisch abnormes st and t ( hebung ) sonst normales ecg ,1,
 sinusrhythmus p - sinistrocardiale lagetyp normal ,33,
 ventrikuläre extrasystole ( n ) sinusrhythmus verdacht auf p - sinistrocardiale lagetyp normal qrs ( t ) abnorm inferiorer myokardschaden möglich ,1,
 sinusrytm ventrikulära extraslag t - förändring v5 - v6 samt avl och i såsom vid lateral subendokardiell myokardaffektion ålder ej bestämbar ,1,
 sinusrytm misstänkt hypertrofi av vänster förmak vänster el - axel vänstersidigt skänkelblock ,2,
 sinusrytm p förlängd vänster el - axel avvikande qrs ( t ) förlopp inferior infarkt ålder ej bestämmbar ,1,
 sinusrytm extrem vänster el - axel ospecifikt inkomplett skänkelblock avvikande qrs ( t ) förlopp anteroseptal infarkt sannolikt äldre inferior infarkt sannolikt äldre st and t sänkning såsom vid hög lateral ischemi eller vänster belastning ,1,
 sinusrytm av block i p förlängd ospecifik t - förändring ! ,1,
 sinusrytm misstänkt hypertrofi av vänster förmak t - förändring antero - infero lateralt såsom vid subendokardiell myokardaffektion ålder ej bestämbar ,1,
 sinusrytm avvikande qrs ( t ) förlopp septal infarkt kan ej uteslutas ,1,
 sinusrytm ventrikulära extraslag inget säkert patologiskt ,1,
 sinusrytm extrem vänster el - axel vänstersidigt skänkelblock ,4,
 sinusrytm misstänkt hypertrofi av vänster förmak ospecifikt skänkelblock ,2,
 sinusrytm avvikande qrs ( t ) förlopp inferior infarkt bör övervägas ,1,
 ventrikulär ( a ) extrasystoli ( er ) interpolerade ventrikulär ( a ) extrasystoli ( er ) sinustachykardi misstänkt vänster kammarhypertrofi ,1,
 sinusrytm t - förändring såsom vid lateral myokardaffektion qt förlängd ,1,
 förmaksflimmer - fladder vänster el - axel ospecifikt skänkelblock misstänkt vänster kammarhypertrofi avvikande qrs ( t ) förlopp anteroseptal myokardskada kan ej uteslutas ,1,
 sinusrytm bröstavledningarnas r - s transition förskjuten åt höger avvikande qrs ( t ) förlopp inferior infarkt ålder ej bestämmbar t - förändring såsom vid anterolateral myokardaffektion ,1,
 sinusbradykardi misstänkt vänster kammarhypertrofi avvikande qrs ( t ) förlopp anterior infarkt ålder ej bestämmbar hög lateral infarkt bör övervägas ,1,
 sinusrytm vänster el - axel gammal inferior infarkt abnorm r - progression v1 - v3 med patologisk låg r i v3 såsom vid gammal anteroseptal myokardskada ,1,
 sinusrytm intraventrikulärt retledningshinder ,2,
 supraventrikulär ( a ) extrasystoli ( er ) interpolerade supraventrikulär ( a ) extrasystoli ( er ) sinusrytm extrem vänster el - axel vänster anteriort fascicular block högersidigt skänkelblock bifascikulärt block avvikande qrs ( t ) förlopp anteroseptal myokardskada bör öve ,1,
 ventrikulär ( a ) extrasystoli ( er ) förmaksflimmer - fladder st and t sänkning såsom vid anterolateral ischemi eller vänster belastning inferolateral ischemi eller vänster belastning ,1,
 sinusrytm höger el - axel avvikande qrs ( t ) förlopp anterior infarkt ålder ej bestämmbar ,1,
 sinusrytm avvikande qrs ( t ) förlopp anterior infarkt sannolikt äldre inferior infarkt bör övervägas ,1,
 ventrikulär ( a ) extrasystoli ( er ) supraventrikulär ( a ) extrasystoli ( er ) sinustachykardi extrem vänster el - axel ospecifikt inkomplett skänkelblock vänster kammarhypertrofi ,1,
 sinusrytm extrem vänster el - axel vänster anteriort fascicular block inkomplett högersidigt skänkelblock ,1,
 sinusrytm p förlängd vänster el - axel t - förändring såsom vid inferior myokardaffektion ,1,
 sinus arytmi vänster el - axel litet intraventrikulärt retledningshinder ,1,
 sinusrytm misstänkt hypertrofi av vänster förmak t - förändring såsom vid anterolateral myokardaffektion inferolateral myokardaffektion ,1,
 sinusrytm högersidigt skänkelblock avvikande qrs ( t ) förlopp anterior infarkt sannolikt äldre hög lateral infarkt bör övervägas inferior myokardskada kan ej uteslutas edit asmi xxxx lmi xxxx crbbb ( asmi xxxx crbbb ) ,1,
 förmaksflimmer med hög kammarfrekvens utbredda st - sänkningar anteriort lateralt och inferiort såsom vid pågående ischemi nytillkommit sedan xxxx ,1,
 sinusrytm gammal inferior infarkt lätta st and t förändringar anterolateralt såsom vid ischemi eller vänster kammar - belastning ,1,
 sinus arytmi ospecifik t - förändring ,1,
 sinusrhythmus linkstyp keine anzeichen fuer le langsame r - progression v1 - xxxx normales ecg ,1,
 sinusrytm supraventrikulära extraslag extrem vänster el - axel ospecifikt skänkelblock gammal anteroseptal myokardskada gammal hög lateral myokardskada ,1,
 sinusrytm extrem vänster el - axel gammal anteroseptal infarkt st and t förändringar anterolateralt och inferolateralt såsom vid ischemi vänster kammarbelastning eller digitalispåverkan ,1,
 sinustachykardi höger el - axel högersidigt skänkelblock avvikande qrs ( t ) förlopp inferior infarkt bör övervägas ,1,
 sinusrhythmus linkstyp überdreht chron antero - infero - apikaler infarkt möglich ( q in ii iii v4 - xxxx ) st - hebung in v1 - xxxx ( aneurysma bekannt ) fehlende r - progression über vorderwand ,1,
 sinusrhythmus lagetyp normal u - welle in v2 - xxxx ,2,
 sinusrhythmus lagetyp normal rechtsschenkelblock ,14,
 sinusrhythmus lagetyp normal p biphasisch in v1 iii avl t hoch und spitz in v2 ,1,
 sinusrhythmus linkstyp qrs ( t ) abnorm inferiorer infarkt möglich ,5,
 sinusrhythmus ob ,3,
 sinusrhythmus av block i ueberdrehter linkstyp part rsb lahb st - hebung in v2 - xxxx t spitz in v4 - xxxx ,1,
 sin - arrhy linkstyp rechtsschenkelblock ,1,
 sinus arrhythmie av block i lagetyp normal ,3,
 supraventrikuläre extrasystole ( n ) sinusrhythmus linkstyp ,1,
 sinusrhythmus p - verbreiterung lagetyp normal unspezifische intraventrikuläre leitungsstörung ,1,
 sinusrhythmus lagetyp normal t flach in v1 biphasisch in v2 - xxxx ,1,
 sinusrhythmus lagetyp normal intraventr leitungsstörung in ii avf q in v1 schlechte r - progression st - senkung in v5 v6 path ecg ,1,
 sinusrhythmus linkstyp st - hebung diskret über v1 - v3 t hoch in v2 iii normales ecg ,1,
 sinusrhythmus überdrehter linkstyp übergangszone verschoben nach links vollständiger rechts schenkelbolck links anteriorer fascicular block subkutaner anteriorer infarkt sicher vorhofüberbelastung links pathologische repolarisation st - hebung über v3 v4 v5 t neg ,1,
 sinusrhythmus mlt flaches t in iii l v1 normales ecg ,1,
 sinusrhythmus lagetyp normal verzögerte r - progression über vorderwand ,1,
 tachykardes vorhofflimmern ueberdrehter linkstyp vollständiger links schenkelblock fehlende r - progression über vorderwand ,1,
 sinusrhythmus lagetyp normal q in iii avf ,1,
 sinusrhythmus lagetyp normal qrs ( t ) abnormal anteroseptaler infarkt alter unbest path repolarisation pathologisch ,1,
 sinustachykardie rechtstyp sonst normales ecg ,1,
 sinusrhythmus lagetyp normal st - hebung diskret v3 ecg normal ,1,
 bradykardie sinus lagetyp normal intraventr leitungsstoerung i v3 schlechte r - progression v1 - v3 t - veraenderungen neg in l v1 ecg wahrscheinlich normal ,1,
 sinusrhythmus linkstyp intraventr leitungsstoerung v1 v2 iii f st - senkung asc v2 t - veraenderungen hoch in v2 grenzbefund ,1,
 steiltyp wandernder schrittmacher av - block xxxx grades intraventr leitungsstoerung avl st - hebung v2 ,1,
 sinusrhythmus linkstyp st - hebung in v2 biphasisches t in iii neg in v1 normales ecg ,1,
 sinusrhythmus linkstyp überdreht t flach in v3 - xxxx neg in ii v1 ,1,
 ventrikuläre extrasystole ( n ) uniform sinustachykardie llt vorhofsueberlastung rechts st - senkung in v3 - xxxx pathologisches ecg ,1,
 sinustachykardie lagetyp normal sonst normales ecg edit norm xxxx tachykardie norm xxxx ,1,
 sinusrhythmus av block i p - sinistrocardiale unvollständiger rechtsschenkelblock ,1,
 llt sinus mit av - rhythmus wechselnd diskrete st - senkung in v6 pathologisches ecg ,1,
 sinusrhythmus verdacht auf p - sinistrocardiale linkstyp ,4,
 sinusrhythmus av block i ueberdrehter linkstyp linksschenkelblock st - hebung in v1 xxxx pathologisches ecg ,1,
 sinusrhythmus lagetyp normal neg t in v1 wahrscheinlich normales ecg ,1,
 llt sr flaches t in i iii l r verzögerte r - progression wahrscheinlich normales ecg ,1,
 supraventrikuläre extrasystole ( n ) sinusrhythmus lagetyp normal sonst normales ecg ,21,
 sinusrhythmus llt av - block xxxx grades chron inferiorer infarkt möglich ,1,
 sinusrhythmus llt chronischer inferiorer infarkt möglich q in iii f hohes t in v2 xxxx pathologisches ecg ,1,
 sinusrhythmus lagetyp normal st and t abnorm wahrscheinlich inferiore ischämie oder linksbelastung ,1,
 sinusrhythmus lagetyp normal spitzes t in i ii f v2 - xxxx normales ecg ,1,
 sinusrhythmus av block i linkstyp linksschenkelblock st - hebung v1 - v4 st - senkung v2 - v6 ecg pathologisch ,1,
 sinusrhythmus verdacht auf p - sinistrocardiale linkstyp unspezifisches abnormes t ,1,
 sinusrhythmus llt q - in iii normales ecg ,1,
 sinusrhythmus ueberdrehter linkstyp schenkelblock links ant fascicular block st and t abnormal wahrscheinlich pathologisch ,1,
 sinusbradykardie warnender schrittmacher linkstyp linksschenkelblock kammerhypertrophie pathologisch ,1,
 sinusrhythmus av block i llt st - senkung in ( i ii avl ) v4 - v6 t - veraenderungen in v2 - v4 biphas pathologisches ecg ,1,
 sinusrhythmus av block i llt st - hebung in avr iii st - senkung in i ii v4 - v6 t - veraenderungen biphas in v2 - v6 pathologisches ecg ,1,
 unregelmässiger rhythmus keine p - welle erkannt ueberdrehter linkstyp linksanteriorer fascicular block rechtsschenkelblock bifaszikulärer block qrs ( t ) abnormal sinusbradykardie supraventr extrasystolen pathologisch ,1,
 sinusrhythmus linkstyp intraventr leitungsstoerung avl iii normales ecg ,1,
 mlt rechts v2 vorhof - es partieller schenkelblock rechts st - hebung ecg grenzbefund ,1,
 sinusrhythmus p - sinistrocardiale lagetyp normal mässige amplitudenkriterien f#r linkshypertrophie ,2,
 sinusrhythmus lagetyp normal qrs ( t ) abnormal vorhof es st and t abnormal wahrscheinlich anterolaterale ischämie oder linksbelastung pathologisch ,1,
 sinusrhythmus linkslage verlangsamte r - progression part rsb t - veraenderungen flach in v5 xxxx ,1,
 sinusrhythmus mittellagetyp rechts ( v2 ) rechts vollständiger schenkelblock intraventr leitungsstörung st - senkung v1 - v5 pathologisches ecg ,1,
 supraventrikuläre extrasystole ( n ) sinusrhythmus p - sinistrocardiale lagetyp normal unvollständiger rechtsschenkelblock unspezifisch abnormes st and t ( hebung ) ,1,
 sinusrhythmus llt normales ecg ,17,
 sinusrhythmus linkstyp inferiorer infarkt chronisch sicher st - hebung ii iii f t - veränderungen flach v1 v6 pathologisches ecg ,1,
 sinustachykardie llt links t - veraenderungen neg in v4 xxxx chronischer anteroseptaler infarkt möglich pathologisches ecg ,1,
 sinusbradykardie ueberdrehter linkstyp st - hebung - t - veraenderungen av - block xxxx grades linksanteriorer fascicular block ecg pathologisch ,1,
 sinusbradykardie mlt st - senkung neg t - veraenderungen in i avl v4 - xxxx pathologisches ecg ,1,
 sinusrhythmus lagetyp normal vorhofsueberlastung links moeglich normal ,1,
 sinusarrhythmie ( fragl resp ) linkstyp qrs ( t ) abnormal inferiorer infarkt wahrscheinlich alt st - hebung in v2 ,1,
 sinusrhythmus verdacht auf p - sinistrocardiale ueberdrehter linkstyp linksanteriorer fascicular block ,1,
 sinusrhythmus ueberdrehter linkstyp periphere niederspannung lahb möglich chron inferiorer infarkt möglich fehlende r - progression v2 - xxxx ,1,
 sinusrhythmus lagetyp normal qrs ( t ) abnormal hochlateraler infarkt möglich ,29,
 sinusrhythmus linkstyp periphere niederspannung qrs ( t ) abnormal anteroseptaler infarkt alter unbest t biphasisch in v2 - xxxx neg in i avl ,1,
 sinustachykardie linkstyp qrs ( t ) abnormal inferiorer myokardschaden möglich ,1,
 sinusbradykardie steiltyp ecg normal ,1,
 tachykardes vorhofflimmern linkstyp kammerhypertrophie links sicher st - senkung in v5 - v6 fehlende r - progression in v1 - v3 ecg pathologisch ,1,
 vorhofflattern mit wechselnder überleitung llt t zeitweise spitz in v2 - v4 ,1,
 sinus arrhythmie linkstyp unspezifische intraventrikuläre leitungsstörung ,1,
 sinusbradykardie linkstyp t negativ in iii v1 t abgeflacht in avf xxxx - zipfliges p xxxx sec negatives p in iii avf ,1,
 normokardes bis tachykardes vorhofflimmern ueberdrehter linkstyp linksanteriorer fascicular block st - senkung über i avl t spitz zulaufend in v2 v5 ,1,
 sinusrhythmus mlt t insgesamt flach normales ecg ,1,
 supraventrikuläre extrasystole ( n ) sinusrhythmus wandernder schrittmacher linkstyp pathologisches ecg ,1,
 sinusbradykardie linkstyp sonst normales ecg ,14,
 sinustachykardie lagetyp normal sonst normales ecg ,31,
 sinusrhythmus respiratorische arrhythmie slt wahrscheinlich normales ecg ,1,
 sinusbradykardie lagetyp normal normales ecg ,23,
 vorhofflimmern - flattern lagetyp normal qrs ( t ) abnorm anteroseptaler myokardschaden ,1,
 sinustachykardie ueberdrehter linkstyp linksanteriorer fascicular block qrs ( t ) abnormal anteroseptaler infarkt wahrscheinlich alt st and t abnormal pathologisch ,1,
 sinusrhythmus linkstyp unspezifisches abnormales t wahrscheinlich normal ,1,
 ventrikuläre extrasystole ( n ) sinustachykardie lagetyp normal unspezifisches abnormales t pathologisch ,1,
 sinusrhythmus lagetyp normal unspezifisches abnormales t qt - verlängerung ,6,
 sinusrhythmus lagetyp normal path repolarisation normal ,1,
 sinusrhythmus ueberdrehter linkstyp rechtsschenkelblock qrs ( t ) abnormal supraventr extrasystolen pathologisch ,1,
 sinusrhythmus lagetyp normal unspezifische intraventrikuläre leitungsstörung ,7,
 sinus arrhythmie lagetyp normal linksschenkelblock ,1,
 sinusrhythmus lagetyp normal unvollständiger rechtsschenkelblock intraventr leitungsstoerung pathologisch ,1,
 supraventrikuläre extrasystole ( n ) sinusrhythmus linkstyp qrs ( t ) abnormal posteriorer inferiorer infarkt alter unbest pathologisch ,1,
 sinusrhythmus lagetyp normal ,17,
 sinusrhythmus linkstyp linksschenkelblock ,10,
 sinusrhythmus lagetyp normal mässige amplitudenkriterien f#r linkshypertrophie t abnorm in hochlateralen ableitungen ,1,
 sinusrhythmus unspezifisches abnormales t qt - verlängerung ,2,
 normokardes vorhofflimmern - flattern ueberdrehter linkstyp lahb ,1,
 sinusbradykardie lagetyp normal sonst normales ecg fehlende r - progression in v1 - xxxx ,1,
 vorhofflimmern - flattern lagetyp normal st and t abnormal wahrscheinlich anterolaterale ischämie oder linksbelastung inferolaterale ischämie oder linksbelastung ,2,
 sinusrhythmus verdacht auf p - sinistrocardiale ueberdrehter linkstyp ,2,
 sinusrhythmus p - sinistrocardiale ueberdrehter linkstyp linksanteriorer fascicular block qrs ( t ) abnorm lateraler myokardschaden nicht auszuschliessen ,1,
 sinusbradykardie linkstyp periphere niederspannung ,1,
 sinusrhythmus linkslagetyp intraventr leitungsstörung in ii iii avf normales ecg ,1,
 linkslagetyp sinustachykardie > xxxx - min vorhof - es z t in bigeminie intraventr leitungsstörung in iii avf st - hebung in v1 st - senkung in i v2 - v5 t neg in avl path ecg ,1,
 sinusrhythmus lagetyp normal qrs ( t ) abnormal ,4,
 sinusrhythmus ueberdrehter linkstyp linksanteriorer fascicular block path ecg ,3,
 seitenlagetyp sinustachykardie av block i intraventr leitungsstörung in i ii iii avr avl v1 v4 - xxxx linkshypertrophie t biphasisch in v5 v6 t neg in ii iii avf vd auf ischamie inferior path ecg ,1,
 sinusrhythmus lagetyp normal t biphasisch in v4 t flach in v5 i iii avl path ecg ,1,
 sinusbradykardie llt wahrscheinlich normales ecg ,1,
 sinusbradykardie llt normales ecg ,4,
 tachykardes vorhofflimmern llt periphere niederspannung st - senkung in v3 - xxxx ,1,
 sinusrhythmus lagetyp normal normales ecg q in iii intraventr leitungsstoerung f ,1,
 sinusbradykardie lagetyp normal normales ecg intraventr leitungsstoerung iii l st - hebung t - veraenderungen v2 v3 xxxx - v6 ,1,
 vorhofflimmern - flattern rechtstyp linksposteriorer fascicular block ,1,
 sinusrhythmus lagetyp normal intraventr leitungsstoerung iii f ecg normal ,1,
 sinusrhythmus linkstyp intraventr leitungsstoerung avf inferiorer infarkt chronisch moeglich ecg pathologisch ,1,
 vorhofflattern steiltyp ecg pathologisch ,1,
 sinusrhythmus lagetyp normal unvollständiger rechtsschenkelblock grenzbefund ,1,
 trace only requested edit norm xxxx irbbb tor v6baselinewanderung ,1,
 sinusrhythmus p - sinistrocardiale linkstyp qrs ( t ) abnormal anteroseptaler infarkt alter unbest st and t abnormal wahrscheinlich hochlaterale ischämie oder linksbelastung ,1,
 sinusrhythmus lagetyp normal intraventr leitungsstoerung iii v3 vorhofsueberbelastung links st - hebung v2 +v3 t - veraenderungen hohes t v2 + v3 grenzwertige pq - zeit grenzbefund ,1,
 sinusrhythmus lagetyp normal qrs ( t ) abnormal wahrscheinlich normal ,3,
 sinusrhythmus av block i lagetyp normal periphere niederspannung qt - verlängerung pathologisch ,1,
 sinusrhythmus lagetyp normal q in ii iii avf schlechte r - progression wahrscheinlich normal ,1,
 sinusrhythmus ueberdrehter linkstyp linksanteriorer fascicular block qrs ( t ) abnormal pathologisch ,3,
 sinusbradykardie slt rechts t - veraenderungen in v1 v2 pathologisches ecg ,1,
 sinustachykardie llt av - block xxxx grades pathologisches ecg ,1,
 lagetyp normal normales ecg ,1,
 sinusrhythmus llt rechts t - veraenderungen flach in v1 iii avf erhoeht in v2 - xxxx sonst normales ecg ,1,
 sinusrhythmus ueberdrehter linkstyp vollständiger linksschenkelblock t - veränderungen avl pathologisches ecg ,1,
 sinus arrhythmie sinusrhythmus supraventr extrasystolen vorhofs - es linkslagetyp st - hebung v1 - xxxx t - veränderungen flch in iii pathologisches ecg ,1,
 sinusrhythmus llt flache t in iii avf pathologisches ecg ,1,
 sinusrhythmus lagetyp normal r - s #bergang in v ableitungen nach rechts verschoben unvollständiger rechtsschenkelblock sonst normales ecg ,2,
 sinusrhythmus schenkelblock partiell rechts lagetyp normal qrs ( t ) abnormal grenzbefund ,1,
 sinusrhythmus llt flache t inii avf v5 neg t in v1 - xxxx wahrscheinlich normales ecg ,1,
 sinustachykardie lagetyp normal periphere niederspannung ,3,
 sinusbradykardie av block i llt pathologsiches ecg ,1,
 sinusrhythmus linkstyp unspezifisches abnormales t qt - verlängerung ,5,
 supraventrikuläre extrasystole ( n ) sinustachykardie llt linke vorhofsüberbelastung pathologisches ecg ,1,
 sinusrhythmus linkstyp linksschenkelblock linkshypertrophie möglich ,4,
 sinusrhythmus lagetyp normal unvollständiger rechtsschenkelblock qrs ( t ) abnorm hochlateraler myokardschaden nicht auszuschliessen ,1,
 sinus arrhythmie lagetyp normal unvollständiger rechtsschenkelblock sonst normales ecg ,6,
 bradykardie sinus intraventr leitungsstoerung ii iii avr avl avf v1 xxxx st - hebung v2 xxxx t - veraenderungen ueberhoeht v2 - v4 ecg normal ,1,
 sinusrhythmus linkstyp intraventr leitungsstoerung path repolarisation normal ,1,
 sinusrhythmus lagetyp normal verminderte r - progression wahrscheinlich normales ecg ,1,
 sinusbradykardie linkstyp normales ecg ,4,
 sinusrhythmus rechtsschenkelblock ,2,
 supraventrikuläre extrasystole ( n ) sinusrhythmus lagetyp normal ,1,
 sinusbradykardie lagetyp normal intraventr leitungsstoerung qrs ( t ) abnormal wahrscheinlich normal ,1,
 sinustachykardie steiltyp muldenförmige st - senkung inferior t negativ in iii v1 avf ,1,
 sinusrytm misstänkt hypertrofi av vänster förmak vänster el - axel ,1,
 sinusrhythmus lagetyp normal qrs ( t ) abnorm septaler infarkt nicht auszuschliessen ,1,
 sinusrhythmus linkstyp qrs ( t ) abnormal inferiorer myokardschaden nicht auszuschliessen ,1,
 sinusbradykardie lagetyp normal intraventr leitungsstoerung path repolarisation verzoegerte r - progression v1 - xxxx normal ,1,
 normokardes vorhoffllimmern linkstyp t flach in v1 - xxxx ,1,
 sinusrhythmus linkstyp linksschenkelblock t neg in avl ,1,
 sinusbradykardie lagetyp normal verzögerte r - progression v1 - xxxx t neg in avl ,1,
 sinusrhythmus lagetyp normal ves ,1,
 sinusrhythmus av block i lagetyp normal linkshypertrophie möglich t neg in v3 - xxxx avl i flach in ii biphasisch in iii avf ,1,
 sinusrhythmus lagetyp normal av - block i grades partieller rechtsschenkelblock t neg in iii v1 path ecg ,1,
 sinusbradykardie p - verbreiterung ,1,
 tachykardes vorhofflimmern linkstyp subakuter posteriorer infarkt möglich st - hebung in avr st - senkung in v2 - xxxx i ii avf ( innenschichtischämie ) ,1,
 vorhofflattern lagetyp normal unregelmässige abstände rr flimmer - flattern path ecg ,1,
 sinusrhythmus av block i verdacht auf p - sinistrocardiale linkstyp ,1,
 bradykardes vorhofflattern seitenlagetyp path ecg ,1,
 multiforme ventrikuläre extrasystole ( n ) mehr als xxxx - min sinustychykardie lagetyp normal path ecg ,1,
 sinusrhythmus lagetyp normal intraventr leitungsstörung in iii avl normales ecg ,1,
 sinustachykardie p - sinistrocardiale lagetyp normal st and t abnorm wahrscheinlich inferiore ischämie oder linksbelastung ,1,
 sinus arrhythmie verdacht auf p - sinistrocardiale lagetyp normal ,9,
 vorhofflimmern - flattern ueberdrehter rechtstyp qrs ( t ) abnorm lateraler myokardschaden t abnorm in anterioren ableitungen ,1,
 sinusbradykardie p - verbreiterung lagetyp normal st and t abnorm wahrscheinlich hochlaterale ischämie oder linksbelastung ,1,
 sinusrhythmus ueberdrehter rechtstyp qrs ( t ) abnorm lateraler myokardschaden t abnorm in anterioren ableitungen ,1,
 sinustachykardie linkstyp sonst normales ecg ,10,
 sinusrhythmus t abnormal wahrscheinlich anteriorer myokardschaden ,1,
 sinusrhythmus normales ecg nach xxxx hüben nitro rr xxxx !! druch hinter dem k brustbein weiterbestehend ecg s o xxxx min nach adalat xxxx mmhg langsame druckredukt ,1,
 trace only ,2,
 sinusbradykardie amplitudenkriterien f#r linkshypertrophie ,1,
 sinusrhythmus lagetyp normal qrs ( t ) abnorm anteroseptaler infarkt alter unbest ,3,
 sinusrhythmus lagetyp normal qrs ( t ) abnorm anterolateraler myokardschaden möglich ,2,
 slag med avvikande impulsutbredning sinus arytmi avvikande qrs ( t ) förlopp anteroseptal myokardskada kan ej uteslutas qt förlängd ,1,
 sinusrhythmus linkstyp qrs ( t ) abnormal anteroseptaler infarkt wahrscheinlich alt inferiorer myokardschaden nicht auszuschliessen ,1,
 supraventrikulär ( a ) extrasystoli ( er ) sinusrytm vänster kammarhypertrofi ,1,
 sinusrytm av block i vänster el - axel ospecifik t - förändringconsensus label derived from { 1avb xxxx ndt xxxx sr xxxx 0} { 1avb xxxx sr xxxx 0} ,1,
 sinusrhythmus verdacht auf p - sinistrocardiale lagetyp normal st and t abnormal wahrscheinlich anterolaterale ischämie oder linksbelastung inferiore ischämie oder linksbelastung t abnormal in anterioren ableitungen ,1,
 ysinusrhythmus lagetyp normal normales ecg ,1,
 förmaksflimmer med hög kammarfrekvens låga qrs amplituder i extremitetsavledningarna st and t sänkning såsom vid anterolateral ischemi eller vänster belastning ,1,
 sinusbradykardi av block i p förlängd extrem vänster el - axel vänster anteriort fascicular block st and t sänkning såsom vid anterolateral ischemi eller vänster belastning inferolateral ischemi eller vänster belastning ,1,
 trace only requested edit imi xxxx isc xxxx ecg sehr frischer imi ( imi xxxx iscan ) ,1,
 sinusrytm vänster el - axel t - vågs avflackning anteriort vilket är ospecifikt ,1,
 sinus arytmi t - förändring såsom vid hög lateral myokardaffektion ,1,
 förmaksflimmer - fladder vänster el - axel st and t sänkning såsom vid hög lateral ischemi eller vänster belastning t - förändring såsom vid lateral myokardaffektion inferolateral myokardaffektion ,1,
 sinusrytm vänster el - axel st and t sänkning såsom vid hög lateral ischemi eller vänster belastning ,2,
 sinusrytm vänster el - axel avvikande qrs ( t ) förlopp hög lateral infarkt bör övervägas ,2,
 sinusrytm låga qrs amplituder i extremitetsavledningarna avvikande qrs ( t ) förlopp hög lateral infarkt bör övervägas st and t sänkning såsom vid lateral ischemi eller vänster belastning ,1,
 sinusrytm gammal anterior infarkt ,1,
 sinusrytm misstänkt hypertrofi av vänster förmak extrem vänster el - axel vänster anteriort fascicular block ospecifik t - förändring ,1,
 sinusrytm misstänkt vänster förmakshypertrofi med belastning vänster el - axel ,1,
 slag med avvikande impulsutbredning ventrikulär ( a ) extrasystoli ( er ) ventrikulär ( a ) escape complex ( s ) supraventrikulär ( a ) extrasystoli ( er ) supraventrikulär ( a ) escape complex ( s ) interpolerade supraventrikulär ( a ) extrasystoli ( er ) sinustachykardi hypertrofi av väns ,1,
 slag med avvikande impulsutbredning sinusrytm av block i avvikande qrs ( t ) förlopp anteroseptal infarkt ålder ej bestämmbar t - förändring såsom vid anterior myokardaffektion lateral myokardaffektion inferolateral myokardaffektion ,1,
 sinusrytm extrem vänster el - axel såsom vid vänster främrte fascicular block högersidigt skänkelblock således bifascikulärt block med ökad risk för totalt av - block ,1,
 sinusrytm p förlängd extrem vänster el - axel vänster anteriort fascicular block st and t sänkning såsom vid hög lateral ischemi eller vänster belastning t - förändring såsom vid anterior myokardaffektion inferolateral myokardaffektion ,1,
 supraventrikulär ( a ) extrasystoli ( er ) sinusrytm eljest normalt ecg ,2,
 av - block - i lah genomgangen anterolateral myokardskada uttalad st - sankning over fra mv agen ischemi pagaende infarkt ,1,
 sinus arytmi vänster el - axel eljest normalt ecg ,1,
 sinusrytm inkomplett högersidigt skänkelblock avvikande qrs ( t ) förlopp hög lateral infarkt bör övervägas ,1,
 regelbunden rytm inga p - våg funna extrem vänster el - axel vänstersidigt skänkelblock ,1,
 sinusrytm av block i extrem vänster el - axel såsom vid vänster främre fascicular block gammal anteroseptal infarkt och hög lateral infarkt t - förändringar anteriort såsom vid subendo - kardiell myokardaffektion troligen färsk! st and t förändringar lateralt såsom vid ,1,
 förmaksflimmer med hög kammarfrekvens vänster el - axel t - förändring såsom vid hög lateral myokardaffektion ,1,
 sinusrytm av block i vänster el - axel avvikande qrs ( t ) förlopp inferior infarkt sannolikt äldre st and t sänkning såsom vid anterolateral ischemi eller vänster belastning ,1,
 sinusrytm extrem vänster el - axel vänster anteriort fascicular block avvikande qrs ( t ) förlopp anteroseptal infarkt ålder ej bestämmbar t - förändring såsom vid anterior myokardaffektion inferior myokardaffektion ,1,
 sinusrhythmus av - block xxxx grades lagetyp normal linkshypertrophie st - hebung in v1 - xxxx st - senkung in v5 - xxxx t hoch in v2 - xxxx t neg in v5 - xxxx verzögerte r - progression über vorderwand ,1,
 sinusrytm avvikande qrs ( t ) förlopp hög lateral infarkt bör övervägas inferior myokardskada bör övervägas ,1,
 sinusbradykardie lagetyp normal t neg in v1 normales ecg ,1,
 sinusrhythmus lagetyp normal linksposteriorer fascicular block ,1,
 sinusbradykardie lagetyp normal qrs ( t ) abnormal langsame r - progression wahrscheinlich normal ,1,
 sinusbradykardi t - förändring såsom vid hög lateral myokardaffektion ,1,
 supraventrikulär ( a ) extrasystoli ( er ) supraventrikulär ( a ) escape complex ( s ) interpolerade supraventrikulär ( a ) extrasystoli ( er ) regelbunden rytm inga p - våg funna extrem vänster el - axel vänster anteriort fascicular block högersidigt skänkelblock bifascikulärt block ,1,
 sinus arytmi p förlängd vänster el - axel måttliga amplitudkrit för vänster kammarkhypertrofi st and t sänkning såsom vid lateral ischemi eller vänster belastning inferolateral ischemi eller vänster belastning ! ,1,
 sinusrhythmus linkstyp qrs ( t ) abnormal inferiorer infarkt alter unbest ves t neg in iii avf v4 - xxxx ,1,
 sinusrytm av block i p förlängd vänster el - axel ,1,
 sinusrhythmus verdacht auf p - sinistrocardiale lagetyp normal st and t abnorm wahrscheinlich inferiore ischämie oder linksbelastung ,1,
 sinusrhythmus verdacht auf p - sinistrocardiale lagetyp normal unvollständiger rechtsschenkelblock mässige amplitudenkriterien f#r linkshypertrophie st and t abnorm wahrscheinlich inferiore ischämie oder linksbelastung ,1,
 sinusrhythmus lagetyp normal st - hebung in v2 - xxxx normales ecg ,1,
 sinus arrhythmie rechtstyp kompl rsb t neg in v1 - xxxx avr flach in avl ,1,
 ventrikuläre extrasystole ( n ) sinusrhythmus linkstyp ,1,
 sinusrhythmus linkstyp st - senkung in v2 - xxxx vorderwandischämie vd a khk ,1,
 sinusrhythmus st and t abnormal wahrscheinlich inferiore ischämie oder linksbelastung ,2,
 sinusrhythmus lagetyp normal normales ecg st - hebung in v2 - v3 ,1,
 sinusrhythmus linkstyp flaches p in bw - ableitung flaches t in avl neg t in v1 wahrscheinlich normales ecg ,1,
 sinusrhythmus ueberdrehter linkstyp unvollständiger rechtsschenkelblock ,1,
 sinusbradykardie lagetyp normal auffallend hohes r in v2 dd elektrodenlage oder st n post infarkt ,1,
 sinusrhythmus av block i lagetyp normal ,16,
 sinusrhythmus lagetyp normal linkshypertrophie t - veraenderungen schlechte r - progression grenzbefund ,1,
 sinusrhythmus linkstyp qrs ( t ) abnorm inferiorer infarkt möglich t abnorm in hochlateralen ableitungen ,1,
 sinusrhythmus av block i ueberdrehter linkstyp inferiorer infarkt chronisch sicher r - progression schlecht in v1 - v4 q in ii iii f v1 schenkelblock links ant fascicular block ,1,
 sinusrhythmus lagetyp normal intraventr leitungsstoerung ii iii f schlechte r - progression v1 - v3 q in iii ( v1 ) st - senkung v6 t - veraenderungen hohes t in v3 grenzbefund ,1,
 sinusrhythmus av block i linkstyp rechtsschenkelblock ,1,
 supraventr extrasystolen vorhofs - es intraventr leitungsstoerung i ii g r sinusrhythmus t - veraenderungen flach in iii linkstyp grenzbefund ,1,
 sinusrhythmus lagetyp normal t abnorm in hochlateralen ableitungen ,10,
 tachykardes vorhofflimmern intraventr leitungsstoerung alle ablt ausser v2 - v6 schlechte r - progression v1 - v5 t - veraenderungen neg t v6 ecg pathologisch ,1,
 vorhofflattern mit xxxx ueberleitung ueberdrehter linkstyp path repolarisation st - hebung avr v1 st - senkung i ii avf v6 t - veraenderungen hoch in v1 v2 ,1,
 trace only requested edit clbbb ,1,
 sinusrhythmus ueberdrehter linkstyp intraventr leitungsstoerung i ii r l f v1 schlechte r - progression in v1 - v3 q in v st - hebung in v2 t - veraenderungen hoch in v2 - v4 grenzbefund ,1,
 ventrikuläre extrasystole ( n ) uniform supraventrikuläre extrasystole ( n ) vorhofs es sinusrhythmus infarkt inferior chronisch moeglich linksanteriorer fascicular block intraventr leitungss ,1,
 sinusrhythmus lagetyp normal normales ecg edit norm xxxx ( norm ) ,1,
 ruhe ecg zur ergometrie normokarder sr linkslagetyp partieller rechtsschen - kelblock in sitzender position biphasische - negative t in v1 - xxxx ergometrie der patient leistet über xxxx min xxxx watt ( soll xxxx ) adäquates bd - und pulsverhalten keine ischämieze ,1,
 sinusrhythmus linkstyp intraventr leitungsstoerung v4 keine r - progression v1 - v4 fragl q in iii + v1 biphas p in avl und v1 verzoegerte r - progression ueber vw ecg ,1,
 trace only requested edit ilmi xxxx tor ,1,
 llt vorhofflattern xxxx dd supraventr tachyarrhythmie vollständiger linksschenkelblock schlechte r - progression in v1 - xxxx st - hebung in v1 - xxxx st - senkung inv5 xxxx neg t lateral spitze pathologisches ecg ,1,
 sinusrhythmus schwierig bestimmbare qrs - achse unvollständiger rechtsschenkelblock ,4,
 tachykardes vorhofflimmern linkstyp linksschenkelblock q in v1 schlechte r - progression in v1 - xxxx st - hebung in v2 xxxx st - senkung in i v5 xxxx hohes t in v2 xxxx pathologsiches ecg ,1,
 ruhe - ecg zur belastung normales ruhe - ecg ekg unter belastung grenzbefund maximal belastung ( hf - min ) soll - arbeitskapazität erreicht ( xxxx watt ) keine signifikanten repolarisationsstörungen ,1,
 llt supraventr tachyarrhythmie vorhofflattern xxxx vollständiger linksschenkelblock pathologisches ecg ,1,
 ventrikuläre extrasystole ( n ) sinus arrhythmie lagetyp normal unspezifischer intraventrikulärer block ,1,
 sinusrhythmus vollständiger linksschenkelblock linksventrikuläre hypertrophie st - hebung in v1 xxxx neg t in i ii v4 - xxxx dd anteriorer infarkt fehlende r - progression in v1 - xxxx ,1,
 sinus arrhythmie qrs ( t ) abnormal septaler infarkt nicht auszuschliessen ,1,
 sinusrhythmus lagetyp normal normales ecg hohes spitzes t in v4 ,1,
 sinustachykardie llt schlechte r - progression in v1 - xxxx wahrscheinlich normales ecg ,1,
 sinustachykardie lagetyp normal sonst normales ecg edit norm xxxx ( f xxxx ) tachykardie ,1,
 sinusrhythmus lagetyp normal diskrete st - senkung in ii verzoegerte r - progression v1 - xxxx q in iii t flach bis biphasisch in extremitätenableitungen und über spitze ,1,
 ruhe - ecg zur belastung kompleter lsb pathologisches ecg unter belastung st - senkung in v6 ( wegen lsb nicht beurteilbar ) st - hebung in v2 supraventrikuläre tachyarrhythmie ,1,
 sinusrhythmus vollständiger links - schenkelblock st - hebung in v2 - xxxx t neg in l v4 - xxxx pathologisches ecg ,1,
 sinusrhythmus lagetyp normal ventr extrasystolen uniform intraventr leitungsstoerungen ii iii f v6 grenzbefund ,1,
 sinusrhythmus ueberdrehter linkstyp linksanteriorer fascicular block chronischer anteroseptaler infarkt möglich schlechte r - ptogression in v1 - xxxx q in v1 xxxx st - hebung in iii v1 - xxxx pathologisches ecg ,1,
 sinusrhythmus lagetyp normal intraventr leitungsstoerung ii iii l f t - veraenderungen neg in l ecg normal ,1,
 sinusrhythmus linkstyp unvollständiger rechtsschenkelblock qrs ( t ) abnormal anteroseptaler infarkt wahrscheinlich alt ,1,
 sinusrhythmus ueberdrehter linkstyp qrs ( t ) abnormal normal ,2,
 sinusrhythmus linkstyp qrs ( t ) abnormal inferiorer infarkt wahrscheinlich alt pathologisch ,2,
 ventrikuläre extrasystole ( n ) sinus arrhythmie lagetyp normal t abnormal in hochlateralen ableitungen pathologisch ,1,
 vorhofflimmern normocard llt st - hebung in avr st - senkung in i ii avl v4 - v6 digitalisveraenderung pathologisches ecg ,1,
 sinusrhythmus linkstyp av - block relativer t - veraenderungen pathologisch ,1,
 ventrikuläre extrasystole ( n ) bigeminie sinusrhythmus ueberdrehter rechtstyp unspezifische intraventrikuläre leitungsstörung part rsb subakuter vorderwandinfarkt ,1,
 sinusrhythmus llt verzoegerte r - progression in v1 - v3 st - senkung in v5 - v6 biphas t - veraenderungen in v2 - v6 pathologisches ecg ,1,
 sinusrhythmus lagetyp normal qrs ( t ) abnormal inferiorer infarkt wahrscheinlich alt pathologisch ,1,
 tachyarrhythmie vorhofflimmern tachykard rechtstyp überdreht vollständiger schenkelblock rechts pathologisches ecg ,1,
 sinusrhythmus lagetyp normal qrs ( t ) abnormal inferiorer infarkt alter unbest ,6,
 sinusrhythmus linkstyp st and t abnormal wahrscheinlich laterale ischämie oder linksbelastung ,2,
 sinusrhythmus linkstyp st and t abnormal wahrscheinlich anterolaterale ischämie oder linksbelastung t abnormal in anterioren ableitungen ,1,
 ventrikuläre extrasystole ( n ) sinusrhythmus lagetyp normal rechtsschenkelblock ,5,
 sinusrhythmus lagetyp normal st and t abnormal wahrscheinlich inferolaterale ischämie oder linksbelastung ,2,
 sinusbradykardie linkslagetyp normales ecg intraventr leitungsstörung v2 ,1,
 ventrikuläre extrasystole ( n ) sinusrhythmus lagetyp normal pathologisch ,1,
 sinusrhythmus p - sinistrocardiale lagetyp normal linkshypertrophie möglich ,2,
 sinusrhythmus indiff typ normales ecg ,1,
 sinusrhythmus mlt t - veraenderungen spitz in v2 - v5 wahrscheinlich normales ecg ,1,
 sinustachykardie av block i ueberdrehter linkstyp linksanteriorer fascicular block st and t abnormal wahrscheinlich hochlaterale ischämie oder linksbelastung ,1,
 sinusrhythmus ueberdrehter linkstyp unspezifisches abnormales t ,4,
 sinusrhythmus mlt rechts normales ecg ,2,
 sinusarrhythmus mlt st - senkung in v4 - xxxx ii iii avf pathologisches ecg ,1,
 sinusrhythmus lagetyp normal st and t abnormal wahrscheinlich ,1,
 sinusrhythmus av block i ueberdrehter linkstyp lah chron anteriorer infarkt möglich ,1,
 sinusrhythmus av block i linkstyp st and t abnormal wahrscheinlich hochlaterale ischämie oder linksbelastung ,2,
 sinusrhythmus linkstyp qrs ( t ) abnormal septaler infarkt nicht auszuschliessen inferiorer myokardschaden möglich t abnormal in hochlateralen ableitungen ,1,
 sinusrhythmus mlt t - veraenderungen neg in v1 iii biphasisch in v2 xxxx grenzbefund ,1,
 sinusarrhytmie ( resp ) linkstyp st - hebung in v2 t abgeflacht in iii ,1,
 sinusrhythmus linkstyp ecg normal ,1,
 sinustachykardie lagetyp normal unspezifisches abnormales t ,9,
 sinusbradykardie lagetyp normal ,2,
 sinusrhythmus linkstyp st - hebung über v2 v3 grenzbefund ,1,
 interponierte ventrikuläre extrasystole ( n ) sinus arrhythmie ueberdrehter linkstyp qrs ( t ) abnormal inferiorer infarkt wahrscheinlich alt ,1,
 sinusrhythmus mlt wahrscheinlich normales ecg ,4,
 sinusrhythmus lagetyp normal periphere niederspannung ,46,
 sinusrhythmus lagetyp normal amplitudenkriterien f#r linkshypertrophie ,10,
 trace only requested edit norm xxxx tor ( norm xxxx ) ,2,
 sinusrhythmus linkstyp t abnormal wahrscheinlich inferiorer myokardschaden ,1,
 tachykardes vorhofflimmern lagetyp normal st and t abnormal wahrscheinlich anterolaterale ischämie oder linksbelastung inferolaterale ischämie oder linksbelastung ,7,
 sinusrhythmus ueberdrehter linkstyp qrs ( t ) abnormal inferiorer infarkt möglich t abnormal in hochlateralen ableitungen ,1,
 tachykardes vorhofflimmern - flattern lagetyp normal t neg in ii iii avf biphasisch in v5 - xxxx st - hebung in v2 ,1,
 sinusrhythmus linkstyp qrs ( t ) abnorm inferiorer infarkt möglich st and t abnorm wahrscheinlich hochlaterale ischämie oder linksbelastung xxxx unbestätigter bericht ,1,
 sinusrhythmus av block i schwierig bestimmbare qrs - achse ,1,
 sinusrhythmus mlt t überhöht in v2 v3 q in v4 - v6 wahrscheinlich normales ecg ,1,
 sinusrhythmus st and t abnormal wahrscheinlich anterolaterale ischämie oder linksbelastung inferolaterale ischämie oder linksbelastung ,2,
 sinusrhythmus av block i llt ,1,
 sinusrhythmus überdrehter linkstyp links anteriorer fascicular block st - hebung über v2 v3 avr t flach in lateralen ableitungen schlechte r - progression in v1 - v3 pathologisches ecg ,1,
 sinus arrhythmie linkstyp qrs ( t ) abnormal inferiorer infarkt alter unbest ,1,
 sinusrhythmus linkstyp t - veraenderungen wahrscheinlich normal ,1,
 sinusbradykardie av block i p - verbreiterung lagetyp normal unspezifische abnormale st - senkung unspezifisches abnormales t pathologisch ,1,
 sinusrhythmus ueberdrehter linkstyp linksanteriorer fascicular block unvollständiger rechtsschenkelblock t abnormal in anterolateralen ableitungen inferolateralen ableitungen ,1,
 sinusrhythmus ueberdrehter linkstyp linksschenkelblock linkshypertrophie möglich ,4,
 sinusrhythmus linkstyp periphere niederspannung ,9,
 sinusrhythmus lagetyp normal unvollständiger rechtsschenkelblock unspezifisch abnormes st and t ( hebung ) sonst normales ecg ,2,
 sinus arrhythmie linkstyp periphere niederspannung ,3,
 sinusbradykardie lagetyp normal periphere niederspannung unspezifisches abnormales t wahrscheinlich normal ,1,
 sinusrhythmus p - sinistrocardiale linkstyp periphere niederspannung mässige amplitudenkriterien für linkshypertrophie qrs ( t ) abnorm inferiorer myokardschaden nicht auszuschliessen st and t abnorm wahrscheinlich anteriore ischämie oder linksbelastung xxxx ,1,
 sinusrhythmus av block i lagetyp normal qrs ( t ) abnorm anterolateraler myokardschaden möglich st and t abnorm wahrscheinlich inferolaterale ischämie oder linksbelastung xxxx unbestätigter bericht ,1,
 tachykardes vorhofflimmern linkstyp qrs ( t ) abnormal anteroseptaler infarkt wahrscheinlich alt inferiorer infarkt wahrscheinlich alt st and t abnormal wahrscheinlich anterolaterale ischämie oder linksbelastung ,1,
 sinusrhythmus lagetyp normal r - s übergang in v ableitungen nach rechts verschoben qrs ( t ) abnorm anterolateraler myokardschaden möglich xxxx unbestätigter bericht ,1,
 vorhofflimmern - flattern linkstyp periphere niederspannung qrs ( t ) abnormal anteroseptaler myokardschaden möglich inferiorer infarkt wahrscheinlich alt ,1,
 sinusrhythmus av block i p - verbreiterung linkstyp rechtsschenkelblock ,1,
 sinusrhythmus p - verbreiterung lagetyp normal ,12,
 sinusrhythmus ueberdrehter linkstyp r - s übergang in v ableitungen nach rechts verschoben linksanteriorer fascicular block unvollständiger rechtsschenkelblock qrs ( t ) abnorm anteroseptaler myokardschaden möglich ,1,
 sinusrhythmus lagetyp normal qt - verlängerung ,14,
 sinusrhythmus lagetyp normal unspezifische intraventrikuläre leitungsstörung qrs ( t ) abnormal inferiorer myokardschaden möglich st and t abnormal wahrscheinlich anterolaterale ischämie oder linksbelastung ,1,
 sinusrhythmus linkstyp normales ecg ,13,
 sinusrhythmus p - verbreiterung linkstyp qrs ( t ) abnormal anteroseptaler infarkt wahrscheinlich alt ,1,
 sinustachykardie ueberdrehter linkstyp ,2,
 sinusrhythmus lagetyp normal linkshypertrophie möglich ,8,
 sinusrhythmus verdacht auf p - sinistrocardiale linkstyp st and t abnorm wahrscheinlich hochlaterale ischämie oder linksbelastung ,1,
 sinusrhythmus linkstyp t abnormal in hochlateralen ableitungen ,4,
 sinus arrhythmie lagetyp normal mässige amplitudenkriterien f#r linkshypertrophie qrs ( t ) abnormal anterolateraler myokardschaden möglich st and t abnormal wahrscheinlich inferolaterale ischämie oder linksbelastung ,1,
 sinusrhythmus linkstyp chron inferiorer infarkt möglich schlechte r - progression ,1,
 brady - bis normokardes vorhofflimmern linkstyp linkshypertrophie möglich mit strain st - hebung in v1 - xxxx st - senkung desz in v5 muldenförmig in v6 ,1,
 sinusrhythmus av block i verdacht auf p - sinistrocardiale lagetyp normal ,2,
 sinusrhythmus linkstyp chron inferiorer infarkt ,1,
 sinusrhythmus normales lagetyp t flach in avf v3 t neg in v1 v2 wahrscheinlich normales ecg ,1,
 supraventrikuläre extrasystolen ( av vorhof ) normales ecg ,1,
 ventrikuläre extrasystole ( n ) sinusrhythmus linkstyp qrs ( t ) abnormal inferiorer infarkt möglich ,1,
 sinusrhythmus lagetyp normal st and t abnormal wahrscheinlich inferiore ischämie oder linksbelastung ,7,
 sinusrhythmus lagetyp normal periphere niederspannung sves ,1,
 sinusrhythmus lagetyp normal qrs ( t ) abnorm inferiorer myokardschaden nicht auszuschliessen ,5,
 vorhofflimmern - flattern ueberdrehter linkstyp linksanteriorer fascicular block st and t abnormal wahrscheinlich hochlaterale ischämie oder linksbelastung ,1,
 sinustachykardie llt sonst normales ecg ,1,
 sinusrhythmus lagetyp normal periphere niederspannung st and t abnormal wahrscheinlich anteriore ischämie oder linksbelastung ,1,
 sinustachykardie ueberdrehter linkstyp fehlende r - progression ueber vw ecg wahrscheinlich normal ,1,
 sinusbradykardie p - verbreiterung linkstyp ,1,
 sinustachykardie lagetyp normal t neg in iii ,1,
 vorhofflimmern - flattern lagetyp normal linkshypertrophie möglich ,1,
 interponierte supraventrikuläre extrasystole ( n ) sinustachykardie lagetyp normal sonst normales ecg ,1,
 sinusbradykardie lagetyp normal st - hebung in v2 - xxxx schlechte r - progression v2 - xxxx ,1,
 normokardes vorhofflimmern lagetyp normal t term neg in v1 flach in iii v2 - xxxx ,1,
 sinusrhythmus p - verbreiterung lagetyp normal qrs ( t ) abnorm anteroseptaler infarkt wahrscheinlich alt ,2,
 sinusrhythmus vorhofsueberbelastung links moeglich linkstyp ecg wahrscheinlich normal ,1,
 sinusrhythmus linkstyp infarkt lateral wahrscheinlich chronisch intraventr leitungsstoerung f ecg pathologisch ,1,
 tachykardes vorhofflimmern lagetyp normal periphere niederspannung unvollständiger linksschenkelblock qrs ( t ) abnormal anterolateraler myokardschaden möglich t abnormal in inferolateralen ableitungen ,1,
 sinusrhythmus ueberdrehter linkstyp keine r - progr v1 - v3 schenkelblock vollstaendig links st - hebung v1 - v3 t - veraenderungen neg v4 - v6 ecg pathologisch ,1,
 sinusrhythmus lagetyp normal normales ecg lage - q ,1,
 ventrikuläre extrasystole ( n ) sinusrhythmus ueberdrehter linkstyp linksschenkelblock av - block i grades st - hebung v1 - v3 t - veraenderungen neg i ii avl ecg pathologisch ,1,
 ventrikuläre extrasystole ( n ) sinus - bradykardie ueberdrehter linkstyp av - block i grades schenkelblock vollstaendig links intraventr leitungsstoerung ii iii avf st - hebung iii avf v1 - v3 st - senkung i avl v4 - v6 t - veraenderungen neg i avl v4 ,1,
 sinusrhythmus lagetyp normal normales ecg intraventr leitungsstoerung ii iii avf v1 ,1,
 ventrikuläre extrasystole ( n ) sinus arrhythmie linkstyp grenzbefund ,1,
 sinusrhythmus periphere niederspannung unspezifisches abnormales t ,3,
 sinusrhythmus lagetyp normal t abnormal in anterioren ableitungen inferioren ableitungen ,2,
 sinusrhythmus lagetyp normal t abnormal in hochlateralen ableitungen ,9,
 sinusrhythmus lagetyp normal unspezifische intraventrikuläre leitungsstörung qrs ( t ) abnormal hochlateraler infarkt möglich ,1,
 sinustachykardie av block i ueberdrehter linkstyp st and t abnormal wahrscheinlich hochlaterale ischämie oder linksbelastung ,1,
 supraventrikuläre extrasystole ( n ) sinusrhythmus lagetyp normal unvollständiger rechtsschenkelblock t abnormal in anteroseptalen ableitungen ,1,
 sinustachykardie rechtstyp linksposteriorer fascicular block rechtsschenkelblock bifaszikulärer block qrs ( t ) abnormal hochlateraler infarkt möglich inferiorer infarkt möglich ,1,
 sinus arrhythmie linkstyp unspezifisches abnormales t qt - verlängerung ,2,
 normokardes vorhofflimmern lagetyp normal chron anteroseptaler infarkt ,1,
 sinusrhythmus p - verbreiterung linkstyp qrs ( t ) abnormal inferiorer infarkt wahrscheinlich alt ,3,
 normokardes vorhofflimmern lagetyp normal st - senkung in v5 - xxxx dd linkshypertrophie mit strain ,1,
 tachykardes vorhofflimmern lagetyp normal mässige amplitudenkriterien f#r linkshypertrophie qrs ( t ) abnormal anteroseptaler myokardschaden nicht auszuschliessen st and t abnormal wahrscheinlich anterolaterale ischämie oder linksbelastung ,1,
 sinusrhythmus av block i linkstyp t abnormal in anterioren ableitungen ,1,
 supraventrikuläre extrasystole ( n ) sinusrhythmus av block i linkstyp st and t abnormal wahrscheinlich anteriore ischämie oder linksbelastung hochlaterale ischämie oder linksbelastung inferiore ischämie oder linksbelastung ,1,
 sinusrhythmus lagetyp normal t - veraenderungen hoch v2 v3 ecg normal ,1,
 tachykardes vorhofflimmern lagetyp normal st abnormal möglicherweise anteriorer innenschichtsschaden inferiorer innenschichtsschaden qt - verlängerung ,1,
 sinusrhythmus verdacht auf p - sinistrocardiale lagetyp normal unvollständiger rechtsschenkelblock ,11,
 ventrikuläre extrasystole ( n ) supraventrikuläre extrasystole ( n ) sinusrhythmus ueberdrehter linkstyp qrs ( t ) abnormal hochlateraler myokardschaden möglich qt - verlängerung ,1,
 sinusrhythmus lagetyp normal unspezifisches abnormales t normal ,3,
 supraventrikuläre extrasystole ( n ) sinusrhythmus lagetyp normal qrs ( t ) abnormal anteroseptaler myokardschaden nicht auszuschliessen ,1,
 sinusrhythmus lagetyp normal st and t abnormal wahrscheinlich inferiore ischämie oder linksbelastung t abnormal in anterioren ableitungen ,2,
 sinusrhythmus linkstyp unspezifisches abnormes t ,5,
 sinusrhythmus lagetyp normal unvollständiger rechtsschenkelblock qrs ( t ) abnormal pathologisch ,2,
 sinusrhythmus lagetyp normal qrs ( t ) abnorm inferiorer myokardschaden möglich ,9,
 vorhofflimmern - flattern lagetyp normal st and t abnormal wahrscheinlich anteriore ischämie oder linksbelastung laterale ischämie oder linksbelastung inferolaterale ischämie oder linksbelastung ,1,
 sinusrhythmus ueberdrehter linkstyp linksanteriorer fascicular block rechtsschenkelblock qrs ( t ) abnormal pathologisch ,1,
 sinusrhythmus mlt rechts pathologisches ecg ,1,
 sinustachykardie extrem ueberdrehter rechtstyp unspezifischer intraventrikulärer block rechtshypertrophie möglich qrs ( t ) abnormal inferiorer infarkt mögl akut ,1,
 sinusrhythmus p - verbreiterung lagetyp normal unspezifische intraventrikuläre leitungsstörung qrs ( t ) abnormal anteroseptaler myokardschaden nicht auszuschliessen st and t abnormal wahrscheinlich anterolaterale ischämie oder linksbelastung inferolat ,1,
 sinustachykardie linkstyp st and t abnormal wahrscheinlich hochlaterale ischämie oder linksbelastung ,1,
 sinusrhythmus ueberdrehter linkstyp linksanteriorer fascicular block schenkelblock t - veränderungen avl v1 v2 pathologisches ecg fehlende r - progression ,1,
 sinusrhythmus lagetyp normal t präterminal neg in v3 - xxxx flach in iii edit injas sokolow xxxx ( iscas ) ,1,
 ventrikuläre extrasystole ( n ) sinusrhythmus qrs ( t ) abnormal anteroseptaler myokardschaden nicht auszuschliessen ,1,
 sinusrhythmus p - verbreiterung lagetyp normal rechtsschenkelblock ,1,
 sinustachykardie linkstyp qrs ( t ) abnormal anteroseptaler infarkt wahrscheinlich alt st and t abnormal wahrscheinlich hochlaterale ischämie oder linksbelastung ,1,
 sinusrhythmus linkstyp qrs ( t ) abnormal inferiorer infarkt wahrscheinlich alt ,19,
 sinusrhythmus verdacht auf p - sinistrocardiale lagetyp normal r - s #bergang in v ableitungen nach rechts verschoben ,1,
 sinus arrhythmie lagetyp normal wahrscheinlich linksventrikel hypertrophie pathologisches ecg ,1,
 sinusrhythmus linkstyp neg t in iii v1 flache t in avf v2 wahrscheinlich normales ecg ,1,
 regelmässiger rhythmus keine p - welle erkannt lagetyp normal unvollständiger rechtsschenkelblock unspezifisches abnormales t ,1,
 sinusrhythmus lagetyp normal mässige amplitudenkriterien f#r linkshypertrophie qrs ( t ) abnormal anterolateraler myokardschaden nicht auszuschliessen ,1,
 sinusrhythmus lagetyp normal mässige amplitudenkriterien f#r linkshypertrophie t abnormal in anterioren ableitungen ,1,
 sinusrhythmus linkstyp periphere niederspannung qrs ( t ) abnormal anterolateraler myokardschaden nicht auszuschliessen ,1,
 sinusrhythmus lagetyp normal unspezifische abnormale st - senkung unspezifisches abnormales t ,9,
 supraventrikuläre extrasystole ( n ) sinusrhythmus linkstyp linksschenkelblock ,1,
 sinusbradykardie lagetyp normal st - hebung v1 - xxxx t - veränderung elektrolytstörung fraglich pq - zeit grenzwertig wahrscheinlich normales ecg ,1,
 sinusrhythmus llt normales egk ,1,
 sinusrhythmus lagetyp normal mässige amplitudenkriterien f#r linkshypertrophie ,4,
 sinusbradykardie llt t flach in avl neg in v1 normales ecg ,1,
 sinusrhythmus linkstyp st and t abnormal wahrscheinlich anterolaterale ischämie oder linksbelastung ,1,
 supraventrikuläre extrasystole ( n ) sinusrhythmus linkstyp st and t abnormal wahrscheinlich anteriore ischämie oder linksbelastung laterale ischämie oder linksbelastung ,1,
 sinusrhythmus lagetyp normal unvollständiger rechtsschenkelblock q in i ii v3 - xxxx pathologisches ecg ,1,
 sinusrhythmus ueberdrehter linkstyp linksanteriorer fascicular block diskrete links - vorhofsüberbelastung st - hebung in v1 - xxxx flache t in i avr avl v5 xxxx pahtologisches ecg ,1,
 sinus arrhythmie lagetyp normal intraventr leitungsstoerung wahrscheinlich normal ,1,
 ventrikuläre extrasystole ( n ) sinusrhythmus av block i lagetyp normal linksschenkelblock ,1,
 sinusrhythmus lagetyp normal mässige amplitudenkriterien für linkshypertrophie ,4,
 ventrikuläre extrasystole ( n ) supraventrikuläre extrasystole ( n ) bigeminus sinusrhythmus ueberdrehter linkstyp unspezifischer intraventrikulärer block ,1,
 respiratorische sinusarrhythmie mlt - slt t flach in iii neg in v1 normales ecg ,1,
 sinusrhythmus p - sinistrocardiale rechtstyp linksposteriorer fascicular block unvollständiger rechtsschenkelblock ,2,
 sinusbradykardie p - verbreiterung lagetyp normal linkshypertrophie möglich ,1,
 sinusrhythmus slt av - block xxxx grades partieller rechtsschenkelblock pathologisches ecg ,1,
 sinusrhythmus linkstyp st - hebung aszendierend v1 - xxxx normales ecg ,1,
 sinusrhythmus p - sinistrocardiale linkstyp ,10,
 ventrikuläre extrasystole ( n ) sinusrhythmus lagetyp normal av - block xxxx grades pathologisch ,1,
 vorhofflimmern - flattern rechtstyp ,1,
 sinusrhythmus mlt - st av block xxxx grades ,1,
 sinusrhythmus p - sinistrocardiale lagetyp normal st and t abnormal wahrscheinlich inferolaterale ischämie oder linksbelastung ,1,
 sinusrytm extrem vänster el - axel ospecifikt skänkelblock avvikande qrs ( t ) förlopp anteroseptal myokardskada bör övervägas ,1,
 sinusrhythmus verdacht auf p - sinistrocardiale ,3,
 sinusrhythmus ueberdrehter linkstyp qrs ( t ) abnormal anteroseptaler myokardschaden möglich ,3,
 schrittmacher ecg ,11,
 av - knotenrhythmus lagetyp normal ,4,
 sinusrhythmus intraventr leitungsstoerung periphere low - voltage wahrscheinlich normal ,1,
 sinusrhythmus intraventr leitungsstoerung linkstyp periphere niederspannung unspezifisches abnormales t normal ,1,
 sinustachykardie p - sinistrocardiale qrs ( t ) abnormal inferiorer myokardschaden möglich ,1,
 vorhofflimmern - flattern ueberdrehter rechtstyp linksposteriorer fascicular block st and t abnormal wahrscheinlich anterolaterale ischämie oder linksbelastung inferolaterale ischämie oder linksbelastung t abnormal in anterioren ableitungen ,1,
 supraventrikuläre extrasystole ( n ) sinusrhythmus linkstyp sonst normales ecg ,5,
 sinusrhythmus av block i linkstyp überdreht qrs ( t ) abnormal inferiorer infarkt wahrscheinlich alt ,1,
 sinusrhythmus lagetyp normal diskrete st - senkung in v5 - xxxx ,1,
 sinustachykardie lagetyp normal unspezifischer intraventrikulärer block qrs ( t ) abnormal hochlateraler infarkt möglich ,1,
 sinusrhythmus linkstyp qrs ( t ) abnormal hochlateraler infarkt möglich st and t abnormal wahrscheinlich laterale ischämie oder linksbelastung inferolaterale ischämie oder linksbelastung ,1,
 vorhofflimmern - flattern linkstyp t abnormal in anterioren ableitungen hochlateralen ableitungen ,1,
 sinusrhythmus lagetyp normal periphere niederspannung normales ecg ,2,
 vorhofflimmern - flattern ueberdrehter linkstyp linksanteriorer fascicular block st and t abnormal wahrscheinlich anteriore ischämie oder linksbelastung ,1,
 sinusrhythmus lagetyp normal t abnorm in anterioren ableitungen ,3,
 sinusrhythmus linkstyp qrs ( t ) abnormal anteroseptaler myokardschaden möglich ,4,
 sinusrhythmus intraventr leitungsstörung in avf kleines q in i wahrscheinlich normales ecg ,1,
 supraventrikuläre extrasystole ( n ) sinusbradykardie av block i linkstyp intraventr leitungsstörung in avf chronisch inferiorer infarkt möglich path ecg ,1,
 sinusrhythmus ueberdrehter linkstyp unspezifischer intraventrikulärer block qrs ( t ) abnormal lateraler myokardschaden nicht auszuschliessen ,2,
 tachykardes vorhofflimmern ueberdrehter linkstyp linksanteriorer fascicular block rechtsschenkelblock bifaszikulärer block qrs ( t ) abnormal lateraler myokardschaden möglich ,1,
 sinusrhythmus linkstyp unvollständiger rechtsschenkelblock t abnormal in anterioren ableitungen inferioren ableitungen qt - verlängerung ,1,
 sinusrhythmus lagetyp normal t hoch in v2 v3 normales ecg ,1,
 sinusrhythmus lagetyp normal qrs ( t ) abnorm inferiorer infarkt alter unbest ,2,
 sinusrhythmus linkstyp unvollständiger rechtsschenkelblock pathologisch ,1,
 sinusrhythmus verdacht auf p - sinistrocardiale ueberdrehter linkstyp r - s übergang in v ableitungen nach links verschoben linksanteriorer fascicular block t abnorm in hochlateralen ableitungen ,1,
 sinusrhythmus av block i linkstyp periphere niederspannung ,1,
 sinusrhythmus lagetyp normal st and t abnorm wahrscheinlich anteriore ischämie oder linksbelastung ,2,
 sinusrhythmus verdacht auf p - sinistrocardiale linkstyp unspezifischer intraventrikulärer block qrs ( t ) abnorm anteroseptaler myokardschaden möglich ,1,
 sinusrhythmus linkstyp t abnormal wahrscheinlich anteriorer myokardschaden qt - verlängerung ,1,
 sinusrhythmus p - sinistrocardiale lagetyp normal qrs ( t ) abnorm inferiorer infarkt möglich ,1,
 förmaksflimmer med hög kammarfrekvens svårbestämmbar el - axel låga qrs amplituder i extremitetsavledningarna ospecifikt skänkelblock avvikande qrs ( t ) förlopp lateral myokardskada bör övervägas ,1,
 sinusrytm misstänkt hypertrofi av vänster förmak måttliga amplitudkrit för vänster kammarkhypertrofi avvikande qrs ( t ) förlopp hög lateral infarkt bör övervägas ,1,
 sinusrytm st and t sänkning såsom vid anterolateral ischemi eller vänster belastning t - förändring såsom vid anterior myokardaffektion ,2,
 sinusrytm supraventrikulära extraslag extrem vänster el - axel såsom vid vänster främre fascicular block ,1,
 sinusrytm st and t sänkning såsom vid anterior ischemi eller vänster belastning t - förändring såsom vid lateral myokardaffektion inferolateral myokardaffektion ,1,
 sinusrytm vänster el - axel misstänkt vänster kammarhypertrofi ,1,
 sinusrytm vänster el - axel st and t sänkning såsom vid anterolateral ischemi eller vänster belastning t - förändring såsom vid anterior myokardaffektionconsensus label derived from { iscal xxxx iscas xxxx sr xxxx 0} { injal xxxx injas xxxx sr xxxx 0} ,1,
 sinusrytm ospecifik t - förändring qt förlängdconsensus label derived from { ndt xxxx sr xxxx 0} { lngqt xxxx el xxxx sr xxxx 0} ,1,
 sinusrytm extrem vänster el - axel avvikande qrs ( t ) förlopp st and t sänkning såsom vid anterolateral ischemi eller vänster belastningconsensus label derived from { nst_ xxxx sr xxxx 0} { imi xxxx nst_ xxxx sr xxxx 0} ,1,
 sinus arrhythmie verdacht auf p - sinistrocardiale lagetyp normal edit norm xxxx ( norm xxxx ) ,1,
 sinustachykardie rechtstyp sonst normales ecg edit norm xxxx ,1,
 regelbunden rytm inga p - våg funna måttliga amplitudkrit för vänster kammarkhypertrofi avvikande qrs ( t ) förlopp anterior infarkt möjligen färsk hög lateral infarkt bör övervägas ,1,
 slag med avvikande impulsutbredning sinusrytm extrem vänster el - axel avvikande qrs ( t ) förlopp anteroseptal myokardskada bör övervägas inferior infarkt möjligen färsk st sänkning möjligen orsakad av anterior subendokardiell myokardaffektion ,1,
 sinusbradykardie linkstyp unspezifisches abnormales st ,1,
 sinusbradykardie ueberdrehter linkstyp unvollständiger linksschenkelblock ,1,
 sinus arytmi av block i vänster el - axel gammal anteroseptal myokardskada ,1,
 förmaksflimmer - fladder vänster el - axel vänstersidigt skänkelblock ,1,
 sinusrytm misstänkt hypertrofi av vänster förmak högersidigt skänkelblock ,1,
 ventrikulär ( a ) extrasystoli ( er ) sinus arytmi extrem vänster el - axel vänstersidigt skänkelblock ,1,
 sinusbradykardi misstänkt vänster kammarhypertrofi ,3,
 slag med avvikande impulsutbredning supraventrikulär ( a ) extrasystoli ( er ) sinusrytm avvikande qrs ( t ) förlopp anteroseptal infarkt möjligen färsk hög lateral infarkt bör övervägas st and t abnormal överväg färsk anterior peri - eller myokardskada ,1,
 sinusrytm svårbestämmbar el - axel låga qrs amplituder i extremitetsavledningarna avvikande qrs ( t ) förlopp anterior infarkt möjligen färsk inferolateral infarkt ålder ej bestämmbar ,2,
 sinusrhythmus lagetyp normal qrs ( t ) abnorm anteroseptaler infarkt mögl akut ,1,
 sinusrytm t - förändring såsom vid inferior myokardaffektion ,1,
 sinusrytm vänster el - axel avvikande qrs ( t ) förlopp anterolateral myokardskada bör övervägas ,1,
 sinusrhythmus lagetyp normal t neg in v1 - xxxx ,1,
 sinus arytmi misstänkt hypertrofi av vänster förmak vänster el - axel ospecifik t - förändring ,1,
 sinusbradykardi vänster el - axel ospecifikt inkomplett skänkelblock avvikande qrs ( t ) förlopp inferior infarkt bör övervägas st and t sänkning såsom vid hög lateral ischemi eller vänster belastning t - förändring såsom vid anterior myokardaffektion ,1,
 förmaksflimmer - fladder st and t sänkning såsom vid anterolateral ischemi eller vänster belastning t - förändring såsom vid inferolateral myokardaffektion ,2,
 sinusrytm höger el - axel vänstersidigt skänkelblock ,1,
 förmaksflimmer - fladder extrem höger el - axel vänster posteriort fascicular block högersidigt skänkelblock bifascikulärt block misstänkt vänster kammarhypertrofi avvikande qrs ( t ) förlopp hög lateral infarkt bör övervägas ,1,
 sinusrhythmus av block i lagetyp normal qrs ( t ) abnormal inferiorer infarkt wahrscheinlich alt ,1,
 sinusrytm vänster el - axel bröstavledningarnas r - s transition förskjuten åt höger st sänkning möjligen orsakad av hög lateral subendokardiell myokardaffektion qt förlängd ,1,
 sinusrytm avvikande qrs ( t ) förlopp hög lateral infarkt bör övervägas ,3,
 sinustachykardie lagetyp normal unspezifisches abnormes t ,1,
 sinusrhythmus linkstyp st n inferiorem infarkt st - hebung in v2 - xxxx t neg in v4 - xxxx ,1,
 sinusrhythmus linkstyp überdreht lahb t neg in iii avf ,1,
 sinusrhythmus lagetyp normal unvollständiger rechtsschenkelblock ,2,
 sinusrhythmus lagetyp normal periphere niederspannung path repolarisation wahrscheinlich normal ,1,
 sinusrhythmus lagetyp normal qrs ( t ) abnormal normal ,2,
 sinusrytm ospecifik t - förändring ,10,
 sinusrytm misstänkt vänster kammarhypertrofi ,4,
 sinusrytm avvikande qrs ( t ) förlopp inferior myokardskada kan ej uteslutas t - förändring såsom vid hög lateral myokardaffektion ,1,
 sinusrhythmus verdacht auf p - sinistrocardiale rechtstyp linksposteriorer fascicular block ,1,
 sinusbradykardie lagetyp normal periphere niederspannung ,3,
 sinusrhythmus lagetyp normal st - hebung in v2 normales ecg ,1,
 sinusrhythmus linkstyp intraventr leitungsstörung in avf v2 st - senkung in v4 v5 ii auffallend hohes r in v2 path ecg ,1,
 sinus arrhythmie qrs ( t ) abnormal hochlateraler myokardschaden ,1,
 tachykardes vorhofflimmern rlt vollständiger rechts schenkelblock st - senkung über ii iii avl avf v1 - v6 ,1,
 sinusrhythmus av block i lagetyp normal nach 1mg atropin hf - anstieg auf xxxx ( xxxx ppm ) pq - zeit xxxx ,1,
 sinusrhythmus lagetyp normal qrs ( t ) abnorm anteroseptaler infarkt wahrscheinlich alt ,3,
 sinusrhythmus p - sinistrocardiale linkstyp unvollständiger rechtsschenkelblock ,2,
 ventrikuläre extrasystole ( n ) supraventrikuläre extrasystole ( n ) sinusrhythmus av block i ueberdrehter linkstyp schenkelblock unvollstaendig links st - hebung v1 v2 v3 v4 ecg pathologisch ,1,
 ueberdrehter linkstyp tachykardie av inferiorer infarkt ( ii iii f ) chronisch sicher schlechte r - progression t - veraenderungen neg t in v1 r - regred ,1,
 sinusrhythmus linkstyp sonst normales ecg edit norm xxxx qi avl ( norm xxxx ) ,1,
 supraventrikuläre tachykardie unspezifisches abnormales t ,1,
 sinusrhythmus lagetyp normal schenkelblock vollstaendig rechts t - veraenderungen neg in v1 - v3 ecg pathologisch ,1,
 sinusbradykardie llt st - hebung v2 xxxx neg t in v1 wahrscheinlich normales ecg ,1,
 sinusrhythmus lagetyp normal st - hebung in v2 t biphasisch in iii avf r - verlust in v2 - xxxx ,1,
 sinusrhythmus slt hohes t in v1 - xxxx st - hebung in v1 - xxxx pq - zeit verkürzt fragl lgl ,1,
 slt tachykardes vorhofflimmern sves hohes t in v2 - xxxx pathologisches ecg ,1,
 sinusrhythmus p - sinistrocardiale ueberdrehter linkstyp linksanteriorer fascicular block unvollständiger rechtsschenkelblock qrs ( t ) abnorm anteroseptaler myokardschaden möglich ,1,
 sinusbradykardie llt schlechte r - progression in v1 - xxxx flaches t in iii neg in v1 grenzbefund ,1,
 sinusrhythmus slt flaches t in l v4 - xxxx iq grenzwertig normales ecg ,1,
 sinusrhythmus t abnormal wahrscheinlich anteroseptaler myokardschaden ,1,
 sinusrhythmus verdacht auf p - sinistrocardiale lagetyp normal linksschenkelblock ,1,
 sinusrhythmus lagetyp normal qrs ( t ) abnormal inferiorer myokardschaden nicht auszuschliessen ,11,
 sinusrhythmus p - sinistrocardiale ueberdrehter linkstyp linksanteriorer fascicular block unspezifischer intraventrikulärer block qrs ( t ) abnorm anteroseptaler myokardschaden möglich ,1,
 linkstyp normales ecg ,1,
 tachykardes vorhofflimmern linkstyp periphere niederspannung st - senkung lateral fehlende r - progression über vorderwand pathologisches ecg ,1,
 sinusrhythmus linkstyp sonst normales ecg edit norm xxxx ( f xxxx ) schlechte r - progression ( norm xxxx ) ,1,
 sinusrhythmus extrem ueberdrehter rechtstyp r - s #bergang in v ableitungen nach links verschoben qrs ( t ) abnorm inferiorer infarkt wahrscheinlich alt st and t abnorm wahrscheinlich hochlaterale ischämie oder linksbelastung edit imi xxxx ( m xxxx ) ( imi xxxx ) ,1,
 sinusrhythmus lagetyp normal intraventr leitungsstoerung avf vorhofsueberbelastung links moeglich t - veraenderungen neg iii p neg v1 ecg wahrscheinlich normal ,1,
 supraventrikuläre extrasystole ( n ) sinustachykardie linkstyp pathologische repolarisation ,1,
 sinusrhythmus verdacht auf p - sinistrocardiale lagetyp normal st and t abnormal wahrscheinlich anteriore ischämie oder linksbelastung pathologisch edit injas ( injas ) ,1,
 sinusrhythmus lagetyp normal linksschenkelblock ,10,
 sinusrhythmus lagetyp normal normales ecg ruhe - ecg zum holter ,1,
 schrittmacher ecg llt av - block xxxx eigenrhythmus mit r - getriggerter pacerentladung pathologisches ecg ,1,
 sinustachykardie lagetyp normal t abnormal in inferioren ableitungen anteroseptaler infarkt chronisch moeglich pathologisch ,1,
 sinusrhythmus lagetyp normal schlechte r - progression v1 - xxxx t flach in iii avf avl ,1,
 sinusrhythmus steillagetyp path repolarisation st - senkung lll t - veränderungen hoch v2 - xxxx grenzbefund ,1,
 sinusrhythmus ueberdrehter linkstyp qrs ( t ) abnormal inferiorer infarkt wahrscheinlich alt pathologisch ,1,
 sinusrhythmus lagetyp normal periphere niederspannung qrs ( t ) abnormal inferiorer myokardschaden nicht auszuschliessen ,1,
 sinusrhythmus ueberdrehter linkstyp linksanteriorer fascicular block qrs ( t ) abnormal anteroseptaler infarkt wahrscheinlich alt t abnormal in hochlateralen ableitungen ,1,
 sinusrhythmus lagetyp normal periphere niederspannung qrs ( t ) abnormal inferiorer infarkt wahrscheinlich alt ,9,
 sinusrhythmus linkstyp st and t abnormal wahrscheinlich anterolaterale ischämie oder linksbelastung inferolaterale ischämie oder linksbelastung ,1,
 sinusrhythmus lagetyp normal qrs ( t ) abnormal anteriorer infarkt mögl akut t abnormal in inferolateralen ableitungen ,1,
 sinustachykardie slt sokolow xxxx t neg in iii avf v5 - xxxx ,1,
 sinusrhythmus lagetyp normal qrs ( t ) abnormal hochlateraler infarkt möglich st and t abnormal wahrscheinlich inferiore ischämie oder linksbelastung edit iscil ( iscil xxxx ) ,1,
 sinus arrhythmie linkstyp sves ,1,
 g vorhofflimmern - flattern linkstyp periphere niederspannung qrs ( t ) abnormal inferiorer infarkt alter unbest st and t abnormal wahrscheinlich anteriore ischämie oder linksbelastung ,1,
 sinusbradykardie linkslagetyp normales ecg ,1,
 sinusrhythmus rlt partieller rechtsschenkelblock grenzbefund ,1,
 tachykardes vorhofflimmern ueberdrehter linkstyp linksanteriorer fascicular block rechtsschenkelblock bifaszikulärer block ,1,
 sinusrhythmus linkstyp periphere niederspannung unvollständiger rechtsschenkelblock ,1,
 sinusrhythmus verdacht auf p - sinistrocardiale ueberdrehter linkstyp linksanteriorer fascicular block qrs ( t ) abnormal inferiorer infarkt möglich t abnormal in hochlateralen ableitungen ,1,
 sinusrhythmus llt rechts t - veraenderungen flach in v6 avl i wahrscheinlich normales ecg ,1,
 supraventrikuläre extrasystole ( n ) sinusrhythmus ueberdrehter linkstyp ,2,
 sinusrhythmus verdacht auf p - sinistrocardiale linkstyp qrs ( t ) abnormal inferiorer infarkt wahrscheinlich alt ,2,
 sinusrhythmus ueberdrehter linkstyp partieller linksanteriorer fascicular block vorhofsueberbelastung links ecg pathologisch ,1,
 supraventrikuläre extrasystole ( n ) trigeminus sinustachykardie lagetyp normal periphere niederspannung qrs ( t ) abnormal inferiorer infarkt wahrscheinlich alt ,1,
 sinusrhythmus linkstyp qrs ( t ) abnormal inferiorer infarkt wahrscheinlich alt vorhofsueberlastung links moeglich pathologisch ,1,
 supraventrikuläre extrasystole ( n ) interponierte supraventrikuläre extrasystole ( n ) sinusrhythmus lagetyp normal sonst normales ecg ,1,
 sinusrhythmus linkstyp st and t abnormal wahrscheinlich anterolaterale ischämie oder linksbelastung edit plmi xxxx ( plmi xxxx ) ,1,
 supraventrikuläre extrasystole ( n ) sinusrhythmus llt t - veraenderungen in v2 xxxx pathologisches ecg ,1,
 sinusrhythmus linkstyp qrs ( t ) abnormal infarkt inferior chronisch moeglich vorhofsueberlastung links ,1,
 sinustachykardie steillagetyp pathologische repolarisation st - hebung v2 v3 t - veränderungen biphasisch v5 xxxx neg i avl path ecg ,1,
 sinusbradykardie linkstyp unspezifische intraventrikuläre leitungsstörung ,1,
 sinusbradykardie linkstyp links v5 rechtsschenkelblock vollständig pathologisches ecg ,1,
 sinusbradykardie linkstyp part rsb möglich st - hebung in v2 - xxxx hohe spitze t wahrscheinlich normales ecg ,1,
 ventrikuläre extrasystole ( n ) unregelmässiger rhythmus keine p - welle erkannt linkstyp vorhofflimmern tachykard ecg pathologisch ,1,
 sinusrhythmus lagetyp normal qrs ( t ) abnormal hochlateraler infarkt möglich st and t abnormal wahrscheinlich anteriore ischämie oder linksbelastung ,1,
 sinusrhythmus ueberdrehter linkstyp partieller rechtsschenkelblock ,1,
 sinus arrhythmie linkstyp qrs ( t ) abnormal inferiorer infarkt wahrscheinlich alt ,2,
 sinusrhythmus lagetyp normal wahrscheinlich normales ecg ,2,
 sinus arrhythmie p - verbreiterung ueberdrehter linkstyp periphere niederspannung qrs ( t ) abnormal inferiorer infarkt wahrscheinlich alt ,1,
 supraventrikuläre extrasystole ( n ) sinusrhythmus ueberdrehter linkstyp linksanteriorer fascicular block unspezifisches abnormales t ,1,
 sinusrhythmus lagetyp normal qrs ( t ) abnormal hochlateraler infarkt möglich edit lmi xxxx knotung+qsavl ( lmi xxxx ) ,1,
 mlt sr sves über xxxx - min bigeminie st - hebung in v2 xxxx überhöht und spitzes t in v2 + v3 - xxxx pathologisches ecg ,1,
 sinustachykardie lagetyp normal periphere niederspannung qrs ( t ) abnormal inferiorer infarkt wahrscheinlich alt ,1,
 sinusrhythmus lagetyp normal qrs ( t ) abnormal anteroseptaler infarkt wahrscheinlich alt hochlateraler infarkt möglich t abnormal in inferioren ableitungen ,1,
 sinusrhythmus ueberdrehter linkstyp r - verlust über vorderwand schlechte r - progression linksanteriorer fascicular block ecg pathologisch ,1,
 sinusrhythmus lagetyp normal qrs ( t ) abnormal anteroseptaler infarkt alter unbest ,1,
 ventrikuläre extrasystole ( n ) sinusrhythmus linkstyp inferiorer infarkt chronisch möglich ecg pathologisch ,1,
 sinusrhythmus ueberdrehter linkstyp linksanteriorer fascicular block flache st - strecke v2 - v3 ecg pathologisch ,1,
 sinusbradykardie mlt t überhöht in v1 - v6 ii iii avr avf grenzbefund ,1,
 sinusrhythmus steiltyp normales ecg ,3,
 sinusrhythmus linkstyp st - hebung über v2 t negativ in i iii t abgeflacht in avf grenzbefund ,1,
 sinusrhythmus llt uniforme ventrikuläre extrasystolen > xxxx - min leichte st - senkung über v3 - v5 t abgeflacht in v1 v2 iii avl ,1,
 supraventrikuläre extrasystole ( n ) sinusrhythmus linkstyp unspezifisches abnormales t ,5,
 sinusrhythmus lagetyp normal qrs ( t ) abnormal inferiorer infarkt möglich st and t abnormal wahrscheinlich anteriore ischämie oder linksbelastung laterale ischämie oder linksbelastung ,1,
 sinusrhythmus p - verbreiterung lagetyp normal periphere niederspannung t abnormal in hochlateralen ableitungen ,1,
 sinusrhythmus mlt t abgeflacht in avl v1 v2 p algemein abgeflacht grenzbefund ,1,
 sinusrhythmus lagetyp normal qrs ( t ) abnormal inferiorer infarkt möglich st and t abnormal wahrscheinlich anteriore ischämie oder linksbelastung ,1,
 sinus arrhythmie linkstyp unspezifisches abnormales t ,2,
 sinusrhythmus verdacht auf p - sinistrocardiale lagetyp normal mässige amplitudenkriterien für linkshypertrophie xxxx unbestätigter bericht ,7,
 vorhofflimmern - flattern lagetyp normal unvollständiger rechtsschenkelblock unspezifisches abnormes t xxxx unbestätigter bericht ,3,
 vorhofflimmern - flattern lagetyp normal unspezifische intraventrikuläre leitungsstörung st and t abnorm wahrscheinlich inferolaterale ischämie oder linksbelastung xxxx unbestätigter bericht ,2,
 sinusbradykardie mlt pathologisches ecg ,1,
 normokardes vorhofflimmern linkstyp linkshypertrophie supraventr extrasystolen pathologische repolarisation ,1,
 sinustachykardie linkstyp chron inf infarkt schlechte r - progression flache t in allen ableitungen ,1,
 sinusrhythmus multiforme ventrikuläre extrasystolen av - block xxxx grades linksanteriorer fascicular block st - senkung über i avl t negativ in avl t abgeflacht in v5 auffallende hohes r in v2 ,1,
 sinusbradykardie lagetyp normal t abnormal in hochlateralen ableitungen ,1,
 ventrikuläre extrasystole ( n ) supraventrikuläre extrasystole ( n ) sinusrhythmus av block i schwierig bestimmbare qrs - achse periphere niederspannung linksschenkelblock linkshypertrophie möglich xxxx unbestätigter bericht ,1,
 tachykardes vorhofflimmern llt - mlt ventrikuläre extrasystolen st - senkung über v4 v5 t spitz v2 v3 ,1,
 sinusrhythmus lagetyp normal normales ecg xxxx unbestätigter bericht ,1045,
 sinusrhythmus p - sinistrocardiale lagetyp normal t abnorm in hochlateralen ableitungen xxxx unbestätigter bericht ,4,
 sinusrhythmus lagetyp normal unvollständiger linksschenkelblock qrs ( t ) abnorm inferiorer infarkt wahrscheinlich alt xxxx unbestätigter bericht ,1,
 sinusrhythmus linkstyp qrs ( t ) abnormal lateraler myokardschaden nicht auszuschliessen ,1,
 sinusrhythmus linkstyp t abnormal in anterolateralen ableitungen ,2,
 sinusrhythmus lagetyp normal st and t abnormal wahrscheinlich laterale ischämie oder linksbelastung inferolaterale ischämie oder linksbelastung ,1,
 sinusrhythmus lagetyp normal r - s übergang in v ableitungen nach rechts verschoben sonst normales ecg xxxx unbestätigter bericht ,5,
 sinusrhythmus lagetyp normal qrs ( t ) abnorm anterolateraler infarkt möglich inferiorer infarkt wahrscheinlich alt xxxx unbestätigter bericht ,3,
 sinusrhythmus av block i ,1,
 sinusrhythmus linkstyp qrs ( t ) abnormal anterolateraler infarkt möglich inferiorer infarkt wahrscheinlich alt ,1,
 sinusrhythmus ueberdrehter linkstyp qrs ( t ) abnorm anteroseptaler infarkt alter unbest t abnorm in anterioren ableitungen hochlateralen ableitungen xxxx unbestätigter bericht ,2,
 sinusrhythmus p - sinistrocardiale ueberdrehter linkstyp qrs ( t ) abnorm anterolateraler infarkt möglich inferiorer infarkt wahrscheinlich alt xxxx unbestätigter bericht ,1,
 sinus arrhythmie ueberdrehter linkstyp linksanteriorer fascicular block schlechte r - progression über vorderwnd ,1,
 sinusrhythmus supraventrikulärer bigeminus grenzbefund ,1,
 vorhofflimmern - flattern lagetyp normal mässige amplitudenkriterien für linkshypertrophie st abnorm möglicherweise anteriorer innenschichtsschaden inferiorer innenschichtsschaden qt - verlängerung xxxx unbestätigter bericht ,1,
 sinusrhythmus linkstyp qrs ( t ) abnorm anteroseptaler infarkt wahrscheinlich alt inferiorer infarkt alter unbest xxxx unbestätigter bericht ,2,
 tachykardes vorhofflimmern lagetyp normal xxxx unbestätigter bericht ,5,
 sinusrhythmus lagetyp normal mässige amplitudenkriterien für linkshypertrophie t abnorm in inferioren ableitungen xxxx unbestätigter bericht ,4,
 sinusrhythmus lagetyp normal qrs ( t ) abnorm anteroseptaler infarkt wahrscheinlich alt xxxx unbestätigter bericht ,18,
 sinusrhythmus rechtstyp rechtsschenkelblock xxxx unbestätigter bericht ,7,
 sinusbradykardie mlt st - hebung in v2 t überhöht in v2 v3 normales ecg ,1,
 sinusrhythmus llt hohes r in v2 wahrscheinlich normales ecg ,1,
 sinusrhythmus ueberdrehter linkstyp links anteriorer fascicular block t überhöht in v2 v3 schlechte r - progression in v1 - v3 pathologisches ecg ,1,
 sinusarrhythmie mlt intraventrikuläre leitungsstörung in iii avl normales ecg ,1,
 ventrikuläre extrasystole ( n ) vorhofflimmern - flattern linkstyp qt - verlängerung xxxx unbestätigter bericht ,1,
 sinusrhythmus ueberdrehter linkstyp linksanteriorer fascicular block rechtsschenkelblock bifaszikulärer block xxxx unbestätigter bericht ,8,
 sinusrhythmus linkstyp unvollständiger rechtsschenkelblock qrs ( t ) abnormal inferiorer infarkt möglich ,3,
 sinusrhythmus verdacht auf p - sinistrocardiale lagetyp normal qrs ( t ) abnorm inferiorer infarkt wahrscheinlich alt xxxx unbestätigter bericht ,7,
 sinusrhythmus lagetyp normal periphere niederspannung unvollständiger linksschenkelblock qrs ( t ) abnorm inferiorer infarkt alter unbest t abnorm in anterolateralen ableitungen xxxx unbestätigter bericht ,2,
 sinusrhythmus links - antrik überlastung monomorphe ventrikuläre extrasystolen xxxx - min fehlende r - progression in v1 - v3 q in v4 nicht signifikantes q in ii iii avf v5 v6 pathologisches ecg ,1,
 sinusrhythmus linkstyp sonst normales ecg xxxx unbestätigter bericht edit norm xxxx ( norm xxxx ) ,6,
 sinusrhythmus av block i lagetyp normal unspezifisches abnormales t ,1,
 sinusrhythmus lagetyp normal normales ecg xxxx unbestätigter bericht edit norm xxxx ( norm xxxx ) ,13,
 tachykardes vorhofflimmern linkstyp linksschenkelblock linkshypertrophie möglich xxxx unbestätigter bericht ,9,
 ventrikuläre extrasystole ( n ) sinus arrhythmie lagetyp normal unspezifische abnorme st - senkung unspezifisches abnormes t qt - verlängerung xxxx unbestätigter bericht ,1,
 sinus arrhythmie p - verbreiterung lagetyp normal unspezifische intraventrikuläre leitungsstörung mässige amplitudenkriterien für linkshypertrophie unspezifisch abnormes st and t ( hebung ) xxxx unbestätigter bericht ,1,
 sinusrhythmus linkstyp qrs ( t ) abnormal anteroseptaler infarkt alter unbest inferiorer infarkt alter unbest ,1,
 tachykardes vorhofflimmern schwierig bestimmbare qrs - achse periphere niederspannung rechtsschenkelblock xxxx unbestätigter bericht ,2,
 sinusrhythmus lagetyp normal qrs ( t ) abnorm inferiorer infarkt wahrscheinlich alt xxxx unbestätigter bericht ,57,
 ventrikuläre extrasystole ( n ) bigeminus supraventrikuläre extrasystole ( n ) sinusrhythmus p - verbreiterung linkstyp qt - verlängerung xxxx unbestätigter bericht ,1,
 supraventrikuläre arrhythmie ueberdrehter linkstyp linksanteriorer fascicular block rechtsschenkelblock bifaszikulärer block qrs ( t ) abnorm anteriorer infarkt möglich xxxx unbestätigter bericht ,1,
 sinusrhythmus lagetyp normal qrs ( t ) abnormal inferiorer myokardschaden möglich ,6,
 tachykardes vorhofflimmern lagetyp normal st and t abnorm wahrscheinlich inferolaterale ischämie oder linksbelastung xxxx unbestätigter bericht ,2,
 schrittmacher ecg xxxx unbestätigter bericht ,198,
 sinusrhythmus av block i lagetyp normal xxxx unbestätigter bericht ,21,
 supraventrikuläre arrhythmie lagetyp normal sonst normales ecg xxxx unbestätigter bericht edit norm xxxx ( norm xxxx ) ,1,
 ventrikuläre extrasystole ( n ) sinus arrhythmie lagetyp normal qrs ( t ) abnorm anterolateraler myokardschaden nicht auszuschliessen xxxx unbestätigter bericht ,1,
 sinusrhythmus lagetyp normal unspezifische abnorme st - senkung unspezifisches abnormes t xxxx unbestätigter bericht edit norm xxxx ( iscil ) ,1,
 sinusrhythmus linkstyp qrs ( t ) abnorm inferiorer infarkt wahrscheinlich alt xxxx unbestätigter bericht ,37,
 sinus arrhythmie lagetyp normal mässige amplitudenkriterien für linkshypertrophie xxxx unbestätigter bericht ,5,
 sinusrhythmus lagetyp normal st and t abnormal wahrscheinlich anteriore ischämie oder linksbelastung ,4,
 sinus arrhythmie linkstyp qrs ( t ) abnorm anteroseptaler infarkt wahrscheinlich alt inferiorer infarkt wahrscheinlich alt t abnorm in anterolateralen ableitungen xxxx unbestätigter bericht ,1,
 sinusrhythmus lagetyp normal mässige amplitudenkriterien für linkshypertrophie xxxx unbestätigter bericht ,55,
 sinusrhythmus p - sinistrocardiale ueberdrehter linkstyp unspezifischer intraventrikulärer block qrs ( t ) abnorm inferiorer infarkt wahrscheinlich alt xxxx unbestätigter bericht ,1,
 sinusrhythmus lagetyp normal st - hebung wahrscheinlich normal ,1,
 sinusrhythmus lagetyp normal unspezifische intraventrikuläre leitungsstörung xxxx unbestätigter bericht ,19,
 vorhofflimmern - flattern lagetyp normal xxxx unbestätigter bericht ,30,
 sinusrhythmus linkstyp periphere niederspannung unvollständiger linksschenkelblock qrs ( t ) abnorm inferiorer infarkt alter unbest st and t abnorm wahrscheinlich anteriore ischämie oder linksbelastung t abnorm in lateralen ableitungen xxxx ,1,
 sinusrhythmus linkstyp path repolarisation wahrscheinlich normal ,1,
 supraventrikuläre extrasystole ( n ) sinusrhythmus linkstyp linksschenkelblock linkshypertrophie möglich xxxx unbestätigter bericht ,4,
 sinusrhythmus linkstyp t abnormal in anterolateralen ableitungen fehlende r - progression grenzbefund ,1,
 vorhofflimmern - flattern ueberdrehter linkstyp periphere niederspannung qrs ( t ) abnorm anteroseptaler infarkt alter unbest inferiorer infarkt wahrscheinlich alt t abnorm in anterolateralen ableitungen xxxx unbestätig ,1,
 sinusrhythmus lagetyp normal amplitudenkriterien f#r linkshypertrophie wahrscheinlich normal ,1,
 sinusrhythmus p - sinistrocardiale linkstyp linksschenkelblock linkshypertrophie möglich xxxx unbestätigter bericht ,5,
 ventrikuläre extrasystole ( n ) supraventrikuläre extrasystole ( n ) sinusrhythmus lagetyp normal xxxx unbestätigter bericht ,3,
 sinusrhythmus linkstyp periphere niederspannung unvollständiger linksschenkelblock qrs ( t ) abnorm inferiorer infarkt alter unbest t abnorm in anterioren ableitungen lateralen ableitungen xxxx unbestätigter bericht ,1,
 sinusrhythmus av block i ueberdrehter linkstyp linksschenkelblock linkshypertrophie möglich xxxx unbestätigter bericht ,5,
 supraventrikuläre arrhythmie av block i extrem ueberdrehter rechtstyp linksanteriorer fascicular block rechtsschenkelblock bifaszikulärer block qrs ( t ) abnorm anteroseptaler myokardschaden möglich xxxx unbestätigter bericht ,1,
 ventrikuläre extrasystole ( n ) supraventrikuläre extrasystole ( n ) sinusrhythmus ueberdrehter linkstyp linksschenkelblock xxxx unbestätigter bericht ,2,
 vorhofflimmern - flattern lagetyp normal unvollständiger rechtsschenkelblock unspezifisches abnormes t qt - verlängerung xxxx unbestätigter bericht ,1,
 vorhofflimmern - flattern lagetyp normal st and t abnorm wahrscheinlich anterolaterale ischämie oder linksbelastung inferolaterale ischämie oder linksbelastung xxxx unbestätigter bericht ,30,
 sinusrhythmus verdacht auf p - sinistrocardiale lagetyp normal unvollständiger rechtsschenkelblock xxxx unbestätigter bericht ,6,
 sinusrhythmus lagetyp normal unvollständiger rechtsschenkelblock sonst normales ecg xxxx unbestätigter bericht ,19,
 sinusrhythmus ueberdrehter linkstyp unspezifischer intraventrikulärer block qrs ( t ) abnorm anteroseptaler infarkt alter unbest xxxx unbestätigter bericht ,2,
 sinusrhythmus ueberdrehter linkstyp linksanteriorer fascicular block qrs ( t ) abnorm anteroseptaler infarkt wahrscheinlich alt xxxx unbestätigter bericht ,4,
 supraventrikuläre extrasystole ( n ) sinusrhythmus p - verbreiterung lagetyp normal unvollständiger rechtsschenkelblock unspezifische abnorme st - senkung unspezifisches abnormes t xxxx unbestätigter bericht ,1,
 sinusrhythmus ueberdrehter linkstyp unspezifischer intraventrikulärer block ,5,
 supraventrikuläre extrasystole ( n ) sinusrhythmus lagetyp normal qrs ( t ) abnorm lateraler myokardschaden nicht auszuschliessen t abnorm in anterioren ableitungen xxxx unbestätigter bericht ,1,
 sinusbradykardie av block i p - verbreiterung ueberdrehter linkstyp ,1,
 sinusrhythmus ueberdrehter linkstyp unspezifischer intraventrikulärer block qrs ( t ) abnorm anteroseptaler infarkt wahrscheinlich alt xxxx unbestätigter bericht ,5,
 sinusrhythmus lagetyp normal r - s #bergang in v ableitungen nach rechts verschoben unspezifische abnormale st - senkung unspezifisches abnormales t ,1,
 interponierte ventrikuläre extrasystole ( n ) supraventrikuläre extrasystole ( n ) bigeminus sinusrhythmus av block i p - sinistrocardiale ueberdrehter linkstyp rechtsschenkelblock ,1,
 ventrikuläre extrasystole ( n ) sinusrhythmus verdacht auf p - sinistrocardiale lagetyp normal xxxx unbestätigter bericht ,3,
 sinusrhythmus lagetyp normal qrs ( t ) abnorm anteroseptaler myokardschaden nicht auszuschliessen xxxx unbestätigter bericht ,11,
 tachykardes vorhofflimmern lagetyp normal st and t abnorm wahrscheinlich anteriore ischämie oder linksbelastung t abnorm in inferolateralen ableitungen xxxx unbestätigter bericht ,1,
 sinusrhythmus verdacht auf p - sinistrocardiale lagetyp normal qrs ( t ) abnorm inferiorer infarkt alter unbest st and t abnorm wahrscheinlich anterolaterale ischämie oder linksbelastung xxxx unbestätigter bericht ,3,
 sinusrhythmus ueberdrehter linkstyp linksanteriorer fascicular block xxxx unbestätigter bericht ,19,
 supraventrikuläre arrhythmie linkstyp unspezifischer intraventrikulärer block qrs ( t ) abnorm inferiorer infarkt alter unbest xxxx unbestätigter bericht ,1,
 sinusrhythmus p - sinistrocardiale linkstyp unspezifische intraventrikuläre leitungsstörung qrs ( t ) abnorm anteroseptaler infarkt möglich inferiorer infarkt wahrscheinlich alt st and t abnorm wahrscheinlich anterolaterale ischämie oder linksbelas ,1,
 sinusrhythmus av block i linkstyp unspezifisches abnormales t ,1,
 sinusrhythmus lagetyp normal unvollständiger rechtsschenkelblock qrs ( t ) abnormal inferiorer myokardschaden möglich ,1,
 jsinusrhythmus av block i ueberdrehter linkstyp linksanteriorer fascicular block ,1,
 sinusrhythmus lagetyp normal mässige amplitudenkriterien für linkshypertrophie st and t abnorm wahrscheinlich anterolaterale ischämie oder linksbelastung inferolaterale ischämie oder linksbelastung xxxx unbestätigter bericht ,12,
 sinusrhythmus linkstyp sonst normales ecg xxxx unbestätigter bericht ,247,
 supraventrikuläre extrasystole ( n ) sinusrhythmus p - sinistrocardiale lagetyp normal linkshypertrophie xxxx unbestätigter bericht ,1,
 ventrikuläre extrasystole ( n ) sinusrhythmus av block i lagetyp normal vollständiger rechtsschenkelblock st and t abnormal vorhofsueberlastung links pathologisch ,1,
 sinusrhythmus lagetyp normal qrs ( t ) abnorm anteriorer infarkt alter unbest inferolateraler infarkt alter unbest xxxx unbestätigter bericht ,1,
 sinusrhythmus verdacht auf p - sinistrocardiale lagetyp normal unspezifisch abnormes st and t ( hebung ) ,1,
 sinusrhythmus p - sinistrocardiale lagetyp normal st and t abnorm wahrscheinlich anterolaterale ischämie oder linksbelastung t abnorm in anterioren ableitungen inferolateralen ableitungen xxxx unbestätigter bericht ,1,
 sinusrhythmus rechtstyp rechtsschenkelblock qrs ( t ) abnorm inferiorer myokardschaden möglich xxxx unbestätigter bericht ,3,
 sinusrhythmus schwierig bestimmbare qrs - achse unspezifisches abnormales t ,2,
 sinusrhythmus p - verbreiterung ueberdrehter linkstyp linksanteriorer fascicular block t abnormal in hochlateralen ableitungen pathologisch ,1,
 sinusrhythmus lagetyp normal st and t abnorm wahrscheinlich anterolaterale ischämie oder linksbelastung t abnorm in anterioren ableitungen inferolateralen ableitungen xxxx unbestätigter bericht ,2,
 sinusrhythmus lagetyp normal st and t abnorm wahrscheinlich anterolaterale ischämie oder linksbelastung inferolaterale ischämie oder linksbelastung xxxx unbestätigter bericht ,39,
 sinusrhythmus verdacht auf p - sinistrocardiale lagetyp normal xxxx unbestätigter bericht ,49,
 sinusrhythmus ueberdrehter linkstyp linksanteriorer fascicular block linkshypertrophie xxxx unbestätigter bericht ,1,
 sinus arrhythmie lagetyp normal sonst normales ecg xxxx unbestätigter bericht ,41,
 sinustachykardie p - sinistrocardiale linkstyp xxxx unbestätigter bericht ,1,
 sinusrhythmus lagetyp normal st and t abnorm wahrscheinlich anterolaterale ischämie oder linksbelastung inferolaterale ischämie oder linksbelastung t abnorm in anterioren ableitungen xxxx unbestätigter bericht ,2,
 sinusrhythmus lagetyp normal qrs ( t ) abnorm inferiorer infarkt alter unbest xxxx unbestätigter bericht ,60,
 sinusrhythmus lagetyp normal qrs ( t ) abnormal inferiorer infarkt alter unbest st and t abnormal wahrscheinlich hochlaterale ischämie oder linksbelastung t abnormal in anterioren ableitungen ,1,
 tachykardes vorhofflimmern lagetyp normal ves st - senkung in avf ii v5 - xxxx t neg in iii ,1,
 sinusrhythmus lagetyp normal unspezifisches abnormes t xxxx unbestätigter bericht ,149,
 ventrikuläre extrasystole ( n ) trigeminus supraventrikuläre arrhythmie av block i lagetyp normal linkshypertrophie möglich qt - verlängerung xxxx unbestätigter bericht ,1,
 jtachykardes vorhofflimmern linkstyp t abnormal in hochlateralen ableitungen ,1,
 sinusrhythmus verdacht auf p - sinistrocardiale linkstyp linksschenkelblock linkshypertrophie möglich xxxx unbestätigter bericht ,4,
 sinusrhythmus lagetyp normal unspezifischer intraventrikulärer block xxxx unbestätigter bericht ,20,
 vorhofflimmern - flattern schwierig bestimmbare qrs - achse periphere niederspannung t abnorm in inferioren ableitungen qt - verlängerung xxxx unbestätigter bericht ,1,
 sinusrhythmus linkstyp linkshypertrophie xxxx unbestätigter bericht ,6,
 sinusrhythmus linkstyp mässige amplitudenkriterien für linkshypertrophie xxxx unbestätigter bericht ,15,
 sinusrhythmus av block i ueberdrehter rechtstyp rechtshypertrophie qrs ( t ) abnorm lateraler myokardschaden möglich xxxx unbestätigter bericht ,1,
 sinusrhythmus linkstyp unvollständiger rechtsschenkelblock qrs ( t ) abnorm lateraler myokardschaden nicht auszuschliessen xxxx unbestätigter bericht ,2,
 sinusrhythmus periphere niederspannung qrs ( t ) abnormal anteroseptaler infarkt wahrscheinlich alt ,1,
 ventrikuläre extrasystole ( n ) sinusrhythmus linkstyp unspezifisches abnormales t ,2,
 sinusrhythmus linkstyp qrs ( t ) abnormal anterolateraler myokardschaden möglich ,2,
 supraventrikuläre extrasystole ( n ) sinusrhythmus linkstyp linksschenkelblock xxxx unbestätigter bericht ,2,
 sinusrhythmus ueberdrehter linkstyp qrs ( t ) abnorm anterolateraler infarkt möglich inferiorer infarkt wahrscheinlich alt xxxx unbestätigter bericht ,4,
 sinusrhythmus av block i p - verbreiterung linkstyp st and t abnormal wahrscheinlich anterolaterale ischämie oder linksbelastung ,1,
 vorhofflimmern - flattern schwierig bestimmbare qrs - achse periphere niederspannung qrs ( t ) abnorm anteroseptaler infarkt wahrscheinlich alt st and t abnorm wahrscheinlich anterolaterale ischämie oder linksbelastung t abnorm in inferolateralen ablei ,1,
 sinusrhythmus llt av - block xxxx grades chron anteriorer infarkt möglich st - hebung in iii avr st - senkung in i ii avl v2 - xxxx fehlende r - progression in v1 - xxxx ,1,
 sinusrhythmus av block i linkstyp chron anteroseptaler infarkt möglich st - hebung in iii avr v1 st - senkung in i avl v4 - xxxx q in iii chron inferiorer infarkt möglich ,1,
 sinusrhythmus seitenlagetyp vollständiger rechtsschenkelblock chronisch inferiorer infarkt möglich si - qiii verdacht auf le path ecg alter unbest ,1,
 sinusrhythmus linkstyp qrs ( t ) abnorm anteroseptaler infarkt alter unbest t abnorm in anterioren ableitungen lateralen ableitungen inferioren ableitungen xxxx unbestätigter bericht ,1,
 sinustachykardie lagetyp normal st - hebung in v2 v3 st - senkung in v4 v5 neg t in iii path ecg ,1,
 sinusrhythmus verdacht auf p - sinistrocardiale linkstyp qrs ( t ) abnorm inferiorer infarkt wahrscheinlich alt xxxx unbestätigter bericht ,3,
 kammerrhythmus linkslagetyp av - block iii grades subakuter infarkt sicher ( inferior posterior ) path ecg ,1,
 ventrikuläre extrasystole ( n ) sinusrhythmus linkstyp xxxx unbestätigter bericht ,6,
 kammer - rhythmus lagetyp normal av - block iii grades intraventr leitungsstörung in avf sicher subakuter inferiorer - posteriorer infarkt path ecg ,1,
 sinusrhythmus linkstyp unspezifisches abnormes t xxxx unbestätigter bericht ,50,
 ventrikuläre extrasystole ( n ) sinus arrhythmie lagetyp normal xxxx unbestätigter bericht ,13,
 sinustachykardie linkslagetyp intraventr leitungsstörung in v2 v6 inferiorer infarkt sicher ( akut chronisch ) vorhofsüberbelastung links st - senkung in avl i path ecg ,1,
 sinusrhythmus schwierig bestimmbare qrs - achse rechtsschenkelblock qrs ( t ) abnorm inferiorer infarkt wahrscheinlich alt xxxx unbestätigter bericht ,1,
 sinusrhythmus linkstyp qrs ( t ) abnormal hochlateraler infarkt möglich edit lmi xxxx qi avl ,1,
 ventrikuläre extrasystole ( n ) vorhofflimmern - flattern lagetyp normal st and t abnorm wahrscheinlich anterolaterale ischämie oder linksbelastung xxxx unbestätigter bericht ,2,
 sinusrhythmus linkstyp unspezifischer intraventrikulärer block qrs ( t ) abnorm anterolateraler infarkt möglich inferiorer infarkt alter unbest xxxx unbestätigter bericht ,1,
 seitenlagetyp normales ecg ,1,
 sinusrhythmus linkstyp qrs ( t ) abnorm inferiorer infarkt möglich xxxx unbestätigter bericht ,18,
 sinusrhythmus lagetyp normal unvollständiger rechtsschenkelblock linkshypertrophie möglich qt - verlängerung ,1,
 supraventrikuläre extrasystole ( n ) sinusrhythmus lagetyp normal sonst normales ecg xxxx unbestätigter bericht ,31,
 vorhofflimmern - flattern ueberdrehter linkstyp qrs ( t ) abnorm anteroseptaler infarkt alter unbest inferiorer infarkt alter unbest xxxx unbestätigter bericht ,1,
 sinustachykardie lagetyp normal qrs ( t ) abnorm inferiorer infarkt alter unbest st and t abnorm wahrscheinlich anterolaterale ischämie oder linksbelastung xxxx unbestätigter bericht ,1,
 ventrikuläre extrasystole ( n ) sinusrhythmus lagetyp normal unspezifische intraventrikuläre leitungsstörung xxxx unbestätigter bericht ,1,
 sinusrhythmus linkstyp qt - verlängerung xxxx unbestätigter bericht ,8,
 ventrikuläre extrasystole ( n ) sinustachykardie lagetyp normal fokaler block v2 vorhofsüberlastung rechts edit rao sehr arrhythmisches ecg ,1,
 sinus arrhythmie lagetyp normal st and t abnormal wahrscheinlich hochlaterale ischämie oder linksbelastung ,2,
 sinusrhythmus lagetyp normal qrs ( t ) abnorm inferiorer myokardschaden möglich t abnorm in anterioren ableitungen xxxx unbestätigter bericht ,2,
 sinusrhythmus lagetyp normal qrs ( t ) abnormal anteroseptaler infarkt wahrscheinlich alt hochlateraler infarkt möglich ,3,
 sinusrhythmus linkstyp t abnormal in inferioren ableitungen ,3,
 sinusrhythmus ueberdrehter linkstyp linksanteriorer fascicular block rechtsschenkelblock bifaszikulärer block qrs ( t ) abnorm anteroseptaler infarkt alter unbest xxxx unbestätigter bericht ,1,
 supraventrikuläre tachykardie lagetyp normal rechtsschenkelblock xxxx unbestätigter bericht ,1,
 sinusrhythmus lagetyp normal av - block xxxx grades subakuter inferiorer infarkt p in t - welle bei ausgeprägtem av - block xxxx gr ,1,
 sinusrhythmus lagetyp normal st and t abnorm wahrscheinlich anteriore ischämie oder linksbelastung inferolaterale ischämie oder linksbelastung xxxx unbestätigter bericht ,4,
 sinusrhythmus linkstyp st and t abnorm wahrscheinlich inferiore ischämie oder linksbelastung xxxx unbestätigter bericht ,3,
 interponierte supraventrikuläre extrasystole ( n ) sinusrhythmus verdacht auf p - sinistrocardiale lagetyp normal mässige amplitudenkriterien für linkshypertrophie xxxx unbestätigter bericht ,1,
 sinusrhythmus lagetyp normal qrs ( t ) abnorm inferiorer infarkt wahrscheinlich alt t abnorm in hochlateralen ableitungen xxxx unbestätigter bericht ,3,
 sinusrhythmus lagetyp normal t abnorm in anterioren ableitungen lateralen ableitungen xxxx unbestätigter bericht ,3,
 sinusrhythmus linkstyp rechtsschenkelblock qrs ( t ) abnorm inferiorer infarkt möglich xxxx unbestätigter bericht ,3,
 sinusrhythmus linkstyp qrs ( t ) abnorm inferiorer infarkt alter unbest t abnorm in anterolateralen ableitungen xxxx unbestätigter bericht ,4,
 vorhofflimmern - flattern lagetyp normal qrs ( t ) abnorm inferiorer infarkt alter unbest xxxx unbestätigter bericht ,2,
 supraventrikuläre extrasystole ( n ) sinusrhythmus lagetyp normal unspezifische intraventrikuläre leitungsstörung t abnorm in inferioren ableitungen xxxx unbestätigter bericht ,1,
 sinus arrhythmie av block i lagetyp normal chron infero - posteriorer infarkt vorhofsüberlastung links t neg in iii ,1,
 sinus arrhythmie lagetyp normal qrs ( t ) abnorm inferiorer myokardschaden möglich xxxx unbestätigter bericht ,4,
 sinusrhythmus av block i linkstyp qrs ( t ) abnormal inferiorer infarkt alter unbest ,1,
 sinusrhythmus lagetyp normal periphere niederspannung linksschenkelblock linkshypertrophie möglich xxxx unbestätigter bericht ,2,
 vorhofflimmern - flattern lagetyp normal t abnorm in inferioren ableitungen xxxx unbestätigter bericht ,6,
 supraventrikuläre arrhythmie lagetyp normal unvollständiger rechtsschenkelblock sonst normales ecg xxxx unbestätigter bericht ,2,
 sinusrhythmus schwierig bestimmbare qrs - achse periphere niederspannung unvollständiger linksschenkelblock qrs ( t ) abnormal inferiorer infarkt alter unbest ,1,
 sinusrhythmus lagetyp normal st - senkung in v4 - xxxx ,1,
 sinusrhythmus av block i lagetyp normal qrs ( t ) abnorm anteroseptaler infarkt alter unbest st and t abnorm wahrscheinlich inferiore ischämie oder linksbelastung t abnorm in anterioren ableitungen lateralen ableitungen xxxx edit asmi xxxx almi xxxx 1avb ( asmi xxxx injil 1avb ) ,1,
 sinusrhythmus schwierig bestimmbare qrs - achse unspezifischer intraventrikulärer block qrs ( t ) abnorm anteriorer infarkt alter unbest xxxx unbestätigter bericht ,2,
 supraventrikuläre extrasystole ( n ) sinustachykardie lagetyp normal st - hebung in v1 - xxxx ,1,
 sinusrhythmus ueberdrehter linkstyp vollstaendiger linksschenkelblock pathologisches ecg ,1,
 sinusrhythmus ueberdrehter linkstyp periphere niederspannung qrs ( t ) abnormal inferiorer infarkt alter unbest ,1,
 multiforme ventrikuläre extrasystole ( n ) in 2er salve vorhofs - es mlt partieller rechtsschenkelblock vorhofstachykardie atriale vorhofsueberbelastung rechts st - senkung in v2 - v4 pathologisches ecg ,1,
 sinusrhythmus av block i linkstyp qrs ( t ) abnormal inferiorer infarkt wahrscheinlich alt ,1,
 sinusrhythmus linkstyp mässige amplitudenkriterien für linkshypertrophie qrs ( t ) abnorm anterolateraler myokardschaden möglich inferiorer infarkt alter unbest xxxx unbestätigter bericht ,1,
 sinusrhythmus av block i lagetyp normal mässige amplitudenkriterien für linkshypertrophie qrs ( t ) abnorm anteroseptaler infarkt alter unbest st and t abnorm wahrscheinlich inferiore ischämie oder linksbelastung t abnorm in anterioren ableitungen ,1,
 sinusbradykardie av block i lagetyp normal chron infero - posteriorer infarkt vorhofsüberlastung links st - senkung in i ii v2 - xxxx dd digitalis t spitz in v2 - xxxx ,1,
 ventrikuläre extrasystole ( n ) trigeminus sinusrhythmus ueberdrehter linkstyp linksschenkelblock linkshypertrophie möglich xxxx unbestätigter bericht ,1,
 sinusbradykardie lagetyp normal vorhoflüberlastung links möglich schlechte r - progession über vorderwand ,1,
 sinusrhythmus verdacht auf p - sinistrocardiale linkstyp unspezifische intraventrikuläre leitungsstörung xxxx unbestätigter bericht ,2,
 sinusrhythmus ueberdrehter linkstyp linksanteriorer fascicular block linkshypertrophie qrs ( t ) abnorm anteriorer infarkt alter unbest xxxx unbestätigter bericht ,1,
 sinusrhythmus lagetyp normal qrs ( t ) abnorm inferiorer myokardschaden möglich xxxx unbestätigter bericht ,48,
 vorhofflimmern - flattern lagetyp normal unspezifische abnorme st - senkung unspezifisches abnormes t xxxx unbestätigter bericht ,3,
 sinusrhythmus p - sinistrocardiale lagetyp normal unspezifisches abnormes t qt - verlängerung xxxx unbestätigter bericht ,1,
 sinusrhythmus av block i llt schlechte r - progression v1 - xxxx periphere niederspannung vorhofsüberlastung beidseits st - senkung in v5 - xxxx ( digitalis ) ,1,
 sinusrhythmus ueberdrehter linkstyp qrs ( t ) abnorm anteriorer infarkt alter unbest t abnorm in lateralen ableitungen xxxx unbestätigter bericht ,7,
 sinusrhythmus lagetyp normal intraventr leitungsstoerung iii t - veraenderungen flach v5 v6 ecg normal ,1,
 sinusrhythmus rechtstyp nicht sign q in iii st - hebung v1 v4 t - veraenderungen avr ecg wahrscheinlich normal ,1,
 sinusrhythmus linkstyp unvollständiger rechtsschenkelblock qrs ( t ) abnorm inferiorer infarkt alter unbest t abnorm in anterolateralen ableitungen xxxx unbestätigter bericht ,1,
 vorhofflimmern - flattern lagetyp normal r - s übergang in v ableitungen nach rechts verschoben unvollständiger rechtsschenkelblock xxxx unbestätigter bericht ,1,
 sinusrhythmus lagetyp normal qrs ( t ) abnorm inferiorer infarkt alter unbest t abnorm in anterolateralen ableitungen xxxx unbestätigter bericht ,6,
 sinusrhythmus p - verbreiterung linkstyp xxxx unbestätigter bericht ,12,
 sinusbradykardie p - verbreiterung linkstyp unspezifische intraventrikuläre leitungsstörung qrs ( t ) abnorm anteroseptaler infarkt alter unbest xxxx unbestätigter bericht ,1,
 tachykardes vorhofflimmern lagetyp normal mässige amplitudenkriterien für linkshypertrophie st and t abnorm wahrscheinlich anterolaterale ischämie oder linksbelastung inferolaterale ischämie oder linksbelastung xxxx unbestäti ,5,
 sinusrhythmus linkstyp unvollständiger rechtsschenkelblock qrs ( t ) abnorm inferiorer infarkt alter unbest xxxx unbestätigter bericht ,1,
 sinusrhythmus linkstyp st and t abnorm wahrscheinlich anterolaterale ischämie oder linksbelastung t abnorm in inferolateralen ableitungen xxxx unbestätigter bericht ,1,
 sinusrhythmus ueberdrehter linkstyp linksanteriorer fascicular block qrs ( t ) abnormal inferiorer infarkt wahrscheinlich alt ,1,
 sinusrhythmus lagetyp normal infarkt inferior chronisch moeglich q in ii iii avf st - hebung v2 r st - senkung ii iii avf verdacht auf digitalisveraenderung ecg pathologisch ,1,
 sinusrhythmus verdacht auf p - sinistrocardiale linkstyp linksschenkelblock linkshypertrophie möglich ,1,
 sinusrhythmus p - verbreiterung linkstyp qrs ( t ) abnorm lateraler myokardschaden nicht auszuschliessen xxxx unbestätigter bericht ,1,
 sinusrhythmus av block i lagetyp normal qrs ( t ) abnorm anteroseptaler infarkt wahrscheinlich alt inferiorer infarkt wahrscheinlich alt st and t abnorm wahrscheinlich anterolaterale ischämie oder linksbelastung xxxx ,1,
 sinusrhythmus av block i lagetyp normal linksschenkelblock linkshypertrophie möglich xxxx unbestätigter bericht ,2,
 sinus arrhythmie lagetyp normal periphere niederspannung t abnorm in inferioren ableitungen xxxx unbestätigter bericht ,1,
 sinusrhythmus ueberdrehter linkstyp qt - verlängerung xxxx unbestätigter bericht ,1,
 sinusbradykardie lagetyp normal mässige amplitudenkriterien für linkshypertrophie unspezifisches abnormes t xxxx unbestätigter bericht ,1,
 sinusrhythmus lagetyp normal st and t abnorm wahrscheinlich hochlaterale ischämie oder linksbelastung xxxx unbestätigter bericht ,7,
 sinusbradykardie lagetyp normal sonst normales ecg xxxx unbestätigter bericht ,34,
 sinusrhythmus av block i verdacht auf p - sinistrocardiale lagetyp normal qrs ( t ) abnormal lateraler myokardschaden möglich st and t abnormal wahrscheinlich inferolaterale ischämie oder linksbelastung ,1,
 sinusrhythmus verdacht auf p - sinistrocardiale lagetyp normal qrs ( t ) abnorm inferiorer infarkt alter unbest t abnorm in anterolateralen ableitungen xxxx unbestätigter bericht ,1,
 sinusrhythmus lagetyp normal normales ecg xxxx unbestätigter bericht edit norm xxxx rsriii ( norm xxxx ) ,1,
 sinusrhythmus verdacht auf p - sinistrocardiale linkstyp periphere niederspannung qrs ( t ) abnorm inferiorer infarkt wahrscheinlich alt xxxx unbestätigter bericht ,1,
 sinusrhythmus linkstyp sonst normales ecg xxxx unbestätigter bericht edit norm xxxx ( m xxxx ) imi durch rsriii und rs mit knotung vorgetäuscht ( norm xxxx ) ,1,
 sinusrhythmus linkstyp periphere niederspannung unvollständiger linksschenkelblock qrs ( t ) abnorm inferiorer infarkt alter unbest t abnorm in anterolateralen ableitungen xxxx unbestätigter bericht ,1,
 sinusrhythmus av block i p - sinistrocardiale linkstyp periphere niederspannung qrs ( t ) abnorm anteroseptaler infarkt wahrscheinlich alt xxxx unbestätigter bericht ,1,
 sinusrhythmus lagetyp normal qrs ( t ) abnorm inferiorer myokardschaden nicht auszuschliessen xxxx unbestätigter bericht ,21,
 sinusrhythmus lagetyp normal qrs ( t ) abnormal hochlateraler infarkt möglich st and t abnormal wahrscheinlich laterale ischämie oder linksbelastung inferolaterale ischämie oder linksbelastung ,3,
 ventrikuläre extrasystole ( n ) sinusrhythmus av block i rechtstyp unspezifischer intraventrikulärer block qrs ( t ) abnorm anteroseptaler infarkt alter unbest xxxx unbestätigter bericht ,1,
 sinusrhythmus ventrikulaere extrasystolen uniform lagetyp normal intraventr leitungsstoerung v1 q in iii st - senkung muldenfoermig v6 ecg pathologisch ,1,
 ventrikuläre extrasystole ( n ) trigeminus sinus arrhythmie linkstyp mässige amplitudenkriterien für linkshypertrophie t abnorm in anterolateralen ableitungen xxxx unbestätigter bericht ,1,
 sinusrhythmus ueberdrehter linkstyp rechtsschenkelblock qrs ( t ) abnorm lateraler myokardschaden möglich xxxx unbestätigter bericht ,2,
 sinustachykardie p - sinistrocardiale linkstyp mässige amplitudenkriterien für linkshypertrophie st and t abnorm wahrscheinlich anteriore ischämie oder linksbelastung xxxx unbestätigter bericht ,1,
 sinusrhythmus lagetyp normal st - hebung in v2 - xxxx t neg in v1 ,1,
 sinusrhythmus linkstyp qrs ( t ) abnorm inferiorer infarkt wahrscheinlich alt st and t abnorm wahrscheinlich hochlaterale ischämie oder linksbelastung t abnorm in lateralen ableitungen xxxx unbestätigter bericht ,2,
 sinusrhythmus lagetyp normal mässige amplitudenkriterien f#r linkshypertrophie st and t abnormal wahrscheinlich anterolaterale ischämie oder linksbelastung ,1,
 ventrikuläre extrasystole ( n ) supraventrikuläre extrasystole ( n ) sinusrhythmus linkstyp qt - verlängerung ,1,
 sinusrhythmus lagetyp normal qrs ( t ) abnorm inferiorer infarkt wahrscheinlich alt st and t abnorm wahrscheinlich hochlaterale ischämie oder linksbelastung t abnorm in anterioren ableitungen xxxx unbestätigter bericht ,1,
 ventrikuläre extrasystole ( n ) sinusrhythmus lagetyp normal qrs ( t ) abnorm inferiorer infarkt wahrscheinlich alt xxxx unbestätigter bericht ,1,
 sinusrhythmus p - verbreiterung lagetyp normal qrs ( t ) abnorm anteroseptaler infarkt möglich t abnorm in anterioren ableitungen xxxx unbestätigter bericht ,1,
 sinus bradykardie av - block xxxx grades linkstyp ecg pathologisch ,1,
 sinusbradykardie lagetyp normal qrs ( t ) abnormal hochlateraler infarkt möglich ,2,
 sinusrhythmus ueberdrehter linkstyp qrs ( t ) abnormal inferiorer infarkt alter unbest ,3,
 tachykardes vorhofflimmern lagetyp normal periphere niederspannung st and t abnorm wahrscheinlich inferiore ischämie oder linksbelastung xxxx unbestätigter bericht ,1,
 sinus arrhythmie p - verbreiterung lagetyp normal unspezifische abnormale st - senkung unspezifisches abnormales t ,1,
 sinusrhythmus verdacht auf p - sinistrocardiale lagetyp normal t abnorm in anterioren ableitungen ,1,
 sinustachykardie lagetyp normal st and t abnorm wahrscheinlich anterolaterale ischämie oder linksbelastung t abnorm in inferioren ableitungen xxxx unbestätigter bericht ,1,
 sinusrhythmus av block i schwierig bestimmbare qrs - achse linksanteriorer fascicular block xxxx unbestätigter bericht ,1,
 sinusrhythmus lagetyp normal unvollständiger rechtsschenkelblock qrs ( t ) abnormal hochlateraler infarkt möglich ,2,
 sinusrhythmus linkstyp av - block i grades inferiorer infarkt chronisch moeglich sign q in avf + iii t - veraenderungen neg iii v1 ecg pathologisch ,1,
 tachykardes vorhofflimmern lagetyp normal unspezifischer intraventrikulärer block xxxx unbestätigter bericht ,2,
 sinusrhythmus av block i p - verbreiterung lagetyp normal qrs ( t ) abnorm inferiorer infarkt wahrscheinlich alt xxxx unbestätigter bericht ,1,
 sinusrhythmus ueberdrehter linkstyp xxxx unbestätigter bericht ,17,
 vorhofflimmern - flattern ueberdrehter linkstyp periphere niederspannung qrs ( t ) abnormal anteroseptaler infarkt wahrscheinlich alt inferiorer infarkt wahrscheinlich alt ,1,
 sinusrhythmus lagetyp normal qrs ( t ) abnorm lateraler myokardschaden nicht auszuschliessen xxxx unbestätigter bericht ,4,
 supraventrikuläre extrasystole ( n ) supraventrikuläre ersatzsystole ( n ) sinusrhythmus lagetyp normal sonst normales ecg xxxx unbestätigter bericht ,1,
 supraventrikuläre arrhythmie linkstyp qrs ( t ) abnorm anterolateraler infarkt möglich inferiorer infarkt wahrscheinlich alt xxxx unbestätigter bericht ,1,
 sinusrhythmus lagetyp normal unvollständiger rechtsschenkelblock qrs ( t ) abnormal lateraler infarkt wahrscheinlich alt ,1,
 sinusrhythmus ueberdrehter linkstyp schenkelblock links anteriorer fascicular block t - veraenderungen v1 - v6 grenzbefund ,1,
 sinusrhythmus ueberdrehter linkstyp schenkelblock links anteriorer fascicular block vorhofsueberbelastung rechts st - hebung v1 v2 st - senkung v2 v6 verzoegerte r - progression zu kurze pq - zeit evt ueberlastung re vorhof ,1,
 sinusrhythmus linkstyp unvollständiger rechtsschenkelblock unspezifisches abnormales t ,2,
 sinus bradykardie lagetyp normal st - hebung v1 v2 v3 t - veraenderungen iii ecg normal ,1,
 sinusrhythmus linkstyp verzögerte r - progression normales ecg ,1,
 sinusrhythmus lagetyp normal unvollständiger rechtsschenkelblock qrs ( t ) abnormal anteriorer infarkt wahrscheinlich alt hochlateraler infarkt möglich ,1,
 sinusrhythmus linkstyp qrs ( t ) abnorm inferiorer infarkt wahrscheinlich alt t abnorm in hochlateralen ableitungen xxxx unbestätigter bericht ,4,
 normokardes vorhofflimmern ueberdrehter linkstyp linksanteriorer fascicular block t flach - neg inferior ,1,
 sinusrhythmus linkstyp qrs ( t ) abnorm anteroseptaler infarkt alter unbest t abnorm in anterioren ableitungen lateralen ableitungen inferolateralen ableitungen xxxx unbestätigter bericht ,3,
 beschleunigter av - rhythmus ueberdrehter linkstyp qrs ( t ) abnorm inferiorer infarkt mögl akut st and t abnorm wahrscheinlich hochlaterale ischämie oder linksbelastung xxxx unbestätigter bericht ,1,
 sinusrhythmus lagetyp normal qrs ( t ) abnormal lateraler infarkt wahrscheinlich alt ,1,
 sinusrhythmus rechtstyp periphere niederspannung qrs ( t ) abnorm hochlateraler infarkt nicht auszuschliessen xxxx unbestätigter bericht ,5,
 vorhofflimmern - flattern lagetyp normal qrs ( t ) abnorm inferiorer infarkt alter unbest st and t abnorm wahrscheinlich anteriore ischämie oder linksbelastung laterale ischämie oder linksbelastung xxxx unbestätigter beri ,1,
 vorhofflimmern - flattern lagetyp normal qrs ( t ) abnorm anteroseptaler infarkt wahrscheinlich alt inferiorer myokardschaden möglich st and t abnorm wahrscheinlich anterolaterale ischämie oder linksbelastung xxxx unbestät ,1,
 ventrikuläre extrasystole ( n ) sinus arrhythmie av block i p - verbreiterung lagetyp normal xxxx unbestätigter bericht ,1,
 sinus arrhythmie av block i ueberdrehter linkstyp rechtsschenkelblock qrs ( t ) abnorm anteriorer infarkt alter unbest inferiorer infarkt mögl akut xxxx unbestätigter bericht ,1,
 ventrikuläre extrasystole ( n ) tachykardes vorhofflimmern linkstyp rechtsschenkelblock xxxx unbestätigter bericht ,1,
 supraventrikuläre extrasystole ( n ) sinusrhythmus rechtstyp rechtsschenkelblock ,1,
 beschleunigter av - rhythmus ueberdrehter linkstyp qrs ( t ) abnorm inferiorer infarkt mögl akut st and t abnorm wahrscheinlich laterale ischämie oder linksbelastung xxxx unbestätigter bericht ,1,
 sinusrhythmus p - sinistrocardiale ueberdrehter linkstyp qrs ( t ) abnorm anteroseptaler infarkt alter unbest t abnorm in hochlateralen ableitungen xxxx unbestätigter bericht ,2,
 sinusrhythmus verdacht auf p - sinistrocardiale linkstyp xxxx unbestätigter bericht ,20,
 sinusrhythmus p - sinistrocardiale lagetyp normal qrs ( t ) abnorm anteroseptaler infarkt wahrscheinlich alt xxxx unbestätigter bericht ,2,
 sinusrhythmus verdacht auf p - sinistrocardiale lagetyp normal qt - verlängerung xxxx unbestätigter bericht ,2,
 sinusrhythmus linkstyp rechtsschenkelblock xxxx unbestätigter bericht ,12,
 sinusrhythmus ueberdrehter linkstyp linkshypertrophie möglich qrs ( t ) abnorm anteroseptaler myokardschaden möglich xxxx unbestätigter bericht ,1,
 sinusrhythmus lagetyp normal st and t abnorm wahrscheinlich anterolaterale ischämie oder linksbelastung xxxx unbestätigter bericht ,17,
 sinusrhythmus p - verbreiterung ueberdrehter linkstyp linksanteriorer fascicular block rechtsschenkelblock bifaszikulärer block xxxx unbestätigter bericht ,2,
 sinusrhythmus ueberdrehter linkstyp linksschenkelblock ,7,
 vorhofflimmern - flattern lagetyp normal st and t abnorm wahrscheinlich inferiore ischämie oder linksbelastung xxxx unbestätigter bericht ,6,
 sinusrhythmus av block i ueberdrehter linkstyp qrs ( t ) abnorm inferiorer infarkt mögl akut st and t abnorm wahrscheinlich hochlaterale ischämie oder linksbelastung xxxx unbestätigter bericht ,1,
 sinusrhythmus lagetyp normal unspezifische abnorme st - senkung xxxx unbestätigter bericht ,15,
 sinusrhythmus linkstyp unspezifische intraventrikuläre leitungsstörung qrs ( t ) abnorm inferiorer infarkt alter unbest xxxx unbestätigter bericht ,3,
 sinusrhythmus verdacht auf p - sinistrocardiale lagetyp normal qrs ( t ) abnorm anteroseptaler infarkt wahrscheinlich alt inferiorer infarkt wahrscheinlich alt t abnorm in lateralen ableitungen xxxx unbestätigter bericht ,1,
 sinusrhythmus linkstyp st and t abnormal wahrscheinlich anteriore ischämie oder linksbelastung ,2,
 tachykardes vorhofflimmern lagetyp normal st and t abnorm wahrscheinlich anteriore ischämie oder linksbelastung laterale ischämie oder linksbelastung inferolaterale ischämie oder linksbelastung xxxx unbestätigter bericht ,8,
 vorhofflimmern - flattern linkstyp linkshypertrophie möglich ,1,
 sinusrhythmus ueberdrehter linkstyp linksanteriorer fascicular block unvollständiger rechtsschenkelblock t abnormal in hochlateralen ableitungen schlechte r - progression pathologisch ,1,
 tachykardes vorhofflimmern lagetyp normal qrs ( t ) abnormal inferiorer infarkt alter unbest st and t abnormal wahrscheinlich hochlaterale ischämie oder linksbelastung t abnormal in anterioren ableitungen ,1,
 supraventrikuläre extrasystole ( n ) sinusrhythmus lagetyp normal qrs ( t ) abnorm anteroseptaler infarkt wahrscheinlich alt st and t abnorm wahrscheinlich anterolaterale ischämie oder linksbelastung t abnorm in inferolateralen ableitungen xxxx ,1,
 supraventrikuläre ersatzsystole ( n ) interponierte supraventrikuläre extrasystole ( n ) sinusrhythmus schwierig bestimmbare qrs - achse rechtsschenkelblock ,1,
 sinusrhythmus ueberdrehter linkstyp qrs ( t ) abnorm anteriorer infarkt mögl akut inferiorer infarkt möglich t abnorm in lateralen ableitungen xxxx unbestätigter bericht ,1,
 sinus arrhythmie extrem ueberdrehter rechtstyp unspezifischer intraventrikulärer block qrs ( t ) abnorm inferiorer infarkt wahrscheinlich alt xxxx unbestätigter bericht ,1,
 sinusrhythmus ueberdrehter linkstyp mässige amplitudenkriterien für linkshypertrophie qrs ( t ) abnorm septaler infarkt nicht auszuschliessen xxxx unbestätigter bericht ,1,
 sinusrhythmus ueberdrehter rechtstyp periphere niederspannung rechtsschenkelblock xxxx unbestätigter bericht ,1,
 supraventrikuläre arrhythmie linkstyp t abnorm in inferioren ableitungen xxxx unbestätigter bericht ,2,
 sinusrhythmus verdacht auf p - sinistrocardiale linkstyp st and t abnorm wahrscheinlich hochlaterale ischämie oder linksbelastung xxxx unbestätigter bericht ,1,
 sinusrhythmus lagetyp normal vorhofsueberlastung rechts grenzbefund ,1,
 sinusbradykardie linkstyp sonst normales ecg xxxx unbestätigter bericht ,9,
 sinusrhythmus verdacht auf p - sinistrocardiale linkstyp qrs ( t ) abnormal inferiorer infarkt wahrscheinlich alt st and t abnormal wahrscheinlich anterolaterale ischämie oder linksbelastung ,1,
 sinusrhythmus lagetyp normal unspezifische abnormale st - senkung ,7,
 sinustachykardie linkslagetyp t - veränderungen grenzbefund ,1,
 sinusrhythmus p - sinistrocardiale lagetyp normal st and t abnorm wahrscheinlich inferiore ischämie oder linksbelastung xxxx unbestätigter bericht ,1,
 sinusrhythmus ueberdrehter linkstyp rechtsschenkelblock qrs ( t ) abnorm lateraler infarkt wahrscheinlich alt inferiorer infarkt wahrscheinlich alt xxxx unbestätigter bericht ,1,
 sinusrhythmus ueberdrehter linkstyp linksschenkelblock ventr extrasystolen uniform > xxxx - min teilw bigeminie pathologisch ,1,
 sinusrhythmus lagetyp normal lagetyp in anbetracht des alters normal rechtsschenkelblock xxxx unbestätigter bericht ,1,
 sinusrhythmus p - verbreiterung lagetyp normal qrs ( t ) abnorm inferiorer infarkt wahrscheinlich alt xxxx unbestätigter bericht ,1,
 sinusrhythmus lagetyp normal qrs ( t ) abnorm anteriorer infarkt alter unbest t abnorm in hochlateralen ableitungen xxxx unbestätigter bericht ,4,
 sinusrhythmus ueberdrehter linkstyp qrs ( t ) abnorm inferiorer infarkt alter unbest st and t abnorm wahrscheinlich laterale ischämie oder linksbelastung xxxx unbestätigter bericht ,1,
 sinustachykardie ueberdrehter linkstyp linksschenkelblock st - hebung pathologisch ,1,
 sinusrhythmus linkstyp unvollständiger rechtsschenkelblock sonst normales ecg xxxx unbestätigter bericht ,10,
 sinustachykardie lagetyp normal schlechte r - progression vorhofsueberlastung grenzbefund ,1,
 regelmässiger rhythmus keine p - welle erkannt lagetyp normal st and t abnormal wahrscheinlich anteriore ischämie oder linksbelastung laterale ischämie oder linksbelastung inferolaterale ischämie oder linksbelastung ,1,
 vorhofflimmern - flattern ueberdrehter linkstyp rechtsschenkelblock xxxx unbestätigter bericht ,3,
 sinusrhythmus p - verbreiterung linkstyp periphere niederspannung unspezifisches abnormes t xxxx unbestätigter bericht ,1,
 tachykardes vorhofflimmern lagetyp normal schlechte r - progression pathologisch ,2,
 sinustachykardie schwierig bestimmbare qrs - achse r - s #bergang in v ableitungen nach links verschoben qrs ( t ) abnormal hochlateraler infarkt möglich ,1,
 sinusrhythmus p - verbreiterung ueberdrehter linkstyp qrs ( t ) abnorm anteriorer infarkt wahrscheinlich alt t abnorm in hochlateralen ableitungen xxxx unbestätigter bericht ,1,
 vorhofflimmern - flattern lagetyp normal unspezifischer intraventrikulärer block xxxx unbestätigter bericht ,5,
 ventrikuläre extrasystole ( n ) sinus arrhythmie linkstyp st and t abnorm wahrscheinlich hochlaterale ischämie oder linksbelastung xxxx unbestätigter bericht ,1,
 sinusrhythmus rechtstyp qrs ( t ) abnormal anteriorer infarkt alter unbest keine r - progression pathologisch ,1,
 sinusrhythmus ueberdrehter linkstyp qrs ( t ) abnorm anteriorer infarkt mögl akut inferiorer infarkt alter unbest st and t abnorm wahrscheinlich hochlaterale ischämie oder linksbelastung xxxx unbestätigter bericht ,2,
 ventrikuläre extrasystole ( n ) tachykardes vorhofflimmern lagetyp normal mässige amplitudenkriterien für linkshypertrophie st and t abnorm wahrscheinlich anterolaterale ischämie oder linksbelastung inferolaterale ischämie oder linksbelastung xxxx ,3,
 sinusrhythmus linkstyp überdreht t - veraenderungen in v1 - v4 pathologisches ecg ,1,
 sinusrhythmus lagetyp normal periphere niederspannung qrs ( t ) abnormal anteroseptaler infarkt alter unbest ,2,
 sinusrhythmus lagetyp normal st and t abnormal wahrscheinlich hochlaterale ischämie oder linksbelastung ,6,
 sinusrhythmus av block i lagetyp normal st and t abnormal wahrscheinlich anterolaterale ischämie oder linksbelastung inferolaterale ischämie oder linksbelastung ,2,
 sinusrhythmus lagetyp normal t abnormal in anterolateralen ableitungen ,1,
 supraventrikuläre extrasystole ( n ) interponierte supraventrikuläre extrasystole ( n ) sinusrhythmus lagetyp normal mässige amplitudenkriterien f#r linkshypertrophie t abnormal in hochlateralen ableitungen ,1,
 vorhofflimmern - flattern ueberdrehter linkstyp rechtsschenkelblock qrs ( t ) abnorm lateraler infarkt alter unbest inferiorer infarkt möglich xxxx unbestätigter bericht ,2,
 sinusrhythmus rechtstyp qrs ( t ) abnorm inferiorer myokardschaden möglich xxxx unbestätigter bericht ,1,
 sinusrhythmus linkstyp unspezifische intraventrikuläre leitungsstörung unspezifisch abnormes st and t ( hebung ) xxxx unbestätigter bericht ,1,
 sinusrhythmus mlt linke vorhofsueberbelastung t - veraenderungen in avl v1 grenzbefund ,1,
 sinusbradykardie mlt t - veraenderungen in v1 normales ecg ,1,
 ventrikuläre extrasystole ( n ) sinustachykardie lagetyp normal ,1,
 ventrikuläre extrasystole ( n ) vorhofflimmern - flattern lagetyp normal mässige amplitudenkriterien für linkshypertrophie qrs ( t ) abnorm inferiorer infarkt alter unbest st abnorm möglicherweise hochlateraler innenschichtsschaden xxxx ,1,
 sinusrhythmus verdacht auf p - sinistrocardiale lagetyp normal unspezifisches abnormes t xxxx unbestätigter bericht ,10,
 sinusrhythmus verdacht auf p - sinistrocardiale linkstyp qrs ( t ) abnormal anteroseptaler infarkt wahrscheinlich alt t abnormal wahrscheinlich anterolateraler myokardschaden inferiorer myokardschaden sportlerherz! ,1,
 sinusrhythmus av block i p - verbreiterung lagetyp normal qrs ( t ) abnorm inferiorer myokardschaden möglich xxxx unbestätigter bericht ,3,
 supraventrikuläre extrasystole ( n ) sinusrhythmus linkstyp unspezifische intraventrikuläre leitungsstörung ,1,
 sinusrhythmus linkstyp mässige amplitudenkriterien für linkshypertrophie t abnorm in inferioren ableitungen xxxx unbestätigter bericht ,1,
 sinusrhythmus lagetyp normal qrs ( t ) abnormal hochlateraler infarkt möglich edit lmi xxxx ( norm xxxx ) ,1,
 sinusbradykardie mlt rechts t - veraenderungen in iii v1 v3 normales ecg ,1,
 sinus arrhythmie schwierig bestimmbare qrs - achse rechtshypertrophie möglich qrs ( t ) abnormal septaler myokardschaden nicht auszuschliessen ,1,
 sinusrhythmus lagetyp normal unspezifisches abnormes t qt - verlängerung xxxx unbestätigter bericht ,16,
 sinusrhythmus lagetyp normal t abnorm in anterioren ableitungen inferolateralen ableitungen xxxx unbestätigter bericht ,2,
 vorhofflimmern - flattern ueberdrehter linkstyp unspezifischer intraventrikulärer block linkshypertrophie ,1,
 sinustachykardie lagetyp normal linkshypertrophie möglich ,1,
 ventrikuläre extrasystole ( n ) sinus arrhythmie lagetyp normal qrs ( t ) abnorm inferiorer infarkt wahrscheinlich alt xxxx unbestätigter bericht ,1,
 sinusrhythmus lagetyp normal r - s übergang in v ableitungen nach rechts verschoben sonst normales ecg xxxx unbestätigter bericht edit norm xxxx ( norm xxxx ) ,1,
 sinusrhythmus lagetyp normal qrs ( t ) abnorm anteriorer infarkt alter unbest inferiorer infarkt möglich t abnorm in lateralen ableitungen xxxx unbestätigter bericht ,1,
 ventrikuläre extrasystole ( n ) uniform sinusrhythmus mlt - slt wahrscheinlich normales ecg ,1,
 sinusrhythmus lagetyp normal mässige amplitudenkriterien für linkshypertrophie qrs ( t ) abnorm anteroseptaler infarkt mögl akut xxxx unbestätigter bericht ,1,
 sinustachykardie linkslagetyp uebergangszone verschoben nach rechts sonst normales ecg t - veränderungen iii v1 ,1,
 sinusrhythmus linkstyp st and t abnorm wahrscheinlich anterolaterale ischämie oder linksbelastung xxxx unbestätigter bericht ,13,
 sinusrhythmus linkslagetyp uebergangszone verschoben nach rechts v2 av - block xxxx grades vorhofsüberelastung rechts möglich st - senkung ii iii avf v4 - xxxx t - veränderungen neg v1 - xxxx pathologisches ecg periphere low - voltage rechtsherzbelastung ,1,
 sinusrhythmus steillagetyp intraventr leitungsstörung ii iii avf t - veränderungen neg in iii avf v1 ecg - grenzbefund ,1,
 sinustachykardie lagetyp normal sonst normales ecg xxxx unbestätigter bericht ,17,
 sinusrhythmus linkslagetyp intraventr leitungsstörung iii avf t - veränderungen iii avf v1 normales ecg ,1,
 sinus arrhythmie ueberdrehter linkstyp linksanteriorer fascicular block rechtsschenkelblock bifaszikulärer block qrs ( t ) abnormal lateraler myokardschaden möglich ,1,
 vorhofflimmern - flattern linkstyp rechtsschenkelblock xxxx unbestätigter bericht ,3,
 sinusrhythmus ueberdrehter linkstyp linksanteriorer fascicular block t abnorm in anterolateralen ableitungen xxxx unbestätigter bericht ,2,
 ventrikuläre extrasystole ( n ) supraventrikuläre arrhythmie verdacht auf p - sinistrocardiale lagetyp normal periphere niederspannung qrs ( t ) abnorm anteroseptaler infarkt wahrscheinlich alt inferiorer infarkt alter unbest t abnorm in anterolate ,1,
 mlt normokardes vorhofflimmern periphere low - voltage schlechte r - progression in v1 - xxxx pathologisches ecg ,1,
 sinusrhythmus unspezifische intraventrikuläre leitungsstörung linkshypertrophie möglich ,2,
 sinusrhythmus ueberdrehter linkstyp qrs ( t ) abnormal anteroseptaler infarkt wahrscheinlich alt ,2,
 vorhofflimmern - flattern ueberdrehter linkstyp qrs ( t ) abnormal anteroseptaler infarkt wahrscheinlich alt inferiorer infarkt wahrscheinlich alt st and t abnormal wahrscheinlich hochlaterale ischämie oder linksbelastung ,1,
 vorhofflimmern - flattern lagetyp normal rechtsschenkelblock xxxx unbestätigter bericht ,11,
 sinusrhythmus linkstyp linksschenkelblock xxxx unbestätigter bericht ,18,
 sinustachykardie ueberdrehter linkstyp linksanteriorer fascicular block st abnorm möglicherweise anteriorer innenschichtsschaden xxxx unbestätigter bericht ,1,
 sinusrhythmus verdacht auf p - sinistrocardiale linkstyp unspezifische intraventrikuläre leitungsstörung qrs ( t ) abnorm anteroseptaler infarkt alter unbest st and t abnorm wahrscheinlich anterolaterale ischämie oder linksbelastung xxxx ,1,
 tachykardes vorhofflimmern schwierig bestimmbare qrs - achse periphere niederspannung unvollständiger rechtsschenkelblock ,1,
 sinusrhythmus p - sinistrocardiale lagetyp normal linkshypertrophie xxxx unbestätigter bericht ,6,
 sinusrhythmus lagetyp normal qrs ( t ) abnorm inferiorer infarkt wahrscheinlich alt ,4,
 sinustachykardie lagetyp normal t abnorm in hochlateralen ableitungen xxxx unbestätigter bericht ,1,
 sinusrhythmus lagetyp normal t abnorm in anterolateralen ableitungen xxxx unbestätigter bericht ,11,
 sinusrhythmus llt flaches t in iii normales ecg ,1,
 sinustachykardie schwierig bestimmbare qrs - achse periphere niederspannung st and t abnormal wahrscheinlich anteriore ischämie oder linksbelastung ,1,
 sinusrhythmus p - sinistrocardiale linkstyp qrs ( t ) abnorm anteroseptaler infarkt wahrscheinlich alt t abnorm in hochlateralen ableitungen xxxx unbestätigter bericht ,2,
 sinusrhythmus lagetyp normal linksschenkelblock st - hebung in v1 - xxxx neg t in ii iii avf v5 xxxx pathologisches ecg ,1,
 sinustachykardie lagetyp normal qrs ( t ) abnorm inferiorer infarkt wahrscheinlich alt xxxx unbestätigter bericht ,5,
 vorhofflimmern - flattern lagetyp normal mässige amplitudenkriterien für linkshypertrophie st and t abnorm wahrscheinlich inferiore ischämie oder linksbelastung xxxx unbestätigter bericht ,3,
 sinusrhythmus lagetyp normal r - s #bergang in v ableitungen nach rechts verschoben unspezifisches abnormales t ,3,
 sinusrhythmus ueberdrehter linkstyp linksanteriorer fascicular block st and t abnormal wahrscheinlich hochlaterale ischämie oder linksbelastung ,2,
 sinus arrhythmie p - verbreiterung lagetyp normal qrs ( t ) abnormal inferiorer myokardschaden nicht auszuschliessen ,1,
 sinusbradykardie verdacht auf p - sinistrocardiale lagetyp normal xxxx unbestätigter bericht ,3,
 sinusrhythmus p - verbreiterung lagetyp normal xxxx unbestätigter bericht ,20,
 ventrikuläre extrasystole ( n ) sinusrhythmus verdacht auf p - sinistrocardiale lagetyp normal st and t abnorm wahrscheinlich anteriore ischämie oder linksbelastung inferolaterale ischämie oder linksbelastung xxxx unbestätigter be ,1,
 sinusrhythmus rechtstyp st - hebung in v1 - xxxx vegetative veränderung siqiii - typ wahrscheinlich normales ecg ,1,
 tachykardes vorhofflimmern lagetyp normal st and t abnormal wahrscheinlich anteriore ischämie oder linksbelastung inferolaterale ischämie oder linksbelastung ,1,
 tachykardes vorhofflimmern lagetyp normal vorhofs - es neg t in ii iiiavf pathologisches ecg ,1,
 sinusrhythmus ueberdrehter linkstyp rechtsschenkelblock xxxx unbestätigter bericht ,6,
 sinus arrhythmie linkstyp sonst normales ecg xxxx unbestätigter bericht ,6,
 sinusrhythmus lagetyp normal periphere niederspannung xxxx unbestätigter bericht ,46,
 sinusbradykardie schwierig bestimmbare qrs - achse linksschenkelblock xxxx unbestätigter bericht ,1,
 sinusrhythmus lagetyp normal normales ecg ekg zur belastung normal ,1,
 vorhofflimmern - flattern ueberdrehter linkstyp st and t abnormal wahrscheinlich anteroseptale ischämie oder linksbelastung ,1,
 tachykardes vorhofflimmern lagetyp normal st and t abnorm wahrscheinlich anteriore ischämie oder linksbelastung inferolaterale ischämie oder linksbelastung xxxx unbestätigter bericht ,3,
 sinusrhythmus p - verbreiterung lagetyp normal linksschenkelblock xxxx unbestätigter bericht ,4,
 sinustachykardie schwierig bestimmbare qrs - achse unvollständiger rechtsschenkelblock qrs ( t ) abnormal inferiorer infarkt alter unbest ,1,
 sinusrhythmus lagetyp normal t abnorm in inferioren ableitungen xxxx unbestätigter bericht ,19,
 vorhofflimmern - flattern ueberdrehter linkstyp qrs ( t ) abnormal anteroseptaler infarkt wahrscheinlich alt inferiorer infarkt wahrscheinlich alt t abnormal in hochlateralen ableitungen ,1,
 vorhofflimmern - flattern lagetyp normal unspezifische intraventrikuläre leitungsstörung mässige amplitudenkriterien für linkshypertrophie st abnorm möglicherweise anterolateraler innenschichtsschaden xxxx unbestätigter bericht ,1,
 sinusrhythmus linkstyp unspezifischer intraventrikulärer block xxxx unbestätigter bericht ,4,
 ventrikuläre extrasystole ( n ) bigeminus sinusrhythmus lagetyp normal xxxx unbestätigter bericht ,1,
 sinusrhythmus lagetyp normal st and t abnorm wahrscheinlich inferiore ischämie oder linksbelastung xxxx unbestätigter bericht ,17,
 ventrikuläre extrasystole ( n ) sinusrhythmus lagetyp normal t abnorm in inferioren ableitungen xxxx unbestätigter bericht ,2,
 sinusrhythmus linkstyp linksschenkelblock linkshypertrophie möglich xxxx unbestätigter bericht ,29,
 sinustachykardie p - sinistrocardiale linkstyp linksschenkelblock linkshypertrophie möglich xxxx unbestätigter bericht ,4,
 regelmässiger rhythmus keine p - welle erkannt lagetyp normal unspezifisch abnormes st and t ( hebung ) ,1,
 sinusrhythmus lagetyp normal st and t abnorm wahrscheinlich anterolaterale ischämie oder linksbelastung t abnorm in anterioren ableitungen xxxx unbestätigter bericht ,4,
 sinusrhythmus lagetyp normal unspezifische intraventrikuläre leitungsstörung qrs ( t ) abnorm inferiorer myokardschaden möglich xxxx unbestätigter bericht ,1,
 sinusrhythmus st normales ecg ,2,
 sinusrhythmus p - verbreiterung linkstyp linkshypertrophie qrs ( t ) abnormal inferiorer infarkt wahrscheinlich alt ,1,
 sinusrhythmus lagetyp normal vollständiger rechtsschenkelblock neg t in v1 - xxxx pathologisches keg ,1,
 sinusrhythmus unvollständiger rechtsschenkelblock qrs ( t ) abnormal anteroseptaler infarkt alter unbest ,1,
 sinustachykardie lagetyp normal vorhofsueberlastung rechts angedeutet grenzbefund ,1,
 sinus arrhythmie av block i lagetyp normal unspezifisches abnormales t pathologisch ,1,
 sinus arrhythmie lagetyp normal st - hebung in v2 - xxxx ,1,
 sinusrhythmus lagetyp normal t abnorm in anterioren ableitungen hochlateralen ableitungen xxxx unbestätigter bericht edit asmi xxxx almi xxxx atypische konstellation aus angehobenen st - strecken voll erhaltenen r und fehlenden q in i und v2 - xxxx ( asmi xxxx almi xxxx ) ,1,
 sinusrhythmus p - verbreiterung lagetyp normal qrs ( t ) abnormal iessen t abnormal in lateralen ableitungen pathologisch ,1,
 sinusrhythmus lagetyp normal st - hebung in v2 - xxxx ,1,
 sinus arrhythmie ueberdrehter linkstyp qrs ( t ) abnorm anteroseptaler infarkt alter unbest t abnorm in hochlateralen ableitungen xxxx unbestätigter bericht ,1,
 ventrikuläre extrasystole ( n ) sinusrhythmus av block i linkstyp unvollständiger rechtsschenkelblock t abnormal in anterolateralen ableitungen ,1,
 sinusrhythmus ueberdrehter linkstyp unspezifischer intraventrikulärer block xxxx unbestätigter bericht ,8,
 vorhofflimmern - flattern ueberdrehter rechtstyp periphere niederspannung unspezifischer intraventrikulärer block qrs ( t ) abnorm hochlateraler infarkt xxxx unbestätigter bericht ,1,
 sinusrhythmus av block i lagetyp normal st and t abnorm wahrscheinlich anterolaterale ischämie oder linksbelastung inferolaterale ischämie oder linksbelastung xxxx unbestätigter bericht ,2,
 sinusrhythmus ueberdrehter rechtstyp unspezifische intraventrikuläre leitungsstörung qrs ( t ) abnormal septaler infarkt nicht auszuschliessen ,1,
 sinusrhythmus lagetyp normal periphere niederspannung qrs ( t ) abnorm inferiorer infarkt wahrscheinlich alt xxxx unbestätigter bericht ,3,
 sinusrhythmus verdacht auf p - sinistrocardiale linkstyp mässige amplitudenkriterien für linkshypertrophie xxxx unbestätigter bericht ,2,
 sinusrhythmus verdacht auf p - sinistrocardiale ueberdrehter linkstyp periphere niederspannung qrs ( t ) abnorm inferiorer infarkt alter unbest xxxx unbestätigter bericht ,1,
 sinus arrhythmie linkstyp t abnormal in hochlateralen ableitungen verzoegerte r - progression v1 - xxxx wahrscheinlich normal ,1,
 sinusrhythmus extrem ueberdrehter rechtstyp linksanteriorer fascicular block rechtsschenkelblock bifaszikulärer block qrs ( t ) abnorm septaler infarkt nicht auszuschliessen xxxx unbestätigter bericht ,1,
 regelmässiger rhythmus keine p - welle erkannt ueberdrehter linkstyp linksanteriorer fascicular block rechtsschenkelblock bifaszikulärer block qrs ( t ) abnormal anteroseptaler infarkt alter unbest ,1,
 sinusrhythmus linkstyp qrs ( t ) abnorm lateraler myokardschaden möglich xxxx unbestätigter bericht ,3,
 sinus arrhythmie verdacht auf p - sinistrocardiale lagetyp normal qrs ( t ) abnorm inferiorer infarkt wahrscheinlich alt xxxx unbestätigter bericht ,1,
 vorhofflimmern - flattern lagetyp normal periphere niederspannung xxxx unbestätigter bericht ,2,
 ventrikulär ( a ) extrasystoli ( er ) sinus arytmi extrem vänster el - axel avvikande qrs ( t ) förlopp anteroseptal infarkt sannolikt äldre st and t sänkning såsom vid lateral ischemi eller vänster belastning ,1,
 sinus arrhythmie lagetyp normal qrs ( t ) abnorm anteriorer infarkt alter unbest inferiorer infarkt wahrscheinlich alt xxxx unbestätigter bericht ,1,
 ventrikuläre extrasystole ( n ) sinusrhythmus lagetyp normal xxxx unbestätigter bericht ,20,
 sinusrhythmus linkstyp st and t abnorm wahrscheinlich hochlaterale ischämie oder linksbelastung xxxx unbestätigter bericht ,12,
 sinusbradykardie ueberdrehter linkstyp linksanteriorer fascicular block unvollständiger rechtsschenkelblock xxxx unbestätigter bericht ,1,
 sinusrhythmus ueberdrehter linkstyp linksschenkelblock xxxx unbestätigter bericht ,18,
 sinusrhythmus ueberdrehter linkstyp linksanteriorer fascicular block unspezifisches abnormes t qt - verlängerung xxxx unbestätigter bericht ,1,
 tachykardes vorhofflimmern lagetyp normal unspezifisches abnormes t xxxx unbestätigter bericht ,9,
 sinusrhythmus av block i lagetyp normal qrs ( t ) abnormal anteroseptaler myokardschaden nicht auszuschliessen st and t abnormal wahrscheinlich anterolaterale ischämie oder linksbelastung inferolaterale ischämie oder linksbelastung ,1,
 supraventrikuläre arrhythmie linkstyp t abnorm in anterioren ableitungen inferioren ableitungen qt - verlängerung xxxx unbestätigter bericht ,1,
 vorhofflimmern - flattern ueberdrehter rechtstyp periphere niederspannung unspezifische intraventrikuläre leitungsstörung mässige amplitudenkriterien für linkshypertrophie qrs ( t ) abnorm hochlateraler infarkt t abnorm in lateralen ableitungen xxxx ,1,
 sinusrhythmus ueberdrehter rechtstyp linksposteriorer fascicular block qrs ( t ) abnormal hochlateraler infarkt möglich t abnormal in anterioren ableitungen ,1,
 sinusrhythmus linkstyp t abnorm in anterioren ableitungen xxxx unbestätigter bericht ,4,
 ventrikuläre extrasystole ( n ) tachykardes vorhofflimmern extrem ueberdrehter rechtstyp linksanteriorer fascicular block qrs ( t ) abnorm anteroseptaler infarkt wahrscheinlich alt xxxx unbestätigter bericht ,1,
 ventrikuläre extrasystole ( n ) sinusrhythmus lagetyp normal unspezifischer intraventrikulärer block qrs ( t ) abnorm inferiorer infarkt wahrscheinlich alt xxxx unbestätigter bericht ,1,
 supraventrikuläre extrasystole ( n ) sinusrhythmus lagetyp normal periphere niederspannung mässige amplitudenkriterien für linkshypertrophie unspezifisches abnormes t qt - verlängerung xxxx unbestätigter bericht ,1,
 sinusrhythmus ueberdrehter linkstyp linksanteriorer fascicular block qrs ( t ) abnorm anteroseptaler myokardschaden möglich t abnorm in inferioren ableitungen xxxx unbestätigter bericht ,1,
 sinusrhythmus av block i p - sinistrocardiale ueberdrehter linkstyp unspezifische intraventrikuläre leitungsstörung linkshypertrophie xxxx unbestätigter bericht ,1,
 sinusrhythmus lagetyp normal diskrete vorhofsüberlastung links ,1,
 supraventrikuläre extrasystole ( n ) sinusrhythmus p - sinistrocardiale lagetyp normal t abnorm in anterioren ableitungen xxxx unbestätigter bericht ,1,
 sinusrhythmus verdacht auf p - sinistrocardiale lagetyp normal mässige amplitudenkriterien für linkshypertrophie qrs ( t ) abnorm inferiorer myokardschaden möglich xxxx unbestätigter bericht ,3,
 ventrikuläre extrasystole ( n ) sinusrhythmus p - sinistrocardiale linkstyp qrs ( t ) abnorm anterolateraler infarkt alter unbest inferiorer infarkt wahrscheinlich alt xxxx unbestätigter bericht ,3,
 supraventrikuläre extrasystole ( n ) sinusrhythmus lagetyp normal t abnorm in inferioren ableitungen xxxx unbestätigter bericht ,1,
 sinusrhythmus lagetyp normal t zweigipflig in v2 ,1,
 sinusrhythmus lagetyp normal periphere niederspannung qrs ( t ) abnormal hochlateraler infarkt möglich ,4,
 sinustachykardie linkstyp st and t abnormal wahrscheinlich anteriore ischämie oder linksbelastung laterale ischämie oder linksbelastung inferolaterale ischämie oder linksbelastung ,1,
 sinustachykardie linkstyp st - senkung in avl i chron inferiorer infarkt möglich ,1,
 sinustachykardie p - sinistrocardiale lagetyp normal periphere niederspannung qrs ( t ) abnormal inferiorer myokardschaden nicht auszuschliessen st and t abnormal wahrscheinlich anterolaterale ischämie oder linksbelastung ,1,
 sinusrhythmus linkstyp r - s übergang in v ableitungen nach rechts verschoben sonst normales ecg xxxx unbestätigter bericht ,5,
 sinusrhythmus ueberdrehter linkstyp unvollständiger rechtsschenkelblock qrs ( t ) abnormal inferiorer infarkt wahrscheinlich alt ,1,
 sinustachykardie ueberdrehter linkstyp linksschenkelblock xxxx unbestätigter bericht ,1,
 vorhofflimmern - flattern schwierig bestimmbare qrs - achse t abnorm in anterolateralen ableitungen xxxx unbestätigter bericht ,1,
 sinusrhythmus linkstyp intraventr leitungsstörung in ii avf st - senkung in v2 v3 wahrscheinlich normales ecg ,1,
 sinusrhythmus lagetyp normal qt - verlängerung xxxx unbestätigter bericht ,12,
 sinusrhythmus linkstyp qrs ( t ) abnorm inferiorer infarkt alter unbest xxxx unbestätigter bericht ,40,
 sinusrhythmus verdacht auf p - sinistrocardiale lagetyp normal qrs ( t ) abnormal hochlateraler infarkt möglich ,2,
 sinusrhythmus ueberdrehter linkstyp st and t abnorm wahrscheinlich anterolaterale ischämie oder linksbelastung xxxx unbestätigter bericht ,2,
 ventrikuläre extrasystole ( n ) sinus arrhythmie p - sinistrocardiale lagetyp normal t abnorm in anterioren ableitungen xxxx unbestätigter bericht ,1,
 sinustachykardie lagetyp normal periphere niederspannung qrs ( t ) abnorm lateraler myokardschaden möglich inferiorer infarkt wahrscheinlich alt xxxx unbestätigter bericht ,1,
 tachykardes vorhofflimmern linkstyp intraventr leitungsstörung in ii avf chronisch inferiorer infarkt möglich st - hebung in v1 - v4 st - senkung in v5 v6 t neg in ii iii avf v5 v6 q in iii avf path ecg ,1,
 beschleunigter av - rhythmus lagetyp normal t abnorm in inferioren ableitungen qt - verlängerung xxxx unbestätigter bericht ,1,
 sinusrhythmus verdacht auf p - sinistrocardiale linkstyp qrs ( t ) abnorm anteroseptaler infarkt alter unbest t abnorm in anterioren ableitungen lateralen ableitungen inferioren ableitungen xxxx unbestätigter bericht ,1,
 sinusrhythmus verdacht auf p - sinistrocardiale linkstyp periphere niederspannung qrs ( t ) abnorm anterolateraler infarkt möglich inferiorer infarkt wahrscheinlich alt xxxx unbestätigter bericht ,1,
 tachykardes vorhofflimmern lagetyp normal qrs ( t ) abnormal anteroseptaler myokardschaden nicht auszuschliessen ,1,
 sinusrhythmus lagetyp normal intraventr leitungsstörung in iii avl diskrete st - hebung in v1 - v3 t spitz in v2 - v4 wahrscheinlich normales ecg ,1,
 vorhoftachykardie mittellagetyp vollständiger linksschenkelblock st - hebung in v1 v2 path repol bei lsbb digitalisveränderung gelegentlich kontroll - ecg path ecg ,1,
 sinusrhythmus lagetyp normal t abnorm in hochlateralen ableitungen xxxx unbestätigter bericht ,22,
 sinusrhythmus schwierig bestimmbare qrs - achse periphere niederspannung ,2,
 ventrikuläre extrasystole ( n ) sinusrhythmus lagetyp normal ,12,
 vorhofflimmern - flattern lagetyp normal unspezifisches abnormales t ,1,
 sinusbradykardie linkstyp t abnormal wahrscheinlich anterolateraler myokardschaden inferolateraler myokardschaden sportlerherz! ,1,
 sinusrhythmus lagetyp normal qrs ( t ) abnorm anterolateraler myokardschaden nicht auszuschliessen xxxx unbestätigter bericht ,9,
 sinusrhythmus p - verbreiterung lagetyp normal st and t abnorm wahrscheinlich inferiore ischämie oder linksbelastung xxxx unbestätigter bericht ,1,
 sinustachykardie rechtstyp linksposteriorer fascicular block unspezifisches abnormales t ,1,
 sinustachykardie p - dextrocardiale lagetyp normal st and t abnormal wahrscheinlich laterale ischämie oder linksbelastung inferolaterale ischämie oder linksbelastung ,1,
 sinusrhythmus av block i p - verbreiterung linkstyp qrs ( t ) abnorm inferiorer infarkt möglich xxxx unbestätigter bericht ,1,
 vorhofflimmern - flattern linkstyp unspezifischer intraventrikulärer block xxxx unbestätigter bericht ,1,
 ventrikuläre extrasystole ( n ) supraventrikuläre extrasystole ( n ) sinusrhythmus lagetyp normal qrs ( t ) abnorm inferiorer infarkt alter unbest xxxx unbestätigter bericht ,1,
 sinusrhythmus ueberdrehter linkstyp qrs ( t ) abnormal inferiorer infarkt möglich st and t abnormal wahrscheinlich hochlaterale ischämie oder linksbelastung ,1,
 sinusrhythmus lagetyp normal qrs ( t ) abnorm anteroseptaler infarkt wahrscheinlich alt st and t abnorm wahrscheinlich anterolaterale ischämie oder linksbelastung t abnorm in inferolateralen ableitungen xxxx unbestätigter be ,3,
 beschleunigter av - rhythmus lagetyp normal linksschenkelblock xxxx unbestätigter bericht ,1,
 supraventrikuläre arrhythmie linkstyp unspezifisches abnormes t qt - verlängerung xxxx unbestätigter bericht ,1,
 sinusrhythmus verdacht auf p - sinistrocardiale linkstyp r - s übergang in v ableitungen nach links verschoben qrs ( t ) abnorm anterolateraler myokardschaden möglich xxxx unbestätigter bericht ,1,
 sinusrhythmus lagetyp normal st and t abnorm wahrscheinlich anterolaterale ischämie oder linksbelastung t abnorm in inferolateralen ableitungen xxxx unbestätigter bericht ,5,
 sinusrhythmus verdacht auf p - sinistrocardiale ueberdrehter linkstyp qrs ( t ) abnorm anteroseptaler infarkt alter unbest t abnorm in hochlateralen ableitungen xxxx unbestätigter bericht ,1,
 sinusrhythmus verdacht auf p - sinistrocardiale lagetyp normal st and t abnorm wahrscheinlich anterolaterale ischämie oder linksbelastung inferolaterale ischämie oder linksbelastung xxxx unbestätigter bericht ,8,
 sinusrhythmus verdacht auf p - sinistrocardiale lagetyp normal st and t abnorm wahrscheinlich anterolaterale ischämie oder linksbelastung inferiore ischämie oder linksbelastung xxxx unbestätigter bericht ,1,
 sinusrhythmus p - sinistrocardiale lagetyp normal st and t abnorm wahrscheinlich anterolaterale ischämie oder linksbelastung inferolaterale ischämie oder linksbelastung xxxx unbestätigter bericht ,3,
 sinusbradykardie lagetyp normal intraventr leitungsstörung normales ecg ,1,
 sinusbradykardie lagetyp normal t abnorm in inferioren ableitungen xxxx unbestätigter bericht ,3,
 vorhofflimmern - flattern lagetyp normal st and t abnorm wahrscheinlich anterolaterale ischämie oder linksbelastung xxxx unbestätigter bericht ,1,
 sinus arrhythmie unspezifische intraventrikuläre leitungsstörung ,3,
 sinusrhythmus lagetyp normal r - s übergang in v ableitungen nach rechts verschoben qrs ( t ) abnorm inferiorer myokardschaden möglich xxxx unbestätigter bericht ,1,
 ventrikuläre extrasystole ( n ) supraventrikuläre extrasystole ( n ) sinusrhythmus lagetyp normal st and t abnorm wahrscheinlich inferiore ischämie oder linksbelastung t abnorm in hochlateralen ableitungen xxxx unbestätigter bericht ,1,
 ventrikuläre extrasystole ( n ) sinus arrhythmie linkstyp qrs ( t ) abnorm inferiorer infarkt alter unbest xxxx unbestätigter bericht ,1,
 ventrikuläre extrasystole ( n ) sinusrhythmus verdacht auf p - sinistrocardiale linkstyp qrs ( t ) abnorm inferiorer infarkt alter unbest xxxx unbestätigter bericht ,1,
 sinusbradykardie lagetyp normal unvollständiger rechtsschenkelblock qrs ( t ) abnorm inferiorer infarkt alter unbest xxxx unbestätigter bericht ,1,
 sinusrhythmus ueberdrehter linkstyp linksanteriorer fascicular block linkshypertrophie qrs ( t ) abnorm anteroseptaler infarkt wahrscheinlich alt xxxx unbestätigter bericht ,1,
 supraventrikuläre extrasystole ( n ) supraventrikuläre ersatzsystole ( n ) sinusrhythmus lagetyp normal periphere niederspannung qrs ( t ) abnorm inferiorer infarkt wahrscheinlich alt xxxx unbestätigter bericht ,1,
 sinusrhythmus p - sinistrocardiale lagetyp normal unvollständiger rechtsschenkelblock linkshypertrophie xxxx unbestätigter bericht ,1,
 sinus arrhythmie linkstyp qrs ( t ) abnorm inferiorer infarkt wahrscheinlich alt xxxx unbestätigter bericht ,3,
 supraventrikuläre extrasystole ( n ) sinusrhythmus lagetyp normal mässige amplitudenkriterien für linkshypertrophie unspezifisches abnormes t xxxx unbestätigter bericht ,1,
 sinusrhythmus linkstyp unspezifischer intraventrikulärer block qrs ( t ) abnorm inferiorer infarkt alter unbest xxxx unbestätigter bericht ,3,
 sinusrhythmus ueberdrehter linkstyp r - s übergang in v ableitungen nach links verschoben periphere niederspannung unspezifisches abnormes t xxxx unbestätigter bericht ,1,
 sinusrhythmus p - sinistrocardiale linkstyp unvollständiger rechtsschenkelblock unspezifisches abnormes t qt - verlängerung xxxx unbestätigter bericht ,1,
 ventrikuläre extrasystole ( n ) sinusrhythmus p - sinistrocardiale lagetyp normal xxxx unbestätigter bericht ,3,
 sinusrhythmus p - sinistrocardiale lagetyp normal linkshypertrophie möglich xxxx unbestätigter bericht ,1,
 sinusrhythmus p - verbreiterung lagetyp normal unvollständiger rechtsschenkelblock mässige amplitudenkriterien für linkshypertrophie st and t abnorm wahrscheinlich anterolaterale ischämie oder linksbelastung inferolaterale ischämie oder linksbelastung ,3,
 sinusrhythmus linkstyp qrs ( t ) abnorm inferiorer infarkt möglich t abnorm in anteroseptalen ableitungen hochlateralen ableitungen xxxx unbestätigter bericht ,1,
 sinusrhythmus ueberdrehter linkstyp linksanteriorer fascicular block qrs ( t ) abnorm septaler infarkt nicht auszuschliessen t abnorm in lateralen ableitungen xxxx unbestätigter bericht ,1,
 sinusrhythmus rechtstyp unvollständiger rechtsschenkelblock unspezifisches abnormes t xxxx unbestätigter bericht ,1,
 sinusrhythmus lagetyp normal unvollständiger rechtsschenkelblock qrs ( t ) abnorm inferiorer infarkt alter unbest xxxx unbestätigter bericht ,1,
 sinusrhythmus lagetyp normal st and t abnorm möglicherweise neuer anteroseptaler myokard - oder perikardschaden xxxx unbestätigter bericht ,2,
 sinusrhythmus p - sinistrocardiale linkstyp rechtsschenkelblock qrs ( t ) abnorm inferiorer infarkt wahrscheinlich alt xxxx unbestätigter bericht ,1,
 ventrikuläre extrasystole ( n ) sinus arrhythmie lagetyp normal t abnorm in hochlateralen ableitungen xxxx unbestätigter bericht ,2,
 sinusrhythmus av block i ueberdrehter linkstyp unspezifische intraventrikuläre leitungsstörung t abnorm in anterolateralen ableitungen xxxx unbestätigter bericht ,1,
 sinusrhythmus linkstyp qrs ( t ) abnorm inferiorer infarkt möglich st and t abnorm wahrscheinlich anterolaterale ischämie oder linksbelastung xxxx unbestätigter bericht ,2,
 sinusbradykardie verdacht auf p - sinistrocardiale lagetyp normal linksschenkelblock xxxx unbestätigter bericht ,1,
 sinusrhythmus p - verbreiterung linkstyp qrs ( t ) abnorm inferiorer infarkt alter unbest xxxx unbestätigter bericht ,2,
 sinusrhythmus av block i p - verbreiterung lagetyp normal periphere niederspannung t abnorm in anterioren ableitungen xxxx unbestätigter bericht ,1,
 vorhofflimmern - flattern lagetyp normal mässige amplitudenkriterien für linkshypertrophie st abnorm möglicherweise anterolateraler innenschichtsschaden inferolateraler innenschichtsschaden xxxx unbestätigter bericht ,1,
 sinusrhythmus lagetyp normal unspezifischer intraventrikulärer block qrs ( t ) abnorm inferiorer infarkt alter unbest xxxx unbestätigter bericht ,8,
 sinusrhythmus av block i linkstyp qrs ( t ) abnorm inferiorer infarkt alter unbest xxxx unbestätigter bericht ,2,
 sinusrhythmus lagetyp normal periphere niederspannung qrs ( t ) abnorm anteroseptaler myokardschaden nicht auszuschliessen xxxx unbestätigter bericht ,4,
 sinusrhythmus ueberdrehter linkstyp linksanteriorer fascicular block qrs ( t ) abnorm anteroseptaler myokardschaden möglich xxxx unbestätigter bericht ,1,
 ventrikuläre extrasystole ( n ) sinus arrhythmie ueberdrehter linkstyp linksanteriorer fascicular block rechtsschenkelblock bifaszikulärer block xxxx unbestätigter bericht ,1,
 sinusrhythmus p - verbreiterung lagetyp normal qt - verlängerung xxxx unbestätigter bericht ,1,
 sinusrhythmus verdacht auf p - sinistrocardiale linkstyp rechtsschenkelblock qrs ( t ) abnorm inferiorer infarkt wahrscheinlich alt xxxx unbestätigter bericht ,1,
 sinusrhythmus lagetyp normal linksschenkelblock xxxx unbestätigter bericht ,19,
 sinus arrhythmie av block i p - verbreiterung lagetyp normal unspezifischer intraventrikulärer block qrs ( t ) abnorm inferiorer infarkt wahrscheinlich alt xxxx unbestätigter bericht ,1,
 sinusrhythmus verdacht auf p - sinistrocardiale linkstyp qrs ( t ) abnorm inferiorer infarkt möglich st and t abnorm wahrscheinlich anterolaterale ischämie oder linksbelastung xxxx unbestätigter bericht ,1,
 sinus arrhythmie p - sinistrocardiale lagetyp normal unvollständiger rechtsschenkelblock ,2,
 sinusrhythmus lagetyp normal t abnorm in anterolateralen ableitungen inferolateralen ableitungen xxxx unbestätigter bericht ,7,
 vorhofflimmern - flattern linkstyp qrs ( t ) abnorm inferiorer infarkt wahrscheinlich alt xxxx unbestätigter bericht ,3,
 ventrikuläre extrasystole ( n ) bigeminus sinus arrhythmie lagetyp normal xxxx unbestätigter bericht ,3,
 tachykardes vorhofflimmern ueberdrehter linkstyp linksanteriorer fascicular block st and t abnorm wahrscheinlich hochlaterale ischämie oder linksbelastung xxxx unbestätigter bericht ,1,
 sinusrhythmus av block i lagetyp normal unspezifisches abnormes t ,1,
 sinusrhythmus verdacht auf p - sinistrocardiale lagetyp normal qrs ( t ) abnorm anteroseptaler infarkt möglich xxxx unbestätigter bericht ,2,
 sinusrhythmus av block i linkstyp st and t abnorm wahrscheinlich anteriore ischämie oder linksbelastung laterale ischämie oder linksbelastung inferolaterale ischämie oder linksbelastung xxxx unbestätigter bericht ,1,
 sinusrytm vänster el - axel ospecifikt inkomplett skänkelblock vänster kammarhypertrofi avvikande qrs ( t ) förlopp inferior infarkt möjligen färsk ,1,
 sinusbradykardi eljest normalt ecg ,3,
 sinusrhythmus verdacht auf p - sinistrocardiale lagetyp normal edit norm xxxx qsavl ( lmi xxxx ) ,1,
 sinusrytm av block i extrem vänster el - axel ospecifikt inkomplett skänkelblock avvikande qrs ( t ) förlopp lateral infarkt sannolikt äldre ,1,
 sinus arytmi eljest normalt ecg ,2,
 förmaksflimmer med hög kammarfrekvens vänstersidigt skänkelblock ,1,
 sinustachykardi avvikande qrs ( t ) förlopp inferior infarkt sannolikt äldre ,1,
 ventrikulär ( a ) extrasystoli ( er ) sinusrytm av block i vänster el - axel ospecifikt skänkelblock avvikande qrs ( t ) förlopp anteroseptal infarkt ålder ej bestämmbar ,1,
 förmaksflimmer - blokkerad förmaksfladder med hög kammarfrekvens vänster el - axel eljest inget säkert patologiskt ,1,
 sinusrhythmus av block i p - sinistrocardiale lagetyp normal periphere niederspannung mässige amplitudenkriterien für linkshypertrophie xxxx unbestätigter bericht ,1,
 sinus arytmi vänstersidigt skänkelblock ,1,
 sinusrytm inget säkert patologiskt ,2,
 sinustachykardie lagetyp normal periphere niederspannung xxxx unbestätigter bericht ,2,
 sinusrhythmus linkstyp qrs ( t ) abnorm anteroseptaler infarkt wahrscheinlich alt xxxx unbestätigter bericht ,7,
 sinusrhythmus p - sinistrocardiale ueberdrehter linkstyp linksschenkelblock linkshypertrophie möglich xxxx unbestätigter bericht ,6,
 sinusrytm misstänkt vänster kammarhypertrofi lätta st - förändringar inferiort såsom vid ischemi eller vänster kammarbelastning ,1,
 supraventrikulär ( a ) extrasystoli ( er ) sinusrytm extrem vänster el - axel vänstersidigt skänkelblock ,2,
 sinusrytm avvikande qrs ( t ) förlopp hög lateral infarkt bör övervägas st and t sänkning såsom vid anterior ischemi eller vänster belastning ,1,
 sinusbradykardi avvikande qrs ( t ) förlopp hög lateral infarkt bör övervägas ,1,
 sinusrytm vänster el - axel t - förändring såsom vid anterolateral myokardaffektion ,1,
 ventrikulär ( a ) extrasystoli ( er ) förmaksflimmer - fladder avvikande qrs ( t ) förlopp anterior infarkt ålder ej bestämmbar inferior myokardskada kan ej uteslutas st and t sänkning såsom vid lateral ischemi eller vänster belastning ,1,
 sinusbradykardi st and t sänkning såsom vid anterolateral ischemi eller vänster belastning t - förändring såsom vid inferolateral myokardaffektion ,1,
 interpolerade ventrikulär ( a ) extrasystoli ( er ) sinusrytm ospecifik t - förändring qt förlängd ,1,
 ventrikulär ( a ) extrasystoli ( er ) förmaksflimmer med hög kammarfrekvens inkomplett vänstersidigt skänkelblock st and t abnormal överväg färsk inferior peri - eller myokardskada ,1,
 förmaksflimmer - fladder st and t sänkning såsom vid anterolateral ischemi eller vänster belastning inferolateral ischemi eller vänster belastning ,2,
 sinusrytm misstänkt gammal inferior myokardskada lätt st - sänkning anterolaterlt såsom vid ischemi eller vänster kammarbelastning ,1,
 sinusrhythmus p - verbreiterung lagetyp normal unspezifische abnorme st - senkung xxxx unbestätigter bericht ,1,
 supraventpykulär ( a ) extrasystoli ( er ) sinusrytm svårbestämmbar el - axel låga qrs amplituder i extremitetsavledningarna avvikande qrs ( t ) förlopp anterior infarkt möjligen färsk inferolateral infarkt ålder ej bestämmbar ! ,1,
 slag med avvikande impulsutbredning ventrikulär ( a ) extrasystoli ( er ) sinusrytm vänster el - axel misstänkt vänster kammarhypertrofi avvikande qrs ( t ) förlopp anteroseptal infarkt sannolikt äldre inferior infarkt sannolikt äldre ,1,
 sinusrhythmus linkstyp periphere niederspannung xxxx unbestätigter bericht ,9,
 regelbunden rytm inga p - våg funna avvikande qrs ( t ) förlopp inferior myokardskada kan ej uteslutas st sänkning möjligen orsakad av anterior subendokardiell myokardaffektion ,1,
 sinusrytm måttliga amplitudkrit för vänster kammarkhypertrofi t - förändring såsom vid anteroseptal myokardaffektion qt förlängd ,1,
 sinusrhythmus lagetyp normal ves t flach in avl ,1,
 sinusrytm misstänkt hypertrofi av vänster förmak vänster el - axel låga qrs amplituder i extremitetsavledningarna ospecifik t - förändring ,1,
 sinusrytm extrem vänster el - axel såsom vid vänster främre fascicular block lätt st and t förändring såsom vid hög lateral ischemi eller vänster kammarbelastning ,1,
 sinusrytm vänster el - axel avvikande qrs ( t ) förlopp lateral myokardskada kan ej uteslutas ,1,
 sinusrytm vänster el - axel låga qrs amplituder i extremitetsavledningarna inga tecken på ischemi eller myokardskada ,1,
 sinusrytm intraventrikulärt retledningshinder diskordant t - våg i avl ,1,
 sinusrytm extrem vänster el - axel avvikande qrs ( t ) förlopp inferior infarkt sannolikt äldre st and t sänkning såsom vid anterior ischemi eller vänster belastning t - förändring såsom vid lateral myokardaffektion ,1,
 sinustachykardi misstänkt vänster kammarhypertrofi ,1,
 sinusrytm extrem vänster el - axel ospecifikt skänkelblock vänster kammarhypertrofi gammal inferior infarkt oförändrat jmf med ecg xxxx ,1,
 sinusbradykardie lagetyp normal st - hebung in v1 - xxxx t hoch in v2 - xxxx ,1,
 supraventrikulär ( a ) extrasystoli ( er ) supraventrikulär ( a ) escape complex ( s ) interpolerade supraventrikulär ( a ) extrasystoli ( er ) sinusrytm av block i extrem vänster el - axel vänstersidigt skänkelblock ,1,
 sinusrytm måttliga amplitudkrit för vänster kammarkhypertrofi ,1,
 regelbunden rytm inga p - våg funna vänster el - axel vänstersidigt skänkelblock ,1,
 sinusrytm misstänkt hypertrofi av vänster förmak inkomplett högersidigt skänkelblock amplitudkriterier för vänster kammarhypertrofi t - förändring såsom vid hög lateral myokardaffektion ,1,
 sinusrytm vänster el - axel gammal anterior infarkt med st - höjning som inger misstanke på akinesi - aneurism ,1,
 sinusrytm vänster el - axel ospecifik t - förändring ! ,1,
 ventrikuläre extrasystole ( n ) lagetyp normal unspezifisches abnormes t ,1,
 ventrikuläre extrasystole ( n ) sinustachykardie linkstyp qrs ( t ) abnormal inferiorer infarkt wahrscheinlich alt ,1,
 sinusrhythmus verdacht auf p - sinistrocardiale ueberdrehter linkstyp unspezifischer intraventrikulärer block qrs ( t ) abnorm anteroseptaler myokardschaden möglich ,1,
 sinusrhythmus st and t abnormal wahrscheinlich anteriore ischämie oder linksbelastung inferiore ischämie oder linksbelastung ,1,
 sinustachykardie p - dextrocardiale lagetyp normal edit rao ( rao ) ,1,
 sinusrhythmus lagetyp normal st and t abnorm wahrscheinlich anterolaterale ischämie oder linksbelastung inferolaterale ischämie oder linksbelastung ,1,
 sinusrhythmus lagetyp norma signifikantes isoliertes q in iii qiii - linkstyp intraventr leitungsstörung t - veränderungen in i avl fehlende r - progression in v1 v2 path ecg ,1,
 sinusrhythmus linkstyp hohes t in v3 - xxxx normales ecg ,1,
 sinusrhythmus linkstyp atriale vorhofsübelastung i ii v4 - xxxx t terminal neg in v4 neg in v5 flach in v6 ,1,
 sinusrhythmus lagetyp normal av - block xxxx grades ( grenzwertig ) vorhofüberlastung rechts ,1,
 supraventrikuläre extrasystole ( n ) bigeminus vorhof - se steiltyp sinusbradykardie intraventr leitungsstörung in iii avf v1 path ecg ,1,
 sinusbradykardie lagetyp normal schlechte r - progression ( sprunghaft v3 - xxxx ) ,1,
 sinusrhythmus llt st - hebung über v2 hihes t in v2 - v4 flaches t in iii v1 wahrscheinlich normales ecg ,1,
 sinusrhythmus lagetyp normal unspezifische abnormale st - senkung unspezifisches abnormales t normales ecg ,1,
 sinusrhythmus p - sinistrocardiale lagetyp normal t abnorm in inferioren ableitungen ,2,
 sinusrhythmus p - verbreiterung lagetyp normal st and t abnormal pathologisch ,1,
 sinustachykardie unspezifisches abnormales t ,3,
 sinusrhythmus lagetyp normal unspezifischer intraventrikulärer block ,5,
 vorhofflimmern tachykard bis normokard lagetyp normal intraventr leitungsstoerung ecg pathologisch ,1,
 sinusbradykardie lagetyp normal intraventr leitungsstoerung iii l v3 schlechte r - progression v1 - v3 t - veraenderungen neg t in v1 hoch in iii ,1,
 sinusrhythmus linkstyp intraventr leitungsstoerung ii iii l f v1 st - senkung diskret in iii t - veraenderungen neg t in iii ecg wahrscheinlich normal ,1,
 sinusrhythmus verdacht auf p - sinistrocardiale lagetyp normal unspezifische intraventrikuläre leitungsstörung qrs ( t ) abnormal inferiorer infarkt wahrscheinlich alt ,1,
 sinusrhythmus linkstyp intraventr leitungsstoerung iii avl avf v1 ecg wahrscheinlich normal ,1,
 sinusrhythmus rechtstyp unspezifisches abnormes t ,1,
 sinusrhythmus lagetyp normal unspezifisch abnormes st and t ( hebung ) sonst normales ecg ,4,
 sinus arrhythmie verdacht auf p - sinistrocardiale linkstyp linkshypertrophie möglich chron inferiorer infarkt möglich st - hebung in v1 - xxxx diskrete st - senkung in i avl t hoch in v2 - xxxx r - verlust in v2 - xxxx ,1,
 sinusrhythmus mlt - llt hohes t in v3 flaches t in avl v1 wahrscheinlich normales ecg ,1,
 sinusrhythmus llt rechts periphere niederspannung av - block xxxx grades diskrete st - senkung in v2 - xxxx i flaches t in v1 pathologisches ecg ,1,
 sinusrhythmus linkstyp unvollständiger rechtsschenkelblock unspezifisches abnormes t ,1,
 sinusrhythmus mlt - llt neg t in v1 normales ecg ,1,
 sinusrhythmus mlt t hoch in v2 xxxx normales ecg ,1,
 sinusrhythmus lagetyp normal unvollständiger rechtsschenkelblock möglich neg t in v1 pathologisches ecg ,1,
 sinusrhythmus p - sinistrocardiale lagetyp normal t abnorm in hochlateralen ableitungen ,1,
 sinusrhythmus p - sinistrocardiale ueberdrehter linkstyp unspezifische intraventrikuläre leitungsstörung qrs ( t ) abnorm anteroseptaler myokardschaden möglich ,1,
 sinusrhythmus verdacht auf p - sinistrocardiale lagetyp normal edit norm xxxx qiii ( norm xxxx ) ,1,
 überdrehter linkstyp sinusbradykardie links vorhofsüberbelastung möglich neg t in iii grenzbefund ,1,
 ruhe - ecg zum holter ecg sr selten sves asymptomatische sv - tachykardie ,1,
 sinusrhythmus steiltyp verzögerte r - progression in v1 - xxxx wahrscheinlich normales ecg ,1,
 supraventrikuläre arrhythmie lagetyp normal unspezifischer intraventrikulärer block xxxx unbestätigter bericht ,1,
 sinusrhythmus lagetyp normal verzoegerte r - progression v1 - xxxx st - hebung in v2 - xxxx ,1,
 sinusrhythmus linkstysp überdreht rechtsschenkelblock chron inferiorer infarkt möglich t hoch in v4 neg in avf ii ,1,
 sinusrhythmus av block i p - verbreiterung linkstyp qrs ( t ) abnorm inferiorer infarkt alter unbest st abnorm möglicherweise hochlateraler innenschichtsschaden xxxx unbestätigter bericht ,1,
 sinusrhythmus qrs ( t ) abnormal anteroseptaler infarkt möglich ,1,
 tachykardes vorhofflimmern lagetyp normal st and t abnorm wahrscheinlich anterolaterale ischämie oder linksbelastung inferolaterale ischämie oder linksbelastung xxxx unbestätigter bericht ,10,
 sinusrhythmus ueberdrehter linkstyp lahb av - block xxxx grades q in v1 - xxxx iii avf ,1,
 sinusrhythmus linkstyp intraventr leitungsstoerung iii avf neg p iii avf ecg wahrscheinlich normal ,1,
 av - tachykardie lagetyp normal periphere niederspannung subakuter inferiorer infarkt möglich ,1,
 sinusbradykardie lagetyp normal unspezifische intraventrikuläre leitungsstörung t abnorm in anterioren ableitungen lateralen ableitungen xxxx unbestätigter bericht ,1,
 ruhe - ecg zur ergometrie chronischer inferiorer myokardinfarkt sinusarrhythmie ecg unter belastung normal ,1,
 ventrikuläre extrasystole ( n ) bigeminus supraventrikuläre extrasystole ( n ) sinusrhythmus av block i p - sinistrocardiale ueberdrehter rechtstyp unspezifischer intraventrikulärer block qrs ( t ) abnorm anteriorer infarkt mögl akut hochlateraler infar ,1,
 sinusrhythmus linkstyp st - senkung in v1 t neg in v1 ,1,
 vorhofflimmern - flattern ueberdrehter linkstyp linksanteriorer fascicular block qrs ( t ) abnorm inferiorer infarkt wahrscheinlich alt st and t abnorm wahrscheinlich hochlaterale ischämie oder linksbelastung xxxx unbestätigter beri ,1,
 sinusrhythmus lagetyp normal st and t abnormal wahrscheinlich anterolaterale ischämie oder linksbelastung ,9,
 ventrikuläre extrasystole ( n ) supraventrikuläre extrasystole ( n ) bigeminus supraventrikuläre ersatzsystole ( n ) sinusrhythmus ueberdrehter linkstyp linkshypertrophie möglich xxxx unbestätigter bericht ,1,
 sinusrhythmus av block i lagetyp normal linkshypertrophie möglich qrs ( t ) abnorm inferiorer myokardschaden möglich xxxx unbestätigter bericht ,1,
 llt ventrikuläre extrasystole ( n ) bigeminus multiform über xxxx - min r auf t fehlende r - progression in v1 - xxxx pathologsiches ecg vorhofflimmern bradykard ,1,
 sinusrhythmus av block i p - verbreiterung ueberdrehter linkstyp qrs ( t ) abnormal inferiorer infarkt alter unbest ,1,
 sinusrhythmus av block i schwierig bestimmbare qrs - achse mässige amplitudenkriterien für linkshypertrophie ,1,
 supraventrikuläre extrasystole ( n ) sinustachykardie p - sinistrocardiale lagetyp normal ,1,
 sinusrhythmus lagetyp normal t term neg in v2 - xxxx flach in v4 - xxxx ,1,
 sinusrhythmus lagetyp normal r - s übergang in v ableitungen nach rechts verschoben st and t abnorm wahrscheinlich anteriore ischämie oder linksbelastung xxxx unbestätigter bericht ,1,
 supraventrikuläre extrasystole ( n ) trigeminus sinusrhythmus lagetyp normal unspezifisches abnormales t ,1,
 sinustachykardie lagetyp normal qrs ( t ) abnormal hochlateraler infarkt möglich ,1,
 sinusrhythmus linkshypertrophie möglich ,4,
 sinustachykardie ueberdrehter linkstyp periphere niederspannung linksanteriorer fascicular block qrs ( t ) abnormal inferiorer infarkt wahrscheinlich alt st and t abnormal wahrscheinlich anteriore ischämie oder linksbelastung ,1,
 beschleunigter av - rhythmus lagetyp normal xxxx unbestätigter bericht ,5,
 sinus arrhythmie ueberdrehter linkstyp linksanteriorer fascicular block qrs ( t ) abnormal anteroseptaler myokardschaden möglich st abnormal möglicherweise hochlateraler innenschichtsschaden inferiorer innenschichtsschaden qt - verlängerung ,1,
 sinustachykardie steiltyp sonst normales ecg ,1,
 sinusrhythmus ueberdrehter linkstyp qrs ( t ) abnorm inferiorer infarkt möglich ,1,
 sinusbradykardie mlt rechts neg t - veraenderungen in iii wahrscheinlich normales ecg ,1,
 sinusrhythmus rechtstyp unvollständiger rechtsschenkelblock sonst normales ecg xxxx unbestätigter bericht ,1,
 sinusrhythmus ueberdrehter linkstyp linksanteriorer fascicular block unspezifisches abnormales t ,5,
 sinusrhythmus lagetyp normal qrs ( t ) abnormal hochlateraler myokardschaden möglich qt - verlängerung ,1,
 vorhofflimmern normokard ueberdrehter linkstyp linksanteriorer fascicular block rechtsschenkelblock vollstaendig pathologisches ecg ,1,
 sinusrhythmus linkslagetyp normales ecg t - veränderungen hoch in v3 xxxx ,1,
 sinusrhythmus verdacht auf p - sinistrocardiale linkstyp qrs ( t ) abnormal anteroseptaler myokardschaden möglich edit plmi xxxx ( plmi xxxx ) ,1,
 sinusbradykardie verdacht auf p - sinistrocardiale ueberdrehter linkstyp periphere niederspannung unspezifische intraventrikuläre leitungsstörung qrs ( t ) abnormal anteriorer infarkt alter unbest inferiorer infarkt wahrscheinlich alt ,1,
 sinusrhythmus linkstyp partieller rechtsschenkelblock grenzbefund ,1,
 sinusrhythmus llt t in v2 isoelektrisch r in v2 auffallend hoch fragl st n post infarkt ,1,
 sinusrhythmus rechtstyp rechtsschenkelblock ,2,
 sinusrhythmus p - sinistrocardiale lagetyp normal unvollständiger rechtsschenkelblock ,4,
 sinusrhythmus linkstyp p - pulmonale angedeutet t flach lateral ,1,
 sinusrhythmus ueberdrehter linkstyp linksanteriorer fascicular block st - hebung v2 - v4 - st - senkung v5 - v6 anteriorer infarkt laterale ischaemie ecg pathologisch ,1,
 tachykardes vorhofflimmern linkstyp qrs ( t ) abnormal anteroseptaler myokardschaden möglich st and t abnormal wahrscheinlich anterolaterale ischämie oder linksbelastung ,1,
 sinusrhythmus ueberdrehter linkstyp linksanteriorer fascicular block qrs ( t ) abnormal inferiorer infarkt alter unbest ,1,
 sinusrhythmus lagetyp normal unspezifische intraventrikuläre leitungsstörung qrs ( t ) abnormal inferiorer infarkt alter unbest st and t abnormal wahrscheinlich anterolaterale ischämie oder linksbelastung ,2,
 sinustachykardie linkstyp unspezifisches abnormales t ,2,
 sinusrhythmus lagetyp normal qrs ( t ) abnormal hochlateraler myokardschaden möglich ,4,
 sinusarrhythmie llt diffuse repolarisationsstörungen pathologisches ecg ,1,
 sinusbradykardie lagetyp normal mässige amplitudenkriterien f#r linkshypertrophie t abnormal in anterioren ableitungen ,1,
 sinusrhythmus p - sinistrocardiale lagetyp normal qrs ( t ) abnorm inferiorer myokardschaden möglich ,1,
 sinusrhythmus steiltyp unvollständiger rechtsschenkelblock pathologisches ecg ,1,
 sinusrhythmus verdacht auf p - sinistrocardiale lagetyp normal qrs ( t ) abnormal anteriorer infarkt möglich hochlateraler infarkt möglich ,1,
 ventrikuläre extrasystole ( n ) sinusrhythmus lagetyp normal qrs ( t ) abnormal anteroseptaler infarkt wahrscheinlich alt ,1,
 sinusrhythmus linkstyp st and t abnormal wahrscheinlich hochlaterale ischämie oder linksbelastung t abnormal in lateralen ableitungen inferioren ableitungen ,1,
 tachykardes vorhofflimmern ueberdrehter linkstyp st and t abnormal wahrscheinlich anteriore ischämie oder linksbelastung hochlaterale ischämie oder linksbelastung ,1,
 sinusrhythmus p - verbreiterung lagetyp normal unspezifisches abnormales t qt - verlängerung ,1,
 ventrikuläre extrasystole ( n ) sinusrhythmus steiltyp st - senkung in ii avf ,1,
 ventrikuläre extrasystole ( n ) sinusrhythmus verdacht auf p - sinistrocardiale lagetyp normal linksschenkelblock linkshypertrophie möglich xxxx unbestätigter bericht ,2,
 ventrikuläre extrasystole ( n ) vorhofflimmern - flattern lagetyp normal linksschenkelblock linkshypertrophie möglich xxxx unbestätigter bericht ,2,
 sinusrhythmus ueberdrehter linkstyp linksschenkelblock linkshypertrophie möglich xxxx unbestätigter bericht ,20,
 tachykardes vorhofflimmern lagetyp normal periphere niederspannung st and t abnormal wahrscheinlich anterolaterale ischämie oder linksbelastung inferolaterale ischämie oder linksbelastung ,2,
 ventrikuläre extrasystole ( n ) vorhofflimmern - flattern lagetyp normal periphere niederspannung xxxx unbestätigter bericht ,2,
 sinusrhythmus p - sinistrocardiale lagetyp normal unspezifische intraventrikuläre leitungsstörung linkshypertrophie qrs ( t ) abnorm anterolateraler myokardschaden möglich xxxx unbestätigter bericht ,1,
 tachykardes vorhofflimmern ueberdrehter linkstyp qrs ( t ) abnormal anteroseptaler myokardschaden möglich st and t abnormal wahrscheinlich anterolaterale ischämie oder linksbelastung ,1,
 ventrikuläre extrasystole ( n ) sinusrhythmus linkstyp linksschenkelblock linkshypertrophie möglich xxxx unbestätigter bericht ,1,
 sinusrhythmus ueberdrehter linkstyp qrs ( t ) abnorm inferiorer infarkt wahrscheinlich alt xxxx unbestätigter bericht ,7,
 sinusrhythmus lagetyp normal qrs ( t ) abnorm anteriorer infarkt wahrscheinlich alt inferiorer infarkt wahrscheinlich alt t abnorm in hochlateralen ableitungen xxxx unbestätigter bericht ,2,
 ventrikuläre extrasystole ( n ) sinusrhythmus ueberdrehter linkstyp linksschenkelblock linkshypertrophie möglich xxxx unbestätigter bericht ,1,
 sinusrhythmus av block i mlt intraventrikuläre leitungsstörung in i ii iii avr avf ,1,
 sinusrhythmus p - sinistrocardiale lagetyp normal xxxx unbestätigter bericht ,29,
 sinusrhythmus p - verbreiterung lagetyp normal unspezifisches abnormales t ,1,
 sinusrhythmus p - sinistrocardiale lagetyp normal unvollständiger linksschenkelblock qrs ( t ) abnorm inferiorer infarkt alter unbest xxxx unbestätigter bericht ,1,
 supraventrikuläre extrasystole ( n ) sinustachykardie llt vorhofüberbelastung rechts wahrscheinlich normales ecg edit rao tachykardie rsiii ( rao ) ,1,
 sinusbradykardie linkstyp t neg in iii schlechte r - progression ,1,
 sinusrhythmus schwierig bestimmbare qrs - achse unspezifische intraventrikuläre leitungsstörung qrs ( t ) abnormal hochlateraler infarkt möglich ,1,
 sinusrhythmus av - block xxxx grades t negativ in i avl v2 - v6 p abgeflacht in v1 - v6 ,1,
 ventrikuläre extrasystole ( n ) sinusrhythmus lagetyp normal qrs ( t ) abnorm anteriorer infarkt wahrscheinlich alt inferiorer myokardschaden möglich xxxx unbestätigter bericht ,1,
 ventrikuläre extrasystole ( n ) sinusrhythmus ueberdrehter linkstyp unspezifischer intraventrikulärer block xxxx unbestätigter bericht ,1,
 sinusrhythmus lagetyp normal linkshypertrophie möglich xxxx unbestätigter bericht ,24,
 sinusrhythmus verdacht auf p - sinistrocardiale lagetyp normal unspezifisches abnormales t ,1,
 ventrikuläre extrasystole ( n ) vorhofflimmern - flattern lagetyp normal t abnorm in anterolateralen ableitungen xxxx unbestätigter bericht ,1,
 sinusrhythmus lagetyp normal normales ecg xxxx unbestätigter bericht edit norm xxxx ( norm xxxx ivcb ) ,1,
 sinusarrhythmie bradykardie llt st - hebung über v2 t negativ in iii wahrscheinlich normales ecg ,1,
 sinusrhythmus ueberdrehter linkstyp qrs ( t ) abnorm inferiorer infarkt alter unbest st and t abnorm wahrscheinlich anterolaterale ischämie oder linksbelastung xxxx unbestätigter bericht ,1,
 p wave axis is abnormal and pr interval is short rhythm is probably junctional st segments are depressed in i ii avf v5 xxxx t wave are inverted in ii iii avf v4 xxxx and flat in other leads findings are likely to be due to ischaemic heart di ,1,
 sinusrhythmus llt t negativ in iii v1 t flach in avf normales ecg ,1,
 sinusrhythmus lagetyp normal qrs ( t ) abnorm anterolateraler myokardschaden nicht auszuschliessen inferiorer infarkt alter unbest xxxx unbestätigter bericht ,1,
 sinusrhythmus av block i p - verbreiterung lagetyp normal linksschenkelblock linkshypertrophie möglich xxxx unbestätigter bericht ,2,
 sinus arrhythmie mlt u - wellen in v2 v3 normales ecg ,1,
 vorhofflimmern normokard ueberdrehter linkstyp t - veraenderungen ,1,
 sinusrhythmus linkstyp qrs ( t ) abnormal st and t abnormal grenzbefund ,1,
 sinusrhythmus linkstyp qrs ( t ) abnorm anterolateraler myokardschaden möglich inferiorer infarkt alter unbest xxxx unbestätigter bericht ,1,
 supraventrikuläre extrasystole ( n ) sinusrhythmus av block i p - verbreiterung linkstyp mässige amplitudenkriterien für linkshypertrophie xxxx unbestätigter bericht ,1,
 sinusrhythmus ueberdrehter linkstyp mässige amplitudenkriterien für linkshypertrophie t abnorm in lateralen ableitungen xxxx unbestätigter bericht ,1,
 sinusrhythmus linkstyp periphere niederspannung qrs ( t ) abnorm inferiorer myokardschaden nicht auszuschliessen xxxx unbestätigter bericht ,1,
 tachykardes vorhofflimmern lagetyp normal rechtsschenkelblock xxxx unbestätigter bericht ,3,
 sinusrhythmus av block i lagetyp normal unspezifische intraventrikuläre leitungsstörung linkshypertrophie möglich qrs ( t ) abnorm anteriorer infarkt alter unbest inferiorer infarkt wahrscheinlich alt xxxx unbestätigt ,1,
 supraventrikuläre extrasystole ( n ) sinusrhythmus lagetyp normal t - veraenderungen wahrscheinlich normal ,1,
 supraventrikuläre extrasystole ( n ) sinusrhythmus ueberdrehter linkstyp r - s übergang in v ableitungen nach links verschoben linksanteriorer fascicular block qt - verlängerung xxxx unbestätigter bericht ,1,
 sinusrhythmus p - sinistrocardiale lagetyp normal unspezifischer intraventrikulärer block qrs ( t ) abnorm inferiorer infarkt alter unbest xxxx unbestätigter bericht ,5,
 sinusrhythmus av block i lagetyp normal qrs ( t ) abnorm inferiorer myokardschaden möglich xxxx unbestätigter bericht ,1,
 sinus arrhythmie lagetyp normal linksschenkelblock linkshypertrophie möglich xxxx unbestätigter bericht ,1,
 sinusrhythmus linkstyp periphere niederspannung qrs ( t ) abnormal inferiorer infarkt alter unbest path repolarisation pathologisch ,1,
 tachykardes vorhofflimmern linkstyp periphere niederspannung qrs ( t ) abnormal inferiorer infarkt subakut anteriorer infarkt chronisch st and t abnormal fehlende r - progression ventr extrasystolen pathologisch ,1,
 sinusrhythmus av block i linkstyp xxxx unbestätigter bericht ,8,
 vorhofflimmern - flattern lagetyp normal unspezifisches abnormes t xxxx unbestätigter bericht ,15,
 sinusrhythmus p - sinistrocardiale lagetyp normal unspezifische intraventrikuläre leitungsstörung linkshypertrophie qrs ( t ) abnorm hochlateraler infarkt möglich inferiorer myokardschaden nicht auszuschliessen xxxx unbestätigter ,1,
 sinustachykardie lagetyp normal unspezifisches abnormes t xxxx unbestätigter bericht ,6,
 sinusrhythmus lagetyp normal st and t abnorm wahrscheinlich inferolaterale ischämie oder linksbelastung xxxx unbestätigter bericht ,4,
 supraventrikuläre extrasystole ( n ) sinusrhythmus verdacht auf p - sinistrocardiale lagetyp normal st and t abnorm wahrscheinlich laterale ischämie oder linksbelastung t abnorm in anterioren ableitungen xxxx unbestätigter bericht ,1,
 sinusrhythmus lagetyp normal periphere niederspannung t überhöht in v3 ,1,
 ventrikuläre extrasystole ( n ) supraventrikuläre extrasystole ( n ) sinusrhythmus ueberdrehter rechtstyp periphere niederspannung qrs ( t ) abnorm anteriorer infarkt wahrscheinlich alt inferolateraler infarkt xxxx unbestätigter ,1,
 sinus arrhythmie rechtstyp qrs ( t ) abnorm anteroseptaler myokardschaden nicht auszuschliessen xxxx unbestätigter bericht ,1,
 sinusrhythmus lagetyp normal linkshypertrophie möglich ventr extrasystolen uniform path repolarisation schlechte r - progression v3 - xxxx pathologisch ,1,
 ventrikuläre extrasystole ( n ) tachykardes vorhofflimmern lagetyp normal st and t abnorm wahrscheinlich anterolaterale ischämie oder linksbelastung inferolaterale ischämie oder linksbelastung t abnorm in anterioren ableitungen xxxx ,1,
 sinusrhythmus ueberdrehter linkstyp linksanteriorer fascicular block unvollständiger rechtsschenkelblock st and t abnorm wahrscheinlich anteriore ischämie oder linksbelastung laterale ischämie oder linksbelastung t abnorm in inferolateralen ableitungen xxxx ,1,
 sinusrhythmus ueberdrehter rechtstyp periphere niederspannung qrs ( t ) abnorm lateraler infarkt wahrscheinlich alt inferiorer infarkt möglich xxxx unbestätigter bericht ,1,
 sinusrhythmus lagetyp normal unvollständiger rechtsschenkelblock intraventr leitungsstoerung st - hebung v2 xxxx pathologisch ,1,
 sinusrhythmus vorhofsueberlastung links linkstyp pathologisch ,1,
 vorhofflimmern - flattern lagetyp normal unvollständiger rechtsschenkelblock xxxx unbestätigter bericht ,3,
 sinusrhythmus lagetyp normal qrs ( t ) abnorm anteroseptaler myokardschaden nicht auszuschliessen ,6,
 ventrikuläre extrasystole ( n ) sinus arrhythmie lagetyp normal unvollständiger rechtsschenkelblock unspezifisches abnormes t qt - verlängerung xxxx unbestätigter bericht ,1,
 sinusrhythmus ueberdrehter linkstyp r - s #bergang in v ableitungen nach links verschoben linksanteriorer fascicular block unvollständiger rechtsschenkelblock qrs ( t ) abnormal inferiorer infarkt möglich ,1,
 ventrikuläre extrasystole ( n ) sinus arrhythmie p - sinistrocardiale ueberdrehter linkstyp qrs ( t ) abnorm anteriorer infarkt alter unbest t abnorm in hochlateralen ableitungen xxxx unbestätigter bericht ,1,
 sinusrhythmus av block i p - verbreiterung lagetyp normal qrs ( t ) abnorm anteriorer infarkt mögl akut st and t abnorm wahrscheinlich inferiore ischämie oder linksbelastung xxxx unbestätigter bericht ,1,
 sinusrhythmus lagetyp normal unvollständiger rechtsschenkelblock pathologisch ,1,
 sinusrhythmus linkstyp st and t abnormal wahrscheinlich anteriore ischämie oder linksbelastung t abnormal in lateralen ableitungen inferolateralen ableitungen edit injas injal injin ( injas xxxx injal xxxx injin xxxx ) ,1,
 sinusrhythmus p - sinistrocardiale lagetyp normal mässige amplitudenkriterien für linkshypertrophie t abnorm in hochlateralen ableitungen xxxx unbestätigter bericht ,2,
 sinusrhythmus ueberdrehter linkstyp linkshypertrophie xxxx unbestätigter bericht ,2,
 sinusrhythmus p - verbreiterung lagetyp normal unvollständiger rechtsschenkelblock ,1,
 sinusrhythmus lagetyp normal st n posterolateroapikakem infarkt vor xxxx jahren q in i avl v5 - xxxx hohes r in v1 - xxxx ,1,
 supraventrikuläre extrasystole ( n ) sinustachykardie lagetyp normal ,1,
 sinusrhythmus ueberdrehter linkstyp r - s #bergang in v ableitungen nach links verschoben linksanteriorer fascicular block t abnormal in anterolateralen ableitungen ,1,
 supraventrikuläre extrasystole ( n ) sinusrhythmus lagetyp normal linkshypertrophie möglich xxxx unbestätigter bericht ,3,
 sinusrhythmus lagetyp normal rechtsschenkelblock pathologisch ,1,
 sinusrhythmus schwierig bestimmbare qrs - achse qrs ( t ) abnormal inferiorer myokardschaden nicht auszuschliessen ,1,
 sinusrhythmus lagetyp normal p biphasisch in v1 - xxxx st - hebung in v1 - xxxx diskret inferior fehlende r - progression in v1 - xxxx fragl lage - q inferior ,1,
 ventrikuläre extrasystole ( n ) sinusrhythmus lagetyp normal t abnorm in hochlateralen ableitungen xxxx unbestätigter bericht ,2,
 ventrikuläre extrasystole ( n ) sinusrhythmus linkstyp linkshypertrophie möglich qrs ( t ) abnorm inferiorer infarkt alter unbest xxxx unbestätigter bericht ,1,
 sinusrhythmus lagetyp normal vorhofsüberlastung rechts t überhöht in v2 - xxxx q in iii schlechte r - progression in v1 - xxxx edit rao schlechte r - progression v1 - xxxx qsiii ( asmi xxxx imi xxxx rao ) ,1,
 sinusrhythmus linkstyp t abnormal in anterolateralen ableitungen inferolateralen ableitungen ,1,
 sinusrhythmus linkstyp rechtsschenkelblock qrs ( t ) abnorm anteriorer infarkt wahrscheinlich alt xxxx unbestätigter bericht ,1,
 sinusrhythmus linkstyp periphere niederspannung normales ecg ,3,
 sinusrhythmus p - sinistrocardiale rechtstyp unspezifischer intraventrikulärer block qrs ( t ) abnorm anteriorer infarkt alter unbest inferiorer myokardschaden möglich xxxx unbestätigter bericht ,3,
 sinusrhythmus lagetyp normal unvollständiger linksschenkelblock t abnorm in anterolateralen ableitungen xxxx unbestätigter bericht ,1,
 sinusrhythmus rechtstyp periphere niederspannung ,1,
 ventrikuläre extrasystole ( n ) tachykardes vorhofflimmern linkstyp qrs ( t ) abnorm inferiorer infarkt alter unbest st and t abnorm wahrscheinlich anterolaterale ischämie oder linksbelastung xxxx unbestätigter bericht ,1,
 supraventrikuläre arrhythmie ueberdrehter rechtstyp unvollständiger rechtsschenkelblock qrs ( t ) abnorm inferiorer infarkt alter unbest t abnorm in anterioren ableitungen xxxx unbestätigter bericht ,1,
 supraventrikuläre extrasystole ( n ) sinusrhythmus p - sinistrocardiale rechtstyp unvollständiger rechtsschenkelblock qrs ( t ) abnorm inferiorer myokardschaden möglich xxxx unbestätigter bericht ,1,
 tachykardes vorhofflimmern ueberdrehter linkstyp qrs ( t ) abnorm anteroseptaler infarkt wahrscheinlich alt st and t abnorm wahrscheinlich hochlaterale ischämie oder linksbelastung xxxx unbestätigter bericht ,2,
 sinusrhythmus lagetyp normal st and t abnormal möglicherweise neuer anteroseptaler myokard - oder perikardschaden ,1,
 supraventrikuläre extrasystole ( n ) sinusrhythmus av block i p - sinistrocardiale lagetyp normal xxxx unbestätigter bericht ,1,
 sinusrytm vänster el - axel t - förändring såsom vid anterior myokardaffektion hög lateral myokardaffektion qt förlängd ,1,
 sinusrhythmus lagetyp normal st and t abnormal wahrscheinlich anteriore ischämie oder linksbelastung t abnormal in lateralen ableitungen inferolateralen ableitungen edit injas injal injin ( injas xxxx injal xxxx injin xxxx ) ,1,
 sinustachykardie ueberdrehter linkstyp linksanteriorer schenkelblock akut anteroseptaler infarkt möglich st - hebung in v1 - v3 schlecht r - progression in v1 - v3 path ecg ,1,
 vorhofflimmern - flattern rechtstyp unvollständiger rechtsschenkelblock unspezifisches abnormes t xxxx unbestätigter bericht ,1,
 interponierte supraventrikuläre extrasystole ( n ) sinusrhythmus lagetyp normal qt - verlängerung xxxx unbestätigter bericht ,1,
 ventrikuläre extrasystole ( n ) sinusrhythmus linkstyp qt - verlängerung ,1,
 sinusrhythmus verdacht auf p - sinistrocardiale lagetyp normal qrs ( t ) abnorm lateraler infarkt alter unbest st and t abnorm wahrscheinlich anteriore ischämie oder linksbelastung xxxx unbestätigter bericht ,1,
 supraventrikuläre arrhythmie ueberdrehter linkstyp xxxx unbestätigter bericht ,1,
 vorhofflimmern - flattern rechtstyp unvollständiger rechtsschenkelblock qt - verlängerung xxxx unbestätigter bericht ,1,
 sinusrhythmus linkstyp qrs ( t ) abnormal anteroseptaler infarkt wahrscheinlich alt st and t abnormal wahrscheinlich hochlaterale ischämie oder linksbelastung ,1,
 sinusrhythmus p - sinistrocardiale rechtstyp unspezifisches abnormes t xxxx unbestätigter bericht ,2,
 tachykardes vorhofflimmern extrem ueberdrehter rechtstyp linksanteriorer fascicular block qrs ( t ) abnorm anteroseptaler infarkt wahrscheinlich alt xxxx unbestätigter bericht ,1,
 sinusrhythmus lagetyp normal linkshypertrophie sicher chronisch inferiorer infarkt möglich ( avf iii q ) st - senkung in v5 v6 path ecg ,1,
 ventrikuläre extrasystole ( n ) sinus arrhythmie lagetyp normal unspezifische intraventrikuläre leitungsstörung unspezifisches abnormes t xxxx unbestätigter bericht ,1,
 regelmässiger rhythmus keine p - welle erkannt lagetyp normal rechtsschenkelblock xxxx unbestätigter bericht ,1,
 sinusrhythmus lagetyp normal linksschenkelblock linkshypertrophie möglich xxxx unbestätigter bericht ,12,
 tachykardes vorhofflimmern lagetyp normal r - s #bergang in v ableitungen nach rechts verschoben multiforme ves zt in 2er - salve ,1,
 vorhofflimmern - flattern linkstyp st and t abnormal wahrscheinlich anterolaterale ischämie oder linksbelastung inferolaterale ischämie oder linksbelastung t abnormal in anterioren ableitungen ,1,
 ventrikuläre extrasystole ( n ) tachykardes vorhofflimmern lagetyp normal unspezifischer intraventrikulärer block xxxx unbestätigter bericht ,2,
 sinusrhythmus av block i p - sinistrocardiale lagetyp normal unvollständiger rechtsschenkelblock ,1,
 sinusrhythmus lagetyp normal qrs ( t ) abnormal anterolateraler myokardschaden möglich ,6,
 sinusrhythmus linkslagetyp vorhofsüberbelastung links path ecg ,1,
 sinusrhythmus ueberdrehter linkstyp linksanteriorer fascicular block t abnormal in anterolateralen ableitungen inferolateralen ableitungen ,1,
 sinusrhythmus lagetyp normal st - hebung aszendierend in v2 - v4 normales ecg ,1,
 supraventrikuläre extrasystole ( n ) sinusrhythmus rechtstyp unvollständiger rechtsschenkelblock sonst normales ecg xxxx unbestätigter bericht ,1,
 supraventrikuläre extrasystole ( n ) sinusrhythmus lagetyp normal st and t abnorm wahrscheinlich inferiore ischämie oder linksbelastung xxxx unbestätigter bericht ,1,
 überdrehter linkslagetyp sinusbradykardie normales ecg ,1,
 sinusrhythmus rechtstyp qrs ( t ) abnorm anteriorer infarkt möglich hochlateraler infarkt möglich xxxx unbestätigter bericht ,1,
 sinusrhythmus lagetyp normal unvollständiger rechtsschenkelblock amplitudenkriterien f#r linkshypertrophie ,1,
 sinusrhythmus av block i lagetyp normal unspezifische intraventrikuläre leitungsstörung qrs ( t ) abnorm anteriorer infarkt alter unbest inferiorer infarkt wahrscheinlich alt st and t abnorm wahrscheinlich laterale ischämie oder linksbelast ,1,
 supraventrikuläre extrasystole ( n ) sinusrhythmus schwierig bestimmbare qrs - achse rechtsschenkelblock ,1,
 sinusrhythmus linkstyp unspezifischer intraventrikulärer block qrs ( t ) abnorm inferiorer infarkt wahrscheinlich alt xxxx unbestätigter bericht ,1,
 sinusrhythmus p - sinistrocardiale linkstyp linkshypertrophie xxxx unbestätigter bericht ,5,
 sinusrhythmus p - sinistrocardiale lagetyp normal unvollständiger rechtsschenkelblock qrs ( t ) abnorm lateraler infarkt wahrscheinlich alt xxxx unbestätigter bericht ,1,
 sinusrhythmus verdacht auf p - sinistrocardiale lagetyp normal qrs ( t ) abnorm anteroseptaler infarkt wahrscheinlich alt inferiorer myokardschaden nicht auszuschliessen xxxx unbestätigter bericht ,1,
 ventrikuläre extrasystole ( n ) supraventrikuläre extrasystole ( n ) sinusrhythmus ueberdrehter linkstyp linksschenkelblock linkshypertrophie möglich xxxx unbestätigter bericht ,1,
 sinusrhythmus slt st - hebung t - veraenderungen neg in avl asz in v2 normales ecg ,1,
 sinusrhythmus linkstyp st - hebung v2 v3 schlechte r - progression ueber vw ( wechselstrom ) ecg wahrscheinlich normal ,1,
 sinusrhythmus linkstyp periphere niederspannung qrs ( t ) abnormal inferiorer infarkt wahrscheinlich alt ,3,
 sinusrhythmus schwierig bestimmbare qrs - achse periphere niederspannung xxxx unbestätigter bericht ,2,
 sinusrhythmus lagetyp normal qrs ( t ) abnorm anteroseptaler infarkt alter unbest xxxx unbestätigter bericht ,6,
 sinusrhythmus llt av - block xxxx grades ( grenzwertig ) ,1,
 sinusrhythmus linkstyp r - s übergang in v ableitungen nach rechts verschoben qrs ( t ) abnorm anterolateraler myokardschaden möglich ,1,
 supraventrikuläre arrhythmie linkstyp sonst normales ecg xxxx unbestätigter bericht ,5,
 sinusrhythmus ueberdrehter linkstyp r - s übergang in v ableitungen nach links verschoben unspezifisches abnormes t xxxx unbestätigter bericht ,1,
 ventrikuläre extrasystole ( n ) sinus arrhythmie lagetyp normal linksschenkelblock ,1,
 sinusrhythmus ueberdrehter linkstyp linkshypertrophie chron inferiorer infarkt moeglich grenzbefund ,1,
 sinusrhythmus lagetyp normal vagale t in v2 - xxxx ,1,
 sinusrhythmus lagetyp normal t abnormal in inferioren ableitungen ,4,
 sinusrhythmus verdacht auf p - sinistrocardiale linkstyp r - s übergang in v ableitungen nach rechts verschoben xxxx unbestätigter bericht ,3,
 sinusrhythmus llt st - hebung in v2 t - veraenderungen v1 - v2 neg in iii pathologisches ecg ,1,
 sinusrhythmus verdacht auf p - sinistrocardiale linkstyp unvollständiger linksschenkelblock qrs ( t ) abnorm anterolateraler myokardschaden möglich xxxx unbestätigter bericht ,1,
 sinusrhythmus av block i p - verbreiterung ueberdrehter linkstyp periphere niederspannung linkshypertrophie möglich qrs ( t ) abnorm inferiorer infarkt wahrscheinlich alt xxxx unbestätigter bericht ,1,
 ventrikuläre extrasystole ( n ) bigeminus sinus arrhythmie verdacht auf p - sinistrocardiale linkstyp rechtsschenkelblock xxxx unbestätigter bericht ,1,
 sinusrhythmus lagetyp normal mässige amplitudenkriterien für linkshypertrophie unspezifisches abnormes t xxxx unbestätigter bericht ,8,
 sinusrhythmus av block i linkstyp mässige amplitudenkriterien für linkshypertrophie unspezifisches abnormes t xxxx unbestätigter bericht ,1,
 supraventrikuläre extrasystole ( n ) sinustachykardie lagetyp normal st and t abnormal wahrscheinlich anterolaterale ischämie oder linksbelastung ,2,
 sinusrhythmus p - verbreiterung schwierig bestimmbare qrs - achse periphere niederspannung rechtsschenkelblock qrs ( t ) abnormal inferiorer infarkt alter unbest ,1,
 sinustachykardie linkstyp qrs ( t ) abnormal inferiorer infarkt wahrscheinlich alt t abnormal in hochlateralen ableitungen ,1,
 sinusrhythmus ueberdrehter linkstyp r - s #bergang in v ableitungen nach rechts verschoben unvollständiger rechtsschenkelblock unspezifisches abnormales t qt - verlängerung ,1,
 sinusrhythmus p - verbreiterung linkstyp unspezifischer intraventrikulärer block xxxx unbestätigter bericht ,2,
 supraventrikuläre extrasystole ( n ) sinusrhythmus verdacht auf p - sinistrocardiale lagetyp normal qrs ( t ) abnorm anteroseptaler infarkt wahrscheinlich alt t abnorm in anterolateralen ableitungen inferolateralen ableitungen xxxx ,1,
 sinusrhythmus lagetyp normal linkshypertrophie möglich qrs ( t ) abnorm inferiorer myokardschaden nicht auszuschliessen xxxx unbestätigter bericht ,1,
 sinustachykardie linkstyp qrs ( t ) abnorm lateraler myokardschaden nicht auszuschliessen xxxx unbestätigter bericht ,1,
 sinusrhythmus ueberdrehter linkstyp intraventr leitungsstoerung avf v1 infarkt inferior chronisch moeglich q in ii iii avf ecg pathologisch ,1,
 sinusrhythmus lagetyp normal st and t abnormal wahrscheinlich ecg normal ,1,
 sinusrhythmus lagetyp normal mässige amplitudenkriterien für linkshypertrophie qrs ( t ) abnorm inferiorer infarkt alter unbest xxxx unbestätigter bericht ,2,
 tachykardes vorhofflimmern lagetyp normal periphere niederspannung qrs ( t ) abnormal hochlateraler infarkt möglich ,2,
 sinusrhythmus linkstyp qrs ( t ) abnormal inferiorer myokardschaden möglich ,2,
 sinustachykardie lagetyp normal st and t abnorm wahrscheinlich anterolaterale ischämie oder linksbelastung inferolaterale ischämie oder linksbelastung xxxx unbestätigter bericht ,5,
 sinusrhythmus lagetyp normal qrs ( t ) abnorm inferiorer myokardschaden möglich t abnorm in hochlateralen ableitungen xxxx unbestätigter bericht ,1,
 supraventrikuläre extrasystole ( n ) sinusbradykardie p - verbreiterung lagetyp normal linkshypertrophie xxxx unbestätigter bericht ,1,
 sinusrhythmus p - verbreiterung lagetyp normal periphere niederspannung ,4,
 ventrikuläre extrasystole ( n ) sinusrhythmus linkstyp st and t abnormal wahrscheinlich hochlaterale ischämie oder linksbelastung ,1,
 sinusrhythmus verdacht auf p - sinistrocardiale lagetyp normal qrs ( t ) abnormal anteroseptaler infarkt alter unbest st and t abnormal wahrscheinlich inferiore ischämie oder linksbelastung ,1,
 g vorhofflimmern - flattern lagetyp normal t abnormal in anterolateralen ableitungen inferolateralen ableitungen ,1,
 sinusrhythmus verdacht auf p - sinistrocardiale lagetyp normal qrs ( t ) abnorm inferiorer myokardschaden möglich t abnorm in anterioren ableitungen lateralen ableitungen ,1,
 sinusrhythmus lagetyp normal st and t abnormal wahrscheinlich anterolaterale ischämie oder linksbelastung inferolaterale ischämie oder linksbelastung ,7,
 sinusrhythmus linkstyp fehlende r - progression ueber vw infarkt anteroseptal chronisch moeglich st - hebung v2 v3 ecg pathologisch ,1,
 vorhofflimmern - flattern ueberdrehter linkstyp st and t abnorm wahrscheinlich anteriore ischämie oder linksbelastung laterale ischämie oder linksbelastung t abnorm in inferolateralen ableitungen xxxx unbestätigter bericht ,1,
 sinusrhythmus rechtstyp st and t abnormal wahrscheinlich inferiore ischämie oder linksbelastung edit iscin xxxx ( f xxxx ) ( norm xxxx ) ,1,
 sinusrhythmus lagetyp normal rechtsschenkelblock ecg pathologisch ,1,
 sinusrhythmus lagetyp normal normales ecg xxxx unbestätigter bericht edit norm xxxx rsiii ( norm xxxx ivcb ) ,1,
 sinusrhythmus lagetyp normal normales ecg xxxx unbestätigter bericht edit norm xxxx rqsiii ( norm xxxx ) ,1,
 sinusrhythmus linkstyp intraventr leitungsstoerung avf v2 infarkt anteroseptal chronisch sicher t - veraenderungen t - abflachung v4 - v6 keine hinweise fuer frischen infarkt ecg pathologisch ,1,
 ventrikuläre extrasystole ( n ) sinus arrhythmie linkstyp unspezifisches abnormales t ,1,
 sinustachykardie av block i lagetyp normal t abnormal in anterolateralen ableitungen inferolateralen ableitungen ,1,
 sinus arrhythmie p - verbreiterung lagetyp normal linkshypertrophie möglich qrs ( t ) abnorm anteroseptaler myokardschaden nicht auszuschliessen xxxx unbestätigter bericht ,1,
 sinusrhythmus linkstyp t abnorm in anterioren ableitungen lateralen ableitungen xxxx unbestätigter bericht ,3,
 sinusrhythmus lagetyp normal qrs ( t ) abnorm anteriorer infarkt alter unbest t abnorm in lateralen ableitungen xxxx unbestätigter bericht ,6,
 supraventrikuläre extrasystole ( n ) sinustachykardie lagetyp normal periphere niederspannung qrs ( t ) abnorm anteroseptaler myokardschaden nicht auszuschliessen t abnorm in lateralen ableitungen xxxx unbestätigter bericht ,1,
 sinusrhythmus av block i lagetyp normal st and t abnorm wahrscheinlich anterolaterale ischämie oder linksbelastung inferolaterale ischämie oder linksbelastung t abnorm in anterioren ableitungen xxxx unbestätigter bericht ,1,
 tachykardes vorhofflimmern extrem ueberdrehter rechtstyp linksanteriorer fascicular block rechtsschenkelblock bifaszikulärer block qrs ( t ) abnorm anteroseptaler myokardschaden möglich xxxx unbestätigter bericht ,1,
 ventrikuläre extrasystole ( n ) bigeminus sinus arrhythmie ueberdrehter linkstyp rechtsschenkelblock xxxx unbestätigter bericht ,1,
 sinustachykardie ueberdrehter linkstyp rechtsschenkelblock qrs ( t ) abnorm inferiorer infarkt alter unbest xxxx unbestätigter bericht ,1,
 vorhofflimmern - flattern extrem ueberdrehter rechtstyp linksanteriorer fascicular block rechtsschenkelblock bifaszikulärer block qrs ( t ) abnorm anteroseptaler myokardschaden möglich xxxx unbestätigter bericht ,1,
 sinusrhythmus verdacht auf p - sinistrocardiale ueberdrehter linkstyp qrs ( t ) abnorm anteriorer infarkt alter unbest t abnorm in hochlateralen ableitungen xxxx unbestätigter bericht ,1,
 vorhofflimmern - flattern lagetyp normal qrs ( t ) abnorm inferiorer myokardschaden möglich t abnorm in anterolateralen ableitungen xxxx unbestätigter bericht ,2,
 sinusrhythmus linkstyp qrs ( t ) abnorm anteroseptaler myokardschaden möglich xxxx unbestätigter bericht ,12,
 sinusbradykardie linkstyp qrs ( t ) abnorm anteroseptaler infarkt alter unbest inferiorer infarkt wahrscheinlich alt t abnorm in anterioren ableitungen lateralen ableitungen xxxx unbestätigter bericht ,1,
 vorhofflimmern - flattern lagetyp normal periphere niederspannung unspezifischer intraventrikulärer block ,1,
 sinusrhythmus lagetyp normal st and t abnorm wahrscheinlich hochlaterale ischämie oder linksbelastung t abnorm in lateralen ableitungen xxxx unbestätigter bericht ,1,
 vorhofflimmern - flattern ueberdrehter linkstyp linksanteriorer fascicular block rechtsschenkelblock bifaszikulärer block qrs ( t ) abnorm anteroseptaler myokardschaden möglich xxxx unbestätigter bericht ,3,
 sinusrhythmus linkstyp qrs ( t ) abnorm anteroseptaler myokardschaden nicht auszuschliessen xxxx unbestätigter bericht ,4,
 sinusrhythmus lagetyp normal periphere niederspannung qrs ( t ) abnormal anteroseptaler infarkt wahrscheinlich alt ,1,
 sinustachykardie lagetyp normal grenzbefund ,1,
 sinusrhythmus linkstyp schenkelblock partiell st - hebung v1 st - senkung i avl v5 + v6 ecg pathologisch ,1,
 sinusrhythmus linkstyp unspezifische intraventrikuläre leitungsstörung st and t abnorm wahrscheinlich inferiore ischämie oder linksbelastung xxxx unbestätigter bericht ,1,
 sinusrhythmus ueberdrehter linkstyp qrs ( t ) abnorm lateraler infarkt wahrscheinlich alt xxxx unbestätigter bericht ,1,
 sinusrhythmus lagetyp normal unspezifische intraventrikuläre leitungsstörung linkshypertrophie xxxx unbestätigter bericht ,3,
 ventrikuläre extrasystole ( n ) vorhofflimmern - flattern lagetyp normal unspezifisches abnormes t xxxx unbestätigter bericht ,1,
 vorhofflimmern - flattern lagetyp normal periphere niederspannung qrs ( t ) abnorm anteroseptaler myokardschaden nicht auszuschliessen qt - verlängerung xxxx unbestätigter bericht ,1,
 sinusrhythmus verdacht auf p - sinistrocardiale ueberdrehter linkstyp qrs ( t ) abnorm inferiorer infarkt wahrscheinlich alt xxxx unbestätigter bericht ,5,
 ventrikuläre extrasystole ( n ) sinus arrhythmie lagetyp normal qrs ( t ) abnormal inferiorer infarkt wahrscheinlich alt ,1,
 sinusrhythmus av block i verdacht auf p - sinistrocardiale ueberdrehter linkstyp linksschenkelblock linkshypertrophie möglich xxxx unbestätigter bericht ,2,
 tachykardes vorhofflimmern lagetyp normal t abnorm in inferioren ableitungen xxxx unbestätigter bericht ,2,
 sinusrhythmus lagetyp normal qrs ( t ) abnorm septaler infarkt nicht auszuschliessen inferiorer myokardschaden möglich xxxx unbestätigter bericht ,1,
 sinustachykardie lagetyp normal linkshypertrophie möglich qrs ( t ) abnormal anteroseptaler infarkt wahrscheinlich alt hochlateraler infarkt möglich ,1,
 vorhofflimmern - flattern lagetyp normal t abnorm in inferolateralen ableitungen qt - verlängerung xxxx unbestätigter bericht ,1,
 sinustachykardie p - dextrocardiale lagetyp normal rechtsschenkelblock qrs ( t ) abnorm inferiorer infarkt wahrscheinlich alt xxxx unbestätigter bericht ,1,
 sinustachykardie lagetyp normal qrs ( t ) abnormal inferiorer infarkt wahrscheinlich alt ,2,
 sinusrhythmus verdacht auf p - sinistrocardiale lagetyp normal qt - verlängerung ,1,
 sinusrhythmus lagetyp normal qrs ( t ) abnormal inferiorer infarkt wahrscheinlich alt ,13,
 sinusrhythmus ueberdrehter linkstyp r - s übergang in v ableitungen nach links verschoben linkshypertrophie qrs ( t ) abnorm inferiorer infarkt mögl akut xxxx unbestätigter bericht ,1,
 sinusrhythmus ueberdrehter linkstyp unvollständiger rechtsschenkelblock qrs ( t ) abnorm anteroseptaler myokardschaden möglich ,3,
 supraventrikuläre tachykardie bei vorhofflattern xxxx ! ueberdrehter linkstyp unspezifischer intraventrikulärer block qrs ( t ) abnorm inferiorere ischaemie xxxx überleitung ,1,
 tachykardes vorhofflimmern lagetyp normal st and t abnormal pathologisch ,1,
 sinusrhythmus p - verbreiterung lagetyp normal qrs ( t ) abnorm inferiorer infarkt wahrscheinlich alt t abnorm in hochlateralen ableitungen xxxx unbestätigter bericht ,1,
 sinusrhythmus p - sinistrocardiale lagetyp normal periphere niederspannung qrs ( t ) abnorm anteroseptaler myokardschaden nicht auszuschliessen xxxx unbestätigter bericht ,1,
 vorhofflimmern - flattern linkstyp unspezifische abnorme st - senkung xxxx unbestätigter bericht ,1,
 supraventrikuläre arrhythmie linkstyp qrs ( t ) abnorm inferiorer infarkt alter unbest st and t abnorm wahrscheinlich anterolaterale ischämie oder linksbelastung xxxx unbestätigter bericht ,2,
 sinusrhythmus verdacht auf p - sinistrocardiale lagetyp normal qrs ( t ) abnorm anterolateraler myokardschaden möglich inferiorer infarkt wahrscheinlich alt xxxx unbestätigter bericht ,1,
 sinusrhythmus p - verbreiterung linkstyp linkshypertrophie möglich qrs ( t ) abnorm anteroseptaler myokardschaden nicht auszuschliessen qt - verlängerung xxxx unbestätigter bericht ,1,
 sinusrhythmus p - sinistrocardiale linkstyp unspezifischer intraventrikulärer block qrs ( t ) abnorm anteroseptaler infarkt mögl akut xxxx unbestätigter bericht ,1,
 supraventrikuläre arrhythmie lagetyp normal mässige amplitudenkriterien für linkshypertrophie t abnorm in anterolateralen ableitungen inferolateralen ableitungen xxxx unbestätigter bericht ,1,
 sinusrhythmus av block i ueberdrehter linkstyp periphere niederspannung qrs ( t ) abnorm anteriorer infarkt wahrscheinlich alt inferolateraler infarkt wahrscheinlich alt xxxx unbestätigter bericht ,1,
 sinusrhythmus p - sinistrocardiale lagetyp normal unspezifischer intraventrikulärer block xxxx unbestätigter bericht ,2,
 ventrikuläre extrasystole ( n ) sinus arrhythmie lagetyp normal unspezifischer intraventrikulärer block qrs ( t ) abnormal inferiorer infarkt alter unbest ,1,
 sinusrhythmus av block i p - verbreiterung ueberdrehter linkstyp linkshypertrophie qrs ( t ) abnormal anteroseptaler myokardschaden möglich ,1,
 ventrikuläre extrasystole ( n ) sinusrhythmus verdacht auf p - sinistrocardiale linkstyp unspezifischer intraventrikulärer block qrs ( t ) abnorm inferiorer infarkt alter unbest xxxx unbestätigter bericht ,1,
 sinusrhythmus av block i linkstyp unvollständiger linksschenkelblock qrs ( t ) abnorm anteroseptaler myokardschaden möglich xxxx unbestätigter bericht ,1,
 sinustachykardie p - sinistrocardiale lagetyp normal unspezifischer intraventrikulärer block qrs ( t ) abnorm inferiorer myokardschaden möglich xxxx unbestätigter bericht ,1,
 sinustachykardie lagetyp normal qrs ( t ) abnorm anteroseptaler infarkt wahrscheinlich alt xxxx unbestätigter bericht ,2,
 sinus arrhythmie av block i lagetyp normal unspezifische intraventrikuläre leitungsstörung linkshypertrophie xxxx unbestätigter bericht ,1,
 tachykardes vorhofflimmern lagetyp normal linkshypertrophie xxxx unbestätigter bericht ,1,
 sinusrhythmus lagetyp normal unspezifische intraventrikuläre leitungsstörung qrs ( t ) abnorm inferiorer infarkt alter unbest xxxx unbestätigter bericht ,3,
 sinusrhythmus ueberdrehter linkstyp qrs ( t ) abnorm anteroseptaler myokardschaden möglich xxxx unbestätigter bericht ,3,
 sinustachykardie ueberdrehter linkstyp qrs ( t ) abnormal anteroseptaler infarkt wahrscheinlich alt t abnormal in hochlateralen ableitungen ,2,
 sinusrhythmus ueberdrehter linkstyp linksanteriorer fascicular block qrs ( t ) abnorm anteroseptaler infarkt mögl akut xxxx unbestätigter bericht ,1,
 sinusrhythmus verdacht auf p - sinistrocardiale linkstyp qrs ( t ) abnorm inferiorer infarkt alter unbest xxxx unbestätigter bericht ,4,
 sinusrhythmus lagetyp normal st - senkung iii v4 slt linksventr hypertrophie ,1,
 vorhofflimmern - flattern lagetyp normal periphere niederspannung t abnorm in inferioren ableitungen xxxx unbestätigter bericht ,1,
 sinusrhythmus verdacht auf p - sinistrocardiale lagetyp normal qrs ( t ) abnorm anteroseptaler infarkt alter unbest xxxx unbestätigter bericht ,3,
 sinustachykardie lagetyp normal qrs ( t ) abnorm lateraler myokardschaden nicht auszuschliessen inferiorer myokardschaden nicht auszuschliessen t abnorm in anterioren ableitungen xxxx unbestätigter bericht ,1,
 sinusrhythmus av block i lagetyp normal qrs ( t ) abnorm lateraler myokardschaden möglich xxxx unbestätigter bericht ,1,
 sinus arrhythmie p - sinistrocardiale linkstyp periphere niederspannung unvollständiger rechtsschenkelblock t abnorm in anteroseptalen ableitungen xxxx unbestätigter bericht ,1,
 sinus arrhythmie av block i linkstyp ,2,
 sinusrhythmus lagetyp normal unvollständiger rechtsschenkelblock t abnorm in anteroseptalen ableitungen xxxx unbestätigter bericht ,1,
 sinusrhythmus verdacht auf p - sinistrocardiale lagetyp normal linksschenkelblock linkshypertrophie möglich xxxx unbestätigter bericht ,6,
 supraventrikuläre extrasystole ( n ) sinusrhythmus ueberdrehter linkstyp linksanteriorer fascicular block linkshypertrophie xxxx unbestätigter bericht ,1,
 sinusrhythmus linkstyp unspezifisches abnormes t qt - verlängerung xxxx unbestätigter bericht ,5,
 sinusrhythmus lagetyp normal linkshypertrophie möglich qrs ( t ) abnormal hochlateraler infarkt möglich ,4,
 sinusrhythmus verdacht auf p - sinistrocardiale ueberdrehter linkstyp linksanteriorer fascicular block rechtsschenkelblock bifaszikulärer block qrs ( t ) abnorm anteriorer infarkt alter unbest inferiorer infarkt wahrscheinlich alt xxxx ,1,
 sinusrhythmus ueberdrehter linkstyp xxxx grad links ant fascicular block pathologisches ecg ,1,
 sinusrhythmus lagetyp normal mässige amplitudenkriterien für linkshypertrophie unspezifische abnorme st - senkung unspezifisches abnormes t xxxx unbestätigter bericht ,2,
 llt tachykardes vorhofflimmern subakuter posteriorer infarkt möglich st - senkung desz - muldenf in v2 - v6 neg t - veraenderungen in v1 - v6 pathologisches ecg ,1,
 supraventrikuläre extrasystole ( n ) sinusrhythmus av block i linkstyp st and t abnorm wahrscheinlich anteroseptale ischämie oder linksbelastung hochlaterale ischämie oder linksbelastung xxxx unbestätigter bericht ,1,
 sinusrhythmus lagetyp normal t überhöht in v3 - xxxx normales ecg ,1,
 vorhofflimmern - flattern rechtstyp st and t abnorm wahrscheinlich inferiore ischämie oder linksbelastung xxxx unbestätigter bericht ,2,
 sinusrhythmus av block i p - verbreiterung ueberdrehter linkstyp linksanteriorer fascicular block rechtsschenkelblock bifaszikulärer block qrs ( t ) abnorm anteroseptaler myokardschaden möglich xxxx unbestätigter bericht ,4,
 sinusrhythmus av block i ueberdrehter linkstyp rechtsschenkelblock qrs ( t ) abnorm inferiorer infarkt alter unbest xxxx unbestätigter bericht ,1,
 supraventrikuläre arrhythmie lagetyp normal unspezifische intraventrikuläre leitungsstörung qrs ( t ) abnorm inferiorer infarkt alter unbest xxxx unbestätigter bericht ,1,
 sinusrhythmus verdacht auf p - sinistrocardiale ueberdrehter linkstyp linksschenkelblock xxxx unbestätigter bericht ,4,
 tachykardes vorhofflimmern lagetyp normal st and t abnormal wahrscheinlich anteriore ischämie oder linksbelastung laterale ischämie oder linksbelastung inferolaterale ischämie oder linksbelastung ,1,
 supraventrikuläre arrhythmie verdacht auf p - sinistrocardiale lagetyp normal mässige amplitudenkriterien für linkshypertrophie qt - verlängerung xxxx unbestätigter bericht ,1,
 sinusrhythmus av block i p - sinistrocardiale unspezifischer intraventrikulärer block ,1,
 sinusrhythmus av block i linkstyp mässige amplitudenkriterien für linkshypertrophie xxxx unbestätigter bericht ,2,
 sinusrhythmus lagetyp normal rechtsschenkelblock linkshypertrophie möglich ,1,
 sinusrhythmus linkstyp sonst normales ecg xxxx unbestätigter bericht edit norm xxxx sokolow xxxx schlechte r - progression v1 - xxxx ( norm xxxx ) ,1,
 tachykardes vorhofflimmern lagetyp normal r - s übergang in v ableitungen nach rechts verschoben unvollständiger rechtsschenkelblock mässige amplitudenkriterien für linkshypertrophie st and t abnorm wahrscheinlich anteriore ischämie oder linksbelastung ,1,
 g tachykardes vorhofflimmern lagetyp normal linksschenkelblock linkshypertrophie möglich ,1,
 sinusrhythmus lagetyp normal r - s übergang in v ableitungen nach rechts verschoben unvollständiger rechtsschenkelblock linkshypertrophie möglich xxxx unbestätigter bericht ,1,
 sinusrhythmus ueberdrehter linkstyp qrs ( t ) abnorm anteroseptaler infarkt alter unbest t abnorm in anterioren ableitungen xxxx unbestätigter bericht ,2,
 sinusrhythmus lagetyp normal unspezifischer intraventrikulärer block linkshypertrophie qrs ( t ) abnormal hochlateraler infarkt möglich ,1,
 vorhofflimmern - flattern ueberdrehter linkstyp unspezifisches abnormales t ,1,
 sinusrhythmus schwierig bestimmbare qrs - achse niederspannungs - ecg qrs ( t ) abnormal anteroseptaler infarkt alter unbest hochlateraler infarkt möglich st and t abnormal wahrscheinlich anteriore ischämie oder linksbelastung inferiore ischämie ,1,
 sinusrhythmus lagetyp normal unspezifische abnorme st - senkung unspezifisches abnormes t xxxx unbestätigter bericht ,7,
 vorhofflimmern - flattern lagetyp normal qrs ( t ) abnorm inferiorer infarkt wahrscheinlich alt xxxx unbestätigter bericht ,7,
 supraventrikuläre arrhythmie lagetyp normal linkshypertrophie möglich qrs ( t ) abnorm anteroseptaler infarkt alter unbest xxxx unbestätigter bericht ,1,
 sinusrhythmus schwierig bestimmbare qrs - achse t abnormal in hochlateralen ableitungen ,1,
 sinusrhythmus lagetyp normal qrs ( t ) abnorm inferiorer myokardschaden möglich qt - verlängerung xxxx unbestätigter bericht ,1,
 vorhofflimmern - flattern lagetyp normal qrs ( t ) abnorm anteroseptaler infarkt mögl akut xxxx unbestätigter bericht ,1,
 sinusrhythmus lagetyp normal unvollständiger rechtsschenkelblock qrs ( t ) abnorm lateraler infarkt wahrscheinlich alt xxxx unbestätigter bericht ,1,
 sinusrhythmus linkstyp st and t abnormal wahrscheinlich hochlaterale ischämie oder linksbelastung edit iscin xxxx ( f xxxx ) ( norm xxxx ) ,1,
 tachykardes vorhofflimmern lagetyp normal periphere niederspannung linksschenkelblock linkshypertrophie möglich ,1,
 supraventrikuläre tachykardie av block i p - sinistrocardiale linkstyp linksschenkelblock linkshypertrophie möglich ,1,
 tachykardes vorhofflimmern linkstyp unvollständiger rechtsschenkelblock qrs ( t ) abnormal anterolateraler myokardschaden nicht auszuschliessen st and t abnormal wahrscheinlich anteriore ischämie oder linksbelastung inferolaterale ischämie oder links ,1,
 sinusrhythmus linkstyp qrs ( t ) abnorm anteroseptaler infarkt alter unbest xxxx unbestätigter bericht ,4,
 beschleunigter av - rhythmus lagetyp normal t abnorm in inferioren ableitungen xxxx unbestätigter bericht ,2,
 sinusrhythmus lagetyp normal t abnorm in anterioren ableitungen xxxx unbestätigter bericht ,15,
 ventrikuläre extrasystole ( n ) tachykardes vorhofflimmern ueberdrehter rechtstyp periphere niederspannung qrs ( t ) abnorm anteroseptaler infarkt wahrscheinlich alt st and t abnorm wahrscheinlich anterolaterale ischämie oder linksbelastung inferola ,1,
 ventrikuläre tachykardie ,1,
 sinustachykardie linkstyp periphere niederspannung qrs ( t ) abnorm anteroseptaler infarkt wahrscheinlich alt xxxx unbestätigter bericht ,1,
 sinusrhythmus lagetyp normal qrs ( t ) abnorm septaler infarkt nicht auszuschliessen st and t abnorm wahrscheinlich inferiore ischämie oder linksbelastung xxxx unbestätigter bericht ,1,
 sinusrhythmus schwierig bestimmbare qrs - achse r - s #bergang in v ableitungen nach links verschoben niederspannungs - ecg linksposteriorer fascicular block qrs ( t ) abnormal anterolateraler myokardschaden nicht auszuschliessen inferiorer myokardschaden nicht aus ,1,
 sinusrhythmus rechtstyp qrs ( t ) abnormal septaler myokardschaden nicht auszuschliessen ,1,
 vorhofflimmern - flattern linkstyp t abnorm in anterolateralen ableitungen xxxx unbestätigter bericht ,2,
 sinusrhythmus av block i p - verbreiterung lagetyp normal qrs ( t ) abnorm anteriorer infarkt alter unbest inferiorer myokardschaden möglich t abnorm in lateralen ableitungen xxxx unbestätigter bericht ,1,
 sinustachykardie lagetyp normal mässige amplitudenkriterien für linkshypertrophie xxxx unbestätigter bericht ,3,
 ventrikuläre extrasystole ( n ) sinusrhythmus p - sinistrocardiale ueberdrehter linkstyp unspezifischer intraventrikulärer block xxxx unbestätigter bericht ,2,
 sinusrhythmus lagetyp normal flache t in iii avl neg t in v1 schlechte r - progression in v1 - xxxx grenzbefund ,1,
 sinusrhythmus lagetyp normal av - block xxxx neg t in iii flache t in avf pathologisches ecg ,1,
 supraventrikuläre extrasystole ( n ) interponierte supraventrikuläre extrasystole ( n ) sinusrhythmus linkstyp qt - verlängerung xxxx unbestätigter bericht ,1,
 sinusrhythmus ueberdrehter linkstyp linksanteriorer fascicular block qrs ( t ) abnorm anterolateraler infarkt möglich inferiorer infarkt alter unbest xxxx unbestätigter bericht ,1,
 sinusrhythmus p - sinistrocardiale lagetyp normal qrs ( t ) abnorm inferiorer myokardschaden möglich xxxx unbestätigter bericht ,5,
 sinusbradykardie lagetyp normal st - senkung in ii ( diskret ) normales ecg ,1,
 sinustachykardie linkstyp unspezifische intraventrikuläre leitungsstörung linkshypertrophie möglich qrs ( t ) abnorm inferiorer infarkt wahrscheinlich alt xxxx unbestätigter bericht ,1,
 sinusrhythmus lagetyp normal anged s1 - qiii verz r - progression normales ecg ,1,
 sinusrhythmus schwierig bestimmbare qrs - achse niederspannungs - ecg linksposteriorer fascicular block qrs ( t ) abnormal anteroseptaler infarkt alter unbest st abnormal möglicherweise inferolateraler innenschichtsschaden ,1,
 sinusrhythmus linkstyp mässige amplitudenkriterien für linkshypertrophie qrs ( t ) abnorm anteroseptaler myokardschaden möglich xxxx unbestätigter bericht ,1,
 sinus arrhythmie av block i p - verbreiterung lagetyp normal unspezifische intraventrikuläre leitungsstörung mässige amplitudenkriterien für linkshypertrophie st and t abnorm wahrscheinlich inferiore ischämie oder linksbelastung xxxx ,1,
 vorhofflimmern - flattern linkstyp qrs ( t ) abnorm anterolateraler myokardschaden möglich inferiorer infarkt alter unbest xxxx unbestätigter bericht ,2,
 sinusrhythmus lagetyp normal unspezifische intraventrikuläre leitungsstörung t abnormal in hochlateralen ableitungen ,1,
 vorhofflimmern - flattern linkstyp qrs ( t ) abnorm inferiorer infarkt alter unbest st and t abnorm wahrscheinlich anterolaterale ischämie oder linksbelastung xxxx unbestätigter bericht ,1,
 sinusrhythmus schwierig bestimmbare qrs - achse r - s #bergang in v ableitungen nach links verschoben niederspannungs - ecg qrs ( t ) abnormal inferiorer myokardschaden nicht auszuschliessen st and t abnormal wahrscheinlich anteriore ischämie oder linksbelast ,1,
 sinustachykardie av block i ueberdrehter linkstyp qrs ( t ) abnormal inferiorer infarkt möglich ,1,
 vorhofflimmern - flattern linkstyp mässige amplitudenkriterien für linkshypertrophie qrs ( t ) abnorm inferiorer infarkt alter unbest st and t abnorm wahrscheinlich anterolaterale ischämie oder linksbelastung xxxx unbestätig ,1,
 sinusrhythmus lagetyp normal linkshypertrophie ,2,
 ventrikuläre extrasystole ( n ) vorhofflimmern - flattern lagetyp normal unspezifischer intraventrikulärer block xxxx unbestätigter bericht ,2,
 ventrikuläre extrasystole ( n ) trigeminus sinusrhythmus linkstyp qt - verlängerung xxxx unbestätigter bericht ,1,
 sinusrhythmus p - verbreiterung linkstyp unspezifisches abnormes t xxxx unbestätigter bericht ,3,
 vorhofflimmern - flattern linkstyp unspezifischer intraventrikulärer block qrs ( t ) abnorm inferiorer infarkt alter unbest xxxx unbestätigter bericht ,2,
 sinusrhythmus p - sinistrocardiale linkstyp linkshypertrophie qrs ( t ) abnorm anteroseptaler myokardschaden nicht auszuschliessen xxxx unbestätigter bericht ,1,
 sinusrhythmus linkstyp qrs ( t ) abnorm inferiorer infarkt alter unbest t abnorm in anterioren ableitungen xxxx unbestätigter bericht ,1,
 sinusrhythmus lagetyp normal sves t flach in avl neg in v1 ,1,
 sinus arrhythmie unvollständiger rechtsschenkelblock qrs ( t ) abnormal septaler myokardschaden nicht auszuschliessen ,1,
 sr lagetyp normal normales ecg ,1,
 sinustachykardie p - sinistrocardiale linkstyp amplitudenkriterien f#r linkshypertrophie ,1,
 sinusbradykardie lagetyp normal st - senkung neg t in i ii v4 - xxxx flache t in iii avl pq - zeit grenzwertig pathologisches ecg ,1,
 sinusrhythmus p - sinistrocardiale lagetyp normal unspezifische abnormale st - senkung ,1,
 vorhofflimmern - flattern linkstyp mässige amplitudenkriterien für linkshypertrophie qrs ( t ) abnorm inferiorer myokardschaden nicht auszuschliessen st and t abnorm wahrscheinlich anterolaterale ischämie oder linksbelastung xxxx ,1,
 vorhofflimmern - flattern schwierig bestimmbare qrs - achse periphere niederspannung rechtshypertrophie möglich qrs ( t ) abnorm anteroseptaler infarkt wahrscheinlich alt xxxx unbestätigter bericht ,1,
 vorhofflimmern - flattern lagetyp normal periphere niederspannung linksschenkelblock linkshypertrophie möglich ,1,
 sinusrhythmus lagetyp normal flache t in iii avf neg t in v1 - xxxx pathologisches ecg ,1,
 sinusrhythmus p - sinistrocardiale lagetyp normal r - s übergang in v ableitungen nach rechts verschoben qrs ( t ) abnorm lateraler myokardschaden möglich qt - verlängerung xxxx unbestätigter bericht ,1,
 supraventrikuläre extrasystole ( n ) sinusbradykardie ueberdrehter linkstyp linksanteriorer fascicular block vollständiger rechtsschenkelblock pathologisches ecg ,1,
 ventrikuläre extrasystole ( n ) tachykardes vorhofflimmern lagetyp normal r - s übergang in v ableitungen nach rechts verschoben unvollständiger rechtsschenkelblock mässige amplitudenkriterien für linkshypertrophie st and t abnorm wahrscheinlich anteriore is ,1,
 ventrikuläre extrasystole ( n ) sinusrhythmus linkstyp linkshypertrophie möglich qrs ( t ) abnorm anterolateraler myokardschaden nicht auszuschliessen inferiorer infarkt alter unbest xxxx unbestätigter bericht ,1,
 sinusrhythmus ueberdrehter linkstyp qrs ( t ) abnorm anteroseptaler infarkt alter unbest inferiorer infarkt wahrscheinlich alt t abnorm in anterioren ableitungen hochlateralen ableitungen xxxx unbestätigter bericht ,1,
 sinusrhythmus p - sinistrocardiale linkstyp r - s übergang in v ableitungen nach rechts verschoben qrs ( t ) abnorm lateraler myokardschaden möglich qt - verlängerung xxxx unbestätigter bericht ,1,
 sinusrhythmus av block i llt pathologisches ecg ,1,
 sinusrhythmus llt linksventrikelhypertrophie normales ecg ,1,
 sinusrhythmus av block i llt atriale vorhofsüberbelastung diskrete st - senkung v5 xxxx pathologisches ecg ,1,
 sinustachykardie linkstyp unspezifischer intraventrikulärer block qrs ( t ) abnorm inferiorer infarkt alter unbest ,1,
 sinustachykardie ,1,
 ventrikuläre extrasystole ( n ) vorhofflimmern - flattern lagetyp normal rechtsschenkelblock xxxx unbestätigter bericht ,2,
 sinusrhythmus linkstyp r - s übergang in v ableitungen nach rechts verschoben qrs ( t ) abnorm anterolateraler myokardschaden möglich xxxx unbestätigter bericht ,1,
 sinustachykardie lagetyp normal unspezifischer intraventrikulärer block xxxx unbestätigter bericht ,1,
 sinusrhythmus verdacht auf p - sinistrocardiale ueberdrehter linkstyp rechtsschenkelblock qrs ( t ) abnorm anteroseptaler infarkt möglich inferiorer infarkt wahrscheinlich alt xxxx unbestätigter bericht ,1,
 sinusbradykardie lagetyp normal intraventr leitungsstoerung normal ,1,
 ventrikuläre extrasystole ( n ) sinusrhythmus verdacht auf p - sinistrocardiale linkstyp qrs ( t ) abnorm anteroseptaler myokardschaden nicht auszuschliessen inferiorer infarkt wahrscheinlich alt st and t abnorm wahrscheinlich anterolaterale ischämie ,1,
 sinus arrhythmie lagetyp normal qrs ( t ) abnorm anteroseptaler infarkt wahrscheinlich alt xxxx unbestätigter bericht ,2,
 sinusrhythmus seiltyp st - hebung über v2 v3 t spitz in v3 - v5 normales ecg ,1,
 tachykardes vorhofflimmern linkstyp periphere niederspannung st and t abnormal wahrscheinlich anteriore ischämie oder linksbelastung t abnormal in lateralen ableitungen ,1,
 sinusrhythmus linkstyp kompl lsb av - block xxxx grades t neg in i ii avl v5 - xxxx biphasisch in avf ,1,
 sinusrytm misstänkt vänster kammarhypertrofi avvikande qrs ( t ) förlopp inferior infarkt sannolikt äldre ,1,
 sinusrytm ospecifikt inkomplett skänkelblock avvikande qrs ( t ) förlopp inferior infarkt bör övervägas ,1,
 supraventrikuläre extrasystole ( n ) sinusrhythmus ueberdrehter linkstyp qrs ( t ) abnormal inferiorer infarkt möglich ,1,
 tachykardes vorhofflimmern steiltyp intraventr leitungsstoerung linkshypertrophie möglich path repolarisation pathologisch ,1,
 sinusrhythmus linkstyp unspezifisches abnormales t normal ,2,
 sinusrytm p förlängd vänster el - axel st and t sänkning såsom vid anterolateral ischemi eller vänster belastning inferolateral ischemi eller vänster belastning ,1,
 sinusbradykardie av block i p - sinistrocardiale lagetyp normal xxxx unbestätigter bericht ,2,
 sinusrhythmus verdacht auf p - sinistrocardiale ueberdrehter linkstyp unspezifischer intraventrikulärer block qrs ( t ) abnorm anteroseptaler infarkt alter unbest xxxx unbestätigter bericht ,1,
 supraventrikuläre tachykardie rechtstyp rechtsschenkelblock xxxx unbestätigter bericht ,1,
 ventrikuläre extrasystole ( n ) supraventrikuläre extrasystole ( n ) interponierte supraventrikuläre extrasystole ( n ) sinusrhythmus lagetyp normal xxxx unbestätigter bericht ,1,
 supraventrikuläre extrasystole ( n ) sinusrhythmus av block i p - verbreiterung lagetyp normal xxxx unbestätigter bericht ,4,
 interponierte supraventrikuläre extrasystole ( n ) sinusrhythmus lagetyp normal t abnorm in hochlateralen ableitungen xxxx unbestätigter bericht ,1,
 sinusrhythmus lagetyp normal qrs ( t ) abnormal anteriorer infarkt möglich hochlateraler infarkt möglich ,1,
 sinusrhythmus lagetyp normal intraventr leitungsstoerung wahrscheinlich normal ,2,
 vorhofflimmern - flattern lagetyp normal mässige amplitudenkriterien für linkshypertrophie unspezifisches abnormes t qt - verlängerung xxxx unbestätigter bericht ,1,
 supraventrikuläre extrasystole ( n ) sinusrhythmus lagetyp normal qrs ( t ) abnorm anteroseptaler myokardschaden nicht auszuschliessen xxxx unbestätigter bericht ,1,
 tachykardes vorhofflimmern ueberdrehter linkstyp schenkelblock partiell links ,1,
 sinusrhythmus lagetyp normal qrs ( t ) abnorm anterolateraler infarkt möglich inferiorer infarkt alter unbest xxxx unbestätigter bericht ,2,
 ventrikuläre extrasystole ( n ) supraventrikuläre extrasystole ( n ) sinusrhythmus av block i p - verbreiterung linkstyp rechtsschenkelblock qrs ( t ) abnorm inferiorer infarkt alter unbest xxxx unbestätigter bericht ,1,
 sinusrhythmus linkstyp unspezifischer intraventrikulärer block qrs ( t ) abnorm anterolateraler infarkt alter unbest inferiorer infarkt alter unbest xxxx unbestätigter bericht ,1,
 ventrikuläre extrasystole ( n ) vorhofflimmern - flattern ueberdrehter linkstyp periphere niederspannung qrs ( t ) abnorm anteroseptaler myokardschaden nicht auszuschliessen xxxx unbestätigter bericht ,1,
 tachykardes vorhofflimmern linkstyp unspezifisches abnormales t pathologisch ,1,
 ventrikuläre extrasystole ( n ) tachykardes vorhofflimmern linkstyp qrs ( t ) abnorm inferiorer infarkt mögl akut st and t abnorm möglicherweise neuer hochlateraler myokard - oder perikardschaden xxxx unbestätigter bericht ,1,
 tachykardes vorhofflimmern lagetyp normal t neg in iii avf biphasisch om v4 - xxxx ,1,
 vorhofflimmern - flattern linkstyp periphere niederspannung qrs ( t ) abnorm inferiorer myokardschaden möglich st and t abnorm wahrscheinlich anterolaterale ischämie oder linksbelastung xxxx unbestätigter bericht ,1,
 sinusrhythmus ueberdrehter linkstyp linksanteriorer fascicular block qrs ( t ) abnorm inferiorer infarkt wahrscheinlich alt xxxx unbestätigter bericht ,3,
 sinusrhythmus verdacht auf p - sinistrocardiale ueberdrehter linkstyp rechtsschenkelblock qrs ( t ) abnorm anteriorer infarkt alter unbest inferiorer infarkt alter unbest xxxx unbestätigter bericht ,1,
 sinusbradykardie lagetyp normal unspezifische intraventrikuläre leitungsstörung mässige amplitudenkriterien für linkshypertrophie xxxx unbestätigter bericht ,1,
 ventrikuläre extrasystole ( n ) multiform sinusrhythmus ,1,
 sinusrhythmus ueberdrehter linkstyp lahb chron antero - inferiorer infarkt möglich ,1,
 sinustachykardie p - sinistrocardiale lagetyp normal unspezifischer intraventrikulärer block qrs ( t ) abnorm anteroseptaler infarkt mögl akut inferiorer infarkt alter unbest xxxx unbestätigter bericht ,1,
 sinusarrhythmie ( respiratorisch ) lagetyp normal st - hebung in v1 - xxxx t neg in iii ,1,
 sinusrhythmus verdacht auf p - sinistrocardiale ueberdrehter linkstyp rechtsschenkelblock qrs ( t ) abnorm inferiorer infarkt mögl akut xxxx unbestätigter bericht ,1,
 vorhofflattern linkstyp unspezifischer intraventrikulärer block qrs ( t ) abnorm cordichin xxxx novodigal xxxx cor - tensobon xxxx lasix xxxx ,1,
 sinusrhythmus av block i sves chron inferiorer infarkt möglich st - senkung in v4 - xxxx ,1,
 vorhofflimmern - flattern linkstyp st and t abnorm wahrscheinlich anteriore ischämie oder linksbelastung laterale ischämie oder linksbelastung inferolaterale ischämie oder linksbelastung xxxx unbestätigter bericht ,1,
 sinusrhythmus p - verbreiterung extrem ueberdrehter rechtstyp niederspannungs - ecg rechtsschenkelblock qrs ( t ) abnorm lateraler infarkt alter unbest xxxx unbestätigter bericht ,1,
 sinusrhythmus av block i ueberdrehter linkstyp st - hebung in v2 - xxxx keine r - progression v1 - xxxx chron antero - infero - apikal - lateraler infarkt ,1,
 sinusrhythmus linkstyp qrs ( t ) abnormal hochlateraler infarkt möglich ,3,
 sinusrhythmus lagetyp normal periphere niederspannung qrs ( t ) abnorm inferiorer infarkt alter unbest xxxx unbestätigter bericht ,2,
 sinusrhythmus lagetyp normal st and t abnorm wahrscheinlich anteroseptale ischämie oder linksbelastung t abnorm in anterioren ableitungen xxxx unbestätigter bericht ,2,
 sinusrhythmus lagetyp normal t abnorm in hochlateralen ableitungen qt - verlängerung ,1,
 sinus arrhythmie ueberdrehter linkstyp linksanteriorer fascicular block unspezifisches abnormes t xxxx unbestätigter bericht ,1,
 tachykardes vorhofflimmern lagetyp normal diffuse unspez repol - störung ( digitalisierung bei tachykardem vhf fraglich ) pathologisches ecg ,1,
 sinusrhythmus ueberdrehter linkstyp unvollständiger rechtsschenkelblock qrs ( t ) abnorm anterolateraler myokardschaden möglich ,1,
 sinusbradykardie lagetyp normal intraventr leitungsstörung in iii st - hebung in ii iii v1 - v3 avr grenzbefund ,1,
 sinustachykardie linkstyp intraventr leitungsstörung in avf anteroseptaler chronischer infarkt möglich st - hebung in v1 - v3 st - senkung in v5 verzögerte r - progression path ecg ,1,
 supraventrikuläre extrasystole ( n ) sinusrhythmus p - verbreiterung linkstyp unspezifisches abnormales t qt - verlängerung ,1,
 sinusbradykardie überdrehter linkstyp linksanteriorer fascicular block intraventr leitungsstörung in ii avf path ecg ,1,
 tachykardes vorhofflimmern linkstyp st and t abnorm wahrscheinlich anterolaterale ischämie oder linksbelastung t abnorm in inferolateralen ableitungen xxxx unbestätigter bericht ,1,
 sinusrhythmus p - sinistrocardiale linkstyp periphere niederspannung qrs ( t ) abnorm anteriorer infarkt alter unbest inferiorer infarkt wahrscheinlich alt xxxx unbestätigter bericht ,1,
 sinustachykardie p - verbreiterung lagetyp normal xxxx unbestätigter bericht ,1,
 sinusrhythmus lagetyp normal st and t abnormal wahrscheinlich laterale ischämie oder linksbelastung ,1,
 sinustachykardie lagetyp normal leichte st - senkung in v6 wahrscheinlich normales ecg ,1,
 sinusrhythmus ueberdrehter linkstyp qrs ( t ) abnorm anteriorer infarkt alter unbest inferiorer infarkt wahrscheinlich alt t abnorm in lateralen ableitungen xxxx unbestätigter bericht ,1,
 sinusrhythmus lagetyp normal st - hebung in v1 - v3 normales ecg ,2,
 vorhofflattern unter cordichin xxxx usw wie vor und doxicyclin ( basaler diuretikaresistenter erguss re mit pneumonieverdacht bei deutlich angestiegener bsg ) ,1,
 sinusrhythmus linkstyp mässige amplitudenkriterien für linkshypertrophie qrs ( t ) abnorm inferiorer infarkt wahrscheinlich alt t abnorm in hochlateralen ableitungen xxxx unbestätigter bericht ,1,
 vorhofflimmern - flattern lagetyp normal unvollständiger rechtsschenkelblock mässige amplitudenkriterien für linkshypertrophie qrs ( t ) abnorm inferiorer infarkt alter unbest st and t abnorm wahrscheinlich anterolaterale ischämie oder linksbelastun ,1,
 sinus arrhythmie periphere niederspannung ,1,
 sinusbradykardie linkstyp wahrscheinlich normal ,1,
 ventrikuläre extrasystole ( n ) sinusrhythmus lagetyp normal r - s übergang in v ableitungen nach rechts verschoben xxxx unbestätigter bericht ,1,
 supraventrikuläre arrhythmie lagetyp normal rechtsschenkelblock xxxx unbestätigter bericht ,2,
 sinusrhythmus lagetyp normal qrs ( t ) abnorm inferiorer infarkt alter unbest st and t abnorm wahrscheinlich anterolaterale ischämie oder linksbelastung xxxx unbestätigter bericht ,5,
 ventrikuläre extrasystole ( n ) sinus arrhythmie av block i verdacht auf p - sinistrocardiale lagetyp normal unspezifische intraventrikuläre leitungsstörung qrs ( t ) abnorm inferiorer myokardschaden möglich st and t abnorm wahrscheinlich anterolaterale isc ,1,
 sinusrhythmus mittellagetyp inferior negatives t path ecg ,1,
 sinusbradykardie linkstyp qrs ( t ) abnorm inferiorer infarkt alter unbest t abnorm in anterioren ableitungen xxxx unbestätigter bericht ,1,
 sinus arrhythmie lagetyp normal t abnorm in anterolateralen ableitungen qt - verlängerung xxxx unbestätigter bericht ,1,
 sinusrhythmus av block i p - sinistrocardiale linkstyp unvollständiger rechtsschenkelblock st and t abnorm wahrscheinlich anteriore ischämie oder linksbelastung laterale ischämie oder linksbelastung ,1,
 sinusrhythmus av block i linkstyp unvollständiger linksschenkelblock qrs ( t ) abnorm anteroseptaler infarkt alter unbest st and t abnorm wahrscheinlich anterolaterale ischämie oder linksbelastung inferolaterale ischämie oder linksbelastung t a ,1,
 sinusrhythmus ueberdrehter rechtstyp rechtsschenkelblock xxxx unbestätigter bericht ,2,
 sinusrhythmus p - sinistrocardiale linkstyp qrs ( t ) abnorm inferiorer infarkt alter unbest xxxx unbestätigter bericht ,5,
 sinusrhythmus lagetyp normal qrs ( t ) abnorm inferiorer myokardschaden nicht auszuschliessen qt - verlängerung xxxx unbestätigter bericht ,2,
 vorhofflimmern - flattern linkstyp st and t abnorm wahrscheinlich anteriore ischämie oder linksbelastung xxxx unbestätigter bericht ,1,
 sinusrhythmus lagetyp normal linkshypertrophie qt - verlängerung xxxx unbestätigter bericht ,3,
 sinusrhythmus ueberdrehter linkstyp st and t abnorm wahrscheinlich hochlaterale ischämie oder linksbelastung xxxx unbestätigter bericht ,2,
 sinusrhythmus av block i p - verbreiterung lagetyp normal unvollständiger rechtsschenkelblock st and t abnorm wahrscheinlich anteriore ischämie oder linksbelastung laterale ischämie oder linksbelastung inferolaterale ischämie oder linksbelastung xxxx ,1,
 sinustachykardie lagetyp normal periphere low volrage normales ecg ,1,
 sinusrhythmus lagetyp normal qrs ( t ) abnorm lateraler infarkt wahrscheinlich alt inferiorer infarkt wahrscheinlich alt xxxx unbestätigter bericht ,2,
 sinusrhythmus linkstyp rechtsschenkelblock qrs ( t ) abnorm anteriorer infarkt alter unbest xxxx unbestätigter bericht ,1,
 sinusrhythmus verdacht auf p - sinistrocardiale lagetyp normal linkshypertrophie xxxx unbestätigter bericht ,2,
 sinusbradykardie lagetyp normal unspezifische intraventrikuläre leitungsstörung qrs ( t ) abnorm inferiorer myokardschaden möglich ,1,
 sinustachykardie extrem ueberdrehter rechtstyp periphere niederspannung qrs ( t ) abnorm anteroseptaler infarkt wahrscheinlich alt inferiorer infarkt wahrscheinlich alt xxxx unbestätigter bericht ,1,
 sinusrhythmus lagetyp normal t abnorm in anteroseptalen ableitungen hochlateralen ableitungen xxxx unbestätigter bericht ,1,
 sinusrhythmus linkstyp linkshypertrophie möglich xxxx unbestätigter bericht ,3,
 ventrikuläre extrasystole ( n ) vorhofflimmern - flattern lagetyp normal unspezifisches abnormes t qt - verlängerung xxxx unbestätigter bericht ,2,
 sinusrhythmus ueberdrehter linkstyp r - s übergang in v ableitungen nach links verschoben linkshypertrophie xxxx unbestätigter bericht ,1,
 ventrikuläre extrasystole ( n ) vorhofflimmern - flattern ueberdrehter linkstyp unspezifische intraventrikuläre leitungsstörung qrs ( t ) abnorm anteroseptaler myokardschaden möglich inferiorer infarkt wahrscheinlich alt st and t abnorm wahrscheinlich ,1,
 sinusrhythmus ueberdrehter linkstyp linksanteriorer fascicular block qrs ( t ) abnorm anteroseptaler infarkt wahrscheinlich alt t abnorm in hochlateralen ableitungen xxxx unbestätigter bericht ,2,
 sinus arrhythmie linkstyp qrs ( t ) abnorm anteriorer infarkt möglich inferiorer infarkt alter unbest st and t abnorm wahrscheinlich hochlaterale ischämie oder linksbelastung xxxx unbestätigter bericht ,1,
 sinus arrhythmie p - verbreiterung lagetyp normal unvollständiger rechtsschenkelblock qrs ( t ) abnorm anteroseptaler myokardschaden nicht auszuschliessen st and t abnorm wahrscheinlich anteriore ischämie oder linksbelastung xxxx ,1,
 vorhofflimmern - flattern lagetyp normal st and t abnorm wahrscheinlich laterale ischämie oder linksbelastung inferolaterale ischämie oder linksbelastung xxxx unbestätigter bericht ,2,
 sinusrhythmus lagetyp normal mässige amplitudenkriterien für linkshypertrophie qt - verlängerung xxxx unbestätigter bericht ,1,
 sinusrhythmus linkstyp t abnorm in inferioren ableitungen xxxx unbestätigter bericht ,8,
 vorhofflimmern - flattern lagetyp normal qrs ( t ) abnorm anteroseptaler infarkt wahrscheinlich alt t abnorm in inferioren ableitungen xxxx unbestätigter bericht ,2,
 sinus arrhythmie linkstyp qrs ( t ) abnorm inferiorer infarkt wahrscheinlich alt ,1,
 sinusrhythmus av block i p - verbreiterung linkstyp unvollständiger rechtsschenkelblock st and t abnorm wahrscheinlich anteriore ischämie oder linksbelastung laterale ischämie oder linksbelastung inferolaterale ischämie oder linksbelastung ,1,
 ventrikuläre extrasystole ( n ) vorhofflimmern - flattern lagetyp normal qrs ( t ) abnorm anteroseptaler infarkt alter unbest st and t abnorm wahrscheinlich anteriore ischämie oder linksbelastung inferolaterale ischämie oder linksbelastung xxxx ,1,
 ventrikuläre extrasystole ( n ) sinusrhythmus linkstyp linkshypertrophie xxxx unbestätigter bericht ,2,
 sinusrhythmus lagetyp normal qrs ( t ) abnorm inferiorer infarkt alter unbest st and t abnorm wahrscheinlich hochlaterale ischämie oder linksbelastung xxxx unbestätigter bericht ,2,
 sinusrhythmus p - verbreiterung ueberdrehter linkstyp unvollständiger rechtsschenkelblock xxxx unbestätigter bericht ,1,
 sinusrhythmus verdacht auf p - sinistrocardiale lagetyp normal unspezifische intraventrikuläre leitungsstörung linkshypertrophie möglich xxxx unbestätigter bericht ,1,
 supraventrikuläre arrhythmie ueberdrehter linkstyp linksanteriorer fascicular block rechtsschenkelblock bifaszikulärer block xxxx unbestätigter bericht ,2,
 sinusrhythmus verdacht auf p - sinistrocardiale lagetyp normal qrs ( t ) abnorm inferiorer myokardschaden möglich st and t abnorm wahrscheinlich anteriore ischämie oder linksbelastung xxxx unbestätigter bericht ,1,
 beschleunigter av - rhythmus linkstyp st and t abnorm wahrscheinlich hochlaterale ischämie oder linksbelastung xxxx unbestätigter bericht ,1,
 supraventrikuläre extrasystole ( n ) bigeminus sinusrhythmus ueberdrehter linkstyp qrs ( t ) abnorm anterolateraler infarkt möglich inferiorer infarkt wahrscheinlich alt xxxx unbestätigter bericht ,1,
 sinusrhythmus ueberdrehter linkstyp qrs ( t ) abnorm inferiorer myokardschaden nicht auszuschliessen t abnorm in anterioren ableitungen xxxx unbestätigter bericht ,1,
 sinusrhythmus verdacht auf p - sinistrocardiale ueberdrehter linkstyp qrs ( t ) abnorm inferiorer infarkt wahrscheinlich alt st and t abnorm wahrscheinlich anterolaterale ischämie oder linksbelastung xxxx unbestätigter bericht ,1,
 sinusrhythmus lagetyp normal lagetyp in anbetracht des alters normal qt - verlängerung xxxx unbestätigter bericht ,3,
 tachykardes vorhofflimmern lagetyp normal qrs ( t ) abnorm inferiorer myokardschaden möglich xxxx unbestätigter bericht ,1,
 sinustachykardie p - cardiale lagetyp normal qrs ( t ) abnorm anterolateraler myokardschaden möglich xxxx unbestätigter bericht ,1,
 ventrikuläre extrasystole ( n ) sinus arrhythmie linkstyp qrs ( t ) abnorm anteriorer infarkt möglich inferiorer infarkt alter unbest st and t abnorm wahrscheinlich hochlaterale ischämie oder linksbelastung xxxx unbestätigt ,1,
 ventrikuläre extrasystole ( n ) vorhofflimmern - flattern ueberdrehter linkstyp rechtsschenkelblock qrs ( t ) abnorm inferiorer infarkt wahrscheinlich alt xxxx unbestätigter bericht ,1,
 sinusrhythmus linkstyp periphere niederspannung qrs ( t ) abnorm inferiorer infarkt alter unbest xxxx unbestätigter bericht ,1,
 supraventrikuläre arrhythmie linkstyp qrs ( t ) abnorm inferiorer myokardschaden nicht auszuschliessen t abnorm in hochlateralen ableitungen xxxx unbestätigter bericht ,1,
 beschleunigter av - rhythmus lagetyp normal qrs ( t ) abnorm inferiorer infarkt alter unbest xxxx unbestätigter bericht ,1,
 supraventrikuläre extrasystole ( n ) sinusrhythmus ueberdrehter linkstyp linksanteriorer fascicular block linkshypertrophie möglich qrs ( t ) abnorm anteroseptaler infarkt wahrscheinlich alt inferiorer infarkt wahrscheinlich alt xxxx ,1,
 sinusbradykardie mittellagetyp st - hebung in v1 - v3 wahrscheinlich normales ecg ,1,
 sinusrhythmus p - dextrocardiale ueberdrehter linkstyp mässige amplitudenkriterien für linkshypertrophie t abnorm in hochlateralen ableitungen qt - verlängerung xxxx unbestätigter bericht ,1,
 sinusrytm vänster el - axel högersidigt skänkelblock vänster kammarhypertrofi ,1,
 supraventrikuläre extrasystole ( n ) sinusrhythmus p - sinistrocardiale linkstyp periphere niederspannung qrs ( t ) abnorm anteroseptaler myokardschaden nicht auszuschliessen xxxx unbestätigter bericht ,1,
 sinusrytm ospecifikt inkomplett skänkelblock avvikande qrs ( t ) förlopp inferior infarkt ålder ej bestämmbar ,1,
 sinustachykardie linkstyp periphere niederspannung t abnorm in anteroseptalen ableitungen xxxx unbestätigter bericht ,1,
 sinusrytm extrem vänster el - axel vänster anteriort fascicular block avvikande qrs ( t ) förlopp inferior infarkt ålder ej bestämmbar st and t sänkning såsom vid anterolateral ischemi eller vänster belastning ,1,
 sinusrhythmus av block i mässige amplitudenkriterien f#r linkshypertrophie unspezifisches abnormales t ,1,
 supraventrikulär ( a ) extrasystoli ( er ) sinusrytm st and t sänkning såsom vid anterolateral ischemi eller vänster belastning ,1,
 sinusrhythmus lagetyp normal leichte st - senkung in v4 - xxxx grenzbefund ,1,
 ventrikuläre extrasystole ( n ) vorhofflimmern - flattern rechtstyp rechtsschenkelblock xxxx unbestätigter bericht ,1,
 sinusrhythmus verdacht auf p - sinistrocardiale linkstyp unvollständiger rechtsschenkelblock st and t abnorm wahrscheinlich anteriore ischämie oder linksbelastung laterale ischämie oder linksbelastung inferolaterale ischämie oder linksbelastung ,1,
 supraventrikuläre arrhythmie linkstyp qrs ( t ) abnorm inferiorer infarkt wahrscheinlich alt st and t abnorm wahrscheinlich hochlaterale ischämie oder linksbelastung xxxx unbestätigter bericht ,1,
 sinusrytm vänster el - axel vänster kammarhypertrofi ,1,
 sinusbradykardi vänster el - axel ospecifikt inkomplett skänkelblock vänster kammarhypertrofi avvikande qrs ( t ) förlopp anterior infarkt ålder ej bestämmbar inferior infarkt sannolikt äldre ,1,
 sinusrytm ventrikulära extraslag horisontalställd el - axel misstänkt vänster kammarhypertrofi st and t förändringar anterolaterlt och inferolateralt såsom vid ischemi vänster kammarbelastning eller digitalispåverkan ,1,
 förmaksflimmer med hög kammarfrekvens extrem vänster el - axel ospecifikt inkomplett skänkelblock avvikande qrs ( t ) förlopp hög lateral infarkt bör övervägas ,1,
 supraventrikuläre extrasystole ( n ) sinusrhythmus linkstyp qrs ( t ) abnorm anteroseptaler infarkt mögl akut xxxx unbestätigter bericht ,1,
 ventrikuläre extrasystole ( n ) sinusrhythmus ,2,
 sinusrhythmus ueberdrehter linkstyp periphere niederspannung qrs ( t ) abnorm inferiorer infarkt wahrscheinlich alt xxxx unbestätigter bericht ,2,
 sinusrytm bröstavledningarnas r - s transition förskjuten åt höger eljest normalt ecg ,1,
 sinusbradykardie slt - rlt partieller rechtsschenkelblock grenzbefund ,1,
 sinusrytm amplitudkriterier för vänster kammarhypertrofi avvikande qrs ( t ) förlopp anterolateral myokardskada bör övervägas ,1,
 sinusrytm extrem vänster el - axel såsom vid vänster främre fascicular block gammal anteroseptal myokardskada ,1,
 sinusrhythmus lagetyp normal periphere niederspannung qrs ( t ) abnorm anterolateraler myokardschaden möglich xxxx unbestätigter bericht ,1,
 sinusrhythmus unspezifisches abnormales st unspezifisches abnormales t ,1,
 sinusrytm vänster el - axel st and t sänkning såsom vid hög lateral ischemi eller vänster belastning inferior ischemi eller vänster belastning t - förändring såsom vid anterior myokardaffektion ,1,
 sinusbradykardie lagetyp normal vorhofsüberlastung links ,1,
 sinusrhythmus ueberdrehter linkstyp lahb schlechte r - progression chron anteroseptaler infarkt möglich ,1,
 sinusrytm extrem vänster el - axel avvikande qrs ( t ) förlopp inferior infarkt sannolikt äldre ,1,
 sinusrytm horisontalstäld elektrisk axel inget säkert patologiskt ,1,
 sinusrytm vänster el - axel ospecifikt inkomplett skänkelblock st and t sänkning såsom vid anterolateral ischemi eller vänster belastning t - förändring såsom vid inferolateral myokardaffektion ,1,
 sinusrytm t - förändring såsom vid anterior myokardaffektion hög lateral myokardaffektion ,1,
 sinusrytm intraventrikulärt retledningshinder t - vågs avflackning i avl ,1,
 slag med avvikande impulsutbredning ventrikulär ( a ) extrasystoli ( er ) supraventrikulär ( a ) extrasystoli ( er ) sinustachykardi extrem vänster el - axel vänster anteriort fascicular block avvikande qrs ( t ) förlopp hög lateral infarkt bör övervägas ,1,
 vorhofflimmern - flattern lagetyp normal qt - verlängerung ,1,
 sinusrhythmus ueberdrehter linkstyp t neg in iii hoch in v2 - xxxx ,1,
 sinusbradykardie lagetyp normal langsame r - progression ,1,
 sinusrytm hypertrofi av vänster förmak extrem vänster el - axel vänster kammarhypertrofi qt förlängd ,1,
 sinusrytm låga qrs amplituder i extremitetsavledningarna ,2,
 ventrikulär ( a ) extrasystoli ( er ) sinustachykardi hypertrofi av vänster förmak ospecifikt skänkelblock vänster kammarhypertrofi avvikande qrs ( t ) förlopp hög lateral infarkt bör övervägas ,1,
 sinusrhythmus verdacht auf p - sinistrocardiale qrs ( t ) abnormal anteroseptaler infarkt alter unbest inferiorer infarkt wahrscheinlich alt ,1,
 sinusrhythmus linkstyp st and t abnorm wahrscheinlich anterolaterale ischämie oder linksbelastung inferolaterale ischämie oder linksbelastung ,1,
 sinusrhythmus ueberdrehter linkstyp linksanteriorer fascicular block rechtsschenkelblock vorhofsüberlastung möglich ( p biphasisch in v1 - xxxx ) ,1,
 sinusrytm extrem vänster el - axel vänster kammarhypertrofi ,1,
 vorhofflimmern - flattern lagetyp normal qt verlängert ( cordarone ) ,1,
 sinusrytm t - förändring såsom vid anterior myokardaffektion ,1,
 sinus arytmi p förlängd vänster el - axel ospecifikt inkomplett skänkelblock avvikande qrs ( t ) förlopp hög lateral infarkt bör övervägas ,1,
 av - tachykardie ( dd supraventr tachykardie ) linkstyp st - senkung in i ii v3 - xxxx t hoch in v2 - xxxx ,1,
 sinusrytm misstänkt hypertrofi av vänster förmak extrem vänster el - axel st and t sänkning såsom vid anterior ischemi eller vänster belastning lateral ischemi eller vänster belastning inferolateral ischemi eller vänster belastning ,1,
 normokardes vorhofflimmern - flattern indifferenztyp intraventr leitungsstörung in iii v1 - v3 avl avf st - hebung in v2 v3 qt verlängert path ecg ,1,
 sinusrhythmus lagetyp normal st n inferiorem infarkt ,1,
 normokardes voehofflimmern lagetyp normal st - senkung in i ii avl v5 - xxxx digitalisveränderung ,1,
 sinusrhythmus st and t abnormal wahrscheinlich ,1,
 sinusrhythmus unvollständiger rechtsschenkelblock unspezifisches abnormales t qt - verlängerung ,1,
 sinus arrhythmie lagetyp normal lage - q verzoegerte r - progression über vorderwand ,1,
 sinusrhythmus mittellagetyp intraventr leitungsstörung inferior normales ecg ,1,
 sinusrhythmus mlt normales ecg ,9,
 sinusrhythmus lagetyp normal intraventr leitungsstoerung st - senkung v6 wahrscheinlich normal ,1,
 sinusrhythmus linkstyp schenkelblock partiell rechts infarkt anteroseptal chronisch moeglich ecg pathologisch q v1 - v3 st nach anteroseptalinfarkt moeglich ecg pathologisch ,1,
 sinusrhythmus linkstyp qrs ( t ) abnormal anteroseptaler infarkt wahrscheinlich alt t abnormal in hochlateralen ableitungen ,2,
 vorhofflimmern - normokard linkstyp intraventr leitungsstoerung ii l f v4 - v6 infarkt anteroseptal chronisch moeglich st - senkung l v4 - v6 ecg pathologisch ,1,
 sinusrhythmus llt wahrscheinlich normales ecg ,2,
 regelmässiger rhythmus keine p - welle erkannt lagetyp normal ,6,
 sinusrhythmus linkstyp intraventr leitungsstoerung iii f v1 v2 neg p in v1 q in v1 t - veraenderungen v1 neg t ecg wahrscheinlich normal ,1,
 sinusrhythmus p - sinistrocardiale linkstyp unspezifisches abnormes t ,2,
 sinusrhythmus lagetyp normal ventr extrasystolen uniform st - hebung diskret in v1 v2 t - veraenderungen neg in i avl ecg pathologisch ,1,
 trace only requested edit norm xxxx irbbb tor ( norm xxxx irbbb ) ,1,
 sinusrhythmus ueberdrehter linkstyp linksanteriorer fascicular block intraventr leitungsstoerung ii iii avf v1 t - veraenderungen neg in v1 ecg pathologisch ,1,
 sinusrhythmus intraventr leitungsstoerung i avl st - hebung v1 v2 ecg normal ,1,
 sinusrhythmus mlt linkskammmerhypertrophie wahrscheinlich schlechte r - progression in v1 xxxx st - hebung in v1 xxxx st - senkung in v3 - xxxx neg t in i ii iii avf v3 - xxxx pathologisches ecg ,1,
 sinusrhythmus llt rechts flaches t in iii avl wahrscheinlich normales ecg ,1,
 sinusrhythmus linkstyp schlechte r - progression in v1 - xxxx st - hebung in v2 u - wellen in v3 - xxxx ,1,
 sinus arrhythmie rechtstyp sonst normales ecg ,4,
 sinusrhythmus p - sinistrocardiale linkstyp qt - verlängerung ,1,
 sinusrhythmus mlt hohes t in v2 - xxxx wahrscheinlich normales ecg ,1,
 mlt sr av - es trigeminie st - senkung in v5 xxxx hohes t in v2 tiefes t in iii q in iii pathologisches ecg ,1,
 sinusrhythmus ueberdrehter linkstyp linksanteriorer fascicular block neg t in iii v1 pathologisches ecg ,1,
 sinusrhythmus linkstyp q in v1 flaches t in avl wahrscheinlcih normales ecg ,1,
 sinusrhythmus linkstyp periphere niederspannung qrs ( t ) abnorm anteroseptaler myokardschaden nicht auszuschliessen ,1,
 sinusbradykardie lagetyp normal unvollständiger rechtsschenkelblock sonst normales ecg ,3,
 sinusrhythmus lagetyp normal q in v1 verzögerte r - progression in v1 - xxxx grenzbefund ,1,
 überdrehter linkstyp sinusrhythmus abwechselnd mit supraventr tachyyrh sves vollständiger linksschenkelblock st - hebung in v2 xxxx st - senkung in v6 l i pathologisches ecg ,1,
 ruhe - ecg zur ergometrie normales ecg normales ecg unter belastung maximale belastung soll - arbeitskapazität überschritten ,1,
 supraventrikuläre extrasystole ( n ) sinusrhythmus lagetyp normal st - senkung in avf ii iii v6 t biphasisch in iii avf spitze ,1,
 sinustachykardie llt neg t in iii f v1 wahrscheinlich normales ecg ,1,
 ventrikuläre extrasystole ( n ) sinusrhythmus linkstyp qrs ( t ) abnormal st and t abnormal wahrscheinlich pathologisch ,1,
 ventrikuläre extrasystole ( n ) sinusbradykardie st schlechte r - progression vw pathologisches ecg ,1,
 sinusrhythmus lagetyp normal v3 hohe t - welle wahrscheinlich normales ecg ,1,
 überdrehter links - typ wandernder schrittmacher möglicher chronischer inferiorer anteriorer infarkt fehlende r - progression und q abgeflachte t inferior pathologisches ecg ,1,
 sinustachykardie lagetyp normal qrs ( t ) abnorm inferiorer infarkt alter unbest xxxx unbestätigter bericht ,1,
 sinusrhythmus linkstyp uniforme ves möglicher chronischer anteroseptaler infarkt vorhofsüberbelastung p doppelgipflig v3 xxxx grenzertig verbreitert = xxxx st - hebung v1 - xxxx st - senkung lateral v5 xxxx neg t in avl pathologisches ecg ,1,
 sinusbradykardie ueberdrehter linkstyp av - block xxxx grades vollständiger links - schenkelblock möglicher chronischer lateraler infarkt spitze pathologisches ecg ,1,
 sinustachykardie linkstyp ves uniform chron inferiorer infarkt wahrscheinlich ( q in iii avf ) st - senkung lateral st - hebung in v1 - xxxx t neg in avl atriale vorhofsüberlastung ,1,
 sinusrhythmus mltlagetyp normal t - veraenderungen biphas in iii normales ecg ,1,
 tachykardes vorhofflattern llt vd a intermitt av - block xxxx grades st - senkung in v3 - v5 pathologisches ecg ,1,
 sinusbradykardie lagetyp normal schenkelblock partiell rechts pathologisch ,1,
 sinusrhythmus lagetyp normal t abnormal in hochlateralen ableitungen qt - verlängerung ,2,
 sinusrhythmus lagetyp normal vorhofsueberlastung rechts pathologisch edit rao ( rao ) ,1,
 sinusrhythmus llt partieller rechtsschenkelblock möglicher chronischer anteriorer inferiorer infarkt st - denkung in v4 - xxxx neg t in v2 - xxxx abgefgflacht in ii diffuse innenschichtschädigung pathologisches ecg ,1,
 sinusrhythmus llt neg t in iii ( konkordant ) normales ecg ,1,
 sinusrhythmus llt intraventrik leitungsstoerung ecg normal ,1,
 sinusrhythmus linkstyp qrs ( t ) abnormal anteriorer infarkt alter unbest inferiorer infarkt wahrscheinlich alt st and t abnormal wahrscheinlich vorhofsueberlastung pathologisch ,1,
 sinusrhythmus linkslagetyp normales ecg ,2,
 sinusrhythmus linkstyp part rsb ,1,
 sinusrhythmus verdacht auf p - sinistrocardiale lagetyp normal linkshypertrophie möglich ,1,
 sinusrhythmus p - verbreiterung linkstyp unvollständiger rechtsschenkelblock ,1,
 supraventrikuläre extrasystole ( n ) sinusrhythmus lagetyp normal qrs ( t ) abnormal anteroseptaler infarkt wahrscheinlich alt ,1,
 sinusbradykardie st wahrscheinlich normales ecg ,1,
 vorhofflimmern - flattern lagetyp normal st and t abnormal wahrscheinlich inferolaterale ischämie oder linksbelastung ,2,
 av - knotenrhythmus lagetyp normal t abnorm in hochlateralen ableitungen qt - verlängerung xxxx unbestätigter bericht ,1,
 sinusrhythmus llt starre st i iii avl avf t - veraenderungen neg in v4 - xxxx inferior abgeflacht in v2 xxxx pathologisches ecg ,1,
 normokardes vorhofflimmern linkstyp ,1,
 vorhofflimmern - flattern linkstyp qrs ( t ) abnorm inferiorer infarkt wahrscheinlich alt st and t abnorm wahrscheinlich hochlaterale ischämie oder linksbelastung xxxx unbestätigter bericht ,1,
 sinusrhythmus av block i lagetyp normal periphere niederspannung qrs ( t ) abnormal anteroseptaler myokardschaden nicht auszuschliessen hochlateraler infarkt möglich ,1,
 sinusrhythmus p - sinistrocardiale lagetyp normal st and t abnorm wahrscheinlich inferiore ischämie oder linksbelastung ,1,
 sinustachykardie mlt unvollständiger rechtsschenkelblock verzögerte r - progression t neg in avl ,1,
 sinusrhythmus p - sinistrocardiale linkstyp unvollständiger rechtsschenkelblock qrs ( t ) abnormal anterolateraler myokardschaden möglich ,1,
 supraventrikuläre extrasystole ( n ) sinusrhythmus verdacht auf p - sinistrocardiale lagetyp normal xxxx unbestätigter bericht ,1,
 sinusrhythmus av block i pathologsiches ecg ,1,
 sinusrhythmus av block i llt fehlende r - progression ( r - verlust in v1 - xxxx ) diskrete st - hebung inv xxxx pathologsiches ecg ,1,
 sinusrhythmus lagetyp normal q in ii iii avf ( nicht signifikant ) normales ecg ,1,
 sinusrhythmus lagetyp normal supraventrikulaere extrasystolen av - block xxxx grades ecg pathologisch ,1,
 sinusrhythmus lagetyp normal st and t abnormal wahrscheinlich anterolaterale ischämie oder linksbelastung t abnormal in anterioren ableitungen ,1,
 sinusrhythmus p - verbreiterung ueberdrehter linkstyp unspezifischer intraventrikulärer block qrs ( t ) abnormal anteroseptaler myokardschaden möglich ,1,
 llt sinusbradykardie mögliche links - vorhofsüberbelastung av - block xxxx pathologsiches ecg ,1,
 sinusrhythmus schwierig bestimmbare qrs - achse periphere niederspannung qrs ( t ) abnormal inferiorer infarkt wahrscheinlich alt ,1,
 supraventrikuläre extrasystole ( n ) sinusrhythmus lagetyp normal unvollständiger rechtsschenkelblock sonst normales ecg ,1,
 sinusrhythmus lagetyp normal qrs ( t ) abnormal anteroseptaler infarkt wahrscheinlich alt ,5,
 sinusrhythmus lagetyp normal qrs ( t ) abnormal hochlateraler infarkt möglich st and t abnormal wahrscheinlich anteriore ischämie oder linksbelastung edit plmi xxxx qi avl r - s > 1v2 xxxx ( plmi xxxx ) ,1,
 regelmässiger rhythmus keine p - welle erkannt lagetyp normal t abnormal in inferolateralen ableitungen ,1,
 sinusrhythmus lagetyp normal unspezifische intraventrikuläre leitungsstörung qrs ( t ) abnormal inferiorer myokardschaden nicht auszuschliessen t abnormal in hochlateralen ableitungen ,1,
 sinusrhythmus av block i linkslagetyp pathologisches ecg ,1,
 sinusrhythmus ueberdrehter rechtstyp unvollständiger rechtsschenkelblock pathologische repolarisation st - hebung in v2 und v3 ,1,
 llt respiratorische sinusarrhythmie wahrscheinlich normales ecg ,1,
 sinusrhythmus ueberdrehter linkstyp linksanteriorer fascicular block p bipolisch in v1 < xxxx ,1,
 sinusrhythmus av block i ueberdrehter linkstyp t abnorm in hochlateralen ableitungen ,1,
 sinusrhythmus linkstyp vollständiger links schenkelblock ,1,
 sinusrhythmus llt schlechte r - progression in v2 - v4 grenzbefund ,1,
 sinusrhythmus verdacht auf p - sinistrocardiale lagetyp normal periphere niederspannung unvollständiger rechtsschenkelblock qrs ( t ) abnormal lateraler myokardschaden möglich inferiorer infarkt wahrscheinlich alt ,1,
 ventrikuläre extrasystole ( n ) supraventrikuläre extrasystole ( n ) sinusrhythmus lagetyp normal qt - verlängerung ,1,
 sinusbradykardie lagetyp normal periphere niederspannung qrs ( t ) abnorm anteriorer infarkt alter unbest t abnorm in hochlateralen ableitungen xxxx unbestätigter bericht ,1,
 sinusrhythmus ueberdrehter linkstyp rechtsschenkelblock qrs ( t ) abnormal inferiorer infarkt wahrscheinlich alt ,1,
 sinusrhythmus lagetyp normal st and t abnorm wahrscheinlich anterolaterale ischämie oder linksbelastung inferiore ischämie oder linksbelastung xxxx unbestätigter bericht ,3,
 sinusrhythmus linkstyp qrs ( t ) abnorm anteroseptaler infarkt wahrscheinlich alt inferiorer infarkt alter unbest t abnorm in anterolateralen ableitungen xxxx unbestätigter bericht ,1,
 vorhofflimmern - flattern lagetyp normal mässige amplitudenkriterien f#r linkshypertrophie st and t abnormal wahrscheinlich anterolaterale ischämie oder linksbelastung ,1,
 sinustachykardie supraventrikuläre extrasystolen uniforme ventrikuläre extrasystolen av - block xxxx grades st - hebung über v1 - v4 avl st - senkung über iii avf fehlende r - progression in v1 - v6 überdrehter linkstyp ,1,
 sinusrhythmus lagetyp normal unvollständiger rechtsschenkelblock unspezifisches abnormales t ,2,
 supraventrikuläre arrhythmie lagetyp normal sonst normales ecg xxxx unbestätigter bericht ,13,
 sinusrhythmus llt partieller links schenkelblock st - hebung in v1 v2 iii avr st - senkung in i ii avl v4 - v6 t - veränderung in v5 v6 q in v1 fehlende r - progression in v2 v3 ,1,
 ventrikuläre extrasystole ( n ) vorhofflimmern - flattern ueberdrehter linkstyp qrs ( t ) abnorm inferiorer infarkt wahrscheinlich alt xxxx unbestätigter bericht ,2,
 sinusrhythmus ueberdrehter linkstyp unvollständiger linksschenkelblock st and t abnorm wahrscheinlich laterale ischämie oder linksbelastung inferiore ischämie oder linksbelastung xxxx unbestätigter bericht ,1,
 sinusrhythmus linkstyp qrs ( t ) abnorm inferiorer infarkt alter unbest st and t abnorm wahrscheinlich anterolaterale ischämie oder linksbelastung xxxx unbestätigter bericht ,5,
 ventrikuläre extrasystole ( n ) sinusrhythmus verdacht auf p - sinistrocardiale lagetyp normal periphere niederspannung linksschenkelblock xxxx unbestätigter bericht ,1,
 ventrikuläre extrasystole ( n ) sinus arrhythmie lagetyp normal st and t abnorm wahrscheinlich anterolaterale ischämie oder linksbelastung t abnorm in inferolateralen ableitungen xxxx unbestätigter bericht ,1,
 sinusrhythmus linkstyp t negativ in iii auffallend hohes r in v2 wahrscheinlich normales ecg ,1,
 supraventrikuläre extrasystole ( n ) supraventrikuläre arrhythmie lagetyp normal mässige amplitudenkriterien für linkshypertrophie qt - verlängerung xxxx unbestätigter bericht ,1,
 ventrikuläre extrasystole ( n ) sinusrhythmus p - sinistrocardiale lagetyp normal linkshypertrophie xxxx unbestätigter bericht ,1,
 sinusrhythmus ueberdrehter linkstyp linkshypertrophie qrs ( t ) abnormal anteroseptaler infarkt wahrscheinlich alt ,1,
 vorhofflimmern - flattern ueberdrehter linkstyp linksschenkelblock xxxx unbestätigter bericht ,4,
 sinusrhythmus t abnormal wahrscheinlich hochlateraler myokardschaden qt - verlängerung ,1,
 sinusrhythmus ueberdrehter linkstyp qrs ( t ) abnorm inferiorer infarkt möglich xxxx unbestätigter bericht ,1,
 supraventrikuläre extrasystole ( n ) sinusrhythmus linkstyp sonst normales ecg xxxx unbestätigter bericht ,3,
 sinusrhythmus lagetyp normal r - s #bergang in v ableitungen nach rechts verschoben qrs ( t ) abnormal lateraler myokardschaden möglich st and t abnormal wahrscheinlich anteriore ischämie oder linksbelastung t abnormal in inferolateralen ableitungen ,1,
 sinusrhythmus linkstyp qrs ( t ) abnorm anteriorer infarkt alter unbest xxxx unbestätigter bericht ,3,
 sinusrhythmus llt intraventrikuläre lietungsstörung in iii afl avf v1 periphere niedervoltage wahrscheinlich normales ecg ,1,
 sinusrhythmus mlt st - hebung über v1 v2 t negativ in avl fehlende r - progression in v1 v2 grenzbefund ,1,
 sinusrhythmus lagetyp normal periphere niederspannung xxxx unbestätigter bericht edit norm xxxx ( norm xxxx ) ,1,
 sinusrhythmus lagetyp normal normales ecg xxxx unbestätigter bericht edit norm xxxx sokolow xxxx ( norm xxxx ) ,2,
 sinusrhythmus p - sinistrocardiale linkstyp xxxx unbestätigter bericht ,8,
 sinusrhythmus p - verbreiterung linkstyp qrs ( t ) abnorm inferiorer infarkt wahrscheinlich alt t abnorm in anteroseptalen ableitungen xxxx unbestätigter bericht ,1,
 sinusrhythmus av block i p - sinistrocardiale linkstyp qrs ( t ) abnorm anterolateraler infarkt möglich inferiorer infarkt alter unbest xxxx unbestätigter bericht ,1,
 sinusrhythmus lagetyp normal qrs ( t ) abnorm anteroseptaler infarkt alter unbest t abnorm in anterioren ableitungen xxxx unbestätigter bericht ,2,
 tachykardes vorhofflimmern linkstyp mässige amplitudenkriterien für linkshypertrophie qrs ( t ) abnorm inferiorer infarkt alter unbest st and t abnorm wahrscheinlich anterolaterale ischämie oder linksbelastung xxxx unbestät ,1,
 supraventrikuläre extrasystole ( n ) sinustachykardie linkstyp qrs ( t ) abnormal pathologisch ,1,
 sinusrhythmus t - veraenderung lagetyp normal normal ,1,
 sinusrhythmus verdacht auf p - sinistrocardiale lagetyp normal qrs ( t ) abnorm inferiorer myokardschaden möglich xxxx unbestätigter bericht ,5,
 sinusrhythmus lagetyp normal unvollständiger rechtsschenkelblock qrs ( t ) abnormal inferiorer infarkt wahrscheinlich alt ,1,
 sinusrhythmus lagetyp normal rechtsschenkelblock vorhofsueberlastung links moeglich pathologisch ,1,
 supraventrikuläre extrasystole ( n ) sinusrhythmus p - verbreiterung ueberdrehter linkstyp qrs ( t ) abnormal inferiorer infarkt chronisch wahrscheinlich st and t abnormal pathologisch ,1,
 sinusrhythmus p - sinistrocardiale ueberdrehter linkstyp unvollständiger rechtsschenkelblock linkshypertrophie qrs ( t ) abnorm inferiorer infarkt wahrscheinlich alt xxxx unbestätigter bericht ,1,
 tachykardes vorhofflimmern ueberdrehter rechtstyp periphere niederspannung rechtsschenkelblock qrs ( t ) abnorm lateraler infarkt alter unbest inferiorer infarkt alter unbest xxxx unbestätigter bericht ,1,
 sinusrhythmus linkstyp qrs ( t ) abnorm lateraler infarkt wahrscheinlich alt xxxx unbestätigter bericht ,3,
 ventrikuläre extrasystole ( n ) sinus arrhythmie lagetyp normal qrs ( t ) abnorm inferiorer myokardschaden nicht auszuschliessen xxxx unbestätigter bericht ,1,
 ventrikuläre extrasystole ( n ) vorhofflimmern - flattern schwierig bestimmbare qrs - achse mässige amplitudenkriterien für linkshypertrophie qrs ( t ) abnorm anteroseptaler myokardschaden nicht auszuschliessen xxxx unbestätigter berich ,1,
 sinusrhythmus lagetyp normal path repolarisation wahrscheinlich normal ,2,
 sinusrhythmus linkstyp qrs ( t ) abnormal anteroseptaler infarkt wahrscheinlich alt pathologisch ,1,
 sinusbradykardie lagetyp normal qrs ( t ) abnormal hochlateraler myokardschaden möglich ,1,
 sinusrhythmus av block i p - verbreiterung lagetyp normal t abnorm in anterolateralen ableitungen xxxx unbestätigter bericht ,1,
 sinustachykardie linkstyp unspezifische abnorme st - senkung unspezifisches abnormes t xxxx unbestätigter bericht ,1,
 sinusrhythmus lagetyp normal unvollständiger rechtsschenkelblock qrs ( t ) abnorm inferiorer infarkt wahrscheinlich alt xxxx unbestätigter bericht ,2,
 sinustachykardie p - sinistrocardiale lagetyp normal unvollständiger rechtsschenkelblock qrs ( t ) abnormal inferiorer myokardschaden möglich st and t abnormal wahrscheinlich anteriore ischämie oder linksbelastung ,1,
 sinusrhythmus ueberdrehter linkstyp periphere niederspannung qrs ( t ) abnorm anteriorer infarkt alter unbest inferiorer myokardschaden möglich t abnorm in lateralen ableitungen xxxx unbestätigter bericht ,1,
 interponierte ventrikuläre extrasystole ( n ) sinus arrhythmie p - verbreiterung linkstyp xxxx unbestätigter bericht ,1,
 sinusrhythmus linkstyp qrs ( t ) abnorm inferiorer myokardschaden xxxx unbestätigter bericht ,1,
 sinusrhythmus lagetyp normal t abnormal in hochlateralen ableitungen pathologisch ,1,
 sinusrhythmus p - sinistrocardiale linkstyp linkshypertrophie qrs ( t ) abnorm anteroseptaler myokardschaden möglich inferiorer infarkt wahrscheinlich alt xxxx unbestätigter bericht ,1,
 sinusrhythmus av block i p - verbreiterung lagetyp normal qrs ( t ) abnorm inferiorer myokardschaden möglich t abnorm in anterolateralen ableitungen xxxx unbestätigter bericht ,1,
 sinusrhythmus p - verbreiterung lagetyp normal qrs ( t ) abnorm anteriorer infarkt alter unbest t abnorm in lateralen ableitungen xxxx unbestätigter bericht ,1,
 vorhofflimmern - flattern schwierig bestimmbare qrs - achse qrs ( t ) abnorm anteroseptaler myokardschaden nicht auszuschliessen st and t abnorm wahrscheinlich anterolaterale ischämie oder linksbelastung xxxx unbestätigter bericht ,1,
 ventrikuläre extrasystole ( n ) sinusrhythmus lagetyp normal unspezifischer intraventrikulärer block qrs ( t ) abnorm inferiorer infarkt alter unbest xxxx unbestätigter bericht ,1,
 sinustachykardie lagetyp normal qrs ( t ) abnormal anteroseptaler infarkt wahrscheinlich alt inferiorer infarkt wahrscheinlich alt ,1,
 sinusrhythmus linkstyp qrs ( t ) abnormal inferiorer infarkt wahrscheinlich alt st and t abnormal wahrscheinlich anteriore ischämie oder linksbelastung laterale ischämie oder linksbelastung ,1,
 sinus arrhythmie lagetyp normal unspezifisches abnormes t xxxx unbestätigter bericht ,4,
 ventrikuläre extrasystole ( n ) sinusrhythmus lagetyp normal qrs ( t ) abnorm inferiorer infarkt alter unbest xxxx unbestätigter bericht ,3,
 sinusrhythmus ueberdrehter linkstyp linksanteriorer fascicular block qrs ( t ) abnorm anteroseptaler infarkt alter unbest st and t abnorm wahrscheinlich anteriore ischämie oder linksbelastung hochlaterale ischämie oder linksbelastung xxxx ,2,
 ventrikuläre extrasystole ( n ) sinusrhythmus verdacht auf p - sinistrocardiale ueberdrehter linkstyp linksschenkelblock xxxx unbestätigter bericht ,1,
 sinusrhythmus linkstyp qrs ( t ) abnorm anteroseptaler infarkt alter unbest st and t abnorm wahrscheinlich inferiore ischämie oder linksbelastung t abnorm in anterioren ableitungen lateralen ableitungen xxxx unbestätigte ,1,
 sinusrhythmus ueberdrehter linkstyp linksanteriorer fascicular block path repolarisation schlechte r - progression pathologisch ,1,
 sinusrhythmus p - sinistrocardiale ueberdrehter linkstyp xxxx unbestätigter bericht ,2,
 sinusrhythmus p - sinistrocardiale linkstyp qrs ( t ) abnorm anteriorer infarkt wahrscheinlich alt t abnorm in hochlateralen ableitungen xxxx unbestätigter bericht ,1,
 sinusrhythmus verdacht auf p - sinistrocardiale lagetyp normal qrs ( t ) abnorm anteriorer infarkt wahrscheinlich alt xxxx unbestätigter bericht ,1,
 vorhofflimmern - flattern lagetyp normal st and t abnorm wahrscheinlich anteriore ischämie oder linksbelastung xxxx unbestätigter bericht ,1,
 ventrikuläre extrasystole ( n ) sinus arrhythmie verdacht auf p - sinistrocardiale lagetyp normal periphere niederspannung st and t abnorm wahrscheinlich anterolaterale ischämie oder linksbelastung inferiore ischämie oder linksbelastung xxxx ,1,
 sinusbradykardie verdacht auf p - sinistrocardiale linkstyp rechtsschenkelblock ,1,
 sinusrhythmus ueberdrehter linkstyp periphere niederspannung qrs ( t ) abnormal inferiorer posteriorer infarkt chronisch sicher pathologisch ,1,
 supraventrikuläre extrasystole ( n ) sinusrhythmus av block i linkstyp unspezifisches abnormales t ,1,
 sinusrhythmus verdacht auf p - sinistrocardiale lagetyp normal qrs ( t ) abnorm anteroseptaler myokardschaden nicht auszuschliessen t abnorm in anterioren ableitungen xxxx unbestätigter bericht ,1,
 sinusrhythmus p - sinistrocardiale linkstyp qrs ( t ) abnorm inferiorer infarkt wahrscheinlich alt xxxx unbestätigter bericht ,4,
 ventrikuläre extrasystole ( n ) sinus arrhythmie verdacht auf p - sinistrocardiale lagetyp normal periphere niederspannung unvollständiger linksschenkelblock qrs ( t ) abnorm septaler infarkt nicht auszuschliessen st and t abnorm wahrscheinlich anterolateral ,1,
 sinusrhythmus lagetyp normal st and t abnorm wahrscheinlich anteriore ischämie oder linksbelastung xxxx unbestätigter bericht ,6,
 sinusrhythmus p - sinistrocardiale extrem ueberdrehter rechtstyp linksanteriorer fascicular block rechtshypertrophie möglich qrs ( t ) abnormal lateraler myokardschaden möglich ,1,
 sinusrhythmus verdacht auf p - sinistrocardiale linkstyp qrs ( t ) abnorm lateraler myokardschaden nicht auszuschliessen xxxx unbestätigter bericht ,1,
 sinusrhythmus p - sinistrocardiale ueberdrehter linkstyp linksanteriorer fascicular block qrs ( t ) abnorm anteriorer infarkt alter unbest xxxx unbestätigter bericht ,1,
 supraventrikuläre arrhythmie av block i extrem ueberdrehter rechtstyp rechtsschenkelblock qrs ( t ) abnorm inferiorer infarkt mögl akut xxxx unbestätigter bericht ,1,
 sinusrhythmus rechtstyp qrs ( t ) abnorm anteriorer infarkt alter unbest t abnorm in lateralen ableitungen xxxx unbestätigter bericht ,1,
 sinusrhythmus p - verbreiterung lagetyp normal rechtsschenkelblock xxxx unbestätigter bericht ,4,
 sinustachykardie lagetyp normal qrs ( t ) abnormal anterolateraler myokardschaden möglich ,2,
 sinusrhythmus ueberdrehter linkstyp unspezifisches abnormes t xxxx unbestätigter bericht ,6,
 sinusrhythmus lagetyp normal periphere niederspannung unspezifisches abnormes t xxxx unbestätigter bericht ,15,
 sinusrhythmus lagetyp normal rechtsschenkelblock xxxx unbestätigter bericht ,17,
 sinusrhythmus linkstyp qrs ( t ) abnormal inferiorer infarkt alter unbest st and t abnormal wahrscheinlich laterale ischämie oder linksbelastung t abnormal in anterioren ableitungen ,1,
 sinusrhythmus p - verbreiterung linkstyp unspezifisches abnormales t ,1,
 ventrikuläre extrasystole ( n ) sinusrhythmus lagetyp normal unspezifisches abnormes t xxxx unbestätigter bericht ,7,
 sinusrhythmus ueberdrehter linkstyp qrs ( t ) abnorm anteroseptaler myokardschaden möglich inferiorer infarkt möglich xxxx unbestätigter bericht ,1,
 sinusrhythmus lagetyp normal unspezifischer intraventrikulärer block qrs ( t ) abnorm anteroseptaler infarkt alter unbest xxxx unbestätigter bericht ,1,
 sinusrhythmus linkstyp linkshypertrophie av - block xxxx grades path repolarisation pathologisch ,1,
 sinusrhythmus p - sinistrocardiale linkstyp unspezifisches abnormes t qt - verlängerung xxxx unbestätigter bericht ,1,
 sinusrhythmus lagetyp normal pq - zeit verkürzt jedoch keine sichere deltawelle ,1,
 sinusrhythmus linkstyp st and t abnormal wahrscheinlich hochlaterale ischämie oder linksbelastung ,2,
 sinusrhythmus lagetyp normal periphere niederspannung unspezifisches abnormales t ,4,
 sinustachykardie linkstyp qrs ( t ) abnorm anterolateraler myokardschaden möglich xxxx unbestätigter bericht ,2,
 sinusbradykardie lagetyp normal t abnorm in lateralen ableitungen xxxx unbestätigter bericht ,1,
 sinusrhythmus lagetyp normal unvollständiger rechtsschenkelblock möglich normales ecg ,1,
 sinusrhythmus av block i ueberdrehter linkstyp unspezifischer intraventrikulärer block qrs ( t ) abnormal anteriorer infarkt mögl akut inferolateraler infarkt mögl akut ,1,
 sinusbradykardie ueberdrehter linkstyp qrs ( t ) abnorm inferiorer infarkt alter unbest xxxx unbestätigter bericht ,1,
 ventrikuläre extrasystole ( n ) sinusrhythmus lagetyp normal chron posteriorer infarkt möglich ,1,
 sinusrhythmus linkstyp qrs ( t ) abnorm anteroseptaler infarkt alter unbest inferiorer infarkt alter unbest xxxx unbestätigter bericht ,1,
 sinusbradykardie linkstyp qrs ( t ) abnorm anteriorer infarkt alter unbest xxxx unbestätigter bericht ,1,
 sinusrhythmus av block i linkstyp unspezifischer intraventrikulärer block qrs ( t ) abnorm inferiorer infarkt alter unbest xxxx unbestätigter bericht ,1,
 ventrikuläre extrasystole ( n ) sinus arrhythmie linkstyp st and t abnorm wahrscheinlich inferiore ischämie oder linksbelastung xxxx unbestätigter bericht ,1,
 sinusrhythmus lagetyp normal qrs ( t ) abnorm inferiorer infarkt wahrscheinlich alt t abnorm in lateralen ableitungen xxxx unbestätigter bericht ,1,
 ventrikuläre extrasystole ( n ) sinus arrhythmie linkstyp qrs ( t ) abnorm anteriorer infarkt alter unbest inferiorer infarkt wahrscheinlich alt xxxx unbestätigter bericht ,1,
 sinusrhythmus lagetyp normal qrs ( t ) abnorm inferiorer infarkt wahrscheinlich alt st and t abnorm wahrscheinlich anterolaterale ischämie oder linksbelastung xxxx unbestätigter bericht ,2,
 sinusrhythmus linkstyp chron anteriorer infarkt st - hebung in v1 - xxxx ( dd aneurysma ) st - senkung in v5 - xxxx i avl ,1,
 sinusrhythmus linkstyp unspezifisches abnormales t u - welle ,1,
 sinusrhythmus linkstyp t abnorm in hochlateralen ableitungen ,2,
 sinusrhythmus verdacht auf p - sinistrocardiale lagetyp normal qrs ( t ) abnorm anteriorer infarkt alter unbest inferiorer myokardschaden möglich xxxx unbestätigter bericht ,1,
 sinusbradykardie lagetyp normal qrs ( t ) abnorm inferiorer infarkt alter unbest xxxx unbestätigter bericht ,5,
 sinusrhythmus ueberdrehter linkstyp t abnormal in anterioren ableitungen inferioren ableitungen ,1,
 sinusrhythmus p - verbreiterung ueberdrehter linkstyp t abnorm in anterioren ableitungen inferioren ableitungen xxxx unbestätigter bericht ,1,
 sinusbradykardie linkslagetyp intraventr leitungsstörung in avf normales ecg ,1,
 supraventrikuläre tachykardie rechtstyp sonst normales ecg ,1,
 sinusrhythmus rechtstyp st and t abnorm wahrscheinlich inferiore ischämie oder linksbelastung xxxx unbestätigter bericht ,1,
 sinus arrhythmie p - sinistrocardiale linkstyp xxxx unbestätigter bericht ,1,
 sinusrhythmus linkstyp rechtsschenkelblock qrs ( t ) abnorm inferiorer infarkt alter unbest xxxx unbestätigter bericht ,2,
 sinusrhythmus ueberdrehter rechtstyp ,2,
 sinusrhythmus p - sinistrocardiale ueberdrehter linkstyp linksschenkelblock xxxx unbestätigter bericht ,4,
 supraventrikuläre extrasystole ( n ) sinusrhythmus p - verbreiterung lagetyp normal ,1,
 tachykardes vorhofflimmern multiforme ventr es überdrehter linkstyp si - qiii - typ schlechtr r - progression in v1 - v4 q in iii avf path ecg ,1,
 sinusrhythmus p - verbreiterung lagetyp normal qrs ( t ) abnorm inferiorer infarkt möglich xxxx unbestätigter bericht ,2,
 ventrikuläre extrasystole ( n ) sinus arrhythmie linkstyp qrs ( t ) abnorm anterolateraler myokardschaden möglich qt - verlängerung xxxx unbestätigter bericht ,1,
 sinusbradykardie lagetyp normal qrs ( t ) abnorm lateraler myokardschaden nicht auszuschliessen xxxx unbestätigter bericht ,1,
 sinusrhythmus ueberdrehter linkstyp unvollständiger rechtsschenkelblock qrs ( t ) abnormal inferiorer infarkt wahrscheinlich alt st and t abnormal wahrscheinlich laterale ischämie oder linksbelastung t abnormal in anterioren ableitungen ,1,
 linkslagetyp sinusbradykardie st - senkung in v5 v6 t neg in ii iii avf inferiore repolarisationsstörung vorhof - es path ecg edit injin ( injin ) ,1,
 sinusrhythmus lagetyp normal unspezifische intraventrikuläre leitungsstörung st and t abnorm wahrscheinlich hochlaterale ischämie oder linksbelastung xxxx unbestätigter bericht ,1,
 sinusrhythmus verdacht auf p - sinistrocardiale linkstyp r - s übergang in v ableitungen nach rechts verschoben unvollständiger rechtsschenkelblock xxxx unbestätigter bericht ,1,
 sinusrhythmus lagetyp normal qrs ( t ) abnormal hochlateraler infarkt möglich edit lmi xxxx qsavl ( norm xxxx ) ,1,
 sinusrhythmus lagetyp normal periphere niederspannung st - senkung in ii iii avf ,2,
 sinustachykardie ueberdrehter rechtstyp periphere niederspannung qrs ( t ) abnorm anteroseptaler infarkt wahrscheinlich alt inferiorer infarkt wahrscheinlich alt xxxx unbestätigter bericht ,1,
 sinusrhythmus lagetyp normal unvollständiger linksschenkelblock linkshypertrophie qrs ( t ) abnormal anteroseptaler myokardschaden nicht auszuschliessen hochlateraler infarkt möglich ,1,
 sinus - bradykardie lagetyp normal rechtsschenkelblock st - senkung v5 v6 v4 t - veraenderungen v2 v3 biphasisch ecg pathologisch ,1,
 sinusrhythmus linkstyp vorhofsueberbelastung rechts moeglich path repolarisation verdacht auf digitalisveraenderung st - senkung v3 - v6 ecg pathologisch ,1,
 ventrikuläre extrasystole ( n ) sinus arrhythmie verdacht auf p - sinistrocardiale linkstyp unspezifische intraventrikuläre leitungsstörung st and t abnorm wahrscheinlich anterolaterale ischämie oder linksbelastung xxxx unbestätigter ,1,
 sinusrhythmus extrem ueberdrehter rechtstyp xxxx unbestätigter bericht ,2,
 sinusrhythmus p - verbreiterung ueberdrehter linkstyp xxxx unbestätigter bericht ,2,
 tachykardes vorhofflimmern ueberdrehter linkstyp st and t abnormal wahrscheinlich anteriore ischämie oder linksbelastung inferiore ischämie oder linksbelastung ,1,
 vorhofflimmern - flattern ueberdrehter linkstyp qrs ( t ) abnorm anteroseptaler infarkt wahrscheinlich alt t abnorm in anterolateralen ableitungen xxxx unbestätigter bericht ,1,
 ventrikuläre extrasystole ( n ) sinusrhythmus linkstyp qrs ( t ) abnorm anteroseptaler infarkt wahrscheinlich alt xxxx unbestätigter bericht ,1,
 sinusrhythmus av block i linkstyp qrs ( t ) abnorm lateraler myokardschaden nicht auszuschliessen xxxx unbestätigter bericht ,1,
 av - tachykardie lagetyp normal unvollständiger rechtsschenkelblock st - hebung in iii st - senkung in v1 - xxxx bei rsb t neg in iii und avf ,1,
 sinustachykardie verdacht auf p - sinistrocardiale lagetyp normal xxxx unbestätigter bericht ,1,
 vorhofflimmern - flattern ueberdrehter linkstyp st and t abnormal wahrscheinlich anterolaterale ischämie oder linksbelastung inferiore ischämie oder linksbelastung ,1,
 sinusrhythmus verdacht auf p - sinistrocardiale lagetyp normal t abnorm in hochlateralen ableitungen xxxx unbestätigter bericht ,2,
 ventrikuläre extrasystole ( n ) vorhofflimmern - flattern linkstyp periphere niederspannung t abnorm in anterioren ableitungen lateralen ableitungen xxxx unbestätigter bericht ,1,
 ventrikuläre extrasystole ( n ) sinus arrhythmie lagetyp normal ,2,
 sinusrhythmus av block i verdacht auf p - sinistrocardiale lagetyp normal qrs ( t ) abnorm inferiorer infarkt wahrscheinlich alt t abnorm in anterolateralen ableitungen xxxx unbestätigter bericht ,1,
 sinusbradykardie rechtstyp rechtsschenkelblock qrs ( t ) abnormal inferiorer myokardschaden nicht auszuschliessen ,1,
 sinusrhythmus lagetyp normal qrs ( t ) abnorm inferiorer myokardschaden möglich st and t abnorm wahrscheinlich laterale ischämie oder linksbelastung xxxx unbestätigter bericht ,1,
 av - knotenrhythmus lagetyp normal xxxx unbestätigter bericht ,5,
 vorhofflimmern - flattern ueberdrehter linkstyp periphere niederspannung unspezifisches abnormales t ,1,
 sinusrhythmus verdacht auf p - sinistrocardiale lagetyp normal qrs ( t ) abnorm inferiorer myokardschaden möglich st and t abnorm wahrscheinlich anterolaterale ischämie oder linksbelastung xxxx unbestätigter bericht ,2,
 sinusrhythmus av block i lagetyp normal periphere niederspannung unspezifisches abnormales t ,2,
 sinustachykardie linkstyp sves teilweise bigeminie vorhofsüberlastung links st - senkung in v3 - xxxx t flach - bis neg lateral ,1,
 ventrikuläre extrasystole ( n ) vorhofflimmern - flattern lagetyp normal periphere niederspannung unspezifisches abnormes t xxxx unbestätigter bericht ,1,
 supraventrikuläre arrhythmie ueberdrehter linkstyp linksanteriorer fascicular block st and t abnorm wahrscheinlich anterolaterale ischämie oder linksbelastung inferolaterale ischämie oder linksbelastung xxxx unbestätigter bericht ,1,
 sinusrhythmus av block i ueberdrehter linkstyp qrs ( t ) abnorm anterolateraler myokardschaden nicht auszuschliessen inferiorer infarkt wahrscheinlich alt xxxx unbestätigter bericht ,1,
 ventrikuläre extrasystole ( n ) sinusrhythmus p - verbreiterung linkstyp qrs ( t ) abnorm inferiorer myokardschaden nicht auszuschliessen t abnorm in anteroseptalen ableitungen xxxx unbestätigter bericht ,1,
 sinusrhythmus p - sinistrocardiale ueberdrehter linkstyp qrs ( t ) abnorm inferiorer infarkt wahrscheinlich alt st and t abnorm wahrscheinlich hochlaterale ischämie oder linksbelastung t abnorm in lateralen ableitungen xxxx un ,1,
 sinusrhythmus p - verbreiterung ueberdrehter linkstyp linksschenkelblock linkshypertrophie möglich xxxx unbestätigter bericht ,3,
 sinusrhythmus lagetyp normal qrs ( t ) abnorm lateraler infarkt alter unbest st abnorm möglicherweise inferiorer innenschichtsschaden xxxx unbestätigter bericht ,1,
 sinusbradykardie linkstyp unspezifische abnorme st - senkung unspezifisches abnormes t xxxx unbestätigter bericht ,1,
 supraventrikuläre extrasystole ( n ) sinusrhythmus schwierig bestimmbare qrs - achse unvollständiger rechtsschenkelblock unspezifisches abnormales t ,1,
 ventrikuläre extrasystole ( n ) sinusrhythmus p - verbreiterung lagetyp normal periphere niederspannung qrs ( t ) abnorm inferiorer infarkt wahrscheinlich alt ,1,
 ventrikuläre extrasystole ( n ) supraventrikuläre extrasystole ( n ) sinusrhythmus verdacht auf p - sinistrocardiale lagetyp normal periphere niederspannung unspezifisches abnormes t xxxx unbestätigter bericht ,1,
 beschleunigter av - rhythmus ueberdrehter linkstyp unspezifischer intraventrikulärer block xxxx unbestätigter bericht ,1,
 sinus arrhythmie ueberdrehter linkstyp qrs ( t ) abnorm anteriorer infarkt alter unbest inferolateraler infarkt wahrscheinlich alt xxxx unbestätigter bericht ,1,
 sinusrhythmus verdacht auf p - sinistrocardiale lagetyp normal qrs ( t ) abnorm inferiorer myokardschaden nicht auszuschliessen xxxx unbestätigter bericht ,3,
 ventrikuläre extrasystole ( n ) vorhofflimmern - flattern lagetyp normal xxxx unbestätigter bericht ,2,
 sinusrhythmus av block i lagetyp normal rechtsschenkelblock xxxx unbestätigter bericht ,1,
 normokardes vorhofflimmern linkstyp t neg in v6 q in iii avr avf fragl si - qiii - typ ,1,
 ventrikuläre extrasystole ( n ) sinus arrhythmie lagetyp normal t abnorm in anterolateralen ableitungen inferolateralen ableitungen qt - verlängerung xxxx unbestätigter bericht ,1,
 trace only requested edit ivcb xxxx tor alter xxxx ,1,
 ventrikuläre extrasystole ( n ) vorhofflimmern - flattern lagetyp normal periphere niederspannung t abnorm in anterioren ableitungen inferioren ableitungen xxxx unbestätigter bericht ,1,
 supraventrikuläre arrhythmie linkstyp qrs ( t ) abnorm inferiorer infarkt alter unbest xxxx unbestätigter bericht ,2,
 sinusbradykardie p - sinistrocardiale ueberdrehter linkstyp linkshypertrophie qrs ( t ) abnorm anteroseptaler infarkt alter unbest xxxx unbestätigter bericht ,1,
 trace only requested edit norm xxxx tor qriii ,1,
 ventrikuläre extrasystole ( n ) sinusrhythmus linkstyp qrs ( t ) abnormal anteroseptaler myokardschaden möglich inferiorer infarkt alter unbest st and t abnormal wahrscheinlich anterolaterale ischämie oder linksbelastung ,1,
 sinusrhythmus lagetyp normal qrs ( t ) abnormal anteroseptaler infarkt alter unbest hochlateraler infarkt möglich t abnormal in anterioren ableitungen inferolateralen ableitungen ,1,
 sinusrhythmus av block i lagetyp normal qrs ( t ) abnorm inferiorer infarkt wahrscheinlich alt xxxx unbestätigter bericht ,2,
 sinusrhythmus ueberdrehter linkstyp unspezifisches abnormes t qt - verlängerung xxxx unbestätigter bericht ,2,
 vorhofflimmern - flattern schwierig bestimmbare qrs - achse rechtsschenkelblock qrs ( t ) abnorm inferiorer infarkt alter unbest xxxx unbestätigter bericht ,2,
 ventrikuläre extrasystole ( n ) sinus arrhythmie lagetyp normal qrs ( t ) abnorm inferiorer infarkt alter unbest xxxx unbestätigter bericht ,1,
 sinusrhythmus av block i verdacht auf p - sinistrocardiale lagetyp normal qrs ( t ) abnorm inferiorer myokardschaden möglich xxxx unbestätigter bericht ,1,
 sinusrhythmus linkstyp st and t abnorm wahrscheinlich laterale ischämie oder linksbelastung xxxx unbestätigter bericht ,2,
 sinusrhythmus linkstyp unspezifische abnormale st - senkung unspezifisches abnormales t ,2,
 sinusrhythmus verdacht auf p - sinistrocardiale lagetyp normal qrs ( t ) abnorm anteriorer infarkt alter unbest t abnorm in lateralen ableitungen xxxx unbestätigter bericht ,1,
 sinusrhythmus lagetyp normal r - s übergang in v ableitungen nach links verschoben sonst normales ecg xxxx unbestätigter bericht ,2,
 sinusrhythmus lagetyp normal qrs ( t ) abnormal hochlateraler infarkt möglich st and t abnormal wahrscheinlich laterale ischämie oder linksbelastung ,1,
 sinusrhythmus lagetyp normal qrs ( t ) abnormal hochlateraler infarkt möglich st and t abnormal wahrscheinlich anteriore ischämie oder linksbelastung edit lmi xxxx qi avl r - sv2 - xxxx > xxxx st - senkungv2 - xxxx ( plmi xxxx ) ,1,
 sinusrhythmus li typ sign q in iii intraventr leitungsstoerung st - senkung lateral spitze t - veraenderungen biphasisch v4 - v6 i avl verzoegerte r - progression bzw r - s u ms chlag nach li verschoben ,1,
 sinusrhythmus linkstyp qrs ( t ) abnorm anteroseptaler infarkt alter unbest st and t abnorm wahrscheinlich anterolaterale ischämie oder linksbelastung t abnorm in anterioren ableitungen xxxx unbestätigter bericht ,2,
 sinusrhythmus p - sinistrocardiale lagetyp normal rechtsschenkelblock xxxx unbestätigter bericht ,5,
 vorhofflimmern - flattern linkstyp qrs ( t ) abnorm anteroseptaler infarkt wahrscheinlich alt st and t abnorm wahrscheinlich anterolaterale ischämie oder linksbelastung inferolaterale ischämie oder linksbelastung xxxx unbe ,1,
 sinusrhythmus lagetyp normal normales ecg xxxx unbestätigter bericht edit norm xxxx geringe r - progression v1 - xxxx st - hebung iii ,1,
 sinusrhythmus lagetyp normal normales ecg xxxx unbestätigter bericht edit norm xxxx ,1,
 sinusrhythmus av block i linkstyp linksschenkelblock ,1,
 av - knotenrhythmus lagetyp normal linkshypertrophie ,1,
 ventrikuläre extrasystole ( n ) vorhofflimmern - flattern lagetyp normal st and t abnorm wahrscheinlich anteroseptale ischämie oder linksbelastung xxxx unbestätigter bericht ,1,
 sinusrhythmus verdacht auf p - sinistrocardiale ueberdrehter linkstyp r - s übergang in v ableitungen nach rechts verschoben unvollständiger rechtsschenkelblock qrs ( t ) abnorm anteroseptaler myokardschaden möglich ,1,
 sinusrhythmus lagetyp normal qrs ( t ) abnorm anteroseptaler infarkt alter unbest inferiorer myokardschaden nicht auszuschliessen t abnorm in anterioren ableitungen xxxx unbestätigter bericht ,1,
 ventrikuläre extrasystole ( n ) sinus arrhythmie verdacht auf p - sinistrocardiale ueberdrehter linkstyp unspezifischer intraventrikulärer block qrs ( t ) abnorm anteriorer infarkt alter unbest inferiorer infarkt mögl akut xxxx ,1,
 sinusrhythmus lagetyp normal qrs ( t ) abnormal anteroseptaler infarkt alter unbest hochlateraler infarkt möglich t abnormal in anterioren ableitungen ,1,
 sinusrhythmus av block i lagetyp normal periphere niederspannung ,2,
 sinusrhythmus p - sinistrocardiale lagetyp normal unspezifische intraventrikuläre leitungsstörung ,1,
 sinusrhythmus lagetyp normal mässige amplitudenkriterien für linkshypertrophie st and t abnorm wahrscheinlich anterolaterale ischämie oder linksbelastung xxxx unbestätigter bericht ,3,
 sinusrhythmus lagetyp normal periphere niederspannung qrs ( t ) abnormal anteroseptaler infarkt alter unbest hochlateraler infarkt möglich st and t abnormal wahrscheinlich anteriore ischämie oder linksbelastung ,1,
 sinusrhythmus lagetyp normal t abnormal in anterolateralen ableitungen inferioren ableitungen qt - verlängerung ,1,
 sinusrhythmus verdacht auf p - sinistrocardiale lagetyp normal linkshypertrophie möglich xxxx unbestätigter bericht ,6,
 sinusrhythmus av block i rechtstyp unspezifische intraventrikuläre leitungsstörung linkshypertrophie möglich qrs ( t ) abnormal anteroseptaler myokardschaden nicht auszuschliessen hochlateraler infarkt möglich ,1,
 sinusrhythmus linkstyp unvollständiger linksschenkelblock linkshypertrophie möglich qrs ( t ) abnorm anteroseptaler myokardschaden möglich inferiorer infarkt wahrscheinlich alt xxxx unbestätigter bericht ,1,
 sinus arrhythmie rechtstyp qrs ( t ) abnormal hochlateraler myokardschaden möglich ,1,
 sinusrhythmus linkstyp t neg in v1 - xxxx ,1,
 sinusrhythmus av block i ueberdrehter linkstyp unspezifischer intraventrikulärer block qrs ( t ) abnormal pathologisch ,1,
 ventrikuläre extrasystole ( n ) sinusrhythmus verdacht auf p - sinistrocardiale lagetyp normal linkshypertrophie möglich xxxx unbestätigter bericht ,1,
 sinusrhythmus lagetyp normal qrs ( t ) abnormal anteroseptaler myokardschaden qt - verlängerung ,1,
 tachykardes vorhofflimmern lagetyp normal ventr extrasystolen uniform intraventr leitungsstoerung t - veraenderungen neg ii iii avf periphere low - voltage ecg pathologisch ,1,
 sinus arrhythmie lagetyp normal qrs ( t ) abnormal anterolateraler infarkt möglich st and t abnormal wahrscheinlich anteriore ischämie oder linksbelastung inferolaterale ischämie oder linksbelastung ,1,
 sinusrhythmus linkstyp flache t ecg wahrscheinlich normal ,1,
 sinusrhythmus ueberdrehter linkstyp unspezifischer intraventrikulärer block qrs ( t ) abnormal lateraler infarkt alter unbest ,1,
 sinusrhythmus ventr extrasystolen multiform ueberdrehter linkstyp intraventr leitungsstoerung infarkt anterior inferior chronisch sicher st - hebung v2 - v4 keine q st - senkung diskret bst ecg pathologisch ,1,
 sinusrhythmus verdacht auf p - sinistrocardiale linkstyp t abnorm in anterolateralen ableitungen xxxx unbestätigter bericht ,2,
 sinusrhythmus linkstyp grenzwertige pq - zeit ( xxxx sec ) fragl si - qiii t flach in avl v5 - xxxx ,1,
 sinusrhythmus ueberdrehter linkstyp unspezifischer intraventrikulärer block qrs ( t ) abnormal anteroseptaler infarkt mögl akut hochlateraler infarkt möglich ,1,
 sinusrhythmus lagetyp normal normales ecg t hoch in v2 - xxxx ,1,
 sinusrhythmus lagetyp normal schenkelblock partiell rechts st - hebung v2 + v3 grenzbefund ,1,
 sinus arrhythmie lagetyp normal periphere niederspannung qrs ( t ) abnorm anteriorer infarkt alter unbest inferiorer infarkt wahrscheinlich alt t abnorm in hochlateralen ableitungen xxxx unbestätigter bericht ,1,
 sinusrhythmus lagetyp normal r - s #bergang in v ableitungen nach links verschoben sonst normales ecg ,1,
 sinusrhythmus ueberdrehter linkstyp linkshypertrophie möglich xxxx unbestätigter bericht ,1,
 sinus bradykardie linkstpyp intraventr leitungsstoerung ii t - veraenderungnen iii v1 ecg normal ,1,
 ventrikuläre extrasystole ( n ) supraventrikuläre extrasystole ( n ) sinusrhythmus ueberdrehter linkstyp rechtsschenkelblock qrs ( t ) abnorm anterolateraler myokardschaden möglich xxxx unbestätigter bericht ,1,
 sinusrhythmus ueberdrehter linkstyp qrs ( t ) abnorm lateraler infarkt wahrscheinlich alt inferiorer infarkt wahrscheinlich alt xxxx unbestätigter bericht ,1,
 sinusrhythmus av block i lagetyp normal unspezifisches abnormes t xxxx unbestätigter bericht ,2,
 sinusrhythmus p - verbreiterung lagetyp normal unspezifisches abnormales t qt - verlängerung grenzbefund ,1,
 sinusrhythmus p - verbreiterung ueberdrehter linkstyp unspezifischer intraventrikulärer block qrs ( t ) abnormal lateraler infarkt alter unbest ,1,
 sinusrhythmus lagetyp normal periphere niederspannung t abnorm in hochlateralen ableitungen xxxx unbestätigter bericht ,4,
 sinusrhythmus p - verbreiterung lagetyp normal t abnorm in anterolateralen ableitungen xxxx unbestätigter bericht ,1,
 vorhofflimmern bradykard lagetyp normal unspezifisches abnormales t qt - verlängerung pathologisch ,1,
 interponierte supraventrikuläre extrasystole ( n ) sinustachykardie lagetyp normal unvollständiger rechtsschenkelblock sonst normales ecg ,1,
 sinusrhythmus extrem ueberdrehter rechtstyp linksanteriorer fascicular block rechtsschenkelblock bifaszikulärer block qrs ( t ) abnorm anteroseptaler myokardschaden möglich xxxx unbestätigter bericht ,1,
 av - bradykardie lagetyp normal periphere niederspannung intraventr leitungsstoerung fehlende r - progression pathologisch ,1,
 sinusrhythmus linkstyp periphere niederspannung qrs ( t ) abnorm inferiorer infarkt wahrscheinlich alt xxxx unbestätigter bericht ,3,
 sinusrhythmus p - sinistrocardiale lagetyp normal periphere niederspannung ,1,
 ventrikuläre extrasystole ( n ) sinusrhythmus lagetyp normal t abnorm in hochlateralen ableitungen qt - verlängerung xxxx unbestätigter bericht ,1,
 sinusrhythmus av block i lagetyp normal qrs ( t ) abnormal anteroseptaler infarkt wahrscheinlich alt pathologisch ,1,
 sinusrhythmus linkstyp st and t abnormal wahrscheinlich hochlaterale ischämie oder linksbelastung t abnormal in inferioren ableitungen ,1,
 sinusrhythmus verdacht auf p - sinistrocardiale lagetyp normal periphere niederspannung qrs ( t ) abnorm anterolateraler myokardschaden nicht auszuschliessen xxxx unbestätigter bericht ,1,
 sinusrhythmus lagetyp normal unspezifisches abnormales t av - block xxxx grades q in v5 v6 ii iii pathologisch ,1,
 vorhofflimmern - flattern lagetyp normal qrs ( t ) abnormal inferiorer infarkt wahrscheinlich alt st and t abnormal wahrscheinlich anterolaterale ischämie oder linksbelastung t abnormal in anterioren ableitungen ,1,
 sinusrhythmus ueberdrehter linkstyp linksanteriorer fascicular block qrs ( t ) abnormal qt - verlängerung pathologisch ,1,
 sinusrhythmus verdacht auf p - sinistrocardiale ueberdrehter linkstyp t abnorm in hochlateralen ableitungen xxxx unbestätigter bericht ,1,
 vorhofflimmern - flattern schwierig bestimmbare qrs - achse periphere niederspannung linksposteriorer fascicular block qrs ( t ) abnormal anteroseptaler myokardschaden nicht auszuschliessen hochlateraler infarkt möglich ,1,
 sinusrhythmus p - sinistrocardiale lagetyp normal qrs ( t ) abnorm anteroseptaler myokardschaden nicht auszuschliessen xxxx unbestätigter bericht ,2,
 sinusrhythmus ueberdrehter linkstyp qrs ( t ) abnormal inferiorer myokardschaden möglich t abnormal in hochlateralen ableitungen ,1,
 sinusarrhythmie mlt pathologisches ecg ,1,
 sinusrhythmus linkstyp unvollständiger rechtsschenkelblock qrs ( t ) abnormal st and t abnormal pathologisch ,1,
 sinusrhythmus lagetyp normal qrs ( t ) abnormal st and t abnormal anteroseptaler myokard - oder perikardschaden pathologisch ,1,
 sinusrhythmus linkstyp periphere niederspannung qrs ( t ) abnorm anteroseptaler myokardschaden nicht auszuschliessen xxxx unbestätigter bericht ,1,
 sinusbradykardie av block i lagetyp normal xxxx unbestätigter bericht ,3,
 linkslagetyp ventrikuläre extrasystolen uniform > xxxx - min quadrigeminie sinus - tachykardie st - hebung v1 - xxxx pathologisches ecg ,1,
 av - knotenrhythmus linkstyp qrs ( t ) abnormal anteroseptaler myokardschaden nicht auszuschliessen ,1,
 sinusrhythmus linkstyp unvollständiger rechtsschenkelblock qrs ( t ) abnormal inferiorer infarkt wahrscheinlich alt ,1,
 ventrikuläre extrasystole ( n ) sinus arrhythmie schwierig bestimmbare qrs - achse periphere niederspannung unvollständiger linksschenkelblock qrs ( t ) abnorm inferiorer infarkt alter unbest xxxx unbestätigter bericht ,1,
 beschleunigter av - rhythmus ueberdrehter linkstyp unvollständiger linksschenkelblock xxxx unbestätigter bericht ,1,
 sinusrhythmus linkstyp unspezifische intraventrikuläre leitungsstörung linkshypertrophie möglich xxxx unbestätigter bericht ,2,
 sinusrhythmus mlt st - hbung in v2 t - veraenderungen in iii pathologisches ecg ,1,
 sinusrhythmus mittellagetyp grenzbefund ,1,
 sinusrhythmus lagetyp normal t abnorm in anteroseptalen ableitungen xxxx unbestätigter bericht ,8,
 sinusrhythmus lagetyp normal unspezifische abnormale st - senkung unspezifisches abnormales t qt - verlängerung ,1,
 supraventrikuläre arrhythmie ueberdrehter linkstyp qrs ( t ) abnorm inferiorer infarkt möglich xxxx unbestätigter bericht ,1,
 sinusbradykardie ueberdrehter linkstyp ant fascicular block links t - veraenderungen ii v1 v4 - v6 - neg in iii avf pathologisches ecg ,1,
 sinusrhythmus llt links t - veraenderungen neg in iii flach in avf v1 wahrscheinlich normales ecg ,1,
 vorhofflimmern - flattern lagetyp normal periphere niederspannung t abnorm in anterioren ableitungen qt - verlängerung xxxx unbestätigter bericht ,1,
 ventrikuläre extrasystole ( n ) sinustachykardie lagetyp normal xxxx unbestätigter bericht ,1,
 supraventrikuläre extrasystole ( n ) sinusrhythmus linkstyp unspezifisches abnormes t xxxx unbestätigter bericht ,3,
 sinusrhythmus linkstyp qrs ( t ) abnorm lateraler infarkt alter unbest inferiorer infarkt möglich xxxx unbestätigter bericht ,1,
 sinusrhythmus ueberdrehter linkstyp mässige amplitudenkriterien für linkshypertrophie unspezifisches abnormes t xxxx unbestätigter bericht ,1,
 sinusrhythmus lagetyp normal periphere niederspannung t abnorm in anterioren ableitungen xxxx unbestätigter bericht ,2,
 sinusrhythmus verdacht auf p - sinistrocardiale lagetyp normal unspezifische intraventrikuläre leitungsstörung xxxx unbestätigter bericht ,1,
 sinusrhythmus ueberdrehter linkstyp linksanteriorer fascicular block qrs ( t ) abnorm inferiorer infarkt möglich xxxx unbestätigter bericht ,3,
 ventrikuläre extrasystole ( n ) sinus arrhythmie linkstyp st and t abnorm wahrscheinlich anteriore ischämie oder linksbelastung laterale ischämie oder linksbelastung xxxx unbestätigter bericht ,1,
 sinus arrhythmie av block i ueberdrehter linkstyp linksanteriorer fascicular block st and t abnormal wahrscheinlich hochlaterale ischämie oder linksbelastung ,1,
 ventrikuläre extrasystole ( n ) sinusrhythmus av block i verdacht auf p - sinistrocardiale linkstyp unvollständiger rechtsschenkelblock mässige amplitudenkriterien für linkshypertrophie qrs ( t ) abnorm anteroseptaler infarkt möglich t abnorm in hochlateralen ,1,
 sinusrhythmus ueberdrehter linkstyp linksanteriorer fascicular block linkshypertrophie möglich qrs ( t ) abnorm anteroseptaler infarkt möglich xxxx unbestätigter bericht ,1,
 sinusrhythmus mittellagetyp intraventr leitungsstörung in iii normales ecg siqiii - typ ( verdacht auf periphere lungenembolie ) ,1,
 sinustachykardie p - sinistrocardiale lagetyp normal ,1,
 sinusrhythmus av block i p - verbreiterung lagetyp normal mässige amplitudenkriterien für linkshypertrophie qrs ( t ) abnorm inferiorer myokardschaden möglich xxxx unbestätigter bericht ,2,
 sinusrhythmus lagetyp normal normales ecg intraventr leitungsstörung in iii avl i ,1,
 supraventrikuläre extrasystole ( n ) trigeminus sinusrhythmus ueberdrehter linkstyp linksschenkelblock ,1,
 sinustachykardie linkstyp sonst normales ecg xxxx unbestätigter bericht ,4,
 sinusrhythmus linkstyp rechtsschenkelblock ,5,
 sinusrhythmus lagetyp normal periphere niederspannung linksschenkelblock ,1,
 vorhofflimmern - flattern lagetyp normal qrs ( t ) abnorm inferiorer myokardschaden möglich xxxx unbestätigter bericht ,4,
 sinusrhythmus p - verbreiterung linkstyp qrs ( t ) abnorm anteroseptaler myokardschaden nicht auszuschliessen inferiorer infarkt wahrscheinlich alt st and t abnorm wahrscheinlich hochlaterale ischämie oder linksbelastung xxxx ,1,
 vorhofflimmern - flattern lagetyp normal qrs ( t ) abnorm inferiorer myokardschaden nicht auszuschliessen xxxx unbestätigter bericht ,1,
 sinusrhythmus p - sinistrocardiale lagetyp normal unvollständiger rechtsschenkelblock xxxx unbestätigter bericht ,3,
 supraventrikuläre extrasystole ( n ) sinusrhythmus ueberdrehter linkstyp linksanteriorer fascicular block rechtsschenkelblock bifaszikulärer block xxxx unbestätigter bericht ,1,
 tachykardes vorhofflimmern lagetyp normal periphere niederspannung qrs ( t ) abnorm anterolateraler myokardschaden nicht auszuschliessen st and t abnorm wahrscheinlich inferolaterale ischämie oder linksbelastung xxxx unbestätigt ,1,
 ruhe - ecg zur belastung sinustachykardie ,1,
 sinusrhythmus p - verbreiterung lagetyp normal linkshypertrophie möglich qrs ( t ) abnorm inferiorer myokardschaden möglich xxxx unbestätigter bericht ,2,
 sinusrhythmus ueberdrehter linkstyp qrs ( t ) abnorm anteroseptaler infarkt wahrscheinlich alt t abnorm in anterioren ableitungen xxxx unbestätigter bericht ,1,
 sinusrhythmus av block i lagetyp normal unvollständiger rechtsschenkelblock ,1,
 überdrehter linkstyp tachykardes vorhofflimmern links anteriorer fascicular block flaches t in i ii avr v1 xxxx neg t in avl i v6 fehlende r - progression v3 xxxx lah si qiii - typ pathologisches ecg ,1,
 supraventrikuläre extrasystole ( n ) sinusrhythmus ueberdrehter linkstyp linksanteriorer fascicular block ,2,
 sinusrhythmus linkstyp verzögerte r - progression v1 - xxxx wahrscheinlich normales ecg ,1,
 sinusrhythmus ueberdrehter linkstyp qrs ( t ) abnorm anteroseptaler infarkt alter unbest t abnorm in hochlateralen ableitungen xxxx unbestätigter bericht ,2,
 regelmässiger rhythmus keine p - welle erkannt linkstyp linksschenkelblock linkshypertrophie möglich xxxx unbestätigter bericht ,2,
 supraventrikuläre extrasystole ( n ) sinusrhythmus linkstyp st and t abnorm wahrscheinlich anteriore ischämie oder linksbelastung xxxx unbestätigter bericht ,1,
 sinustachykardie p - sinistrocardiale linkstyp qrs ( t ) abnorm inferiorer infarkt wahrscheinlich alt xxxx unbestätigter bericht ,1,
 sinusrhythmus ueberdrehter linkstyp qrs ( t ) abnorm inferiorer infarkt alter unbest st and t abnorm wahrscheinlich anteriore ischämie oder linksbelastung laterale ischämie oder linksbelastung xxxx unbestätigter bericht ,1,
 sinusrhythmus verdacht auf p - sinistrocardiale lagetyp normal qrs ( t ) abnorm inferiorer infarkt wahrscheinlich alt st and t abnorm wahrscheinlich laterale ischämie oder linksbelastung xxxx unbestätigter bericht ,1,
 sinusrhythmus verdacht auf p - sinistrocardiale ueberdrehter linkstyp qrs ( t ) abnorm anteriorer infarkt alter unbest inferiorer infarkt alter unbest xxxx unbestätigter bericht ,1,
 sinusrhythmus verdacht auf p - sinistrocardiale lagetyp normal qrs ( t ) abnorm inferiorer infarkt alter unbest st and t abnorm wahrscheinlich anterolaterale ischämie oder linksbelastung t abnorm in anterioren ableitungen xxxx ,1,
 sinusrhythmus lagetyp normal unspezifische intraventrikuläre leitungsstörung mässige amplitudenkriterien für linkshypertrophie qrs ( t ) abnorm inferiorer myokardschaden möglich st and t abnorm möglicherweise neuer anteroseptaler myokard - oder perikards ,1,
 sinusrhythmus ueberdrehter linkstyp linksanteriorer fascicular block t flach in avl verminderte r - progression v2 - xxxx ,1,
 vorhofflimmern - flattern linkstyp linksschenkelblock linkshypertrophie möglich xxxx unbestätigter bericht ,7,
 ventrikuläre extrasystole ( n ) sinustachykardie linkstyp diskrete st - senkung in ii t neg in v1 - xxxx ,1,
 sinusbradykardie mlt av - block xxxx pathologisches ecg ,1,
 sinusbradykardie linkstyp unspezifisches abnormales t ,1,
 supraventrikuläre arrhythmie verdacht auf p - sinistrocardiale linkstyp linkshypertrophie xxxx unbestätigter bericht ,1,
 sinustachykardie linkstyp mässige amplitudenkriterien für linkshypertrophie xxxx unbestätigter bericht ,1,
 sinusbradykardie av block i p - verbreiterung ueberdrehter linkstyp unspezifische intraventrikuläre leitungsstörung st and t abnorm wahrscheinlich hochlaterale ischämie oder linksbelastung xxxx unbestätigter bericht ,1,
 sinusrhythmus av block i ueberdrehter linkstyp unspezifische intraventrikuläre leitungsstörung qrs ( t ) abnorm anteroseptaler infarkt wahrscheinlich alt inferiorer infarkt möglich xxxx unbestätigter bericht ,2,
 sinusbradykardie av block i verdacht auf p - sinistrocardiale lagetyp normal qrs ( t ) abnorm lateraler myokardschaden möglich xxxx unbestätigter bericht ,1,
 sinusrhythmus p - verbreiterung lagetyp normal qrs ( t ) abnorm inferiorer infarkt alter unbest xxxx unbestätigter bericht ,2,
 sinusrhythmus linkstyp qrs ( t ) abnormal inferiorer myokardschaden nicht auszuschliessen qt - verlängerung ,1,
 supraventrikuläre extrasystole ( n ) bigeminus sinusrhythmus linkstyp qrs ( t ) abnorm inferiorer infarkt alter unbest st and t abnorm wahrscheinlich anterolaterale ischämie oder linksbelastung xxxx unbestätigter bericht ,1,
 sinusrhythmus av block i linkstyp qrs ( t ) abnorm anteroseptaler infarkt möglich xxxx unbestätigter bericht ,1,
 sinusrhythmus qrs ( t ) abnormal fehlendes r in v2 sonst ob ,1,
 vorhofflimmern - flattern lagetyp normal st and t abnorm möglicherweise neuer anteroseptaler myokard - oder perikardschaden qt - verlängerung xxxx unbestätigter bericht ,1,
 sr linkstyp sonst normales ecg ,1,
 sinusrhythmus av block i linkstyp flache t in i iii avf avl v4 - xxxx pathologisches ecg ,1,
 sinusrhythmus p - verbreiterung linkstyp ,4,
 sinusbradykardie p - sinistrocardiale linkstyp qrs ( t ) abnorm anteroseptaler myokardschaden möglich inferiorer infarkt alter unbest t abnorm in anterolateralen ableitungen xxxx unbestätigter bericht ,1,
 sinusrhythmus verdacht auf p - sinistrocardiale linkstyp qrs ( t ) abnorm anteroseptaler myokardschaden nicht auszuschliessen inferiorer infarkt möglich st and t abnorm wahrscheinlich anterolaterale ischämie oder linksbelastung t abnorm in anterioren a ,1,
 sinusrhythmus linkstyp qrs ( t ) abnorm anteroseptaler infarkt wahrscheinlich alt t abnorm in anterolateralen ableitungen xxxx unbestätigter bericht ,3,
 sinusrhythmus ueberdrehter linkstyp r - s übergang in v ableitungen nach rechts verschoben unvollständiger rechtsschenkelblock qrs ( t ) abnorm anteroseptaler myokardschaden möglich xxxx unbestätigter bericht ,1,
 supraventrikuläre extrasystole ( n ) sinusrhythmus linkstyp unvollständiger rechtsschenkelblock st and t abnormal pathologisch ,1,
 sinusrhythmus verdacht auf p - sinistrocardiale lagetyp normal qrs ( t ) abnorm inferiorer myokardschaden möglich ,2,
 sinusrhythmus av block i ueberdrehter linkstyp qrs ( t ) abnormal verzoegerte r - progression v1 - xxxx pathologisch ,1,
 sinusrhythmus verdacht auf p - sinistrocardiale linkstyp unspezifisches abnormes t xxxx unbestätigter bericht ,1,
 sinusrhythmus linkstyp flaches p wahrscheinlich normales ecg ,1,
 sinusrhythmus indifferenz typ st - hebung v2 normales ecg ,1,
 supraventrikulär ( a ) extrasystoli ( er ) sinusrytm vänster el - axel avvikande qrs ( t ) förlopp inferior infarkt ålder ej bestämmbar ,2,
 slag med avvikande impulsutbredning ventrikulär ( a ) extrasystoli ( er ) sinusrytm hypertrofi av vänster förmak extrem vänster el - axel ospecifikt skänkelblock vänster kammarhypertrofi avvikande qrs ( t ) förlopp anteroseptal myokardskada bör övervägas ,1,
 sinus arrhythmie p - sinistrocardiale lagetyp normal xxxx unbestätigter bericht ,2,
 tachykardes vorhofflimmern lagetyp normal qrs ( t ) abnorm inferiorer infarkt alter unbest xxxx unbestätigter bericht ,1,
 sinusrhythmus lagetyp normal qrs ( t ) abnormal inferiorer infarkt alter unbest t abnormal in anterolateralen ableitungen ,1,
 sinusrhythmus lagetyp normal qrs ( t ) abnorm anterolateraler myokardschaden möglich xxxx unbestätigter bericht ,4,
 sinusrhythmus lagetyp normal mässige amplitudenkriterien f#r linkshypertrophie unspezifisches abnormales t ,2,
 sinusrhythmus p - verbreiterung linkstyp qrs ( t ) abnormal ,1,
 sinusrhythmus av block i p - sinistrocardiale linkstyp linkshypertrophie möglich qrs ( t ) abnorm anteroseptaler infarkt mögl akut inferiorer infarkt wahrscheinlich alt xxxx unbestätigter bericht ,1,
 sinusrhythmus lagetyp normal rechtsschenkelblock vorhfsueberlastung links path repolarisation pathologisch ,1,
 sinusbradykardie lagetyp normal qrs ( t ) abnorm inferiorer infarkt wahrscheinlich alt xxxx unbestätigter bericht ,2,
 ventrikuläre extrasystole ( n ) sinus arrhythmie ueberdrehter linkstyp linksanteriorer fascicular block qrs ( t ) abnorm anteroseptaler infarkt wahrscheinlich alt inferiorer infarkt wahrscheinlich alt t abnorm in hochlateralen ableitungen xxxx ,1,
 sinusrhythmus lagetyp normal übergangszone nach rechts verschoben kompl rsb ,1,
 ventrikuläre extrasystole ( n ) tachykardes vorhofflimmern ueberdrehter linkstyp qrs ( t ) abnorm lateraler myokardschaden nicht auszuschliessen xxxx unbestätigter bericht ,1,
 sinusrhythmus ueberdrehter linkstyp t abnorm in anterioren ableitungen inferioren ableitungen xxxx unbestätigter bericht ,1,
 sinusrhythmus linkstyp linkshypertrophie möglich path repolarisation pathologisch ,1,
 supraventrikuläre extrasystole ( n ) sinusrhythmus linkstyp diskrete st - senkung in v5 - xxxx t flach iii avf ,1,
 sinusrhythmus lagetyp normal chron inferiorer infarkt möglich ,1,
 sinusrhythmus linkstyp qrs ( t ) abnorm anteroseptaler myokardschaden möglich t abnorm in anterioren ableitungen xxxx unbestätigter bericht ,1,
 sinusrhythmus ueberdrehter linkstyp qrs ( t ) abnorm anterolateraler infarkt wahrscheinlich alt inferiorer infarkt wahrscheinlich alt xxxx unbestätigter bericht ,2,
 sinusrhythmus lagetyp normal qrs ( t ) abnorm inferiorer myokardschaden xxxx unbestätigter bericht ,1,
 sinusrhythmus linkstyp t abnorm in hochlateralen ableitungen xxxx unbestätigter bericht ,14,
 sinusrhythmus lagetyp normal periphere niederspannung qrs ( t ) abnorm anterolateraler myokardschaden möglich t abnorm in anterioren ableitungen xxxx unbestätigter bericht ,1,
 sinusrhythmus lagetyp normal qrs ( t ) abnorm anteriorer infarkt wahrscheinlich alt xxxx unbestätigter bericht ,4,
 sinusbradykardie linkstyp qrs ( t ) abnorm inferiorer infarkt alter unbest xxxx unbestätigter bericht ,2,
 sinusrhythmus lagetyp normal av - block xxxx grades t flach in avl verzögerte r - progression v1 - xxxx dd mamma - bedingt ,1,
 sinusrhythmus av block i verdacht auf p - sinistrocardiale linkstyp qrs ( t ) abnorm inferiorer infarkt wahrscheinlich alt st and t abnorm wahrscheinlich hochlaterale ischämie oder linksbelastung xxxx unbestätigter bericht ,1,
 sinusrhythmus lagetyp normal periphere niederspannung av - block xxxx grades subakuter anteriorer infarkt ischämie lateral t neg in v1 - xxxx avf i persistierende st - hebung über vorderwand dd aneurysma ,1,
 supraventrikuläre ersatzsystole ( n ) sinusrhythmus rechtstyp rechtsschenkelblock qrs ( t ) abnorm anteriorer infarkt alter unbest inferiorer myokardschaden möglich xxxx unbestätigter bericht ,1,
 sinusrhythmus verdacht auf p - sinistrocardiale linkstyp unvollständiger rechtsschenkelblock st and t abnorm wahrscheinlich inferolaterale ischämie oder linksbelastung xxxx unbestätigter bericht ,1,
 sinusrhythmus linkstyp unspezifischer intraventrikulärer block qrs ( t ) abnormal inferiorer infarkt möglich ,1,
 sinusrhythmus ueberdrehter linkstyp lahb t flach in i avl ,1,
 sinusrhythmus lagetyp normal linkshypertrophie möglich ( sokolow xxxx ) t biphasisch in iii v1 ,1,
 sinusrhythmus ueberdrehter linkstyp linksanteriorer fascicular block qrs ( t ) abnorm anteroseptaler infarkt wahrscheinlich alt inferiorer infarkt wahrscheinlich alt t abnorm in anterolateralen ableitungen xxxx unbestätigter b ,1,
 sinusrhythmus verdacht auf p - sinistrocardiale lagetyp normal unvollständiger rechtsschenkelblock unspezifische abnormale st - senkung ,1,
 sinustachykardie linkstyp linksschenkelblock linkshypertrophie möglich xxxx unbestätigter bericht ,1,
 tachykardes vorhofflimmern lagetyp normal periphere niederspannung unvollständiger linksschenkelblock qrs ( t ) abnormal anteroseptaler infarkt mögl akut hochlateraler infarkt möglich st and t abnormal wahrscheinlich laterale ischämie oder links ,1,
 vorhofflimmern - flattern linkstyp qrs ( t ) abnorm anteroseptaler myokardschaden nicht auszuschliessen inferiorer infarkt wahrscheinlich alt xxxx unbestätigter bericht ,1,
 sinusrhythmus schwierig bestimmbare qrs - achse mässige amplitudenkriterien für linkshypertrophie qrs ( t ) abnorm anteriorer infarkt alter unbest xxxx unbestätigter bericht ,1,
 supraventrikuläre arrhythmie ueberdrehter linkstyp unvollständiger rechtsschenkelblock qrs ( t ) abnorm anteriorer infarkt alter unbest inferolateraler infarkt wahrscheinlich alt xxxx unbestätigter bericht ,1,
 ventrikuläre extrasystole ( n ) sinus arrhythmie lagetyp normal st and t abnorm wahrscheinlich anterolaterale ischämie oder linksbelastung xxxx unbestätigter bericht ,1,
 supraventrikuläre extrasystole ( n ) sinusrhythmus ueberdrehter linkstyp linksanteriorer fascicular block linkshypertrophie möglich intraventr leitungsstörung in iii avl st - hebung in v1 - v3 leicht verzögerte r - progression in v1 - v3 lah path ecg ,1,
 sinusrhythmus lagetyp normal normales ecg wandernder schrittmacher ( versch p ) intraventr leitungsstörung in avl t flach in iii diskrete st - hebung in v1 v2 ,1,
 tachykardes vorhofflimmern lagetyp normal st and t abnormal wahrscheinlich anterolaterale ischämie oder linksbelastung inferolaterale ischämie oder linksbelastung t abnormal in anterioren ableitungen ,1,
 sinusrhythmus lagetyp normal mässige amplitudenkriterien f#r linkshypertrophie st and t abnormal wahrscheinlich anterolaterale ischämie oder linksbelastung inferolaterale ischämie oder linksbelastung ,2,
 sinustachykardie verdacht auf p - sinistrocardiale linkstyp qrs ( t ) abnorm inferiorer infarkt wahrscheinlich alt xxxx unbestätigter bericht ,1,
 vorhofflimmern - flattern lagetyp normal qrs ( t ) abnorm anteroseptaler myokardschaden nicht auszuschliessen xxxx unbestätigter bericht ,1,
 sinusrhythmus lagetyp normal unspezifisch abnormes st and t ( hebung ) sonst normales ecg xxxx unbestätigter bericht ,7,
 sinusrhythmus linkstyp unvollständiger rechtsschenkelblock qrs ( t ) abnorm anteriorer infarkt alter unbest inferolateraler infarkt wahrscheinlich alt xxxx unbestätigter bericht ,1,
 sinusrhythmus lagetyp normal periphere niederspannung t abnorm in anterolateralen ableitungen xxxx unbestätigter bericht ,1,
 sinusrhythmus verdacht auf p - sinistrocardiale lagetyp normal st and t abnorm wahrscheinlich inferiore ischämie oder linksbelastung xxxx unbestätigter bericht ,4,
 sinustachykardie lagetyp normal qrs ( t ) abnorm anteroseptaler myokardschaden nicht auszuschliessen ,1,
 sinusrhythmus av block i intraventr leitungsstörung in ii iii avf lagetyp normal st - senkung in v4 - v6 path ecg ,1,
 sinusrhythmus p - sinistrocardiale linkstyp unspezifische intraventrikuläre leitungsstörung linkshypertrophie qrs ( t ) abnorm inferiorer infarkt wahrscheinlich alt xxxx unbestätigter bericht ,1,
 ventrikuläre extrasystole ( n ) sinusrhythmus lagetyp normal unvollständiger rechtsschenkelblock xxxx unbestätigter bericht ,2,
 sinusrhythmus av block i lagetyp normal st and t abnorm wahrscheinlich anteriore ischämie oder linksbelastung t abnorm in lateralen ableitungen xxxx unbestätigter bericht ,1,
 supraventrikuläre extrasystole ( n ) sinusrhythmus ueberdrehter linkstyp linksanteriorer fascicular block qrs ( t ) abnorm septaler infarkt nicht auszuschliessen inferiorer infarkt möglich t abnorm in hochlateralen ableitungen xxxx unbes ,1,
 sinusrhythmus lagetyp normal intraventr leitungsstörung st - senkung grenzbefund ,1,
 sinusrhythmus lagetyp normal qrs ( t ) abnorm anterolateraler infarkt möglich xxxx unbestätigter bericht ,1,
 sinusrhythmus av block i lagetyp normal st and t abnorm wahrscheinlich inferolaterale ischämie oder linksbelastung xxxx unbestätigter bericht ,1,
 sinusrhythmus verdacht auf p - sinistrocardiale lagetyp normal rechtsschenkelblock xxxx unbestätigter bericht ,3,
 sinusrhythmus linkstyp intraventr leitungsstörung in i ii vorhofsüberbelastung rechts st - hebung in v3 t neg in v5 v6 i avl st n aortenklappenersatz path ecg ,1,
 sinusbradykardie lagetyp normal t hoch in v2 v3 auffallend hohes r in v1 v2 normales ecg ,1,
 sinusrhythmus linkstyp kein hinweis im ecg für le normales ecg ,1,
 sinusrhythmus verdacht auf p - sinistrocardiale linkstyp qrs ( t ) abnorm anteroseptaler infarkt alter unbest t abnorm in hochlateralen ableitungen xxxx unbestätigter bericht ,1,
 sinusrhythmus av block i linkstyp st and t abnorm wahrscheinlich hochlaterale ischämie oder linksbelastung xxxx unbestätigter bericht ,1,
 ventrikuläre extrasystole ( n ) sinusrhythmus linkstyp unspezifischer intraventrikulärer block qrs ( t ) abnorm inferiorer infarkt alter unbest xxxx unbestätigter bericht ,1,
 sinusrhythmus rechtstyp sonst normales ecg xxxx unbestätigter bericht ,5,
 sinusrhythmus lagetyp normal r - s übergang in v ableitungen nach rechts verschoben mässige amplitudenkriterien für linkshypertrophie qrs ( t ) abnorm anterolateraler myokardschaden möglich xxxx unbestätigter bericht ,1,
 sinusrhythmus ueberdrehter linkstyp qrs ( t ) abnorm anteroseptaler infarkt wahrscheinlich alt inferiorer infarkt wahrscheinlich alt t abnorm in anterolateralen ableitungen xxxx unbestätigter bericht ,1,
 sinusrhythmus lagetyp normal periphere niederspannung intraventr leitungsstörung wahrscheinlich normales ecg ,1,
 vorhofflimmern - flattern linkstyp unvollständiger rechtsschenkelblock qrs ( t ) abnorm inferiorer infarkt alter unbest st and t abnorm wahrscheinlich anterolaterale ischämie oder linksbelastung xxxx unbestätigter bericht ,1,
 supraventrikuläre extrasystole ( n ) sinusrhythmus lagetyp normal unvollständiger rechtsschenkelblock qt - verlängerung xxxx unbestätigter bericht ,1,
 sinusrhythmus t abnormal wahrscheinlich inferiorer myokardschaden ,2,
 ventrikuläre extrasystole ( n ) sinusrhythmus p - sinistrocardiale linkstyp unvollständiger linksschenkelblock linkshypertrophie qrs ( t ) abnorm anteroseptaler infarkt wahrscheinlich alt xxxx unbestätigter bericht ,1,
 sinusrhythmus lagetyp normal unspezifische intraventrikuläre leitungsstörung linkshypertrophie möglich xxxx unbestätigter bericht ,2,
 sinustachykardie p - sinistrocardiale lagetyp normal xxxx unbestätigter bericht ,2,
 sinusrhythmus lagetyp normal unvollständiger linksschenkelblock qrs ( t ) abnorm anteroseptaler infarkt alter unbest xxxx unbestätigter bericht ,1,
 supraventrikuläre extrasystole ( n ) sinusrhythmus lagetyp normal qrs ( t ) abnorm inferiorer myokardschaden möglich xxxx unbestätigter bericht ,1,
 ventrikuläre extrasystole ( n ) sinusrhythmus p - sinistrocardiale ueberdrehter linkstyp unspezifischer intraventrikulärer block qrs ( t ) abnorm anteroseptaler infarkt mögl akut xxxx unbestätigter bericht ,1,
 sinusrhythmus p - sinistrocardiale lagetyp normal linkshypertrophie qt - verlängerung xxxx unbestätigter bericht ,1,
 sinusrhythmus lagetyp normal lagetyp in anbetracht des alters normal normales ecg xxxx unbestätigter bericht ,3,
 av - knotenrhythmus lagetyp normal qrs ( t ) abnorm anteroseptaler myokardschaden nicht auszuschliessen ,1,
 sinusrhythmus p - verbreiterung lagetyp normal mässige amplitudenkriterien für linkshypertrophie ,1,
 ventrikuläre extrasystole ( n ) interponierte ventrikuläre extrasystole ( n ) sinusrhythmus ,1,
 sinusrhythmus av block i p - verbreiterung ueberdrehter linkstyp qrs ( t ) abnorm inferiorer infarkt wahrscheinlich alt st and t abnorm wahrscheinlich anteriore ischämie oder linksbelastung xxxx unbestätigter bericht ,1,
 sinusrhythmus av block i verdacht auf p - sinistrocardiale ueberdrehter linkstyp linksschenkelblock xxxx unbestätigter bericht ,2,
 sinusrhythmus ueberdrehter linkstyp periphere niederspannung xxxx unbestätigter bericht ,1,
 sinusrhythmus lagetyp normal qrs ( t ) abnorm anteroseptaler infarkt wahrscheinlich alt t abnorm in hochlateralen ableitungen xxxx unbestätigter bericht ,2,
 sinusrhythmus linkstyp qrs ( t ) abnorm anteroseptaler infarkt wahrscheinlich alt st and t abnorm wahrscheinlich anterolaterale ischämie oder linksbelastung xxxx unbestätigter bericht ,1,
 sinusrhythmus linkstyp qrs ( t ) abnorm anteriorer infarkt wahrscheinlich alt inferiorer infarkt wahrscheinlich alt xxxx unbestätigter bericht ,1,
 sinusrhythmus verdacht auf p - sinistrocardiale linkstyp t abnorm in inferioren ableitungen xxxx unbestätigter bericht ,1,
 sinusrhythmus verdacht auf p - sinistrocardiale ueberdrehter linkstyp linksanteriorer fascicular block rechtsschenkelblock bifaszikulärer block xxxx unbestätigter bericht ,2,
 ventrikuläre extrasystole ( n ) vorhofflimmern - flattern lagetyp normal st and t abnorm wahrscheinlich anterolaterale ischämie oder linksbelastung inferolaterale ischämie oder linksbelastung xxxx unbestätigter bericht ,1,
 sinusrhythmus ueberdrehter linkstyp qrs ( t ) abnorm anteriorer infarkt wahrscheinlich alt inferolateraler infarkt wahrscheinlich alt xxxx unbestätigter bericht ,1,
 vorhofflimmern - flattern ueberdrehter linkstyp qrs ( t ) abnorm anteroseptaler infarkt wahrscheinlich alt inferiorer infarkt wahrscheinlich alt t abnorm in hochlateralen ableitungen xxxx unbestätigter bericht ,1,
 sinustachykardie av block i lagetyp normal rechtsschenkelblock qrs ( t ) abnorm anteroseptaler myokardschaden nicht auszuschliessen xxxx unbestätigter bericht ,1,
 sinustachykardie verdacht auf p - sinistrocardiale lagetyp normal linkshypertrophie möglich xxxx unbestätigter bericht ,1,
 sinusrhythmus linkstyp t abnorm in anterioren ableitungen inferioren ableitungen xxxx unbestätigter bericht ,1,
 sinustachykardie av block i lagetyp normal rechtsschenkelblock xxxx unbestätigter bericht ,1,
 sinusrhythmus lagetyp normal unspezifische intraventrikuläre leitungsstörung mässige amplitudenkriterien für linkshypertrophie xxxx unbestätigter bericht ,2,
 sinusrhythmus p - sinistrocardiale ueberdrehter linkstyp linksanteriorer fascicular block qt - verlängerung xxxx unbestätigter bericht ,1,
 ventrikuläre extrasystole ( n ) bigeminus sinus arrhythmie p - sinistrocardiale lagetyp normal st and t abnorm wahrscheinlich inferiore ischämie oder linksbelastung xxxx unbestätigter bericht ,1,
 vorhofflimmern - flattern schwierig bestimmbare qrs - achse periphere niederspannung qrs ( t ) abnorm anteroseptaler infarkt wahrscheinlich alt st and t abnorm wahrscheinlich anterolaterale ischämie oder linksbelastung inferolaterale ischämie oder l ,1,
 sinusrhythmus qrs ( t ) abnormal septaler myokardschaden nicht auszuschliessen ,1,
 ventrikuläre extrasystole ( n ) tachykardes vorhofflimmern linkstyp xxxx unbestätigter bericht ,1,
 beschleunigter av - rhythmus lagetyp normal unspezifischer intraventrikulärer block qrs ( t ) abnorm anteroseptaler infarkt alter unbest xxxx unbestätigter bericht ,1,
 sinusrhythmus linkstyp qrs ( t ) abnorm anteroseptaler myokardschaden möglich inferiorer infarkt alter unbest xxxx unbestätigter bericht ,2,
 ventrikuläre extrasystole ( n ) sinusrhythmus p - sinistrocardiale linkstyp qrs ( t ) abnorm inferiorer infarkt wahrscheinlich alt t abnorm in lateralen ableitungen xxxx unbestätigter bericht ,1,
 ventrikuläre extrasystole ( n ) sinusrhythmus av block i lagetyp normal unspezifisches abnormes t xxxx unbestätigter bericht ,1,
 sinusrhythmus lagetyp normal linkshypertrophie möglich xxxx unbestätigter bericht edit plmi xxxx r - s > 1v1 - xxxx tiefes breites qavl ( plmi xxxx ) ,1,
 ventrikuläre extrasystole ( n ) sinusrhythmus unspezifische intraventrikuläre leitungsstörung ,1,
 sinusrhythmus linkstyp t abnorm in lateralen ableitungen xxxx unbestätigter bericht ,1,
 sinusrhythmus p - verbreiterung lagetyp normal qrs ( t ) abnorm inferiorer myokardschaden möglich st and t abnorm wahrscheinlich anterolaterale ischämie oder linksbelastung xxxx unbestätigter bericht ,1,
 sinusrytm vänster el - axel st and t sänkning såsom vid anterolateral ischemi eller vänster belastning t - förändring såsom vid anterior myokardaffektion inferolateral myokardaffektion ,1,
 sinustachykardi hypertrofi av vänster förmak extrem vänster el - axel vänstersidigt skänkelblock ,1,
 sinustachykardi höger el - axel inget säkert patologiskt ,1,
 sinusrytm p förlängd vänster el - axel avvikande qrs ( t ) förlopp anteroseptal myokardskada bör övervägas ,1,
 sinusrytm avvikande qrs ( t ) förlopp hög lateral infarkt bör övervägasconsensus label derived from { ndt xxxx sr xxxx 0} { norm xxxx sr xxxx 0} ,1,
 ventrikuläre extrasystole ( n ) supraventrikuläre extrasystole ( n ) sinusrhythmus p - sinistrocardiale ueberdrehter linkstyp linksanteriorer fascicular block st and t abnorm wahrscheinlich laterale ischämie oder linksbelastung t abnorm in anterioren ableitungen xxxx ,1,
 sinusrhythmus p - verbreiterung lagetyp normal t abnorm in anterolateralen ableitungen inferolateralen ableitungen xxxx unbestätigter bericht ,1,
 sinusrytm flacka t - vågor anterolateralt ngt förlängd qt - tid ,1,
 sinusrytm avvikande qrs ( t ) förlopp inferior infarkt sannolikt äldre t - förändring såsom vid hög lateral myokardaffektion ,1,
 sinusbradykardi st and t sänkning såsom vid anterior ischemi eller vänster belastning ,1,
 sinusrytm horisontalställd el - axel normalt ecg ,2,
 sinus arrhythmie linkstyp qrs ( t ) abnormal lateraler myokardschaden möglich qt - verlängerung ,1,
 sinusrytm av block i misstänkt hypertrofi av vänster förmak misstänkt vänster kammarhypertrofi ,1,
 regelbunden rytm inga p - våg funna ospecifik t - förändring ,1,
 sinusrhythmus ueberdrehter linkstyp r - s übergang in v ableitungen nach links verschoben linksanteriorer fascicular block qrs ( t ) abnorm anterolateraler myokardschaden möglich xxxx unbestätigter bericht ,1,
 förmaksflimmer - fladder låga qrs amplituder i extremitetsavledningarna misstänkt vänster kammarhypertrofi avvikande qrs ( t ) förlopp anteroseptal myokardskada kan ej uteslutas hög lateral infarkt bör övervägas ,1,
 förmaksflimmer - fladder avvikande qrs ( t ) förlopp anterior infarkt sannolikt äldre ,1,
 sinusbradyksardie llt st - hebung v2 wahrscheinlich normales ecg ,1,
 regelbunden rytm inga p - våg funna avvikande qrs ( t ) förlopp hög lateral infarkt bör övervägas st and t sänkning såsom vid anterior ischemi eller vänster belastning inferolateral ischemi eller vänster belastning ,1,
 sinusrytm extrem vänster el - axel vänster anteriort fascicular block avvikande qrs ( t ) förlopp inferior infarkt bör övervägas ,1,
 sinusrytm avvikande qrs ( t ) förlopp anteroseptal infarkt sannolikt äldre inferior myokardskada kan ej uteslutas st and t sänkning såsom vid hög lateral ischemi eller vänster belastning ,1,
 sinus arytmi avvikande qrs ( t ) förlopp inferior infarkt ålder ej bestämmbar ,1,
 sinusrytm ospecifik st - förändring qt förlängd ,1,
 slag med avvikande impulsutbredning supraventrikulär ( a ) extrasystoli ( er ) sinusrytm misstänkt hypertrofi av vänster förmak högersidigt skänkelblock ! ,1,
 förmaksflimmer - fladder st and t sänkning såsom vid anterior ischemi eller vänster belastning inferolateral ischemi eller vänster belastning ,1,
 sinusrytm avvikande qrs ( t ) förlopp anteroseptal infarkt sannolikt äldre st and t sänkning såsom vid anterolateral ischemi eller vänster belastning inferolateral ischemi eller vänster belastning ,1,
 sinusrhythmus av block i linkstyp st - senkung in v5 - xxxx p biphasisch in i - iii v1 v4 - xxxx schlechte r - progression v1 - xxxx t neg i avl v5 - xxxx ,1,
 sinusrhythmus linkstyp rechtsschenkelblock vollständig intraventr leitungsstörung iii avr avf v4 vorhofsüberbelastung links möglich pathologisches ecg ,1,
 förmaksflimmer - fladder avvikande qrs ( t ) förlopp anteroseptal myokardskada kan ej uteslutas st and t sänkning såsom vid anterior ischemi eller vänster belastning t - förändring såsom vid inferolateral myokardaffektion ,1,
 sinusrhythmus mlt intraventr leitungsstörung sonst normales ecg ,1,
 ventrikuläre extrasystole ( n ) sinus arrhythmie lagetyp normal q in iii s in i ,1,
 sinus arytmi avvikande qrs ( t ) förlopp hög lateral infarkt bör övervägas st and t sänkning såsom vid lateral ischemi eller vänster belastning inferolateral ischemi eller vänster belastning t - förändring såsom vid anterior myokardaffektion ,1,
 ventrikulär ( a ) extrasystoli ( er ) sinusrytm p förlängd vänster el - axel ospecifikt skänkelblock avvikande qrs ( t ) förlopp anterior infarkt bör övervägas inferior infarkt ålder ej bestämmbar ,1,
 supraventrikuläre extrasystole ( n ) sinusrhythmus p - sinistrocardiale qrs ( t ) abnormal inferiorer infarkt wahrscheinlich alt ,1,
 sinusbradykardie lagetyp normal qrs ( t ) abnormal t abnormal in inferioren ableitungen schlechte r - progression pathologisch ,1,
 ventrikulär ( a ) extrasystoli ( er ) sinusrytm ,1,
 förmaksflimmer med hög kammarfrekvens extrem vänster el - axel avvikande qrs ( t ) förlopp inferior infarkt sannolikt äldre st and t sänkning såsom vid anteroseptal ischemi eller vänster belastning ,1,
 sinusrytm p förlängd extrem vänster el - axel ospecifik t - förändring qt förlängd ,1,
 supraventrikuläre extrasystole ( n ) sinusbradykardie linkstyp sonst normales ecg ,1,
 ventrikulär ( a ) extrasystoli ( er ) förmaksflimmer med hög kammarfrekvens högersidigt skänkelblock ,1,
 sinustachykardi ospecifikt skänkelblock vänster kammarhypertrofi avvikande qrs ( t ) förlopp inferior infarkt ålder ej bestämmbar ,1,
 förmaksflimmer - fladder inkomplett högersidigt skänkelblock avvikande qrs ( t ) förlopp anteroseptal myokardskada kan ej uteslutas st and t sänkning såsom vid anterior ischemi eller vänster belastning t - förändring såsom vid inferior myokardaffektion ,1,
 sinustachykardi ventrikulära extraslag vänster el - axel inget säkert patologiskt ,1,
 sinustachykardi ospecifikt skänkelblock vänster kammarhypertrofi avvikande qrs ( t ) förlopp inferior infarkt ålder ej bestämmbar ! ,1,
 sinusrytm ospecifikt inkomplett skänkelblock vänster kammarhypertrofi avvikande qrs ( t ) förlopp hög lateral infarkt bör övervägas ,1,
 sinusrytm avvikande qrs ( t ) förlopp inferior infarkt bör övervägas t - förändring såsom vid hög lateral myokardaffektion ,1,
 sinusrytm extrem vänster el - axel ospecifikt inkomplett skänkelblock ,1,
 sinusrhythmus rechtstyp linksposteriorer fascicular block unvollständiger rechtsschenkelblock ,1,
 supraventrikuläre extrasystole ( n ) sinusrhythmus lagetyp normal p biphasisch in v1 - xxxx iii schlechte r - progression ,1,
 sinusrhythmus lagetyp normal atriale vorhofüberlastung ( st n aortenklappenersatz ) ,1,
 sinusrhythmus ueberdrehter linkstyp linksanteriorer fascicular block unvollständiger rechtsschenkelblock linkshypertrophie ,2,
 sinusrhythmus lagetyp normal hohes t in v2 - xxxx normales ecg ,1,
 sinusrhythmus lagetyp normal av - block xxxx grades q in iii avf ,1,
 sinusrhythmus lagetyp normal normales ecg u - welle in v2 - xxxx ,1,
 sinusrhythmus lagetyp normal t neg in iii v1 zweigipflig in in v3 biphasisch in v2 ,1,
 sinusrhythmus lagetyp normal t neg in iii ,2,
 sr qrs ( t ) abnormal ,1,
 sinusrhythmus linkstyp intraventr leitungsstoerung ii iii f st - hebung diskret v2 v3 ecg wahrscheinlich normal ,1,
 am ehesten vorhofflattern mit xxxx + xxxx lagetyp normal schenkelblock partiell rechts moeglich intraventr leitungsstoerung infarkt anteroseptal chronisch moeglich st - senkung i i ,1,
 sinusrhythmus lagetyp normal intraventr leitungsstoerung ii iii f v1 vorhofsueberbelastung links st - senkung iii t - veraenderungen flach in v1 f biph neg in iii ecg pathologisch ,1,
 sinusrhythmus lagetyp normal intraventr leitungsstoerung iii l v3 r vorhofsueberbelastung biphasich p in ii iii f v3 - v5 t - veraenderungen flach in iii neg in v1 ecg wahrscheinlich normal ,1,
 sinusrhythmus ueberdrehter linkstyp schenkelblock links anteriorer fascicular block vorhofsueberbelastung links st - hebung diskret v3 diskret v5 v6 ecg pathologisch ,1,
 sinusrhythmus mlt vorhofs - es st - hebung in v1 t - ueberhoehung in v2 normales ecg ,1,
 sinustachykardie verdacht auf p - sinistrocardiale linkstyp unspezifische intraventrikuläre leitungsstörung ,1,
 sinusrhythmus ueberdrehter linkstyp qrs ( t ) abnorm anteroseptaler myokardschaden möglich ,2,
 sinusbradykardie t abnormal wahrscheinlich anterolateraler myokardschaden ,1,
 sinusrhythmus lagetyp normal unspezifisches abnormes t qt - verlängerung ,2,
 llt sinusbradykardie flaches t in avl normales ecg ,1,
 sinusrhythmus steiltyp sr normales ecg ,1,
 sinusbradykardie ueberdrehter linkstyp partieller links - anteriorer fascicular block q in iii v1 xxxx f st - senkung in i l v5 xxxx hohes t in v2 xxxx biphasisches t in v5 xxxx sichere links - ventrikuläre - hypertrophie pathologisches ecg ,1,
 sinusrhythmus llt - mlt normales ecg hohes t in v2 xxxx biphasisch in iii f grenzbefund ,1,
 sinus arrhythmie verdacht auf p - sinistrocardiale lagetyp normal xxxx unbestätigter bericht ,5,
 sinusrhythmus lagetyp normal linksschenkelblock linkshypertrophie möglich ,1,
 sinus arrhythmie ( fragl respiratorisch ) lagetyp normal t hoch in v2 - xxxx ,1,
 sinusrhythmus lagetyp normal qrs ( t ) abnormal anteroseptaler infarkt wahrscheinlich alt q in iii ,1,
 sinusrhythmus qrs ( t ) abnormal anteroseptaler infarkt wahrscheinlich alt ,1,
 tachykardes vorhofflimmern - flattern lagetyp normal verzoegerte r - progression v1 - xxxx st - senkung in i v5 - xxxx ,1,
 sinusrhythmus lagetyp normal intraventr leitungsstoerung iii ii avf t - veraenderungen biphas v3 - xxxx ecg wahrscheinlich normal ,1,
 sinusrhythmus rechtstyp t abnorm in inferioren ableitungen xxxx unbestätigter bericht ,1,
 av - knotenrhythmus ueberdrehter linkstyp qrs ( t ) abnormal septaler infarkt nicht auszuschliessen inferiorer infarkt wahrscheinlich alt st and t abnormal wahrscheinlich anteriore ischämie oder linksbelastung ,1,
 sinustachykardie p - sinistrocardiale lagetyp normal unvollständiger rechtsschenkelblock ,1,
 sinusrhythmus linkstyp intraventr leitungsstoerung avf ecg wahrscheinlich normal ,1,
 sinustachykardie ueberdrehter linkstyp supraventr es vorhofs - es ventr extasystolen uniform schenkelblock links ant fascicular block r - progression v1 - v4 verzoegert ecg pathologisch ,1,
 sinusrhythmus linkstyp av - block xxxx grades pathologisch ,1,
 sinusrhythmus ueberdrehter linkstyp qrs ( t ) abnormal st and t abnormal wahrscheinlich grenzbefund ,1,
 sinusrhythmus qrs ( t ) abnormal inferiorer infarkt möglich ,1,
 sinusrhythmus llt st - hebung in v2 biphasisches t spitze grenzbefund ,1,
 supraventrikuläre extrasystole ( n ) sinusrhythmus linkstyp mässige amplitudenkriterien für linkshypertrophie st and t abnorm wahrscheinlich hochlaterale ischämie oder linksbelastung xxxx unbestätigter bericht ,1,
 sinusrhythmus lagetyp normal aszendierende st - hebung biphasisches t in iii wahrscheinlich normales ecg ,1,
 sinusrhythmus lagetyp normal st and t abnormal wahrscheinlich normal ,1,
 interponierte ventrikuläre extrasystole ( n ) sinusrhythmus sonst normales ecg ,1,
 sinusrhythmus rechtshypertrophie möglich ant fascicular block av - block xxxx grades pathologisch ,1,
 tachykardes vorhofflimmern lagetyp normal linkshypertrophie möglich ,1,
 linlslagetyp intraventr leitungsstörung lll t - veränderungen neg v1 biphasisch v2 - xxxx wahrscheinlich normales ecg ,1,
 sinusrhythmus verdacht auf p - sinistrocardiale lagetyp normal linkshypertrophie ,1,
 llt tachykardes vorhofflimmern uniforme ves st - senkung in i avl v3 v4 t - veraenderungen in avl v5 v6 pathologisches ecg ,1,
 sinusrhythmus p - sinistrocardiale lagetyp normal unspezifischer intraventrikulärer block linkshypertrophie ,1,
 av - knotenrhythmus lagetyp normal unspezifisches abnormes t ,1,
 sinusbradykardie lagetyp normal st - hebung in v2 xxxx f u - welle in v2 xxxx grenzbefund ,1,
 sinustachykardie linkstyp st - senkung v5 - xxxx ,1,
 sinusrhythmus ueberdrehter linkstyp kompl lsb ,1,
 tachykardes vorhofflimmern linkstyp qrs ( t ) abnormal inferiorer infarkt wahrscheinlich alt ,1,
 sinusrhythmus p - verbreiterung linkstyp periphere niederspannung qrs ( t ) abnorm inferiorer infarkt wahrscheinlich alt xxxx unbestätigter bericht ,1,
 sinusrhythmus ,1,
 ventrikuläre extrasystole ( n ) uniform > xxxx - min sinusrhythmus steillagetyp links ( v5 ) periphere niederspannung intraventr leitungsstörung iii l pathologisches ecg ,1,
 sinus arrhythmie verdacht auf p - sinistrocardiale ueberdrehter linkstyp qrs ( t ) abnormal inferiorer infarkt wahrscheinlich alt ,1,
 sinusrhythmus sves st - senkung in v4 - xxxx avf ii iii t neg in ii iii v3 - xxxx q in avr infarktablauf anterior apikal inferior ,1,
 ventrikuläre extrasystole ( n ) sinusrhythmus linkstyp chron inferiorer infarkt möglich ,1,
 sinusrhythmus lagetyp normal qrs ( t ) abnormal anteroseptaler myokardschaden nicht auszuschliessen hochlateraler infarkt möglich st and t abnormal möglicherweise neuer inferiorer myokard - oder perikardschaden ,1,
 sinusrhythmus linkstyp unvollständiger rechtsschenkelblock linkshypertrophie möglich qrs ( t ) abnormal hochlateraler infarkt möglich ,1,
 sinusrhythmus lagetyp normal unvollständiger rechtsschenkelblock qrs ( t ) abnormal inferiorer infarkt möglich st and t abnormal wahrscheinlich anteriore ischämie oder linksbelastung ,1,
 sinusrhythmus ueberdrehter linkstyp linksanteriorer fascicular block st - hebung in v1 - v4 t - veraenderungen in v1 - v6 pathologisches ecg ,1,
 sinusrhythmus llt ventr es st - hebung in v1 - xxxx t - veraenderungen spitz überhöht in v2 xxxx pathologisches ecg ,1,
 sinusrhythmus steiltyp st - hebunh in v2 - xxxx sves ,1,
 sinusrhythmus verdacht auf p - sinistrocardiale ueberdrehter linkstyp qrs ( t ) abnorm inferiorer infarkt alter unbest xxxx unbestätigter bericht ,1,
 sinusrhythmus lagetyp normal r - s übergang in v ableitungen nach rechts verschoben unvollständiger rechtsschenkelblock sonst normales ecg ,2,
 tachykardes vorhofflimmern rechtstyp unvollständiger rechtsschenkelblock qrs ( t ) abnormal anteroseptaler myokardschaden nicht auszuschliessen hochlateraler infarkt möglich st and t abnormal wahrscheinlich inferolaterale ischämie oder linksbelastung ,1,
 tachykardes vorhofflimmern ueberdrehter linkstyp linksanteriorer fascicular block rechtsschenkelblock bifaszikulärer block r abhehmend in v5 - xxxx ,1,
 sinusrhythmus lagetyp normal amplitudenkriterien f#r linkshypertrophie t überhöht in v2 u - welle in v2 - xxxx ,1,
 sinusrhythmus unvollständiger rechtsschenkelblock linkshypertrophie möglich ,1,
 sinusrhythmus lagetyp normal anteriorer infarkt chronisch moeglich fehlende r - progression v2 - v4 ,1,
 sinusrhythmus ueberdrehter linkstyp linksschenkelblock ecg pathologisch ,1,
 sinus arrhythmie lagetyp normal qrs ( t ) abnormal hochlateraler infarkt möglich st and t abnormal wahrscheinlich laterale ischämie oder linksbelastung inferolaterale ischämie oder linksbelastung ,1,
 sinusbradykardie lagetyp normal av - block xxxx grades ,1,
 sinusrhythmus ecg normal ,2,
 sinus arrhythmie linkstyp linksschenkelblock ,1,
 sinusrhythmus lagetyp normal spitzes t in v3 - xxxx grenzbefund ,1,
 sinusbradykardie av block i rechtstyp rechtsschenkelblock ,1,
 ventrikuläre extrasystole ( n ) sinustachykardie linkstyp linksschenkelblock ,1,
 tachykardes vorhofflimmern lagetyp normal unspezifisches abnormales t ,2,
 supraventr tachyarrhythmie lagetyp normal part rsb ,1,
 normokardes vorhofflimmern linkstyp links anteriorer fascicular block schlechte r - progression q in v1 v2 avl chronischer anteroseptaler infarkt möglich ,1,
 sinusrhythmus av block i linkstyp vollständiger rechts schenkelblock links anteriorer fascicular block fehlender r zuwachs in v2 - v6 ,1,
 sinusrhythmus lagetyp normal linkshypertrophie möglich qrs ( t ) abnormal anterolateraler myokardschaden möglich ,1,
 respiratorische sinusarrythmie ueberdrehter linkstyp partieller linksanteriorer fascicular block chronischer anteriorer in spitze infarkt möglich t abgeflacht fehlende r - progression in v1 - v6 p verbreitert ,1,
 sinusrhythmus verdacht auf p - sinistrocardiale lagetyp normal qrs ( t ) abnormal hochlateraler infarkt möglich st and t abnormal wahrscheinlich laterale ischämie oder linksbelastung ,1,
 supraventrikuläre tachykardie lagetyp normal sonst normales ecg ,1,
 multiforme ventrikuläre extrasystolen 2er salven bigeminus vollständiger rechts schenkelblock sagitaltyp ,1,
 sinustachykardie llt chronischer anteroseptaler infarkt wahrscheinlich q in v1 r verlust in v1 - v3 st - hebung über v2 ,1,
 sinusrhythmus lagetyp normal st and t abnorm wahrscheinlich anteriore ischämie oder linksbelastung t abnorm in lateralen ableitungen xxxx unbestätigter bericht ,2,
 sinusrhythmus ueberdrehter linkstyp rechtsschenkelblock qrs ( t ) abnorm inferiorer infarkt alter unbest xxxx unbestätigter bericht ,3,
 sinus arrhythmie lagetyp normal unspezifisches abnormes t qt - verlängerung xxxx unbestätigter bericht ,1,
 sinusrhythmus lagetyp normal vollständiger linksschenkelblock pathologische repolarisation linke kammerhypertrophie möglich ,1,
 trace only requested edit norm xxxx tor tachykardie ,1,
 sinusrhythmus linkstyp unspezifische abnorme st - senkung unspezifisches abnormes t xxxx unbestätigter bericht ,1,
 sinusrhythmus ueberdrehter rechtstyp qrs ( t ) abnorm anteriorer infarkt alter unbest hochlateraler infarkt xxxx unbestätigter bericht ,1,
 sinusrhythmus verdacht auf p - sinistrocardiale linkstyp rechtsschenkelblock qrs ( t ) abnorm inferiorer infarkt alter unbest xxxx unbestätigter bericht ,1,
 ventrikuläre extrasystole ( n ) vorhofflimmern - flattern ueberdrehter linkstyp unspezifische abnorme st - senkung unspezifisches abnormes t qt - verlängerung xxxx unbestätigter bericht ,1,
 sinusrhythmus linkstyp r - s übergang in v ableitungen nach rechts verschoben t abnorm in hochlateralen ableitungen xxxx unbestätigter bericht ,2,
 sinusrhythmus lagetyp normal amplitudenkriterien f#r linkshypertrophie qrs ( t ) abnormal hochlateraler infarkt möglich ,1,
 sinusrhythmus p - sinistrocardiale linkstyp linksschenkelblock xxxx unbestätigter bericht ,6,
 sinusrhythmus lagetyp normal rechtsschenkelblock qrs ( t ) abnorm inferiorer myokardschaden möglich xxxx unbestätigter bericht ,4,
 sinusrhythmus lagetyp normal linkshypertrophie möglich qrs ( t ) abnorm inferiorer myokardschaden möglich xxxx unbestätigter bericht ,4,
 sinus arrhythmie p - sinistrocardiale lagetyp normal ,1,
 sinusrhythmus slt t überhöht in v2 v3 t vagal pathologisches ecg ,1,
 ventrikuläre extrasystole ( n ) bigeminus sinusrhythmus linkstyp unvollständiger linksschenkelblock qrs ( t ) abnorm anteroseptaler myokardschaden möglich xxxx unbestätigter bericht ,1,
 sinusrhythmus lagetyp normal r - s übergang in v ableitungen nach rechts verschoben qrs ( t ) abnorm inferiorer infarkt wahrscheinlich alt xxxx unbestätigter bericht ,2,
 sinus arrhythmie lagetyp normal qrs ( t ) abnormal anterolateraler myokardschaden möglich st and t abnormal wahrscheinlich inferolaterale ischämie oder linksbelastung ,1,
 sinusrhythmus verdacht auf p - sinistrocardiale linkstyp unspezifischer intraventrikulärer block ,1,
 sinusrhythmus schwierig bestimmbare qrs - achse r - s übergang in v ableitungen nach rechts verschoben niederspannungs - ecg qrs ( t ) abnorm inferiorer infarkt wahrscheinlich alt t abnorm in anteroseptalen ableitungen xxxx unbestät ,1,
 vorhofflimmern - flattern linkstyp linkshypertrophie möglich xxxx unbestätigter bericht ,1,
 sinusrhythmus lagetyp normal r - s übergang in v ableitungen nach rechts verschoben qrs ( t ) abnorm inferiorer myokardschaden nicht auszuschliessen t abnorm in hochlateralen ableitungen xxxx unbestätigter bericht ,1,
 sinusbradykardie - sinusarrhythmie slt atriale letungsstörung biphasisches p doppelzipfliges u eventuell vorhofüberbelastung links u - welle in v4 t negativ in v2 t biphasisch in v4 t abgeflacht in v2 - v6 ,1,
 vorhofflimmern - flattern lagetyp normal linkshypertrophie möglich qt - verlängerung xxxx unbestätigter bericht ,1,
 sinusrhythmus mlt atriale leitungsstörung st - hebung über avl st - senkung über avf v1 grenzbefund ,1,
 ventrikuläre extrasystole ( n ) sinusrhythmus p - verbreiterung linkstyp qrs ( t ) abnorm inferiorer infarkt alter unbest xxxx unbestätigter bericht ,1,
 sinusrhythmus p - sinistrocardiale ueberdrehter linkstyp qrs ( t ) abnorm anterolateraler infarkt möglich st and t abnorm wahrscheinlich inferolaterale ischämie oder linksbelastung xxxx unbestätigter bericht ,1,
 sinusrhythmus lagetyp normal rechtsschenkelblock qrs ( t ) abnorm inferiorer infarkt alter unbest xxxx unbestätigter bericht ,3,
 ventrikuläre extrasystole ( n ) sinusrhythmus verdacht auf p - sinistrocardiale lagetyp normal qt - verlängerung xxxx unbestätigter bericht ,1,
 sinusrhythmus av block i p - sinistrocardiale linkstyp st and t abnorm wahrscheinlich anterolaterale ischämie oder linksbelastung inferolaterale ischämie oder linksbelastung xxxx unbestätigter bericht ,1,
 sinusrhythmus lagetyp normal rechtsschenkelblock qrs ( t ) abnorm inferiorer infarkt möglich xxxx unbestätigter bericht ,3,
 sinusrhythmus p - verbreiterung ueberdrehter linkstyp linksanteriorer fascicular block ,1,
 sinusrhythmus lagetyp normal qrs ( t ) abnorm anteroseptaler infarkt alter unbest st and t abnorm wahrscheinlich hochlaterale ischämie oder linksbelastung t abnorm in anterioren ableitungen xxxx unbestätigter bericht ,4,
 supraventrikuläre extrasystole ( n ) bigeminus sinusrhythmus lagetyp normal unspezifisches abnormes t xxxx unbestätigter bericht ,1,
 sinusrhythmus lagetyp normal st and t abnormal digitalisveraenderung pathologisch ,1,
 vorhofflimmern - flattern ueberdrehter linkstyp linksanteriorer fascicular block qrs ( t ) abnorm anteroseptaler myokardschaden möglich st and t abnorm wahrscheinlich hochlaterale ischämie oder linksbelastung t abnorm in anterioren ableitungen xxxx ,1,
 wandernder schrittmacher ueberdrehter rechtstyp rechtsschenkelblock path repolarisation pathologisch ,1,
 sinusrhythmus slt normales ecg ,4,
 supraventrikuläre arrhythmie p - sinistrocardiale lagetyp normal t abnorm in anterioren ableitungen qt - verlängerung xxxx unbestätigter bericht ,1,
 sinusrhythmus lagetyp normal unvollständiger rechtsschenkelblock st and t abnorm möglicherweise neuer anteroseptaler myokard - oder perikardschaden xxxx unbestätigter bericht ,1,
 supraventrikuläre extrasystole ( n ) sinusrhythmus lagetyp normal amplitudenkriterien f#r linkshypertrophie ,1,
 sinusrhythmus ueberdrehter linkstyp rechtsschenkelblock qrs ( t ) abnorm lateraler infarkt alter unbest xxxx unbestätigter bericht ,1,
 sinusrhythmus verdacht auf p - sinistrocardiale lagetyp normal rechtsschenkelblock qrs ( t ) abnorm inferiorer myokardschaden möglich xxxx unbestätigter bericht ,3,
 supraventrikuläre arrhythmie lagetyp normal linksschenkelblock xxxx unbestätigter bericht ,4,
 sinusrhythmus p - sinistrocardiale lagetyp normal periphere niederspannung unspezifisches abnormes t xxxx unbestätigter bericht ,1,
 sinusrhythmus av block i p - sinistrocardiale lagetyp normal unspezifisches abnormes t xxxx unbestätigter bericht ,1,
 sinusrhythmus linkstyp qrs ( t ) abnorm anteroseptaler myokardschaden nicht auszuschliessen st and t abnorm wahrscheinlich anteriore ischämie oder linksbelastung hochlaterale ischämie oder linksbelastung xxxx unbestätigter be ,1,
 supraventrikuläre extrasystole ( n ) sinusrhythmus p - verbreiterung ueberdrehter linkstyp linksschenkelblock xxxx unbestätigter bericht ,1,
 sinusrhythmus linkstyp qrs ( t ) abnorm anteroseptaler infarkt wahrscheinlich alt t abnorm in hochlateralen ableitungen ,1,
 ventrikuläre extrasystole ( n ) sinusrhythmus lagetyp normal linkshypertrophie möglich xxxx unbestätigter bericht ,1,
 tachykardes vorhofflimmern lagetyp normal linksschenkelblock xxxx unbestätigter bericht ,1,
 sinusrhythmus lagetyp normal mässige amplitudenkriterien für linkshypertrophie st abnorm möglicherweise anteriorer innenschichtsschaden qt - verlängerung xxxx unbestätigter bericht ,1,
 ventrikuläre extrasystole ( n ) sinustachykardie linkstyp mässige amplitudenkriterien für linkshypertrophie qrs ( t ) abnorm anterolateraler myokardschaden möglich xxxx unbestätigter bericht ,1,
 sinusrhythmus linkstyp st and t abnormal wahrscheinlich anteriore ischämie oder linksbelastung hochlaterale ischämie oder linksbelastung ,1,
 ventrikuläre extrasystole ( n ) sinusrhythmus p - sinistrocardiale lagetyp normal linkshypertrophie qrs ( t ) abnorm anterolateraler myokardschaden nicht auszuschliessen inferiorer infarkt alter unbest xxxx unbestätigter berich ,1,
 supraventrikuläre extrasystole ( n ) sinusrhythmus verdacht auf p - sinistrocardiale lagetyp normal linkshypertrophie möglich qrs ( t ) abnorm inferiorer myokardschaden möglich xxxx unbestätigter bericht ,1,
 sinusrhythmus extrem ueberdrehter rechtstyp periphere niederspannung unspezifischer intraventrikulärer block qrs ( t ) abnorm lateraler infarkt alter unbest inferiorer infarkt wahrscheinlich alt xxxx unbestätigter beri ,1,
 sinusrhythmus p - sinistrocardiale linkstyp periphere niederspannung qrs ( t ) abnorm inferiorer infarkt wahrscheinlich alt xxxx unbestätigter bericht ,1,
 vorhofflimmern - flattern linkstyp linkshypertrophie möglich qrs ( t ) abnorm anterolateraler myokardschaden nicht auszuschliessen xxxx unbestätigter bericht ,1,
 vorhofflimmern - flattern linkstyp unspezifisches abnormes t qt - verlängerung xxxx unbestätigter bericht ,3,
 sinusrhythmus ueberdrehter linkstyp qrs ( t ) abnorm anterolateraler infarkt möglich inferiorer infarkt alter unbest xxxx unbestätigter bericht edit ilmi xxxx ( imi xxxx ivcb ) ,1,
 sinusrhythmus lagetyp normal qrs ( t ) abnormal st and t abnormal wahrscheinlich normal ,1,
 sinusrhythmus linkstyp normal ,2,
 sinusrhythmus lagetyp normal periphere niederspannung qrs ( t ) abnormal fehlende r - progression v1 xxxx wahrscheinlich normal ,1,
 ventrikuläre extrasystole ( n ) bigeminus sinus arrhythmie linkstyp mässige amplitudenkriterien für linkshypertrophie xxxx unbestätigter bericht ,1,
 jsinustachykardie p - cardiale lagetyp normal periphere niederspannung st and t abnorm wahrscheinlich laterale ischämie oder linksbelastung xxxx unbestätigter bericht ,1,
 ventrikuläre extrasystole ( n ) vorhofflimmern - flattern linkstyp st and t abnorm wahrscheinlich anteriore ischämie oder linksbelastung xxxx unbestätigter bericht ,2,
 sinusrhythmus av block i p - sinistrocardiale linkstyp ,1,
 sinusbradykardie ueberdrehter linkstyp linksanteriorer fascicular block ,1,
 sinusrhythmus ueberdrehter linkstyp qrs ( t ) abnorm inferiorer infarkt alter unbest xxxx unbestätigter bericht ,3,
 sinusbradykardie verdacht auf p - sinistrocardiale lagetyp normal qrs ( t ) abnorm inferiorer infarkt wahrscheinlich alt t abnorm in anterolateralen ableitungen xxxx unbestätigter bericht ,1,
 sinusbradykardie ueberdrehter linkstyp qrs ( t ) abnorm anteroseptaler infarkt alter unbest t abnorm in anterioren ableitungen lateralen ableitungen xxxx unbestätigter bericht ,1,
 sinusrhythmus p - sinistrocardiale ueberdrehter linkstyp qrs ( t ) abnorm inferiorer infarkt alter unbest xxxx unbestätigter bericht ,1,
 sinusrhythmus ueberdrehter linkstyp linksanteriorer fascicular block unspezifisches abnormes t xxxx unbestätigter bericht ,3,
 sinusrhythmus verdacht auf p - sinistrocardiale ueberdrehter linkstyp r - s übergang in v ableitungen nach rechts verschoben qrs ( t ) abnorm inferiorer infarkt alter unbest xxxx unbestätigter bericht ,1,
 sinusrhythmus linkstyp qrs ( t ) abnormal anteroseptaler myokardschaden nicht auszuschliessen ,1,
 sinusrhythmus ueberdrehter linkstyp qrs ( t ) abnorm inferiorer infarkt wahrscheinlich alt ,1,
 sinusrhythmus verdacht auf p - sinistrocardiale ueberdrehter linkstyp linksanteriorer fascicular block xxxx unbestätigter bericht ,4,
 normokardes vorhofflimmern lagetyp normal ves st - senkung in v4 - xxxx i ii avf chron anteroseptaler infarkt ,1,
 sinusrhythmus ueberdrehter linkstyp qrs ( t ) abnormal links ant fascicular block pathologisch ,1,
 sinusbradykardie ueberdrehter linkstyp periphere niederspannung qrs ( t ) abnormal links ant fascicular block pathologisch ,1,
 supraventrikuläre extrasystole ( n ) interponierte supraventrikuläre extrasystole ( n ) sinusrhythmus lagetyp normal sonst normales ecg xxxx unbestätigter bericht ,1,
 ventrikuläre extrasystole ( n ) supraventrikuläre arrhythmie lagetyp normal linksschenkelblock linkshypertrophie möglich xxxx unbestätigter bericht ,1,
 sinusbradykardie linkstyp schlechte r - progression in v1 - xxxx ,1,
 supraventrikuläre extrasystole ( n ) sinusrhythmus av block i ueberdrehter linkstyp qrs ( t ) abnormal anteriorer myokardschaden inferiorer myokardschaden st and t abnormal wahrscheinlich hochlaterale ischämie oder linksbelastung ,1,
 sinus arrhythmie lagetyp normal qrs ( t ) abnorm anterolateraler infarkt möglich inferiorer infarkt alter unbest xxxx unbestätigter bericht ,1,
 sinusrhythmus p - sinistrocardiale schwierig bestimmbare qrs - achse qrs ( t ) abnorm anteriorer infarkt wahrscheinlich alt hochlateraler infarkt nicht auszuschliessen xxxx unbestätigter bericht ,1,
 sinusrhythmus linkstyp qrs ( t ) abnormal inferiorer infarkt wahrscheinlich alt st and t abnormal wahrscheinlich hochlaterale ischämie oder linksbelastung ,1,
 sinusrhythmus lagetyp normal unvollständiger rechtsschenkelblock t abnormal in anterioren ableitungen qt - verlängerung ,1,
 sinusrhythmus ueberdrehter linkstyp normales ecg ,1,
 sinusbradykardie lagetyp normal qrs ( t ) abnorm anterolateraler myokardschaden möglich xxxx unbestätigter bericht ,1,
 sinusrhythmus lagetyp normal qrs ( t ) abnorm inferiorer infarkt möglich xxxx unbestätigter bericht ,3,
 ventrikuläre extrasystole ( n ) sinus arrhythmie linkstyp st and t abnorm wahrscheinlich anterolaterale ischämie oder linksbelastung xxxx unbestätigter bericht ,1,
 sinusrhythmus lagetyp normal qrs ( t ) abnorm anteroseptaler myokardschaden nicht auszuschliessen inferiorer infarkt alter unbest t abnorm in anterolateralen ableitungen xxxx unbestätigter bericht ,1,
 sinusrhythmus lagetyp normal schlechte r - progression v1 - xxxx normales ecg ,1,
 sinusrhythmus lagetyp normal unvollständiger rechtsschenkelblock st - hebung in v1 - xxxx ,1,
 ventrikuläre extrasystole ( n ) sinus arrhythmie p - sinistrocardiale linkstyp unspezifischer intraventrikulärer block qrs ( t ) abnorm anteroseptaler infarkt mögl akut xxxx unbestätigter bericht ,1,
 supraventrikuläre extrasystole ( n ) sinusrhythmus linkstyp sonst normales ecg xxxx unbestätigter bericht edit sehr arrhythmisch ,1,
 wandernder schrittmacher llt ves ,1,
 sinusrhythmus p - sinistrocardiale ueberdrehter linkstyp unspezifischer intraventrikulärer block xxxx unbestätigter bericht ,4,
 ventrikuläre extrasystole ( n ) supraventrikuläre extrasystole ( n ) sinusrhythmus linkstyp qrs ( t ) abnorm inferiorer infarkt wahrscheinlich alt t abnorm in anterioren ableitungen xxxx unbestätigter bericht ,1,
 sinusrhythmus verdacht auf p - sinistrocardiale lagetyp normal t abnorm in anterioren ableitungen lateralen ableitungen xxxx unbestätigter bericht ,1,
 linkslagetyp sinusrhythmus vorhof - es schlechte r - progression in v1 - v3 av - block i grades chronisch anteroseptaler infarkt möglich t - veränderungen in v4 - v6 i avl path ecg ,1,
 linkslagetyp sinusrhythmus vorhof - es av - es normales ecg ,1,
 sinusbradykardie p - verbreiterung lagetyp normal linksschenkelblock xxxx unbestätigter bericht ,1,
 sinusrhythmus lagetyp normal rechtsschenkelblock qrs ( t ) abnorm anteroseptaler infarkt wahrscheinlich alt xxxx unbestätigter bericht ,1,
 sinusrhythmus linkslagetyp av - es einmal in zweiersalven intraventr leitungsstörung in v1 ii t flach in i ii iii avl avf v1 v2 v4 - v6 path ecg ,1,
 supraventrikuläre arrhythmie ueberdrehter linkstyp rechtsschenkelblock qrs ( t ) abnorm anteroseptaler myokardschaden möglich xxxx unbestätigter bericht ,1,
 sinusrhythmus lagetyp normal hoher aszendierender verlauf der st - strecke in v1 - v4 flaches t in v5 v6 normales ecg ,1,
 sinusrhythmus av block i p - verbreiterung ueberdrehter rechtstyp rechtsschenkelblock qrs ( t ) abnorm hochlateraler infarkt möglich xxxx unbestätigter bericht ,2,
 sinusrhythmus linkslagetyp chronisch lateraler infarkt möglich normales ecg ,1,
 supraventrikuläre extrasystole ( n ) sinusrhythmus lagetyp normal qrs ( t ) abnorm anteroseptaler infarkt mögl akut st and t abnorm wahrscheinlich laterale ischämie oder linksbelastung xxxx unbestätigter bericht ,1,
 sinus arrhythmie linkstyp linksschenkelblock xxxx unbestätigter bericht ,1,
 sinusrhythmus av block i verdacht auf p - sinistrocardiale ueberdrehter linkstyp qrs ( t ) abnormal anteriorer infarkt wahrscheinlich alt inferiorer infarkt wahrscheinlich alt ,1,
 sinusrhythmus ueberdrehter linkstyp unspezifischer intraventrikulärer block qrs ( t ) abnorm inferiorer infarkt mögl akut xxxx unbestätigter bericht ,1,
 vorhofflimmern - flattern lagetyp normal periphere niederspannung qrs ( t ) abnormal anteroseptaler infarkt alter unbest t abnormal in anterolateralen ableitungen inferolateralen ableitungen ,1,
 sinusrhythmus lagetyp normal periphere niederspannung unspezifisches abnormes t ,1,
 sinusrhythmus verdacht auf p - sinistrocardiale lagetyp normal r - s übergang in v ableitungen nach rechts verschoben ,1,
 ventrikuläre extrasystole ( n ) sinusrhythmus ueberdrehter linkstyp unvollständiger rechtsschenkelblock qrs ( t ) abnorm inferiorer infarkt alter unbest st and t abnorm wahrscheinlich anteriore ischämie oder linksbelastung laterale ischämie oder li ,1,
 sinusrhythmus av block i ueberdrehter linkstyp linksanteriorer fascicular block qrs ( t ) abnormal anteriorer infarkt wahrscheinlich alt inferiorer infarkt wahrscheinlich alt ,1,
 sinusbradykardie linkstyp qrs ( t ) abnorm inferiorer infarkt alter unbest t abnorm in anterolateralen ableitungen xxxx unbestätigter bericht ,1,
 sinusrhythmus ueberdrehter linkstyp unvollständiger rechtsschenkelblock qrs ( t ) abnorm anterolateraler infarkt möglich inferiorer infarkt alter unbest xxxx unbestätigter bericht ,1,
 vorhofflimmern - flattern rechtstyp unvollständiger rechtsschenkelblock st and t abnorm wahrscheinlich anteriore ischämie oder linksbelastung inferolaterale ischämie oder linksbelastung xxxx unbestätigter bericht ,2,
 ventrikuläre extrasystole ( n ) supraventrikuläre extrasystole ( n ) sinusrhythmus av block i linkstyp linksschenkelblock linkshypertrophie möglich xxxx unbestätigter bericht ,1,
 sinusrhythmus linkstyp unspezifischer intraventrikulärer block qrs ( t ) abnorm anterolateraler infarkt alter unbest inferiorer infarkt wahrscheinlich alt xxxx unbestätigter bericht ,1,
 multiforme ventrikuläre extrasystole ( n ) in 2er salven tachykardes vorhofflimmern ueberdrehter linkstyp st - hebung in v1 - v4 st - senkung in v5 v6 t - veraenderungen neg in v5 avl pathologisches ecg ,1,
 sinustachykardie lagetyp normal st - hebung in v1 - xxxx t flach lateral ,1,
 vorhofflimmern - flattern linkstyp linksschenkelblock ,1,
 sinusrhythmus linkstyp qrs ( t ) abnorm inferiorer infarkt alter unbest st and t abnorm wahrscheinlich hochlaterale ischämie oder linksbelastung xxxx unbestätigter bericht ,1,
 vorhofflimmern - flattern linkstyp periphere niederspannung qrs ( t ) abnormal anteroseptaler infarkt wahrscheinlich alt ,1,
 supraventrikuläre tachykardie ueberdrehter linkstyp unspezifischer intraventrikulärer block qrs ( t ) abnorm inferiorer infarkt alter unbest xxxx unbestätigter bericht ,1,
 sinus arrhythmie ueberdrehter linkstyp linksschenkelblock xxxx unbestätigter bericht ,1,
 ventrikuläre extrasystole ( n ) sinusrhythmus ueberdrehter linkstyp linksanteriorer fascicular block unspezifischer intraventrikulärer block qrs ( t ) abnorm anteroseptaler myokardschaden möglich xxxx unbestätigter bericht ,1,
 sinusrhythmus llt st - hebung in v1 - v3 st - senkung in v5 t - veraenderfungen flach neg in v4 - v6 v2 - v3 aszend normales ecg ,1,
 ventrikuläre extrasystole ( n ) tachykardes vorhofflimmern linkstyp rechtsschenkelblock qrs ( t ) abnorm inferiorer infarkt alter unbest xxxx unbestätigter bericht ,1,
 sinusrhythmus verdacht auf p - sinistrocardiale lagetyp normal qrs ( t ) abnorm anteriorer infarkt alter unbest st and t abnorm wahrscheinlich laterale ischämie oder linksbelastung xxxx unbestätigter bericht ,2,
 sinusrhythmus linkstyp unspezifische intraventrikuläre leitungsstörung qrs ( t ) abnorm anteriorer infarkt alter unbest inferiorer infarkt wahrscheinlich alt t abnorm in lateralen ableitungen xxxx unbestätigter bericht ,1,
 vorhofflimmern - flattern ueberdrehter linkstyp periphere niederspannung qrs ( t ) abnorm anteroseptaler myokardschaden nicht auszuschliessen inferiorer infarkt wahrscheinlich alt xxxx unbestätigter bericht ,1,
 supraventrikuläre extrasystole ( n ) sinusrhythmus llt pathologisches ecg ,1,
 sinusbradykardie mlt rechts st - hebung in v1 - v2 t - veraenderungen in v1 - v2 grenzbefund ,1,
 ventrikuläre extrasystole ( n ) sinusrhythmus lagetyp normal unvollständiger rechtsschenkelblock ,1,
 vorhofflimmern - flattern linkstyp rechtsschenkelblock qrs ( t ) abnorm inferiorer infarkt alter unbest xxxx unbestätigter bericht ,1,
 tachykardes vorhofflimmern lagetyp normal linkshypertrophie möglich xxxx unbestätigter bericht ,1,
 tachykardes vorhofflimmern extrem ueberdrehter rechtstyp periphere niederspannung linksposteriorer fascicular block st and t abnormal wahrscheinlich inferiore ischämie oder linksbelastung t abnormal in anterioren ableitungen ,1,
 supraventrikuläre extrasystole ( n ) supraventrikuläre arrhythmie linkstyp qrs ( t ) abnorm inferiorer infarkt möglich st and t abnorm wahrscheinlich hochlaterale ischämie oder linksbelastung xxxx unbestätigter bericht ,1,
 sinusrhythmus ueberdrehter linkstyp rechtsschenkelblock qrs ( t ) abnorm inferiorer infarkt wahrscheinlich alt xxxx unbestätigter bericht ,1,
 tachykardes vorhofflimmern lagetyp normal st abnormal möglicherweise inferiorer innenschichtsschaden ,1,
 sinusrhythmus verdacht auf p - sinistrocardiale ueberdrehter linkstyp qrs ( t ) abnormal anterolateraler infarkt alter unbest inferiorer infarkt alter unbest ,1,
 sinusrhythmus lagetyp normal qrs ( t ) abnorm anteroseptaler myokardschaden möglich xxxx unbestätigter bericht ,1,
 sinusrhythmus lagetyp normal mässige amplitudenkriterien für linkshypertrophie st and t abnorm wahrscheinlich anterolaterale ischämie oder linksbelastung t abnorm in inferolateralen ableitungen xxxx unbestätigter bericht ,1,
 sinusrhythmus verdacht auf p - sinistrocardiale extrem ueberdrehter rechtstyp periphere niederspannung qrs ( t ) abnorm inferiorer infarkt alter unbest xxxx unbestätigter bericht ,1,
 sinusrhythmus linkstyp rechtsschenkelblock qrs ( t ) abnorm septaler infarkt nicht auszuschliessen inferiorer infarkt wahrscheinlich alt xxxx unbestätigter bericht ,1,
 vorhofflimmern - flattern extrem ueberdrehter rechtstyp linksposteriorer fascicular block qrs ( t ) abnormal hochlateraler infarkt möglich t abnormal in anterioren ableitungen inferolateralen ableitungen ,1,
 vorhofflimmern normokardg ventrikulaere es uniform > xxxx - min digitalisveraenderung v5 t veraenderungen u welle v4 - v5 ecg pathologisch linkstyp ,1,
 sinusrhythmus p - sinistrocardiale linkstyp unspezifische intraventrikuläre leitungsstörung qrs ( t ) abnorm inferiorer infarkt wahrscheinlich alt xxxx unbestätigter bericht ,1,
 tachykardes vorhofflimmern linkstyp qrs ( t ) abnormal anteroseptaler infarkt wahrscheinlich alt st and t abnormal wahrscheinlich hochlaterale ischämie oder linksbelastung ,1,
 sinus arrhythmie lagetyp normal supraventr es vorhofs es infarkt inferior ( ii iii f ) chronisch moeglich signifikantes q in iii st - hebung v1 - v3 t - veraenderungen neg t v2 - v5 vorderwand ischaemie ecg pathologisch ,1,
 sinusrhythmus intraventr leitungsstoerung ii avf v4 linkstyp st - senkung in v4 v5 t - veraenderungen neg v1 v2 flach v2 v4 iii ecg pathologisch ,1,
 sinusrhythmus linkstyp linkshypertrophie möglich qrs ( t ) abnorm inferiorer infarkt wahrscheinlich alt xxxx unbestätigter bericht ,1,
 sinusrhythmus lagetyp normal qrs ( t ) abnorm lateraler infarkt wahrscheinlich alt inferiorer myokardschaden nicht auszuschliessen xxxx unbestätigter bericht ,1,
 sinusrhythmus ueberdrehter linkstyp linksanteriorer fascicular block t abnormal in lateralen ableitungen inferolateralen ableitungen qt - verlängerung ,1,
 sinustachykardie lagetyp normal qrs ( t ) abnormal anteroseptaler infarkt wahrscheinlich alt ,1,
 vorhofflimmern - flattern ueberdrehter rechtstyp rechtshypertrophie qrs ( t ) abnormal hochlateraler infarkt möglich ,1,
 regelmässiger rhythmus keine p - welle erkannt ueberdrehter linkstyp linksanteriorer fascicular block rechtsschenkelblock bifaszikulärer block xxxx unbestätigter bericht ,1,
 sinusrhythmus av block i lagetyp normal unspezifischer intraventrikulärer block linkshypertrophie ,1,
 sinusrhythmus av block i rechtstyp rechtsschenkelblock xxxx unbestätigter bericht ,1,
 sinusrhythmus av block i ueberdrehter linkstyp st and t abnorm wahrscheinlich anterolaterale ischämie oder linksbelastung xxxx unbestätigter bericht ,1,
 sinus arrhythmie verdacht auf p - sinistrocardiale lagetyp normal t abnorm in anterolateralen ableitungen inferolateralen ableitungen xxxx unbestätigter bericht ,1,
 vorhofflimmern - flattern linkstyp qrs ( t ) abnorm inferiorer infarkt wahrscheinlich alt st and t abnorm wahrscheinlich anteriore ischämie oder linksbelastung xxxx unbestätigter bericht ,1,
 vorhofflimmern - flattern lagetyp normal mässige amplitudenkriterien f#r linkshypertrophie qrs ( t ) abnormal anteroseptaler infarkt wahrscheinlich alt ,1,
 supraventrikuläre extrasystole ( n ) sinusrhythmus linkstyp t abnormal in inferioren ableitungen qt - verlängerung ,1,
 sinusrhythmus lagetyp normal t - veraenderungen neg in iii ecg wahrscheinölich normal ,1,
 sinusrhythmus verdacht auf p - sinistrocardiale lagetyp normal edit lao qsavl ( norm xxxx ) ,1,
 sinusrhythmus intraventr leitungsstoerung avf v5 linkstyp infarkt anterior spitze chronisch moeglich st - hebung v1 - v3 t - veraenderungen neg avr fehlende r - progression status nach vw infarkt ecg pathologisch ,1,
 sinusrhythmus linkstyp intraventr leitungsstoerung avf t - veraenderungen neg i v4 - v6 grenzbefund ,1,
 sinusrhythmus av block i lagetyp normal t abnormal in anterolateralen ableitungen ,1,
 sinusrhythmus lagetyp normal unvollständiger rechtsschenkelblock unspezifisches abnormes t ,2,
 sinusrhythmus linkstyp infarkt inferior chronisch sicher signifikantes q in iii avf t - veraenderungen neg iii avf ecg pathologisch ,1,
 sinusrhythmus av block i p - verbreiterung ueberdrehter linkstyp linksschenkelblock linkshypertrophie möglich xxxx unbestätigter bericht ,1,
 vorhofflimmern - flattern ueberdrehter linkstyp unvollständiger rechtsschenkelblock qrs ( t ) abnorm inferiorer infarkt wahrscheinlich alt xxxx unbestätigter bericht ,3,
 ventrikuläre extrasystole ( n ) sinusrhythmus av block i p - verbreiterung lagetyp normal unspezifischer intraventrikulärer block qrs ( t ) abnorm anteroseptaler infarkt alter unbest xxxx unbestätigter bericht ,1,
 sinusrhythmus rechtstyp rechtsschenkelblock ecg pathologisch ,1,
 sinusbradykardie lagetyp normal rechtsschenkelblock t - veraenderungen neg v1 v2 ecg pathologisch ,1,
 sinustachykardie infarkt anteroseptal chronisch moeglich linkstyp intraventr leitungsstoerung ii t - veraenderungen neg v4 biphasisch v5 v6 avl i ecg pathologisch ,1,
 sinusbradykardie lagetyp normal lagetyp in anbetracht des alters normal linkshypertrophie mit strain st abnorm möglicherweise anterolateraler innenschichtsschaden xxxx unbestätigter bericht ,1,
 ventrikuläre extrasystole ( n ) tachykardes vorhofflimmern ueberdrehter linkstyp qrs ( t ) abnorm inferiorer infarkt wahrscheinlich alt st and t abnorm wahrscheinlich anterolaterale ischämie oder linksbelastung xxxx unbestätigt ,1,
 sinusrhythmus p - sinistrocardiale linkstyp qrs ( t ) abnorm anterolateraler infarkt alter unbest inferiorer infarkt wahrscheinlich alt xxxx unbestätigter bericht ,4,
 ventrikuläre extrasystole ( n ) interponierte ventrikuläre extrasystole ( n ) supraventrikuläre extrasystole ( n ) sinusrhythmus lagetyp normal qrs ( t ) abnorm anteroseptaler infarkt wahrscheinlich alt xxxx unbestätigter bericht ,1,
 sinustachykardie lagetyp normal st and t abnormal wahrscheinlich anterolaterale ischämie oder linksbelastung ,2,
 sinusrhythmus verdacht auf p - sinistrocardiale linkstyp qrs ( t ) abnorm anteroseptaler infarkt wahrscheinlich alt ,1,
 sinusrhythmus p - sinistrocardiale linkstyp unvollständiger rechtsschenkelblock xxxx unbestätigter bericht ,2,
 vorhofflimmern - flattern lagetyp normal st and t abnormal wahrscheinlich anterolaterale ischämie oder linksbelastung inferolaterale ischämie oder linksbelastung t abnormal in anterioren ableitungen ,1,
 sinustachykardie lagetyp normal qrs ( t ) abnorm anteroseptaler myokardschaden nicht auszuschliessen xxxx unbestätigter bericht ,1,
 sinus arrhythmie supraventr extrasystolen vorhofs - es intrtaventr leitungsstoerung v1 st - hebung v2 v3 ii t - veraenderungen neg t v1 - v4 ecg pathologisch ,1,
 sinusrhythmus linkstyp rechtsschenkelblock qrs ( t ) abnormal inferiorer infarkt wahrscheinlich alt ,1,
 sinusrhythmus linkstyp unspezifische intraventrikuläre leitungsstörung qrs ( t ) abnorm inferiorer infarkt wahrscheinlich alt xxxx unbestätigter bericht ,1,
 sinusrhythmus verdacht auf p - sinistrocardiale lagetyp normal t abnorm in anterioren ableitungen hochlateralen ableitungen xxxx unbestätigter bericht ,2,
 ventrikuläre extrasystole ( n ) vorhofflimmern - flattern linkstyp qrs ( t ) abnorm anterolateraler infarkt möglich inferiorer infarkt möglich xxxx unbestätigter bericht ,1,
 sinusrhythmus lagetyp normal intraventr leitungsstoerung ii iii avf st - hebung ii avf grenzbefund ,1,
 supraventrikuläre tachykardie linkstyp unspezifisches abnormales t ,1,
 ventrikuläre extrasystole ( n ) bigeminus vorhofflimmern - flattern lagetyp normal unvollständiger rechtsschenkelblock mässige amplitudenkriterien für linkshypertrophie st and t abnorm wahrscheinlich inferolaterale ischämie oder linksbelastung xxxx ,1,
 sinusrhythmus verdacht auf p - sinistrocardiale lagetyp normal qrs ( t ) abnormal anteroseptaler myokardschaden nicht auszuschliessen t abnormal in hochlateralen ableitungen ,1,
 sinusrhythmus av block i ueberdrehter linkstyp t abnorm in anterolateralen ableitungen inferolateralen ableitungen qt - verlängerung xxxx unbestätigter bericht ,1,
 regelmässiger rhythmus keine p - welle erkannt lagetyp normal st and t abnormal wahrscheinlich hochlaterale ischämie oder linksbelastung ,2,
 sinusrhythmus lagetyp normal qrs ( t ) abnorm anteroseptaler infarkt möglich inferiorer myokardschaden möglich t abnorm in anterioren ableitungen xxxx unbestätigter bericht ,1,
 sinusrhythmus ueberdrehter linkstyp unspezifische intraventrikuläre leitungsstörung qrs ( t ) abnorm anteroseptaler infarkt wahrscheinlich alt st and t abnorm wahrscheinlich hochlaterale ischämie oder linksbelastung xxxx unb ,1,
 supraventrikuläre extrasystole ( n ) bigeminus sinusrhythmus linkstyp qrs ( t ) abnorm lateraler myokardschaden möglich xxxx unbestätigter bericht ,1,
 sinusrhythmus linkstyp t abnormal in anteroseptalen ableitungen ,1,
 sinusrhythmus av block i p - verbreiterung ueberdrehter linkstyp r - s #bergang in v ableitungen nach links verschoben linksanteriorer fascicular block ,1,
 tachykardes vorhofflimmern lagetyp normal st and t abnorm wahrscheinlich anterolaterale ischämie oder linksbelastung xxxx unbestätigter bericht ,4,
 supraventrikuläre extrasystole ( n ) sinusbradykardie lagetyp normal sonst normales ecg xxxx unbestätigter bericht ,2,
 sinusrhythmus lagetyp normal st and t abnormal normal ,2,
 sinus arrhythmie linkstyp unvollständiger rechtsschenkelblock sonst normales ecg ,2,
 sinusrhythmus linkstyp qrs ( t ) abnorm anteroseptaler infarkt alter unbest t abnorm in anterioren ableitungen lateralen ableitungen xxxx unbestätigter bericht ,3,
 sinusrhythmus av block i ueberdrehter rechtstyp rechtsschenkelblock qrs ( t ) abnorm lateraler infarkt alter unbest inferiorer infarkt alter unbest xxxx unbestätigter bericht ,1,
 ventrikuläre extrasystole ( n ) supraventrikuläre arrhythmie lagetyp normal st and t abnorm wahrscheinlich anteriore ischämie oder linksbelastung t abnorm in lateralen ableitungen inferioren ableitungen xxxx unbestätigter berich ,1,
 sinusrhythmus p - sinistrocardiale linkstyp unvollständiger linksschenkelblock qrs ( t ) abnorm inferiorer infarkt alter unbest xxxx unbestätigter bericht ,1,
 supraventrikuläre extrasystole ( n ) sinusrhythmus linkstyp t abnorm in hochlateralen ableitungen xxxx unbestätigter bericht ,2,
 sinusrhythmus lagetyp normal qrs ( t ) abnorm anteroseptaler infarkt wahrscheinlich alt inferiorer infarkt wahrscheinlich alt xxxx unbestätigter bericht ,2,
 sinusrhythmus schwierig bestimmbare qrs - achse t abnormal in anterioren ableitungen ,1,
 vorhofflimmern - flattern schwierig bestimmbare qrs - achse rechtsschenkelblock qrs ( t ) abnorm lateraler myokardschaden möglich xxxx unbestätigter bericht ,1,
 sinusbradykardie p - verbreiterung lagetyp normal xxxx unbestätigter bericht ,1,
 sinusrhythmus linkstyp qrs ( t ) abnormal ,2,
 sinusrhythmus p - sinistrocardiale lagetyp normal qrs ( t ) abnorm anteriorer infarkt wahrscheinlich alt inferiorer myokardschaden möglich xxxx unbestätigter bericht ,1,
 sinusrhythmus p - sinistrocardiale linkstyp periphere niederspannung qrs ( t ) abnorm anterolateraler infarkt alter unbest xxxx unbestätigter bericht ,1,
 sinusrhythmus linkslagetyp chronisch inferiorer infarkt sicher ecg verglichen mit xxxx unverändert pathologisches ecg ,1,
 vorhofflimmern normokard linkstyp st and t abnormal ventr extrasystolen st - senkung digitalisveraenderung v5 pathologisch ,1,
 sinusrhythmus lagetyp normal qrs ( t ) abnormal schenkelblock verzoegerte r - progression pathologisch ,1,
 tachykardes vorhofflimmern lagetyp normal intraventrikuläre leitungsstörung qrs ( t ) abnormal st and t abnormal schlechte r - progression pathologisch ,1,
 supraventrikuläre extrasystole ( n ) sinus arrhythmie lagetyp normal unspezifisches abnormes t ,1,
 supraventrikuläre extrasystole ( n ) sinusrhythmus verdacht auf p - sinistrocardiale lagetyp normal unspezifisches abnormes t xxxx unbestätigter bericht ,2,
 sinusrhythmus linkstyp t abnorm in anteroseptalen ableitungen hochlateralen ableitungen xxxx unbestätigter bericht ,1,
 ventrikuläre extrasystole ( n ) sinustachykardie linkstyp st and t abnormal wahrscheinlich hochlaterale ischämie oder linksbelastung ,1,
 sinusrhythmus rechtstyp periphere niederspannung qrs ( t ) abnorm anteriorer infarkt alter unbest inferolateraler infarkt xxxx unbestätigter bericht ,1,
 sinusrhythmus linkstyp qrs ( t ) abnormal ventr extrasystolen uniform pathologisch ,1,
 sinusrhythmus linkstyp periphere niederspannung qrs ( t ) abnorm anteroseptaler infarkt alter unbest t abnorm in anterioren ableitungen hochlateralen ableitungen xxxx unbestätigter bericht ,1,
 sinusrhythmus ueberdrehter linkstyp unspezifischer intraventrikulärer block qrs ( t ) abnorm inferiorer infarkt wahrscheinlich alt xxxx unbestätigter bericht ,1,
 sinusrhythmus linkstyp qrs ( t ) abnorm anterolateraler infarkt möglich inferiorer infarkt alter unbest xxxx unbestätigter bericht ,5,
 sinus arrhythmie p - sinistrocardiale lagetyp normal unspezifisches abnormes t xxxx unbestätigter bericht ,1,
 sinusrhythmus p - sinistrocardiale linkstyp st and t abnorm wahrscheinlich laterale ischämie oder linksbelastung xxxx unbestätigter bericht ,2,
 vorhofflimmern - flattern ueberdrehter linkstyp linksschenkelblock linkshypertrophie möglich xxxx unbestätigter bericht ,7,
 sinusrhythmus linkstyp r - s übergang in v ableitungen nach links verschoben qrs ( t ) abnorm inferiorer infarkt alter unbest xxxx unbestätigter bericht ,1,
 sinusarrhythmie lagetyp normal qrs ( t ) abnormal schlechte r - progression grenzbefund ,1,
 tachykardes vorhofflimmern lagetyp normal unspezifisches abnormes t qt - verlängerung xxxx unbestätigter bericht ,1,
 sinusrhythmus linkstyp st and t abnorm wahrscheinlich hochlaterale ischämie oder linksbelastung t abnorm in lateralen ableitungen inferolateralen ableitungen xxxx unbestätigter bericht ,1,
 vorhofflimmern - flattern rechtstyp periphere niederspannung qrs ( t ) abnorm anteroseptaler infarkt wahrscheinlich alt hochlateraler infarkt nicht auszuschliessen xxxx unbestätigter bericht ,1,
 sinusrhythmus ueberdrehter linkstyp rechts chron inferiorer infarkt sicher t - veraenderungen in v2 - v3 pathologisches ecg ,1,
 vorhofflimmern - flattern linkstyp r - s übergang in v ableitungen nach links verschoben unspezifisches abnormes t xxxx unbestätigter bericht ,1,
 sinusrhythmus linkstyp periphere niederspannung qrs ( t ) abnorm anteroseptaler infarkt wahrscheinlich alt inferiorer infarkt wahrscheinlich alt xxxx unbestätigter bericht ,2,
 sinusrhythmus linkstyp qrs ( t ) abnorm anteriorer infarkt wahrscheinlich alt xxxx unbestätigter bericht ,2,
 supraventrikuläre arrhythmie verdacht auf p - sinistrocardiale linkstyp qrs ( t ) abnorm inferiorer myokardschaden nicht auszuschliessen xxxx unbestätigter bericht ,1,
 sinusrhythmus lagetyp normal qrs ( t ) abnorm anteroseptaler infarkt alter unbest t abnorm in anterolateralen ableitungen xxxx unbestätigter bericht ,1,
 sinus arrhythmie lagetyp normal st abnorm möglicherweise inferiorer innenschichtsschaden qt - verlängerung xxxx unbestätigter bericht ,1,
 sinusrhythmus verdacht auf p - sinistrocardiale ueberdrehter linkstyp linksanteriorer fascicular block qrs ( t ) abnorm inferiorer infarkt wahrscheinlich alt xxxx unbestätigter bericht ,1,
 sinusrhythmus lagetyp normal qrs ( t ) abnorm anteriorer infarkt alter unbest xxxx unbestätigter bericht ,8,
 sinustachykardie p - sinistrocardiale extrem ueberdrehter rechtstyp unspezifischer intraventrikulärer block qrs ( t ) abnorm lateraler infarkt wahrscheinlich alt xxxx unbestätigter bericht ,1,
 sinusrhythmus ueberdrehter linkstyp qrs ( t ) abnorm inferiorer infarkt möglich st and t abnorm wahrscheinlich hochlaterale ischämie oder linksbelastung xxxx unbestätigter bericht ,1,
 sinusrhythmus lagetyp normal periphere niederspannung qrs ( t ) abnorm inferiorer myokardschaden möglich xxxx unbestätigter bericht ,2,
 sinusrhythmus p - sinistrocardiale lagetyp normal qrs ( t ) abnormal inferiorer myokardschaden nicht auszuschliessen ,1,
 ventrikuläre extrasystole ( n ) sinusrhythmus lagetyp normal unspezifisches abnormes t ,1,
 tachykardes vorhofflimmern lagetyp normal qrs ( t ) abnormal anteroseptaler myokardschaden nicht auszuschliessen st and t abnormal wahrscheinlich inferolaterale ischämie oder linksbelastung t abnormal in anterioren ableitungen ,1,
 sinusrhythmus p - sinistrocardiale lagetyp normal st and t abnorm wahrscheinlich anterolaterale ischämie oder linksbelastung xxxx unbestätigter bericht ,6,
 sinusbradykardie lagetyp normal qrs ( t ) abnorm anteroseptaler myokardschaden nicht auszuschliessen st and t abnorm wahrscheinlich inferiore ischämie oder linksbelastung xxxx unbestätigter bericht ,1,
 sinusrhythmus lagetyp normal qrs ( t ) abnorm anteroseptaler infarkt wahrscheinlich alt st and t abnorm wahrscheinlich anterolaterale ischämie oder linksbelastung xxxx unbestätigter bericht ,1,
 ventrikuläre extrasystole ( n ) vorhofflimmern - flattern linkstyp unspezifischer intraventrikulärer block qrs ( t ) abnorm anteroseptaler myokardschaden nicht auszuschliessen xxxx unbestätigter bericht ,1,
 vorhofflimmern - flattern linkstyp unspezifischer intraventrikulärer block qrs ( t ) abnorm anterolateraler myokardschaden möglich xxxx unbestätigter bericht ,1,
 sinus arrhythmie av block i p - verbreiterung ueberdrehter linkstyp st and t abnorm wahrscheinlich anterolaterale ischämie oder linksbelastung xxxx unbestätigter bericht ,1,
 sinusrhythmus linkslagetyp uebergangszone verschoben nach rechts v2 schenkelblock partiell rechts sicher chronisch inferiorer infarkt st - hebung v2 t - veränderungen v6 iii avf pathologisches ecg ,1,
 sinustachykardie lagetyp normal sonst normales ecg xxxx unbestätigter bericht edit norm xxxx ( f xxxx ) wahrscheinlich lagebedingtes qiii avf ( norm xxxx ) ,1,
 sinusrhythmus ueberdrehter linkstyp unspezifischer intraventrikulärer block qrs ( t ) abnorm anteroseptaler myokardschaden möglich inferiorer infarkt wahrscheinlich alt xxxx unbestätigter bericht ,1,
 ventrikuläre extrasystole ( n ) vorhofflimmern - flattern lagetyp normal qrs ( t ) abnorm inferiorer infarkt alter unbest st and t abnorm wahrscheinlich anterolaterale ischämie oder linksbelastung xxxx unbestätigter bericht ,1,
 regelmässiger rhythmus keine p - welle erkannt rechtstyp qrs ( t ) abnormal anteroseptaler infarkt alter unbest hochlateraler infarkt möglich st abnormal möglicherweise inferiorer innenschichtsschaden ,1,
 sinusrhythmus steillagetyp t - veränderungen avl v1 normales ecg ,1,
 sinusrhythmus linkstyp uebergangszone verschoben nach rechts v2 av - block xxxx grades intraventrikuläre leitungsstörung iii avl avf vorhofsueberbelastung möglich st - senkung i t - veränderungen iii avf v1 grenzbefund ,1,
 sinusrhythmus lagetyp normal lagetyp in anbetracht des alters normal unvollständiger rechtsschenkelblock qt - verlängerung xxxx unbestätigter bericht ,1,
 sinusrhythmus av block i lagetyp normal periphere niederspannung qrs ( t ) abnormal anteroseptaler infarkt wahrscheinlich alt ,1,
 sinusbradykardie lagetyp normal schlechte r - progression ueber vw wahrscheinlich normal ,1,
 ventrikuläre extrasystole ( n ) interponierte ventrikuläre extrasystole ( n ) supraventrikuläre ersatzsystole ( n ) sinusrhythmus lagetyp normal qrs ( t ) abnorm septaler infarkt nicht auszuschliessen st and t abnorm wahrscheinlich anterolaterale ischämie oder l ,1,
 sinusrhythmus lagetyp normal möglicher chronischer inferiorer infarkt sicherer akuter subakuter anteriorer infarkt st - hebung in v2 - xxxx t veränderunger in extr abl v1 v6 periphere lowvoltage pathologisches ecg ,1,
 sinusrhythmus verdacht auf p - sinistrocardiale lagetyp normal periphere niederspannung unspezifische intraventrikuläre leitungsstörung st and t abnormal möglicherweise neuer anteroseptaler myokard - oder perikardschaden ,1,
 sinusrhythmus linkstyp inferiorer infarkt chronisch möglich pathologisches ecg ,1,
 sinustachykardie av block i linkstyp unspezifisches abnormales t ,1,
 sinusrhythmus verdacht auf p - sinistrocardiale schwierig bestimmbare qrs - achse unspezifischer intraventrikulärer block qrs ( t ) abnorm anteriorer infarkt alter unbest xxxx unbestätigter bericht ,2,
 sr llt av - es über xxxx - min neg t in ii flache t in v1 mangelhafte r - progression pathologisches ecg ,1,
 sinusrhythmus av block i p - verbreiterung ueberdrehter linkstyp unspezifische intraventrikuläre leitungsstörung mässige amplitudenkriterien für linkshypertrophie t abnorm in lateralen ableitungen xxxx unbestätigter bericht ,2,
 sinusrhythmus lagetyp normal mässige amplitudenkriterien für linkshypertrophie st and t abnorm wahrscheinlich inferiore ischämie oder linksbelastung xxxx unbestätigter bericht ,2,
 sinusrhythmus llt vorhofsüberbelastung rechts neg t in iii avf flaches t in v1 q in iii pathologisches ecg ,1,
 sinusrhythmus verdacht auf p - sinistrocardiale ueberdrehter linkstyp unvollständiger rechtsschenkelblock xxxx unbestätigter bericht ,1,
 supraventrikuläre extrasystole ( n ) sinusrhythmus linkstyp periphere niederspannung xxxx unbestätigter bericht ,1,
 sinusrhythmus llt t fehlend mit v1 - v6 grenzbefund ,1,
 sinusrhythmus linkstyp unspezifische intraventrikuläre leitungsstörung qrs ( t ) abnorm anterolateraler infarkt möglich inferiorer infarkt wahrscheinlich alt xxxx unbestätigter bericht ,1,
 sinus arrhythmie lagetyp normal lagetyp in anbetracht des alters normal unvollständiger rechtsschenkelblock sonst normales ecg xxxx unbestätigter bericht ,1,
 sinusrhythmus av block i linkstyp st and t abnorm wahrscheinlich anterolaterale ischämie oder linksbelastung inferolaterale ischämie oder linksbelastung xxxx unbestätigter bericht ,1,
 sinustachykardie extrem ueberdrehter rechtstyp unspezifischer intraventrikulärer block qrs ( t ) abnorm hochlateraler infarkt möglich xxxx unbestätigter bericht ,1,
 sinusrhythmus lagetyp normal qrs ( t ) abnorm anteriorer infarkt möglich inferiorer infarkt alter unbest xxxx unbestätigter bericht ,1,
 beschleunigter av - rhythmus lagetyp normal unspezifisches abnormes t xxxx unbestätigter bericht ,1,
 supraventrikuläre extrasystole ( n ) supraventrikuläre ersatzsystole ( n ) sinusrhythmus av block i p - sinistrocardiale lagetyp normal rechtsschenkelblock xxxx unbestätigter bericht ,1,
 sinusrhythmus linkstyp flache t in i v5 xxxx grenzbefund ,1,
 llt sr sves ( av - es ) av - block xxxx mangelhafte r - progression pathologisches ecg ,1,
 sinusrhythmus verdacht auf p - sinistrocardiale schwierig bestimmbare qrs - achse linksanteriorer fascicular block unspezifischer intraventrikulärer block qrs ( t ) abnorm anteriorer infarkt alter unbest xxxx unbestätigter bericht ,1,
 sinusrhythmus linkstyp qrs ( t ) abnorm anterolateraler myokardschaden möglich ,2,
 sinusrhythmus ueberdrehter linkstyp t flach in i iii avl avf v1 ,1,
 ventrikuläre extrasystole ( n ) bigeminus sinus arrhythmie verdacht auf p - sinistrocardiale ueberdrehter linkstyp xxxx unbestätigter bericht ,1,
 llt ventrikuläre extrasystole ( n ) uniforme über xxxx - min z t bigeminie sinustachykardie linksschenkelblock vorhofs - es chronischer anteroseptaler infarkt möglich pathologisches ecg ,1,
 sinusrhythmus lagetyp normal periphere niederspannung t abnormal in hochlateralen ableitungen ,3,
 sinusrhythmus av block i p - verbreiterung linkstyp qrs ( t ) abnorm anteroseptaler myokardschaden möglich inferiorer infarkt möglich xxxx unbestätigter bericht ,1,
 sinusbradykardie llt pq - zeit identisch zusätzliche erregung in unmittelbarar umgebung des sr pathologisches ecg ,1,
 sinusrhythmus ueberdrehter rechtstyp qrs ( t ) abnorm anteriorer infarkt alter unbest hochlateraler infarkt möglich xxxx unbestätigter bericht ,1,
 sinusrhythmus av block i p - verbreiterung lagetyp normal unspezifisches abnormes t xxxx unbestätigter bericht ,2,
 sinustachykardie av block i linkstyp r - s #bergang in v ableitungen nach links verschoben t abnormal in anteroseptalen ableitungen ,1,
 sinusrhythmus qt - verlängerung ,1,
 sinustachykardie mlt - sagital - typ periphere niederspannung mögliche rechts - vorhofüberbelastung grenzbefund ,1,
 supraventrikuläre extrasystole ( n ) sinusrhythmus ueberdrehter linkstyp qrs ( t ) abnormal anterolateraler myokardschaden nicht auszuschliessen inferiorer infarkt wahrscheinlich alt ,1,
 sinusrhythmus verdacht auf p - sinistrocardiale ueberdrehter linkstyp linksanteriorer fascicular block rechtsschenkelblock bifaszikulärer block ,1,
 sinusrhythmus p - verbreiterung lagetyp normal t abnorm in hochlateralen ableitungen xxxx unbestätigter bericht ,1,
 sinusrhythmus verdacht auf p - sinistrocardiale lagetyp normal linksschenkelblock xxxx unbestätigter bericht ,2,
 sinusrhythmus p - sinistrocardiale ueberdrehter linkstyp linksanteriorer fascicular block unspezifischer intraventrikulärer block qrs ( t ) abnorm anteriorer infarkt alter unbest xxxx unbestätigter bericht ,2,
 ventrikuläre extrasystole ( n ) sinus arrhythmie verdacht auf p - sinistrocardiale lagetyp normal rechtsschenkelblock xxxx unbestätigter bericht ,1,
 ventrikuläre extrasystole ( n ) supraventrikuläre arrhythmie av block i lagetyp normal unspezifisches abnormes t xxxx unbestätigter bericht ,1,
 sinusrhythmus linkstyp periphere niederspannung t abnorm in hochlateralen ableitungen xxxx unbestätigter bericht ,1,
 sinustachykardie lagetyp normal qrs ( t ) abnormal hochlateraler infarkt möglich inferiorer infarkt wahrscheinlich alt ,1,
 sinusrhythmus linkstyp qrs ( t ) abnormal anteroseptaler infarkt alter unbest inferiorer infarkt möglich ,1,
 sinus arrhythmie linkstyp qrs ( t ) abnorm anterolateraler infarkt möglich st and t abnorm wahrscheinlich anteriore ischämie oder linksbelastung xxxx unbestätigter bericht ,1,
 sinusrhythmus p - sinistrocardiale ueberdrehter linkstyp qrs ( t ) abnorm anteroseptaler myokardschaden nicht auszuschliessen xxxx unbestätigter bericht ,1,
 sinusrhythmus av block i linkstyp ,4,
 sinusrhythmus ueberdrehter linkstyp unspezifische abnorme st - senkung xxxx unbestätigter bericht ,1,
 sinusrhythmus lagetyp normal qrs ( t ) abnorm anteroseptaler infarkt alter unbest t abnorm in hochlateralen ableitungen xxxx unbestätigter bericht ,1,
 schrittmacher ecg vorhofflattern ventr extrasystolen pathologisch ,1,
 sinusrhythmus av block i linkstyp unvollständiger rechtsschenkelblock linkshypertrophie möglich qrs ( t ) abnorm inferiorer infarkt möglich xxxx unbestätigter bericht ,1,
 tachykardes vorhofflimmern lagetyp normal st and t abnorm wahrscheinlich anterolaterale ischämie oder linksbelastung t abnorm in anterioren ableitungen xxxx unbestätigter bericht ,1,
 sinusrhythmus lagetyp normal mässige amplitudenkriterien für linkshypertrophie qrs ( t ) abnorm anterolateraler myokardschaden möglich xxxx unbestätigter bericht ,1,
 sinusrytm extrem vänster el - axel vänster anteriort fascicular block avvikande qrs ( t ) förlopp anterior myokardskada inferior myokardskada ,1,
 sinusrhythmus av block i kompl lsb lagetyp normal verzögerte r - progression st - hebung in v2 - xxxx t neg in i ii iii avf v6 ,1,
 sinustachykardie p - sinistrocardiale ueberdrehter linkstyp linksschenkelblock linkshypertrophie möglich xxxx unbestätigter bericht ,1,
 sinusrhythmus av block i schenkelblock vollstaendig links lagetyp normal unspezifische intraventrikuläre leitungsstörung linkshypertrophie path repolarisation verzoegerte r - progression v2 - xxxx pathologisch ,1,
 supraventrikuläre arrhythmie ueberdrehter linkstyp unspezifischer intraventrikulärer block xxxx unbestätigter bericht ,1,
 av - knotenrhythmus ueberdrehter linkstyp linksanteriorer fascicular block rechtsschenkelblock bifaszikulärer block qrs ( t ) abnormal av - block xxxx grades typ i pathologisch ,1,
 sinusrhythmus lagetyp normal periphere niederspannung mässige amplitudenkriterien für linkshypertrophie st and t abnorm wahrscheinlich anterolaterale ischämie oder linksbelastung xxxx unbestätigter bericht ,1,
 sinus arrhythmie lagetyp normal intraventr leitungsstoerung path repolarisation grenzbefund ,1,
 sinusrhythmus av block i ves lagetyp normal verzögerte r - progression v2 - xxxx kompl lsb st - hebung in v2 - xxxx t neg ini ii v5 - xxxx flach in iii avf ,1,
 sinusrhythmus ueberdrehter linkstyp qrs ( t ) abnorm anterolateraler infarkt möglich t abnorm in inferioren ableitungen xxxx unbestätigter bericht ,2,
 sinusrhythmus linkstyp unspezifische intraventrikuläre leitungsstörung qrs ( t ) abnorm anteriorer infarkt möglich inferiorer infarkt alter unbest t abnorm in lateralen ableitungen xxxx unbestätigter bericht ,1,
 tachykardes vorhofflimmern lagetyp normal t abnorm in anterolateralen ableitungen xxxx unbestätigter bericht ,1,
 vorhofflimmern - flattern lagetyp normal st and t abnorm wahrscheinlich anteriore ischämie oder linksbelastung laterale ischämie oder linksbelastung inferolaterale ischämie oder linksbelastung xxxx unbestätigter bericht ,6,
 sinusrhythmus linkstyp t abnorm in anterolateralen ableitungen xxxx unbestätigter bericht ,3,
 sinus arrhythmie ueberdrehter linkstyp linksanteriorer fascicular block rechtsschenkelblock bifaszikulärer block xxxx unbestätigter bericht ,2,
 tachykardes vorhofflimmern linkstyp linkshypertrophie möglich qrs ( t ) abnorm anteroseptaler myokardschaden nicht auszuschliessen xxxx unbestätigter bericht ,1,
 sinusrhythmus lagetyp normal mässige amplitudenkriterien f#r linkshypertrophie qrs ( t ) abnormal hochlateraler infarkt möglich ,3,
 supraventrikuläre extrasystole ( n ) interponierte supraventrikuläre extrasystole ( n ) sinusrhythmus av block i ueberdrehter linkstyp unspezifischer intraventrikulärer block qrs ( t ) abnorm lateraler infarkt wahrscheinlich alt xxxx ,1,
 sinusrhythmus verdacht auf p - sinistrocardiale lagetyp normal rechtsschenkelblock ,1,
 supraventrikuläre extrasystole ( n ) sinusrhythmus verdacht auf p - sinistrocardiale lagetyp normal ,1,
 sinustachykardie linkstyp periphere niederspannung unspezifisches abnormes t xxxx unbestätigter bericht ,1,
 sinusrhythmus av block i p - sinistrocardiale linkstyp unspezifischer intraventrikulärer block xxxx unbestätigter bericht ,1,
 sinusrhythmus lagetyp normal periphere niederspannung unspezifische abnorme st - senkung unspezifisches abnormes t xxxx unbestätigter bericht ,1,
 sinusrhythmus linkstyp unspezifischer intraventrikulärer block qrs ( t ) abnorm anteriorer infarkt wahrscheinlich alt xxxx unbestätigter bericht ,1,
 sinusrhythmus linkstyp linkshypertrophie möglich qrs ( t ) abnorm anteroseptaler infarkt alter unbest xxxx unbestätigter bericht ,2,
 sinusrhythmus ueberdrehter linkstyp qrs ( t ) abnorm anterolateraler myokardschaden möglich xxxx unbestätigter bericht ,1,
 vorhofflimmern - flattern lagetyp normal t abnorm in anterolateralen ableitungen xxxx unbestätigter bericht ,2,
 vorhofflimmern - flattern lagetyp normal unvollständiger rechtsschenkelblock linkshypertrophie möglich xxxx unbestätigter bericht ,1,
 ventrikuläre extrasystole ( n ) supraventrikuläre extrasystole ( n ) sinusrhythmus lagetyp normal st and t abnormal wahrscheinlich laterale ischämie oder linksbelastung ,1,
 sinus arrhythmie lagetyp normal st - hebung in v1 - xxxx t flach in avl verzögerte r - progression v1 - xxxx ,1,
 sinusrhythmus linkstyp überdreht unspezifische intraventrikuläre leitungsstörung part lsb ,1,
 supraventrikuläre extrasystole ( n ) trigeminus sinusrhythmus lagetyp normal st and t abnormal wahrscheinlich inferiore ischämie oder linksbelastung ,1,
 sinusbradykardie lagetyp normal lagetyp in anbetracht des alters normal unspezifische intraventrikuläre leitungsstörung xxxx unbestätigter bericht ,4,
 sinusrhythmus linkstyp qrs ( t ) abnorm inferiorer myokardschaden möglich xxxx unbestätigter bericht ,2,
 sinusrhythmus lagetyp normal qrs ( t ) abnorm hochlateraler infarkt nicht auszuschliessen ,1,
 sinus arrhythmie linkstyp qrs ( t ) abnorm anteroseptaler myokardschaden möglich st and t abnorm wahrscheinlich anteriore ischämie oder linksbelastung hochlaterale ischämie oder linksbelastung xxxx unbestätigter bericht ,1,
 sinusrhythmus av block i p - verbreiterung ueberdrehter linkstyp unspezifischer intraventrikulärer block qrs ( t ) abnormal lateraler infarkt alter unbest ,1,
 sinusrhythmus ueberdrehter linkstyp linksanteriorer fascicular block t neg in avl path ecg ,1,
 tachykardes vorhofflimmern lagetyp normal unspezifische abnorme st - senkung unspezifisches abnormes t xxxx unbestätigter bericht ,5,
 sinusrhythmus verdacht auf p - sinistrocardiale lagetyp normal mässige amplitudenkriterien für linkshypertrophie qrs ( t ) abnorm inferiorer infarkt wahrscheinlich alt st and t abnorm wahrscheinlich laterale ischämie oder linksbelastung t abnorm in an ,1,
 sinusrhythmus lagetyp normal intraventr - leitungsstörung in iii avf avl st - hebung in i ii avf v1 - v6 st - senkung in avl verglichen mit xxxx kein vorhofflimmern mehr ischämie rückläufig path ecg ,1,
 sinusrhythmus lagetyp normal intraventr leitungsstörung in iii avf diskrete st - senkung in v4 - v6 path ecg ,1,
 sinusrhythmus p - verbreiterung lagetyp normal mässige amplitudenkriterien für linkshypertrophie xxxx unbestätigter bericht ,2,
 tachykardes vorhofflimmern extrem ueberdrehter rechtstyp periphere niederspannung qrs ( t ) abnorm anteriorer infarkt mögl akut hochlateraler infarkt möglich inferiorer infarkt wahrscheinlich alt xxxx unbestätigter ,2,
 sinusrhythmus av block i lagetyp normal pathologisch ,2,
 sinusrhythmus verdacht auf p - sinistrocardiale lagetyp normal unspezifische intraventrikuläre leitungsstörung linkshypertrophie qrs ( t ) abnormal inferiorer infarkt wahrscheinlich alt ,1,
 supraventrikuläre extrasystole ( n ) teilweise bigeminie sinustachykardie lagetyp normal diskrete inferiore t - veränderungen path ecg ,1,
 sinustachykardie lagetyp normal unspezifischer intraventrikulärer block ,1,
 sinusrhythmus lagetyp normal r - s übergang in v ableitungen nach rechts verschoben unvollständiger rechtsschenkelblock sonst normales ecg xxxx unbestätigter bericht ,3,
 sinus arrhythmie lagetyp normal unspezifisches abnormes t qt - verlängerung ,1,
 sinusarrhythmie lagetyp normal normales ecg ,1,
 sinusrhythmus lagetyp normal partieller rechtsschenkelblock t neg in iii v1 path ecg ,1,
 beschleunigter av - rhythmus lagetyp normal rechtsschenkelblock qrs ( t ) abnorm anteroseptaler myokardschaden nicht auszuschliessen xxxx unbestätigter bericht ,1,
 vorhofflimmern - flattern lagetyp normal ,8,
 sinusrhythmus lagetyp normal vorhof - es chronisch inferiorer infarkt möglich intraventr leitungsstörung path ecg ,1,
 sinusrhythmus av block i p - sinistrocardiale ueberdrehter linkstyp linksanteriorer fascicular block rechtsschenkelblock bifaszikulärer block qrs ( t ) abnorm lateraler infarkt alter unbest inferiorer infarkt möglich xxxx unbestät ,1,
 ventrikuläre extrasystole ( n ) trigeminus sinusrhythmus av block i p - verbreiterung lagetyp normal linkshypertrophie möglich qrs ( t ) abnorm anteroseptaler infarkt mögl akut xxxx unbestätigter bericht ,1,
 sinus arrhythmie unspezifisches abnormales t ,2,
 sinusrhythmus linkstyp vollständiger linksschenkelblock path ecg ,1,
 supraventrikuläre extrasystole ( n ) sinusrhythmus linkstyp r - s übergang in v ableitungen nach rechts verschoben qrs ( t ) abnorm lateraler myokardschaden möglich xxxx unbestätigter bericht ,1,
 ventrikuläre extrasystole ( n ) vorhofflimmern - flattern ueberdrehter linkstyp linksschenkelblock xxxx unbestätigter bericht ,1,
 supraventrikuläre extrasystole ( n ) sinusrhythmus ueberdrehter linkstyp rechtsschenkelblock qrs ( t ) abnorm inferiorer infarkt alter unbest xxxx unbestätigter bericht ,1,
 sinusrhythmus lagetyp normal qrs ( t ) abnorm inferiorer infarkt wahrscheinlich alt st and t abnorm wahrscheinlich anteriore ischämie oder linksbelastung xxxx unbestätigter bericht ,1,
 sinusrhythmus lagetyp normal unvollständiger rechtsschenkelblock st and t abnorm wahrscheinlich anterolaterale ischämie oder linksbelastung inferolaterale ischämie oder linksbelastung xxxx unbestätigter bericht ,2,
 sinusrhythmus ueberdrehter linkstyp unspezifische intraventrikuläre leitungsstörung qrs ( t ) abnorm anteroseptaler infarkt wahrscheinlich alt t abnorm in inferioren ableitungen xxxx unbestätigter bericht ,1,
 armelektroden möglicherweise vertauscht vorhofflimmern - flattern extrem ueberdrehter rechtstyp periphere niederspannung qrs ( t ) abnorm anteriorer infarkt mögl akut hochlateraler infarkt möglich inferiorer infarkt möglich xxxx ,1,
 sinusrhythmus lagetyp normal qrs ( t ) abnorm anteroseptaler infarkt möglich inferiorer myokardschaden nicht auszuschliessen t abnorm in anterioren ableitungen hochlateralen ableitungen xxxx unbestätigter bericht ,1,
 sinusrhythmus av block i lagetyp normal st and t abnorm wahrscheinlich anterolaterale ischämie oder linksbelastung t abnorm in inferolateralen ableitungen xxxx unbestätigter bericht ,1,
 sinusrhythmus av block i mittellagetyp intraventr leitungsstörung in avl kleines qin ii iii avf st - senkung in v3 inferior t - mulde in ii iii avf path ecg ,1,
 ventrikuläre extrasystole ( n ) supraventrikuläre extrasystole ( n ) supraventrikuläre arrhythmie av block i p - verbreiterung ueberdrehter linkstyp linksschenkelblock xxxx unbestätigter bericht ,1,
 supraventrikuläre arrhythmie ueberdrehter linkstyp qrs ( t ) abnorm anteroseptaler infarkt wahrscheinlich alt t abnorm in hochlateralen ableitungen xxxx unbestätigter bericht ,1,
 sinusrhythmus verdacht auf p - sinistrocardiale ueberdrehter linkstyp rechtsschenkelblock qrs ( t ) abnorm lateraler infarkt alter unbest xxxx unbestätigter bericht ,1,
 supraventrikuläre extrasystole ( n ) sinusrhythmus linkstyp periphere niederspannung unspezifisches abnormes t xxxx unbestätigter bericht ,1,
 sinusrhythmus av block i p - sinistrocardiale linkstyp t abnorm in hochlateralen ableitungen xxxx unbestätigter bericht ,1,
 ventrikuläre extrasystole ( n ) vorhofflimmern - flattern ueberdrehter linkstyp qrs ( t ) abnorm inferiorer infarkt wahrscheinlich alt st and t abnorm wahrscheinlich anteriore ischämie oder linksbelastung laterale ischämie oder linksbelastung xxxx ,1,
 sinus arrhythmie lagetyp normal unspezifische intraventrikuläre leitungsstörung xxxx unbestätigter bericht ,2,
 sinusrhythmus lagetyp normal unspezifischer intraventrikulärer block qrs ( t ) abnorm lateraler myokardschaden nicht auszuschliessen xxxx unbestätigter bericht ,1,
 sinustachykardie lagetyp normal t abnorm in anterolateralen ableitungen xxxx unbestätigter bericht ,1,
 sinusrhythmus p - sinistrocardiale ueberdrehter linkstyp linkshypertrophie möglich qrs ( t ) abnorm anteroseptaler infarkt wahrscheinlich alt xxxx unbestätigter bericht ,1,
 sinus arrhythmie p - sinistrocardiale lagetyp normal qrs ( t ) abnorm anteroseptaler infarkt alter unbest t abnorm in anterioren ableitungen xxxx unbestätigter bericht ,1,
 supraventrikuläre extrasystole ( n ) sinusrhythmus av block i ueberdrehter linkstyp unspezifischer intraventrikulärer block qrs ( t ) abnorm anteroseptaler myokardschaden möglich xxxx unbestätigter bericht ,1,
 sinusrhythmus lagetyp normal qrs ( t ) abnormal septaler infarkt nicht auszuschliessen ,2,
 supraventrikuläre extrasystole ( n ) sinusrhythmus lagetyp normal unvollständiger rechtsschenkelblock st and t abnorm wahrscheinlich anterolaterale ischämie oder linksbelastung inferolaterale ischämie oder linksbelastung xxxx un ,1,
 supraventrikuläre arrhythmie schwierig bestimmbare qrs - achse xxxx unbestätigter bericht ,1,
 sinusrhythmus linkstyp periphere niederspannung linksschenkelblock q - in xxxx u - avf alter hwi ,1,
 sinusrhythmus av block i ueberdrehter linkstyp linksanteriorer fascicular block rechtsschenkelblock bifaszikulärer block qrs ( t ) abnorm lateraler infarkt alter unbest inferiorer infarkt möglich xxxx unbestätigter bericht ,1,
 sinusrhythmus lagetyp normal st and t abnormal wahrscheinlich anteriore ischämie oder linksbelastung inferolaterale ischämie oder linksbelastung ,1,
 ventrikuläre extrasystole ( n ) vorhofflimmern - flattern ueberdrehter linkstyp r - s übergang in v ableitungen nach rechts verschoben linksanteriorer fascicular block unvollständiger rechtsschenkelblock qrs ( t ) abnorm inferiorer infarkt alter unbest t abnorm i ,1,
 ventrikuläre extrasystole ( n ) sinusrhythmus av block i linkstyp mässige amplitudenkriterien für linkshypertrophie qrs ( t ) abnorm anteroseptaler myokardschaden möglich xxxx unbestätigter bericht ,1,
 beschleunigter av - rhythmus lagetyp normal st and t abnorm wahrscheinlich anterolaterale ischämie oder linksbelastung xxxx unbestätigter bericht ,1,
 ventrikuläre extrasystole ( n ) sinus arrhythmie linkstyp qrs ( t ) abnorm septaler infarkt nicht auszuschliessen xxxx unbestätigter bericht ,1,
 sinusrhythmus p - sinistrocardiale lagetyp normal unvollständiger rechtsschenkelblock qt - verlängerung xxxx unbestätigter bericht ,1,
 sinusbradykardie lagetyp normal unspezifisches abnormes t xxxx unbestätigter bericht ,5,
 sinustachykardie lagetyp normal linkshypertrophie möglich xxxx unbestätigter bericht ,2,
 ventrikuläre extrasystole ( n ) sinus arrhythmie verdacht auf p - sinistrocardiale lagetyp normal st and t abnorm wahrscheinlich anteriore ischämie oder linksbelastung hochlaterale ischämie oder linksbelastung xxxx unbestätigter b ,1,
 sinusrhythmus verdacht auf p - sinistrocardiale lagetyp normal mässige amplitudenkriterien für linkshypertrophie qrs ( t ) abnorm anterolateraler myokardschaden möglich st and t abnorm wahrscheinlich anteriore ischämie oder linksbelastung xxxx ,1,
 sinusrhythmus p - verbreiterung lagetyp normal qrs ( t ) abnorm anteroseptaler infarkt alter unbest st and t abnorm wahrscheinlich laterale ischämie oder linksbelastung xxxx unbestätigter bericht ,1,
 sinusrhythmus p - verbreiterung lagetyp normal qrs ( t ) abnorm inferiorer myokardschaden nicht auszuschliessen xxxx unbestätigter bericht ,1,
 tachykardes vorhofflimmern ueberdrehter linkstyp qrs ( t ) abnorm anteriorer infarkt alter unbest xxxx unbestätigter bericht ,1,
 ventrikuläre extrasystole ( n ) tachykardes vorhofflimmern ueberdrehter linkstyp qrs ( t ) abnorm anteriorer infarkt alter unbest st and t abnorm wahrscheinlich laterale ischämie oder linksbelastung xxxx unbestätigter bericht ,1,
 tachykardes vorhofflimmern ueberdrehter linkstyp linksanteriorer fascicular block qrs ( t ) abnorm anteroseptaler infarkt wahrscheinlich alt inferiorer infarkt alter unbest st and t abnorm wahrscheinlich anterolaterale ischämie oder linksbelastung ,1,
 sinusrhythmus p - verbreiterung lagetyp normal unspezifisches abnormes t qt - verlängerung xxxx unbestätigter bericht ,2,
 sinusrhythmus p - sinistrocardiale lagetyp normal st and t abnorm wahrscheinlich hochlaterale ischämie oder linksbelastung xxxx unbestätigter bericht ,2,
 supraventrikuläre extrasystole ( n ) sinusrhythmus lagetyp normal unspezifischer intraventrikulärer block xxxx unbestätigter bericht ,2,
 supraventrikuläre arrhythmie verdacht auf p - sinistrocardiale lagetyp normal t abnorm in lateralen ableitungen xxxx unbestätigter bericht ,1,
 sinusrhythmus linkstyp unvollständiger rechtsschenkelblock linkshypertrophie xxxx unbestätigter bericht ,1,
 ventrikuläre extrasystole ( n ) sinus arrhythmie verdacht auf p - sinistrocardiale linkstyp periphere niederspannung qrs ( t ) abnorm inferiorer infarkt wahrscheinlich alt t abnorm in anterioren ableitungen xxxx unbestätigter beric ,1,
 sinustachykardie lagetyp normal t abnorm in inferioren ableitungen xxxx unbestätigter bericht ,1,
 sinusrhythmus lagetyp normal t abnorm in anterioren ableitungen qt - verlängerung xxxx unbestätigter bericht ,3,
 ventrikuläre extrasystole ( n ) tachykardes vorhofflimmern ueberdrehter rechtstyp unspezifisches abnormes t xxxx unbestätigter bericht ,1,
 sinusrhythmus ueberdrehter linkstyp linksanteriorer fascicular block qrs ( t ) abnorm anteroseptaler myokardschaden möglich t abnorm in hochlateralen ableitungen xxxx unbestätigter bericht ,1,
 sinusrhythmus lagetyp normal mässige amplitudenkriterien für linkshypertrophie qrs ( t ) abnorm inferiorer myokardschaden möglich xxxx unbestätigter bericht ,4,
 sinusrhythmus verdacht auf p - sinistrocardiale lagetyp normal t abnorm in anterolateralen ableitungen inferolateralen ableitungen xxxx unbestätigter bericht ,1,
 sinusrhythmus verdacht auf p - sinistrocardiale linkstyp unvollständiger rechtsschenkelblock qrs ( t ) abnorm lateraler myokardschaden nicht auszuschliessen t abnorm in anterioren ableitungen xxxx unbestätigter bericht ,1,
 regelmässiger rhythmus keine p - welle erkannt lagetyp normal unvollständiger rechtsschenkelblock ,1,
 sinusbradykardi normalt ecg ,1,
 slag med avvikande impulsutbredning sinusrytm vänstersidigt skänkelblock ,1,
 ventrikuläre extrasystole ( n ) sinus arrhythmie lagetyp normal linkshypertrophie möglich qrs ( t ) abnorm anteroseptaler infarkt mögl akut inferiorer infarkt wahrscheinlich alt xxxx unbestätigter bericht ,1,
 supraventrikuläre extrasystole ( n ) sinusrhythmus linkstyp qrs ( t ) abnorm anteroseptaler infarkt wahrscheinlich alt xxxx unbestätigter bericht ,1,
 sinusrytm p förlängd vänster el - axel ,1,
 sinusrhythmus ueberdrehter linkstyp unspezifische intraventrikuläre leitungsstörung xxxx unbestätigter bericht ,3,
 sinus arrhythmie lagetyp normal unvollständiger rechtsschenkelblock sonst normales ecg xxxx unbestätigter bericht ,2,
 vorhofflimmern - flattern linkstyp periphere niederspannung qrs ( t ) abnorm anteroseptaler infarkt wahrscheinlich alt t abnorm in anterolateralen ableitungen xxxx unbestätigter bericht ,1,
 sinusrytm extrem vänster el - axel vänster anteriort fascicular block t - förändring såsom vid inferior myokardaffektion ,1,
 ventrikulär ( a ) extrasystoli ( er ) sinusrytm av block i måttliga amplitudkrit för vänster kammarkhypertrofi ,1,
 sinusrytm avvikande qrs ( t ) förlopp inferior myokardskada bör övervägas t - förändring såsom vid hög lateral myokardaffektion edit ilmi xxxx sehr frischer infarkt nicht ausgeschlossen ( ilmi xxxx ) ,1,
 sinusrhythmus p - sinistrocardiale linkstyp qrs ( t ) abnormal anteroseptaler infarkt möglich ,1,
 sinusrytm extrem vänster el - axel vänster anteriort fascicular block avvikande qrs ( t ) förlopp hög lateral infarkt bör övervägas ,2,
 sinus arytmi avvikande qrs ( t ) förlopp inferior myokardskada kan ej uteslutas ,1,
 sinusrytm vänster el - axel st and t sänkning såsom vid lateral ischemi eller vänster belastning ,2,
 sinus arrhythmie lagetyp normal qrs ( t ) abnorm anteroseptaler myokardschaden nicht auszuschliessen ,1,
 sinus arrhythmie ueberdrehter linkstyp t abnorm in hochlateralen ableitungen xxxx unbestätigter bericht ,1,
 sinusrytm avvikande qrs ( t ) förlopp anterior infarkt ålder ej bestämmbar t - förändring såsom vid hög lateral myokardaffektion ,1,
 supraventrikuläre arrhythmie av block i lagetyp normal unspezifischer intraventrikulärer block xxxx unbestätigter bericht ,1,
 sinusrytm p förlängd vänster el - axel vänstersidigt skänkelblock ,1,
 sinusrytm avvikande qrs ( t ) förlopp inferior infarkt sannolikt äldre ,2,
 sinusbradykardie av block i verdacht auf p - sinistrocardiale lagetyp normal unspezifischer intraventrikulärer block qrs ( t ) abnorm anteroseptaler infarkt alter unbest edit asmi xxxx 1avb ( asmi xxxx irbbb 1avb ) ,1,
 förmaksflimmer - fladder extrem vänster el - axel låga qrs amplituder i extremitetsavledningarna avvikande qrs ( t ) förlopp anteroseptal infarkt sannolikt äldre ,1,
 sinusrytm av block i vänster el - axel t - förändring såsom vid anterolateral myokardaffektion ,1,
 ventrikulär ( a ) extrasystoli ( er ) förmaksflimmer - fladder extrem vänster el - axel avvikande qrs ( t ) förlopp inferior infarkt ålder ej bestämmbar st and t sänkning såsom vid anterolateral ischemi eller vänster belastning ,1,
 sinusrytm vänstersidigt skänkelblock ,1,
 sinusrhythmus linkstyp periphere niederspannung linksschenkelblock ,2,
 vorhofflimmern - flattern ueberdrehter linkstyp st and t abnorm wahrscheinlich hochlaterale ischämie oder linksbelastung xxxx unbestätigter bericht ,1,
 sinustachykardi avvikande qrs ( t ) förlopp hög lateral myokardskada bör övervägas st and t abnormal överväg färsk anteroseptal peri - eller myokardskada ,1,
 sinus arrhythmie lagetyp normal mässige amplitudenkriterien für linkshypertrophie st and t abnorm wahrscheinlich inferiore ischämie oder linksbelastung xxxx unbestätigter bericht ,1,
 sinusrytm högersidigt skänkelblock avvikande qrs ( t ) förlopp inferior myokardskada bör övervägas ,1,
 sinusrytm lätt vänsterställd el - axel inkomplett högersidigt skänkelblock ,1,
 supraventrikuläre extrasystole ( n ) sinusrhythmus lagetyp normal unspezifische intraventrikuläre leitungsstörung linkshypertrophie möglich xxxx unbestätigter bericht ,1,
 sinusrytm ospecifikt skänkelblock vänster kammarhypertrofi avvikande qrs ( t ) förlopp inferior infarkt ålder ej bestämmbar ,1,
 sinusrytm av - block i extrem vänster el - axel ospecifikt inkomplett skänkelblock st and t sänkning såsom vid hög lateral ischemi eller vänster belastning ,1,
 nr xxxx }lder xxxx }r k|n l{ngd cm vikt kg bt mmhg med sinusrytm vänster el - axel t - förändring såsom vid inferolateral myokardaffektion ,1,
 sinusrhythmus ueberdrehter linkstyp periphere niederspannung lahb ,1,
 sinusrytm qt förlängd ,1,
 regelbunden rytm inga p - våg funna extrem vänster el - axel högersidigt skänkelblock avvikande qrs ( t ) förlopp inferior infarkt ålder ej bestämmbar ,1,
 sinusrytm amplitudkriterier för vänster kammarhypertrofi ,1,
 ventrikulär ( a ) extrasystoli ( er ) sinusrytm av block i extrem vänster el - axel vänster anteriort fascicular block högersidigt skänkelblock bifascikulärt block ,1,
 sinusrytm horisontalställd el - axel intraventrikulärt retledningshinder ,1,
 sinus arytmi vänster el - axel låga qrs amplituder i extremitetsavledningarna avvikande qrs ( t ) förlopp anteroseptal infarkt ålder ej bestämmbar t - förändring såsom vid anterior myokardaffektion väs oförändrat jmf m xxxx ,1,
 förmaksflimmer - fladder låga qrs amplituder i extremitetsavledningarna st and t sänkning såsom vid anterolateral ischemi eller vänster belastning inferolateral ischemi eller vänster belastning ,1,
 sinusrytm ospecifik t - förändring qt förlängd ,2,
 sinusrytm p förlängd måttliga amplitudkrit för vänster kammarkhypertrofi avvikande qrs ( t ) förlopp inferior infarkt sannolikt äldre ,1,
 sinusrytm extrem vänster el - axel ,2,
 sinusrhythmus lagetyp normal periphere niederspannung av - block xxxx grades normales ecg ,1,
 sinus arrhythmie linkstyp subakuter anteriorer infarkt st - hebung in v1 - xxxx t neg in i avl v1 - xxxx infarktablauf ,1,
 sinusrhythmus linkstyp subakuter anteriorer infarkt t neg in i avr avl v1 - xxxx st - hebung in v1 - xxxx ,1,
 sinusrhythmus verdacht auf p - sinistrocardiale ueberdrehter linkstyp linksanteriorer fascicular block t abnorm in hochlateralen ableitungen ,1,
 supraventrikuläre extrasystole ( n ) bigeminus sinusrhythmus linkstyp subakuter anteriorer infarkt ( infarktablauf ) st - hebung in v1 - xxxx ,1,
 sinusrhythmus verdacht auf p - sinistrocardiale lagetyp normal t neg in v1 hoch in v3 ,1,
 sinusrhythmus ueberdrehter linkstyp lahb ,1,
 supraventrikuläre extrasystolen av - es z t bigeminie sinusrhythmus pathologisches ecg ,1,
 sinusrhythmus llt schlechte r - progression v1 - v3 st - hebung v2 flaches t in v1 iii l wahrscheinlich normales ecg ,1,
 sinusrhythmus linkstyp t neg in iii v1 ,1,
 sinus arrhythmie verdacht auf p - sinistrocardiale unspezifische intraventrikuläre leitungsstörung ,1,
 sinus arrhythmie p - verbreiterung linkstyp unspezifische intraventrikuläre leitungsstörung ,1,
 sinusrhythmus lagetyp normal av - block xxxx grades t - veraenderungen pathologisch ,1,
 sinusrhythmus lagetyp normal schenkelblock partiell rechts moeglich intraventr leitungsstoerung l schlechte r - progression v1 - v3 st - hebung v1 v2 v3 t - ,1,
 sinusrhythmus lagetyp normal intraventr leitungsstoerung st - hebung t - veraenderungen hoch in v2 ecg normal ,1,
 wandernder schrittmacher intraventr leitungsstoerung ii f t - veraenderungen hoch in v2 v3 flach in v1 ecg pathologisch ,1,
 supraventrikuläre extrasystole ( n ) vorhofs - es sinusrhythmus lagetyp normal intraventr leitungsstoerung iii f t - veraenderungen hoch in v2 v3 flach in v1 verglichen mit ecg vom xxxx ventr es ( einzelne ) ecg pathologis ,1,
 sinusrhythmus linkstyp intraventr leitungsstoerung i - iii f v1 infarkt inferior chronisch moeglich p biphasich in iii ( v1 ) t - veraenderungen neg in iii ecg pathologisch ,1,
 sinusrhythmus llt neg t in v1 v2 biphasisch flaches t in lat wahrscheinlich normales ecg ,1,
 sinusrhythmus steiltyp diskrete st - senkung in v1 neg t in v1 - xxxx pathologisches ecg ,1,
 sinusrhythmus llt q in i avl normales ecg ,1,
 sinusrhythmus llt neg t in v4 - xxxx ii pathologisches ecg ,1,
 mlt - llt sinusbradykardie neg t in v1 normales ecg ,1,
 sinusrhythmus llt schlechte r - progression in v1 - xxxx flaches t in iii wahrscheinlich normales ecg ,1,
 ruhe - ecg zur ergometrie mlt biphasische t über inferior und gesamter vorder - wand abwechselnd zeigt sich ein totaler lsb ( sitzend ) keine belastung ,1,
 llt sinustachykardie sves ( vorhof ) über xxxx - min partieller rechts - sb möglich sicherer chronischer inferiorer infarkt ( q in ii iii avf v6 ) neg t in v2 - xxxx pathologisches ecg ,1,
 sinusrhythmus ueberdrehter linkstyp qrs ( t ) abnorm inferiorer infarkt alter unbest ,1,
 sinusrhythmus linkstyp qrs ( t ) abnorm anteroseptaler infarkt wahrscheinlich alt t abnorm in anterolateralen ableitungen inferioren ableitungen ,1,
 tachykardes vorhofflimmern rechtstyp rechtsschenkelblock rechtshypertrophie qrs ( t ) abnormal hochlateraler infarkt möglich ,1,
 sinusrhythmus ueberdrehter linkstyp linksanteriorer fascicular block pathologisches ecg ,1,
 ventrikuläre extrasystole ( n ) sinusrhythmus verdacht auf p - sinistrocardiale ueberdrehter linkstyp r - s übergang in v ableitungen nach rechts verschoben unvollständiger rechtsschenkelblock xxxx unbestätigter bericht ,1,
 sinusrhythmus ueberdrehter linkstyp qrs ( t ) abnormal anterolateraler infarkt möglich inferiorer infarkt wahrscheinlich alt t abnormal in anterioren ableitungen ,1,
 sinusrhythmus lagetyp normal intraventr leitungsstoerung iii avl t - veraenderungen biphasisch v1 ueberhoehung v2 v3 ecg wahrscheinlich normal ,1,
 supraventrikuläre extrasystole ( n ) vorhofs - es sinusarrhythmie ueberdrehter linkstyp links anteriorer fascicular block intraventr leitungsstoerung ii schlechte r - progression ecg pathologisch ,1,
 sinusrhythmus links ant fascicular block linkstyp intraventr leitungsstoerung i - iii l v v1 v4 - v6 t - veraenderungen diskret neg in v1 ecg pathologisch ,1,
 sinusrhythmus linkstyp kompl lsb linkshypertrophie ,1,
 sinusbradykardie linkstyp intraventr leitungsstoerung iii l f t - veraenderungen flach in ii ecg wahrscheinlich normal ,1,
 sinusrhythmus linkstyp st - hebung in v2 biphasisches t inferior q in iii f grenzbefund ,1,
 sinusrhythmus ueberdrehter linkstyp linksanteriorer fascicular block schlechte r - progression pathologisches ecg ,1,
 sinustachykardie linkstyp qrs ( t ) abnormal anteriorer infarkt mögl akut st and t abnormal wahrscheinlich pathologisch ,1,
 sinusrhythmus linkstyp r - s #bergang in v ableitungen nach links verschoben unspezifisches abnormales t ,1,
 sinusrhythmus ueberdrehter linkstyp linksanteriorer fascicular block qrs ( t ) abnormal vorhofsueberlastung links grenzbefund - pathologisch ,1,
 tachykardie supraventr tachyarrh ueberdrehter linkstyp r - s #bergang in v ableitungen nach links verschoben linksanteriorer fascicular block pathologisch ,1,
 sinusrhythmus ueberdrehter linkstyp normal ,2,
 sinusrhythmus linkstyp qrs ( t ) abnormal anteriorer infarkt wahrscheinlich alt st and t abnormal wahrscheinlich pathologisch ,1,
 sinusrhythmus linkslagetyp intraventr leitungsstörung avf v3 iii wahrscheinlich normales ecg schlechte r - progression ,1,
 sinusrhythmus av block i ueberdrehter rechtstyp kompl rsb ,1,
 g vorhofflimmern - flattern lagetyp normal unspezifisches abnormales t ,1,
 ventrikuläre extrasystole ( n ) sinusrhythmus linkstyp qrs ( t ) abnormal anteroseptaler infarkt wahrscheinlich alt inferiorer myokardschaden nicht auszuschliessen ,1,
 sinusrhythmus ueberdrehter linkstyp linksanteriorer fascicular block q in v2 verzoegerte r - progression pathologisches ecg ,1,
 ventrikuläre extrasystole ( n ) trigeminus sinusrhythmus p - sinistrocardiale lagetyp normal anteroseptaler infarkt chronisch moeglich pathologisch ,1,
 sinusrhythmus lagetyp normal qrs ( t ) abnormal anteroseptaler infarkt wahrscheinlich chronisch pathologisch ,1,
 sinusbradykardie lagetyp normal linkshypertrophie möglich av - block xxxx grades ,1,
 sinusbradykardie lt normales ecg ,1,
 supraventrikuläre extrasystole ( n ) supraventrikuläre ersatzsystole ( n ) supraventrikuläre tachykardie ueberdrehter linkstyp qrs ( t ) abnormal anterolateraler infarkt wahrscheinlich alt inferiorer infarkt wahrscheinlich alt t abnormal in anterosep ,1,
 sinusrhythmus av block i lagetyp normal qrs ( t ) abnormal hochlateraler infarkt möglich ,1,
 ventrikuläre extrasystole ( n ) sinusrhythmus lagetyp normal qrs ( t ) abnormal anteroseptaler infarkt mögl akut st abnormal möglicherweise hochlateraler innenschichtsschaden ,1,
 sinustachykardie verdacht auf p - sinistrocardiale schwierig bestimmbare qrs - achse qrs ( t ) abnorm anteroseptaler infarkt wahrscheinlich alt t abnorm in hochlateralen ableitungen xxxx unbestätigter bericht ,1,
 sinustachykardie lagetyp normal st and t abnormal wahrscheinlich anteriore ischämie oder linksbelastung laterale ischämie oder linksbelastung inferolaterale ischämie oder linksbelastung ,1,
 sinusrhythmus av block i lagetyp normal linkshypertrophie möglich pathologisch ,1,
 sinusrhythmus ueberdrehter linkstyp qrs ( t ) abnormal anteroseptaler infarkt wahrscheinlich alt t abnormal in anterolateralen ableitungen ,1,
 sinusrhythmus lagetyp normal t muldenförmig in v5 - xxxx normales ecg ,1,
 sinusrhythmus lagetyp normal t abnormal in anteroseptalen ableitungen inferioren ableitungen edit injas ( injas iscin ) ,1,
 sinusarrhythmie mlt st - hebung in v2 xxxx t - veranderungen überhöht v2 xxxx angedeutet spitz pathologisches ecg ,1,
 sinusrhythmus ueberdrehter linkstyp linksanteriorer fascicular block qrs ( t ) abnorm anteroseptaler infarkt alter unbest st and t abnorm wahrscheinlich hochlaterale ischämie oder linksbelastung t abnorm in anterioren ableitungen xxxx ,1,
 sinusrhythmus rechtsschenkelblock av - block xxxx grades ( grenzwertig ) ,1,
 sinusrhythmus linkstyp qrs ( t ) abnormal anteroseptaler myokardschaden möglich langsame r - progression st - hebung in v1 - xxxx diskrete st - senkung in i v5 - xxxx ,1,
 vorhofflimmern - flattern extrem ueberdrehter rechtstyp linksanteriorer fascicular block rechtsschenkelblock bifaszikulärer block xxxx unbestätigter bericht ,1,
 sinusbradykardie rechtstyp unspezifische intraventrikuläre leitungsstörung t abnormal in hochlateralen ableitungen ,1,
 tachykardes vorhofflimmern lagetyp normal qrs ( t ) abnormal hochlateraler infarkt möglich st and t abnormal wahrscheinlich anteriore ischämie oder linksbelastung inferolaterale ischämie oder linksbelastung ,1,
 sinusrhythmus llt neg t - veraenderungen in iii ( biphasisch ) wahrscheinlich normales ecg ,1,
 vorhofflattern xxxx ueberleitung steilagetyp path repolarisation st - hebung v2 st - senkung muldenförmig v5 - xxxx bis digitalis pathologisches ecg ,1,
 sinusrhythmus mlt st - senkung inferior v4 - xxxx muldenfoermig v5 xxxx t - veraenderungen neg avf pathologisches ecg ,1,
 sinusrhythmus llt t - veraenderungen überhöht in v3 neg in iii wahrscheinlich normales ecg ,1,
 sinusrhythmus ueberdrehter linkstyp linksschenkelblock av - block xxxx grades schlechte r - progression v1 - xxxx ,1,
 supraventrikuläre extrasystole ( n ) sinusrhythmus verdacht auf p - sinistrocardiale linkstyp linksschenkelblock linkshypertrophie möglich ,1,
 sinusrhythmus linkstyp st - hebung in v1 - xxxx st - senkung in i avl t neg in v4 - xxxx ,1,
 sinusbradykardie linkstyp st - hebung in v2 - xxxx neg t in iii normales ecg ,1,
 sinusbradykardie lagetyp normal wahrscheinlich normales ecg ,1,
 sinusrhythmus lagetyp normal schlechte r - progression - st - hebung - t - veraenderungen inferiorer infarkt chronisch wahrscheinlich anteriorer infarkt moeglich ecg pathologisch ,1,
 tachykardes vorhofflimmern lagetyp normal uniforme ves zt als xxxx - er salve st - senkung v5 - xxxx ( muldenförmig ) ,1,
 sinusrhythmus steiltyp rechtsschenkelblock av - block xxxx grades st - senkung in avf ii iii v5 - v6 r - verlust in v1 - v3 ecg pathologisch ,1,
 sinusrhythmus p - verbreiterung linkstyp st and t abnormal wahrscheinlich hochlaterale ischämie oder linksbelastung ,1,
 sinusrhythmus lagetyp normal st and t abnormal wahrscheinlich anteriore ischämie oder linksbelastung inferiore ischämie oder linksbelastung edit iscin xxxx ( norm xxxx ) ,1,
 sinusrhythmus linkstyp atriale leitungsstörung st - senkung in v3 - xxxx ischämie biphasisches t in v2 xxxx pathologsiches ecg ,1,
 sinusrhythmus verdacht auf p - sinistrocardiale lagetyp normal unspezifische intraventrikuläre leitungsstörung ,1,
 sinusbradyarrhythmie lagetyp normal t biphasisch in v3 - xxxx ,1,
 sinustachykardie linkstyp t abnormal in hochlateralen ableitungen ,3,
 interponierte ventrikuläre extrasystole ( n ) supraventrikuläre extrasystole ( n ) sinusrhythmus lagetyp normal unspezifische abnormale st - senkung unspezifisches abnormales t qt - verlängerung ,1,
 sinusrhythmus ueberdrehter linkstyp linksanteriorer fascicular block qrs ( t ) abnormal anteroseptaler myokardschaden möglich ,1,
 sinus arrhythmie lagetyp normal t abnormal in lateralen ableitungen ,1,
 sinusrhythmus linkstyp r - s übergang in v ableitungen nach rechts verschoben unspezifisches abnormes t xxxx unbestätigter bericht ,1,
 supraventrikuläre extrasystole ( n ) sinusrhythmus verdacht auf p - sinistrocardiale ueberdrehter linkstyp periphere niederspannung qrs ( t ) abnormal anteroseptaler myokardschaden möglich t abnormal in anterioren ableitungen lateralen ableitungen qt - verlän ,1,
 supraventrikuläre tachyarrhythmie überderehter linkstyp links anteriorer fascicular block st - hebung über v3 fehlende r - progrssion in v1 - v4 ,1,
 supraventrikuläre extrasystole ( n ) sinusrhythmus verdacht auf p - sinistrocardiale ueberdrehter rechtstyp periphere niederspannung qrs ( t ) abnorm lateraler infarkt alter unbest inferiorer infarkt möglich t abnorm in anterioren ableitungen xxxx ,1,
 vorhofflimmern - flattern schwierig bestimmbare qrs - achse r - s #bergang in v ableitungen nach rechts verschoben periphere niederspannung unvollständiger rechtsschenkelblock st and t abnormal wahrscheinlich anteroseptale ischämie oder linksbelastung ,1,
 sinusrhythmus verdacht auf p - sinistrocardiale linkstyp unspezifische intraventrikuläre leitungsstörung ,1,
 sinusrhythmus av block i verdacht auf p - sinistrocardiale lagetyp normal st and t abnorm wahrscheinlich anterolaterale ischämie oder linksbelastung t abnorm in anterioren ableitungen xxxx unbestätigter bericht ,1,
 sinusbradykardie linkstyp mässige amplitudenkriterien für linkshypertrophie t abnorm in anterolateralen ableitungen xxxx unbestätigter bericht ,1,
 sinusrhythmus lagetyp normal t abnormal in inferioren ableitungen qt - verlängerung ,1,
 sinusrhythmus verdacht auf p - sinistrocardiale lagetyp normal qrs ( t ) abnorm anteroseptaler infarkt mögl akut t abnorm in anterolateralen ableitungen inferolateralen ableitungen xxxx unbestätigter bericht ,1,
 sinusrhythmus ueberdrehter linkstyp linksanteriorer fascicular block qrs ( t ) abnorm anteroseptaler myokardschaden möglich st and t abnorm wahrscheinlich anterolaterale ischämie oder linksbelastung xxxx unbestätigter bericht ,1,
 sinusrhythmus mlt grenzbefund ,1,
 sinusrhythmus verdacht auf p - sinistrocardiale rechtstyp periphere niederspannung qrs ( t ) abnorm lateraler infarkt alter unbest inferiorer infarkt möglich t abnorm in anterioren ableitungen xxxx unbestätigter bericht ,1,
 sinusrhythmus lagetyp normal qrs ( t ) abnormal anteriorer infarkt möglich t abnormal in lateralen ableitungen inferolateralen ableitungen ,1,
 sinusrhythmus lagetyp normal st and t abnormal wahrscheinlich anterolaterale ischämie oder linksbelastung t abnormal in anterioren ableitungen inferolateralen ableitungen ,1,
 sinusrhythmus verdacht auf p - sinistrocardiale ueberdrehter linkstyp unspezifische intraventrikuläre leitungsstörung qrs ( t ) abnorm lateraler infarkt alter unbest xxxx unbestätigter bericht ,1,
 ventrikuläre extrasystole ( n ) sinus arrhythmie linkstyp qrs ( t ) abnormal anteroseptaler infarkt wahrscheinlich alt ,1,
 sinusrhythmus lagetyp normal qrs ( t ) abnormal anteroseptaler infarkt wahrscheinlich alt inferiorer myokardschaden möglich st and t abnormal wahrscheinlich anterolaterale ischämie oder linksbelastung ,1,
 sinus arrhythmie lagetyp normal qrs ( t ) abnormal inferiorer infarkt wahrscheinlich alt ,1,
 sinusrhythmus linkstyp t überhöht in v2 v3 t negativ in iii verminderte r - progression wahrscheinlich normales ecg ,1,
 ventrikuläre extrasystole ( n ) sinusrhythmus ueberdrehter linkstyp rechtsschenkelblock qrs ( t ) abnorm anteriorer infarkt möglich inferiorer infarkt mögl akut xxxx unbestätigter bericht ,1,
 sinusrhythmus p - verbreiterung ueberdrehter linkstyp linksanteriorer fascicular block unvollständiger rechtsschenkelblock qrs ( t ) abnorm inferiorer infarkt möglich st and t abnorm wahrscheinlich hochlaterale ischämie oder linksbelastung xxxx ,1,
 sinusrhythmus linkstyp qrs ( t ) abnormal vorhofsueberlastung links t abnormal in hochlateralen ableitungen grenzbefund ,1,
 sinusrhythmus lagetyp normal unspezifische intraventrikuläre leitungsstörung qrs ( t ) abnormal anteriorer infarkt möglich t abnormal in lateralen ableitungen inferolateralen ableitungen ,1,
 sinusrhythmus ueberdrehter linkstyp linksanteriorer fascicular block t abnormal in hochlateralen ableitungen ,2,
 an irregular supraventricular rhythm is present p wave have an abnormal axis and pr interval is prolonged ( xxxx sec ) the rhythm probably derives from a focus other than the sa node suggest exclude digitalis toxicity there is widespread st segment dep ,1,
 sinusrhythmus lagetyp normal mässige amplitudenkriterien für linkshypertrophie xxxx unbestätigter bericht edit norm xxxx sokolow xxxx ( norm xxxx ) ,1,
 sinusrhythmus lagetyp normal t abnormal in anterioren ableitungen lateralen ableitungen inferolateralen ableitungen ,1,
 vorhofflimmern - flattern lagetyp normal periphere niederspannung qrs ( t ) abnormal anteriorer infarkt alter unbest st and t abnormal wahrscheinlich hochlaterale ischämie oder linksbelastung inferiore ischämie oder linksbelastung ,1,
 sinusrhythmus verdacht auf p - sinistrocardiale lagetyp normal unspezifische intraventrikuläre leitungsstörung mässige amplitudenkriterien für linkshypertrophie qrs ( t ) abnorm inferiorer myokardschaden möglich xxxx unbestätigter b ,1,
 sinusrhythmus av block i ueberdrehter linkstyp unspezifische intraventrikuläre leitungsstörung qrs ( t ) abnorm lateraler infarkt alter unbest xxxx unbestätigter bericht ,1,
 supraventrikuläre extrasystole ( n ) sinusrhythmus p - sinistrocardiale linkstyp qrs ( t ) abnorm anteroseptaler infarkt wahrscheinlich alt xxxx unbestätigter bericht ,1,
 sinusrhythmus lagetyp normal unspezifische intraventrikuläre leitungsstörung linkshypertrophie möglich ,1,
 tachykardes vorhofflimmern lagetyp normal unspezifische intraventrikuläre leitungsstörung mässige amplitudenkriterien für linkshypertrophie qrs ( t ) abnorm anteroseptaler myokardschaden nicht auszuschliessen st and t abnorm wahrscheinlich anterolateral ,1,
 sinusrhythmus ueberdrehter rechtstyp periphere niederspannung qrs ( t ) abnorm anteriorer infarkt mögl akut inferolateraler infarkt xxxx unbestätigter bericht ,1,
 sinustachykardie ueberdrehter linkstyp unspezifische intraventrikuläre leitungsstörung qrs ( t ) abnorm anteriorer infarkt wahrscheinlich alt t abnorm in hochlateralen ableitungen xxxx unbestätigter bericht ,1,
 sinusrhythmus lagetyp normal qrs ( t ) abnormal t abnormal in hochlateralen ableitungen pathologisch ,1,
 supraventrikuläre extrasystole ( n ) sinustachykardie p - sinistrocardiale lagetyp normal xxxx unbestätigter bericht ,1,
 vorhofflimmern normokard bis bradykard lagetyp normal pathologisch ,1,
 sinusbradykardie verdacht auf p - sinistrocardiale lagetyp normal vollständiger rechtsschenkelblock st - hebung v1 - xxxx pathologisch ,1,
 sinusrhythmus av block i ueberdrehter linkstyp unspezifische intraventrikuläre leitungsstörung qrs ( t ) abnorm anteriorer infarkt alter unbest t abnorm in lateralen ableitungen xxxx unbestätigter bericht ,2,
 sinusrhythmus lagetyp normal qrs ( t ) abnorm anteroseptaler infarkt mögl akut t abnorm in inferolateralen ableitungen xxxx unbestätigter bericht ,1,
 sinusrhythmus av block i linkstyp path repolarisation pathologisch ,1,
 tachykardes vorhofflimmern linkstyp qrs ( t ) abnormal pathologisch ,1,
 supraventrikuläre extrasystole ( n ) sinusrhythmus lagetyp normal t abnorm in anterioren ableitungen qt - verlängerung xxxx unbestätigter bericht ,1,
 sinusrhythmus linkstyp qrs ( t ) abnorm anterolateraler infarkt möglich inferiorer infarkt alter unbest st and t abnorm wahrscheinlich anteriore ischämie oder linksbelastung xxxx unbestätigter bericht ,1,
 sinus arrhythmie av block i ueberdrehter linkstyp qrs ( t ) abnorm anteroseptaler myokardschaden möglich inferiorer infarkt wahrscheinlich alt xxxx unbestätigter bericht ,1,
 tachykardes vorhofflimmern lagetyp normal periphere niederspannung qrs ( t ) abnormal anteroseptaler myokardschaden nicht auszuschliessen hochlateraler infarkt möglich st and t abnormal wahrscheinlich inferolaterale ischämie oder linksbelastung t abn ,1,
 sinusrhythmus linkstyp rechtsschenkelblock pathologisch ,1,
 sinusrhythmus p - sinistrocardiale lagetyp normal unspezifische intraventrikuläre leitungsstörung qrs ( t ) abnorm inferiorer infarkt wahrscheinlich alt t abnorm in lateralen ableitungen xxxx unbestätigter bericht ,1,
 sinusrhythmus av block i ueberdrehter linkstyp qrs ( t ) abnorm anteroseptaler myokardschaden möglich inferiorer infarkt wahrscheinlich alt xxxx unbestätigter bericht ,1,
 tachykardes vorhofflimmern lagetyp normal st and t abnorm wahrscheinlich anterolaterale ischämie oder linksbelastung t abnorm in inferolateralen ableitungen xxxx unbestätigter bericht ,1,
 supraventrikuläre arrhythmie lagetyp normal linkshypertrophie möglich qrs ( t ) abnorm inferiorer infarkt alter unbest xxxx unbestätigter bericht ,1,
 sinusrhythmus p - sinistrocardiale lagetyp normal linkshypertrophie qrs ( t ) abnorm anteroseptaler myokardschaden nicht auszuschliessen xxxx unbestätigter bericht ,2,
 sinustachykardie verdacht auf p - sinistrocardiale ueberdrehter linkstyp qrs ( t ) abnorm anteriorer infarkt wahrscheinlich alt inferolateraler infarkt wahrscheinlich alt xxxx unbestätigter bericht ,1,
 supraventrikuläre extrasystole ( n ) sinusrhythmus lagetyp normal unspezifisches abnormales t qt - verlängerung ,1,
 vorhofflimmern - flattern lagetyp normal unspezifische intraventrikuläre leitungsstörung mässige amplitudenkriterien für linkshypertrophie unspezifisch abnormes st and t ( hebung ) xxxx unbestätigter bericht ,1,
 sinusrhythmus av block i lagetyp normal unspezifische intraventrikuläre leitungsstörung mässige amplitudenkriterien für linkshypertrophie unspezifisch abnormes st and t ( hebung ) xxxx unbestätigter bericht ,1,
 sinusrhythmus lagetyp normal unvollständiger rechtsschenkelblock unspezifisches abnormales t qt - verlängerung ,1,
 sinusrhythmus ueberdrehter linkstyp unspezifischer intraventrikulärer block qrs ( t ) abnormal anteroseptaler infarkt alter unbest ,1,
 sinusrhythmus linkstyp unspezifische intraventrikuläre leitungsstörung xxxx unbestätigter bericht ,2,
 sinus arrhythmie p - sinistrocardiale lagetyp normal rechtsschenkelblock xxxx unbestätigter bericht ,1,
 tachykardes vorhofflimmern linkstyp periphere niederspannung qrs ( t ) abnormal anteroseptaler infarkt alter unbest st and t abnormal wahrscheinlich anterolaterale ischämie oder linksbelastung t abnormal in anterioren ableitungen inferolateralen ,1,
 sinusbradykardie lagetyp normal rechtsschenkelblock qrs ( t ) abnormal anterolateraler myokardschaden nicht auszuschliessen ,1,
 sinusrhythmus lagetyp normal unspezifischer intraventrikulärer block qrs ( t ) abnorm lateraler infarkt alter unbest inferiorer infarkt alter unbest xxxx unbestätigter bericht ,1,
 ventrikuläre extrasystole ( n ) interponierte ventrikuläre extrasystole ( n ) supraventrikuläre ersatzsystole ( n ) sinusrhythmus lagetyp normal unspezifisches abnormes t xxxx unbestätigter bericht ,1,
 sinusrhythmus verdacht auf p - sinistrocardiale lagetyp normal qrs ( t ) abnorm inferiorer infarkt alter unbest xxxx unbestätigter bericht ,4,
 sinusrhythmus p - sinistrocardiale ueberdrehter linkstyp r - s übergang in v ableitungen nach links verschoben qrs ( t ) abnorm anterolateraler myokardschaden möglich inferiorer infarkt wahrscheinlich alt xxxx unbestätigter ber ,1,
 uniforme ves teilweise trigeminie sinustachykardie ueberdrehter linkstyp st - senkung in v4 - xxxx unvollständiger rechtsschenkelblock mit strain ,1,
 normokardes vorhofflimmern ueberdrehter linkstyp rechtsschenkelblock chron inferiorer infarkt ( dd lahb ) multiforme ves st - senkung desc in v5 - xxxx ,1,
 sinusrhythmus ueberdrehter rechtstyp linksposteriorer fascicular block qrs ( t ) abnormal septaler infarkt nicht auszuschliessen st and t abnormal wahrscheinlich inferiore ischämie oder linksbelastung t abnormal in anterioren ableitungen ,1,
 sinusrhythmus linkstyp unspezifisches abnormales t leichte abflachung v xxxx ,1,
 sinusrhythmus lagetyp normal t abnorm in anterioren ableitungen inferioren ableitungen xxxx unbestätigter bericht ,1,
 sinustachykardie ueberdrehter linkstyp periphere niederspannung qrs ( t ) abnormal anteriorer infarkt mögl akut inferolateraler infarkt wahrscheinlich alt ,1,
 sinusrhythmus av block i lagetyp normal unspezifische intraventrikuläre leitungsstörung qrs ( t ) abnormal anterolateraler myokardschaden möglich inferiorer myokardschaden ,1,
 vorhofflimmern - flattern lagetyp normal unspezifisches abnormes t qt - verlängerung xxxx unbestätigter bericht ,3,
 ventrikuläre extrasystole ( n ) supraventrikuläre extrasystole ( n ) sinusrhythmus p - verbreiterung ueberdrehter linkstyp rechtsschenkelblock qrs ( t ) abnorm inferiorer infarkt wahrscheinlich alt xxxx unbestätigter bericht ,1,
 ventrikuläre extrasystole ( n ) sinusrhythmus lagetyp normal t abnorm in anterolateralen ableitungen xxxx unbestätigter bericht ,1,
 ventrikuläre extrasystole ( n ) vorhofflimmern - flattern lagetyp normal periphere niederspannung qrs ( t ) abnorm anteroseptaler myokardschaden nicht auszuschliessen st and t abnorm wahrscheinlich anterolaterale ischämie oder linksbelastung inferolatera ,2,
 tachykardes vorhofflimmern ueberdrehter linkstyp periphere niederspannung st and t abnormal wahrscheinlich anteriore ischämie oder linksbelastung ,1,
 sinusrhythmus linkslagetyp vollständiger rechtsschenkelblock intraventr leitungsstörung in ii path ecg ,1,
 supraventrikuläre extrasystole ( n ) supraventrikuläre arrhythmie lagetyp normal rechtsschenkelblock xxxx unbestätigter bericht ,1,
 ventrikuläre extrasystole ( n ) sinusrhythmus linkstyp linkshypertrophie möglich xxxx unbestätigter bericht ,1,
 supraventrikuläre extrasystole ( n ) sinustachykardie lagetyp normal linksschenkelblock linkshypertrophie möglich xxxx unbestätigter bericht ,1,
 sinusrhythmus lagetyp normal qrs ( t ) abnorm anteroseptaler infarkt alter unbest xxxx unbestätigter bericht edit asmi xxxx imi xxxx ( asmi xxxx ) ,1,
 sinusrhythmus lagetyp normal qrs ( t ) abnormal inferiorer myokardschaden nicht auszuschliessen st and t abnormal wahrscheinlich anterolaterale ischämie oder linksbelastung ,1,
 sinusbradykardie av block i verdacht auf p - sinistrocardiale lagetyp normal xxxx unbestätigter bericht ,1,
 sinusrhythmus seitenlagetyp t biphasisch in v4 t neg in v5 v6 path repolarisation path ecg ,1,
 sinusrhythmus linkstyp intraventr leitungsstörung in avf ii inferiorer infarkt sicher subakut - chronisch path ecg ,1,
 ventrikuläre extrasystole ( n ) sinusrhythmus lagetyp normal qrs ( t ) abnorm inferiorer myokardschaden nicht auszuschliessen xxxx unbestätigter bericht ,2,
 sinusrhythmus p - sinistrocardiale lagetyp normal unvollständiger rechtsschenkelblock mässige amplitudenkriterien für linkshypertrophie xxxx unbestätigter bericht ,1,
 supraventrikuläre extrasystole ( n ) sinusrhythmus p - verbreiterung lagetyp normal xxxx unbestätigter bericht ,2,
 sinusrhythmus verdacht auf p - sinistrocardiale lagetyp normal qrs ( t ) abnorm anteroseptaler infarkt wahrscheinlich alt inferiorer myokardschaden möglich st and t abnorm wahrscheinlich laterale ischämie oder linksbelastung xxxx ,1,
 ventrikuläre extrasystole ( n ) vorhofflimmern - flattern linkstyp st and t abnorm wahrscheinlich anterolaterale ischämie oder linksbelastung xxxx unbestätigter bericht ,1,
 sinusrhythmus verdacht auf p - sinistrocardiale lagetyp normal unspezifischer intraventrikulärer block qrs ( t ) abnorm inferiorer infarkt alter unbest xxxx unbestätigter bericht ,2,
 vorhofflimmern - flattern lagetyp normal st and t abnorm wahrscheinlich anterolaterale ischämie oder linksbelastung inferiore ischämie oder linksbelastung xxxx unbestätigter bericht ,1,
 sinusrhythmus av block i lagetyp normal unspezifische intraventrikuläre leitungsstörung unspezifisch abnormes st and t ( hebung ) xxxx unbestätigter bericht ,1,
 sinusrhythmus lagetyp normal multiforme ves sves bigeminie ,1,
 sinusrhythmus lagetyp normal unvollständiger linksschenkelblock ,3,
 sinustachykardie lagetyp normal intraventr leitungsstoerung ii iii f st - hebung v2 ecg normal ,1,
 ventrikuläre extrasystole ( n ) sinus arrhythmie lagetyp normal t abnorm in anterioren ableitungen inferolateralen ableitungen xxxx unbestätigter bericht ,1,
 sinusrhythmus p - sinistrocardiale lagetyp normal mässige amplitudenkriterien für linkshypertrophie xxxx unbestätigter bericht ,3,
 sinusrhythmus av block i lagetyp normal unvollständiger rechtsschenkelblock unspezifisches abnormales t qt - verlängerung ,1,
 sinusrhythmus linkstyp st n inferiorem infarkt ,1,
 sinusrhythmus p - verbreiterung lagetyp normal qrs ( t ) abnormal inferiorer infarkt wahrscheinlich alt st and t abnormal wahrscheinlich anterolaterale ischämie oder linksbelastung ,1,
 sinusrhythmus av block i ueberdrehter linkstyp qrs ( t ) abnormal anteroseptaler myokardschaden möglich inferiorer infarkt wahrscheinlich alt ,1,
 tachykardes vorhofflimmern ueberdrehter linkstyp linksschenkelblock linkshypertrophie möglich xxxx unbestätigter bericht ,3,
 sinusrhythmus ueberdrehter linkstyp linksanteriorer fascicular block qrs ( t ) abnorm septaler infarkt nicht auszuschliessen t abnorm in hochlateralen ableitungen xxxx unbestätigter bericht ,1,
 ventrikuläre extrasystole ( n ) sinusrhythmus linkstyp qrs ( t ) abnorm inferiorer infarkt wahrscheinlich alt xxxx unbestätigter bericht ,1,
 sinusrhythmus av block i p - sinistrocardiale ueberdrehter linkstyp linksanteriorer fascicular block rechtsschenkelblock bifaszikulärer block xxxx unbestätigter bericht ,2,
 ventrikuläre extrasystole ( n ) sinusrhythmus lagetyp normal qrs ( t ) abnorm anterolateraler myokardschaden möglich inferiorer infarkt alter unbest xxxx unbestätigter bericht ,1,
 sinusrhythmus lagetyp normal periphere niederspannung t abnorm in inferioren ableitungen qt - verlängerung xxxx unbestätigter bericht ,1,
 sinus arrhythmie linkstyp qrs ( t ) abnormal inferiorer infarkt möglich ,1,
 sinusrhythmus linkstyp unspezifische intraventrikuläre leitungsstörung qrs ( t ) abnormal inferiorer infarkt alter unbest ,2,
 sinustachykardie lagetyp normal mässige amplitudenkriterien f#r linkshypertrophie ,1,
 tachykardes vorhofflimmern lagetyp normal ,4,
 ventrikuläre extrasystole ( n ) sinusrhythmus verdacht auf p - sinistrocardiale linkstyp qrs ( t ) abnorm anterolateraler infarkt möglich inferiorer infarkt wahrscheinlich alt xxxx unbestätigter bericht ,1,
 sinusrhythmus p - sinistrocardiale linkstyp qrs ( t ) abnormal anteroseptaler infarkt möglich inferiorer infarkt wahrscheinlich alt t abnormal in lateralen ableitungen ,1,
 sinusbradykardie lagetyp normal linkshypertrophie möglich ,1,
 ventrikuläre extrasystole ( n ) sinus arrhythmie lagetyp normal t neg in iii avf p - mitrale in v1 st n infero - posteriorem infarkt vor xxxx wochen ,1,
 tachykardes vorhofflimmern ueberdrehter rechtstyp linksposteriorer fascicular block rechtsschenkelblock bifaszikulärer block qrs ( t ) abnormal hochlateraler infarkt möglich ,1,
 sinus arrhythmie lagetyp normal t abnorm in anteroseptalen ableitungen xxxx unbestätigter bericht edit injan xxxx ( iscas ) ,1,
 sinusrhythmus lagetyp normal qrs ( t ) abnorm anteroseptaler infarkt alter unbest inferiorer infarkt wahrscheinlich alt xxxx unbestätigter bericht ,1,
 sinus arrhythmie p - verbreiterung lagetyp normal t abnorm in inferioren ableitungen xxxx unbestätigter bericht ,1,
 tachykardes vorhofflimmern rechtstyp linksposteriorer fascicular block t abnorm in inferioren ableitungen ,1,
 sinusrhythmus lagetyp normal linkshypertrophie st - senkung in v5 - xxxx u - welle in v2 - xxxx dd kaliummangel ,1,
 sinusrhythmus lagetyp normal fragl p - mitrale ,1,
 supraventrikuläre extrasystole ( n ) sinusrhythmus linkstyp linkshypertrophie möglich xxxx unbestätigter bericht ,1,
 sinusrhythmus lagetyp normal p pulmonale intraventr leitungsstoerung ii iii l f r v1 vorhofsueberbelastung rechts st - hebung v1 - v3 ecg pathologisch ,1,
 vorhofflimmern - flattern lagetyp normal periphere niederspannung qrs ( t ) abnormal anteroseptaler infarkt alter unbest ,1,
 sinusrhythmus lagetyp normal intraventr leitungsstoerung ii iii avf schlechte r - progression st - hebung v1 - v4 ecg pathologisch ,1,
 sinusbradykardie linkstyp t abnormal wahrscheinlich anterolateraler myokardschaden inferolateraler myokardschaden ,1,
 sinusbradykardie lagetyp normal t abnormal in anterioren ableitungen lateralen ableitungen edit injas injal sokolow xxxx ( injas iscal ) ,1,
 vorhofflimmern - flattern lagetyp normal st and t abnorm wahrscheinlich anteriore ischämie oder linksbelastung t abnorm in inferioren ableitungen xxxx unbestätigter bericht ,1,
 sinusrhythmus p - verbreiterung lagetyp normal unspezifischer intraventrikulärer block qrs ( t ) abnorm lateraler infarkt wahrscheinlich alt xxxx unbestätigter bericht ,1,
 sinusrhythmus lagetyp normal t - veränderungen in ii avf v4 - v6 ecg pathologisch ,1,
 sinusbradykardie lagetyp normal t abnormal in anterioren ableitungen lateralen ableitungen edit injas sokolow xxxx ( injas iscal ) ,1,
 sinusrhythmus lagetyp normal qrs ( t ) abnormal anteroseptaler infarkt wahrscheinlich alt hochlateraler infarkt möglich st and t abnormal wahrscheinlich laterale ischämie oder linksbelastung inferolaterale ischämie oder linksbelastung ,1,
 sinusrhythmus linkstyp unvollständiger rechtsschenkelblock qrs ( t ) abnorm inferiorer infarkt möglich st and t abnorm wahrscheinlich anterolaterale ischämie oder linksbelastung t abnorm in anterioren ableitungen xxxx unbestätig ,1,
 ventrikuläre extrasystole ( n ) vorhofflimmern - flattern lagetyp normal st and t abnorm wahrscheinlich anteriore ischämie oder linksbelastung laterale ischämie oder linksbelastung inferolaterale ischämie oder linksbelastung xxxx ,1,
 sinusrhythmus ueberdrehter linkstyp unvollständiger linksschenkelblock qrs ( t ) abnorm anteroseptaler myokardschaden nicht auszuschliessen st and t abnorm wahrscheinlich anterolaterale ischämie oder linksbelastung t abnorm in inferolateralen ableitunge ,1,
 p wave axis is abnormal rhythm is probably junctional otherwise normal ecg tracing is similar to that of xxxx ,1,
 sinus - bradykardie linkstyp ecg wahrscheinlich normal ,1,
 sinusrhythmus lagetyp normal signifik q iii st - hebung iii t - veraenderungen flach avl ecg normal ,1,
 sinusrhythmus p - sinistrocardiale lagetyp normal qrs ( t ) abnorm inferiorer infarkt alter unbest st and t abnorm wahrscheinlich anterolaterale ischämie oder linksbelastung xxxx unbestätigter bericht ,4,
 sinusrhythmus lagetyp normal mässige amplitudenkriterien für linkshypertrophie st and t abnorm wahrscheinlich inferolaterale ischämie oder linksbelastung xxxx unbestätigter bericht ,1,
 sinusrhythmus p - verbreiterung lagetyp normal unspezifisches abnormes t xxxx unbestätigter bericht ,3,
 sinusbradykardie lagetyp normal qrs ( t ) abnormal anteroseptaler infarkt alter unbest st and t abnormal wahrscheinlich hochlaterale ischämie oder linksbelastung t abnormal in anterioren ableitungen ,1,
 sinusrhythmus av block i lagetyp normal qrs ( t ) abnorm anteroseptaler myokardschaden nicht auszuschliessen xxxx unbestätigter bericht ,2,
 sinusrhythmus linkstyp qrs ( t ) abnormal inferiorer myokardschaden nicht auszuschliessen t abnormal in hochlateralen ableitungen qt - verlängerung ,1,
 vorhofflimmern - flattern rechtstyp unspezifischer intraventrikulärer block xxxx unbestätigter bericht ,2,
 vorhofflimmern - flattern lagetyp normal periphere niederspannung qrs ( t ) abnormal anteroseptaler myokardschaden nicht auszuschliessen t abnormal in inferioren ableitungen ,1,
 vorhofflimmern normokard ueberdrehter linkstyp rechtsschenkelblock bifaszikulärer block ecg pathologisch ,1,
 supraventrikuläre arrhythmie linkstyp periphere niederspannung linksschenkelblock xxxx unbestätigter bericht ,1,
 vorhofflimmern - flattern schwierig bestimmbare qrs - achse periphere niederspannung linksposteriorer fascicular block st and t abnormal wahrscheinlich anteroseptale ischämie oder linksbelastung t abnormal in anterioren ableitungen inferolateralen ableitungen ,1,
 sinusrhythmus linkstyp qrs ( t ) abnormal inferiorer infarkt wahrscheinlich alt st and t abnormal wahrscheinlich anterolaterale ischämie oder linksbelastung ,1,
 sinusrhythmus linkstyp unvollständiger rechtsschenkelblock av - block xxxx grades ,1,
 sinustachykardie linkstyp linksschenkelblock ,1,
 sinusrhythmus ueberdrehter linkstyp periphere niederspannung qrs ( t ) abnormal inferiorer infarkt wahrscheinlich alt t abnormal in anterioren ableitungen ,1,
 sinusrhythmus lagetyp normal qrs ( t ) abnorm anteroseptaler myokardschaden nicht auszuschliessen qt - verlängerung xxxx unbestätigter bericht ,1,
 tachykardes vorhofflimmern ueberdrehter rechtstyp periphere niederspannung linksposteriorer fascicular block rechtshypertrophie qrs ( t ) abnormal hochlateraler infarkt möglich ,1,
 vorhofflimmern - flattern lagetyp normal mässige amplitudenkriterien für linkshypertrophie qrs ( t ) abnorm anteroseptaler myokardschaden nicht auszuschliessen st and t abnorm wahrscheinlich anterolaterale ischämie oder linksbelastung inferolaterale i ,2,
 sinusrhythmus p - verbreiterung lagetyp normal qrs ( t ) abnormal hochlateraler infarkt möglich ,1,
 sinus bradykardie lagetyp normal grenzbefund ,1,
 sinusrhythmus av block i lagetyp normal linkshypertrophie qrs ( t ) abnormal inferiorer infarkt alter unbest ,1,
 tachykardes vorhofflimmern ueberdrehter rechtstyp r - s #bergang in v ableitungen nach rechts verschoben periphere niederspannung linksposteriorer fascicular block unvollständiger rechtsschenkelblock rechtshypertrophie möglich qrs ( t ) abnormal hochlateraler infa ,1,
 sinusrhythmus linkstyp qrs ( t ) abnorm anterolateraler infarkt alter unbest inferiorer infarkt wahrscheinlich alt xxxx unbestätigter bericht ,1,
 supraventrikuläre arrhythmie linkstyp qrs ( t ) abnorm inferiorer infarkt wahrscheinlich alt t abnorm in hochlateralen ableitungen xxxx unbestätigter bericht ,1,
 sinusrhythmus lagetyp normal st and t abnorm wahrscheinlich laterale ischämie oder linksbelastung inferolaterale ischämie oder linksbelastung xxxx unbestätigter bericht ,2,
 sinusrhythmus linkstyp st - senkung diskret apikal ,1,
 sinustachykardie linkstyp ,2,
 sinusrhythmus ueberdrehter linkstyp qrs ( t ) abnorm anteroseptaler infarkt alter unbest inferiorer infarkt wahrscheinlich alt xxxx unbestätigter bericht ,1,
 sinusrhythmus av block i lagetyp normal amplitudenkriterien f#r linkshypertrophie ,1,
 sinusrhythmus lagetyp normal qrs ( t ) abnormal anteroseptaler infarkt mögl akut st and t abnormal wahrscheinlich anterolaterale ischämie oder linksbelastung inferolaterale ischämie oder linksbelastung ,1,
 sinusrhythmus p - sinistrocardiale linkstyp periphere niederspannung qrs ( t ) abnorm anterolateraler myokardschaden nicht auszuschliessen xxxx unbestätigter bericht ,1,
 sinusrhythmus ueberdrehter linkstyp linksanteriorer fascicular block qrs ( t ) abnorm anteroseptaler infarkt alter unbest t abnorm in anterioren ableitungen inferioren ableitungen xxxx unbestätigter bericht ,1,
 supraventrikuläre tachykardie lagetyp normal unspezifischer intraventrikulärer block qrs ( t ) abnorm inferiorer infarkt alter unbest xxxx unbestätigter bericht ,1,
 sinusrhythmus linkstyp qrs ( t ) abnorm anteriorer infarkt wahrscheinlich alt inferiorer infarkt möglich xxxx unbestätigter bericht ,1,
 sinustachykardie lagetyp normal st - hebung inferior und v1 - xxxx ,1,
 sinusrhythmus ueberdrehter rechtstyp postant fascicular block links ecg pathologisch ,1,
 supraventrikuläre extrasystole ( n ) trigeminus sinusrhythmus verdacht auf p - sinistrocardiale lagetyp normal st and t abnorm wahrscheinlich laterale ischämie oder linksbelastung t abnorm in anterioren ableitungen xxxx unbestätigte ,1,
 sinustachykardie linkstyp qrs ( t ) abnormal hochlateraler infarkt möglich ,1,
 sinus bradykardie lagetyp normal intraventr leitungsstoerung avl av - block i grades t - veraenderungen v1 ecg wahrscheinlich normal ,1,
 sinusbradykardie lagetyp normal qrs ( t ) abnorm anteroseptaler infarkt alter unbest t abnorm in anterioren ableitungen hochlateralen ableitungen xxxx unbestätigter bericht ,1,
 sinusrhythmus ueberdrehter linkstyp unvollständiger linksschenkelblock qrs ( t ) abnorm inferiorer infarkt alter unbest xxxx unbestätigter bericht ,1,
 sinusrhythmus linkstyp unspezifische intraventrikuläre leitungsstörung t flach inferior ,1,
 sinusrhythmus verdacht auf p - sinistrocardiale lagetyp normal qrs ( t ) abnorm inferiorer infarkt wahrscheinlich alt ,2,
 sinusrhythmus lagetyp normal intraventr leitungsstoerung iii avl ecg normal ,1,
 supraventrikuläre extrasystole ( n ) bigeminus supraventrikuläre ersatzsystole ( n ) supraventrikuläre arrhythmie lagetyp normal st and t abnorm wahrscheinlich anterolaterale ischämie oder linksbelastung inferolaterale ischämie oder linksbelastung xxxx ,1,
 sinusrhythmus lagetyp normal intraventr leitungsstoerung avf iii v3 st - hebung v1 - v3 ecg wahrscheinlich normal ,1,
 sinustachykardie ueberdrehter linkstyp qrs ( t ) abnormal st and t abnormal av - block xxxx grades schenkelblock links - ant fascicular block pathologisch ,1,
 vorhofflimmern - flattern rechtstyp linksposteriorer fascicular block rechtsschenkelblock bifaszikulärer block qrs ( t ) abnormal hochlateraler infarkt möglich ,1,
 sinustachykardie lagetyp normal unvollständiger rechtsschenkelblock rechtshypertrophie möglich qrs ( t ) abnormal lateraler myokardschaden möglich ,1,
 sinusrhythmus p - sinistrocardiale lagetyp normal rechtsschenkelblock qrs ( t ) abnorm inferiorer infarkt wahrscheinlich alt xxxx unbestätigter bericht ,2,
 vorhofflimmern - flattern lagetyp normal mässige amplitudenkriterien für linkshypertrophie xxxx unbestätigter bericht ,1,
 tachykardes vorhofflimmern lagetyp normal periphere niederspannung qrs ( t ) abnormal inferiorer myokardschaden nicht auszuschliessen st and t abnormal wahrscheinlich anterolaterale ischämie oder linksbelastung ,1,
 ventrikuläre extrasystole ( n ) sinus arrhythmie lagetyp normal qrs ( t ) abnorm anteriorer infarkt alter unbest t abnorm in lateralen ableitungen xxxx unbestätigter bericht ,1,
 sinusrhythmus av block i ueberdrehter linkstyp unspezifischer intraventrikulärer block qrs ( t ) abnorm anteroseptaler infarkt mögl akut xxxx unbestätigter bericht ,2,
 sinus arrhythmie lagetyp normal unvollständiger linksschenkelblock xxxx unbestätigter bericht ,1,
 supraventrikuläre extrasystole ( n ) sinusrhythmus linkstyp qrs ( t ) abnorm septaler infarkt nicht auszuschliessen inferiorer infarkt wahrscheinlich alt xxxx unbestätigter bericht ,1,
 sinusbradykardie linkstyp av - block xxxx grades pathologisch ,1,
 vorhofflimmern - flattern ueberdrehter linkstyp linksanteriorer fascicular block st and t abnorm wahrscheinlich hochlaterale ischämie oder linksbelastung t abnorm in anterioren ableitungen xxxx unbestätigter bericht ,1,
 sinusrhythmus av block i lagetyp normal vorhofsueberlastung rechts pathologisch ,1,
 supraventrikuläre extrasystole ( n ) sinusrhythmus verdacht auf p - sinistrocardiale lagetyp normal periphere niederspannung linksschenkelblock xxxx unbestätigter bericht ,1,
 ventrikuläre extrasystole ( n ) sinus arrhythmie p - verbreiterung ueberdrehter linkstyp rechtsschenkelblock qrs ( t ) abnorm inferiorer infarkt wahrscheinlich alt xxxx unbestätigter bericht ,1,
 supraventrikuläre extrasystole ( n ) sinustachykardie verdacht auf p - sinistrocardiale lagetyp normal periphere niederspannung linksschenkelblock ,1,
 sinustachykardie p - sinistrocardiale linkstyp rechtsschenkelblock xxxx unbestätigter bericht ,1,
 ventrikuläre extrasystole ( n ) sinusrhythmus verdacht auf p - sinistrocardiale linkstyp qrs ( t ) abnorm anteroseptaler infarkt wahrscheinlich alt inferiorer infarkt wahrscheinlich alt xxxx unbestätigter bericht ,1,
 sinusrhythmus schwierig bestimmbare qrs - achse qrs ( t ) abnorm lateraler infarkt wahrscheinlich alt inferiorer infarkt möglich xxxx unbestätigter bericht ,1,
 sinusrhythmus ueberdrehter linkstyp linksanteriorer fascicular block rechtsschenkelblock av - block xxxx grades pathologisch ,1,
 sinusrhythmus rechtstyp qt - verlängerung xxxx unbestätigter bericht ,1,
 sinusrhythmus p - sinistrocardiale linkstyp rechtsschenkelblock xxxx unbestätigter bericht ,1,
 sinusrhythmus av block i lagetyp normal st and t abnorm wahrscheinlich inferiore ischämie oder linksbelastung t abnorm in lateralen ableitungen xxxx unbestätigter bericht ,1,
 supraventrikuläre tachykardie lagetyp normal unspezifisches abnormales t ,1,
 sinusrhythmus lagetyp normal unspezifischer intraventrikulärer block qrs ( t ) abnorm inferiorer infarkt wahrscheinlich alt xxxx unbestätigter bericht ,2,
 supraventrikuläre extrasystole ( n ) sinusrhythmus ueberdrehter linkstyp linksanteriorer fascicular block qrs ( t ) abnormal st and t abnormal pathologisch ,1,
 sinusrhythmus p - sinistrocardiale lagetyp normal qrs ( t ) abnorm inferiorer infarkt wahrscheinlich alt t abnorm in anteroseptalen ableitungen xxxx unbestätigter bericht ,1,
 sinusrhythmus p - verbreiterung lagetyp normal unspezifische intraventrikuläre leitungsstörung linkshypertrophie möglich xxxx unbestätigter bericht ,1,
 supraventrikuläre extrasystole ( n ) sinusrhythmus lagetyp normal unvollständiger rechtsschenkelblock st and t abnorm wahrscheinlich anterolaterale ischämie oder linksbelastung t abnorm in inferolateralen ableitungen xxxx unbestäti ,1,
 vorhofflimmern - flattern ueberdrehter linkstyp rechtsschenkelblock qrs ( t ) abnorm anteroseptaler infarkt alter unbest xxxx unbestätigter bericht ,1,
 sinusrhythmus überdrehter linkstyp schenkelblock links ant fascicular block pathologisches ecg ,1,
 sinusrhythmus verdacht auf p - sinistrocardiale lagetyp normal linkshypertrophie möglich qrs ( t ) abnorm inferiorer myokardschaden möglich xxxx unbestätigter bericht ,1,
 tachykardes vorhofflimmern ueberdrehter linkstyp periphere niederspannung linksschenkelblock linkshypertrophie möglich xxxx unbestätigter bericht ,1,
 sinusrhythmus av block i ueberdrehter linkstyp unspezifischer intraventrikulärer block qrs ( t ) abnorm lateraler infarkt alter unbest xxxx unbestätigter bericht ,1,
 tachykardes vorhofflimmern ueberdrehter linkstyp qrs ( t ) abnormal anteriorer infarkt möglich inferiorer infarkt mögl akut st and t abnormal wahrscheinlich hochlaterale ischämie oder linksbelastung ,1,
 sinusrhythmus lagetyp normal periphere niederspannung t abnorm in anterioren ableitungen hochlateralen ableitungen qt - verlängerung xxxx unbestätigter bericht edit injan ( injas ) ,1,
 ventrikuläre extrasystole ( n ) interponierte ventrikuläre extrasystole ( n ) sinusrhythmus ueberdrehter linkstyp unspezifisches abnormes t qt - verlängerung xxxx unbestätigter bericht ,1,
 vorhofflimmern - flattern rechtstyp unspezifische intraventrikuläre leitungsstörung unspezifisches abnormes t xxxx unbestätigter bericht ,1,
 sinusrhythmus linksschenkelblock linkshypertrophie möglich ,1,
 sinusrhythmus linkstyp r - s übergang in v ableitungen nach rechts verschoben sonst normales ecg xxxx unbestätigter bericht edit norm xxxx ( norm xxxx ivcb ) ,1,
 sinusrhythmus linkstyp qrs ( t ) abnorm anteroseptaler myokardschaden möglich inferiorer infarkt wahrscheinlich alt xxxx unbestätigter bericht ,1,
 sinusrhythmus av block i p - verbreiterung ueberdrehter linkstyp unspezifischer intraventrikulärer block qrs ( t ) abnorm lateraler infarkt alter unbest xxxx unbestätigter bericht ,1,
 sinusrhythmus linkslagetyp vorhofsüberbelastung links pathologisches ecg ,1,
 sinustachykardie ueberdrehter linkstyp periphere niederspannung unvollständiger rechtsschenkelblock qrs ( t ) abnormal inferiorer infarkt wahrscheinlich alt st and t abnormal wahrscheinlich anteriore ischämie oder linksbelastung ,1,
 sinusrhythmus verdacht auf p - sinistrocardiale linkstyp qrs ( t ) abnorm anteroseptaler infarkt wahrscheinlich alt inferiorer infarkt wahrscheinlich alt t abnorm in anterolateralen ableitungen xxxx unbestätigter bericht ,1,
 sinusrhythmus ueberdrehter linkstyp r - s #bergang in v ableitungen nach links verschoben linksanteriorer fascicular block unspezifisches abnormales t ,2,
 ventrikuläre extrasystole ( n ) sinus arrhythmie p - sinistrocardiale lagetyp normal qrs ( t ) abnorm inferiorer myokardschaden nicht auszuschliessen xxxx unbestätigter bericht ,1,
 sinusrhythmus p - sinistrocardiale linkstyp unspezifische intraventrikuläre leitungsstörung ,1,
 ventrikuläre extrasystole ( n ) trigeminus sinusrhythmus ueberdrehter linkstyp qrs ( t ) abnormal anteroseptaler infarkt mögl akut st abnormal möglicherweise lateraler innenschichtsschaden ,1,
 sinusrhythmus mittel - steillagetyp intraventr leitungsstörung iii t - veränderungen neg in iii avf v1 normales ecg ,1,
 sinusrhythmus lagetyp normal st - hebung in v2 - xxxx neg t in iii avf verzögerte r - progression normales ecg ,1,
 sinusrhythmus p - verbreiterung linkstyp qrs ( t ) abnorm inferiorer infarkt alter unbest t abnorm in anterolateralen ableitungen xxxx unbestätigter bericht ,1,
 ventrikuläre extrasystole ( n ) supraventrikuläre extrasystole ( n ) sinusrhythmus p - verbreiterung linkstyp unspezifischer intraventrikulärer block ,1,
 sinus arrhythmie linkstyp periphere niederspannung qrs ( t ) abnorm inferiorer infarkt wahrscheinlich alt xxxx unbestätigter bericht ,1,
 vorhofflimmern - flattern lagetyp normal st and t abnorm wahrscheinlich anteriore ischämie oder linksbelastung inferolaterale ischämie oder linksbelastung xxxx unbestätigter bericht ,2,
 sinus arrhythmie p - sinistrocardiale linkstyp qrs ( t ) abnorm inferiorer infarkt alter unbest xxxx unbestätigter bericht ,1,
 sinusrhythmus ueberdrehter linkstyp unspezifische intraventrikuläre leitungsstörung linkshypertrophie möglich qrs ( t ) abnorm anteroseptaler myokardschaden möglich xxxx unbestätigter bericht ,1,
 sinusrhythmus schwierig bestimmbare qrs - achse xxxx unbestätigter bericht ,1,
 sinus arrhythmie lagetyp normal t abnorm in inferioren ableitungen xxxx unbestätigter bericht ,1,
 sinusbradykardie llt sv - es st - hebung in v1 - xxxx grenzwertiger av - block xxxx mangelhafte r - progression in v1 - xxxx grenzbefund ,1,
 sinusrhythmus verdacht auf p - sinistrocardiale ueberdrehter linkstyp linksanteriorer fascicular block t abnorm in anterolateralen ableitungen xxxx unbestätigter bericht ,1,
 sinusrhythmus ueberdrehter linkstyp unspezifische intraventrikuläre leitungsstörung linkshypertrophie qrs ( t ) abnorm anteroseptaler myokardschaden möglich xxxx unbestätigter bericht ,1,
 sinusrhythmus linkstyp qrs ( t ) abnorm inferiorer myokardschaden nicht auszuschliessen xxxx unbestätigter bericht ,4,
 tachykardes vorhofflimmern lagetyp normal qrs ( t ) abnormal anteroseptaler infarkt alter unbest st and t abnormal wahrscheinlich anterolaterale ischämie oder linksbelastung t abnormal in anterioren ableitungen inferolateralen ableitungen ,1,
 sinusrhythmus lagetyp normal periphere niederspannung qrs ( t ) abnormal inferiorer infarkt möglich ,1,
 sinusrhythmus verdacht auf p - sinistrocardiale ueberdrehter linkstyp qrs ( t ) abnorm anteroseptaler infarkt wahrscheinlich alt xxxx unbestätigter bericht ,1,
 sinusbradykardie lagetyp normal periphere niederspannung xxxx unbestätigter bericht ,3,
 sinusrhythmus ueberdrehter linkstyp t abnorm in inferioren ableitungen xxxx unbestätigter bericht ,1,
 sinusrhythmus linkstyp mäglicher inferiorer chronischer infarkt q in iii avf pathologisches egk ,1,
 sinusrhythmus lagetyp normal lagetyp in anbetracht des alters normal unspezifische intraventrikuläre leitungsstörung xxxx unbestätigter bericht ,4,
 sinusrhythmus av block i p - sinistrocardiale linkstyp qrs ( t ) abnorm anteroseptaler myokardschaden nicht auszuschliessen t abnorm in anterolateralen ableitungen xxxx unbestätigter bericht ,1,
 ruhe - ecg zur belastung ruhe - ecg normal belastung normal ,1,
 sinusrhythmus lagetyp normal unvollständiger rechtsschenkelblock qrs ( t ) abnormal inferiorer myokardschaden nicht auszuschliessen ,1,
 sinusrhythmus lagetyp normal fehlende r - progression v1 - xxxx dd mamma ,1,
 sinus arrhythmie verdacht auf p - sinistrocardiale linkstyp ,1,
 sinusrhythmus lagetyp normal qrs ( t ) abnormal anteroseptaler infarkt wahrscheinlich alt t abnormal in anterolateralen ableitungen ,1,
 sinusrhythmus p - sinistrocardiale lagetyp normal periphere niederspannung qrs ( t ) abnorm anteriorer infarkt wahrscheinlich alt inferiorer infarkt wahrscheinlich alt xxxx unbestätigter bericht ,1,
 tachykardes vorhofflimmern rechtstyp st and t abnorm wahrscheinlich inferiore ischämie oder linksbelastung xxxx unbestätigter bericht ,1,
 sinusrhythmus ueberdrehter linkstyp qrs ( t ) abnormal anterolateraler myokardschaden möglich ,1,
 sinustachykardie qrs ( t ) abnormal septaler infarkt nicht auszuschliessen ,1,
 supraventrikuläre extrasystole ( n ) sinusrhythmus p - sinistrocardiale linkstyp st and t abnorm wahrscheinlich anterolaterale ischämie oder linksbelastung inferolaterale ischämie oder linksbelastung xxxx unbestätigter bericht ,1,
 ruhe - ecg zur belastung normales r - ecg pathologisches ecg unter belastung ,1,
 sinusrhythmus linkstyp chronischer anteroseptaler infarkt möglich q in v2 pathologisch3s ecg ,1,
 ventrikuläre extrasystole ( n ) sinusrhythmus lagetyp normal st and t abnormal intraventr leitungsstoerung pathologisch ,1,
 sinusrhythmus av block i linkstyp st and t abnorm wahrscheinlich anterolaterale ischämie oder linksbelastung xxxx unbestätigter bericht ,1,
 sinusrhythmus linkstyp qrs ( t ) abnormal anterolateraler infarkt möglich inferiorer infarkt alter unbest ,1,
 sinus arrhythmie p - verbreiterung lagetyp normal unspezifischer intraventrikulärer block qrs ( t ) abnorm inferiorer myokardschaden möglich xxxx unbestätigter bericht ,1,
 tachykardes vorhofflimmern lagetyp normal st abnorm möglicherweise anterolateraler innenschichtsschaden xxxx unbestätigter bericht ,1,
 sinustachykardie p - dextrocardiale lagetyp normal xxxx unbestätigter bericht ,1,
 ventrikuläre extrasystole ( n ) vorhofflimmern - flattern lagetyp normal linkshypertrophie möglich qt - verlängerung xxxx unbestätigter bericht ,1,
 vorhofflimmern - flattern ueberdrehter linkstyp linksanteriorer fascicular block qrs ( t ) abnorm anteroseptaler infarkt wahrscheinlich alt t abnorm in hochlateralen ableitungen xxxx unbestätigter bericht ,1,
 ventrikuläre extrasystole ( n ) sinusrhythmus p - sinistrocardiale lagetyp normal linkshypertrophie qrs ( t ) abnorm inferiorer infarkt alter unbest xxxx unbestätigter bericht ,1,
 sinusrhythmus verdacht auf p - sinistrocardiale ueberdrehter linkstyp qrs ( t ) abnorm anteroseptaler myokardschaden möglich inferiorer infarkt wahrscheinlich alt t abnorm in hochlateralen ableitungen xxxx unbestätigter beric ,1,
 ventrikuläre extrasystole ( n ) bigeminus sinus arrhythmie av block i p - verbreiterung linkstyp qrs ( t ) abnorm inferiorer infarkt wahrscheinlich alt st and t abnorm wahrscheinlich hochlaterale ischämie oder linksbelastung xxxx ,1,
 supraventrikuläre extrasystole ( n ) sinusrhythmus av block i lagetyp normal unvollständiger rechtsschenkelblock qrs ( t ) abnorm inferiorer infarkt alter unbest st and t abnorm wahrscheinlich anteriore ischämie oder linksbelastung hochlaterale is ,1,
 lagetyp normal ,1,
 sinusrhythmus p - dextrocardiale lagetyp normal unspezifisches abnormes t qt - verlängerung xxxx unbestätigter bericht ,1,
 supraventrikuläre extrasystole ( n ) sinusrhythmus av block i linkstyp xxxx unbestätigter bericht ,2,
 sinusrhythmus schwierig bestimmbare qrs - achse rechtsschenkelblock xxxx unbestätigter bericht ,2,
 sinusrhythmus linkstyp qrs ( t ) abnorm anteroseptaler myokardschaden möglich t abnorm in inferioren ableitungen xxxx unbestätigter bericht ,2,
 sinusrytm vänster el - axel ospecifikt inkomplett skänkelblock avvikande qrs ( t ) förlopp inferior infarkt ålder ej bestämmbar st and t sänkning såsom vid anterolateral ischemi eller vänster belastning ,1,
 sinusrhythmus p - verbreiterung lagetyp normal r - s übergang in v ableitungen nach rechts verschoben st and t abnorm wahrscheinlich anteriore ischämie oder linksbelastung xxxx unbestätigter bericht ,1,
 slag med avvikande impulsutbredning sinusrytm normalt ecg ,1,
 sinus arrhythmie lagetyp normal unspezifische intraventrikuläre leitungsstörung ,1,
 sinusrhythmus lagetyp normal unspezifische abnormale st - senkung unspezifisches abnormales t wahrscheinlich normal ,2,
 ventrikuläre extrasystole ( n ) supraventrikuläre extrasystole ( n ) supraventrikuläre arrhythmie lagetyp normal qrs ( t ) abnorm anteroseptaler infarkt wahrscheinlich alt xxxx unbestätigter bericht ,1,
 sinusrhythmus linkstyp qrs ( t ) abnorm anterolateraler myokardschaden möglich xxxx unbestätigter bericht ,1,
 regelmässiger rhythmus keine p - welle erkannt ueberdrehter linkstyp unspezifischer intraventrikulärer block qrs ( t ) abnorm anteroseptaler infarkt mögl akut xxxx unbestätigter bericht ,1,
 vorhofflimmern - flattern lagetyp normal r - s übergang in v ableitungen nach rechts verschoben mässige amplitudenkriterien für linkshypertrophie st and t abnorm wahrscheinlich anterolaterale ischämie oder linksbelastung inferolaterale ischämie oder lin ,1,
 sinusrhythmus verdacht auf p - sinistrocardiale ueberdrehter linkstyp linksanteriorer fascicular block qrs ( t ) abnorm anteroseptaler infarkt wahrscheinlich alt t abnorm in hochlateralen ableitungen xxxx unbestätigter bericht ,1,
 sinusrhythmus p - sinistrocardiale ueberdrehter linkstyp linksanteriorer fascicular block xxxx unbestätigter bericht ,1,
 sinusrhythmus verdacht auf p - sinistrocardiale linkstyp qrs ( t ) abnorm anteroseptaler infarkt alter unbest t abnorm in anterioren ableitungen hochlateralen ableitungen xxxx unbestätigter bericht ,1,
 sinusrhythmus schulterartige st - hebung v3 sonst ob ,1,
 supraventrikuläre extrasystole ( n ) sinusrhythmus lagetyp normal rechtsschenkelblock xxxx unbestätigter bericht ,1,
 sinus arrhythmie linkstyp t abnorm in inferioren ableitungen xxxx unbestätigter bericht ,1,
 sinusrhythmus linkstyp unvollständiger rechtsschenkelblock qrs ( t ) abnorm lateraler myokardschaden möglich xxxx unbestätigter bericht ,1,
 sinusrhythmus verdacht auf p - sinistrocardiale lagetyp normal unspezifische intraventrikuläre leitungsstörung qrs ( t ) abnorm anterolateraler infarkt möglich inferiorer infarkt alter unbest xxxx unbestätigter bericht ,1,
 ventrikuläre extrasystole ( n ) sinusrhythmus verdacht auf p - sinistrocardiale lagetyp normal rechtsschenkelblock qrs ( t ) abnorm anterolateraler infarkt möglich inferiorer infarkt alter unbest xxxx unbestätigter bericht ,1,
 supraventrikuläre extrasystole ( n ) sinustachykardie lagetyp normal sonst normales ecg xxxx unbestätigter bericht ,1,
 sinusrhythmus li - typ sonst normales ecg ,1,
 beschleunigter av - rhythmus linkstyp unvollständiger rechtsschenkelblock qrs ( t ) abnorm inferiorer infarkt möglich st and t abnorm wahrscheinlich anteriore ischämie oder linksbelastung t abnorm in lateralen ableitungen xxxx unb ,1,
 beschleunigter av - rhythmus linkstyp unvollständiger rechtsschenkelblock qrs ( t ) abnorm inferiorer infarkt möglich st and t abnorm wahrscheinlich anterolaterale ischämie oder linksbelastung xxxx unbestätigter bericht ,1,
 supraventrikuläre extrasystole ( n ) sinusrhythmus av block i lagetyp normal qrs ( t ) abnorm anteroseptaler infarkt wahrscheinlich alt st and t abnorm wahrscheinlich anterolaterale ischämie oder linksbelastung xxxx unbestätig ,1,
 sinusrhythmus linkstyp qrs ( t ) abnorm anteroseptaler myokardschaden möglich inferiorer infarkt wahrscheinlich alt t abnorm in hochlateralen ableitungen xxxx unbestätigter bericht ,1,
 ventrikuläre extrasystole ( n ) sinus arrhythmie lagetyp normal qrs ( t ) abnorm inferiorer infarkt alter unbest st and t abnorm wahrscheinlich anterolaterale ischämie oder linksbelastung xxxx unbestätigter bericht ,1,
 sinusbradykardie ( betablockiert ) linkstyp st - hebung in v1 - xxxx t neg in v1 - xxxx avl i fehlende r - progression v1 - xxxx ,1,
 sinusrhythmus linkstyp qrs ( t ) abnorm inferiorer myokardschaden nicht auszuschliessen ,1,
 sinusrhythmus verdacht auf p - sinistrocardiale lagetyp normal st and t abnorm wahrscheinlich anterolaterale ischämie oder linksbelastung t abnorm in anterioren ableitungen xxxx unbestätigter bericht ,1,
 ventrikuläre extrasystole ( n ) pentageminie sinusrhythmus av block i ueberdrehter linkstyp anteriorer infarkt partieller links ant fascicular block linke vorhofsüberbelastung pathologisches ecg ,1,
 ventrikuläre extrasystole ( n ) supraventrikuläre extrasystole ( n ) sinustachykardie linkstyp qrs ( t ) abnormal anteroseptaler infarkt alter unbest inferiorer infarkt wahrscheinlich alt st and t abnormal wahrscheinlich anterolaterale ischämie od ,1,
 sinusrhythmus ueberdrehter linkstyp linksanteriorer fascicular block qrs ( t ) abnorm inferiorer infarkt wahrscheinlich alt ,1,
 sinusrhythmus p - verbreiterung linkstyp unspezifische intraventrikuläre leitungsstörung mässige amplitudenkriterien für linkshypertrophie qrs ( t ) abnorm anteroseptaler infarkt wahrscheinlich alt xxxx unbestätigter bericht ,1,
 ventrikuläre extrasystole ( n ) tachykardes vorhofflimmern ueberdrehter linkstyp qrs ( t ) abnorm inferiorer infarkt wahrscheinlich alt t abnorm in hochlateralen ableitungen xxxx unbestätigter bericht ,1,
 ventrikuläre extrasystole ( n ) vorhofflimmern - flattern lagetyp normal unvollständiger rechtsschenkelblock st and t abnorm wahrscheinlich inferiore ischämie oder linksbelastung t abnorm in hochlateralen ableitungen xxxx unbestätig ,1,
 sinusrhythmus linkstyp qrs ( t ) abnorm inferiorer infarkt wahrscheinlich alt st and t abnorm wahrscheinlich hochlaterale ischämie oder linksbelastung t abnorm in anterioren ableitungen xxxx unbestätigter bericht ,1,
 ventrikuläre extrasystole ( n ) sinusrhythmus av block i verdacht auf p - sinistrocardiale lagetyp normal qrs ( t ) abnormal hochlateraler infarkt möglich ,1,
 sinusrhythmus verdacht auf p - sinistrocardiale ueberdrehter linkstyp qrs ( t ) abnorm anteroseptaler infarkt wahrscheinlich alt inferiorer infarkt alter unbest t abnorm in anterolateralen ableitungen xxxx unbestätigter ,1,
 ventrikuläre extrasystole ( n ) sinusrhythmus lagetyp normal qrs ( t ) abnorm inferiorer myokardschaden möglich st and t abnorm wahrscheinlich hochlaterale ischämie oder linksbelastung xxxx unbestätigter bericht ,1,
 sinusrhythmus ueberdrehter linkstyp rechtsschenkelblock qrs ( t ) abnormal anteriorer infarkt wahrscheinlich alt ,1,
 tachykardes vorhofflimmern lagetyp normal st abnorm möglicherweise inferiorer innenschichtsschaden xxxx unbestätigter bericht ,1,
 sinusrhythmus av block i p - verbreiterung lagetyp normal xxxx unbestätigter bericht ,6,
 sinusrhythmus av block i verdacht auf p - sinistrocardiale ueberdrehter linkstyp unspezifischer intraventrikulärer block qrs ( t ) abnorm anteroseptaler infarkt mögl akut xxxx unbestätigter bericht ,1,
 sinustachykardie linkstyp periphere niederspannung chron infriorer infarkt möglich verzögerte r - progression v1 - xxxx ,1,
 supraventrikuläre extrasystole ( n ) trigeminus sinusrhythmus lagetyp normal qt - verlängerung xxxx unbestätigter bericht ,1,
 supraventrikuläre extrasystole ( n ) trigeminus sinusrhythmus linkstyp qrs ( t ) abnorm inferiorer infarkt wahrscheinlich alt st and t abnorm wahrscheinlich anterolaterale ischämie oder linksbelastung t abnorm in anterioren ableitungen xxxx ,1,
 supraventrikuläre extrasystole ( n ) sinusrhythmus linkstyp qrs ( t ) abnorm anteriorer infarkt möglich inferiorer infarkt wahrscheinlich alt st and t abnorm wahrscheinlich hochlaterale ischämie oder linksbelastung xxxx unbe ,1,
 sinusrhythmus p - sinistrocardiale ueberdrehter linkstyp linksanteriorer fascicular block qrs ( t ) abnorm anteroseptaler infarkt wahrscheinlich alt xxxx unbestätigter bericht ,1,
 supraventrikuläre extrasystole ( n ) sinusrhythmus linkstyp qrs ( t ) abnorm inferiorer infarkt wahrscheinlich alt t abnorm in anterolateralen ableitungen xxxx unbestätigter bericht ,1,
 sinusrhythmus lagetyp normal periphere niederspannung t abnorm in anteroseptalen ableitungen xxxx unbestätigter bericht ,2,
 sinusrhythmus p - verbreiterung rechtstyp unspezifisches abnormes t xxxx unbestätigter bericht ,1,
 sinusrhythmus lagetyp normal intraventr leitungsstörungsonst normales ecg ,1,
 supraventrikuläre tachykardie lagetyp normal periphere niederspannung qrs ( t ) abnorm anteroseptaler infarkt wahrscheinlich alt st and t abnorm wahrscheinlich anterolaterale ischämie oder linksbelastung xxxx unbestätigter b ,1,
 sinusrhythmus verdacht auf p - sinistrocardiale ueberdrehter linkstyp r - s übergang in v ableitungen nach links verschoben linksanteriorer fascicular block qrs ( t ) abnorm inferiorer infarkt wahrscheinlich alt st and t abnorm wahrscheinlich hochlaterale isch ,1,
 ventrikuläre extrasystole ( n ) sinusrhythmus verdacht auf p - sinistrocardiale ueberdrehter linkstyp r - s übergang in v ableitungen nach links verschoben linksanteriorer fascicular block qrs ( t ) abnorm inferiorer infarkt wahrscheinlich alt st and t abnorm wahrsc ,1,
 vorhofflimmern - flattern extrem ueberdrehter rechtstyp periphere niederspannung qrs ( t ) abnorm anteriorer infarkt alter unbest inferiorer infarkt wahrscheinlich alt xxxx unbestätigter bericht ,1,
 sinusrhythmus p - sinistrocardiale lagetyp normal unspezifische abnormale st - senkung unspezifisches abnormes t ,1,
 ventrikuläre extrasystole ( n ) sinustachykardie p - sinistrocardiale lagetyp normal periphere niederspannung qrs ( t ) abnorm anteroseptaler infarkt wahrscheinlich alt xxxx unbestätigter bericht ,1,
 sinusbradykardie mittellagetyp lagetyp normal ,1,
 sinusrhythmus linkslagetyp intraventr leitungsstörung in iii normales ecg ,1,
 ventrikuläre extrasystole ( n ) sinus arrhythmie linkstyp unvollständiger linksschenkelblock st and t abnorm wahrscheinlich anterolaterale ischämie oder linksbelastung xxxx unbestätigter bericht ,1,
 ventrikuläre extrasystole ( n ) sinus arrhythmie linkstyp xxxx unbestätigter bericht ,3,
 sinustachykardie linkstyp unspezifisches abnormes t xxxx unbestätigter bericht ,2,
 sinusrhythmus linkslagetyp vorhof - es intraventr leitungsstörung normales ecg ,1,
 sinusrhythmus av block i ueberdrehter linkstyp linksschenkelblock xxxx unbestätigter bericht ,2,
 sinustachykardie lagetyp normal periphere niederspannung linksschenkelblock linkshypertrophie möglich xxxx unbestätigter bericht ,1,
 sinustachykardie st and t abnormal wahrscheinlich ,1,
 ventrikuläre extrasystole ( n ) bigeminus supraventrikuläre extrasystole ( n ) sinustachykardie ueberdrehter linkstyp linksschenkelblock xxxx unbestätigter bericht ,1,
 sinus arrhythmie lagetyp normal linkshypertrophie möglich xxxx unbestätigter bericht ,2,
 tachykardes vorhofflimmern ueberdrehter rechtstyp rechtsschenkelblock xxxx unbestätigter bericht ,2,
 sinusrhythmus p - sinistrocardiale lagetyp normal linksschenkelblock xxxx unbestätigter bericht ,1,
 sinusrhythmus lagetyp normal periphere niederspannung linksschenkelblock xxxx unbestätigter bericht ,2,
 sinusrhythmus linkstyp rechtsschenkelblock qrs ( t ) abnorm anteriorer infarkt alter unbest inferiorer infarkt mögl akut xxxx unbestätigter bericht ,1,
 sinusrhythmus p - sinistrocardiale lagetyp normal unvollständiger rechtsschenkelblock t abnorm in hochlateralen ableitungen ,1,
 sinus arrhythmie lagetyp normal unvollständiger rechtsschenkelblock unspezifisches abnormes t ,1,
 sinusrhythmus linkstyp qrs ( t ) abnorm anterolateraler infarkt möglich inferiorer infarkt wahrscheinlich alt xxxx unbestätigter bericht ,4,
 sinusrhythmus linkstyp mässige amplitudenkriterien für linkshypertrophie st and t abnorm wahrscheinlich anterolaterale ischämie oder linksbelastung xxxx unbestätigter bericht ,3,
 vorhofflimmern - flattern rechtstyp qrs ( t ) abnorm anteroseptaler infarkt alter unbest st and t abnorm wahrscheinlich anterolaterale ischämie oder linksbelastung inferolaterale ischämie oder linksbelastung t abnorm in anterioren ableitungen xxxx ,1,
 ventrikuläre extrasystole ( n ) supraventrikuläre extrasystole ( n ) supraventrikuläre ersatzsystole ( n ) sinusrhythmus lagetyp normal xxxx unbestätigter bericht ,1,
 sinusrhythmus linkstyp r - s übergang in v ableitungen nach rechts verschoben unvollständiger rechtsschenkelblock t abnorm in anteroseptalen ableitungen xxxx unbestätigter bericht ,1,
 vorhofflimmern - flattern ueberdrehter linkstyp unvollständiger rechtsschenkelblock qrs ( t ) abnorm anteriorer infarkt alter unbest inferiorer infarkt alter unbest st and t abnorm wahrscheinlich laterale ischämie oder linksbelastung xxxx ,2,
 sinusrhythmus lagetyp normal qrs ( t ) abnorm anterolateraler infarkt möglich inferiorer infarkt wahrscheinlich alt t abnorm in anterioren ableitungen xxxx unbestätigter bericht ,1,
 sinusrhythmus ueberdrehter linkstyp linksanteriorer fascicular block st and t abnorm wahrscheinlich hochlaterale ischämie oder linksbelastung xxxx unbestätigter bericht ,1,
 ventrikuläre extrasystole ( n ) sinusrhythmus p - sinistrocardiale lagetyp normal unvollständiger rechtsschenkelblock ,1,
 sinusrhythmus p - sinistrocardiale ueberdrehter linkstyp r - s übergang in v ableitungen nach rechts verschoben qrs ( t ) abnorm anteroseptaler myokardschaden möglich xxxx unbestätigter bericht ,1,
 sinusrhythmus lagetyp normal qrs ( t ) abnorm anteroseptaler infarkt wahrscheinlich alt t abnorm in anterolateralen ableitungen inferolateralen ableitungen xxxx unbestätigter bericht ,2,
 ventrikuläre extrasystole ( n ) trigeminus sinus arrhythmie p - sinistrocardiale lagetyp normal periphere niederspannung xxxx unbestätigter bericht ,1,
 sinusrhythmus p - sinistrocardiale lagetyp normal rechtsschenkelblock qrs ( t ) abnorm inferiorer myokardschaden möglich xxxx unbestätigter bericht ,1,
 sinusbradykardie p - verbreiterung lagetyp normal unspezifisches abnormes t xxxx unbestätigter bericht ,1,
 vorhofflimmern - flattern linkstyp qt - verlängerung xxxx unbestätigter bericht ,1,
 vorhofflimmern - flattern lagetyp normal st and t abnorm wahrscheinlich inferolaterale ischämie oder linksbelastung xxxx unbestätigter bericht ,2,
 supraventrikuläre arrhythmie av block i p - sinistrocardiale lagetyp normal xxxx unbestätigter bericht ,1,
 sinusrhythmus p - sinistrocardiale lagetyp normal unspezifisches abnormes t xxxx unbestätigter bericht ,5,
 sinusrhythmus linkstyp r - s übergang in v ableitungen nach rechts verschoben qrs ( t ) abnorm inferiorer infarkt wahrscheinlich alt st and t abnorm wahrscheinlich anteriore ischämie oder linksbelastung hochlaterale ischämie oder linksbelastung xxxx ,1,
 sinusrhythmus verdacht auf p - sinistrocardiale lagetyp normal qrs ( t ) abnorm anteroseptaler myokardschaden nicht auszuschliessen ,2,
 sinusrhythmus lagetyp normal t abnorm in anterioren ableitungen lateralen ableitungen xxxx unbestätigter bericht edit injas xxxx injal xxxx ( injas xxxx injal xxxx ) ,1,
 slag med avvikande impulsutbredning sinusrytm avvikande qrs ( t ) förlopp inferior infarkt ålder ej bestämmbar ,1,
 sinustachykardi avvikande qrs ( t ) förlopp anterior infarkt möjligen färsk st and t sänkning såsom vid inferior ischemi eller vänster belastning edit asmi xxxx almi xxxx frischer infarkt ( asmi xxxx lmi xxxx ) ,1,
 sinusrytm misstänkt vänster kammarhypertrofi avvikande qrs ( t ) förlopp anterior infarkt ålder ej bestämmbar hög lateral infarkt bör övervägas ,1,
 sinusrytm extrem vänster el - axel vänster anteriort fascicular block högersidigt skänkelblock bifascikulärt block avvikande qrs ( t ) förlopp lateral infarkt sannolikt äldre ,1,
 regelbunden rytm inga p - våg funna vänster el - axel låga qrs amplituder i extremitetsavledningarna ,1,
 sinusrytm p förlängd misstänkt vänster kammarhypertrofi avvikande qrs ( t ) förlopp anterior infarkt ålder ej bestämmbarconsensus label derived from { asmi xxxx injal xxxx sr xxxx 0} { asmi xxxx sr xxxx 0} ,1,
 regelbunden rytm inga p - våg funna misstänkt vänster kammarhypertrofi ,1,
 sinusrytm avvikande qrs ( t ) förlopp inferior infarkt ålder ej bestämmbar st and t sänkning såsom vid anterolateral ischemi eller vänster belastningconsensus label derived from { imi xxxx sr xxxx 0} { nst_ xxxx sr xxxx 0} ,1,
 supraventrikuläre extrasystole ( n ) sinusrhythmus verdacht auf p - sinistrocardiale ueberdrehter linkstyp periphere niederspannung qrs ( t ) abnorm anteroseptaler infarkt alter unbest inferiorer infarkt wahrscheinlich alt xxxx ,1,
 sinusrytm vänster el - axel st and t sänkning såsom vid anterior ischemi eller vänster belastning t - förändring såsom vid hög lateral myokardaffektion ,1,
 sinusrhythmus ueberdrehter linkstyp unspezifischer intraventrikulärer block qrs ( t ) abnorm inferiorer infarkt möglich xxxx unbestätigter bericht ,1,
 sinusrytm vänster el - axel t - förändring såsom vid anteroseptal myokardaffektion hög lateral myokardaffektion ,1,
 sinusrhythmus lagetyp normal linksposteriorer fascicular block qrs ( t ) abnorm inferiorer myokardschaden möglich ,1,
 regelbunden rytm inga p - våg funna ospecifik st - förändring ospecifik t - förändring ,1,
 sinusrytm extrem vänster el - axel låga qrs amplituder i extremitetsavledningarna avvikande qrs ( t ) förlopp anterolateral infarkt bör övervägas inferior infarkt sannolikt äldre ,1,
 slag med avvikande impulsutbredning supraventrikulär ( a ) extrasystoli ( er ) regelbunden rytm inga p - våg funna vänster el - axel avvikande qrs ( t ) förlopp inferior infarkt sannolikt äldre t - förändring såsom vid anterior myokardaffektion ,1,
 förmaksflimmer - fladder extrem vänster el - axel vänster anteriort fascicular block högersidigt skänkelblock bifascikulärt block avvikande qrs ( t ) förlopp anteroseptal myokardskada bör övervägas ! ,1,
 sinusbradykardi av block i p förlängd misstänkt vänster kammarhypertrofi avvikande qrs ( t ) förlopp anteroseptal myokardskada bör övervägas ,1,
 sinusrytm misstänkt hypertrofi av vänster förmak avvikande qrs ( t ) förlopp anterior infarkt möjligen färsk t - förändring såsom vid hög lateral myokardaffektion ,1,
 sinusrytm vänster el - axel qt förlängd ,2,
 sinusbradykardi qt förlängd ,1,
 sinusrytm vänster el - axel avvikande qrs ( t ) förlopp anteroseptal infarkt sannolikt äldre t - förändring såsom vid anterolateral myokardaffektion ,1,
 sinusrytm misstänkt hypertrofi av vänster förmak extrem vänster el - axel vänster anteriort fascicular block t - förändring såsom vid hög lateral myokardaffektion ,1,
 sinusrytm vänster el - axel avvikande qrs ( t ) förlopp anteroseptal infarkt sannolikt äldre hög lateral infarkt bör övervägas st and t sänkning såsom vid lateral ischemi eller vänster belastning inferolateral ischemi eller vänster belastning ,1,
 förmaksflimmer - fladder misstänkt vänster kammarhypertrofi qt förlängd ,2,
 sinusrhythmus linkstyp sves ( bigeminie ) ,1,
 sinusrytm vänster el - axel avvikande qrs ( t ) förlopp anterolateral myokardskada kan ej uteslutas ,1,
 sinusrytm horisontalställd el - axel flacka t - vågor anterolateralt och inferolateralt vilket är ospecifickt ,1,
 sinusrytm vänster el - axel st and t sänkning såsom vid anterior ischemi eller vänster belastning hög lateral ischemi eller vänster belastning ,1,
 sinusrhythmus ueberdrehter linkstyp unspezifische intraventrikuläre leitungsstörung qrs ( t ) abnormal anteroseptaler infarkt wahrscheinlich alt inferiorer infarkt wahrscheinlich alt ,1,
 sinusrhythmus lagetyp normal vorhofüberlastung links diskrete st - hebung in v1 - xxxx ,1,
 sinusrytm inkomplett vänstersidigt skänkelblock vänster kammarhypertrofi avvikande qrs ( t ) förlopp inferior infarkt ålder ej bestämmbar ,1,
 sinusrytm vänster el - axel avvikande qrs ( t ) förlopp septal infarkt kan ej uteslutas hög lateral infarkt bör övervägas ,1,
 supraventrikuläre extrasystolen ( bigeminie ) sinusrhythmus lagetyp normal mässige amplitudenkriterien f#r linkshypertrophie ,1,
 sinusrytm ventrikulära extraslag misstänkt vänster kammarhypertrofi lätta st - förändringar lateralt såsom vid ischemi eller vänster kammarbelastning ,1,
 trace only requested edit norm xxxx tor sokolow xxxx ( norm xxxx ) ,1,
 sinusrhythmus lagetyp normal schlechte r - progression t neg in avl flach in v1 v4 v6 ,1,
 ventrikuläre extrasystole ( n ) sinustachykardie verdacht auf p - sinistrocardiale lagetyp normal ,1,
 sinusbradykardie linkshypertrophie möglich qrs ( t ) abnormal inferiorer myokardschaden möglich ,1,
 sinusrhythmus ueberdrehter linkstyp r - s #bergang in v ableitungen nach links verschoben linksanteriorer fascicular block t neg in v1 - xxxx ,1,
 sinusrhythmus linkstyp rechtsschenkelblock t neg in iii ,1,
 sinus arrhythmie av block i linkstyp periphere niederspannung qrs ( t ) abnormal anteroseptaler infarkt mögl akut ,1,
 sinusbradykardie lagetyp normal unspezifischer intraventrikulärer block qrs ( t ) abnorm inferiorer myokardschaden möglich ,1,
 sinusarrhythmie linkstyp av - block xxxx grades intraventr leitungsstoerung i v1 t - veraenderungen hohes t in v2 xxxx ecg pathologisch ,1,
 sinusbradykardie lagetyp normal rechtsschenkelblock hohes t in v3 - xxxx ,1,
 sinusrhythmus lagetyp normal t - veraenderungen wahrscheinlich normal ,2,
 sinusrhythmus lagetyp normal st - hebung v1 - xxxx t - veraenderungen wahrscheinlich normal ,1,
 tachykardes vorhofflimmern lagetyp normal mässige amplitudenkriterien für linkshypertrophie t abnorm in inferioren ableitungen ,1,
 sinusrhythmus verdacht auf p - sinistrocardiale lagetyp normal mässige amplitudenkriterien für linkshypertrophie unspezifisch abnormes st and t ( hebung ) ,1,
 av - block xxxx grades typ i linkstyp intraventr leitungsstoerung f v1 ecg pathologisch ,1,
 sinusrhythmus intraventr leitungsstoerung i iii l f infarkt anterior ( v2 - xxxx ) chronisch moeglich schlechte r - progression v1 - xxxx q in v1 t veraenderungen neg t in v1 v4 v5 biphas lat v2 ecg pathologisch ,1,
 sinusrhythmus qrs ( t ) abnormal hochlateraler myokardschaden ,1,
 sinusrhythmus qrs ( t ) abnormal inferiorer infarkt alter unbest ,1,
 sinusrhythmus verdacht auf p - sinistrocardiale lagetyp normal mässige amplitudenkriterien für linkshypertrophie ,1,
 sinustachykardie lagetyp normal intraventr leitungsstoerung iii t - veraenderungen hoch in v3 v4 periphere low - voltage ecg pathologisch ,1,
 sinusrhythmus ueberdrehter linkstyp linksanteriorer fascicular block q in v1 schwache r - progression v2 - v5 t - veraenderungen neg in v1 ecg patholog ,1,
 sinusrhythmus lagetyp normal normales ecg intraventr leitungsstoerung iii t - veraenderungen ueberhoehung v2 neg in v1 ,1,
 sinusrhythmus linkstyp t - veraenderungen biphas avl neg in v1 neg vorhoefe v1 grenzbefund ,1,
 sinustachykardie lagetyp normal sonst normales ecg t - veraenderungen neg v1 ,1,
 sinusrhythmus st - hebung in v2 partieller rechtsschenkelblock terminal neg t in v1 grenzbefund ,1,
 llt sinusarrhythmie neg t in v1 wahrscheinlich normales ecg ,1,
 sinusrhythmus llt periphere niederspannung normales ecg ,1,
 sinusrhythmus ueberdrehter linkstyp flaches t in iii linksanteri9rer fascicular block pathologisches ecg ,1,
 ventrikuläre extrasystole ( n ) interponierte ventrikuläre extrasystole ( n ) sinus arrhythmie periphere niederspannung qt - verlängerung ,1,
 sinusrhythmus llt st - hebung in v1 - xxxx wahrscheinlich normales ecg ,1,
 sinusrhythmus sagitaltyp q in iii avf nicht signifikant ,1,
 sinusrhythmus verdacht auf p - sinistrocardiale linkstyp st and t abnorm wahrscheinlich anterolaterale ischämie oder linksbelastung ,1,
 sinusrhythmus schenkelblock ueberdrehter rechtstyp intraventr leitungsstoerung avf ii t - veraenderungen neg v1 avl i neg p in i avl ecg pathologisch ,1,
 sinusrhythmus av block i mögliche linke vorhofsüberbelastung lagetyp normal pathologische repolarisation ,1,
 sinusrhythmus p - sinistrocardiale lagetyp normal unspezifischer intraventrikulärer block linkshypertrophie qrs ( t ) abnormal inferiorer infarkt alter unbest ,1,
 sinusrhythmus lagetyp normal normales ecg ekg zum holter ,1,
 sinus arrhythmie lagetyp normal t abnorm in inferioren ableitungen ,1,
 sinusrhythmus lagetyp normal intraventr leitungsstoerung iii avf t - veraenderungen v2 - v6 schlechte r - progression ecg wahrscheinlich normal ,1,
 sinusrhythmus lagetyp normal intraventr leitungsstoerung iii l f t - veraenderungen hoch in v2 - v3 auffallend hohes r in v2 ecg wahrscheinlich normal ,1,
 ventrikuläre extrasystole ( n ) supraventrikuläre extrasystole ( n ) sinusrhythmus linkstyp qrs ( t ) abnormal inferiorer infarkt alter unbest pathologisch ,1,
 sinusrhythmus linkstyp unvollständiger linksschenkelblock ,1,
 sinusrhythmus p - verbreiterung lagetyp normal periphere niederspannung qrs ( t ) abnorm anteroseptaler infarkt wahrscheinlich alt t abnorm in hochlateralen ableitungen xxxx unbestätigter bericht ,1,
 slt normokardes vorhofflimmern q in v1 st - senkung in iii f v3 - xxxx pathologisches ecg ,1,
 ventrikuläre extrasystole ( n ) sinusbradykardie lagetyp normal linkshypertrophie möglich qrs ( t ) abnormal anteroseptaler myokardschaden nicht auszuschliessen ,1,
 sinusrhythmus llt rechts neg t - veraenderungen in iii v1 wahrscheinlich normales ecg ,1,
 sinusrhythmus linkstyp qrs ( t ) abnorm anteroseptaler infarkt wahrscheinlich alt t abnorm in anterioren ableitungen inferioren ableitungen ,1,
 sinusrhythmus linkstyp qrs ( t ) abnormal normal ,2,
 sinusrhythmus linkstyp unvollständiger rechtsschenkelblock qrs ( t ) abnormal inferiorer infarkt alter unbest pathologisch ,1,
 sinusrhythmus p - verbreiterung unspezifisches abnormales t ,1,
 sinustachykardie ueberdrehter linkstyp linksanteriorer fascicular block st and t abnormal wahrscheinlich hochlaterale ischämie oder linksbelastung ,1,
 llt sinusbradykardie wahrscheinlich normales ecg ,1,
 sinusbradykardie lagetyp normal st - senkung neg t in iii avf pathologsiches ecg ,1,
 sinusrhythmus p - verbreiterung linkstyp qrs ( t ) abnormal anteroseptaler infarkt alter unbest inferiorer infarkt wahrscheinlich alt ,1,
 sinusrhythmus ueberdrehter linkstyp vollstaendiger rechtsschenkelblock ant hemmiblock links neg t - veraenderungen in v2 - v6 ii pathologisches ecg ,1,
 sinusrhythmus av block i linkstyp qrs ( t ) abnormal anterolateraler myokardschaden möglich qt - verlängerung ,1,
 sinusrhythmus verdacht auf p - sinistrocardiale lagetyp normal unspezifisches abnormales t qt - verlängerung ,1,
 sinustachykardie ueberdrehter rechtstyp rechtsschenkelblock vollständig patholog repolarisation - st - hebung v2 pathologisches ecg ,1,
 ventrikuläre extrasystole ( n ) tachykardes vorhofflimmern linkstyp unspezifische intraventrikuläre leitungsstörung mässige amplitudenkriterien für linkshypertrophie st and t abnorm wahrscheinlich anterolaterale ischämie oder linksbelastung xxxx ,1,
 sinusrhythmus linkslagetyp normales ecg intraventr leitungsstörung f ,1,
 tachykardes vorhofflimmern linkstyp linkshypertrophie ,1,
 sinusrhythmus lagetyp normal qrs ( t ) abnormal inferiorer myokardschaden nicht auszuschliessen t abnormal in hochlateralen ableitungen ,1,
 sinusrhythmus slt supraventr es vorhofs - es u - welle v2 - xxxx wahrscheinlich normales ecg ,1,
 sinusrhythmus lagetyp normal qrs ( t ) abnormal anterolateraler myokardschaden nicht auszuschliessen st and t abnormal wahrscheinlich inferiore ischämie oder linksbelastung ,1,
 sinusrhythmus av block i p - verbreiterung lagetyp normal unspezifischer intraventrikulärer block linkshypertrophie ,1,
 sinusrhythmus av block i ueberdrehter linkstyp mässige amplitudenkriterien f#r linkshypertrophie qrs ( t ) abnorm anteroseptaler infarkt wahrscheinlich alt inferiorer infarkt wahrscheinlich alt ,1,
 sinusbradykardie av block i lagetyp normal muldenförmige st - senkung in v3 - xxxx t neg in v2 - xxxx und lateral digitalisintox ( xxxx ) ,1,
 sinusrhythmus llt vollstaendiger linksschenkelblock st - hebung in v1 - v3 t - veraenderungen pathologisches ecg ,1,
 vorhofflimmern - flattern lagetyp normal unspezifischer intraventrikulärer block linkshypertrophie ,1,
 vorhofflimmern - flattern ueberdrehter rechtstyp t abnorm in anteroseptalen ableitungen xxxx unbestätigter bericht ,1,
 sinusrhythmus verdacht auf p - sinistrocardiale lagetyp normal periphere niederspannung qrs ( t ) abnorm anteroseptaler infarkt alter unbest xxxx unbestätigter bericht ,1,
 sinusrhythmus lagetyp normal anamnestisch st n myokardinfarkt normales ecg ,1,
 sinusrhythmus linkstyp qrs ( t ) abnormal anteriorer myokardschaden inferiorer myokardschaden möglich st and t abnormal wahrscheinlich hochlaterale ischämie oder linksbelastung ,1,
 sinusrhythmus linkstyp st - hebung ecg normal ,1,
 sinusrhythmus linkstyp unvollständiger linksschenkelblock st and t abnormal wahrscheinlich hochlaterale ischämie oder linksbelastung inferiore ischämie oder linksbelastung ,1,
 tachykardes vorhofflimmern lagetyp normal ves st - hebung in v2 - xxxx i ii st - senkung in avr ,1,
 sinus arrhythmie ,1,
 sinusrhythmus lagetyp normal st - senkung in v2 - xxxx q in iii ,1,
 llt sinusbradykardie ( beta - blocker fraglich ) wahrscheinlich normales ecg ,1,
 sinusrhythmus ueberdrehter linkstyp linksanteriorer fascicular block unvollständiger rechtsschenkelblock st and t abnormal wahrscheinlich hochlaterale ischämie oder linksbelastung t abnormal in anteroseptalen ableitungen ,1,
 sinusrhythmus lagetyp normal st and t abnormal wahrscheinlich anterolaterale ischämie oder linksbelastung inferolaterale ischämie oder linksbelastung t abnormal in anterioren ableitungen ,1,
 sinusrhythmus mlt reduzierte r - progrssion in v1 - v3 wahrscheinlich normales ecg ,1,
 sinusrhythmus st akuter inferiorer infarkt sicher st - hebung über v2 leichte st - senkung über v5 t veränderung in ii iii avf t flach in v5 v6 q in ii iii avf st - senkung u u u ,1,
 sinusrhythmus linkstyp uniforme ventrikulaere extrasystolen t negativ in v3 - v6 avf avl i ii ,1,
 sinusrhythmus mlt intraventrikuläre leitungsstörung in iii avl wahrscheinlich normales ecg ,1,
 sinusrhythmus ueberdrehter linkstyp t abnormal in hochlateralen ableitungen ,2,
 sinusrhythmus linkstyp st - senkung über v3 - v6 t abgeflacht t negativ in v1 - v4 ,1,
 sinusrhythmus lagetyp normal periphere niederspannung qrs ( t ) abnormal septaler infarkt nicht auszuschliessen t abnormal in hochlateralen ableitungen ,1,
 sinusrhythmus av block i ueberdrehter linkstyp qrs ( t ) abnormal anteroseptaler infarkt wahrscheinlich alt inferiorer infarkt wahrscheinlich alt st and t abnormal wahrscheinlich hochlaterale ischämie oder linksbelastung ,1,
 sinusrhythmus linkstyp qrs ( t ) abnorm anteroseptaler infarkt wahrscheinlich alt inferiorer infarkt wahrscheinlich alt t abnorm in hochlateralen ableitungen xxxx unbestätigter bericht ,1,
 sinusrhythmus linkstyp q in iii avf ( < xxxx ) wahrscheinlich normales ecg ,1,
 supraventrikuläre extrasystole ( n ) sinusrhythmus lagetyp normal unspezifisches abnormales t ,2,
 sinusrhythmus ueberdrehter rechtstyp linksposteriorer fascicular block qrs ( t ) abnormal hochlateraler infarkt möglich ,1,
 supraventrikuläre extrasystole ( n ) sinusrhythmus av block i rechtstyp unspezifischer intraventrikulärer block qrs ( t ) abnorm anteroseptaler infarkt alter unbest xxxx unbestätigter bericht ,1,
 vorhofflimmern - flattern lagetyp normal qrs ( t ) abnorm anteroseptaler infarkt wahrscheinlich alt st and t abnorm wahrscheinlich anterolaterale ischämie oder linksbelastung inferolaterale ischämie oder linksbelastung xxxx ,2,
 sinusrhythmus linkstyp t abnorm in anterolateralen ableitungen inferolateralen ableitungen xxxx unbestätigter bericht ,1,
 sinusrhythmus av block i verdacht auf p - sinistrocardiale ueberdrehter linkstyp qrs ( t ) abnormal anteroseptaler infarkt alter unbest inferiorer infarkt wahrscheinlich alt ,1,
 sinusrhythmus linkstyp chronischer anteriorer infarkt möglich st - hebung über v2 v3 r - verlust in v1 - v4 pathologische repolarisation in v2 - v4 pathologisches ecg ,1,
 wandernder schrittmacher llt partieller rechts schenkelblock möglich t negativ in iii t abgeflacht in v4 - v6 schlechte r - progression pathologisches ecg ,1,
 sinusrhythmus llt st - hebung über v2 - v4 t überhöht in v2 v3 normales ecg ,1,
 ventrikuläre extrasystole ( n ) sinusrhythmus p - sinistrocardiale lagetyp normal qrs ( t ) abnorm inferiorer infarkt wahrscheinlich alt xxxx unbestätigter bericht ,1,
 sinusrhythmus p - cardiale rechtstyp unspezifische intraventrikuläre leitungsstörung qrs ( t ) abnorm inferiorer myokardschaden möglich t abnorm in anterolateralen ableitungen xxxx unbestätigter bericht ,1,
 ventrikuläre extrasystole ( n ) vorhofflimmern - flattern lagetyp normal st abnorm möglicherweise inferiorer innenschichtsschaden xxxx unbestätigter bericht ,1,
 sinusrhythmus verdacht auf p - sinistrocardiale lagetyp normal unspezifische abnorme st - senkung xxxx unbestätigter bericht ,1,
 ventrikuläre extrasystole ( n ) sinus arrhythmie av block i p - verbreiterung linkstyp st abnormal möglicherweise lateraler innenschichtsschaden ,1,
 tachykardes vorhofflimmern linkstyp unvollständiger rechtsschenkelblock qt - verlängerung ,1,
 sinusrhythmus linkstyp r - s übergang in v ableitungen nach rechts verschoben st and t abnorm wahrscheinlich anterolaterale ischämie oder linksbelastung xxxx unbestätigter bericht ,1,
 sinusrhythmus p - sinistrocardiale linkstyp unvollständiger rechtsschenkelblock qrs ( t ) abnorm lateraler myokardschaden nicht auszuschliessen xxxx unbestätigter bericht ,1,
 sinusrhythmus ueberdrehter linkstyp qrs ( t ) abnorm septaler infarkt nicht auszuschliessen st and t abnorm wahrscheinlich hochlaterale ischämie oder linksbelastung t abnorm in lateralen ableitungen inferolateralen ableitungen xxxx ,1,
 sinusbradykardie p - sinistrocardiale lagetyp normal periphere niederspannung qrs ( t ) abnorm anteriorer infarkt alter unbest xxxx unbestätigter bericht ,1,
 sinusbradykardie linkstyp t überhöht in v2 wahrscheinlich normales ecg ,1,
 tachykardes vorhofflimmern lagetyp normal qrs ( t ) abnormal anteroseptaler infarkt wahrscheinlich alt st and t abnormal wahrscheinlich anterolaterale ischämie oder linksbelastung inferolaterale ischämie oder linksbelastung ,1,
 ventrikuläre extrasystole ( n ) vorhofflimmern - flattern ueberdrehter linkstyp rechtsschenkelblock qrs ( t ) abnorm anterolateraler infarkt möglich inferiorer infarkt mögl akut xxxx unbestätigter bericht ,1,
 sinusrhythmus lagetyp normal linkshypertrophie möglich pathologisch ,1,
 sinusrhythmus lagetyp normal mässige amplitudenkriterien f#r linkshypertrophie unspezifische abnormale st - senkung unspezifisches abnormales t ,2,
 supraventrikuläre extrasystole ( n ) sinusbradykardie lagetyp normal qrs ( t ) abnormal pathologisch ,1,
 sinustachykardie linkstyp st and t abnormal wahrscheinlich inferiore ischämie oder linksbelastung ,1,
 sinusrhythmus av block i lagetyp normal unspezifischer intraventrikulärer block qrs ( t ) abnorm anteroseptaler infarkt alter unbest xxxx unbestätigter bericht ,1,
 sinusrhythmus linkstyp mässige amplitudenkriterien für linkshypertrophie qt - verlängerung xxxx unbestätigter bericht ,1,
 ventrikuläre extrasystole ( n ) trigeminus sinusrhythmus ,1,
 sinustachykardie lagetyp normal amplitudenkriterien f#r linkshypertrophie ,1,
 vorhofflimmern - flattern ueberdrehter linkstyp periphere niederspannung unspezifische intraventrikuläre leitungsstörung qrs ( t ) abnormal anteroseptaler myokardschaden möglich inferiorer infarkt wahrscheinlich alt t abnormal in anterolateralen abl ,1,
 sinusbradykardie lagetyp normal path repolarisation normal ,1,
 sinusrhythmus linkstyp vollständiger rechtsschenkelblock qrs ( t ) abnormal pathologisch ,1,
 sinusrhythmus verdacht auf p - sinistrocardiale lagetyp normal unspezifischer intraventrikulärer block qrs ( t ) abnorm anteroseptaler myokardschaden xxxx unbestätigter bericht ,1,
 ventrikuläre extrasystole ( n ) sinustachykardie p - sinistrocardiale linkstyp qrs ( t ) abnorm anterolateraler infarkt alter unbest inferiorer infarkt wahrscheinlich alt xxxx unbestätigter bericht ,1,
 sinustachykardie lagetyp normal periphere niederspannung schlechte r - progression pathologisch ,1,
 sinusrhythmus av block i p - sinistrocardiale ueberdrehter linkstyp rechtsschenkelblock qrs ( t ) abnorm anterolateraler infarkt alter unbest inferiorer infarkt mögl akut xxxx unbestätigter bericht ,1,
 regelmässiger rhythmus keine p - welle erkannt lagetyp normal qrs ( t ) abnormal anterolateraler myokardschaden nicht auszuschliessen ,1,
 sinusrhythmus ueberdrehter linkstyp unspezifische intraventrikuläre leitungsstörung qrs ( t ) abnorm anteriorer infarkt alter unbest t abnorm in lateralen ableitungen xxxx unbestätigter bericht ,1,
 sinusrhythmus verdacht auf p - sinistrocardiale linkstyp qrs ( t ) abnorm anteroseptaler myokardschaden nicht auszuschliessen inferiorer infarkt wahrscheinlich alt t abnorm in anterolateralen ableitungen xxxx unbestätigter be ,1,
 ventrikuläre extrasystole ( n ) sinustachykardie p verbreitert lagetyp normal t - veraenderungen pathologisch ,1,
 sinusrhythmus linkstyp qrs ( t ) abnorm anteroseptaler infarkt alter unbest t abnorm in anterioren ableitungen xxxx unbestätigter bericht ,1,
 tachykardes vorhofflimmern lagetyp normal mässige amplitudenkriterien für linkshypertrophie unspezifische abnorme st - senkung xxxx unbestätigter bericht ,1,
 sinusrhythmus p - sinistrocardiale lagetyp normal linkshypertrophie möglich qrs ( t ) abnorm inferiorer infarkt alter unbest xxxx unbestätigter bericht ,2,
 beschleunigter av - rhythmus lagetyp normal qrs ( t ) abnorm inferiorer infarkt möglich xxxx unbestätigter bericht ,1,
 sinusrhythmus linkstyp qrs ( t ) abnorm anteroseptaler myokardschaden nicht auszuschliessen inferiorer infarkt wahrscheinlich alt xxxx unbestätigter bericht ,2,
 sinusrhythmus av block i lagetyp normal vorhofsueberlastung links pathologisch ,1,
 beschleunigter av - rhythmus linkstyp qrs ( t ) abnorm inferiorer infarkt alter unbest xxxx unbestätigter bericht ,1,
 vorhofflimmern - flattern linkstyp unvollständiger rechtsschenkelblock st and t abnormal wahrscheinlich anterolaterale ischämie oder linksbelastung ,1,
 sinusrhythmus p - verbreiterung lagetyp normal qt - verlängerung ,1,
 sinustachykardie av block i ueberdrehter rechtstyp unspezifisch abnormes st and t ( hebung ) xxxx unbestätigter bericht ,1,
 sinusrhythmus verdacht auf p - sinistrocardiale linkstyp linksschenkelblock xxxx unbestätigter bericht ,1,
 sinusrhythmus lagetyp normal periphere niederspannung qrs ( t ) abnorm anteriorer infarkt alter unbest t abnorm in lateralen ableitungen xxxx unbestätigter bericht ,2,
 sinusrhythmus lagetyp normal unspezifische intraventrikuläre leitungsstörung t abnorm in inferioren ableitungen xxxx unbestätigter bericht ,1,
 normo - bis bradykardes vorhofflimmern linkstyp unvollständiger rechtsschenkelblock t hoch in v3 - xxxx ,1,
 sinustachykardie lagetyp normal qrs ( t ) abnormal vorhofsueberlastung rechts moeglich pathologisch edit rao ( rao ) ,1,
 sinus arrhythmie ueberdrehter linkstyp periphere niederspannung linksanteriorer fascicular block xxxx unbestätigter bericht ,1,
 sinusarrhythmie ueberdrehter linkstyp linksschenkelblock sves uniforme ves st - hebung in v1 - xxxx fehlende r - progression ,1,
 sinusrhythmus av block i verdacht auf p - sinistrocardiale linkstyp qrs ( t ) abnorm inferiorer infarkt wahrscheinlich alt xxxx unbestätigter bericht ,1,
 vorhofflimmern - flattern ueberdrehter linkstyp unspezifischer intraventrikulärer block qrs ( t ) abnorm anterolateraler myokardschaden möglich xxxx unbestätigter bericht ,1,
 vorhofflimmern - flattern ueberdrehter linkstyp unspezifischer intraventrikulärer block xxxx unbestätigter bericht ,3,
 sinusrhythmus verdacht auf p - sinistrocardiale lagetyp normal qrs ( t ) abnorm anteriorer infarkt alter unbest inferiorer myokardschaden nicht auszuschliessen t abnorm in lateralen ableitungen xxxx unbestätigter bericht ,1,
 av - knotenrhythmus linkstyp qrs ( t ) abnorm inferiorer infarkt wahrscheinlich alt xxxx unbestätigter bericht ,1,
 sinusrhythmus linkstyp qrs ( t ) abnormal inferiorer infarkt alter unbest t abnormal in anterolateralen ableitungen ,1,
 sinus arrhythmie lagetyp normal normales ecg ,1,
 supraventrikuläre arrhythmie lagetyp normal t abnorm in anterioren ableitungen lateralen ableitungen xxxx unbestätigter bericht ,1,
 sinustachykardie av block i p - verbreiterung lagetyp normal t abnorm in hochlateralen ableitungen xxxx unbestätigter bericht ,1,
 sinusrhythmus av block i linkstyp t abnormal in anterioren ableitungen lateralen ableitungen qt - verlängerung ,1,
 sinusrhythmus lagetyp normal unspezifisches abnormes t xxxx unbestätigter bericht edit norm xxxx ( ndt ) ,1,
 tachykardes vorhofflimmern linkstyp ,1,
 sinusrhythmus ueberdrehter linkstyp linksanteriorer fascicular block t abnormal in anterolateralen ableitungen ,1,
 vorhofflimmern - flattern lagetyp normal qrs ( t ) abnormal inferiorer myokardschaden nicht auszuschliessen st and t abnormal wahrscheinlich anteriore ischämie oder linksbelastung laterale ischämie oder linksbelastung ,1,
 vorhofflimmern - flattern lagetyp normal st abnormal möglicherweise anteriorer innenschichtsschaden inferiorer innenschichtsschaden ,1,
 ventrikuläre extrasystole ( n ) sinustachykardie lagetyp normal linkshypertrophie möglich qrs ( t ) abnorm anterolateraler myokardschaden nicht auszuschliessen xxxx unbestätigter bericht ,1,
 sinusrhythmus lagetyp normal qrs ( t ) abnorm anteroseptaler myokardschaden inferiorer myokardschaden xxxx unbestätigter bericht edit asmi xxxx imi xxxx infarktbefund ( f xxxx ) ( asmi xxxx imi xxxx ) ,1,
 sinusbradykardie mässige amplitudenkriterien f#r linkshypertrophie ,1,
 vorhofflimmern - flattern lagetyp normal qrs ( t ) abnorm inferiorer myokardschaden möglich st and t abnorm wahrscheinlich anterolaterale ischämie oder linksbelastung xxxx unbestätigter bericht ,2,
 ventrikuläre extrasystole ( n ) sinusrhythmus verdacht auf p - sinistrocardiale lagetyp normal qrs ( t ) abnormal inferiorer infarkt wahrscheinlich alt ,1,
 sinusrhythmus lagetyp normal intraventr leitungsstörung in avf schlechte r - progression normales ecg ,1,
 sinusrhythmus p - sinistrocardiale linkstyp qrs ( t ) abnorm anteroseptaler infarkt alter unbest ,1,
 sinusrhythmus p - sinistrocardiale ueberdrehter linkstyp linksschenkelblock linkshypertrophie möglich ,1,
 ventrikuläre extrasystole ( n ) sinusrhythmus linkstyp qrs ( t ) abnorm anteroseptaler myokardschaden möglich xxxx unbestätigter bericht ,1,
 sinustachykardie mittellagetyp intraventr leitungsstörung in v1 normales ecg ,1,
 sinusbradykardie linkslagetyp intraventr leitungsstörung in iii normales ecg ,1,
 sinusbradykardie ueberdrehter linkstyp linksanteriorer fascicular block normales ecg ,1,
 sinusrhythmus linkstyp periphere niederspannung unspezifisches abnormes t ,1,
 sinusrhythmus ueberdrehter linkstyp periphere niederspannung linksschenkelblock ,1,
 sinusrhythmus lagetyp normal st and t abnorm wahrscheinlich inferolaterale ischämie oder linksbelastung t abnorm in anterioren ableitungen xxxx unbestätigter bericht ,1,
 ventrikuläre extrasystole ( n ) trigeminus sinus arrhythmie av block i verdacht auf p - sinistrocardiale lagetyp normal unvollständiger rechtsschenkelblock unspezifisches abnormes t xxxx unbestätigter bericht ,1,
 ventrikuläre extrasystole ( n ) sinus arrhythmie ueberdrehter linkstyp linksschenkelblock xxxx unbestätigter bericht ,1,
 sinusrhythmus lagetyp normal normales ecg st - senkung in v4 ,1,
 sinusbradykardie ueberdrehter linkstyp t abnormal in anterolateralen ableitungen inferolateralen ableitungen ,1,
 sinusrhythmus ueberdrehter linkstyp qrs ( t ) abnorm anteroseptaler myokardschaden möglich inferiorer infarkt alter unbest t abnorm in anterolateralen ableitungen xxxx unbestätigter bericht ,1,
 supraventrikuläre extrasystole ( n ) sinustachykardie mlt linkskammerhypertrophie sicher pathologisches ecg ,1,
 normokardes vorhofflimmern rechts schenkelblock st - hebung in v4 - v6 st - senkung in v1 v2 pathologisches ecg ,1,
 sinus arrhythmie lagetyp normal t neg in iii spitz in v2 - xxxx si - qiii - typ ,1,
 sinusrhythmus av block i verdacht auf p - sinistrocardiale ueberdrehter linkstyp linksanteriorer fascicular block t abnorm in anterolateralen ableitungen inferolateralen ableitungen xxxx unbestätigter bericht ,1,
 sinusrhythmus verdacht auf p - sinistrocardiale ueberdrehter linkstyp linksschenkelblock ,1,
 sinusrhythmus verdacht auf p - sinistrocardiale ueberdrehter linkstyp t abnorm in anterolateralen ableitungen qt - verlängerung xxxx unbestätigter bericht ,1,
 sinusrhythmus lagetyp normal mässige amplitudenkriterien für linkshypertrophie t abnorm in lateralen ableitungen xxxx unbestätigter bericht ,1,
 vorhofflimmern - flattern ueberdrehter linkstyp qrs ( t ) abnormal inferiorer infarkt möglich st and t abnormal wahrscheinlich anteriore ischämie oder linksbelastung laterale ischämie oder linksbelastung ,1,
 sinusbradykardie lagetyp normal qrs ( t ) abnorm anterolateraler myokardschaden nicht auszuschliessen xxxx unbestätigter bericht ,1,
 sinusrhythmus p - sinistrocardiale lagetyp normal qrs ( t ) abnormal anteriorer infarkt möglich hochlateraler infarkt möglich ,1,
 supraventrikuläre extrasystole ( n ) sinusbradykardie mlt t - veraenderungen hoch in v2 - v3 wahrscheinlich normal ,1,
 sinusbradykardie lagetyp normal st - hebung in v1 - xxxx hohes t in v2 - xxxx ,1,
 sinusrhythmus p - sinistrocardiale linkstyp r - s übergang in v ableitungen nach links verschoben t abnorm in anterolateralen ableitungen xxxx unbestätigter bericht ,1,
 vorhofflimmern - flattern lagetyp normal st and t abnorm wahrscheinlich inferiore ischämie oder linksbelastung t abnorm in anterolateralen ableitungen xxxx unbestätigter bericht ,2,
 sinusrhythmus av block i p - sinistrocardiale schwierig bestimmbare qrs - achse unspezifisches abnormes t ,1,
 sinusrhythmus av block i ueberdrehter linkstyp qrs ( t ) abnorm anteroseptaler myokardschaden möglich inferiorer infarkt wahrscheinlich alt t abnorm in hochlateralen ableitungen xxxx unbestätigter bericht ,1,
 sinusrhythmus linkstyp qrs ( t ) abnormal septaler infarkt nicht auszuschliessen inferiorer infarkt wahrscheinlich alt ,1,
 sinusrhythmus linkstyp qrs ( t ) abnorm anteroseptaler infarkt wahrscheinlich alt inferiorer myokardschaden nicht auszuschliessen t abnorm in hochlateralen ableitungen xxxx unbestätigter bericht ,1,
 sinusrhythmus lagetyp normal unspezifischer intraventrikulärer block qrs ( t ) abnorm anteroseptaler myokardschaden inferiorer myokardschaden nicht auszuschliessen xxxx unbestätigter bericht ,1,
 supraventrikuläre extrasystole ( n ) sinusrhythmus linkstyp qrs ( t ) abnormal anteroseptaler myokardschaden nicht auszuschliessen ,1,
 tachykardes vorhofflimmern lagetyp normal periphere niederspannung t abnorm in anterioren ableitungen inferioren ableitungen xxxx unbestätigter bericht ,1,
 sinustachykardie lagetyp normal mässige amplitudenkriterien für linkshypertrophie qrs ( t ) abnorm anteroseptaler myokardschaden nicht auszuschliessen st abnorm möglicherweise hochlateraler innenschichtsschaden inferiorer innenschichtsschaden xxxx ,1,
 ventrikuläre extrasystole ( n ) sinusrhythmus p - sinistrocardiale ueberdrehter linkstyp linksschenkelblock xxxx unbestätigter bericht ,1,
 sinusrhythmus lagetyp normal qrs ( t ) abnorm anteroseptaler myokardschaden inferiorer myokardschaden xxxx unbestätigter bericht ,1,
 supraventrikuläre arrhythmie linkstyp t abnorm in anterioren ableitungen xxxx unbestätigter bericht ,1,
 supraventrikuläre arrhythmie linkstyp periphere niederspannung qrs ( t ) abnorm anteroseptaler infarkt wahrscheinlich alt inferiorer infarkt wahrscheinlich alt xxxx unbestätigter bericht ,1,
 sinusrhythmus linkstyp mässige amplitudenkriterien für linkshypertrophie unspezifisches abnormes t xxxx unbestätigter bericht ,4,
 ventrikuläre extrasystole ( n ) trigeminus sinusrhythmus lagetyp normal qrs ( t ) abnorm inferiorer myokardschaden möglich xxxx unbestätigter bericht ,1,
 sinusrhythmus verdacht auf p - sinistrocardiale lagetyp normal linksschenkelblock linkshypertrophie möglich ,1,
 sinusrhythmus verdacht auf p - sinistrocardiale lagetyp normal periphere niederspannung qrs ( t ) abnormal anteroseptaler infarkt alter unbest st and t abnormal wahrscheinlich anterolaterale ischämie oder linksbelastung inferolaterale ischämie ode ,1,
 sinusrhythmus linkstyp mässige amplitudenkriterien für linkshypertrophie qrs ( t ) abnorm anteriorer infarkt alter unbest inferiorer infarkt alter unbest t abnorm in lateralen ableitungen xxxx unbestätigter bericht ,1,
 sinusbradykardie ueberdrehter linkstyp schenkelblock links ant fascicular block intraventr leitungsstoerung avf v1 t - veraenderungen hoch v2 v3 ecg pathologisch ,1,
 supraventrikuläre extrasystole ( n ) sinustachykardie linkstyp qrs ( t ) abnorm inferiorer infarkt mögl akut st and t abnorm wahrscheinlich hochlaterale ischämie oder linksbelastung xxxx unbestätigter bericht ,1,
 sinusrhythmus av block i verdacht auf p - sinistrocardiale linkstyp qrs ( t ) abnorm anteroseptaler infarkt wahrscheinlich alt xxxx unbestätigter bericht ,1,
 sinustachykardie linkstyp qrs ( t ) abnormal lateraler myokardschaden nicht auszuschliessen ,1,
 sinusrhythmus ueberdrehter linkstyp qrs ( t ) abnorm anteroseptaler infarkt wahrscheinlich alt xxxx unbestätigter bericht ,1,
 sinus arrhythmie lagetyp normal unspezifisches abnormales t ,2,
 ventrikuläre extrasystole ( n ) sinusrhythmus lagetyp normal linksschenkelblock linkshypertrophie möglich xxxx unbestätigter bericht ,1,
 sinusrhythmus ueberdrehter linkstyp qrs ( t ) abnormal inferiorer infarkt möglich ,1,
 sinusrhythmus av block i lagetyp normal t abnorm in hochlateralen ableitungen xxxx unbestätigter bericht ,1,
 sinusrhythmus verdacht auf p - sinistrocardiale ueberdrehter linkstyp qrs ( t ) abnorm inferiorer infarkt wahrscheinlich alt t abnorm in hochlateralen ableitungen xxxx unbestätigter bericht ,1,
 sinusrhythmus linkstyp schenkelblock partiell links infarkt inferior chronisch moeglich signifikantes q iii avr avf ecg pathologisch ,1,
 sinusrhythmus av block i linkstyp infarkt posterior akut moeglich st - hebung avl v1 st - senkung v3 - v6 i avl t - veraenderungen neg v3 - v6 i avl ecg pathologisch ,1,
 sinusrhythmus linkstyp st and t abnorm wahrscheinlich anterolaterale ischämie oder linksbelastung inferolaterale ischämie oder linksbelastung xxxx unbestätigter bericht ,4,
 ventrikuläre extrasystole ( n ) ventrikulaere extrasystolen multiform > xxxx - min av block i linkstyp sinusrhythmus intraventr leitungsstoerung i ii iii avf avl avr st - senkung v4 - v6 t - veraenderungen neg i avl ecg pathologisch ,1,
 sinusrhythmus p - verbreiterung linkstyp xxxx unbestätigter bericht edit norm xxxx ( norm xxxx ) ,1,
 sinusrhythmus av block i linkstyp unspezifisches abnormes t xxxx unbestätigter bericht ,3,
 sinusrhythmus linkstyp t abnormal in lateralen ableitungen ,1,
 sinustachykardie lagetyp normal unspezifische abnormale st - senkung ,1,
 sinusrhythmus p - sinistrocardiale linkstyp linkshypertrophie qrs ( t ) abnorm anteroseptaler infarkt alter unbest xxxx unbestätigter bericht ,1,
 sinusrhythmus verdacht auf p - sinistrocardiale linkstyp st abnorm möglicherweise anteriorer innenschichtsschaden xxxx unbestätigter bericht ,1,
 sinusrhythmus rechtstyp linksposteriorer fascicular block rechtsschenkelblock bifaszikulärer block ,1,
 trace only requested edit norm xxxx tor v3 xxxx baselinewandern alter unbekannt ( xxxx ) ,1,
 sinusrhythmus linkstyp qrs ( t ) abnorm inferiorer infarkt alter unbest t abnorm in anteroseptalen ableitungen xxxx unbestätigter bericht ,1,
 sinusbradykardie linkstyp periphere niederspannung qrs ( t ) abnorm inferiorer infarkt wahrscheinlich alt xxxx unbestätigter bericht ,1,
 sinusrhythmus lagetyp normal unspezifisch abnormales st and t ( hebung ) sonst normales ecg ,3,
 sinusrhythmus linkstyp intraventr leitungsstoerung lange r - progression st - hebung iii v1 - v3 st - senkung i avl t - veraenderungen flach v1 ecg pathologisch ,1,
 ventrikuläre extrasystole ( n ) vorhofflimmern - flattern lagetyp normal qrs ( t ) abnorm inferiorer infarkt wahrscheinlich alt xxxx unbestätigter bericht ,1,
 sinusrhythmus ueberdrehter linkstyp qrs ( t ) abnorm anteroseptaler infarkt wahrscheinlich alt t abnorm in hochlateralen ableitungen xxxx unbestätigter bericht ,2,
 vorhofflimmern - flattern rechtstyp periphere niederspannung st and t abnormal wahrscheinlich anterolaterale ischämie oder linksbelastung inferolaterale ischämie oder linksbelastung ,1,
 tachykardes vorhofflimmern lagetyp normal qrs ( t ) abnormal anteroseptaler infarkt wahrscheinlich alt t abnormal in inferioren ableitungen ,1,
 sinusrhythmus lagetyp normal periphere niederspannung qrs ( t ) abnormal anteroseptaler myokardschaden nicht auszuschliessen ,2,
 sinusrhythmus ueberdrehter linkstyp unspezifischer intraventrikulärer block qrs ( t ) abnormal anteroseptaler myokardschaden möglich ,1,
 sinusrhythmus ueberdrehter linkstyp qrs ( t ) abnorm inferiorer infarkt wahrscheinlich alt st and t abnorm wahrscheinlich hochlaterale ischämie oder linksbelastung xxxx unbestätigter bericht ,2,
 ventrikuläre extrasystole ( n ) sinusrhythmus ueberdrehter linkstyp linksschenkelblock ,1,
 sinusbradykardie lagetyp normal qrs ( t ) abnormal hochlateraler myokardschaden möglich t abnormal in inferioren ableitungen ,1,
 sinusrhythmus lagetyp normal qrs ( t ) abnorm hochlateraler myokardschaden nicht auszuschliessen xxxx unbestätigter bericht ,1,
 sinusrhythmus lagetyp normal qrs ( t ) abnorm anteroseptaler infarkt alter unbest t abnorm in anterioren ableitungen hochlateralen ableitungen xxxx unbestätigter bericht ,1,
 supraventrikuläre arrhythmie av block i ueberdrehter linkstyp linksanteriorer fascicular block rechtsschenkelblock bifaszikulärer block xxxx unbestätigter bericht ,1,
 sinusrhythmus lagetyp normal mässige amplitudenkriterien für linkshypertrophie unspezifisch abnormes st and t ( hebung ) xxxx unbestätigter bericht ,3,
 sinusrhythmus linkstyp st and t abnorm wahrscheinlich anterolaterale ischämie oder linksbelastung t abnorm in anterioren ableitungen inferolateralen ableitungen xxxx unbestätigter bericht ,1,
 tachykardes vorhofflimmern linkstyp periphere niederspannung qrs ( t ) abnormal inferiorer infarkt wahrscheinlich alt ,1,
 sinusrhythmus linkstyp vorhofsueberbelastung rechts s1 qiii - typ t - veraenderungen v1 ecg pathologisch ,1,
 sinusrhythmus p - verbreiterung ueberdrehter linkstyp linksanteriorer fascicular block unvollständiger rechtsschenkelblock t abnormal in anterioren ableitungen lateralen ableitungen inferolateralen ableitungen ,1,
 sinusrhythmus lagetyp normal t abnorm in anterioren ableitungen lateralen ableitungen inferolateralen ableitungen xxxx unbestätigter bericht ,2,
 sinusrhythmus lagetyp normal st and t abnorm wahrscheinlich hochlaterale ischämie oder linksbelastung t abnorm in lateralen ableitungen inferolateralen ableitungen xxxx unbestätigter bericht ,1,
 sinusrhythmus av block i verdacht auf p - sinistrocardiale ueberdrehter linkstyp periphere niederspannung qrs ( t ) abnorm inferiorer infarkt wahrscheinlich alt xxxx unbestätigter bericht ,2,
 sinusrhythmus lagetyp normal unspezifische intraventrikuläre leitungsstörung t abnorm in inferolateralen ableitungen xxxx unbestätigter bericht ,1,
 sinusrhythmus av block i linkstyp linksschenkelblock linkshypertrophie möglich ,1,
 sinusrhythmus lagetyp normal st and t abnorm wahrscheinlich hochlaterale ischämie oder linksbelastung t abnorm in anterioren ableitungen inferolateralen ableitungen xxxx unbestätigter bericht ,1,
 supraventrikuläre extrasystole ( n ) sinusrhythmus linkstyp rechtsschenkelblock qrs ( t ) abnorm inferiorer infarkt wahrscheinlich alt xxxx unbestätigter bericht ,1,
 ventrikuläre extrasystole ( n ) sinusrhythmus lagetyp normal qrs ( t ) abnorm inferiorer myokardschaden möglich st and t abnorm wahrscheinlich anterolaterale ischämie oder linksbelastung xxxx unbestätigter bericht ,1,
 sinusrhythmus lagetyp normal t abnormal in anterioren ableitungen ,2,
 tachykardes vorhofflimmern rechtstyp unspezifischer intraventrikulärer block ,1,
 sinus arrhythmie linkstyp unvollständiger rechtsschenkelblock sonst normales ecg xxxx unbestätigter bericht ,1,
 ventrikuläre extrasystole ( n ) vorhofflimmern - flattern linkstyp qrs ( t ) abnorm inferiorer infarkt alter unbest st and t abnorm wahrscheinlich anteriore ischämie oder linksbelastung xxxx unbestätigter bericht ,1,
 supraventrikuläre arrhythmie linkstyp qrs ( t ) abnorm anteroseptaler infarkt möglich xxxx unbestätigter bericht ,1,
 supraventrikuläre extrasystole ( n ) sinusrhythmus lagetyp normal t abnorm in anterioren ableitungen xxxx unbestätigter bericht ,1,
 sinusrhythmus av block i ueberdrehter linkstyp qrs ( t ) abnorm inferiorer infarkt alter unbest xxxx unbestätigter bericht ,1,
 vorhofflimmern - flattern linkstyp st and t abnorm wahrscheinlich inferiore ischämie oder linksbelastung xxxx unbestätigter bericht ,1,
 vorhofflimmern - flattern linkstyp qrs ( t ) abnorm inferiorer infarkt möglich t abnorm in anterolateralen ableitungen xxxx unbestätigter bericht ,1,
 sinustachykardie linkstyp unspezifische intraventrikuläre leitungsstörung xxxx unbestätigter bericht ,1,
 sinusrhythmus verdacht auf p - sinistrocardiale lagetyp normal qrs ( t ) abnorm inferiorer myokardschaden möglich t abnorm in anterolateralen ableitungen xxxx unbestätigter bericht ,1,
 supraventrikuläre extrasystole ( n ) sinusrhythmus lagetyp normal qrs ( t ) abnormal inferiorer infarkt wahrscheinlich alt pathologisch ,1,
 sinusrhythmus lagetyp normal periphere niederspannung qrs ( t ) abnormal anterolateraler myokardschaden nicht auszuschliessen ,2,
 supraventrikuläre arrhythmie p - verbreiterung lagetyp normal xxxx unbestätigter bericht ,4,
 sinusrhythmus verdacht auf p - sinistrocardiale lagetyp normal periphere niederspannung t abnorm in anterolateralen ableitungen xxxx unbestätigter bericht ,1,
 sinusrhythmus lagetyp normal qt - verlängerung normal ,1,
 supraventrikuläre arrhythmie ueberdrehter linkstyp r - s übergang in v ableitungen nach links verschoben unvollständiger rechtsschenkelblock st and t abnorm wahrscheinlich laterale ischämie oder linksbelastung xxxx unbestätigter b ,1,
 sinusrhythmus av block i p - verbreiterung lagetyp normal unspezifischer intraventrikulärer block qrs ( t ) abnorm inferiorer infarkt wahrscheinlich alt xxxx unbestätigter bericht ,1,
 mittellagetyp av - tachykardie st - senkung i ii v2 - xxxx verdacht auf digitalisveränderung pathologisches ecg ,1,
 sinusrhythmus p - verbreiterung linkstyp unspezifischer intraventrikulärer block qrs ( t ) abnorm inferiorer infarkt alter unbest xxxx unbestätigter bericht ,1,
 sinusrhythmus lagetyp normal mässige amplitudenkriterien für linkshypertrophie t abnorm in anterolateralen ableitungen xxxx unbestätigter bericht ,1,
 sinusrhythmus av block i p - verbreiterung lagetyp normal unspezifische intraventrikuläre leitungsstörung qrs ( t ) abnorm inferiorer infarkt alter unbest xxxx unbestätigter bericht ,1,
 supraventrikuläre extrasystole ( n ) sinusrhythmus ueberdrehter linkstyp periphere niederspannung qrs ( t ) abnorm anterolateraler infarkt möglich inferiorer infarkt alter unbest xxxx unbestätigter bericht ,1,
 sinusrhythmus lagetyp normal periphere niederspannung qrs ( t ) abnorm anteroseptaler infarkt wahrscheinlich alt xxxx unbestätigter bericht ,2,
 sinusrhythmus lagetyp normal qrs ( t ) abnorm inferiorer myokardschaden t abnorm in anterolateralen ableitungen xxxx unbestätigter bericht ,1,
 sinustachykardie ueberdrehter linkstyp qrs ( t ) abnorm anteroseptaler myokardschaden möglich inferiorer infarkt möglich xxxx unbestätigter bericht ,1,
 ventrikuläre extrasystole ( n ) steillagetyp wahrscheinlich normales ecg ,1,
 sinusrhythmus linkstyp linkshypertrophie möglich qrs ( t ) abnorm inferiorer myokardschaden nicht auszuschliessen xxxx unbestätigter bericht ,2,
 sinusrhythmus av block i p - verbreiterung ueberdrehter linkstyp qrs ( t ) abnorm lateraler myokardschaden nicht auszuschliessen xxxx unbestätigter bericht ,1,
 sinusrhythmus verdacht auf p - sinistrocardiale ueberdrehter linkstyp periphere niederspannung linksanteriorer fascicular block qrs ( t ) abnormal anteroseptaler infarkt alter unbest inferiorer infarkt wahrscheinlich alt ,1,
 sinusrhythmus av block i linkstyp qrs ( t ) abnorm inferiorer infarkt wahrscheinlich alt ,2,
 sinustachykardie p - cardiale ueberdrehter linkstyp qrs ( t ) abnorm anteriorer infarkt wahrscheinlich alt xxxx unbestätigter bericht ,1,
 sinusrhythmus lagetyp normal st and t abnorm wahrscheinlich hochlaterale ischämie oder linksbelastung t abnorm in anterioren ableitungen xxxx unbestätigter bericht ,1,
 sinusrhythmus lagetyp normal normales ecg t flach in iii ,1,
 tachykardes vorhofflimmern linkstyp periphere niederspannung qrs ( t ) abnormal anteroseptaler myokardschaden nicht auszuschliessen inferiorer infarkt wahrscheinlich alt st and t abnormal wahrscheinlich anterolaterale ischämie oder linksbelastung ,1,
 sinusrhythmus linkstyp sonst normales ecg xxxx unbestätigter bericht edit norm xxxx sokolow xxxx ( norm xxxx ) ,1,
 sinusrhythmus lagetyp normal unspezifische intraventrikuläre leitungsstörung linkshypertrophie möglich qrs ( t ) abnorm inferiorer myokardschaden möglich xxxx unbestätigter bericht ,1,
 sinusrhythmus lagetyp normal linkshypertrophie möglich qrs ( t ) abnorm lateraler myokardschaden möglich xxxx unbestätigter bericht ,1,
 sinusrhythmus ueberdrehter linkstyp unspezifische intraventrikuläre leitungsstörung qrs ( t ) abnorm lateraler infarkt alter unbest inferiorer infarkt möglich xxxx unbestätigter bericht ,1,
 supraventrikuläre extrasystole ( n ) sinusrhythmus linkstyp mässige amplitudenkriterien für linkshypertrophie xxxx unbestätigter bericht ,1,
 sinusrhythmus ueberdrehter linkstyp qrs ( t ) abnorm anterolateraler infarkt möglich inferiorer infarkt alter unbest xxxx unbestätigter bericht ,3,
 sinusrhythmus lagetyp normal partieller rechtsschenkelblock pathologisches ecg ,1,
 sinusrhythmus linkslagetyp uebergangszone verschoben nach rechts normales ecg t - veränderungen neg in iii v1 ,1,
 sinusrhythmus steillagetyp unvollständiger rechtsschenkelblock t - veränderungen i ii iii avr avf v1 - xxxx pathologisches ecg ischämiezeichen inferior und vorderwand ,1,
 sinusrhythmus linkstyp periphere niederspannung unspezifisches abnormales t ,2,
 beschleunigter av - rhythmus ueberdrehter linkstyp qrs ( t ) abnorm anteroseptaler myokardschaden möglich inferiorer infarkt möglich st and t abnorm wahrscheinlich hochlaterale ischämie oder linksbelastung xxxx unbestätigter be ,1,
 sinusrhythmus lagetyp normal linkshypertrophie möglich qrs ( t ) abnorm anteroseptaler myokardschaden nicht auszuschliessen qt - verlängerung xxxx unbestätigter bericht ,1,
 ventrikuläre extrasystole ( n ) tachykardes vorhofflimmern lagetyp normal unspezifische abnorme st - senkung unspezifisches abnormes t xxxx unbestätigter bericht ,1,
 ventrikuläre extrasystole ( n ) vorhofflimmern - flattern lagetyp normal periphere niederspannung t abnorm in anterioren ableitungen xxxx unbestätigter bericht ,1,
 sinusrhythmus linkstyp r - s übergang in v ableitungen nach links verschoben linkshypertrophie möglich xxxx unbestätigter bericht ,1,
 sinustachykardie linkstyp qrs ( t ) abnormal inferiorer infarkt wahrscheinlich alt ,2,
 sinusrhythmus linkstyp neg t in v1 ,1,
 sinusrhythmus rechtstyp mässige amplitudenkriterien für linkshypertrophie xxxx unbestätigter bericht ,1,
 ventrikuläre extrasystole ( n ) sinusrhythmus p - sinistrocardiale lagetyp normal linksschenkelblock xxxx unbestätigter bericht ,1,
 sinusrhythmus p - sinistrocardiale linkstyp qrs ( t ) abnorm septaler infarkt nicht auszuschliessen t abnorm in hochlateralen ableitungen ,1,
 sinusrhythmus lagetyp normal r - s übergang in v ableitungen nach rechts verschoben qrs ( t ) abnorm inferiorer infarkt alter unbest t abnorm in anterioren ableitungen xxxx unbestätigter bericht ,1,
 sinusrhythmus verdacht auf p - sinistrocardiale rechtstyp qrs ( t ) abnorm anteriorer infarkt alter unbest t abnorm in lateralen ableitungen xxxx unbestätigter bericht ,2,
 sinus arrhythmie linkstyp qrs ( t ) abnorm anteroseptaler myokardschaden möglich xxxx unbestätigter bericht ,1,
 sinusbradykardie p - sinistrocardiale lagetyp normal t abnorm in inferioren ableitungen xxxx unbestätigter bericht ,1,
 sinusrhythmus p - sinistrocardiale rechtstyp qrs ( t ) abnorm anteriorer infarkt alter unbest xxxx unbestätigter bericht ,1,
 sinusrhythmus p - sinistrocardiale lagetyp normal qrs ( t ) abnorm anteroseptaler infarkt mögl akut xxxx unbestätigter bericht edit asmi xxxx lmi xxxx ( asmi xxxx iscal ivcb ) ,1,
 sinus arrhythmie p - verbreiterung ueberdrehter linkstyp periphere niederspannung qrs ( t ) abnormal anteroseptaler infarkt alter unbest inferiorer infarkt wahrscheinlich alt ,1,
 sinusrhythmus p - sinistrocardiale linkstyp unspezifisches abnormes t xxxx unbestätigter bericht ,2,
 llt normokardes vorhofflimmern links - ventrikel - hypertrophie möglich st - senkung in i ii v5 xxxx flache t in iii avl f term neg t in v2 xxxx pathologisches ecg ,1,
 supraventrikuläre extrasystole ( n ) sinusrhythmus linkstyp st and t abnormal wahrscheinlich laterale ischämie oder linksbelastung ,1,
 sinusrhythmus av block i ueberdrehter linkstyp sichere links - ventrikel - hypertrophie q in iavr avl pathologisches ecg ,1,
 sinustachykardie lagetyp normal st and t abnorm wahrscheinlich anterolaterale ischämie oder linksbelastung xxxx unbestätigter bericht ,1,
 sinustachykardie lagetyp normal linksschenkelblock xxxx unbestätigter bericht ,2,
 sinusrhythmus lagetyp normal normales ecg vereinzelt biphasisches p ,1,
 sinustachykardie linkstyp periphere niederspannung linksschenkelblock xxxx unbestätigter bericht ,1,
 sinusbradykardie lagetyp normal linksschenkelblock vollständig st - hebung in v1 xxxx pathologsiches ecg ,1,
 supraventrikuläre extrasystole ( n ) trigeminus linkstyp qrs ( t ) abnorm anteroseptaler myokardschaden möglich st and t abnorm wahrscheinlich hochlaterale ischämie oder linksbelastung ,1,
 interponierte ventrikuläre extrasystole ( n ) sinus arrhythmie lagetyp normal unspezifische intraventrikuläre leitungsstörung qrs ( t ) abnorm inferiorer myokardschaden nicht auszuschliessen xxxx unbestätigter bericht ,1,
 ventrikuläre extrasystole ( n ) sinusrhythmus lagetyp normal periphere niederspannung xxxx unbestätigter bericht ,2,
 sinusrhythmus av block i linkstyp flache t in iii avf v1 verzögere r - progression pathologisches ecg ,1,
 sinusbradykardie linkstyp mässige amplitudenkriterien für linkshypertrophie xxxx unbestätigter bericht ,2,
 sinustachykardie p - sinistrocardiale lagetyp normal st and t abnorm wahrscheinlich anterolaterale ischämie oder linksbelastung inferolaterale ischämie oder linksbelastung t abnorm in anterioren ableitungen xxxx unbestätigter b ,1,
 ventrikuläre extrasystole ( n ) sinustachykardie ueberdrehter linkstyp linksanteriorer fascicular block qrs ( t ) abnormal inferiorer infarkt wahrscheinlich alt ,1,
 sinusrhythmus linkstyp unvollständiger linksschenkelblock xxxx unbestätigter bericht ,2,
 supraventrikuläre arrhythmie lagetyp normal rechtsschenkelblock qrs ( t ) abnorm inferiorer myokardschaden möglich xxxx unbestätigter bericht ,1,
 sinusrhythmus linkstyp qrs ( t ) abnorm inferiorer infarkt wahrscheinlich alt t abnorm in anterolateralen ableitungen xxxx unbestätigter bericht ,1,
 sinusbradykardie lagetyp normal qrs ( t ) abnormal anteroseptaler infarkt alter unbest st and t abnormal wahrscheinlich anteriore ischämie oder linksbelastung laterale ischämie oder linksbelastung t abnormal in inferolateralen ableitungen ,1,
 sinusrhythmus av block i ueberdrehter linkstyp linksanteriorer fascicular block unspezifischer intraventrikulärer block qrs ( t ) abnorm anteroseptaler infarkt wahrscheinlich alt xxxx unbestätigter bericht ,1,
 vorhofflimmern - flattern lagetyp normal rechtsschenkelblock qrs ( t ) abnorm inferiorer myokardschaden möglich xxxx unbestätigter bericht ,1,
 llt sr normales ecg ,1,
 sinustachykardie linkstyp qrs ( t ) abnorm inferiorer infarkt wahrscheinlich alt st and t abnorm wahrscheinlich anterolaterale ischämie oder linksbelastung t abnorm in anterioren ableitungen xxxx unbestätigter bericht ,1,
 sinusrhythmus av block i p - verbreiterung ueberdrehter linkstyp periphere niederspannung qrs ( t ) abnorm inferiorer infarkt wahrscheinlich alt st and t abnorm wahrscheinlich anterolaterale ischämie oder linksbelastung xxxx ,1,
 ventrikuläre extrasystole ( n ) sinusrhythmus av block i lagetyp normal t abnorm in inferioren ableitungen xxxx unbestätigter bericht ,1,
 sinusrhythmus t abnormal wahrscheinlich anteriorer myokardschaden inferiorer myokardschaden ,1,
 supraventrikuläre arrhythmie lagetyp normal unvollständiger rechtsschenkelblock qrs ( t ) abnorm inferiorer myokardschaden möglich st and t abnorm wahrscheinlich hochlaterale ischämie oder linksbelastung xxxx unbestätigter beric ,1,
 sinusbradykardie av block i linkstyp unspezifische intraventrikuläre leitungsstörung qrs ( t ) abnorm anteroseptaler myokardschaden möglich t abnorm in inferioren ableitungen xxxx unbestätigter bericht ,1,
 sinusrhythmus linkstyp linksschenkelblock path repolarisation pathologisch ,1,
 g ventrikuläre extrasystole ( n ) vorhofflimmern - flattern ueberdrehter linkstyp unspezifischer intraventrikulärer block linkshypertrophie ,1,
 ventrikulär ( a ) extrasystoli ( er ) förmaksflimmer - fladder vänstersidigt skänkelblock ,1,
 sinusrytm p förlängd t - förändring såsom vid inferior myokardaffektion ,1,
 sinusrhythmus ueberdrehter linkstyp linksanteriorer fascicular block st and t abnorm wahrscheinlich hochlaterale ischämie oder linksbelastung t abnorm in anterioren ableitungen xxxx unbestätigter bericht ,1,
 sinusbradykardie p - sinistrocardiale lagetyp normal unspezifische intraventrikuläre leitungsstörung st and t abnorm wahrscheinlich inferiore ischämie oder linksbelastung xxxx unbestätigter bericht ,1,
 supraventrikuläre extrasystole ( n ) sinusrhythmus p - sinistrocardiale linkstyp qrs ( t ) abnorm inferiorer infarkt wahrscheinlich alt xxxx unbestätigter bericht ,1,
 sinus arrhythmie verdacht auf p - sinistrocardiale lagetyp normal qrs ( t ) abnorm anteroseptaler myokardschaden nicht auszuschliessen t abnorm in inferioren ableitungen xxxx unbestätigter bericht ,1,
 sinusrhythmus linkstyp qrs ( t ) abnormal anteroseptaler infarkt möglich ,1,
 tachykardes vorhofflimmern linkstyp periphere niederspannung unspezifisches abnormes t xxxx unbestätigter bericht ,1,
 sinusrhythmus p - sinistrocardiale lagetyp normal qrs ( t ) abnorm anteriorer infarkt alter unbest xxxx unbestätigter bericht ,1,
 sinusrhythmus linkstyp qrs ( t ) abnorm anteriorer infarkt alter unbest st and t abnorm wahrscheinlich hochlaterale ischämie oder linksbelastung xxxx unbestätigter bericht ,1,
 sinusrhythmus verdacht auf p - sinistrocardiale lagetyp normal t abnorm in inferioren ableitungen xxxx unbestätigter bericht ,1,
 interponierte ventrikuläre extrasystole ( n ) supraventrikuläre arrhythmie linkstyp qrs ( t ) abnorm inferiorer infarkt wahrscheinlich alt t abnorm in hochlateralen ableitungen xxxx unbestätigter bericht ,1,
 sinusrhythmus linkstyp qrs ( t ) abnormal inferiorer infarkt wahrscheinlich alt st and t abnormal pathologisch ,1,
 sinus arrhythmie rechtstyp qrs ( t ) abnormal septaler myokardschaden nicht auszuschliessen qt - verlängerung ,1,
 sinusrhythmus ueberdrehter linkstyp linksanteriorer fascicular block rechtsschenkelblock bifaszikulärer block ,1,
 sinusrhythmus av block i linkstyp linksschenkelblock xxxx unbestätigter bericht ,3,
 vorhofflimmern - flattern ueberdrehter linkstyp qrs ( t ) abnorm anteroseptaler infarkt alter unbest inferiorer infarkt wahrscheinlich alt st and t abnorm wahrscheinlich anterolaterale ischämie oder linksbelastung xxxx ,1,
 sinusrhythmus av block i lagetyp normal mässige amplitudenkriterien für linkshypertrophie qrs ( t ) abnorm anteroseptaler infarkt wahrscheinlich alt st and t abnorm wahrscheinlich anterolaterale ischämie oder linksbelastung xxxx ,1,
 supraventrikuläre extrasystole ( n ) sinustachykardie av block i lagetyp normal periphere niederspannung t abnormal in hochlateralen ableitungen ,1,
 sinusrhythmus linkstyp periphere niederspannung qrs ( t ) abnorm anterolateraler myokardschaden nicht auszuschliessen t abnorm in anterioren ableitungen xxxx unbestätigter bericht ,1,
 sinusrhythmus av block i p - sinistrocardiale lagetyp normal unspezifische intraventrikuläre leitungsstörung linkshypertrophie xxxx unbestätigter bericht ,1,
 sinusrhythmus av block i linkstyp überdreht periphere niederspannung part lsb lahb chron inferiorer infarkt möglich langsame r - progression v2 - xxxx ,1,
 sinustachykardie ueberdrehter linkstyp linkshypertrophie qrs ( t ) abnormal inferiorer infarkt wahrscheinlich alt ,1,
 tachykardes vorhofflimmern lagetyp normal periphere niederspannung ,1,
 sinusrhythmus lagetyp normal qrs ( t ) abnorm inferiorer myokardschaden möglich st and t abnorm wahrscheinlich hochlaterale ischämie oder linksbelastung xxxx unbestätigter bericht ,1,
 sinusrhythmus verdacht auf p - sinistrocardiale rechtstyp qrs ( t ) abnorm anteriorer infarkt alter unbest xxxx unbestätigter bericht ,1,
 ventrikuläre extrasystole ( n ) sinus arrhythmie av block i verdacht auf p - sinistrocardiale ueberdrehter linkstyp linksanteriorer fascicular block rechtsschenkelblock bifaszikulärer block xxxx unbestätigter bericht ,1,
 sinusrhythmus llt sicherer chronischer inderiorer anteroseptaler infarkt pathologisches ecg ,1,
 sinustachykardie linkstyp mässige amplitudenkriterien für linkshypertrophie qrs ( t ) abnorm anteroseptaler myokardschaden möglich inferiorer infarkt wahrscheinlich alt st and t abnorm wahrscheinlich hochlaterale ischämie oder linksbelastung xxxx ,1,
 supraventr tachykardie ueberdrehter linkstyp vollständiger rechtsschenkelblock t neg in v1 - v3 path ecg ,1,
 sinusrhythmus lagetyp normal intraventr leitungsstörung in avl t biphasisch in v2 normales ecg ,1,
 sinusrhythmus linkstyp vollständiger rechtsschenkelblock t neg in v1 - v3 path ecg ,1,
 ventrikuläre extrasystole ( n ) trigeminus sinus arrhythmie lagetyp normal st and t abnorm wahrscheinlich inferiore ischämie oder linksbelastung t abnorm in hochlateralen ableitungen xxxx unbestätigter bericht ,1,
 sinusrhythmus p - verbreiterung linkstyp unspezifisch abnormes st and t ( hebung ) xxxx unbestätigter bericht ,1,
 tachykardes vorhofflimmern ueberdrehter linkstyp linksanteriorer fascicular block qrs ( t ) abnorm anteroseptaler infarkt wahrscheinlich alt inferiorer infarkt wahrscheinlich alt st and t abnorm wahrscheinlich anterolaterale ischämie oder linksbelas ,1,
 sinusrhythmus lagetyp normal intraentr leitungsstörung in iii t neg in v2 t flach in v3 path ecg ,1,
 sinustachykardie lagetyp normal normales ecg ,2,
 sinusrhythmus p - sinistrocardiale lagetyp normal st and t abnorm wahrscheinlich anterolaterale ischämie oder linksbelastung t abnorm in inferolateralen ableitungen xxxx unbestätigter bericht ,1,
 sinusrhythmus lagetyp normal normales ecg q in avf diskrete st - hebung in v2 ,1,
 sinus arrhythmie lagetyp normal path ecg ,1,
 sinusrhythmus linkstyp qrs ( t ) abnorm inferiorer infarkt wahrscheinlich alt ,1,
 sinusrhythmus verdacht auf p - sinistrocardiale lagetyp normal qrs ( t ) abnorm anteriorer infarkt alter unbest xxxx unbestätigter bericht ,2,
 tachykardes vorhofflimmern ueberdrehter linkstyp periphere niederspannung qrs ( t ) abnorm anteroseptaler infarkt wahrscheinlich alt inferiorer infarkt wahrscheinlich alt st and t abnorm wahrscheinlich anterolaterale ischämie oder linksbelast ,1,
 sinusrhythmus ueberdrehter linkstyp r - s übergang in v ableitungen nach links verschoben linksanteriorer fascicular block qrs ( t ) abnorm inferiorer infarkt wahrscheinlich alt xxxx unbestätigter bericht ,1,
 vorhofflimmern - flattern lagetyp normal unvollständiger linksschenkelblock st and t abnorm wahrscheinlich anterolaterale ischämie oder linksbelastung inferolaterale ischämie oder linksbelastung xxxx unbestätigter bericht ,2,
 ventrikuläre extrasystole ( n ) sinus arrhythmie linkstyp unspezifisches abnormes t qt - verlängerung xxxx unbestätigter bericht ,1,
 ventrikuläre extrasystole ( n ) tachykardes vorhofflimmern lagetyp normal unspezifische intraventrikuläre leitungsstörung st and t abnorm wahrscheinlich inferolaterale ischämie oder linksbelastung xxxx unbestätigter bericht ,1,
 sinusrhythmus ueberdrehter linkstyp vollständiger rechtsschenkelblock chronisch inferiorer infarkt möglich st - senkung t neg in v1 - v4 t flach in v5 v6 path ecg ,1,
 sinus arrhythmie av block i p - verbreiterung ueberdrehter linkstyp linksschenkelblock linkshypertrophie möglich xxxx unbestätigter bericht ,1,
 sinusrhythmus linkstyp linkshypertrophie möglich qrs ( t ) abnorm inferiorer infarkt möglich xxxx unbestätigter bericht ,1,
 vorhofflimmern - flattern ueberdrehter linkstyp qrs ( t ) abnorm anteriorer infarkt alter unbest st and t abnorm wahrscheinlich laterale ischämie oder linksbelastung inferolaterale ischämie oder linksbelastung xxxx unbest ,1,
 supraventrikuläre extrasystole ( n ) sinusrhythmus lagetyp normal st and t abnorm wahrscheinlich inferiore ischämie oder linksbelastung ,1,
 sinusrhythmus lagetyp normal r - s übergang in v ableitungen nach rechts verschoben sonst normales ecg ,1,
 sinusrhythmus av block i lagetyp normal qrs ( t ) abnorm inferiorer infarkt alter unbest xxxx unbestätigter bericht ,5,
 sinusrhythmus p - sinistrocardiale ueberdrehter linkstyp qrs ( t ) abnorm lateraler infarkt alter unbest xxxx unbestätigter bericht ,2,
 sinusrhythmus linkstyp unvollständiger linksschenkelblock qrs ( t ) abnorm inferiorer infarkt wahrscheinlich alt xxxx unbestätigter bericht ,1,
 tachykardes vorhofflimmern extrem ueberdrehter rechtstyp periphere niederspannung linksanteriorer fascicular block qrs ( t ) abnorm anteroseptaler infarkt alter unbest inferiorer infarkt wahrscheinlich alt st and t abnorm wahrscheinlich anterolater ,1,
 sinusrhythmus av block i lagetyp normal qrs ( t ) abnorm anterolateraler infarkt möglich inferiorer infarkt alter unbest xxxx unbestätigter bericht ,1,
 sinus arrhythmie linkstyp qrs ( t ) abnorm inferiorer myokardschaden nicht auszuschliessen xxxx unbestätigter bericht ,1,
 sinus arrhythmie verdacht auf p - sinistrocardiale ueberdrehter linkstyp qrs ( t ) abnorm lateraler infarkt alter unbest inferiorer infarkt möglich xxxx unbestätigter bericht ,1,
 sinusrhythmus p - sinistrocardiale lagetyp normal st and t abnorm wahrscheinlich anteriore ischämie oder linksbelastung xxxx unbestätigter bericht ,1,
 sinusbradykardie verdacht auf p - sinistrocardiale lagetyp normal unvollständiger rechtsschenkelblock xxxx unbestätigter bericht ,1,
 sinusrhythmus ueberdrehter linkstyp linksanteriorer fascicular block rechtsschenkelblock bifaszikulärer block qrs ( t ) abnorm anteroseptaler myokardschaden möglich xxxx unbestätigter bericht ,4,
 sinustachykardie lagetyp normal st and t abnormal wahrscheinlich inferiore ischämie oder linksbelastung ,1,
 sinusrhythmus av block i verdacht auf p - sinistrocardiale lagetyp normal qrs ( t ) abnorm inferiorer infarkt alter unbest xxxx unbestätigter bericht ,2,
 sinusrhythmus rechtstyp qrs ( t ) abnorm anteriorer infarkt alter unbest xxxx unbestätigter bericht ,1,
 supraventrikuläre extrasystole ( n ) trigeminus sinusrhythmus av block i linkstyp xxxx unbestätigter bericht ,1,
 sinusrhythmus linkstyp mässige amplitudenkriterien für linkshypertrophie t abnorm in hochlateralen ableitungen xxxx unbestätigter bericht ,1,
 vorhofflimmern - flattern ueberdrehter linkstyp periphere niederspannung linksanteriorer fascicular block qrs ( t ) abnorm anteroseptaler infarkt wahrscheinlich alt inferiorer infarkt wahrscheinlich alt st and t abnorm wahrscheinlich anterolaterale i ,1,
 sinusrhythmus linkstyp qrs ( t ) abnorm anteroseptaler myokardschaden nicht auszuschliessen t abnorm in anterioren ableitungen inferioren ableitungen xxxx unbestätigter bericht ,1,
 tachykardes vorhofflimmern lagetyp normal qrs ( t ) abnorm anteroseptaler myokardschaden nicht auszuschliessen xxxx unbestätigter bericht ,1,
 sinustachykardie ueberdrehter linkstyp qrs ( t ) abnorm anteroseptaler infarkt alter unbest inferiorer infarkt alter unbest xxxx unbestätigter bericht ,1,
 sinusrhythmus linkstyp qrs ( t ) abnorm septaler infarkt nicht auszuschliessen inferiorer infarkt alter unbest t abnorm in anterioren ableitungen lateralen ableitungen xxxx unbestätigter bericht ,1,
 supraventrikuläre extrasystole ( n ) sinusrhythmus schwierig bestimmbare qrs - achse t abnorm in inferioren ableitungen xxxx unbestätigter bericht ,1,
 ventrikuläre extrasystole ( n ) sinusrhythmus av block i verdacht auf p - sinistrocardiale ueberdrehter linkstyp rechtsschenkelblock qrs ( t ) abnorm anterolateraler infarkt möglich inferiorer infarkt wahrscheinlich alt xxxx un ,1,
 supraventrikuläre arrhythmie linkstyp qrs ( t ) abnorm inferiorer infarkt wahrscheinlich alt xxxx unbestätigter bericht ,1,
 ventrikuläre extrasystole ( n ) vorhofflimmern - flattern lagetyp normal rechtsschenkelblock qrs ( t ) abnorm anterolateraler myokardschaden möglich xxxx unbestätigter bericht ,1,
 sinusrhythmus linkstyp st and t abnorm wahrscheinlich anteriore ischämie oder linksbelastung t abnorm in lateralen ableitungen inferolateralen ableitungen xxxx unbestätigter bericht ,1,
 sinus arrhythmie p - sinistrocardiale ueberdrehter linkstyp linksschenkelblock linkshypertrophie möglich xxxx unbestätigter bericht ,1,
 sinusrhythmus p - sinistrocardiale linkstyp unspezifische intraventrikuläre leitungsstörung qrs ( t ) abnorm anteroseptaler infarkt alter unbest ,1,
 sinusrhythmus verdacht auf p - sinistrocardiale lagetyp normal unspezifisches abnormes t ,1,
 vorhofflimmern - flattern schwierig bestimmbare qrs - achse xxxx unbestätigter bericht ,1,
 sinus arrhythmie lagetyp normal mässige amplitudenkriterien für linkshypertrophie qrs ( t ) abnorm inferiorer myokardschaden nicht auszuschliessen xxxx unbestätigter bericht ,1,
 ventrikuläre extrasystole ( n ) sinus arrhythmie linkstyp st and t abnorm wahrscheinlich laterale ischämie oder linksbelastung xxxx unbestätigter bericht ,1,
 sinusrhythmus av block i linkstyp qrs ( t ) abnorm inferiorer infarkt wahrscheinlich alt xxxx unbestätigter bericht ,7,
 ventrikuläre extrasystole ( n ) sinus arrhythmie lagetyp normal qrs ( t ) abnorm anteroseptaler myokardschaden nicht auszuschliessen xxxx unbestätigter bericht ,1,
 sinusrhythmus p - sinistrocardiale ueberdrehter linkstyp linksanteriorer fascicular block unspezifischer intraventrikulärer block qrs ( t ) abnorm anteriorer infarkt mögl akut xxxx unbestätigter bericht ,1,
 sinustachykardie rechtstyp sonst normales ecg xxxx unbestätigter bericht ,2,
 sinusrhythmus ueberdrehter linkstyp linksanteriorer fascicular block unvollständiger rechtsschenkelblock st and t abnorm wahrscheinlich hochlaterale ischämie oder linksbelastung ,1,
 node rytm vänster el - axel avvikande qrs ( t ) förlopp anteroseptal infarkt sannolikt äldre inferior infarkt ålder ej bestämmbar t - förändring såsom vid anterolateral myokardaffektion ,1,
 sinusrytm avvikande qrs ( t ) förlopp anterior infarkt ålder ej bestämmbar t - förändring såsom vid lateral myokardaffektionconsensus label derived from { asmi xxxx sr xxxx 0} { asmi xxxx injal xxxx sr xxxx 0} ,1,
 trace only requested edit norm xxxx tor ,1,
 sinusrytm vänster el - axel ospecifikt inkomplett skänkelblock ospecifik t - förändring ,1,
 sinus arytmi av block i vänster el - axel st and t sänkning såsom vid anterior ischemi eller vänster belastning lateral ischemi eller vänster belastning ,1,
 sinusrytm vänster el - axel ospecifik st - förändring ospecifik t - förändring ! ,1,
 supraventrikulär ( a ) extrasystoli ( er ) sinusrytm av block i vänster el - axel st and t sänkning såsom vid anterolateral ischemi eller vänster belastning ,1,
 sinusrytm vänster el - axel låga qrs amplituder i extremitetsavledningarna avvikande qrs ( t ) förlopp anteroseptal infarkt ålder ej bestämmbar ,1,
 regelbunden rytm inga p - våg funna vänster el - axel vänster kammarhypertrofi ,1,
 förmaksflimmer med hög kammarfrekvens extrem vänster el - axel ospecifikt skänkelblock vänster kammarhypertrofi avvikande qrs ( t ) förlopp inferior infarkt bör övervägas ,1,
 ventrikulär ( a ) extrasystoli ( er ) sinusrytm ospecifikt inkomplett skänkelblock vänster kammarhypertrofi ,1,
 sinusrhythmus verdacht auf p - sinistrocardiale linkstyp unvollständiger rechtsschenkelblock st and t abnorm wahrscheinlich hochlaterale ischämie oder linksbelastung xxxx unbestätigter bericht ,1,
 ventrikulär ( a ) extrasystoli ( er ) förmaksflimmer - fladder st and t sänkning såsom vid inferior ischemi eller vänster belastning ,1,
 sinusrytm patologisk r - s - kvot i v1 > xxxx vilket kan bero på gammal posterior myokardskada eller höger kammarhypertrofi ,1,
 sinusrytm av block i vänster el - axel st and t sänkning såsom vid anterolateral ischemi eller vänster belastning inferolateral ischemi eller vänster belastning ,1,
 förmaksflimmer - fladder vänster el - axel vänster kammarhypertrofi ,1,
 sinusrytm extrem vänster el - axel intraventrikulärt retledningshinder t - förändring såsom vid anterior myokardaffektion inferolateral myokardaffektion ,1,
 node rytm vänster el - axel avvikande qrs ( t ) förlopp inferior infarkt ålder ej bestämmbar ,1,
 förmaksflimmer - fladder misstänkt vänster kammarhypertrofi avvikande qrs ( t ) förlopp inferior infarkt sannolikt äldre ,1,
 sinusrytm extrem vänster el - axel ospecifikt skänkelblock avvikande qrs ( t ) förlopp hög lateral infarkt bör övervägas ,1,
 sinusrytm vänster el - axel avvikande qrs ( t ) förlopp inferior infarkt ålder ej bestämmbar t - förändring såsom vid anterior myokardaffektion ,1,
 ventrikulär ( a ) extrasystoli ( er ) förmaksflimmer - fladder vänster el - axel misstänkt vänster kammarhypertrofi ,1,
 förmaksflimmer med hög kammarfrekvens extrem vänster el - axel vänster anteriort fascicular block st and t abnormal överväg färsk anterior peri - eller myokardskada ,1,
 sinusrhythmus ueberdrehter linkstyp linksanteriorer fascicular block qrs ( t ) abnorm anteroseptaler myokardschaden möglich ,2,
 förmaksflimmer - fladder st and t sänkning såsom vid anterolateral ischemi eller vänster belastning t - förändring såsom vid anterior myokardaffektion inferolateral myokardaffektion ,1,
 förmaksflimmer - fladder vänster el - axel vänster kammarhypertrofi avvikande qrs ( t ) förlopp inferior myokardskada kan ej uteslutas ,1,
 sinusbradykardi st and t sänkning såsom vid inferolateral ischemi eller vänster belastning ,1,
 sinus arrhythmie p - sinistrocardiale lagetyp normal qrs ( t ) abnorm anteroseptaler myokardschaden nicht auszuschliessen ,1,
 förmaksflimmer - fladder vänster el - axel qt förlängd ,1,
 sinusrytm extrem vänster el - axel avvikande qrs ( t ) förlopp anterior infarkt ålder ej bestämmbar t - förändring såsom vid lateral myokardaffektion ,1,
 supraventrikulär ( a ) extrasystoli ( er ) sinusrytm vänster el - axel bröstavledningarnas r - s transition förskjuten åt vänster ospecifik t - förändring qt förlängd ,1,
 tachykardes vorhofflimmern lagetyp normal chron anteroseptaler infarkt möglich ( dd lsb ) st - hebung ( fragl aneurysma ) ,1,
 ventrikulär ( a ) extrasystoli ( er ) förmaksflimmer med hög kammarfrekvens vänster el - axel låga qrs amplituder i extremitetsavledningarna st and t sänkning såsom vid anterolateral ischemi eller vänster belastning t - förändring såsom vid anterior myokardaffe ,1,
 sinusbradykardi av - block i i övrigt inget säkert patologiskt ,1,
 förmaksflimmer - fladder vänster el - axel låga qrs amplituder i extremitetsavledningarna t - förändring såsom vid anterior myokardaffektion lateral myokardaffektion qt förlängd ,1,
 sinusrytm supraventrikulära extraslag abnorm r - progression v1 - v3 samt avsaknad q - våg i v6 inger misstanke på gammal anteroseptal myokardskada ,1,
 sinusrhythmus ueberdrehter linkstyp r - s übergang in v ableitungen nach links verschoben linksanteriorer fascicular block qrs ( t ) abnorm inferiorer infarkt wahrscheinlich alt ,1,
 förmaksflimmer - fladder låga qrs amplituder i extremitetsavledningarna st and t sänkning såsom vid anterolateral ischemi eller vänster belastning t - förändring såsom vid anterior myokardaffektion ,1,
 sinusrhythmus lagetyp normal qrs ( t ) abnormal t abnormal in anterolateralen ableitungen inferolateralen ableitungen fehlende r - progression pathologisch ,1,
 tachykardes vorhofflimmern linkstyp periphere niederspannung unvollständiger rechtsschenkelblock st - senkung in v5 - xxxx ,1,
 förmaksflimmer - fladder extrem vänster el - axel avvikande qrs ( t ) förlopp anteroseptal infarkt sannolikt äldre st and t sänkning såsom vid anterolateral ischemi eller vänster belastning ,1,
 supraventrikulär ( a ) extrasystoli ( er ) sinusrytm vänster el - axel vänstersidigt skänkelblock ,1,
 sinusbradykardi måttliga amplitudkrit för vänster kammarkhypertrofi ,1,
 sinusrytm vänster el - axel inkomplett högersidigt skänkelblock t - inversion i avl såsom vid hög lateral myokardaffektion ,1,
 sinusrytm låga qrs amplituder i extremitetsavledningarna avvikande qrs ( t ) förlopp lateral infarkt ålder ej bestämmbar t - förändring såsom vid anterior myokardaffektion inferolateral myokardaffektion ,1,
 sinusrhythmus verdacht auf p - sinistrocardiale ueberdrehter linkstyp linksanteriorer fascicular block schlechte r - progression v1 - xxxx ,1,
 sinus arytmi av block i vänster el - axel avvikande qrs ( t ) förlopp anterior infarkt bör övervägas t - förändring såsom vid lateral myokardaffektion ,1,
 sinusrytm gammal anteroseptal infarkt diskordant t - våg i avl såsom vid hög lateral myokardaffektion ,1,
 node rytm vänster el - axel avvikande qrs ( t ) förlopp anteroseptal infarkt ålder ej bestämmbar inferior infarkt ålder ej bestämmbar t - förändring såsom vid anterior myokardaffektion ,1,
 sinusrytm avvikande qrs ( t ) förlopp hög lateral myokardskada bör övervägas ,1,
 sinusrytm extrem vänster el - axel avvikande qrs ( t ) förlopp inferior infarkt ålder ej bestämmbar ,1,
 tachykardes vorhofflimmern rechtstyp linksposteriorer fascicular block st and t abnorm wahrscheinlich inferiore ischämie oder linksbelastung ,1,
 anamnes saknas sinusbradykardi misstänkt vänster kammarhypertrofi patologisk q - våg i v2 inger misstanke på gammal anteroseptal myokardskada t - förändringar anteriort såsom vid subendokardiell myokardaffektion st and t förändringar lateralt såsom vid ischemi ,1,
 sinusrhythmus p - sinistrocardiale lagetyp normal periphere niederspannung unvollständiger rechtsschenkelblock qrs ( t ) abnorm anteroseptaler infarkt wahrscheinlich alt t abnorm in hochlateralen ableitungen ,1,
 sinusbradykardie av block i lagetyp normal qrs ( t ) abnormal inferiorer infarkt alter unbest qt verlängert langsame r - progression ,1,
 sinusbradykardie lagetyp normal unspezifisches abnormales t ,3,
 ventrikuläre extrasystole ( n ) av - block xxxx grades ( grenzwertig ) sinus arrhythmie lagetyp normal st - senkung in i v3 - xxxx t biphasisch in v3 - xxxx i ii avl avf ,1,
 sinusrhythmus linkstyp diskrete st - senkung ,1,
 linkslagetyp ventrikulaere extrasystolen multiform grenzbefund ,1,
 sinusrhythmus lagetyp normal unvollständiger rechtsschenkelblock mässige amplitudenkriterien f#r linkshypertrophie ,1,
 sinustachykardie lagetyp normal t biphasisch in inf ableitungen ,1,
 sinustachykardie lagetyp normal t abnormal in anteroseptalen ableitungen ,1,
 sinusrhythmus ueberdrehter linkstyp linksanteriorer fascicular block unspezifisches abnormales t schlechte r - progression pathologisch ,1,
 sinusrhythmus intraventr leitungsstoerung ii avf st - senkung v1 - v5 t - veraenderungen neg v1 - v5 biphas v2 - v5 ecg pathologisch ,1,
 ventrikuläre extrasystole ( n ) vorhofflimmern normokard ueberdrehter linkstyp linksschenkelblock keine r - progression v1 - v4 q in ii iii f v1 v2 ( v3 ) st - hebung v3 v4 ,1,
 vorhofflimmern normokard lagetyp normal intraventr leitungsstoerung ii iii l f schlechte r - progression v1 - v4 q in v1 st - senkung i ii v5 v6 ecg pathologisch ,1,
 sinusrhythmus intraventr leitungsstoerung ii f linkstyp q in v1 t - veraenderungen hoch in v3 flach lateral ecg wahrscheinlich normal ,1,
 vorhofflimmern normokard stlt st - hebung in v4 - xxxx ii iii avf st - senkung in ii iii avf v4 - xxxx neg t in ii iii avf v4 - xxxx digitalisveraenderung pathologisches ecg ,1,
 sinus - bradykardie anteriorer fascicular block links ueberdrehter linkstyp intraventr leitungsstoerung ii avf v2 v1 t - veraenderungen neg iii v1 hoch und spitz in v2 v3 ecg patho ,1,
 sinusrhythmus linkstyp t - veraenderungen neg iii ecg normal ,1,
 sinusrhythmus lagetyp normal intraventr leitungsstoerung ecg wahrscheinlich normal ,1,
 sinusrhythmus p - sinistrocardiale lagetyp normal unspezifischer intraventrikulärer block ,1,
 sinusrhythmus linkstyp unvollständiger rechtsschenkelblock flaches t in avf v1 pathologisches ecg ,1,
 sinusrhythmus lagetyp normal unvollständiger rechtsschenkelblock q in iii ,1,
 sinustachykardie lagetyp normal r - s #bergang in v ableitungen nach rechts verschoben sves ( av - es ) t flach in avl v1 ,1,
 sinusrhythmus linkstyp neg t in iii wahrscheinlich normales ecg ,1,
 llt sinustachykardie sves ( vorhof ) über xxxx - min vollständiger lsb neg t in v5 xxxx i avl pathologisches ecg ,1,
 llt sr sicherer chronischer anteroseptaler infarkt st - hebung in v2 xxxx diskrete st - senkung in avl v4 langsame r - progression pathologisches ecg ,1,
 sinusrhythmus linkstyp wahrscheinlich normales ecg ,2,
 sinusrhythmus lagetyp normal unspezifisches abnormes t edit norm xxxx ( ndt ) ,1,
 sinusrhythmus linkstyp periphere niederspannung chron inferiorer infarkt möglich r - progression verzögert in v1 - xxxx diskrete st - senkung in iii ,1,
 sinusrhythmus llt diskrete st - senkung in i v4 biphasische t in f v3 - xxxx elektrolytstörungen pathologisches ecg ,1,
 sinusbradykardie steiltyp st - hebung in v4 - xxxx v1 hohes t in v3 xxxx normales ecg ,1,
 sinusrhythmus lagetyp normal unvollständiger rechtsschenkelblock qrs ( t ) abnorm inferiorer myokardschaden möglich xxxx unbestätigter bericht ,1,
 sinusrhythmus lagetyp normal rechtsschenkelblock ergometrie pathologisches ecg unter belastung supraventrikuläle extrasystolie unter belastung wahrscheinlich angina pectoris ,1,
 regelmässiger rhythmus keine p - welle erkannt st and t abnormal wahrscheinlich anteriore ischämie oder linksbelastung inferolaterale ischämie oder linksbelastung ,1,
 supraventrikuläre extrasystole ( n ) sinusrhythmus mässige amplitudenkriterien f#r linkshypertrophie st and t abnormal wahrscheinlich sofort nach carotisdruck re beseitigung einer supraventriculaeren tachycardie hf xxxx !!! ,1,
 sinusrhythmus normales ecg xxxx min nach supraventriculaerer tachycardie hf xxxx !!! ,1,
 sinusrhythmus ueberdrehter linkstyp linksanteriorer fascicular block verzögerte r - progression pathologisches ecg ,1,
 sinusbradykardie slt st - hebung in v2 xxxx hohes t in v2 - xxxx grenzbefund ,1,
 tachykardes vorhofflimmern slt pathologische repolarisation ,1,
 sinusrhythmus unspezifischer intraventrikulärer block ,1,
 überdrehter linkstyp sinusbradykardie möglicherweise chronischer inferiorer anteroseptaler infarkt ( q in v1 xxxx ) verzögerte r - progression st - hebung in v2 pathologisches ecg ,1,
 sinusrhythmus lagetyp normal path repolariation grenzbefund ,1,
 ventrikuläre extrasystole ( n ) sinusrhythmus llt rechtsschenkelblock atriale leitungsstörung biphasisches t in l f st - senkung in v3 - xxxx ii verkürzte pq - zeit pathologisches ecg ,1,
 sinustachykardie llt rechts grenzbefund ,1,
 sinusrhythmus linksanteriorer fascicular block 1sves abgeflachte t - wellen inferior in iii zeitweise biphas t - wellen ,1,
 sinusrhythmus linkstyp links vollständiger schenkelblock path repolarisation q in l avl st - senkung v2 xxxx pathologisches ecg ,1,
 sinusrhythmus slt vollstaendiger rechtsschenkelblock pathologisches ecg ,1,
 ventrikuläre extrasystole ( n ) sinusrhythmus ueberdrehter linkstyp ,1,
 vorhofflimmern - flattern lagetyp normal unspezifische intraventrikuläre leitungsstörung qrs ( t ) abnorm inferiorer myokardschaden möglich st and t abnorm wahrscheinlich anterolaterale ischämie oder linksbelastung xxxx unbestäti ,1,
 sinusrhythmus ueberdrehter linkstyp r - s #bergang in v ableitungen nach links verschoben periphere niederspannung linksanteriorer fascicular block t abnormal in hochlateralen ableitungen ,1,
 sinusrhythmus p - verbreiterung lagetyp normal st and t abnormal wahrscheinlich anteriore ischämie oder linksbelastung ,1,
 sinustachykardie p - sinistrocardiale ueberdrehter linkstyp linksanteriorer fascicular block unvollständiger rechtsschenkelblock st and t abnorm wahrscheinlich hochlaterale ischämie oder linksbelastung ,1,
 vorhofflimmern - flattern lagetyp normal qrs ( t ) abnormal inferiorer myokardschaden nicht auszuschliessen st and t abnormal wahrscheinlich anterolaterale ischämie oder linksbelastung ,1,
 sinusrhythmus mittellagetyp rechts v2 normales ecg ,1,
 sinusrhythmus verdacht auf p - sinistrocardiale ueberdrehter linkstyp qrs ( t ) abnormal anteroseptaler myokardschaden möglich st and t abnormal wahrscheinlich hochlaterale ischämie oder linksbelastung ,1,
 sinusbradykardie ueberdrehter linkstyp linksschenkelblock av - block xxxx grades typ mobitz mit xxxx überleitung ,1,
 sinusrhythmus schwierig bestimmbare qrs - achse qrs ( t ) abnormal anterolateraler infarkt möglich inferiorer infarkt alter unbest ,1,
 tachykardes vorhofflimmern lagetyp normal mässige amplitudenkriterien für linkshypertrophie qrs ( t ) abnorm inferiorer myokardschaden möglich t abnorm in anterioren ableitungen xxxx unbestätigter bericht ,1,
 sinusrhythmus mittellagetyp rechts v2 intraventr leitungsstörung iii st - hebung v2+3 t - veränderungen v2+3 wahrscheinlich normales ecg ,1,
 sinusrhythmus av block i lt ,1,
 sinusrhythmus lagetyp normal unspezifische intraventrikuläre leitungsstörung unspezifische abnormale st - senkung unspezifisches abnormales t ,1,
 ventrikuläre extrasystole ( n ) bigeminus interponierte ventrikuläre extrasystole ( n ) sinus arrhythmie verdacht auf p - sinistrocardiale ueberdrehter linkstyp st and t abnormal wahrscheinlich anterolaterale ischämie oder linksbelastung ,1,
 sinusrhythmus ueberdrehter linkstyp linksanteriorer fascicular block qrs ( t ) abnormal inferiorer infarkt möglich ,1,
 sinusrhythmus schwierig bestimmbare qrs - achse qrs ( t ) abnormal inferiorer infarkt alter unbest t abnormal in anterolateralen ableitungen ,1,
 supraventrikuläre arrhythmie av block i p - sinistrocardiale linkstyp linksschenkelblock xxxx unbestätigter bericht ,1,
 sinustachykardie ueberdrehter linkstyp av - block xxxx grades linkshypertrophie st - hebung anteriorer infarkt lateral subakut - chronisch ecg pathologisch ,1,
 sinusrhythmus mlt st - hebung in v2 wahrscheinlich normales ecg ,1,
 sinusrhythmus linkstyp periphere niederspannung chron inferiorer infarkt subskuter vorderwandinfarkt ,1,
 sinusrhythmus t abnormal wahrscheinlich hochlateraler myokardschaden ,1,
 sinusrhythmus linkstyp t abnormal in anteroseptalen ableitungen inferioren ableitungen ,1,
 sinusrhythmus linkshypertrophie lagetyp normal st - hebung - st - senkung langsame r - progression ecg pathologisch ,1,
 sinusrhythmus lagetyp normal verzögerte r - progression v1 - xxxx q im iii ,1,
 sinusrhythmus llt supraventrikuläre extrasystolen vorhof - es vorhofüberbelastung links xxxx - zipfliges p pathologisches ecg ,1,
 sinusrhythmus lagetyp normal vorhofsueberbelastung links moeglich ecg normal ,1,
 sinusrhythmus av block i ueberdrehter linkstyp linksanteriorer fascicular block rechtsschenkelblock bifaszikulärer block ,1,
 sinusrhythmus lagetyp normal partieller av - block xxxx grades pathologische repolarisation pathologisches ecg ,1,
 regelmässiger rhythmus keine p - welle erkannt lagetyp normal periphere niederspannung qrs ( t ) abnormal anteroseptaler infarkt wahrscheinlich alt st and t abnormal wahrscheinlich inferolaterale ischämie oder linksbelastung ,1,
 sinusrhythmus ueberdrehter linkstyp periphere niederspannung ,1,
 sinusbradykardie mlt normales ecg ,1,
 sinusrhythmus mitteltyp rechtsschenkelblock ,1,
 sinusbradykardie steiltyp ,1,
 sinusrhythmus extrem ueberdrehter rechtstyp periphere niederspannung qrs ( t ) abnorm anterolateraler infarkt alter unbest inferiorer infarkt alter unbest xxxx unbestätigter bericht ,1,
 sinusrhythmus lagetyp normal qrs ( t ) abnorm anteroseptaler myokardschaden nicht auszuschliessen st and t abnorm wahrscheinlich anterolaterale ischämie oder linksbelastung xxxx unbestätigter bericht ,1,
 tachykardes vorhofflimmern ueberdrehter linkstyp mässige amplitudenkriterien für linkshypertrophie qrs ( t ) abnorm anterolateraler infarkt alter unbest inferiorer infarkt wahrscheinlich alt xxxx unbestätigter bericht ,1,
 vorhofflimmern - flattern ueberdrehter linkstyp qrs ( t ) abnorm anteriorer infarkt alter unbest inferiorer infarkt wahrscheinlich alt st and t abnorm wahrscheinlich hochlaterale ischämie oder linksbelastung xxxx unbe ,2,
 ventrikuläre extrasystole ( n ) vorhofflimmern - flattern lagetyp normal unspezifische intraventrikuläre leitungsstörung linkshypertrophie möglich xxxx unbestätigter bericht ,1,
 sinustachykardie mlt t spitz zulaufend v2 wahrscheinlich normales ecg ,1,
 supraventrikuläre extrasystole ( n ) sinusrhythmus llt chronischer anteroseptaler infarkt möglich reduzierte r - progression in v1 v3 st - hebung über v1 v2 avr st - senkung über v5 v6 i ,1,
 sinusrhythmus verdacht auf p - sinistrocardiale linkstyp qrs ( t ) abnorm inferiorer infarkt alter unbest t abnorm in anterolateralen ableitungen xxxx unbestätigter bericht ,1,
 sinusrhythmus lagetyp normal amplitudenkriterien f#r linkshypertrophie qrs ( t ) abnormal anteroseptaler myokardschaden nicht auszuschliessen ,1,
 tachykardes vorhofflattern mllt akuter inferiorer infarkt möglich st - hebung über ii iii avf st - senkung über v1 - v4 ,1,
 sinusrhythmus llt av - block xxxx grades t überhöht in v2 v3 ,1,
 sinusrhythmus llt t abgeflacht in avl normales ecg ,1,
 sinusbradykardie linkstyp periphere niederspannung t abnormal in anterioren ableitungen ,1,
 sinusrhythmus ueberdrehter rechtstyp periphere niederspannung qrs ( t ) abnorm lateraler infarkt alter unbest inferiorer infarkt alter unbest xxxx unbestätigter bericht ,1,
 sinusrhythmus p - sinistrocardiale lagetyp normal unspezifischer intraventrikulärer block qrs ( t ) abnorm inferiorer infarkt wahrscheinlich alt xxxx unbestätigter bericht ,1,
 sinusrhythmus verdacht auf p - sinistrocardiale linkstyp xxxx unbestätigter bericht edit lao xxxx ( ndt ) ,1,
 ventrikuläre extrasystole ( n ) sinusrhythmus verdacht auf p - sinistrocardiale ueberdrehter linkstyp r - s übergang in v ableitungen nach rechts verschoben qrs ( t ) abnorm anterolateraler myokardschaden möglich inferiorer infarkt möglich xxxx ,1,
 ventrikuläre extrasystole ( n ) sinus arrhythmie linkstyp t abnormal in anterioren ableitungen ,1,
 supraventrikuläre extrasystole ( n ) sinustachykardie ueberdrehter linkstyp linksanteriorer fascicular block rechtsschenkelblock bifaszikulärer block qrs ( t ) abnorm anteroseptaler myokardschaden möglich xxxx unbestätigter bericht ,1,
 vorhofflimmern - flattern extrem ueberdrehter rechtstyp rechtsschenkelblock qrs ( t ) abnorm anteriorer infarkt wahrscheinlich alt inferiorer infarkt mögl akut xxxx unbestätigter bericht ,1,
 ventrikuläre extrasystole ( n ) sinusrhythmus schwierig bestimmbare qrs - achse qrs ( t ) abnorm anterolateraler infarkt möglich inferiorer infarkt alter unbest xxxx unbestätigter bericht ,2,
 vorhofflimmern - flattern ueberdrehter linkstyp linksschenkelblock ,1,
 supraventrikuläre extrasystole ( n ) sinusrhythmus llt eventuelle vorhofüberlastung links inferiorer posteriorer infarkt sicher q in ii iii avf st - senkung über v2 - v5 t flach in i - iii avr avl avf v5 v6 p verbreitert ,1,
 vorhofflimmern - flattern linkstyp linkshypertrophie möglich qrs ( t ) abnorm inferiorer infarkt alter unbest xxxx unbestätigter bericht ,2,
 sinusrhythmus lagetyp normal periphere niederspannung unvollständiger linksschenkelblock qrs ( t ) abnorm inferiorer infarkt alter unbest xxxx unbestätigter bericht ,1,
 ventrikuläre extrasystole ( n ) supraventrikuläre arrhythmie av block i p - verbreiterung ueberdrehter linkstyp rechtsschenkelblock qrs ( t ) abnorm anterolateraler infarkt alter unbest xxxx unbestätigter bericht ,1,
 ventrikuläre extrasystole ( n ) supraventrikuläre extrasystole ( n ) sinusrhythmus lagetyp normal unspezifischer intraventrikulärer block xxxx unbestätigter bericht ,1,
 sinusrhythmus verdacht auf p - sinistrocardiale lagetyp normal qrs ( t ) abnorm anteroseptaler infarkt möglich inferiorer myokardschaden möglich xxxx unbestätigter bericht ,1,
 sinusrhythmus p - verbreiterung ueberdrehter linkstyp unspezifischer intraventrikulärer block xxxx unbestätigter bericht ,2,
 supraventrikuläre extrasystole ( n ) trigeminus sinusrhythmus lagetyp normal pathologische repolarisation pathologisch ,1,
 wandernder schrittmacher lagetyp normal atriale leitungsstoerung qt - verlängerung pathologisch ,1,
 sinustachykardie lagetyp normal unspezifisches abnormales t schlechte r - progression pathologisch ,1,
 supraventrikuläre extrasystole ( n ) supraventrikuläre ersatzsystole ( n ) sinusrhythmus av block i lagetyp normal periphere niederspannung xxxx unbestätigter bericht ,1,
 sinusrhythmus p - verbreiterung linkstyp t abnorm in hochlateralen ableitungen xxxx unbestätigter bericht ,1,
 sinustachykardie lagetyp normal unspezifischer intraventrikulärer block qrs ( t ) abnorm inferiorer infarkt alter unbest xxxx unbestätigter bericht ,1,
 sinustachykardie linkstyp qrs ( t ) abnorm inferiorer infarkt wahrscheinlich alt xxxx unbestätigter bericht ,2,
 sinusrhythmus lagetyp normal periphere niederspannung wahrscheinlich normal ,1,
 sinusrhythmus linkstyp unvollständiger rechtsschenkelblock t abnorm in hochlateralen ableitungen xxxx unbestätigter bericht ,1,
 vorhofflimmern - flattern ueberdrehter linkstyp qrs ( t ) abnorm anteriorer infarkt wahrscheinlich alt inferolateraler infarkt alter unbest xxxx unbestätigter bericht ,1,
 sinustachykardie lagetyp normal unspezifischer intraventrikulärer block qrs ( t ) abnorm anteriorer infarkt möglich inferiorer infarkt alter unbest xxxx unbestätigter bericht ,2,
 supraventrikuläre extrasystole ( n ) sinusrhythmus lagetyp normal linkshypertrophie xxxx unbestätigter bericht ,2,
 interponierte ventrikuläre extrasystole ( n ) sinus arrhythmie linkstyp qrs ( t ) abnorm inferiorer infarkt alter unbest xxxx unbestätigter bericht ,1,
 sinustachykardie ueberdrehter linkstyp t abnorm in anterioren ableitungen inferioren ableitungen xxxx unbestätigter bericht ,1,
 sinusrhythmus lagetyp normal unvollständiger rechtsschenkelblock qrs ( t ) abnorm inferiorer myokardschaden möglich t abnorm in anterolateralen ableitungen qt - verlängerung xxxx unbestätigter bericht ,1,
 ventrikuläre extrasystole ( n ) tachykardes vorhofflimmern ueberdrehter linkstyp unspezifischer intraventrikulärer block qrs ( t ) abnorm inferiorer infarkt mögl akut xxxx unbestätigter bericht ,1,
 sinustachykardie linkstyp periphere niederspannung qrs ( t ) abnorm inferiorer infarkt wahrscheinlich alt xxxx unbestätigter bericht ,1,
 vorhofflimmern - flattern linkstyp periphere niederspannung unspezifisches abnormes t xxxx unbestätigter bericht ,2,
 supraventrikuläre extrasystole ( n ) sinusrhythmus lagetyp normal qrs ( t ) abnorm anteroseptaler infarkt wahrscheinlich alt t abnorm in anterolateralen ableitungen inferolateralen ableitungen xxxx unbestätigter bericht ,1,
 sinusrhythmus linkstyp st and t abnorm wahrscheinlich hochlaterale ischämie oder linksbelastung xxxx unbestätigter bericht edit plmi xxxx ( plmi xxxx ) ,1,
 sinusrhythmus lagetyp normal qrs ( t ) abnormal hochlateraler myokardschaden möglich inferiorer myokardschaden nicht auszuschliessen ,1,
 jtachykardes vorhofflimmern linkstyp st and t abnormal wahrscheinlich anteriore ischämie oder linksbelastung laterale ischämie oder linksbelastung inferolaterale ischämie oder linksbelastung ,1,
 ventrikuläre extrasystole ( n ) trigeminus sinusrhythmus linkstyp qrs ( t ) abnorm septaler infarkt nicht auszuschliessen xxxx unbestätigter bericht ,1,
 sinusrhythmus lagetyp normal unspezifische intraventrikuläre leitungsstörung unspezifisches abnormes t xxxx unbestätigter bericht ,2,
 ventrikuläre extrasystole ( n ) supraventrikuläre arrhythmie p - sinistrocardiale linkstyp mässige amplitudenkriterien für linkshypertrophie xxxx unbestätigter bericht ,1,
 ventrikuläre extrasystole ( n ) sinustachykardie p - sinistrocardiale linkstyp qrs ( t ) abnorm anterolateraler infarkt wahrscheinlich alt inferiorer infarkt wahrscheinlich alt xxxx unbestätigter bericht ,2,
 vorhofflimmern - flattern lagetyp normal periphere niederspannung unspezifische abnorme st - senkung qt - verlängerung xxxx unbestätigter bericht ,1,
 tachykardes vorhofflimmern schwierig bestimmbare qrs - achse chron anteroseptaler infarkt wahrscheinlich koronares ecg ,1,
 supraventrikuläre extrasystole ( n ) sinusrhythmus ueberdrehter linkstyp linksanteriorer fascicular block linkshypertrophie möglich qrs ( t ) abnorm anteroseptaler myokardschaden möglich xxxx unbestätigter bericht ,1,
 sinusrhythmus ueberdrehter linkstyp qrs ( t ) abnorm anteroseptaler infarkt wahrscheinlich alt inferiorer infarkt wahrscheinlich alt ,1,
 sinusrhythmus lagetyp normal qrs ( t ) abnorm lateraler infarkt wahrscheinlich alt inferiorer infarkt alter unbest xxxx unbestätigter bericht ,1,
 tachykardes vorhofflimmern linkstyp unspezifische abnorme st - senkung unspezifisches abnormes t xxxx unbestätigter bericht ,1,
 sinustachykardie ueberdrehter linkstyp unspezifischer intraventrikulärer block qrs ( t ) abnorm septaler infarkt nicht auszuschliessen xxxx unbestätigter bericht ,1,
 sinusrhythmus verdacht auf p - sinistrocardiale lagetyp normal unspezifische abnormale st - senkung ,1,
 supraventrikuläre arrhythmie p - verbreiterung linkstyp xxxx unbestätigter bericht ,1,
 sinusrhythmus verdacht auf p - sinistrocardiale linkstyp periphere niederspannung xxxx unbestätigter bericht ,1,
 sinusrhythmus p - sinistrocardiale lagetyp normal qrs ( t ) abnorm anteroseptaler infarkt wahrscheinlich alt t abnorm in inferioren ableitungen xxxx unbestätigter bericht ,1,
 sinusrhythmus verdacht auf p - sinistrocardiale ueberdrehter linkstyp linksschenkelblock linkshypertrophie möglich xxxx unbestätigter bericht ,3,
 sinusrhythmus lagetyp normal unspezifische intraventrikuläre leitungsstörung unspezifisch abnormes st and t ( hebung ) ,1,
 ventrikuläre extrasystole ( n ) sinus arrhythmie lagetyp normal qrs ( t ) abnorm inferiorer myokardschaden nicht auszuschliessen qt - verlängerung xxxx unbestätigter bericht ,1,
 sinusrhythmus ueberdrehter linkstyp qrs ( t ) abnorm anterolateraler infarkt möglich inferiorer infarkt wahrscheinlich alt t abnorm in anterioren ableitungen xxxx unbestätigter bericht ,1,
 sinusrhythmus lagetyp normal normales ecg xxxx unbestätigter bericht edit norm xxxx qsiii ,1,
 sinusrhythmus lagetyp normal normales ecg xxxx unbestätigter bericht edit norm xxxx qiii ,1,
 sinusrhythmus lagetyp normal unspezifische intraventrikuläre leitungsstörung qrs ( t ) abnormal inferiorer myokardschaden möglich ,1,
 überdrehter linkslagetyp sinusrhythmus vorhof - es linksanteriorer fascicular block path ecg ,1,
 sinusrhythmus verdacht auf p - sinistrocardiale ueberdrehter linkstyp qrs ( t ) abnorm inferiorer infarkt alter unbest st and t abnorm wahrscheinlich anterolaterale ischämie oder linksbelastung xxxx unbestätigter bericht ,1,
 sinusrhythmus p - sinistrocardiale lagetyp normal qt - verlängerung ,1,
 sinusrhythmus p - sinistrocardiale linkstyp qrs ( t ) abnorm inferiorer infarkt alter unbest st and t abnorm wahrscheinlich laterale ischämie oder linksbelastung xxxx unbestätigter bericht ,1,
 sinusrhythmus linkstyp qrs ( t ) abnormal inferiorer infarkt möglich st and t abnormal wahrscheinlich anteriore ischämie oder linksbelastung t abnormal in hochlateralen ableitungen ,1,
 sinusrhythmus mittellagetypt biphasisch in v1 normales ecg ,1,
 sinusrhythmus ueberdrehter linkstyp linksanteriorer fascicular block rechtsschenkelblock bifaszikulärer block path ecg ,1,
 sinustachykardie seitenlagetyp grenzbefund ,1,
 sinusrhythmus p - sinistrocardiale lagetyp normal periphere niederspannung unspezifischer intraventrikulärer block linkshypertrophie möglich ,1,
 sinus arrhythmie lagetyp normal t abnormal in inferioren ableitungen ,1,
 sinusrhythmus lagetyp normal intraventr leitungsstörung in avf iii normales ecg ,1,
 sinusrhythmus ueberdrehter linkstyp periphere niederspannung unvollständiger linksschenkelblock qrs ( t ) abnormal anteroseptaler myokardschaden nicht auszuschliessen ,1,
 rechtslagetyp sinusrhythmus uniforme ventr es vollständiger rechtsschenkelblock path ecg ,1,
 sinusrhythmus ueberdrehter linkstyp st and t abnormal wahrscheinlich anterolaterale ischämie oder linksbelastung inferiore ischämie oder linksbelastung t abnormal in anterioren ableitungen ,1,
 sinusrhythmus lagetyp normal periphere niederspannung st and t abnormal wahrscheinlich anteriore ischämie oder linksbelastung t abnormal in inferioren ableitungen ,1,
 linkslagetyp vorhof - es st - hebung st - strecke aszendierend in v1 - v3 t zellförmig in v2 - v4 mangelhafte r - progression hyperkaliämie grenzbefund ,1,
 sinustachykardie p - sinistrocardiale linkstyp periphere niederspannung linkshypertrophie ,1,
 sinusrhythmus av block i lagetyp normal qrs ( t ) abnorm anteroseptaler myokardschaden nicht auszuschliessen st and t abnorm wahrscheinlich hochlaterale ischämie oder linksbelastung xxxx unbestätigter bericht ,1,
 sinusrhythmus p - sinistrocardiale lagetyp normal qrs ( t ) abnorm inferiorer infarkt alter unbest xxxx unbestätigter bericht ,2,
 ventrikuläre extrasystole ( n ) sinus arrhythmie av block i linkstyp t abnormal in hochlateralen ableitungen ,1,
 sinusrhythmus av block i p - verbreiterung lagetyp normal linksschenkelblock xxxx unbestätigter bericht ,2,
 vorhofflimmern - flattern linkstyp xxxx unbestätigter bericht ,2,
 vorhofflimmern - flattern rechtstyp qrs ( t ) abnorm anteroseptaler infarkt alter unbest hochlateraler infarkt st and t abnorm wahrscheinlich laterale ischämie oder linksbelastung inferolaterale ischämie oder linksbelastung t abnorm in anterio ,1,
 ventrikuläre extrasystole ( n ) sinusrhythmus rechtstyp qrs ( t ) abnorm anterolateraler infarkt möglich inferiorer infarkt alter unbest xxxx unbestätigter bericht ,1,
 sinusbradykardie lagetyp normal unvollständiger linksschenkelblock qrs ( t ) abnormal hochlateraler infarkt möglich t abnormal in anterioren ableitungen ,1,
 ventrikuläre extrasystole ( n ) bigeminus vorhofflimmern - flattern linkstyp st and t abnorm wahrscheinlich anteriore ischämie oder linksbelastung xxxx unbestätigter bericht ,1,
 sinusbradykardie lagetyp normal st - senkung in v1 - xxxx fehlende r - progression ,1,
 sinusrhythmus llt vagale st - hebung ,1,
 ventrikuläre extrasystole ( n ) supraventrikuläre extrasystole ( n ) sinusrhythmus lagetyp normal qrs ( t ) abnorm inferiorer infarkt wahrscheinlich alt st and t abnorm wahrscheinlich anterolaterale ischämie oder linksbelastung xxxx ,1,
 sinusrhythmus av block i ueberdrehter linkstyp lahb fehlende r - progression v1 - xxxx ,1,
 supraventrikuläre extrasystole ( n ) sinusrhythmus lagetyp normal unspezifische intraventrikuläre leitungsstörung qrs ( t ) abnormal anteriorer infarkt alter unbest inferiorer infarkt wahrscheinlich alt ,1,
 tachykardes vorhofflimmern llt digitalisveraenderung pathologisches ecg ,1,
 sinusrhythmus p - verbreiterung linkstyp unspezifische intraventrikuläre leitungsstörung st and t abnorm wahrscheinlich anterolaterale ischämie oder linksbelastung inferolaterale ischämie oder linksbelastung xxxx unbestätigter ,1,
 sinusrhythmus ueberdrehter linkstyp unspezifische intraventrikuläre leitungsstörung unspezifisches abnormes t xxxx unbestätigter bericht ,1,
 supraventrikuläre extrasystole ( n ) trigeminus sinusrhythmus linkstyp t abnorm in anterioren ableitungen inferioren ableitungen xxxx unbestätigter bericht ,1,
 interponierte ventrikuläre extrasystole ( n ) sinus arrhythmie p - verbreiterung schwierig bestimmbare qrs - achse periphere niederspannung rechtsschenkelblock qrs ( t ) abnorm anterolateraler infarkt möglich inferiorer infarkt alter unbest xxxx ,1,
 sinusrhythmus ueberdrehter linkstyp linksanteriorer fascicular block unspezifischer intraventrikulärer block xxxx unbestätigter bericht ,1,
 sinus arrhythmie ueberdrehter linkstyp t abnormal in hochlateralen ableitungen ,1,
 ventrikuläre extrasystole ( n ) bigeminus vorhofflimmern - flattern linkstyp rechtsschenkelblock xxxx unbestätigter bericht ,1,
 sinusrhythmus linkstyp qrs ( t ) abnorm anteroseptaler infarkt wahrscheinlich alt t abnorm in hochlateralen ableitungen xxxx unbestätigter bericht ,2,
 ventrikuläre extrasystole ( n ) tachykardes vorhofflimmern ueberdrehter linkstyp unspezifischer intraventrikulärer block qrs ( t ) abnorm inferiorer infarkt wahrscheinlich alt xxxx unbestätigter bericht ,1,
 ventrikuläre extrasystole ( n ) trigeminus sinustachykardie p - sinistrocardiale ueberdrehter linkstyp t abnorm in lateralen ableitungen xxxx unbestätigter bericht ,1,
 sinusrhythmus ueberdrehter linkstyp periphere niederspannung qrs ( t ) abnorm lateraler infarkt alter unbest inferiorer infarkt alter unbest xxxx unbestätigter bericht ,1,
 vorhofflimmern - flattern lagetyp normal unvollständiger rechtsschenkelblock linkshypertrophie xxxx unbestätigter bericht ,2,
 sinusrhythmus rechtstyp unspezifischer intraventrikulärer block qrs ( t ) abnorm anteroseptaler infarkt alter unbest xxxx unbestätigter bericht ,2,
 sinusrhythmus av block i linkstyp qrs ( t ) abnormal inferiorer infarkt alter unbest t abnormal in hochlateralen ableitungen ,1,
 sinusbradykardie lagetyp normal schlechte r - progression v1 - v3 intraventr leitungsstoerung v3 st - hebung v1 - v3 nicht sign q in v5 v6 ecg pathologisch ,1,
 supraventrikuläre extrasystole ( n ) sinusrhythmus lagetyp normal intraventr leitungsstoerung iii ,1,
 sinusrhythmus ueberdrehter linkstyp rechtsschenkelblock qrs ( t ) abnorm anterolateraler infarkt möglich inferiorer infarkt alter unbest xxxx unbestätigter bericht ,1,
 sinusrhythmus lagetyp normal qrs ( t ) abnormal inferiorer infarkt möglich ,2,
 supraventrikuläre extrasystole ( n ) bigeminus sinusrhythmus lagetyp normal qrs ( t ) abnorm inferiorer myokardschaden möglich st and t abnorm wahrscheinlich laterale ischämie oder linksbelastung xxxx unbestätigter bericht ,1,
 sinusrhythmus lagetyp normal linkshypertrophie möglich qt - verlängerung xxxx unbestätigter bericht ,3,
 sinustachykardie linkstyp ventrikulaere es uniform > xxxx - min schenkelblock links anteriorer fascicular block intraventr leitungsstoerung iii l f ecg pathologisch ,1,
 ventrikuläre extrasystole ( n ) supraventrikuläre ersatzsystole ( n ) supraventrikuläre arrhythmie ueberdrehter linkstyp linksanteriorer fascicular block rechtsschenkelblock bifaszikulärer block qrs ( t ) abnorm anteroseptaler myokardschaden möglich xxxx ,1,
 sinusrhythmus verdacht auf p - sinistrocardiale linkstyp unspezifischer intraventrikulärer block qrs ( t ) abnorm inferiorer infarkt alter unbest xxxx unbestätigter bericht ,1,
 sinusrhythmus lagetyp normal normales ecg intraventr leitungsstoerung avl st - hebung v2 ,1,
 supraventrikuläre extrasystole ( n ) trigeminus sinusrhythmus av block i linkstyp periphere niederspannung qrs ( t ) abnormal inferiorer infarkt wahrscheinlich alt ,1,
 sinusrhythmus mitteltyp av - block i grades linksschenkelblock st - hebung v1 - v3 t - veraenderungen neg v1 - v6 st - veraenderungen wegen vollst lsb ecg pathologisch ,1,
 ventrikuläre extrasystole ( n ) sinusrhythmus ueberdrehter linkstyp qrs ( t ) abnorm inferiorer infarkt möglich xxxx unbestätigter bericht ,1,
 sinusrhythmus ueberdrehter rechtstyp xxxx unbestätigter bericht ,4,
 sinustachykardie verdacht auf p - sinistrocardiale linkstyp st and t abnorm wahrscheinlich anterolaterale ischämie oder linksbelastung xxxx unbestätigter bericht ,1,
 sinustachykardie p - sinistrocardiale ueberdrehter linkstyp linksschenkelblock linkshypertrophie möglich ,1,
 sinusrhythmus p - sinistrocardiale linkstyp t abnorm in anteroseptalen ableitungen qt - verlängerung xxxx unbestätigter bericht ,1,
 sinus arrhythmie lagetyp normal qrs ( t ) abnorm inferiorer infarkt alter unbest t abnorm in anterolateralen ableitungen xxxx unbestätigter bericht ,1,
 vorhofflimmern - vorhofflattern tachykard normokard lagetyp normal path repolarisation st - senkung ii v3 v6 ecg pathologisch ,1,
 ventrikuläre extrasystole ( n ) vorhofflimmern - flattern ueberdrehter linkstyp linksanteriorer fascicular block linkshypertrophie xxxx unbestätigter bericht ,1,
 sinusrhythmus linkstyp qrs ( t ) abnorm anteriorer infarkt alter unbest t abnorm in hochlateralen ableitungen xxxx unbestätigter bericht ,3,
 sinus arrhythmie rechtstyp lagetyp in anbetracht des alters normal unvollständiger rechtsschenkelblock sonst normales ecg xxxx unbestätigter bericht ,1,
 sinusrhythmus av block i p - sinistrocardiale ueberdrehter linkstyp rechtsschenkelblock qrs ( t ) abnorm anterolateraler myokardschaden möglich xxxx unbestätigter bericht ,1,
 sinusrhythmus lagetyp normal intraventr leitungsstoerung iii avl v3 st - hebung v2 - v5 t - veraenderungen neg t v1 ecg normal ,1,
 sinusrhythmus lagetyp normal periphere niederspannung t abnormal in anterioren ableitungen qt - verlängerung ,1,
 supraventrikuläre extrasystole ( n ) sinusrhythmus linkstyp unspezifische intraventrikuläre leitungsstörung qrs ( t ) abnormal anteriorer infarkt alter unbest inferiorer infarkt wahrscheinlich alt ,1,
 sinusbradykardie lagetyp normal qrs ( t ) abnorm anteriorer infarkt alter unbest xxxx unbestätigter bericht ,1,
 vorhofflimmern - flattern ueberdrehter linkstyp periphere niederspannung qrs ( t ) abnorm anteroseptaler infarkt wahrscheinlich alt st and t abnorm wahrscheinlich inferiore ischämie oder linksbelastung xxxx unbestätigter beri ,2,
 interponierte ventrikuläre extrasystole ( n ) sinusrhythmus verdacht auf p - sinistrocardiale lagetyp normal unspezifischer intraventrikulärer block qrs ( t ) abnorm inferiorer infarkt alter unbest xxxx unbestätigter bericht ,1,
 sinus arrhythmie lagetyp normal lagetyp in anbetracht des alters normal sonst normales ecg xxxx unbestätigter bericht ,1,
 ventrikuläre extrasystole ( n ) sinusrhythmus lagetyp normal qrs ( t ) abnormal hochlateraler infarkt möglich ,2,
 ventrikuläre extrasystole ( n ) sinusrhythmus lagetyp normal st - hebung in v2 - xxxx ,1,
 sinusrhythmus lagetyp normal st and t abnorm möglicherweise neuer inferiorer myokard - oder perikardschaden ,1,
 sinusrhythmus ueberdrehter linkstyp linksanteriorer fascicular block t abnormal in anterioren ableitungen hochlateralen ableitungen qt - verlängerung ,1,
 sinusrhythmus lagetyp normal unspezifische intraventrikuläre leitungsstörung qrs ( t ) abnormal inferiorer myokardschaden möglich st and t abnormal wahrscheinlich anterolaterale ischämie oder linksbelastung t abnormal in anterioren ableitungen ,1,
 vorhofflimmern - flattern lagetyp normal unvollständiger rechtsschenkelblock st and t abnorm wahrscheinlich anterolaterale ischämie oder linksbelastung inferolaterale ischämie oder linksbelastung xxxx unbestätigter bericht ,2,
 sinusrhythmus p - verbreiterung linkstyp rechtsschenkelblock xxxx unbestätigter bericht ,1,
 sinusrhythmus ueberdrehter linkstyp qrs ( t ) abnorm anteroseptaler infarkt alter unbest t abnorm in anterioren ableitungen lateralen ableitungen xxxx unbestätigter bericht ,1,
 sinusrhythmus ueberdrehter linkstyp qrs ( t ) abnorm anteroseptaler infarkt alter unbest st and t abnorm wahrscheinlich anterolaterale ischämie oder linksbelastung t abnorm in anterioren ableitungen inferolateralen ableitungen xxxx ,1,
 ventrikuläre extrasystole ( n ) sinusrhythmus p - sinistrocardiale lagetyp normal unspezifischer intraventrikulärer block xxxx unbestätigter bericht ,1,
 sinusrhythmus lagetyp normal qrs ( t ) abnormal inferiorer myokardschaden möglich st and t abnormal wahrscheinlich anterolaterale ischämie oder linksbelastung ,1,
 sinusrhythmus p - sinistrocardiale lagetyp normal linksschenkelblock linkshypertrophie möglich xxxx unbestätigter bericht ,3,
 ventrikuläre extrasystole ( n ) sinusrhythmus p - sinistrocardiale lagetyp normal unspezifischer intraventrikulärer block qrs ( t ) abnorm inferiorer myokardschaden möglich xxxx unbestätigter bericht ,1,
 sinusrhythmus verdacht auf p - sinistrocardiale linkstyp qrs ( t ) abnorm anterolateraler infarkt alter unbest inferiorer infarkt wahrscheinlich alt xxxx unbestätigter bericht ,1,
 sinusbradykardie lagetyp normal ves si - qiii - typ ,1,
 tachykardes vorhofflimmern linkstyp rechtsschenkelblock xxxx unbestätigter bericht ,3,
 sinusrhythmus av block i linkstyp inferiorer anteriorer infarkt chronisch moeglich verzoegerte r - progression st - senkung i avl t - veraenderungen iii avf ecg pathologisch ,1,
 sinusrhythmus ueberdrehter linkstyp linksanteriorer fascicular block qrs ( t ) abnorm anteroseptaler infarkt alter unbest t abnorm in anterioren ableitungen xxxx unbestätigter bericht ,1,
 ventrikuläre extrasystole ( n ) bigeminus tachykardes vorhofflimmern ueberdrehter linkstyp periphere niederspannung st and t abnorm wahrscheinlich anterolaterale ischämie oder linksbelastung xxxx unbestätigter bericht ,1,
 supraventrikuläre arrhythmie linkstyp rechtsschenkelblock xxxx unbestätigter bericht ,2,
 sinusrhythmus lagetyp normal r - s übergang in v ableitungen nach rechts verschoben periphere niederspannung xxxx unbestätigter bericht ,1,
 sinusrhythmus p - sinistrocardiale ueberdrehter linkstyp r - s übergang in v ableitungen nach links verschoben qrs ( t ) abnorm anterolateraler myokardschaden nicht auszuschliessen xxxx unbestätigter bericht ,1,
 supraventrikuläre extrasystole ( n ) sinusbradykardie linkstyp qrs ( t ) abnormal inferiorer infarkt möglich t abnormal in hochlateralen ableitungen ,1,
 sinusrhythmus lagetyp normal unvollständiger linksschenkelblock qrs ( t ) abnorm anteroseptaler myokardschaden nicht auszuschliessen t abnorm in hochlateralen ableitungen xxxx unbestätigter bericht ,1,
 tachykardes vorhofflimmern linkstyp t abnorm in anterolateralen ableitungen inferolateralen ableitungen xxxx unbestätigter bericht ,1,
 sinustachykardie ueberdrehter linkstyp linksschenkelblock ,1,
 sinusrhythmus av block i p - verbreiterung linkstyp linkshypertrophie xxxx unbestätigter bericht ,1,
 sinusbradykardie ueberdrehter linkstyp qrs ( t ) abnorm anteroseptaler infarkt alter unbest st and t abnorm wahrscheinlich anterolaterale ischämie oder linksbelastung t abnorm in anterioren ableitungen inferolateralen ableitungen xxxx ,1,
 ventrikuläre extrasystole ( n ) vorhofflimmern - flattern linkstyp qrs ( t ) abnorm inferiorer infarkt wahrscheinlich alt xxxx unbestätigter bericht ,2,
 av - bradykardie linkstyp st and t abnormal infarkt inferior subakut sicher pathologisch ,1,
 ventrikuläre extrasystole ( n ) sinus arrhythmie verdacht auf p - sinistrocardiale lagetyp normal qrs ( t ) abnorm inferiorer infarkt alter unbest xxxx unbestätigter bericht ,1,
 sinusrhythmus lagetyp normal linkshypertrophie möglich qrs ( t ) abnorm anteroseptaler infarkt alter unbest inferiorer infarkt wahrscheinlich alt xxxx unbestätigter bericht ,2,
 av - knotenrhythmus linkstyp t abnormal in hochlateralen ableitungen inferioren ableitungen ,1,
 av - rhythmus lagetyp normal linksschenkelblock supraventr extrasystolen ventr extrasystolen av - block xxxx grades pathologisch ,1,
 tachykardes vorhofflimmern lagetyp normal periphere niederspannung unspezifisches abnormes t xxxx unbestätigter bericht ,2,
 sinusrhythmus ueberdrehter linkstyp linksanteriorer fascicular block rechtsschenkelblock av - block xxxx grades t - veraenderungen pathologisch ,1,
 sinusrhythmus lagetyp normal st and t abnormal vorhofsueberlastung rechts grenzbefund ,1,
 sinusrhythmus linkstyp qrs ( t ) abnorm anteroseptaler infarkt alter unbest st and t abnorm wahrscheinlich anterolaterale ischämie oder linksbelastung t abnorm in anterioren ableitungen inferolateralen ableitungen xxxx u ,1,
 supraventrikuläre tachykardie linkstyp rechtsschenkelblock xxxx unbestätigter bericht ,2,
 sinusrhythmus lagetyp normal linkshypertrophie möglich qrs ( t ) abnorm inferiorer infarkt wahrscheinlich alt xxxx unbestätigter bericht ,2,
 sinusrhythmus p - sinistrocardiale linkstyp periphere niederspannung qrs ( t ) abnorm anteroseptaler myokardschaden nicht auszuschliessen t abnorm in anterolateralen ableitungen xxxx unbestätigter bericht ,1,
 supraventrikuläre arrhythmie lagetyp normal mässige amplitudenkriterien für linkshypertrophie xxxx unbestätigter bericht ,2,
 vorhofflimmern - flattern lagetyp normal unspezifische intraventrikuläre leitungsstörung st and t abnorm wahrscheinlich anterolaterale ischämie oder linksbelastung inferolaterale ischämie oder linksbelastung xxxx unbestätigter ,3,
 sinusrhythmus p - sinistrocardiale lagetyp normal qrs ( t ) abnorm inferiorer myokardschaden möglich t abnorm in lateralen ableitungen xxxx unbestätigter bericht ,1,
 sinusrhythmus lagetyp normal qrs ( t ) abnorm anteroseptaler infarkt mögl akut st and t abnorm wahrscheinlich inferolaterale ischämie oder linksbelastung xxxx unbestätigter bericht ,1,
 sinusrhythmus lagetyp normal unspezifische intraventrikuläre leitungsstörung mässige amplitudenkriterien für linkshypertrophie unspezifisch abnormes st and t ( hebung ) xxxx unbestätigter bericht ,1,
 sinusrhythmus verdacht auf p - sinistrocardiale lagetyp normal st and t abnorm wahrscheinlich anterolaterale ischämie oder linksbelastung xxxx unbestätigter bericht ,2,
 sinusrhythmus av block i lagetyp normal unspezifischer intraventrikulärer block qrs ( t ) abnorm anteroseptaler myokardschaden nicht auszuschliessen ,1,
 sinusrhythmus ueberdrehter linkstyp linkshypertrophie qrs ( t ) abnorm anteroseptaler infarkt alter unbest xxxx unbestätigter bericht ,1,
 ventrikuläre extrasystole ( n ) sinusrhythmus p - sinistrocardiale ueberdrehter linkstyp linksanteriorer fascicular block rechtsschenkelblock bifaszikulärer block xxxx unbestätigter bericht ,1,
 sinusrhythmus verdacht auf p - sinistrocardiale lagetyp normal periphere niederspannung xxxx unbestätigter bericht ,2,
 ventrikuläre extrasystole ( n ) supraventrikuläre extrasystole ( n ) supraventrikuläre tachykardie lagetyp normal st and t abnormal wahrscheinlich laterale ischämie oder linksbelastung ,1,
 tachykardes vorhofflimmern lagetyp normal ventr exrtrasystolen uniform pathologisch ,1,
 sinusbradykarkie lagetyp normal übergangszone nach rechts verschoben av - block xxxx grades t neg in iii ,1,
 supraventrikuläre extrasystole ( n ) sinusrhythmus verdacht auf p - sinistrocardiale linkstyp qt - verlängerung xxxx unbestätigter bericht ,1,
 sinusrhythmus p - sinistrocardiale rechtstyp rechtsschenkelblock xxxx unbestätigter bericht ,1,
 sinusrhythmus linkstyp periphere niederspannung linkshypertrophie möglich qrs ( t ) abnormal inferiorer myokardschaden nicht auszuschliessen ,1,
 sinus arrhythmie p - verbreiterung lagetyp normal xxxx unbestätigter bericht ,2,
 supraventrikuläre extrasystole ( n ) sinustachykardie linkstyp t abnormal in anterolateralen ableitungen ,1,
 ventrikuläre extrasystole ( n ) bigeminus vorhofflimmern - flattern schwierig bestimmbare qrs - achse linksanteriorer fascicular block rechtsschenkelblock bifaszikulärer block qrs ( t ) abnorm inferiorer infarkt möglich xxxx unbestätigter ber ,1,
 sinusrhythmus slt t - veraenderungen in v1 normales ecg ,1,
 sinusrhythmus lagetyp normal periphere niederspannung qrs ( t ) abnorm anteriorer infarkt alter unbest xxxx unbestätigter bericht ,1,
 sinusrhythmus verdacht auf p - sinistrocardiale linkstyp xxxx unbestätigter bericht edit lao rsiii ( norm xxxx ) ,1,
 sinusrhythmus extrem ueberdrehter rechtstyp linksanteriorer fascicular block rechtsschenkelblock bifaszikulärer block qrs ( t ) abnormal inferiorer infarkt möglich ,1,
 sinusrhythmus linkstyp sonst normales ecg xxxx unbestätigter bericht edit norm xxxx ( norm xxxx ivcb ) ,2,
 tachykardes vorhofflimmern rechtstyp qrs ( t ) abnorm anterolateraler myokardschaden möglich t abnorm in inferolateralen ableitungen xxxx unbestätigter bericht ,1,
 sinusrhythmus lagetyp normal unspezifisch abnormes st and t ( hebung ) sonst normales ecg xxxx unbestätigter bericht edit norm xxxx muldenförmiges stiii avf ( norm xxxx ) ,1,
 ventrikuläre extrasystole ( n ) sinusrhythmus av block i lagetyp normal linksschenkelblock xxxx unbestätigter bericht ,1,
 sinusrhythmus verdacht auf p - sinistrocardiale lagetyp normal xxxx unbestätigter bericht edit norm xxxx rsiii qi avl ( norm xxxx ) ,1,
 vorhofflimmern - flattern lagetyp normal qrs ( t ) abnorm anteriorer infarkt alter unbest xxxx unbestätigter bericht ,1,
 supraventrikuläre extrasystole ( n ) sinusrhythmus lagetyp normal t abnormal in anterioren ableitungen ,1,
 sinusrhythmus linkstyp qrs ( t ) abnorm anterolateraler myokardschaden möglich t abnorm in anterioren ableitungen xxxx unbestätigter bericht ,1,
 sinusrhythmus linkstyp sonst normales ecg xxxx unbestätigter bericht edit norm xxxx qi avl ( norm xxxx ) ,1,
 sinustachykardie ueberdrehter linkstyp xxxx unbestätigter bericht ,1,
 sinusrhythmus lagetyp normal qrs ( t ) abnorm anterolateraler myokardschaden nicht auszuschliessen t abnorm in anterioren ableitungen xxxx unbestätigter bericht ,1,
 sinusrhythmus lagetyp normal qrs ( t ) abnorm anterolateraler myokardschaden möglich t abnorm in anterioren ableitungen xxxx unbestätigter bericht ,2,
 ventrikuläre extrasystole ( n ) trigeminus sinus arrhythmie lagetyp normal qrs ( t ) abnormal inferiorer myokardschaden möglich ,1,
 sinusrhythmus linkslagetyp normales ecg intraventr leitungsstörung avf v1 t - veränderungen flach in iii ,1,
 sinusrhythmus lagetyp normal r - s übergang in v ableitungen nach rechts verschoben st and t abnorm wahrscheinlich anterolaterale ischämie oder linksbelastung inferolaterale ischämie oder linksbelastung xxxx unbestätigter beric ,1,
 sinusrhythmus lagetyp normal st and t abnorm wahrscheinlich anteriore ischämie oder linksbelastung hochlaterale ischämie oder linksbelastung xxxx unbestätigter bericht ,1,
 sinusrhythmus lagetyp normal qrs ( t ) abnorm anteroseptaler infarkt möglich inferiorer myokardschaden möglich xxxx unbestätigter bericht ,3,
 sr mlt av block i grenzbefund ,1,
 supraventrikuläre extrasystole ( n ) sinusrhythmus av block i linkstyp flache t in iii avl v3 - xxxx neg t in v1 pathologisches ecg ,1,
 sinusrhythmus ueberdrehter linkstyp rechtsschenkelblock qrs ( t ) abnorm inferiorer infarkt alter unbest ,1,
 ventrikuläre extrasystole ( n ) sinusrhythmus lagetyp normal periphere niederspannung unspezifische abnorme st - senkung unspezifisches abnormes t xxxx unbestätigter bericht ,1,
 sinusrhythmus p - sinistrocardiale linkstyp unspezifischer intraventrikulärer block qrs ( t ) abnorm inferiorer infarkt alter unbest xxxx unbestätigter bericht ,1,
 sinusrhythmus ueberdrehter linkstyp unspezifischer intraventrikulärer block qrs ( t ) abnorm inferiorer infarkt alter unbest xxxx unbestätigter bericht ,2,
 tachykardes vorhofflimmern lagetyp normal st and t abnorm wahrscheinlich inferiore ischämie oder linksbelastung xxxx unbestätigter bericht ,2,
 sinus arrhythmie lagetyp normal unspezifische intraventrikuläre leitungsstörung unspezifisches abnormes t xxxx unbestätigter bericht ,1,
 sinusrhythmus ueberdrehter linkstyp links - anteriorer fascicular block muskelzittern pathologisches ecg ,1,
 sinustachykardie ueberdrehter linkstyp t abnorm in hochlateralen ableitungen xxxx unbestätigter bericht ,1,
 überdrehter linkstyp sinusarrhythmie vorhofs - es über xxxx - min bigeminie uniforme ves pathologisches ecg ,1,
 ruhe - ecg zum holter holter - beurteilung mehrheitlich normaocard bisbrdycarder sinusrhythmus sinus - rhythmus mit multiplen supraventrikulären und monotopen ventrikulären es insbesonderer in ruhe ,1,
 supraventrikuläre extrasystole ( n ) sinustachykardie linkstyp qrs ( t ) abnorm inferiorer infarkt wahrscheinlich alt xxxx unbestätigter bericht ,1,
 sinusrhythmus lagetyp normal diskrete st - senkung in v4 - xxxx t flach in iii avf v1 ,1,
 ventrikuläre extrasystole ( n ) vorhofflimmern - flattern lagetyp normal mässige amplitudenkriterien für linkshypertrophie qrs ( t ) abnorm anteroseptaler infarkt alter unbest st abnorm möglicherweise anteriorer innenschichtsschaden xxxx ,1,
 sinusrhythmus p - verbreiterung linkstyp qrs ( t ) abnorm inferiorer infarkt wahrscheinlich alt t abnorm in hochlateralen ableitungen xxxx unbestätigter bericht ,1,
 g ventrikuläre extrasystole ( n ) tachykardes vorhofflimmern ueberdrehter linkstyp linksanteriorer fascicular block st abnormal möglicherweise lateraler innenschichtsschaden ,1,
 supraventrikuläre arrhythmie lagetyp normal r - s übergang in v ableitungen nach rechts verschoben st and t abnorm wahrscheinlich anteriore ischämie oder linksbelastung laterale ischämie oder linksbelastung inferiore ischämie oder linksbelastung xxxx ,1,
 sinusrhythmus linkstyp unvollständiger linksschenkelblock qrs ( t ) abnorm anterolateraler myokardschaden möglich xxxx unbestätigter bericht ,1,
 sinusrhythmus linkstyp r - s übergang in v ableitungen nach rechts verschoben t abnorm in lateralen ableitungen xxxx unbestätigter bericht ,1,
 sinusrhythmus linkstyp partieller rechts - schenkelblock pathologisches ecg ,1,
 ventrikuläre extrasystole ( n ) sinus arrhythmie lagetyp normal qrs ( t ) abnorm inferiorer infarkt möglich xxxx unbestätigter bericht ,1,
 sinusrhythmus p - sinistrocardiale lagetyp normal qrs ( t ) abnormal anteroseptaler infarkt alter unbest st and t abnormal wahrscheinlich anterolaterale ischämie oder linksbelastung ,1,
 supraventrikuläre arrhythmie linkstyp linksschenkelblock xxxx unbestätigter bericht ,1,
 vorhofflimmern - flattern lagetyp normal linkshypertrophie möglich qrs ( t ) abnormal anteroseptaler myokardschaden nicht auszuschliessen ,1,
 sinusbradykardie lagetyp normal periphere niederspannung flache t in iii avl wahrscheinlich normales ecg ,1,
 sinusbradykardie st linkshypertrophie möglich normales ecg ,1,
 sinustachykardie lagetyp normal ,2,
 sinustachykardie p - sinistrocardiale ueberdrehter linkstyp st and t abnorm wahrscheinlich anterolaterale ischämie oder linksbelastung xxxx unbestätigter bericht ,1,
 ventrikuläre extrasystole ( n ) trigeminus sinusrhythmus verdacht auf p - sinistrocardiale linkstyp unvollständiger rechtsschenkelblock unspezifisches abnormes t xxxx unbestätigter bericht ,1,
 vorhofflattern xxxx ueberleitung ueberdrehter linkstyp links ant fascicular block hyperkaliaemie pathologisch ,1,
 sinusbradykardie linkstyp lagetyp in anbetracht des alters abnorm unvollständiger rechtsschenkelblock linkshypertrophie möglich qt - verlängerung xxxx unbestätigter bericht ,1,
 sinusrhythmus verdacht auf p - sinistrocardiale ueberdrehter linkstyp unspezifischer intraventrikulärer block qrs ( t ) abnorm inferiorer infarkt alter unbest xxxx unbestätigter bericht ,1,
 sinusrhythmus ueberdrehter linkstyp qrs ( t ) abnormal fehlende r - progression v3 - xxxx pathologisch ,1,
 sinusrhythmus p - sinistrocardiale ueberdrehter linkstyp unspezifischer intraventrikulärer block qrs ( t ) abnorm anteroseptaler infarkt alter unbest xxxx unbestätigter bericht ,1,
 regelmässiger rhythmus keine p - welle erkannt lagetyp normal linksschenkelblock linkshypertrophie möglich xxxx unbestätigter bericht ,1,
 vorhofflimmern - flattern lagetyp normal unspezifische intraventrikuläre leitungsstörung st and t abnorm wahrscheinlich anteriore ischämie oder linksbelastung inferolaterale ischämie oder linksbelastung xxxx unbestätigter beri ,1,
 sinusrhythmus linkstyp unspezifische abnorme st - senkung xxxx unbestätigter bericht ,2,
 sinusrhythmus schwierig bestimmbare qrs - achse periphere niederspannung unvollständiger rechtsschenkelblock ,1,
 ventrikuläre extrasystole ( n ) interponierte ventrikuläre extrasystole ( n ) sinusrhythmus av block i p - verbreiterung linkstyp qrs ( t ) abnormal inferiorer infarkt wahrscheinlich alt ,1,
 sinus arrhythmie lagetyp normal st and t abnorm wahrscheinlich anterolaterale ischämie oder linksbelastung xxxx unbestätigter bericht ,1,
 sinusrhythmus lagetyp normal unspezifische intraventrikuläre leitungsstörung qrs ( t ) abnormal inferiorer infarkt alter unbest ,1,
 av - knotenrhythmus lagetyp normal r - s übergang in v ableitungen nach rechts verschoben qrs ( t ) abnorm lateraler myokardschaden möglich xxxx unbestätigter bericht ,1,
 sinus arrhythmie ueberdrehter linkstyp linksanteriorer fascicular block qrs ( t ) abnorm anteroseptaler myokardschaden möglich ,1,
 sinus arrhythmie linkstyp unspezifisches abnormes t xxxx unbestätigter bericht ,2,
 sinusrhythmus verdacht auf p - sinistrocardiale lagetyp normal st and t abnormal wahrscheinlich anterolaterale ischämie oder linksbelastung t abnormal in inferolateralen ableitungen ,1,
 vorhofflattern mit meist xxxx ueberleitung mlt linkshypertrophie möglich ves st - hebung in v1 - xxxx verzögerte r - progression v1 - xxxx ,1,
 sinusrhythmus linkstyp unvollständiger rechtsschenkelblock unspezifisches abnormales t pathologisch ,1,
 sinus arrhythmie linkstyp st and t abnorm wahrscheinlich anterolaterale ischämie oder linksbelastung t abnorm in inferolateralen ableitungen xxxx unbestätigter bericht ,1,
 sinusbradykardie verdacht auf p - sinistrocardiale lagetyp normal ,1,
 interponierte supraventrikuläre extrasystole ( n ) sinusrhythmus av block i verdacht auf p - sinistrocardiale ueberdrehter linkstyp linksschenkelblock xxxx unbestätigter bericht ,1,
 supraventrikuläre extrasystole ( n ) sinusrhythmus verdacht auf p - sinistrocardiale ueberdrehter linkstyp unspezifischer intraventrikulärer block qrs ( t ) abnorm anteriorer infarkt alter unbest inferiorer myokardschaden möglich xxxx ,1,
 sinusrhythmus av block i p - verbreiterung lagetyp normal qrs ( t ) abnorm anterolateraler myokardschaden möglich xxxx unbestätigter bericht ,1,
 sinusrhythmus p - sinistrocardiale lagetyp normal linkshypertrophie qrs ( t ) abnorm inferiorer myokardschaden möglich xxxx unbestätigter bericht ,1,
 sinusrhythmus linkstyp qrs ( t ) abnorm anteroseptaler myokardschaden möglich st and t abnorm wahrscheinlich hochlaterale ischämie oder linksbelastung xxxx unbestätigter bericht ,1,
 sinusrhythmus av block i linkstyp unvollständiger linksschenkelblock qrs ( t ) abnormal anteriorer infarkt alter unbest st and t abnormal wahrscheinlich laterale ischämie oder linksbelastung ,1,
 vorhofflimmern - flattern lagetyp normal qrs ( t ) abnormal anteroseptaler myokardschaden nicht auszuschliessen st and t abnormal wahrscheinlich anterolaterale ischämie oder linksbelastung inferolaterale ischämie oder linksbelastung ,1,
 sinusrhythmus ueberdrehter linkstyp linksanteriorer fascicular block rechtsschenkelblock bifaszikulärer block qrs ( t ) abnorm anteriorer infarkt alter unbest xxxx unbestätigter bericht ,2,
 sinusrhythmus verdacht auf p - sinistrocardiale ueberdrehter linkstyp linksanteriorer fascicular block unspezifischer intraventrikulärer block qrs ( t ) abnorm anteriorer infarkt alter unbest xxxx unbestätigter bericht ,1,
 ventrikuläre extrasystole ( n ) sinus arrhythmie linkstyp qrs ( t ) abnorm inferiorer infarkt wahrscheinlich alt xxxx unbestätigter bericht ,1,
 sinusrhythmus linkstyp unspezifischer intraventrikulärer block ,1,
 sinus arrhythmie lagetyp normal t abnorm in inferolateralen ableitungen xxxx unbestätigter bericht ,1,
 sinusrhythmus lagetyp normal t flach in iii avf normales ecg ,1,
 sinusbradykardie p - verbreiterung lagetyp normal unvollständiger linksschenkelblock qrs ( t ) abnorm inferiorer infarkt wahrscheinlich alt t abnorm in hochlateralen ableitungen xxxx unbestätigter bericht ,1,
 supraventrikuläre extrasystole ( n ) sinusrhythmus linkstyp qrs ( t ) abnorm anteriorer infarkt alter unbest inferiorer infarkt alter unbest t abnorm in lateralen ableitungen xxxx unbestätigter bericht ,1,
 sinusbradykardie linkstyp linksschenkelblock linkshypertrophie möglich xxxx unbestätigter bericht ,2,
 sinusrhythmus ueberdrehter linkstyp qrs ( t ) abnorm anteroseptaler infarkt alter unbest inferiorer infarkt alter unbest st and t abnorm wahrscheinlich anterolaterale ischämie oder linksbelastung t abnorm in anterioren ableitungen xxxx ,3,
 sinusrhythmus lagetyp normal st and t abnormal wahrscheinlich anteriore ischämie oder linksbelastung t abnormal in lateralen ableitungen edit injas injal ( injas isc_ ) ,1,
 tachykardes vorhofflimmern lagetyp normal qrs ( t ) abnorm anterolateraler infarkt möglich inferiorer infarkt alter unbest t abnorm in anterioren ableitungen xxxx unbestätigter bericht ,1,
 sinusrhythmus lagetyp normal periphere niederspannung sves vorhof partieller rechts - schenkelblock pathologisches ecg ,1,
 sinusrhythmus linkstyp mässige amplitudenkriterien f#r linkshypertrophie ,1,
 sinustachykardie lagetyp normal av - block i grades intraventr leitungsstörung in ii iiiavf chronisch anteriorer infarkt mögkich path ecg ,1,
 sinusrhythmus linkstyp intraventr leitungsstörung ii iii avf avl chronisch inferiorer infarkt möglich st - hebung in i ii iii avf path ecg ,1,
 sinusrhythmus verdacht auf p - sinistrocardiale lagetyp normal qrs ( t ) abnorm inferiorer infarkt alter unbest t abnorm in anterioren ableitungen xxxx unbestätigter bericht ,1,
 sinusrhythmus lagetyp normal unspezifischer intraventrikulärer block qrs ( t ) abnorm inferiorer myokardschaden möglich xxxx unbestätigter bericht ,1,
 sinustachykardie lagetyp normal qrs ( t ) abnorm anterolateraler myokardschaden nicht auszuschliessen xxxx unbestätigter bericht ,1,
 sinusrhythmus linkstyp r - s übergang in v ableitungen nach rechts verschoben unvollständiger rechtsschenkelblock qrs ( t ) abnorm inferiorer myokardschaden möglich xxxx unbestätigter bericht ,1,
 vorhofflimmern - flattern lagetyp normal unspezifische intraventrikuläre leitungsstörung mässige amplitudenkriterien für linkshypertrophie st and t abnorm wahrscheinlich laterale ischämie oder linksbelastung inferolaterale ischämie oder linksbelastung ,1,
 sinusrhythmus verdacht auf p - sinistrocardiale linkstyp periphere niederspannung qrs ( t ) abnormal inferiorer infarkt alter unbest ,1,
 sinusrhythmus av block i linkstyp chronisch inferiorer infarkt möglich intraventr leitungsstörung path ecg ,1,
 sinus arrhythmie verdacht auf p - sinistrocardiale lagetyp normal unvollständiger rechtsschenkelblock ,1,
 sinusrhythmus linkstyp periphere niederspannung t abnormal in anteroseptalen ableitungen ,1,
 ventrikuläre extrasystole ( n ) sinus arrhythmie lagetyp normal mässige amplitudenkriterien für linkshypertrophie st and t abnorm wahrscheinlich hochlaterale ischämie oder linksbelastung xxxx unbestätigter bericht ,1,
 sinustachykardie ueberdrehter linkstyp linksanteriorer fascicular block linkshypertrophie intraventr leitungsstörung in v4 verzögerte r - progression in v1 - v4 path ecg ,1,
 g tachykardes vorhofflimmern lagetyp normal st abnormal möglicherweise hochlateraler innenschichtsschaden inferiorer innenschichtsschaden ,1,
 sinusrhythmus verdacht auf p - sinistrocardiale lagetyp normal qrs ( t ) abnorm anteroseptaler infarkt wahrscheinlich alt inferiorer myokardschaden möglich st and t abnorm wahrscheinlich anterolaterale ischämie oder linksbelastung xxxx ,1,
 ventrikuläre extrasystole ( n ) bigeminus sinus arrhythmie lagetyp normal unspezifisches abnormes t xxxx unbestätigter bericht ,1,
 vorhofflimmern - flattern linkstyp st and t abnorm wahrscheinlich anterolaterale ischämie oder linksbelastung inferolaterale ischämie oder linksbelastung xxxx unbestätigter bericht ,1,
 sinusrhythmus verdacht auf p - sinistrocardiale ueberdrehter rechtstyp periphere niederspannung rechtshypertrophie möglich qrs ( t ) abnorm anterolateraler infarkt möglich inferiorer infarkt wahrscheinlich alt xxxx unbestätig ,1,
 ventrikuläre extrasystole ( n ) bigeminus sinus arrhythmie ueberdrehter linkstyp qrs ( t ) abnorm anteroseptaler infarkt alter unbest t abnorm in anterioren ableitungen lateralen ableitungen xxxx unbestätigter bericht ,1,
 sinusrhythmus lagetyp normal intraventr leitungsstörung t lateral und vw sehr flach grenzbefund ,1,
 interponierte supraventrikuläre extrasystole ( n ) sinusrhythmus lagetyp normal sonst normales ecg ,1,
 sinusrhythmus lagetyp normal uniforme ventr es diskrete st - hebung in v1 - v3 t hoch in v2 v3 verzögeerte r - progression in v1 - v4 grenzbefund ,1,
 sinusbradykardie verdacht auf p - sinistrocardiale lagetyp normal unspezifische intraventrikuläre leitungsstörung t abnorm in inferioren ableitungen xxxx unbestätigter bericht ,1,
 sinusrhythmus lagetyp normal qrs ( t ) abnorm inferiorer infarkt wahrscheinlich alt t abnorm in anterioren ableitungen hochlateralen ableitungen xxxx unbestätigter bericht ,1,
 ventrikuläre extrasystole ( n ) sinus arrhythmie verdacht auf p - sinistrocardiale lagetyp normal qrs ( t ) abnorm inferiorer infarkt alter unbest st and t abnorm wahrscheinlich anterolaterale ischämie oder linksbelastung xxxx u ,1,
 ventrikuläre extrasystole ( n ) vorhofflimmern - flattern lagetyp normal periphere niederspannung qrs ( t ) abnorm anteroseptaler myokardschaden nicht auszuschliessen st and t abnorm wahrscheinlich laterale ischämie oder linksbelastung inferolaterale isc ,1,
 sinustachykardie ueberdrehter linkstyp r - s übergang in v ableitungen nach links verschoben linksanteriorer fascicular block qrs ( t ) abnorm inferiorer infarkt wahrscheinlich alt xxxx unbestätigter bericht ,1,
 sinusrhythmus p - sinistrocardiale lagetyp normal rechtsschenkelblock qrs ( t ) abnorm anteroseptaler myokardschaden nicht auszuschliessen xxxx unbestätigter bericht ,1,
 sinusrhythmus lagetyp normal qrs ( t ) abnorm inferiorer infarkt alter unbest st and t abnorm wahrscheinlich laterale ischämie oder linksbelastung xxxx unbestätigter bericht ,1,
 sinusrhythmus p - sinistrocardiale linkstyp qrs ( t ) abnorm inferiorer infarkt alter unbest st and t abnorm wahrscheinlich anterolaterale ischämie oder linksbelastung xxxx unbestätigter bericht ,2,
 sinusrhythmus linkstyp qrs ( t ) abnorm lateraler myokardschaden nicht auszuschliessen xxxx unbestätigter bericht ,1,
 sinusrhythmus p - verbreiterung lagetyp normal unspezifische intraventrikuläre leitungsstörung st and t abnorm wahrscheinlich anterolaterale ischämie oder linksbelastung inferolaterale ischämie oder linksbelastung xxxx unbestät ,1,
 sinusrhythmus lagetyp normal qrs ( t ) abnorm anteroseptaler infarkt alter unbest t abnorm in anterioren ableitungen lateralen ableitungen xxxx unbestätigter bericht ,4,
 sinusrhythmus av block i p - verbreiterung ueberdrehter linkstyp st and t abnorm wahrscheinlich anterolaterale ischämie oder linksbelastung xxxx unbestätigter bericht ,1,
 tachykardes vorhofflimmern linkstyp linksschenkelblock xxxx unbestätigter bericht ,1,
 sinusrhythmus schwierig bestimmbare qrs - achse periphere niederspannung rechtshypertrophie möglich qrs ( t ) abnorm anterolateraler infarkt möglich inferiorer infarkt wahrscheinlich alt xxxx unbestätigter bericht ,1,
 sinusrhythmus verdacht auf p - sinistrocardiale linkstyp t abnorm in anterioren ableitungen xxxx unbestätigter bericht ,1,
 sinusrhythmus av block i linkstyp qrs ( t ) abnorm anteroseptaler infarkt wahrscheinlich alt inferiorer infarkt wahrscheinlich alt st and t abnorm wahrscheinlich hochlaterale ischämie oder linksbelastung xxxx unbestä ,1,
 sinusrhythmus p - sinistrocardiale ueberdrehter linkstyp unvollständiger rechtsschenkelblock st and t abnorm wahrscheinlich hochlaterale ischämie oder linksbelastung t abnorm in lateralen ableitungen xxxx unbestätigter bericht ,1,
 sinusrhythmus p - sinistrocardiale ueberdrehter linkstyp qrs ( t ) abnorm anteroseptaler infarkt wahrscheinlich alt inferiorer infarkt wahrscheinlich alt st and t abnorm wahrscheinlich anterolaterale ischämie oder linksbelastung xxxx ,1,
 sinus arrhythmie p - sinistrocardiale ueberdrehter linkstyp linksanteriorer fascicular block rechtsschenkelblock bifaszikulärer block xxxx unbestätigter bericht ,1,
 sinusrhythmus p - sinistrocardiale lagetyp normal qrs ( t ) abnorm anteroseptaler myokardschaden nicht auszuschliessen t abnorm in lateralen ableitungen xxxx unbestätigter bericht ,1,
 sinusrhythmus lagetyp normal unvollständiger rechtsschenkelblock sonst normales ecg xxxx unbestätigter bericht edit irbbb ( asmi xxxx aneur xxxx irbbb ) ,1,
 vorhofflimmern - flattern lagetyp normal periphere niederspannung qrs ( t ) abnorm anteroseptaler myokardschaden nicht auszuschliessen st and t abnorm wahrscheinlich laterale ischämie oder linksbelastung inferolaterale ischämie oder linksbelastung xxxx ,1,
 sinusrhythmus p - sinistrocardiale lagetyp normal qrs ( t ) abnorm anteroseptaler infarkt alter unbest inferiorer infarkt wahrscheinlich alt t abnorm in anterolateralen ableitungen xxxx unbestätigter bericht ,1,
 sinusrhythmus linkstyp unvollständiger rechtsschenkelblock mässige amplitudenkriterien für linkshypertrophie st and t abnorm wahrscheinlich hochlaterale ischämie oder linksbelastung xxxx unbestätigter bericht ,1,
 ventrikuläre extrasystole ( n ) sinus arrhythmie p - sinistrocardiale rechtstyp periphere niederspannung qrs ( t ) abnorm anteroseptaler infarkt alter unbest xxxx unbestätigter bericht ,1,
 sinusrhythmus lagetyp normal unspezifische intraventrikuläre leitungsstörung st abnorm möglicherweise inferolateraler innenschichtsschaden xxxx unbestätigter bericht edit injil xxxx ( iscil ) ,1,
 sinusrhythmus p - sinistrocardiale ueberdrehter linkstyp qrs ( t ) abnorm lateraler myokardschaden möglich xxxx unbestätigter bericht ,1,
 ventrikuläre extrasystole ( n ) supraventrikuläre ersatzsystole ( n ) sinusrhythmus verdacht auf p - sinistrocardiale ueberdrehter linkstyp linksanteriorer fascicular block rechtsschenkelblock bifaszikulärer block xxxx unbestätigter bericht ,1,
 sinusrhythmus linkstyp qrs ( t ) abnorm anteroseptaler myokardschaden möglich ,1,
 interponierte supraventrikuläre extrasystole ( n ) sinusrhythmus lagetyp normal sonst normales ecg xxxx unbestätigter bericht ,1,
 supraventrikuläre arrhythmie lagetyp normal unspezifisches abnormes t xxxx unbestätigter bericht ,3,
 sinusrhythmus av block i verdacht auf p - sinistrocardiale linkstyp unspezifisches abnormes t qt - verlängerung xxxx unbestätigter bericht ,1,
 sinusbradykardie rechtstyp qrs ( t ) abnorm hochlateraler myokardschaden nicht auszuschliessen st and t abnorm wahrscheinlich inferiore ischämie oder linksbelastung xxxx unbestätigter bericht ,1,
 sinusrhythmus verdacht auf p - sinistrocardiale linkstyp periphere niederspannung rechtsschenkelblock qrs ( t ) abnorm inferiorer infarkt wahrscheinlich alt xxxx unbestätigter bericht ,1,
 sinusrhythmus lagetyp normal normales ecg edit norm xxxx tachykardie ( norm xxxx ) ,1,
 supraventrikuläre tachykardie lagetyp normal periphere niederspannung qrs ( t ) abnorm anteroseptaler infarkt wahrscheinlich alt xxxx unbestätigter bericht ,1,
 beschleunigter av - rhythmus lagetyp normal periphere niederspannung qrs ( t ) abnorm anteroseptaler infarkt alter unbest xxxx unbestätigter bericht ,1,
 vorhofflimmern - flattern lagetyp normal mässige amplitudenkriterien für linkshypertrophie qrs ( t ) abnorm hochlateraler infarkt möglich st and t abnorm wahrscheinlich laterale ischämie oder linksbelastung inferolaterale ischämie oder linksbelastung ,1,
 sinusrhythmus lagetyp normal rechtsschenkelblock st - senkung in i ii avl v5 - xxxx hohes t in v6 p flach in allen ableitungen ,1,
 sinusrhythmus ueberdrehter linkstyp unspezifische intraventrikuläre leitungsstörung ,1,
 sinusrhythmus lagetyp normal unvollständiger rechtsschenkelblock p biphasisch in v1 - xxxx st - hebung in v3 - xxxx t hoch in v3 - xxxx schlechte r - progression ,1,
 sinusrhythmus lagetyp normal unspezifischer intraventrikulärer block linkshypertrophie lsb st - hebung in v2 - xxxx t neg in v5 - xxxx iii avf ,1,
 sinusrhythmus linkstyp sonst normales ecg intraventr leitungstörung in iii avf ,1,
 sinusrhythmus av block i lagetyp normal intraventr leitungsstörung in iii avl grenzbefund ,1,
 sinusrhythmus p - verbreiterung lagetyp normal amplitudenkriterien f#r linkshypertrophie ,1,
 sinusrhythmus schwierig bestimmbare qrs - achse t abnorm in hochlateralen ableitungen ,1,
 sinusrhythmus lagetyp normal intraventr leitungsstörung q in i avl auffallend hohes r in v1 v2 normales ecg ,1,
 sinusrhythmus lagetyp normal mulitforme ves verzögerte r - progression über vorderwand ,1,
 sinusrhythmus linkstyp t - veraenderungen schlechte r - progression grenzbefund ,1,
 p wave axis is abnormal rhythm is probably junctional otherwise normal ecg ,1,
 sinusrhythmus vorhofsüberlastung beidseits linkstyp chron inferiorer infarkt möglich st - senkung in v3 - xxxx ,1,
 sinusrhythmus av block i ueberdrehter linkstyp ventr extrasystolen multiform xxxx - er salve anter fascicular block links intraventr leitungsstoerung iii l f v1 infarkt inferior chronisch moeglich ,1,
 sinusrhythmus mlt links neg t in v1 grenzbefund ,1,
 sinusrhythmus neg t in iii v1 - xxxx ueberdrehter linkstyp linksanteriorer fascicular block vollstaendiger rechtsschenkelblock pathologisches ecg ,1,
 sinusrhythmus lagetyp normal st - hebung in v2 t hoch in v3 ,1,
 llt sinusbradikardie av block xxxx grades verzögerte r - progression in v1 - xxxx biphas t in v1 pathologisches ecg ,1,
 t wave now low or flat in limb leads and v3 - xxxx myocardial ischaemia is likely suggest exclude hypokalaemia ,1,
 sinustachykardie lagetyp normal hoch in v2 xxxx pathologisches ecg ,1,
 sinusrhythmus lagetyp normal intermittierender lsb ,1,
 llt sinusbradykardie neg t in iii v1 wahrscheinlich normales ecg ,1,
 sinusrhythmus lagetyp normal intraventr leitungsstoerung avl v1 ecg normal ,1,
 sinusrhythmus linkstyp st abnorm möglicherweise anterolateraler innenschichtsschaden xxxx unbestätigter bericht ,1,
 sinusrhythmus lagetyp normal st - hebung in v1 - xxxx t biphasisch in iii avf v5 - xxxx ,1,
 sinusrhythmus verdacht auf p - sinistrocardiale linkstyp unvollständiger rechtsschenkelblock st and t abnorm wahrscheinlich hochlaterale ischämie oder linksbelastung ,1,
 supraventrikuläre extrasystole ( n ) sinusrhythmus linkstyp periphere niederspannung qrs ( t ) abnormal anteroseptaler myokardschaden nicht auszuschliessen ,1,
 sinusrhythmus llt rechts normales ecg ,1,
 sinusrhythmus linkstyp st - hebung v1 - xxxx t - veränderungen neg lll v2 - xxxx wahrscheinlich normales ecg ,1,
 vorhofflimmern - flattern ueberdrehter linkstyp linksanteriorer fascicular block unvollständiger rechtsschenkelblock qrs ( t ) abnormal anteroseptaler myokardschaden möglich t abnormal in hochlateralen ableitungen ,1,
 ventrikuläre extrasystole ( n ) sinusrhythmus linkstyp qrs ( t ) abnormal inferiorer infarkt alter unbest st and t abnormal wahrscheinlich anteriore ischämie oder linksbelastung laterale ischämie oder linksbelastung ,1,
 sinusrhythmus llt st - hebung in v1 - xxxx st - senkung in ii iii avf pathologisches ecg ,1,
 ventrikuläre es intraventr leitungsstoerung f sinusrhythmus path repolisation u - we - le v2 - v6 wahrscheinlich normales ecg ,1,
 sinusrhythmus linkstyp ,2,
 sinusbradykardie verdacht auf p - sinistrocardiale ueberdrehter linkstyp linksanteriorer fascicular block rechtsschenkelblock bifaszikulärer block qrs ( t ) abnorm anteroseptaler infarkt wahrscheinlich alt inferiorer infarkt möglich xxxx ,1,
 sinusrhythmus ueberdrehter linkstyp schenkelblock links ant fascicular block t - veränderungen avl pathologisches ecg ,1,
 sinusrhythmus linkstyp qrs ( t ) abnormal anteriorer infarkt alter unbest inferiorer infarkt alter unbest t abnormal in lateralen ableitungen ,2,
 sinusrhythmus p - verbreiterung lagetyp normal qrs ( t ) abnormal inferiorer infarkt wahrscheinlich alt ,3,
 supraventrikuläre extrasystole ( n ) sinusrhythmus ueberdrehter linkstyp linksanteriorer fascicular block rechtsschenkelblock bifaszikulärer block ,2,
 sinusrhythmus lagetyp normal st and t abnorm wahrscheinlich anteriore ischämie oder linksbelastung t abnorm in inferolateralen ableitungen ,1,
 sinusrhythmus llt rechts partieller rechtsschenkelblock moeglich wahrscheinlich normales ecg ,1,
 supraventrikuläre extrasystole ( n ) sinusrhythmus llt st - hebung in v1 v2 st - senkung in i ii avf v4 - v6 neg praeterminale t - veraenderungen in v4 - v6 pathologisches ecg ,1,
 sinusrhythmus ueberdrehter linkstyp unvollständiger rechtsschenkelblock qrs ( t ) abnorm inferiorer infarkt wahrscheinlich alt xxxx unbestätigter bericht ,1,
 sinusrhythmus ueberdrehter linkstyp rechtsschenkelblock qrs ( t ) abnormal lateraler infarkt wahrscheinlich alt inferiorer infarkt mögl akut ,1,
 sinusrhythmus av block i p - verbreiterung lagetyp normal unvollständiger rechtsschenkelblock qt - verlängerung ,1,
 sinustachykardie lagetyp normal t überhöht in v2 - xxxx ,1,
 sinusarrhythmie verdacht auf p - sinistrocardiale linkstyp r - s #bergang in v ableitungen nach rechts verschoben t neg in iii ,1,
 sinusrhythmus lagetyp normal st and t abnorm wahrscheinlich anterolaterale ischämie oder linksbelastung t abnorm in anterioren ableitungen inferolateralen ableitungen ,1,
 ruhe - ecg zur ergometrie normal alles ,1,
 sinusrhythmus lagetyp normal st and t abnormal wahrscheinlich anteriore ischämie oder linksbelastung t abnormal in lateralen ableitungen ,2,
 mlt sinusbradykardie atriale leitungsstörung wahrscheinlich normales ecg ,1,
 sinusrhythmus ueberdrehter linkstyp qrs ( t ) abnorm anteroseptaler infarkt wahrscheinlich alt ,1,
 sinusrhythmus lagetyp normal periphere niederspannung st and t abnormal wahrscheinlich anteriore ischämie oder linksbelastung t abnormal in lateralen ableitungen inferioren ableitungen ,1,
 sinusrhythmus p - verbreiterung linkstyp t abnormal in hochlateralen ableitungen ,1,
 sinustachykardie lagetyp normal qrs ( t ) abnormal hochlateraler infarkt möglich edit lmi xxxx qs+tnegavl ( lmi xxxx ) ,1,
 sinusrhythmus slt partieller rechts schenkelblock avf v1 v2 t negativ in iii v2 ,1,
 sinusrhythmus lagetyp normal qrs ( t ) abnormal anteroseptaler myokardschaden nicht auszuschliessen st and t abnormal wahrscheinlich anterolaterale ischämie oder linksbelastung ,1,
 sinusrhythmus respiratorische arrhythmie chronischer anteroseptaler infarkt sicher t negativ in v1 - v5 i ii t terminal negativ in v6 q in v1 - v3 ,1,
 sinusrhythmus lagetyp normal qrs ( t ) abnorm anteriorer infarkt alter unbest hochlateraler infarkt nicht auszuschliessen xxxx unbestätigter bericht ,1,
 trace only requested edit asmi xxxx tor ( asmi xxxx ) ,1,
 sinusrhythmus rechtstyp qrs ( t ) abnormal inferiorer myokardschaden nicht auszuschliessen ,1,
 sinusrhythmus lagetyp normal st n vorderwandinfarkt ,1,
 sinusrhythmus linkstyp qrs ( t ) abnorm anteroseptaler myokardschaden möglich qt - verlängerung xxxx unbestätigter bericht ,1,
 vorhofflimmern - flattern lagetyp normal unvollständiger rechtsschenkelblock unspezifisches abnormales t qt - verlängerung ,1,
 supraventrikuläre extrasystole ( n ) sinusrhythmus lagetyp normal unvollständiger rechtsschenkelblock qrs ( t ) abnorm anterolateraler myokardschaden möglich xxxx unbestätigter bericht ,1,
 sinusrhythmus p - verbreiterung ueberdrehter linkstyp unspezifische intraventrikuläre leitungsstörung linkshypertrophie möglich qrs ( t ) abnorm inferiorer infarkt wahrscheinlich alt xxxx unbestätigter bericht ,1,
 sinusrhythmus av block i ueberdrehter linkstyp unspezifischer intraventrikulärer block qrs ( t ) abnormal septaler infarkt nicht auszuschliessen ,1,
 sinusrhythmus p - sinistrocardiale linkstyp st and t abnorm wahrscheinlich anteriore ischämie oder linksbelastung hochlaterale ischämie oder linksbelastung xxxx unbestätigter bericht ,1,
 sinusbradykardie av block i ueberdrehter linkstyp vollständiger links schenkelblock st - hebung über v1 - v4 t terminal negativ in iii v1 t flach in avf v6 schlechte r - progression ,1,
 sinusrhythmus p - verbreiterung lagetyp normal unspezifische abnorme st - senkung xxxx unbestätigter bericht edit norm xxxx ( nst_ ) ,1,
 sinusrhythmus p - verbreiterung lagetyp normal qrs ( t ) abnormal inferiorer myokardschaden möglich ,1,
 sinusrhythmus lagetyp normal st and t abnormal wahrscheinlich anterolaterale ischämie oder linksbelastung t abnormal in inferolateralen ableitungen ,1,
 sinusrhythmus linkstyp vollständiger rechtsschenkelblock links ant fascicular block t - veraenderungen pathologisch ,1,
 supraventrikuläre extrasystole ( n ) sinusrhythmus rechtstyp vollständiger rechtsschenkelblock st - hebung in avr st - senkung in ii iii avf v3 - v6 path ecg edit asmi xxxx crbbb tiefe qiii avf und qv1 ( asmi xxxx imi xxxx crbbb ) ,1,
 ventrikuläre extrasystole ( n ) supraventrikuläre extrasystole ( n ) sinustachykardie linkstyp qrs ( t ) abnormal anterolateraler myokardschaden nicht auszuschliessen inferiorer infarkt möglich t abnormal in anterioren ableitungen ,1,
 sinusrhythmus lagetyp normal periphere niederspannung unspezifisches abnormes t xxxx unbestätigter bericht edit ilmi xxxx ,1,
 sinusrhythmus verdacht auf p - sinistrocardiale linkstyp qrs ( t ) abnorm inferiorer infarkt wahrscheinlich alt st and t abnorm wahrscheinlich anterolaterale ischämie oder linksbelastung xxxx unbestätigter bericht ,2,
 sinusrhythmus linkstyp unvollständiger rechtsschenkelblock qrs ( t ) abnorm anterolateraler infarkt möglich t abnorm in anteroseptalen ableitungen xxxx unbestätigter bericht ,1,
 sinusrhythmus verdacht auf p - sinistrocardiale lagetyp normal mässige amplitudenkriterien für linkshypertrophie qrs ( t ) abnorm anterolateraler myokardschaden nicht auszuschliessen t abnorm in inferolateralen ableitungen xxxx unbe ,1,
 sinusrhythmus lagetyp normal qrs ( t ) abnorm anterolateraler infarkt alter unbest inferiorer infarkt wahrscheinlich alt t abnorm in anterioren ableitungen xxxx unbestätigter bericht ,1,
 sinusrhythmus p - verbreiterung lagetyp normal linkshypertrophie möglich qrs ( t ) abnorm inferiorer infarkt alter unbest xxxx unbestätigter bericht ,1,
 sinusrhythmus linkstyp periphere niederspannung qrs ( t ) abnormal t abnormal in hochlateralen ableitungen ,1,
 sinusrhythmus lagetyp normal st n anteriorem infarkt vor xxxx tagen rsb ,1,
 sinusrhythmus av block i lagetyp normal periphere niederspannung qrs ( t ) abnorm inferiorer infarkt alter unbest xxxx unbestätigter bericht ,1,
 sinusrhythmus p - verbreiterung linkstyp qrs ( t ) abnorm inferiorer infarkt wahrscheinlich alt xxxx unbestätigter bericht ,1,
 sinusrhythmus lagetyp normal unspezifische intraventrikuläre leitungsstörung qrs ( t ) abnormal inferiorer myokardschaden nicht auszuschliessen ,2,
 sinusrhythmus p - verbreiterung lagetyp normal linkshypertrophie xxxx unbestätigter bericht ,1,
 ventrikuläre extrasystole ( n ) sinusrhythmus p - verbreiterung lagetyp normal unspezifische intraventrikuläre leitungsstörung linkshypertrophie xxxx unbestätigter bericht ,1,
 ventrikuläre extrasystole ( n ) sinusrhythmus linkstyp unspezifische abnorme st - senkung xxxx unbestätigter bericht ,1,
 sinusrhythmus lagetyp normal st and t abnorm wahrscheinlich anterolaterale ischämie oder linksbelastung ,1,
 ventrikuläre extrasystole ( n ) bigeminus interponierte ventrikuläre extrasystole ( n ) sinus arrhythmie lagetyp normal qrs ( t ) abnormal inferiorer myokardschaden nicht auszuschliessen ,1,
 sinusrhythmus linkstyp periphere niederspannung qrs ( t ) abnormal ,1,
 q wave in inferior leads are probably normal ,1,
 sinusrhythmus lagetyp normal st and t abnorm wahrscheinlich anteriore ischämie oder linksbelastung laterale ischämie oder linksbelastung inferolaterale ischämie oder linksbelastung xxxx unbestätigter bericht ,1,
 sinus arrhythmie linkstyp qt - verlängerung xxxx unbestätigter bericht ,1,
 sinusrhythmus lagetyp normal unspezifische intraventrikuläre leitungsstörung mässige amplitudenkriterien für linkshypertrophie qrs ( t ) abnorm inferiorer infarkt wahrscheinlich alt xxxx unbestätigter bericht ,1,
 ventrikuläre extrasystole ( n ) sinusrhythmus lagetyp normal unspezifischer intraventrikulärer block qrs ( t ) abnorm anteriorer infarkt möglich inferiorer infarkt alter unbest xxxx unbestätigter bericht ,1,
 vorhofflimmern - flattern lagetyp normal qrs ( t ) abnorm anteroseptaler infarkt alter unbest st and t abnorm wahrscheinlich anterolaterale ischämie oder linksbelastung xxxx unbestätigter bericht ,1,
 sinusrhythmus lagetyp normal qrs ( t ) abnormal hochlateraler infarkt möglich edit lmi xxxx ( lmi xxxx ) ,1,
 sinusrhythmus p - sinistrocardiale lagetyp normal linkshypertrophie qrs ( t ) abnorm anteroseptaler infarkt alter unbest xxxx unbestätigter bericht ,1,
 sinusrhythmus schwierig bestimmbare qrs - achse qrs ( t ) abnorm anteriorer infarkt alter unbest inferolateraler infarkt wahrscheinlich alt xxxx unbestätigter bericht ,1,
 supraventrikuläre extrasystole ( n ) sinusarrhythmie linkstyp linkshypertrophie pathologisch ,1,
 sinusrhythmus lagetyp normal vorhofsueberlastung links atriale leitungsstoerung fehlende r - progression v1 - xxxx pathologisch ,1,
 sinusrhythmus av block i ueberdrehter linkstyp unvollständiger rechtsschenkelblock qrs ( t ) abnormal anterolateraler infarkt wahrscheinlich alt inferiorer infarkt wahrscheinlich alt ,1,
 supraventrikuläre extrasystole ( n ) interponierte supraventrikuläre extrasystole ( n ) sinusrhythmus verdacht auf p - sinistrocardiale linkstyp qrs ( t ) abnorm anterolateraler infarkt möglich xxxx unbestätigter bericht ,1,
 sinusrhythmus verdacht auf p - sinistrocardiale lagetyp normal qrs ( t ) abnorm anteroseptaler myokardschaden nicht auszuschliessen xxxx unbestätigter bericht ,1,
 sinusrhythmus linkstyp av - block xxxx grades qrs ( t ) abnormal posteriorer infarkt chronisch moeglich vorhofsueberlastung links moeglich pathologisch ,1,
 sinusrhythmus p - verbreiterung lagetyp normal qrs ( t ) abnorm inferiorer infarkt alter unbest st and t abnorm wahrscheinlich anterolaterale ischämie oder linksbelastung xxxx unbestätigter bericht ,1,
 sinusrhythmus linkstyp unspezifische intraventrikuläre leitungsstörung st and t abnormal wahrscheinlich hochlaterale ischämie oder linksbelastung ,1,
 sinusrhythmus lagetyp normal t abnorm in anterioren ableitungen lateralen ableitungen inferolateralen ableitungen qt - verlängerung xxxx unbestätigter bericht ,2,
 tachykardes vorhofflimmern lagetyp normal qrs ( t ) abnorm lateraler infarkt wahrscheinlich alt inferiorer infarkt wahrscheinlich alt xxxx unbestätigter bericht ,1,
 sinusrhythmus p - sinistrocardiale lagetyp normal unvollständiger rechtsschenkelblock unspezifische abnormale st - senkung unspezifisches abnormes t ,1,
 sinusrhythmus linkstyp qrs ( t ) abnormal intraventr leitungsstoerung inferiorer infarkt wahrscheinlich alt pathologisch ,1,
 tachykardes vorhofflimmern linkstyp qrs ( t ) abnormal anteroseptaler infarkt alter unbest inferiorer infarkt wahrscheinlich alt ,1,
 sinustachykardie lagetyp normal qrs ( t ) abnorm anterolateraler myokardschaden möglich inferiorer myokardschaden möglich xxxx unbestätigter bericht ,1,
 vorhofflimmern - flattern linkstyp periphere niederspannung qrs ( t ) abnormal inferiorer infarkt wahrscheinlich alt ,1,
 sinusrhythmus linkstyp qrs ( t ) abnorm anteriorer infarkt alter unbest st and t abnorm wahrscheinlich laterale ischämie oder linksbelastung xxxx unbestätigter bericht ,1,
 ventrikuläre extrasystole ( n ) sinus arrhythmie linkstyp qrs ( t ) abnorm anterolateraler myokardschaden möglich t abnorm in inferioren ableitungen xxxx unbestätigter bericht ,1,
 sinusrhythmus lagetyp normal qrs ( t ) abnorm anterolateraler myokardschaden nicht auszuschliessen t abnorm in inferioren ableitungen xxxx unbestätigter bericht ,1,
 sinusrhythmus p - verbreiterung lagetyp normal qrs ( t ) abnorm anteroseptaler infarkt alter unbest xxxx unbestätigter bericht ,1,
 sinusrhythmus verdacht auf p - sinistrocardiale ueberdrehter linkstyp unspezifischer intraventrikulärer block xxxx unbestätigter bericht ,1,
 sinusrhythmus lagetyp normal periphere niederspannung t abnorm in inferioren ableitungen xxxx unbestätigter bericht ,2,
 sinusrhythmus ueberdrehter linkstyp linksanteriorer fascicular block unvollständiger rechtsschenkelblock ,1,
 sinus arrhythmie av block i linkstyp qrs ( t ) abnormal anteroseptaler infarkt alter unbest ,1,
 sinusrhythmus av block i p - verbreiterung linkstyp qrs ( t ) abnorm anteroseptaler myokardschaden möglich st and t abnorm wahrscheinlich anteriore ischämie oder linksbelastung hochlaterale ischämie oder linksbelastung t abnorm in inferolateralen able ,1,
 sinus arrhythmie p - verbreiterung lagetyp normal linkshypertrophie xxxx unbestätigter bericht ,1,
 sinus arrhythmie ueberdrehter linkstyp qrs ( t ) abnormal anteroseptaler infarkt wahrscheinlich alt ,1,
 ventrikuläre extrasystole ( n ) sinusrhythmus linkstyp linkshypertrophie möglich qrs ( t ) abnorm inferiorer infarkt möglich xxxx unbestätigter bericht ,1,
 ventrikuläre extrasystole ( n ) bigeminus sinusrhythmus linkstyp mässige amplitudenkriterien für linkshypertrophie xxxx unbestätigter bericht ,1,
 sinusrhythmus verdacht auf p - sinistrocardiale lagetyp normal t abnormal in inferioren ableitungen chron inferiorer infarkt möglich ( q in iii ) st - hebung in v2 - xxxx ,1,
 supraventrikuläre extrasystole ( n ) sinusrhythmus lagetyp normal unspezifische intraventrikuläre leitungsstörung linkshypertrophie möglich qrs ( t ) abnormal anteroseptaler myokardschaden möglich ,1,
 ventrikuläre extrasystole ( n ) sinusrhythmus linkstyp qrs ( t ) abnorm anterolateraler infarkt möglich inferiorer infarkt wahrscheinlich alt xxxx unbestätigter bericht ,1,
 sinustachykardie ueberdrehter linkstyp qrs ( t ) abnormal inferiorer infarkt wahrscheinlich alt t abnormal in hochlateralen ableitungen ,1,
 sinusrhythmus ueberdrehter linkstyp unspezifischer intraventrikulärer block qrs ( t ) abnorm anteriorer infarkt alter unbest inferiorer infarkt wahrscheinlich alt xxxx unbestätigter bericht ,1,
 sinus arrhythmie lagetyp normal linkshypertrophie ,1,
 vorhofflimmern - flattern linkstyp mässige amplitudenkriterien für linkshypertrophie st abnorm möglicherweise inferiorer innenschichtsschaden xxxx unbestätigter bericht ,1,
 sinusbradykardie überdrehter linkstyp linksanteriorer hemiblockintraventr leitungsstörung i t neg in v2 - v5 path ecg ,1,
 linkslagetyp st - strecke aszendierend in v2 st - senkung in iii normales ecg ,1,
 sinusrhythmus lagetyp normal v1 - v4 aszendierend normales ecg ,1,
 supraventrikuläre arrhythmie p - sinistrocardiale ueberdrehter linkstyp linksanteriorer fascicular block rechtsschenkelblock bifaszikulärer block qrs ( t ) abnorm septaler infarkt nicht auszuschliessen xxxx unbestätigter bericht ,1,
 sinusrhythmus av block i p - sinistrocardiale ueberdrehter linkstyp linksanteriorer fascicular block unspezifischer intraventrikulärer block rechtshypertrophie möglich qrs ( t ) abnorm anteriorer infarkt möglich xxxx unbestätigter bericht ,1,
 sinusrhythmus linkstyp r - s übergang in v ableitungen nach rechts verschoben qrs ( t ) abnorm inferiorer infarkt alter unbest st and t abnorm wahrscheinlich anterolaterale ischämie oder linksbelastung xxxx unbestätigter beri ,1,
 ventrikuläre extrasystole ( n ) sinusrhythmus av block i linkstyp xxxx unbestätigter bericht ,1,
 sinus arrhythmie linkstyp qrs ( t ) abnorm anteroseptaler infarkt alter unbest inferiorer infarkt wahrscheinlich alt t abnorm in anterioren ableitungen xxxx unbestätigter bericht ,1,
 sinusrhythmus linkstyp qrs ( t ) abnorm anteroseptaler infarkt alter unbest inferiorer myokardschaden nicht auszuschliessen t abnorm in anterioren ableitungen xxxx unbestätigter bericht ,1,
 sinusbradykardie lagetyp normal periphere niederspannung unvollständiger rechtsschenkelblock qrs ( t ) abnorm inferiorer infarkt wahrscheinlich alt t abnorm in anterioren ableitungen xxxx unbestätigter bericht ,1,
 regelmässiger rhythmus keine p - welle erkannt lagetyp normal st and t abnormal wahrscheinlich anteriore ischämie oder linksbelastung inferolaterale ischämie oder linksbelastung ,1,
 supraventrikuläre extrasystole ( n ) supraventrikuläre arrhythmie lagetyp normal t abnorm in inferioren ableitungen xxxx unbestätigter bericht ,1,
 ventrikuläre extrasystole ( n ) sinustachykardie av block i lagetyp normal unspezifisches abnormales t ,1,
 g tachykardes vorhofflimmern lagetyp normal ,1,
 ventrikuläre extrasystole ( n ) sinusrhythmus p - sinistrocardiale linkstyp unspezifischer intraventrikulärer block xxxx unbestätigter bericht ,2,
 sinusrhythmus linkstyp qrs ( t ) abnormal inferiorer myokardschaden nicht auszuschliessen st and t abnormal wahrscheinlich hochlaterale ischämie oder linksbelastung ,1,
 vorhofflimmern - flattern linkstyp st and t abnormal wahrscheinlich anterolaterale ischämie oder linksbelastung inferolaterale ischämie oder linksbelastung ,1,
 sinusrhythmus lagetyp normal unvollständiger linksschenkelblock unspezifisches abnormales t ,1,
 sinusrhythmus verdacht auf p - sinistrocardiale linkstyp unvollständiger rechtsschenkelblock qrs ( t ) abnorm inferiorer infarkt alter unbest xxxx unbestätigter bericht ,1,
 vorhofflimmern - flattern linkstyp st and t abnorm wahrscheinlich anterolaterale ischämie oder linksbelastung t abnorm in inferolateralen ableitungen xxxx unbestätigter bericht ,2,
 sinusrhythmus p - verbreiterung ueberdrehter linkstyp periphere niederspannung qrs ( t ) abnorm inferiorer infarkt wahrscheinlich alt st and t abnorm wahrscheinlich anterolaterale ischämie oder linksbelastung xxxx unbestätigte ,1,
 sinustachykardie p - sinistrocardiale linkstyp unspezifische intraventrikuläre leitungsstörung st and t abnorm wahrscheinlich anterolaterale ischämie oder linksbelastung xxxx unbestätigter bericht ,1,
 sinusbradykardie lagetyp normal t neg in v2 - xxxx edit injas sokolow xxxx ( injas ) ,1,
 ventrikuläre extrasystole ( n ) sinusrhythmus verdacht auf p - sinistrocardiale linkstyp qrs ( t ) abnorm anteroseptaler myokardschaden nicht auszuschliessen t abnorm in hochlateralen ableitungen xxxx unbestätigter bericht ,1,
 sinusrhythmus ueberdrehter linkstyp av - block xxxx grades ant fascicular block links subakuter posteriorer infarkt moeglich chron inferiorer infarkt st - senkung in v2 - v5 pathologisches ecg ,1,
 vorhofflimmern - flattern lagetyp normal unvollständiger rechtsschenkelblock st abnorm möglicherweise anteriorer innenschichtsschaden xxxx unbestätigter bericht ,1,
 sinustachykardie lagetyp normal qrs ( t ) abnorm inferiorer infarkt alter unbest t abnorm in anterioren ableitungen xxxx unbestätigter bericht ,1,
 sinusrhythmus lagetyp normal qrs ( t ) abnormal lateraler myokardschaden möglich ,1,
 sinusrhythmus linkstyp periphere niederspannung st and t abnormal möglicherweise neuer anteroseptaler myokard - oder perikardschaden ,1,
 normokardes vorhofflimmern lagetyp normal st - hebung in v2 st - senkung in v6 t neg in i ii avf schlechte r - progression über vorderwand ,1,
 sinusrhythmus av block i linkstyp unvollständiger linksschenkelblock t neg in avl biphasisch in v5 - xxxx flach in übrigen ableitungen ,1,
 vorhofflimmern - flattern lagetyp normal qrs ( t ) abnormal inferiorer myokardschaden nicht auszuschliessen ,1,
 sinusrhythmus lagetyp normal qrs ( t ) abnorm inferiorer infarkt alter unbest t abnorm in anterioren ableitungen xxxx unbestätigter bericht ,2,
 sinusrhythmus lagetyp normal qrs ( t ) abnormal anteroseptaler infarkt möglich ,1,
 sinusrhythmus p - verbreiterung lagetyp normal linkshypertrophie qt - verlängerung xxxx unbestätigter bericht ,1,
 sinusbradykardie p - sinistrocardiale lagetyp normal rechtsschenkelblock xxxx unbestätigter bericht ,1,
 sinusrhythmus ueberdrehter linkstyp unspezifische intraventrikuläre leitungsstörung qrs ( t ) abnormal anteroseptaler infarkt mögl akut ,1,
 sinusrhythmus mlt vollständiger rechtsschenkelblock av - block xxxx grades st - senkung in v3 - xxxx t biphasisch in i neg in ii iii ,1,
 supraventrikuläre arrhythmie p - verbreiterung linkstyp unvollständiger linksschenkelblock unspezifisches abnormes t xxxx unbestätigter bericht ,1,
 rhythmus vorhof lagetyp normal intraventr leitungsstoerung ii v5 - v6 avf q in v1 avr nicht sign ecg pathologisch ,1,
 vorhofflimmern - flattern ueberdrehter linkstyp st and t abnormal wahrscheinlich anterolaterale ischämie oder linksbelastung ,1,
 sinustachykardie linkstyp linksschenkelblock linkshypertrophie möglich ,1,
 sinusrhythmus lagetyp normal intraventr leitungsstoerung avf schlechte r - progression ueber vorderwand ecg wahrscheinlich normal ,1,
 sinus arrhythmie rechtstyp sonst normales ecg xxxx unbestätigter bericht ,1,
 vorhofflimmern - flattern lagetyp normal periphere niederspannung t abnorm in hochlateralen ableitungen xxxx unbestätigter bericht ,1,
 sinustachykardie p - sinistrocardiale lagetyp normal rechtsschenkelblock qrs ( t ) abnorm inferiorer infarkt alter unbest xxxx unbestätigter bericht ,1,
 sinusrhythmus schenkelblock vollstaendig rechts linkstyp st - hebung v2 v3 t - veraenderungen neg t v1 - v4 signifikantes q in iii avr v1 si qiii ecg pathologisch ,1,
 sinusrhythmus schwierig bestimmbare qrs - achse unvollständiger rechtsschenkelblock t abnorm in hochlateralen ableitungen xxxx unbestätigter bericht ,1,
 sinusrhythmus lagetyp normal mässige amplitudenkriterien für linkshypertrophie st and t abnorm möglicherweise neuer anteriorer myokard - oder perikardschaden xxxx unbestätigter bericht ,1,
 sinusrhythmus linkstyp mässige amplitudenkriterien für linkshypertrophie qrs ( t ) abnorm anteroseptaler infarkt wahrscheinlich alt st and t abnorm wahrscheinlich anterolaterale ischämie oder linksbelastung inferolaterale ischämie oder linksbelas ,1,
 tachykardes vorhofflimmern lagetyp normal qrs ( t ) abnormal anteroseptaler infarkt wahrscheinlich alt inferiorer infarkt alter unbest ,1,
 sinusrhythmus ueberdrehter linkstyp qrs ( t ) abnorm anterolateraler infarkt alter unbest inferiorer infarkt wahrscheinlich alt t abnorm in anterioren ableitungen xxxx unbestätigter bericht ,1,
 vorhofflimmern - flattern linkstyp rechtsschenkelblock linkshypertrophie ,1,
 ventrikuläre extrasystole ( n ) sinus arrhythmie linkstyp t abnorm in anterolateralen ableitungen qt - verlängerung xxxx unbestätigter bericht ,1,
 sinusrhythmus lagetyp normal st - hebung v1 - v3 t - veraenderungen i ii iii avf v5 v6 ecg pathologisch ,1,
 sinusrhythmus lagetyp normal unvollständiger rechtsschenkelblock qrs ( t ) abnorm anteriorer infarkt alter unbest st and t abnorm wahrscheinlich hochlaterale ischämie oder linksbelastung xxxx unbestätigter bericht ,1,
 sinustachykardie linkstyp t abnorm in anterolateralen ableitungen xxxx unbestätigter bericht ,1,
 sinusrhythmus verdacht auf p - sinistrocardiale linkstyp linkshypertrophie möglich xxxx unbestätigter bericht ,2,
 sinusrhythmus p - sinistrocardiale lagetyp normal qrs ( t ) abnorm inferiorer myokardschaden nicht auszuschliessen xxxx unbestätigter bericht ,1,
 trace only requested edit norm xxxx alter fehlt ( xxxx ) ,1,
 sinusrhythmus verdacht auf p - sinistrocardiale linkstyp unvollständiger linksschenkelblock qrs ( t ) abnormal inferiorer infarkt alter unbest ,1,
 sinustachykardie schwierig bestimmbare qrs - achse qrs ( t ) abnormal anteroseptaler myokardschaden möglich inferiorer infarkt alter unbest t abnormal in anterioren ableitungen ,1,
 sinusrhythmus p - cardiale lagetyp normal qrs ( t ) abnorm inferiorer myokardschaden möglich t abnorm in hochlateralen ableitungen xxxx unbestätigter bericht ,1,
 sinusrhythmus ueberdrehter linkstyp qrs ( t ) abnorm anteroseptaler myokardschaden möglich qt - verlängerung xxxx unbestätigter bericht ,1,
 ventrikuläre extrasystole ( n ) sinusrhythmus lagetyp normal unspezifisches abnormales t ,1,
 sinus arrhythmie linkstyp qrs ( t ) abnormal hochlateraler infarkt möglich edit lmi xxxx ( lmi xxxx iscan ) ,1,
 sinusrhythmus av block i linkstyp linksschenkelblock linkshypertrophie möglich xxxx unbestätigter bericht ,1,
 sinusrhythmus verdacht auf p - sinistrocardiale ueberdrehter linkstyp periphere niederspannung unvollständiger linksschenkelblock qrs ( t ) abnorm anteroseptaler infarkt möglich inferiorer infarkt wahrscheinlich alt t abnorm in anterioren ableitungen ,1,
 sinusrhythmus lagetyp normal intraventr leitungsstoerung avf ,1,
 sinusrhythmus verdacht auf p - sinistrocardiale lagetyp normal t abnorm in hochlateralen ableitungen qt - verlängerung xxxx unbestätigter bericht ,1,
 sinusrhythmus ueberdrehter linkstyp linksanteriorer fascicular block rechtsschenkelblock bifaszikulärer block qrs ( t ) abnorm inferiorer infarkt möglich xxxx unbestätigter bericht ,1,
 sinusrhythmus lagetyp normal r - s übergang in v ableitungen nach rechts verschoben t abnorm in hochlateralen ableitungen xxxx unbestätigter bericht ,1,
 supraventrikuläre extrasystole ( n ) sinusrhythmus lagetyp normal st and t abnorm wahrscheinlich inferiore ischämie oder linksbelastung t abnorm in anterolateralen ableitungen xxxx unbestätigter bericht ,1,
 vorhofflimmern - flattern ueberdrehter rechtstyp linksposteriorer fascicular block rechtshypertrophie qrs ( t ) abnormal hochlateraler infarkt möglich ,1,
 sinusrhythmus av block i lagetyp normal rechtsschenkelblock ,1,
 sinusrhythmus ueberdrehter linkstyp linksanteriorer fascicular block st and t abnormal wahrscheinlich laterale ischämie oder linksbelastung ,1,
 ventrikuläre extrasystole ( n ) supraventrikuläre ersatzsystole ( n ) sinusrhythmus p - sinistrocardiale lagetyp normal unvollständiger rechtsschenkelblock xxxx unbestätigter bericht ,1,
 sinusrhythmus ueberdrehter rechtstyp periphere niederspannung unspezifische intraventrikuläre leitungsstörung qrs ( t ) abnorm hochlateraler infarkt xxxx unbestätigter bericht ,1,
 sinusrhythmus p - sinistrocardiale rechtstyp rechtsschenkelblock qrs ( t ) abnorm inferiorer myokardschaden möglich xxxx unbestätigter bericht ,1,
 sinusrhythmus lagetyp normal qrs ( t ) abnorm anteroseptaler myokardschaden xxxx unbestätigter bericht ,1,
 sinusrhythmus verdacht auf p - sinistrocardiale lagetyp normal rechtsschenkelblock qrs ( t ) abnormal inferiorer infarkt wahrscheinlich alt ,1,
 sinusrhythmus verdacht auf p - sinistrocardiale lagetyp normal qrs ( t ) abnorm anteroseptaler infarkt möglich inferiorer infarkt wahrscheinlich alt xxxx unbestätigter bericht ,1,
 supraventrikuläre arrhythmie lagetyp normal qrs ( t ) abnorm lateraler myokardschaden möglich xxxx unbestätigter bericht ,1,
 vorhofflimmern - flattern linkstyp periphere niederspannung linksschenkelblock linkshypertrophie möglich xxxx unbestätigter bericht ,1,
 sinus arrhythmie lagetyp normal qrs ( t ) abnorm septaler infarkt nicht auszuschliessen xxxx unbestätigter bericht ,1,
 sinusrhythmus lagetyp normal sves t flach lateral ,1,
 supraventrikuläre extrasystole ( n ) sinusrhythmus linkstyp qrs ( t ) abnorm inferiorer infarkt möglich xxxx unbestätigter bericht ,1,
 sinusrhythmus linkstyp mässige amplitudenkriterien für linkshypertrophie t abnorm in lateralen ableitungen qt - verlängerung xxxx unbestätigter bericht ,1,
 supraventrikuläre extrasystole ( n ) sinusrhythmus verdacht auf p - sinistrocardiale ueberdrehter linkstyp periphere niederspannung qrs ( t ) abnorm anteriorer infarkt alter unbest inferiorer infarkt wahrscheinlich alt t abnorm in lateralen ableitu ,1,
 sinusrhythmus lagetyp normal qrs ( t ) abnorm inferiorer myokardschaden möglich st and t abnorm wahrscheinlich anteriore ischämie oder linksbelastung xxxx unbestätigter bericht ,1,
 vorhofflimmern tachykard ueberdrehter linkstyp qrs ( t ) abnormal t abnormal in hochlateralen ableitungen schenkelblock partiell links verz r - progression pathologisch ,1,
 sinusrhythmus lagetyp normal linkshypertrophie qrs ( t ) abnormal supraventr extrasystolen av - block xxxx grades schenkelbloch links - post fascicular block pathologisch ,1,
 sinusrhythmus verdacht auf p - sinistrocardiale lagetyp normal st and t abnorm wahrscheinlich anteriore ischämie oder linksbelastung t abnorm in lateralen ableitungen inferolateralen ableitungen xxxx unbestätigter bericht ,1,
 sinusrhythmus verdacht auf p - sinistrocardiale ueberdrehter linkstyp linksanteriorer fascicular block rechtsschenkelblock bifaszikulärer block qrs ( t ) abnorm inferiorer infarkt alter unbest xxxx unbestätigter bericht ,1,
 ventrikuläre extrasystole ( n ) sinusrhythmus lagetyp normal st and t abnorm wahrscheinlich anterolaterale ischämie oder linksbelastung inferolaterale ischämie oder linksbelastung xxxx unbestätigter bericht ,3,
 beschleunigter av - rhythmus ueberdrehter linkstyp linksanteriorer fascicular block qrs ( t ) abnorm anteroseptaler infarkt wahrscheinlich alt st and t abnorm wahrscheinlich hochlaterale ischämie oder linksbelastung xxxx unbestätigte ,1,
 sinusrhythmus av block i verdacht auf p - sinistrocardiale schwierig bestimmbare qrs - achse rechtsschenkelblock qrs ( t ) abnorm anteroseptaler infarkt wahrscheinlich alt inferiorer infarkt alter unbest xxxx unbestätigte ,1,
 sinus arrhythmie lagetyp normal qrs ( t ) abnorm inferiorer myokardschaden möglich st and t abnorm wahrscheinlich anterolaterale ischämie oder linksbelastung t abnorm in anterioren ableitungen xxxx unbestätigter bericht ,1,
 sinusrhythmus linkstyp qrs ( t ) abnormal inferiorer infarkt chronisch moeglich pathologisch ,1,
 sinusbradykardie p - verbreiterung lagetyp normal ,1,
 ventrikuläre extrasystole ( n ) vorhofflimmern - flattern linkstyp unspezifische intraventrikuläre leitungsstörung qrs ( t ) abnorm anterolateraler myokardschaden möglich st and t abnorm wahrscheinlich inferolaterale ischämie oder linksbelastung xxxx ,1,
 supraventrikuläre extrasystole ( n ) interponierte supraventrikuläre extrasystole ( n ) sinustachykardie linkstyp sonst normales ecg ,1,
 ventrikuläre extrasystole ( n ) supraventrikuläre arrhythmie av block i ueberdrehter linkstyp linksanteriorer fascicular block xxxx unbestätigter bericht ,1,
 ventrikuläre extrasystole ( n ) sinusrhythmus p - sinistrocardiale lagetyp normal unvollständiger linksschenkelblock qrs ( t ) abnorm anteroseptaler myokardschaden nicht auszuschliessen st and t abnorm wahrscheinlich anterolaterale ischämie oder linksbelastu ,1,
 vorhofflimmern - flattern ueberdrehter linkstyp periphere niederspannung qrs ( t ) abnorm anteroseptaler myokardschaden möglich inferiorer infarkt alter unbest t abnorm in anterolateralen ableitungen xxxx unbestätigter beri ,1,
 vorhofflimmern - flattern rechtstyp rechtshypertrophie möglich qt - verlängerung xxxx unbestätigter bericht ,1,
 sinusrhythmus p - sinistrocardiale lagetyp normal unvollständiger rechtsschenkelblock t abnorm in hochlateralen ableitungen xxxx unbestätigter bericht ,1,
 sinusrhythmus av block i verdacht auf p - sinistrocardiale ueberdrehter linkstyp st and t abnorm wahrscheinlich anterolaterale ischämie oder linksbelastung xxxx unbestätigter bericht ,1,
 vorhofflimmern tachykard bis normokard ueberdrehter linkstyp qrs ( t ) abnormal digitalisveraenderung st and t abnormal schenkelblock vollstaendig links pathologisch ,1,
 ventrikuläre extrasystole ( n ) sinusrhythmus lagetyp normal st and t abnorm wahrscheinlich anterolaterale ischämie oder linksbelastung xxxx unbestätigter bericht ,1,
 tachykardes vorhofflimmern ueberdrehter linkstyp periphere niederspannung qrs ( t ) abnormal anteroseptaler infarkt wahrscheinlich alt inferiorer infarkt wahrscheinlich alt st and t abnormal wahrscheinlich anterolaterale ischämie oder linksbe ,1,
 ventrikuläre extrasystole ( n ) sinusrhythmus verdacht auf p - sinistrocardiale lagetyp normal linksschenkelblock xxxx unbestätigter bericht ,1,
 teilweise vorhofflattern tachykardes vorhofflimmern lagetyp normal qrs ( t ) abnormal pathologisch ,1,
 ventrikuläre extrasystole ( n ) sinusrhythmus lagetyp normal qrs ( t ) abnormal hochlateraler infarkt möglich pathologisch ,1,
 sinus arrhythmie lagetyp normal unspezifische intraventrikuläre leitungsstörung qrs ( t ) abnorm inferiorer myokardschaden nicht auszuschliessen xxxx unbestätigter bericht ,1,
 sinustachykardie lagetyp normal unspezifische intraventrikuläre leitungsstörung st and t abnorm wahrscheinlich anterolaterale ischämie oder linksbelastung inferolaterale ischämie oder linksbelastung xxxx unbestätigter bericht ,1,
 sinusrhythmus p - cardiale rechtstyp qrs ( t ) abnorm inferiorer myokardschaden möglich st and t abnorm wahrscheinlich anterolaterale ischämie oder linksbelastung xxxx unbestätigter bericht ,1,
 g ventrikuläre extrasystole ( n ) tachykardes vorhofflimmern linkstyp linksschenkelblock linkshypertrophie möglich ,1,
 sinusrhythmus mlt t - veraenderungen in iii avf v1 wahrscheinlich normales ecg ,1,
 sinusrhythmus steillagetyp normales ecg ,1,
 sinusrhythmus ueberdrehter linkstyp t abnorm in hochlateralen ableitungen xxxx unbestätigter bericht ,1,
 ventrikuläre extrasystole ( n ) vorhofflimmern - flattern extrem ueberdrehter rechtstyp periphere niederspannung rechtsschenkelblock qrs ( t ) abnorm lateraler infarkt wahrscheinlich alt inferiorer infarkt wahrscheinlich alt xxxx ,1,
 ventrikuläre extrasystole ( n ) sinus arrhythmie lagetyp normal qrs ( t ) abnormal hochlateraler infarkt möglich ,1,
 sinusrhythmus ueberdrehter linkstyp unspezifische intraventrikuläre leitungsstörung st and t abnormal wahrscheinlich hochlaterale ischämie oder linksbelastung ,1,
 sinusrhythmus ueberdrehter linkstyp r - s übergang in v ableitungen nach rechts verschoben t abnorm in anterolateralen ableitungen inferolateralen ableitungen xxxx unbestätigter bericht ,1,
 supraventrikuläre extrasystole ( n ) vorhofs - es sinusrhythmus linkstyp t - veränderungen v1 pathologisches ecg ,1,
 sinusbradykardie av block i linkstyp qrs ( t ) abnorm inferiorer infarkt wahrscheinlich alt t abnorm in anterioren ableitungen xxxx unbestätigter bericht ,1,
 sinusrhythmus linkstyp rechtsschenkelblock xxxx unbestätigter bericht edit imi xxxx crbbb ( imi xxxx crbbb ) ,1,
 sinusrhythmus p - sinistrocardiale linkstyp linkshypertrophie qrs ( t ) abnorm inferiorer infarkt wahrscheinlich alt xxxx unbestätigter bericht ,2,
 supraventrikuläre extrasystole ( n ) sinusrhythmus lagetyp normal periphere niederspannung xxxx unbestätigter bericht ,2,
 sinusrhythmus lagetyp normal mässige amplitudenkriterien f#r linkshypertrophie t abnormal in inferioren ableitungen ,1,
 vorhofflimmern - flattern lagetyp normal periphere niederspannung qrs ( t ) abnorm anteroseptaler infarkt wahrscheinlich alt xxxx unbestätigter bericht ,1,
 sinusrhythmus verdacht auf p - sinistrocardiale lagetyp normal linkshypertrophie möglich qrs ( t ) abnorm anteroseptaler infarkt wahrscheinlich alt xxxx unbestätigter bericht ,1,
 sinusrhythmus p - cardiale rechtstyp rechtsschenkelblock qrs ( t ) abnorm inferiorer myokardschaden möglich xxxx unbestätigter bericht ,1,
 sinusrhythmus rechtstyp periphere niederspannung t abnorm in anterioren ableitungen qt - verlängerung xxxx unbestätigter bericht ,1,
 vorhofflimmern - flattern linkstyp qrs ( t ) abnorm anteroseptaler infarkt alter unbest inferiorer infarkt alter unbest st and t abnorm wahrscheinlich anterolaterale ischämie oder linksbelastung xxxx unbestätigter be ,1,
 sinusrhythmus ueberdrehter linkstyp st and t abnorm wahrscheinlich anteriore ischämie oder linksbelastung laterale ischämie oder linksbelastung t abnorm in inferolateralen ableitungen xxxx unbestätigter bericht ,1,
 sinusrhythmus p - verbreiterung lagetyp normal xxxx unbestätigter bericht edit norm xxxx ( norm xxxx ) ,1,
 vorhofflimmern - flattern lagetyp normal unspezifischer intraventrikulärer block qrs ( t ) abnorm inferiorer infarkt alter unbest xxxx unbestätigter bericht ,2,
 sinusrhythmus linkslagetyp intraventr leitungsstörung iii path repolarisation st - hebung v2 - xxxx t - veränderungen in iii neg flach in avf wahrscheinlich normales ecg ,1,
 sinusrhythmus extrem ueberdrehter rechtstyp periphere niederspannung qrs ( t ) abnorm anteriorer infarkt alter unbest inferolateraler infarkt alter unbest xxxx unbestätigter bericht ,2,
 sinusrhythmus verdacht auf p - sinistrocardiale linkstyp qrs ( t ) abnorm anteroseptaler infarkt wahrscheinlich alt t abnorm in anterolateralen ableitungen xxxx unbestätigter bericht ,1,
 sinustachykardie lagetyp normal t abnorm in anterioren ableitungen xxxx unbestätigter bericht ,1,
 sinusrhythmus lagetyp normal qrs ( t ) abnorm lateraler myokardschaden nicht auszuschliessen inferiorer infarkt wahrscheinlich alt xxxx unbestätigter bericht ,1,
 vorhofflimmern - flattern lagetyp normal rechtsschenkelblock ,1,
 sinusrhythmus lagetyp normal mässige amplitudenkriterien für linkshypertrophie t abnorm in hochlateralen ableitungen xxxx unbestätigter bericht ,2,
 sinusrhythmus linkstyp t abnorm in hochlateralen ableitungen xxxx unbestätigter bericht edit norm xxxx ( nst_ ivcb ) ,1,
 sinusbradykardie lagetyp normal unvollständiger rechtsschenkelblock qrs ( t ) abnormal hochlateraler infarkt möglich ,1,
 vorhofflimmern - flattern ueberdrehter linkstyp linksanteriorer fascicular block unspezifischer intraventrikulärer block rechtshypertrophie möglich qrs ( t ) abnorm anteriorer infarkt alter unbest xxxx unbestätigter bericht ,1,
 supraventrikuläre arrhythmie linkstyp r - s übergang in v ableitungen nach rechts verschoben unvollständiger rechtsschenkelblock sonst normales ecg xxxx unbestätigter bericht ,1,
 sinusbradykardie lagetyp normal st and t abnorm wahrscheinlich anteriore ischämie oder linksbelastung xxxx unbestätigter bericht ,1,
 sinusrhythmus av block i p - cardiale rechtstyp qrs ( t ) abnorm inferiorer myokardschaden möglich t abnorm in anterolateralen ableitungen xxxx unbestätigter bericht ,1,
 supraventrikuläre arrhythmie lagetyp normal qrs ( t ) abnorm septaler infarkt nicht auszuschliessen xxxx unbestätigter bericht ,1,
 supraventrikuläre arrhythmie verdacht auf p - sinistrocardiale linkstyp xxxx unbestätigter bericht ,1,
 sinusrhythmus p - verbreiterung ueberdrehter linkstyp periphere niederspannung linksschenkelblock xxxx unbestätigter bericht ,1,
 ventrikuläre extrasystole ( n ) sinusrhythmus ueberdrehter linkstyp links anteriorer fascicular block möglicher chronischer inferiorer infarkt pathologsches ecg ,1,
 sinusbradykardie schwierig bestimmbare qrs - achse rechtsschenkelblock qrs ( t ) abnormal hochlateraler infarkt möglich ,1,
 ruhe - ecg zur belastung normal belastung normal ,1,
 sinusrhythmus lagetyp normal periphere niederspannung unspezifisches abnormales t qt - verlängerung ,2,
 mlt vorhofflattern mit unregelmässigen überleitungen partieller rechts - schenkelblock linke vorhofsüberbelastung si qiii angedeutet le fraglich pathologisches ecg ,1,
 sinusrhythmus lagetyp normal rechtsschenkelblock qrs ( t ) abnormal hochlateraler infarkt möglich ,2,
 ventrikuläre extrasystole ( n ) supraventrikuläre extrasystole ( n ) sinusrhythmus llt t flach in iii avl avf t neg in v1 pathologisches ecg ,1,
 tachykardes vorhofflimmern lagetyp normal st - senkung t - veränderungen in v4 - xxxx pathologisches ecg ,1,
 sinusrhythmus lagetyp normal qrs ( t ) abnormal anteroseptaler infarkt alter unbest t abnormal in anterioren ableitungen ,1,
 sinustachykardie st rechte vorhofsüberbelastung wahrscheinliche links - ventrikel - hypertrophie st - senkung v5 xxxx neg t avl v1 xxxx insuffizienz spitze pathologisches ecg ,1,
 sinusrhythmus linkstyp möglicher chronischer inferiorer infarkt flaches t in iii grenzbefund ,1,
 sinusrhythmus lagetyp normal t abnorm in lateralen ableitungen inferolateralen ableitungen xxxx unbestätigter bericht ,1,
 sinusrhythmus schwierig bestimmbare qrs - achse periphere niederspannung qrs ( t ) abnorm anteriorer infarkt alter unbest inferiorer infarkt wahrscheinlich alt t abnorm in hochlateralen ableitungen xxxx unbestätigter ber ,1,
 ventrikuläre extrasystole ( n ) sinusrhythmus rechtstyp qrs ( t ) abnorm lateraler infarkt alter unbest inferiorer myokardschaden möglich xxxx unbestätigter bericht ,1,
 sinusrhythmus ueberdrehter linkstyp qrs ( t ) abnorm lateraler infarkt alter unbest t abnorm in inferolateralen ableitungen xxxx unbestätigter bericht ,1,
 sinusrhythmus llt flache t in iii avl v1 q in iii grenzbefund ,1,
 sinusbradykardie lagetyp normal qrs ( t ) abnormal anteroseptaler infarkt alter unbest inferiorer myokardschaden möglich t abnormal in anterioren ableitungen ,1,
 sinustachykardie linkstyp t flach in iii neg in i ,1,
 sinusrhythmus llt lahb ,1,
 sinusrhythmus linkstyp qrs ( t ) abnorm anterolateraler myokardschaden nicht auszuschliessen t abnorm in inferioren ableitungen xxxx unbestätigter bericht ,1,
 ventrikuläre extrasystole ( n ) sinusrhythmus av block i st - rlt pathlogisches ecg ,1,
 sinusbradykardie lagetyp normal qrs ( t ) abnormal anteroseptaler infarkt alter unbest t abnormal in anterioren ableitungen inferioren ableitungen ,1,
 sinusrhythmus lagetyp normal normales keg ,1,
 sinusrhythmus llt linkshypertrophie möglich normales ecg ,1,
 lagetyp normal av - dissoziation möglich biphasische t in v6 kalium xxxx grundthythmus unklar pathologisches ecg ,1,
 ventrikuläre extrasystole ( n ) interponierte supraventrikuläre extrasystole ( n ) sinusrhythmus lagetyp normal unspezifische intraventrikuläre leitungsstörung qrs ( t ) abnorm anteriorer infarkt alter unbest inferiorer infarkt alter unbest xxxx ,1,
 ventrikuläre extrasystole ( n ) bigeminus sinusrhythmus linkstyp qrs ( t ) abnorm anteroseptaler myokardschaden möglich xxxx unbestätigter bericht ,1,
 sinustachykardie lagetyp normal unvollständiger rechtsschenkelblock sonst normales ecg ,2,
 sinusbradykardie rechtstyp rechtsschenkelblock xxxx unbestätigter bericht ,1,
 supraventrikuläre extrasystole ( n ) sinusrhythmus linkstyp periphere niederspannung qrs ( t ) abnorm inferiorer infarkt wahrscheinlich alt t abnorm in anterioren ableitungen hochlateralen ableitungen xxxx unbestätigter berich ,1,
 sinusrhythmus lagetyp normal chronischer inferiorer infarkt möglich pathologisches ecg ,1,
 sinus - av - rhythmus wechsel llt pathologisches ecg ,1,
 tachykardes vorhofflimmern lagetyp normal qrs ( t ) abnormal hochlateraler infarkt möglich st and t abnormal wahrscheinlich laterale ischämie oder linksbelastung inferolaterale ischämie oder linksbelastung ,1,
 sinusrhythmus lagetyp normal st and t abnormal ,1,
 sinusrhythmus lagetyp normal periphere niederspannung qrs ( t ) abnormal anteroseptaler infarkt mögl akut av - block xxxx grades pathologisch ,1,
 vorhofflimmern - flattern lagetyp normal t abnorm in hochlateralen ableitungen xxxx unbestätigter bericht ,1,
 sinusrhythmus lagetyp normal mässige amplitudenkriterien f#r linkshypertrophie path repolarisation anteroseptaler infarkt chronisch moeglich av - block xxxx grades pathologisch ,1,
 sinusrhythmus lagetyp normal verzoegerte r - progression v1 - xxxx normal ,1,
 sinus arrhythmie lagetyp normal st and t abnorm möglicherweise neuer inferiorer myokard - oder perikardschaden xxxx unbestätigter bericht ,1,
 sinusrhythmus p - verbreiterung linkstyp unspezifische intraventrikuläre leitungsstörung st and t abnormal wahrscheinlich hochlaterale ischämie oder linksbelastung ,2,
 sinus arrhythmie ueberdrehter linkstyp linksanteriorer fascicular block t abnormal in hochlateralen ableitungen ,1,
 av - bradykardie lagetyp normal path repolarisation digitalisveraenderung pathologisch ,1,
 sinusrhythmus lagetyp normal qrs ( t ) abnormal anteroseptaler infarkt chronisch moeglich st and t abnormal verzoegerte r - progression v1 - xxxx pathologisch ,1,
 sinusrhythmus linkstyp qrs ( t ) abnormal anteroseptaler infarkt wahrscheinlich alt inferiorer infarkt wahrscheinlich alt ,1,
 sinustachykardie av block i ueberdrehter linkstyp linksanteriorer fascicular block qrs ( t ) abnormal anteroseptaler infarkt mögl akut st and t abnormal wahrscheinlich hochlaterale ischämie oder linksbelastung ,1,
 supraventrikuläre extrasystole ( n ) sinusrhythmus av block i linkstyp rechtsschenkelblock ,1,
 sinusrhythmus p - sinistrocardiale linkstyp t abnorm in hochlateralen ableitungen ,1,
 supraventrikuläre arrhythmie linkstyp linkshypertrophie qrs ( t ) abnorm anteroseptaler infarkt alter unbest xxxx unbestätigter bericht ,1,
 sinusrhythmus p - sinistrocardiale linkstyp qrs ( t ) abnorm lateraler myokardschaden nicht auszuschliessen xxxx unbestätigter bericht ,1,
 sinusrhythmus extrem ueberdrehter rechtstyp rechtsschenkelblock qrs ( t ) abnorm inferiorer infarkt wahrscheinlich alt xxxx unbestätigter bericht ,1,
 sinusrhythmus lagetyp normal qrs ( t ) abnorm anteriorer infarkt alter unbest st and t abnorm wahrscheinlich inferiore ischämie oder linksbelastung t abnorm in lateralen ableitungen xxxx unbestätigter bericht ,1,
 sinusrhythmus p - sinistrocardiale lagetyp normal r - s übergang in v ableitungen nach rechts verschoben xxxx unbestätigter bericht ,1,
 sinusrhythmus lagetyp normal qrs ( t ) abnorm septaler infarkt nicht auszuschliessen xxxx unbestätigter bericht ,1,
 sinusbradykardie lagetyp normal rechtsschenkelblock xxxx unbestätigter bericht ,1,
 ventrikuläre extrasystole ( n ) tachykardes vorhofflimmern linkstyp st and t abnorm wahrscheinlich anterolaterale ischämie oder linksbelastung inferolaterale ischämie oder linksbelastung xxxx unbestätigter bericht ,2,
 sinusrhythmus linkstyp unvollständiger rechtsschenkelblock unspezifisch abnormes st and t ( hebung ) sonst normales ecg xxxx unbestätigter bericht ,1,
 sinusrhythmus ueberdrehter linkstyp qrs ( t ) abnormal anteroseptaler infarkt wahrscheinlich alt t abnormal in hochlateralen ableitungen ,2,
 sinustachykardie ueberdrehter linkstyp linksanteriorer fascicular block rechtsschenkelblock bifaszikulärer block qrs ( t ) abnorm anteriorer infarkt alter unbest xxxx unbestätigter bericht ,1,
 sinusrhythmus p - verbreiterung linkstyp qrs ( t ) abnorm anteriorer infarkt alter unbest inferiorer infarkt wahrscheinlich alt xxxx unbestätigter bericht ,1,
 tachykardes vorhofflimmern ueberdrehter linkstyp rechtsschenkelblock qrs ( t ) abnormal links ant fascicular block pathologisch ,1,
 sinusrhythmus p - verbreiterung ueberdrehter linkstyp periphere niederspannung qrs ( t ) abnormal anteroseptaler infarkt wahrscheinlich alt inferiorer infarkt wahrscheinlich alt ,1,
 sinusrhythmus linkstyp qrs ( t ) abnorm anterolateraler infarkt möglich st and t abnorm wahrscheinlich anteriore ischämie oder linksbelastung inferolaterale ischämie oder linksbelastung xxxx unbestätigter bericht ,1,
 sinusbradykardie linkstyp linkshypertrophie möglich xxxx unbestätigter bericht ,1,
 supraventrikuläre arrhythmie p - verbreiterung lagetyp normal unvollständiger linksschenkelblock xxxx unbestätigter bericht ,1,
 sinusarrhythmie ( resiratorisch ) linkstyp ves diskrete st - hebung in v1 - xxxx t neg in iii flach in avf verzögerte r - progression v1 - xxxx ,1,
 sinusrhythmus lagetyp normal st - hebung in v1 - xxxx t hoch in v2 neg in iii ,1,
 ventrikuläre extrasystole ( n ) sinus arrhythmie lagetyp normal t abnorm in inferioren ableitungen qt - verlängerung xxxx unbestätigter bericht ,1,
 sinusrhythmus linkstyp t abnorm in anteroseptalen ableitungen xxxx unbestätigter bericht ,2,
 supraventrikuläre extrasystole ( n ) sinusrhythmus verdacht auf p - sinistrocardiale linkstyp unspezifisches abnormes t qt - verlängerung xxxx unbestätigter bericht ,1,
 sinusrhythmus verdacht auf p - sinistrocardiale lagetyp normal t abnorm in hochlateralen ableitungen ,1,
 sinusrhythmus ueberdrehter linkstyp st - senkung in i avl v4 - v6 t neg in v4 - v6 i avl path ecg ,1,
 sinustachykardie verdacht auf p - sinistrocardiale lagetyp normal rechtsschenkelblock qrs ( t ) abnorm inferiorer infarkt alter unbest xxxx unbestätigter bericht ,1,
 sinusrhythmus lagetyp normal mässige amplitudenkriterien für linkshypertrophie qrs ( t ) abnorm inferiorer infarkt wahrscheinlich alt xxxx unbestätigter bericht ,1,
 sinusrhythmus überdrehter linkstyp linksanteriorer fascicular block intraventr leitungsstörung in avl path ecg ,1,
 sinusrhythmus p - sinistrocardiale linkstyp linkshypertrophie qrs ( t ) abnorm anteriorer infarkt alter unbest inferiorer infarkt alter unbest xxxx unbestätigter bericht ,1,
 supraventrikuläre extrasystole ( n ) sinusrhythmus ueberdrehter linkstyp linksanteriorer fascicular block linkshypertrophie möglich xxxx unbestätigter bericht ,1,
 sinusrhythmus av block i linksanteriorer fascicular block ueberdrehter linkstyp subakuter anteriorer infarkt möglich st - hebung in v2 - v4 t neg in v5 r - progression stark verzögert path ecg ,1,
 sinusbradykardie p - sinistrocardiale linkstyp ,1,
 sinusrhythmus verdacht auf p - sinistrocardiale linkstyp qrs ( t ) abnorm inferiorer infarkt wahrscheinlich alt ,1,
 sinusrhythmus schwierig bestimmbare qrs - achse periphere niederspannung qrs ( t ) abnormal hochlateraler infarkt möglich inferiorer infarkt möglich ,1,
 sinusbradykardie linkstyp lagetyp in anbetracht des alters abnorm av block i rechtshypertrophie möglich xxxx unbestätigter bericht ,1,
 sinusrhythmus linkstyp rechtsschenkelblock qrs ( t ) abnormal anterolateraler infarkt alter unbest inferiorer infarkt mögl akut ,1,
 sinusrhythmus schwierig bestimmbare qrs - achse periphere niederspannung qrs ( t ) abnorm anteriorer infarkt mögl akut t abnorm in lateralen ableitungen xxxx unbestätigter bericht ,1,
 supraventrikuläre extrasystole ( n ) sinusrhythmus lagetyp normal periphere niederspannung t abnorm in anterioren ableitungen xxxx unbestätigter bericht ,1,
 ventrikuläre extrasystole ( n ) sinusrhythmus lagetyp normal r - s übergang in v ableitungen nach rechts verschoben st and t abnorm wahrscheinlich anteriore ischämie oder linksbelastung t abnorm in lateralen ableitungen inferolateralen ableitungen xxxx ,1,
 tachykardes vorhofflimmern lagetyp normal st abnorm möglicherweise anterolateraler innenschichtsschaden inferiorer innenschichtsschaden xxxx unbestätigter bericht ,2,
 supraventrikuläre extrasystole ( n ) supraventrikuläre arrhythmie ueberdrehter linkstyp linksanteriorer fascicular block rechtsschenkelblock bifaszikulärer block qrs ( t ) abnorm anteroseptaler myokardschaden möglich xxxx unbestätigter beri ,1,
 ventrikuläre extrasystole ( n ) sinusrhythmus lagetyp normal unspezifische intraventrikuläre leitungsstörung qrs ( t ) abnorm inferiorer infarkt alter unbest xxxx unbestätigter bericht ,1,
 sinusbradykardie entsprechend etablocker therapie lagetyp normal normales ecg ,1,
 sinusrhythmus linkstyp t flach in iii kleines q in i avl normales ecg ,1,
 tachykardes vorhofflimmern linkstyp qrs ( t ) abnormal anteroseptaler infarkt alter unbest st and t abnormal wahrscheinlich anteriore ischämie oder linksbelastung laterale ischämie oder linksbelastung inferolaterale ischämie oder linksbelastu ,1,
 sinusrhythmus p - sinistrocardiale linkstyp qrs ( t ) abnorm lateraler myokardschaden nicht auszuschliessen inferiorer infarkt alter unbest st and t abnorm wahrscheinlich anteriore ischämie oder linksbelastung xxxx unbestä ,1,
 sinusrhythmus p - verbreiterung lagetyp normal unspezifischer intraventrikulärer block qrs ( t ) abnorm lateraler infarkt alter unbest inferiorer infarkt wahrscheinlich alt xxxx unbestätigter bericht ,1,
 sinusrhythmus verdacht auf p - sinistrocardiale ueberdrehter linkstyp linksanteriorer fascicular block rechtsschenkelblock bifaszikulärer block qrs ( t ) abnorm inferiorer infarkt wahrscheinlich alt xxxx unbestätigter bericht ,1,
 sinusrhythmus ueberdrehter linkstyp r - s übergang in v ableitungen nach rechts verschoben unvollständiger rechtsschenkelblock mässige amplitudenkriterien für linkshypertrophie t abnorm in inferioren ableitungen ,1,
 sinusrhythmus ueberdrehter linkstyp linksanteriorer fascicular block qrs ( t ) abnorm inferiorer infarkt wahrscheinlich alt st and t abnorm wahrscheinlich hochlaterale ischämie oder linksbelastung xxxx unbestätigter bericht ,2,
 regelmässiger rhythmus keine p - welle erkannt ueberdrehter linkstyp linksanteriorer fascicular block rechtsschenkelblock bifaszikulärer block qrs ( t ) abnorm anteroseptaler infarkt wahrscheinlich alt inferiorer infarkt mögl akut xxxx ,1,
 sinustachykardie ueberdrehter linkstyp linksanteriorer fascicular block qrs ( t ) abnorm inferiorer infarkt wahrscheinlich alt st and t abnorm wahrscheinlich hochlaterale ischämie oder linksbelastung xxxx unbestätigter bericht ,2,
 ventrikuläre extrasystole ( n ) vorhofflimmern - flattern ueberdrehter linkstyp rechtsschenkelblock qrs ( t ) abnorm anteroseptaler myokardschaden möglich xxxx unbestätigter bericht ,1,
 sinusrhythmus p - verbreiterung ueberdrehter linkstyp unspezifisches abnormes t xxxx unbestätigter bericht ,1,
 supraventrikuläre extrasystole ( n ) sinusrhythmus av block i linkstyp qrs ( t ) abnorm inferiorer infarkt alter unbest xxxx unbestätigter bericht ,1,
 sinusrhythmus ueberdrehter linkstyp linksanteriorer fascicular block mässige amplitudenkriterien für linkshypertrophie qrs ( t ) abnorm anteroseptaler myokardschaden möglich xxxx unbestätigter bericht ,1,
 supraventrikuläre extrasystole ( n ) sinustachykardie ueberdrehter linkstyp rechtsschenkelblock xxxx unbestätigter bericht ,1,
 vorhofflimmern - flattern lagetyp normal periphere niederspannung unspezifisches abnormes t qt - verlängerung xxxx unbestätigter bericht ,1,
 supraventrikuläre arrhythmie verdacht auf p - sinistrocardiale lagetyp normal rechtsschenkelblock xxxx unbestätigter bericht ,1,
 sinus arrhythmie linkstyp st and t abnorm möglicherweise neuer inferiorer myokard - oder perikardschaden qt - verlängerung xxxx unbestätigter bericht ,1,
 sinusrhythmus av block i p - sinistrocardiale lagetyp normal linksschenkelblock linkshypertrophie möglich xxxx unbestätigter bericht ,2,
 sinusbradykardie av block i p - verbreiterung linkstyp qrs ( t ) abnorm inferiorer infarkt wahrscheinlich alt xxxx unbestätigter bericht ,1,
 sinusrhythmus av block i verdacht auf p - sinistrocardiale linkstyp st and t abnorm wahrscheinlich laterale ischämie oder linksbelastung xxxx unbestätigter bericht ,1,
 ventrikuläre extrasystole ( n ) sinus arrhythmie ueberdrehter linkstyp qrs ( t ) abnorm anteriorer infarkt alter unbest inferiorer infarkt wahrscheinlich alt t abnorm in lateralen ableitungen xxxx unbestätigter bericht ,1,
 sinusrhythmus lagetyp normal unspezifischer intraventrikulärer block qrs ( t ) abnorm anteriorer infarkt möglich xxxx unbestätigter bericht ,1,
 sinusrhythmus linkstyp qrs ( t ) abnorm anterolateraler infarkt alter unbest inferiorer infarkt alter unbest xxxx unbestätigter bericht ,3,
 sinusrhythmus linkstyp mässige amplitudenkriterien für linkshypertrophie qrs ( t ) abnorm inferiorer infarkt wahrscheinlich alt xxxx unbestätigter bericht ,1,
 sinus arrhythmie lagetyp normal qrs ( t ) abnorm anteroseptaler myokardschaden nicht auszuschliessen xxxx unbestätigter bericht ,1,
 sinusrhythmus verdacht auf p - sinistrocardiale lagetyp normal t abnorm in lateralen ableitungen xxxx unbestätigter bericht ,1,
 sinustachykardie p - sinistrocardiale lagetyp normal xxxx unbestätigter bericht edit lao ( pmi xxxx iscan lao ) ,1,
 sinusrhythmus lagetyp normal qrs ( t ) abnorm anteroseptaler infarkt wahrscheinlich alt st and t abnorm wahrscheinlich laterale ischämie oder linksbelastung xxxx unbestätigter bericht ,1,
 sinustachykardie p - sinistrocardiale linkstyp linksschenkelblock xxxx unbestätigter bericht ,1,
 sinusrhythmus lagetyp normal unvollständiger rechtsschenkelblock st and t abnorm wahrscheinlich anteriore ischämie oder linksbelastung xxxx unbestätigter bericht ,1,
 sinusrhythmus linkstyp qrs ( t ) abnorm septaler infarkt nicht auszuschliessen inferiorer infarkt möglich xxxx unbestätigter bericht ,1,
 tachykardes vorhofflimmern linkstyp st and t abnorm wahrscheinlich laterale ischämie oder linksbelastung xxxx unbestätigter bericht ,1,
 sinustachykardie lagetyp normal st and t abnorm wahrscheinlich inferiore ischämie oder linksbelastung xxxx unbestätigter bericht ,1,
 sinusrhythmus linkstyp r - s übergang in v ableitungen nach links verschoben sonst normales ecg ,1,
 vorhofflimmern - flattern linkstyp unspezifisches abnormes t xxxx unbestätigter bericht ,3,
 sinusrhythmus verdacht auf p - sinistrocardiale linkstyp qrs ( t ) abnorm inferiorer infarkt möglich ,1,
 sinusrhythmus p - sinistrocardiale linkstyp unspezifischer intraventrikulärer block xxxx unbestätigter bericht ,4,
 sinusrhythmus av block i verdacht auf p - sinistrocardiale linkstyp qrs ( t ) abnorm anterolateraler myokardschaden möglich xxxx unbestätigter bericht ,1,
 sinusrhythmus lagetyp normal t neg in iii wahrscheinlich normales ecg ,1,
 sinus arrhythmie linkstyp periphere niederspannung edit norm xxxx 8m xxxx ) ( rsiii knotung ) ( norm xxxx ivcb ) ,1,
 sinusrhythmus lagetyp normal periphere niederspannung qrs ( t ) abnormal anteroseptaler infarkt alter unbest hochlateraler infarkt möglich st and t abnormal wahrscheinlich inferiore ischämie oder linksbelastung ,1,
 sinusrhythmus linkstyp qrs ( t ) abnorm anteriorer infarkt alter unbest inferiorer infarkt alter unbest xxxx unbestätigter bericht ,1,
 sinusrhythmus lagetyp normal periphere niederspannung t biphasisch in v1 - xxxx biphasisch bis flach in extre - mitätenableitungen qt verlängert ( xxxx ) ,1,
 sinusrhythmus lagetyp normal t neg in iii normales ecg ,1,
 ventrikuläre extrasystole ( n ) multiform zt bigeminie sinusbradykardie mlt chron anteriorer infarkt möglich ,1,
 sinusrhythmus lagetyp normal av - block xxxx grades ( grenzwertig ) ,1,
 sinusrhythmus linkstyp t abnormal in inferioren ableitungen ves uniform ,1,
 sinusrhythmus intraventr leitungsstörung in ii ueberdrehter linkstyp linksanteriorer fascicular block schlechte r - progression in v2 - v5 path ecg ,1,
 normo - bis tachykardes vonrhofflimmern llt linksschenkelblock schlechte r - progression über vorderwand digitalisveränderung ,1,
 sinusbradykardie lagetyp normal hohes t in v2 - xxxx ,1,
 sinusrhythmus linkstyp intraaventrikuläre leitungsstörung in ii v2 - v4 t biphasich in v2 v4 t negativ in v5 t flach in v6 ,1,
 supraventrikuläre extrasystole ( n ) sinusrhythmus p - sinistrocardiale lagetyp normal ,1,
 sinus arrhythmie lagetyp normal t hoch in v2 - xxxx ,1,
 supraventrikuläre extrasystole ( n ) sinusarrhythmie lagetyp normal path repolarisation pathologisch ,1,
 sinusrhythmus lagetyp normal t abnorm in inferioren ableitungen edit norm xxxx ( f xxxx ) ( ndt ) ,1,
 sinusrhythmus linkstyp qrs ( t ) abnorm inferiorer infarkt alter unbest ,1,
 sinustachykardie lagetyp normal q in iii hohes biphas p in i ii r l ecg wahrscheinlich normal ,1,
 sinusrhythmus mlt rechts diskrete st - senkung in v3 - xxxx normales ecg ,1,
 sinusrhythmus lagetyp normal unvollständiger rechtsschenkelblock mässige amplitudenkriterien für linkshypertrophie ,1,
 sinusrhythmus mlt t biphasisch in v1 wahrscheinlich normales ecg ,1,
 mlt sr uniforme ves st - hebung in v2 normales ecg ,1,
 sinusrhythmus llt verzögerte r - progression in v1 - xxxx neg t in v1 xxxx wahrsheinlich normales ecg ,1,
 tachykardes vorhofflimmern ueberdrehter linkstyp ves uniform kompl lsb ,1,
 sinusrhythmus lagetyp normal normales ecg hohes t in v2 - xxxx ,1,
 sinusrhythmus linkstyp st - hebung in v2 - xxxx st - senkung in v6 t flach in allen ableitungen biphasisch in v4 - xxxx p biphasisch in v1 - xxxx neg in iii ,1,
 sinusrhythmus linkstyp periphere niederspannung q in avf ,1,
 sinusrhythmus p - sinistrocardiale lagetyp normal unspezifischer intraventrikulärer block qrs ( t ) abnorm anteriorer infarkt alter unbest xxxx unbestätigter bericht ,1,
 sinusrhythmus lagetyp normal mässige amplitudenkriterien für linkshypertrophie unspezifische abnorme st - senkung xxxx unbestätigter bericht ,1,
 sinusbradykardie steiltyp normales ecg ,1,
 mlt sr normales ecg ips - ecg vom xxxx vorhofflattern xxxx bis xxxx pathologisches ecg ,1,
 sinusrhythmus lagetyp normal schlechte r - progression v1 - xxxx ,1,
 mlt sinusbradykardie flaches t in ii f v1 neg t in iii grenzbefund ,1,
 sinustachykardie lagetyp normal intraventr leitungsstoerung avl inferiorer infarkt ecg pathologisch ,1,
 supraventrikuläre tachykardie lagetyp normal intraventr leitungsstoerung i - iii l f q in l ecg pathologisch alter unbest ,1,
 sinusrhythmus ueberdrehter linkstyp links - anteriorer fascicular block pathologisches ecg ,1,
 sinusbradykardie lagetyp normal st and t abnorm wahrscheinlich inferiore ischämie oder linksbelastung xxxx unbestätigter bericht ,3,
 sinusrhythmus llt flaches t inferior biphasisch spitze grenzbefund ,1,
 normokardes - tachykardes vorhofflimmern ueberdrehter linkstyp vollständiger links - schenkelblock schlechte r - progression q in avr kein rs in v6 pathologisches ecg ,1,
 sinusrhythmus linkstyp qrs ( t ) abnormal inferiorer infarkt wahrscheinlich alt t biphasisch in ii i v1 v4 - xxxx ,1,
 sr lagetyp normal t in v4 - xxxx biphasisch wahrscheinlich normales ecg ,1,
 sinusrhythmus verdacht auf p - sinistrocardiale lagetyp normal unvollständiger rechtsschenkelblock linkshypertrophie qrs ( t ) abnormal inferiorer myokardschaden möglich ,1,
 supraventrikuläre arrhythmie ueberdrehter linkstyp t abnorm in anterolateralen ableitungen inferioren ableitungen xxxx unbestätigter bericht ,1,
 sinusrhythmus mlt rechts rechtsableitungen subakuter inferiorer infarkt sicher st - hebung in ii iii avf v4 - v6 st - senkung in i avl terminale neg t - veraenderungen in iii avf v4 - v6 pathologisches ecg ,1,
 sinusrhythmus lagetyp normal qrs ( t ) abnormal anteriorer myokardschaden inferolateraler myokardschaden rechtsableitung ,1,
 sinusrhythmus lagetyp normal unspezifische intraventrikuläre leitungsstörung unspezifisches abnormales t ,1,
 supraventrikuläre extrasystole ( n ) ( av - es ) sinustachykardie st flaches t lateral wahrscheinlcih normales ecg ,1,
 sinusrhythmus av block i p - verbreiterung linkstyp st and t abnormal wahrscheinlich hochlaterale ischämie oder linksbelastung ,1,
 sinusrhythmus extrem ueberdrehter rechtstyp linksanteriorer fascicular block qrs ( t ) abnormal hochlateraler infarkt möglich t abnormal in anteroseptalen ableitungen ,1,
 av - knotenrhythmus linkstyp unvollständiger rechtsschenkelblock st and t abnormal wahrscheinlich anterolaterale ischämie oder linksbelastung ,1,
 sinusrhythmus llt t - veraenderungen neg in v2 abgeflacht in v3 grenzbefund ,1,
 sinus arrhythmie ueberdrehter linkstyp linksanteriorer fascicular block ,1,
 sinusrhythmus llt u - welle in v3 - xxxx wahrscheinlich normales ecg ,1,
 sinusrhythmus mlt - llt normales ecg ,1,
 ruhe - ecg zu holter mlt sinusarrhythmie normales ecg ,1,
 av sinusrhythmus llt rechts st - senkung in i v2 - v6 avl t - veraenderungen neg in v5 v6 pathologisches ecg ,1,
 sinusrhythmus extrem ueberdrehter rechtstyp periphere niederspannung linksanteriorer fascicular block rechtsschenkelblock bifaszikulärer block qrs ( t ) abnormal inferiorer infarkt wahrscheinlich alt ,1,
 vorhofflimmern normokard mlt horizontale st - senkung in v4 v5 muldenfoermige t - veraenderungen in ii avf v6 pathologisches ecg ,1,
 vorhofflimmern - flattern ueberdrehter linkstyp unspezifischer intraventrikulärer block ,1,
 sinusrhythmus mittellagetyp intraventr leitungsstörung l v3 wahrscheinlich normales ecg ,1,
 sinusbradykardie linkstyp t neg in iii ,1,
 sinusrhythmus llt rechts inferiorer posteriorer infarkt st - hebung iii avf st - senkung i avl v2 v3 pathologisches ecg ,1,
 sinusbradykardie linkslagetyp grenzbefund ,1,
 ventrikuläre extrasystole ( n ) sinusrhythmus lagetyp normal patholgisches ecg ,1,
 sinusrhythmus lagetyp normal vorhofsüberlastung li ( zweigipfliges p in v1 - xxxx ) st - hebung in v1 - xxxx t überhöht in v2 - xxxx ,1,
 sinusrhythmus lagetyp normal qrs ( t ) abnormal anteroseptaler infarkt alter unbest hochlateraler infarkt möglich edit asmi xxxx lmi xxxx qsv1 - xxxx qavl ( asmi xxxx lmi xxxx ) ,1,
 sinusrhythmus lagetyp normal wahrscheinlich normaels ecg ,1,
 sinusrhythmus lagetyp normal st - hebung in v2 - xxxx t neg in iii überhöht in v2 - xxxx u - welle in v2 - xxxx ,1,
 sinusrhythmus llt chronischer inferiorer infarkt möglich t negativ terminal v1 - v4 iii avf biphasisch v5 v6 ,1,
 vorhofflimmern - flattern lagetyp normal qrs ( t ) abnormal anteroseptaler myokardschaden nicht auszuschliessen t abnormal in anterioren ableitungen lateralen ableitungen inferolateralen ableitungen qt - verlängerung ,1,
 sinusrhythmus supraventrikuläre extrasystolen vorhof - es > xxxx - min uniforme ventrikuläre extrasystolen links anteriorer fascicular block anteroseptaler infarkt möglich st - hebung über v2 v3 st - senkung über v5 v6 t veränderung in v5 v6 ,1,
 sinusarrhythmie mlt st - hebung über v2 v3 fehlende r - progression in v1 - v3 grenzbefund ,1,
 sinusrhythmus lagetyp normal r - s #bergang in v ableitungen nach rechts verschoben st and t abnormal wahrscheinlich anterolaterale ischämie oder linksbelastung ,1,
 sinusrhythmus verdacht auf p - sinistrocardiale lagetyp normal periphere niederspannung qrs ( t ) abnormal hochlateraler infarkt möglich edit lmi xxxx rsrsavl ( norm xxxx ) ,1,
 vorhofflimmern - flattern ueberdrehter linkstyp rechtsschenkelblock qrs ( t ) abnormal anterolateraler infarkt möglich inferiorer infarkt alter unbest ,1,
 sinusrhythmus mlt q in v1 schlechte r - progression in v1 - v4 p bipolisch in v1 < xxxx grenzbefund ,1,
 ventrikuläre extrasystole ( n ) sinusrhythmus av block i lagetyp normal linkshypertrophie möglich ,1,
 sinusrhythmus av block i llt st - hebung über i ii v2 - v4 ,1,
 sinusrhythmus ueberdrehter linkstyp qrs ( t ) abnormal hochlateraler infarkt möglich ,1,
 sinusbradykardie lagetyp normal t abnorm in anterioren ableitungen lateralen ableitungen xxxx unbestätigter bericht ,1,
 sinus arrhythmie lagetyp normal qrs ( t ) abnormal anteroseptaler myokardschaden nicht auszuschliessen ,1,
 sinusrhythmus av block i linkstyp qrs ( t ) abnormal anteriorer infarkt alter unbest inferiorer infarkt alter unbest st and t abnormal wahrscheinlich laterale ischämie oder linksbelastung ,1,
 vorhofflimmern - flattern lagetyp normal st and t abnorm wahrscheinlich anteriore ischämie oder linksbelastung inferiore ischämie oder linksbelastung xxxx unbestätigter bericht ,1,
 sinusrhythmus av block i linkstyp linkshypertrophie qrs ( t ) abnormal inferiorer infarkt alter unbest ,1,
 sinusrhythmus linkstyp qrs ( t ) abnorm inferiorer infarkt wahrscheinlich alt t abnorm in anterioren ableitungen hochlateralen ableitungen xxxx unbestätigter bericht ,1,
 sinusrhythmus linkstyp qrs ( t ) abnormal anteroseptaler myokardschaden nicht auszuschliessen st and t abnormal wahrscheinlich hochlaterale ischämie oder linksbelastung ,1,
 tachykardes vorhofflimmern lagetyp normal qrs ( t ) abnormal inferiorer infarkt alter unbest st and t abnormal wahrscheinlich anterolaterale ischämie oder linksbelastung t abnormal in anterioren ableitungen ,1,
 sinusbradykardie lagetyp normal qrs ( t ) abnormal hochlateraler infarkt möglich edit lmi xxxx qavl ( lmi xxxx ) ,1,
 sinusrhythmus interponierte sves lagetyp normal unspezifische intraventrikuläre leitungsstörung chron inferiorer infarkt ( q in ii iii avf ) st - hebung in v1 - xxxx st - senkung in v4 - xxxx i ii iii avf t neg in iii avf v3 - xxxx ,1,
 sinusrhythmus av block i lagetyp normal mässige amplitudenkriterien f#r linkshypertrophie qrs ( t ) abnormal anteroseptaler myokardschaden nicht auszuschliessen st and t abnormal wahrscheinlich anterolaterale ischämie oder linksbelastung ,1,
 vorhofflimmern - flattern linkstyp qrs ( t ) abnorm anteroseptaler infarkt alter unbest inferiorer infarkt wahrscheinlich alt st and t abnorm wahrscheinlich anterolaterale ischämie oder linksbelastung t abnorm in anterioren ableitungen xxxx ,1,
 sinusrhythmus slt - rlt vorhofüberbelastung links q in ii iii avf v4 - v6 niedervoltage zweigipfliges p in allen ableitungen fehlende r - progression pathologisches ecg ,1,
 sinusrhythmus slt - rlt vorhofüberbelastung links niedervoltage xxxx - gipfliges p in i ii avr avf v3 - v6 normales ecg ,1,
 supraventrikuläre extrasystole ( n ) sinusrhythmus av block i lagetyp normal qrs ( t ) abnorm inferiorer infarkt wahrscheinlich alt xxxx unbestätigter bericht ,1,
 sinusrhythmus ueberdrehter linkstyp periphere niederspannung qrs ( t ) abnormal anteroseptaler myokardschaden möglich inferiorer infarkt wahrscheinlich alt ,1,
 vorhofflimmern - flattern lagetyp normal unspezifische abnorme st - senkung unspezifisches abnormes t qt - verlängerung xxxx unbestätigter bericht ,1,
 sinusrhythmus lagetyp normal unspezifisches abnormes t xxxx unbestätigter bericht edit norm xxxx ( norm xxxx ) ,1,
 tachykardes vorhofflimmern ueberdrehter linkstyp linksanteriorer fascicular block qrs ( t ) abnormal anteroseptaler infarkt alter unbest st and t abnormal wahrscheinlich anteriore ischämie oder linksbelastung laterale ischämie oder linksbelastung in ,1,
 sinusrhythmus lagetyp normal periphere niederspannung schlechte r - progression pathologisch ,1,
 vorhofflimmern - flattern lagetyp normal st and t abnorm wahrscheinlich anterolaterale ischämie oder linksbelastung t abnorm in inferolateralen ableitungen xxxx unbestätigter bericht ,2,
 sinusrhythmus lagetyp normal st and t abnorm wahrscheinlich laterale ischämie oder linksbelastung xxxx unbestätigter bericht ,1,
 ventrikuläre extrasystole ( n ) sinustachykardie verdacht auf p - sinistrocardiale lagetyp normal qrs ( t ) abnorm inferiorer infarkt wahrscheinlich alt xxxx unbestätigter bericht ,1,
 vorhofflimmern - flattern linkstyp qrs ( t ) abnorm inferiorer infarkt möglich st and t abnorm wahrscheinlich anteriore ischämie oder linksbelastung laterale ischämie oder linksbelastung xxxx unbestätigter bericht ,1,
 sinusrhythmus p - sinistrocardiale lagetyp normal qrs ( t ) abnorm anterolateraler infarkt möglich inferiorer infarkt wahrscheinlich alt xxxx unbestätigter bericht ,3,
 vorhofflimmern - flattern linkstyp qrs ( t ) abnorm anteriorer infarkt alter unbest inferiorer infarkt alter unbest st and t abnorm wahrscheinlich laterale ischämie oder linksbelastung xxxx unbestätigter bericht ,1,
 vorhofflimmern - flattern ueberdrehter linkstyp periphere niederspannung qrs ( t ) abnorm anteroseptaler infarkt wahrscheinlich alt xxxx unbestätigter bericht ,1,
 sinusrhythmus av block i lagetyp normal linksschenkelblock linkshypertrophie möglich ,1,
 sinusrhythmus ueberdrehter linkstyp periphere niederspannung unspezifische intraventrikuläre leitungsstörung qrs ( t ) abnorm lateraler infarkt alter unbest inferiorer infarkt wahrscheinlich alt xxxx unbestätigter beri ,1,
 tachykardes vorhofflimmern lagetyp normal qrs ( t ) abnorm anteroseptaler infarkt mögl akut st and t abnorm wahrscheinlich anterolaterale ischämie oder linksbelastung inferolaterale ischämie oder linksbelastung xxxx unbe ,1,
 sinusrhythmus ueberdrehter linkstyp linksanteriorer fascicular block st and t abnormal wahrscheinlich anteriore ischämie oder linksbelastung t abnormal in lateralen ableitungen ,1,
 ventrikuläre extrasystole ( n ) sinusrhythmus lagetyp normal qrs ( t ) abnormal inferiorer infarkt möglich ,1,
 sinusrhythmus av block i linkstyp qrs ( t ) abnorm anteroseptaler infarkt möglich inferiorer infarkt wahrscheinlich alt t abnorm in lateralen ableitungen xxxx unbestätigter bericht ,1,
 vorhofflimmern - flattern linkstyp qrs ( t ) abnorm anteroseptaler infarkt wahrscheinlich alt st and t abnorm wahrscheinlich anterolaterale ischämie oder linksbelastung t abnorm in inferolateralen ableitungen xxxx unbestätigt ,1,
 tachykardes vorhofflimmern ueberdrehter linkstyp linksanteriorer fascicular block kompl rsb t neg in v1 - xxxx ( fragl digitalis ) ,1,
 sinusrhythmus ueberdrehter linkstyp mässige amplitudenkriterien für linkshypertrophie qrs ( t ) abnorm anteroseptaler myokardschaden möglich xxxx unbestätigter bericht ,1,
 sinusrhythmus linkstyp qrs ( t ) abnorm inferiorer myokardschaden st and t abnorm wahrscheinlich hochlaterale ischämie oder linksbelastung ,1,
 sinusrhythmus av block i ueberdrehter linkstyp unspezifischer intraventrikulärer block xxxx unbestätigter bericht ,1,
 ventrikuläre extrasystole ( n ) bigeminus sinus arrhythmie p - verbreiterung linkstyp mässige amplitudenkriterien für linkshypertrophie xxxx unbestätigter bericht ,1,
 sinusrhythmus lagetyp normal t abnormal in inferioren ableitungen normal ,1,
 sinusrhythmus p - sinistrocardiale linkstyp periphere niederspannung qrs ( t ) abnorm anteroseptaler infarkt möglich t abnorm in anterioren ableitungen lateralen ableitungen inferolateralen ableitungen xxxx unbestätigter beric ,1,
 sinusrhythmus ueberdrehter linkstyp qrs ( t ) abnorm anteriorer infarkt alter unbest inferiorer infarkt wahrscheinlich alt xxxx unbestätigter bericht ,1,
 sinusrhythmus lagetyp normal linksschenkelblock path repolarisation schlechte r - progression pathologisch ,1,
 ventrikuläre extrasystole ( n ) sinusrhythmus lagetyp normal intraventr leitungsstoerung pathologisch ,1,
 sinusrhythmus linkstyp linkshypertrophie qrs ( t ) abnormal inferiorer infarkt wahrscheinlich alt ,1,
 sinusrhythmus p - sinistrocardiale schwierig bestimmbare qrs - achse unspezifischer intraventrikulärer block qrs ( t ) abnorm anterolateraler myokardschaden möglich xxxx unbestätigter bericht ,1,
 ventrikuläre extrasystole ( n ) sinustachykardie lagetyp normal linksschenkelblock ,1,
 sinusrhythmus lagetyp normal unvollständiger rechtsschenkelblock qrs ( t ) abnorm inferiorer infarkt möglich xxxx unbestätigter bericht ,1,
 sinusrhythmus linkstyp rechtsschenkelblock qrs ( t ) abnorm anteroseptaler myokardschaden möglich xxxx unbestätigter bericht ,1,
 sinusrhythmus lagetyp normal qrs ( t ) abnorm inferiorer infarkt alter unbest st and t abnorm wahrscheinlich hochlaterale ischämie oder linksbelastung t abnorm in anterioren ableitungen xxxx unbestätigter bericht ,1,
 sinusrhythmus p - verbreiterung lagetyp normal qrs ( t ) abnorm inferiorer myokardschaden möglich xxxx unbestätigter bericht ,1,
 tachykardes vorhofflimmern ueberdrehter linkstyp unspezifischer intraventrikulärer block qrs ( t ) abnormal hochlateraler infarkt möglich ,1,
 sinusrhythmus av block i verdacht auf p - sinistrocardiale linkstyp qrs ( t ) abnormal septaler infarkt nicht auszuschliessen st and t abnormal wahrscheinlich anterolaterale ischämie oder linksbelastung inferolaterale ischämie oder linksbelastung t ab ,1,
 sinusrhythmus lagetyp normal intraventr leitungsstoerung normal ,1,
 sinusrhythmus verdacht auf p - sinistrocardiale linkstyp qrs ( t ) abnorm anterolateraler infarkt alter unbest inferiorer infarkt alter unbest xxxx unbestätigter bericht edit ilmi xxxx ( ilmi xxxx ) ,1,
 ventrikuläre extrasystole ( n ) sinusrhythmus ueberdrehter linkstyp unspezifischer intraventrikulärer block qrs ( t ) abnorm inferiorer infarkt mögl akut xxxx unbestätigter bericht ,1,
 sinusrhythmus verdacht auf p - sinistrocardiale lagetyp normal unspezifische intraventrikuläre leitungsstörung qrs ( t ) abnorm inferiorer infarkt alter unbest xxxx unbestätigter bericht ,1,
 supraventrikuläre extrasystole ( n ) sinusrhythmus av block i linkstyp periphere niederspannung qrs ( t ) abnorm anteroseptaler infarkt wahrscheinlich alt inferiorer infarkt wahrscheinlich alt xxxx unbestätigter bericht ,1,
 sinusrhythmus ueberdrehter linkstyp linksanteriorer fascicular block unspezifischer intraventrikulärer block qrs ( t ) abnorm anteroseptaler myokardschaden möglich inferiorer infarkt mögl akut xxxx unbestätigter bericht ,1,
 sinusrhythmus linkstyp unvollständiger rechtsschenkelblock qrs ( t ) abnorm anteriorer infarkt wahrscheinlich alt inferiorer infarkt wahrscheinlich alt xxxx unbestätigter bericht ,1,
 sinustachykardie lagetyp normal st and t abnormal wahrscheinlich anterolaterale ischämie oder linksbelastung t abnormal in anterioren ableitungen ,1,
 av - rhythmus lagetyp normal st and t abnormal intraventr leitungsstoerung pathologisch ,1,
 sinusrhythmus linkstyp rechtsschenkelblock qrs ( t ) abnormal inferiorer infarkt möglich ,1,
 ventrikuläre extrasystole ( n ) sinusrhythmus lagetyp normal st and t abnormal wahrscheinlich anterolaterale ischämie oder linksbelastung inferolaterale ischämie oder linksbelastung ,1,
 sinustachykardie linkstyp qrs ( t ) abnormal anteroseptaler myokardschaden nicht auszuschliessen st and t abnormal wahrscheinlich hochlaterale ischämie oder linksbelastung ,1,
 sinusrhythmus lagetyp normal periphere niederspannung linksschenkelblock linkshypertrophie möglich ,1,
 sinustachykardie ueberdrehter linkstyp qrs ( t ) abnormal anteroseptaler infarkt wahrscheinlich alt inferiorer infarkt wahrscheinlich alt st and t abnormal wahrscheinlich hochlaterale ischämie oder linksbelastung ,2,
 sinusrhythmus lagetyp normal normales ecg xxxx unbestätigter bericht edit norm xxxx qiii ( norm xxxx ) ,1,
 tachykardes vorhofflimmern ueberdrehter linkstyp linksanteriorer fascicular block unspezifische abnorme st - senkung xxxx unbestätigter bericht ,1,
 sinusrhythmus av block i verdacht auf p - sinistrocardiale linkstyp linksschenkelblock xxxx unbestätigter bericht ,1,
 sinusrhythmus linkstyp r - s #bergang in v ableitungen nach links verschoben st and t abnormal wahrscheinlich hochlaterale ischämie oder linksbelastung ,1,
 sinusrhythmus p - verbreiterung linkstyp qrs ( t ) abnormal anteroseptaler myokardschaden möglich st and t abnormal wahrscheinlich anterolaterale ischämie oder linksbelastung ,1,
 ventrikuläre extrasystole ( n ) tachykardes vorhofflimmern lagetyp normal periphere niederspannung linksschenkelblock linkshypertrophie möglich xxxx unbestätigter bericht ,1,
 sinusrhythmus lagetyp normal t abnorm in inferioren ableitungen qt - verlängerung xxxx unbestätigter bericht ,2,
 sinusrhythmus av block i lagetyp normal periphere niederspannung linksschenkelblock ,1,
 tachykardes vorhofflimmern lagetyp normal st abnorm möglicherweise anteriorer innenschichtsschaden xxxx unbestätigter bericht ,1,
 sinusrhythmus lagetyp normal unspezifische intraventrikuläre leitungsstörung st and t abnorm wahrscheinlich anterolaterale ischämie oder linksbelastung inferolaterale ischämie oder linksbelastung xxxx unbestätigter bericht ,2,
 sinusrhythmus av block i lagetyp normal qrs ( t ) abnorm inferiorer infarkt alter unbest st and t abnorm wahrscheinlich anterolaterale ischämie oder linksbelastung xxxx unbestätigter bericht ,2,
 supraventrikuläre extrasystole ( n ) sinustachykardie ueberdrehter linkstyp periphere niederspannung linksanteriorer fascicular block qrs ( t ) abnormal anteroseptaler infarkt wahrscheinlich alt inferiorer infarkt wahrscheinlich alt ,1,
 sinustachykardie lagetyp normal t abnormal in anterioren ableitungen ,1,
 ueberdrehter linkslagetyp sinusbradykardie chronisch inferiorer infarkt sicher t überhöht in v2 v3 path ecg ,1,
 sinusrhythmus p - verbreiterung lagetyp normal unspezifischer intraventrikulärer block qrs ( t ) abnorm anteroseptaler infarkt wahrscheinlich alt xxxx unbestätigter bericht ,1,
 sinusrhythmus av block i p - sinistrocardiale ueberdrehter linkstyp linksschenkelblock xxxx unbestätigter bericht ,1,
 sinus arrhythmie lagetyp normal qrs ( t ) abnorm inferiorer infarkt alter unbest st and t abnorm wahrscheinlich hochlaterale ischämie oder linksbelastung xxxx unbestätigter bericht ,1,
 sinusrhythmus p - sinistrocardiale schwierig bestimmbare qrs - achse qrs ( t ) abnorm septaler infarkt nicht auszuschliessen hochlateraler infarkt möglich xxxx unbestätigter bericht ,1,
 sinusrhythmus ueberdrehter linkstyp qrs ( t ) abnorm inferiorer infarkt wahrscheinlich alt st and t abnorm wahrscheinlich anterolaterale ischämie oder linksbelastung xxxx unbestätigter bericht ,1,
 ventrikuläre extrasystole ( n ) sinusrhythmus p - sinistrocardiale schwierig bestimmbare qrs - achse qrs ( t ) abnorm septaler infarkt nicht auszuschliessen hochlateraler infarkt möglich xxxx unbestätigter bericht ,1,
 ventrikuläre extrasystole ( n ) supraventrikuläre ersatzsystole ( n ) sinusrhythmus p - sinistrocardiale linkstyp qrs ( t ) abnorm inferiorer infarkt wahrscheinlich alt xxxx unbestätigter bericht ,1,
 vorhofflimmern - flattern extrem ueberdrehter rechtstyp periphere niederspannung qrs ( t ) abnormal anteroseptaler infarkt alter unbest inferiorer infarkt wahrscheinlich alt ,1,
 sinusrhythmus verdacht auf p - sinistrocardiale ueberdrehter linkstyp unvollständiger rechtsschenkelblock linkshypertrophie qrs ( t ) abnormal inferiorer infarkt alter unbest ,1,
 sinusrhythmus lagetyp normal periphere niederspannung qrs ( t ) abnorm anteroseptaler infarkt wahrscheinlich alt inferiorer infarkt wahrscheinlich alt xxxx unbestätigter bericht ,1,
 sinusrhythmus p - sinistrocardiale ueberdrehter linkstyp unspezifischer intraventrikulärer block qrs ( t ) abnorm anteroseptaler infarkt mögl akut xxxx unbestätigter bericht ,2,
 sinustachykardie av block i grades llt anteroseptaler infarkt moeglich st - hebung in v1 - v3 st - senkung in v4 - v6 pathologisches ecg ,1,
 sinusrhythmus verdacht auf p - sinistrocardiale linkstyp qrs ( t ) abnormal anteroseptaler myokardschaden nicht auszuschliessen hochlateraler infarkt möglich ,1,
 ventrikuläre extrasystole ( n ) tachykardes vorhofflimmern linkstyp st and t abnorm wahrscheinlich anteroseptale ischämie oder linksbelastung xxxx unbestätigter bericht ,1,
 sinusrhythmus linkstyp ueberdreht pathologisches ecg ,1,
 regelmässiger rhythmus keine p - welle erkannt linkstyp qrs ( t ) abnormal anteriorer infarkt möglich inferiorer infarkt wahrscheinlich alt st and t abnormal wahrscheinlich laterale ischämie oder linksbelastung ,1,
 ventrikuläre extrasystole ( n ) sinusrhythmus lagetyp normal unspezifische abnormale st - senkung unspezifisches abnormales t ,1,
 tachykardes vorhofflimmern linkstyp t abnormal in hochlateralen ableitungen ,1,
 sinusrhythmus verdacht auf p - sinistrocardiale linkstyp t abnorm in anteroseptalen ableitungen xxxx unbestätigter bericht ,1,
 supraventrikuläre extrasystole ( n ) sinusrhythmus llt chron infarkt ( spitze ) moeglich pathologisches ecg ,1,
 sinusrhythmus verdacht auf p - sinistrocardiale lagetyp normal qrs ( t ) abnorm inferiorer infarkt wahrscheinlich alt t abnorm in hochlateralen ableitungen xxxx unbestätigter bericht ,1,
 sinusrhythmus av block i linkstyp qrs ( t ) abnorm anteroseptaler infarkt wahrscheinlich alt t abnorm in hochlateralen ableitungen xxxx unbestätigter bericht ,1,
 sinusrhythmus p - sinistrocardiale linkstyp linkshypertrophie qrs ( t ) abnorm anteroseptaler infarkt wahrscheinlich alt xxxx unbestätigter bericht ,1,
 supraventrikuläre extrasystole ( n ) sinusrhythmus lagetyp normal t abnorm in anterioren ableitungen lateralen ableitungen xxxx unbestätigter bericht ,1,
 sinusbradykardie av block i linkstyp qrs ( t ) abnormal anteroseptaler myokardschaden möglich inferiorer infarkt alter unbest st and t abnormal wahrscheinlich hochlaterale ischämie oder linksbelastung ,1,
 sinusrhythmus verdacht auf p - sinistrocardiale lagetyp normal periphere niederspannung unvollständiger rechtsschenkelblock qrs ( t ) abnorm anteroseptaler myokardschaden nicht auszuschliessen xxxx unbestätigter bericht ,1,
 sinusrhythmus lagetyp normal periphere niederspannung qrs ( t ) abnorm anteroseptaler myokardschaden nicht auszuschliessen t abnorm in anterioren ableitungen lateralen ableitungen xxxx unbestätigter bericht ,1,
 ves lown iiib teilweise bigeminus sinusrhythmus linkstyp st - hebung in v1 - xxxx ,1,
 supraventrikuläre extrasystole ( n ) sinusrhythmus linkstyp überdreht ,1,
 supraventrikuläre extrasystole ( n ) sinusrhythmus av block i ueberdrehter linkstyp linksanteriorer fascicular block qrs ( t ) abnormal anteroseptaler infarkt wahrscheinlich alt inferiorer infarkt wahrscheinlich alt ,1,
 sinusrhythmus av block i llt st - hebung asz avf st - senkung des v5 v6 i ii avl pathologisches ecg ,1,
 supraventrikuläre extrasystole ( n ) sinusrhythmus p - verbreiterung linkstyp unspezifisches abnormes t qt - verlängerung xxxx unbestätigter bericht ,1,
 sinusrhythmus av block i p - verbreiterung lagetyp normal unvollständiger linksschenkelblock unspezifische abnorme st - senkung unspezifisches abnormes t xxxx unbestätigter bericht ,1,
 sinusrhythmus av block i p - sinistrocardiale lagetyp normal rechtsschenkelblock qrs ( t ) abnorm anterolateraler infarkt möglich inferiorer infarkt alter unbest xxxx unbestätigter bericht ,1,
 sinusarrhythmie ueberdrehter linkstyp linksanteriorer fascicular block fehlende - schlechte r - progression v2 - xxxx ,1,
 sinusrhythmus p - verbreiterung lagetyp normal st and t abnormal wahrscheinlich anterolaterale ischämie oder linksbelastung ,1,
 sinusrhythmus verdacht auf p - sinistrocardiale linkstyp mässige amplitudenkriterien für linkshypertrophie qrs ( t ) abnorm anteroseptaler infarkt wahrscheinlich alt st and t abnorm wahrscheinlich laterale ischämie oder linksbelastung xxxx ,1,
 tachykardes vorhofflimmern ueberdrehter linkstyp linksschenkelblock xxxx unbestätigter bericht ,2,
 sinusrhythmus lagetyp normal qrs ( t ) abnorm inferiorer infarkt wahrscheinlich alt t abnorm in anterolateralen ableitungen xxxx unbestätigter bericht ,1,
 sinustachykardie ueberdrehter linkstyp rechtsschenkelblock qrs ( t ) abnorm inferiorer infarkt wahrscheinlich alt xxxx unbestätigter bericht ,1,
 sinusrhythmus lagetyp normal qrs ( t ) abnorm anterolateraler infarkt alter unbest inferiorer infarkt wahrscheinlich alt st and t abnorm wahrscheinlich anteroseptale ischämie oder linksbelastung xxxx unbestätigter be ,1,
 sinustachykardie verdacht auf p - sinistrocardiale lagetyp normal unspezifische abnorme st - senkung unspezifisches abnormes t xxxx unbestätigter bericht ,1,
 sinusbradykardie p - verbreiterung lagetyp normal mässige amplitudenkriterien für linkshypertrophie xxxx unbestätigter bericht ,1,
 vorhofflimmern - flattern ueberdrehter linkstyp t abnorm in anterolateralen ableitungen xxxx unbestätigter bericht ,1,
 sinusrhythmus av block i linkstyp qrs ( t ) abnormal anteriorer infarkt wahrscheinlich alt inferiorer infarkt wahrscheinlich alt ,1,
 ventrikuläre extrasystole ( n ) interponierte ventrikuläre extrasystole ( n ) supraventrikuläre arrhythmie lagetyp normal unspezifisches abnormes t qt - verlängerung xxxx unbestätigter bericht ,1,
 sinusrhythmus lagetyp normal av block i grades intraventr leitungsstoerung f r ii iii digitalisveraenderung mulde v5 v6 ii f st - senkung v1 - v4 descend neu st senkung v2 - v4 vw ischaemie ecg pathologisch ,1,
 sinusrhythmus lagetyp normal av - block i grades intraventr leitungsstoerung ii l f digitalisveraenderung r mulde ii iii f st - hebung st - senkung v3 - xxxx und inf descend v1 - v4 und inf digoxineinnahme ischaemie anterior kein infarktablauf ecg pa ,1,
 sinusrhythmus av block i verdacht auf p - sinistrocardiale ueberdrehter linkstyp mässige amplitudenkriterien für linkshypertrophie qrs ( t ) abnorm anteriorer infarkt wahrscheinlich alt t abnorm in hochlateralen ableitungen xxxx ,1,
 sinusrhythmus lagetyp normal periphere niederspannung qrs ( t ) abnormal anterolateraler myokardschaden möglich ,1,
 sinusrhythmus p - sinistrocardiale linkstyp qrs ( t ) abnorm anteroseptaler myokardschaden möglich xxxx unbestätigter bericht ,1,
 sinusrhythmus verdacht auf p - sinistrocardiale linkstyp qrs ( t ) abnorm anteroseptaler infarkt wahrscheinlich alt inferiorer infarkt wahrscheinlich alt st and t abnorm wahrscheinlich anterolaterale ischämie oder linksbelastung xxxx ,1,
 sinusrhythmus lagetyp normal unvollständiger linksschenkelblock qrs ( t ) abnorm inferiorer infarkt alter unbest xxxx unbestätigter bericht ,1,
 sinusrhythmus p - sinistrocardiale lagetyp normal qrs ( t ) abnorm anteroseptaler myokardschaden möglich xxxx unbestätigter bericht ,1,
 ventrikuläre extrasystole ( n ) sinus arrhythmie lagetyp normal qrs ( t ) abnormal anterolateraler myokardschaden nicht auszuschliessen ,1,
 sinustachykardie lagetyp normal st and t abnormal wahrscheinlich hochlaterale ischämie oder linksbelastung ,1,
 tachykardes vorhofflimmern ueberdrehter linkstyp linksanteriorer fascicular block st and t abnorm wahrscheinlich anteriore ischämie oder linksbelastung xxxx unbestätigter bericht ,1,
 sinusrhythmus av block i intraventr leitungsstoerung p avf lagetyp normal vorhofsueberbelastung links v2 - v5 st - senkung ii iii avf v2 - v6 horizontal v4 + v5 ecg pathologisch ,1,
 supraventrikuläre extrasystole ( n ) sinusrhythmus lagetyp normal wahrscheinlich normales ecg ,1,
 sinustachykardie lagetyp normal qrs ( t ) abnorm anteriorer infarkt möglich st and t abnorm wahrscheinlich inferolaterale ischämie oder linksbelastung xxxx unbestätigter bericht ,1,
 sinusrhythmus lagetyp normal unspezifische intraventrikuläre leitungsstörung st and t abnorm wahrscheinlich anterolaterale ischämie oder linksbelastung t abnorm in inferolateralen ableitungen xxxx unbestätigter bericht ,1,
 sinusrhythmus verdacht auf p - sinistrocardiale ueberdrehter linkstyp qrs ( t ) abnorm anteriorer infarkt wahrscheinlich alt xxxx unbestätigter bericht ,1,
 sinusrhythmus p - dextrocardiale ueberdrehter rechtstyp r - s übergang in v ableitungen nach rechts verschoben linksposteriorer fascicular block rechtshypertrophie möglich qrs ( t ) abnorm inferiorer infarkt alter unbest xxxx unbestätig ,2,
 ventrikuläre extrasystole ( n ) sinus arrhythmie p - sinistrocardiale lagetyp normal rechtsschenkelblock xxxx unbestätigter bericht ,1,
 beschleunigter av - rhythmus lagetyp normal periphere niederspannung t abnorm in inferioren ableitungen xxxx unbestätigter bericht edit norm xxxx ( iscin ) ,1,
 sinusrhythmus lagetyp normal qrs ( t ) abnorm inferiorer infarkt wahrscheinlich alt xxxx unbestätigter bericht edit norm xxxx ( m xxxx ) je nach schlagauswahl imi durch schmales qiii vorgetäuscht ( norm xxxx ) ,1,
 supraventrikuläre extrasystole ( n ) sinusrhythmus av block i lagetyp normal ,1,
 ventrikuläre extrasystole ( n ) sinusrhythmus lagetyp normal t abnormal in anterioren ableitungen lateralen ableitungen inferolateralen ableitungen ,1,
 sinus arrhythmie linkstyp qrs ( t ) abnorm anteroseptaler myokardschaden möglich st and t abnorm wahrscheinlich anterolaterale ischämie oder linksbelastung t abnorm in anterioren ableitungen xxxx unbestätigter bericht ,1,
 sinusbradykardie p - sinistrocardiale lagetyp normal ,1,
 sinusrhythmus linkstyp qrs ( t ) abnorm inferiorer myokardschaden möglich t abnorm in hochlateralen ableitungen xxxx unbestätigter bericht ,1,
 sinusrhythmus linkstyp intraventr leitungsstoerung iii avl v1 st - hebung v2 v3 ecg pathologisch ,1,
 sinusrhythmus lagetyp normal qrs ( t ) abnormal anteroseptaler myokardschaden hochlateraler myokardschaden möglich t abnormal in anterioren ableitungen ,1,
 sinusrhythmus lagetyp normal qrs ( t ) abnorm inferiorer infarkt alter unbest st and t abnorm wahrscheinlich anteriore ischämie oder linksbelastung laterale ischämie oder linksbelastung xxxx unbestätigter bericht ,1,
 ventrikuläre extrasystole ( n ) supraventrikuläre extrasystole ( n ) sinustachykardie av block i linkstyp qrs ( t ) abnormal inferiorer infarkt alter unbest st and t abnormal wahrscheinlich anterolaterale ischämie oder linksbelastung ,1,
 sinustachykardie ueberdrehter linkstyp linksanteriorer fascicular block linkshypertrophie möglich xxxx unbestätigter bericht ,1,
 sinusbradykardie linkstyp t abnorm in inferioren ableitungen xxxx unbestätigter bericht ,1,
 interponierte ventrikuläre extrasystole ( n ) sinus arrhythmie verdacht auf p - sinistrocardiale linkstyp linkshypertrophie qrs ( t ) abnormal inferiorer infarkt alter unbest ,1,
 sinusrhythmus ueberdrehter linkstyp qrs ( t ) abnorm anteroseptaler infarkt wahrscheinlich alt inferiorer infarkt wahrscheinlich alt st and t abnorm wahrscheinlich anterolaterale ischämie oder linksbelastung xxxx unbe ,1,
 sinusrhythmus lagetyp normal st and t abnorm wahrscheinlich anteriore ischämie oder linksbelastung t abnorm in inferolateralen ableitungen xxxx unbestätigter bericht ,1,
 sinusrhythmus ueberdrehter linkstyp qrs ( t ) abnorm anteriorer infarkt alter unbest inferiorer infarkt alter unbest xxxx unbestätigter bericht ,1,
 sinus arrhythmie linkstyp qrs ( t ) abnorm inferiorer infarkt möglich xxxx unbestätigter bericht ,1,
 sinusrhythmus lagetyp normal periphere niederspannung st - senkung angedeutet in v5 - xxxx t flach in v1 - xxxx i ii iii avf avl ,1,
 regelmässiger rhythmus keine p - welle erkannt rechtstyp unvollständiger rechtsschenkelblock ,1,
 sinusrhythmus p - verbreiterung lagetyp normal linkshypertrophie möglich xxxx unbestätigter bericht ,1,
 tachykardes vorhofflimmern linkstyp qrs ( t ) abnorm inferiorer infarkt wahrscheinlich alt st and t abnorm wahrscheinlich anteriore ischämie oder linksbelastung xxxx unbestätigter bericht ,1,
 sinusbradykardie lagetyp normal st - hebung v1 v2 ecg wahrscheinlich normal ,1,
 sinusrhythmus av block i rechtstyp unspezifischer intraventrikulärer block qrs ( t ) abnorm anteroseptaler infarkt wahrscheinlich alt xxxx unbestätigter bericht ,1,
 ventrikuläre extrasystole ( n ) sinusrhythmus lagetyp normal unspezifische abnormale st - senkung ,1,
 sinusrhythmus ueberdrehter linkstyp periphere niederspannung qrs ( t ) abnorm inferiorer infarkt alter unbest t abnorm in anterolateralen ableitungen xxxx unbestätigter bericht ,1,
 sinusrhythmus p - sinistrocardiale linkstyp unspezifische abnorme st - senkung xxxx unbestätigter bericht ,2,
 ventrikuläre extrasystole ( n ) sinus arrhythmie ueberdrehter linkstyp linksschenkelblock linkshypertrophie möglich xxxx unbestätigter bericht ,1,
 sinusrhythmus av block i verdacht auf p - sinistrocardiale lagetyp normal xxxx unbestätigter bericht ,2,
 interponierte ventrikuläre extrasystole ( n ) sinus arrhythmie verdacht auf p - sinistrocardiale lagetyp normal unspezifischer intraventrikulärer block qrs ( t ) abnorm inferiorer infarkt alter unbest xxxx unbestätigter bericht ,1,
 ventrikuläre extrasystole ( n ) sinusrhythmus lagetyp normal qrs ( t ) abnorm anteroseptaler myokardschaden nicht auszuschliessen t abnorm in inferioren ableitungen xxxx unbestätigter bericht ,1,
 sinusrhythmus av block i verdacht auf p - sinistrocardiale lagetyp normal linksschenkelblock linkshypertrophie möglich xxxx unbestätigter bericht ,1,
 ventrikuläre extrasystole ( n ) supraventrikuläre extrasystole ( n ) sinusrhythmus ueberdrehter linkstyp qrs ( t ) abnorm inferiorer infarkt alter unbest t abnorm in anterioren ableitungen hochlateralen ableitungen xxxx unbestät ,1,
 tachykardes vorhofflimmern lagetyp normal periphere niederspannung st and t abnorm wahrscheinlich anterolaterale ischämie oder linksbelastung inferiore ischämie oder linksbelastung xxxx unbestätigter bericht ,1,
 vorhofflimmern - flattern schwierig bestimmbare qrs - achse periphere niederspannung rechtsschenkelblock xxxx unbestätigter bericht ,1,
 vorhofflimmern - flattern lagetyp normal unvollständiger rechtsschenkelblock qrs ( t ) abnorm inferiorer infarkt wahrscheinlich alt t abnorm in anterioren ableitungen lateralen ableitungen xxxx unbestätigter bericht ,1,
 supraventrikuläre arrhythmie ueberdrehter linkstyp linksanteriorer fascicular block rechtsschenkelblock bifaszikulärer block qrs ( t ) abnorm lateraler myokardschaden möglich xxxx unbestätigter bericht ,1,
 sinusrhythmus schwierig bestimmbare qrs - achse unvollständiger rechtsschenkelblock qrs ( t ) abnorm anterolateraler infarkt möglich xxxx unbestätigter bericht ,1,
 vorhofflimmern - flattern lagetyp normal mässige amplitudenkriterien für linkshypertrophie qrs ( t ) abnorm anteroseptaler myokardschaden möglich t abnorm in lateralen ableitungen xxxx unbestätigter bericht ,1,
 ventrikuläre extrasystole ( n ) sinusrhythmus ueberdrehter linkstyp qrs ( t ) abnorm anteriorer infarkt alter unbest inferiorer infarkt wahrscheinlich alt t abnorm in hochlateralen ableitungen xxxx unbestätigter bericht ,1,
 sinusrhythmus av block i linkstyp qrs ( t ) abnorm inferiorer infarkt alter unbest t abnorm in anterolateralen ableitungen xxxx unbestätigter bericht ,1,
 sinusrhythmus linkstyp qrs ( t ) abnorm anteriorer infarkt wahrscheinlich alt t abnorm in hochlateralen ableitungen xxxx unbestätigter bericht ,1,
 vorhofflimmern - flattern ueberdrehter linkstyp ,1,
 supraventrikuläre extrasystole ( n ) sinusrhythmus av block i ueberdrehter linkstyp ntraventrikulärer block qrs ( t ) abnormal pathologisch ,1,
 sinusrhythmus linkstyp st and t abnorm wahrscheinlich anteriore ischämie oder linksbelastung laterale ischämie oder linksbelastung inferiore ischämie oder linksbelastung xxxx unbestätigter bericht ,1,
 supraventrikuläre arrhythmie p - sinistrocardiale lagetyp normal st and t abnorm wahrscheinlich anterolaterale ischämie oder linksbelastung xxxx unbestätigter bericht ,1,
 vorhofflimmern - flattern lagetyp normal periphere niederspannung qrs ( t ) abnormal anteroseptaler infarkt alter unbest t abnormal in hochlateralen ableitungen ,1,
 sinusrhythmus ueberdrehter linkstyp linksanteriorer fascicular block rechtsschenkelblock bifaszikulärer block qrs ( t ) abnorm inferiorer infarkt alter unbest xxxx unbestätigter bericht ,1,
 sinustachykardie av block i lagetyp normal unspezifischer intraventrikulärer block qrs ( t ) abnorm anteroseptaler myokardschaden nicht auszuschliessen xxxx unbestätigter bericht ,1,
 sinusrhythmus av block i ueberdrehter linkstyp kompletter lsb ,1,
 tachykardes vorhofflimmern lagetyp normal t abnormal in hochlateralen ableitungen ,1,
 beschleunigter av - rhythmus lagetyp normal st and t abnorm wahrscheinlich inferiore ischämie oder linksbelastung xxxx unbestätigter bericht ,1,
 sinusrhythmus ueberdrehter linkstyp intraventr leitungsstörung v1 avf st - hebung avr grenzbefund fehlende r - progression ,1,
 ventrikuläre extrasystole ( n ) sinusrhythmus p - verbreiterung ueberdrehter linkstyp periphere niederspannung qrs ( t ) abnorm anterolateraler infarkt möglich inferiorer infarkt alter unbest xxxx unbestätigter bericht ,1,
 sinusrhythmus mittellagetyp normales ecg t - veränderungen iii v1 ,1,
 sinusrhythmus av block i ueberdrehter linkstyp r - s #bergang in v ableitungen nach links verschoben periphere niederspannung unspezifisches abnormales t ,1,
 sinusbradykardie ueberdrehter linkstyp periphere niederspannung qrs ( t ) abnorm inferiorer infarkt alter unbest xxxx unbestätigter bericht ,1,
 sinusbradykardie p - sinistrocardiale lagetyp normal unvollständiger rechtsschenkelblock ,1,
 supraventrikuläre extrasystole ( n ) sinusrhythmus lagetyp normal qrs ( t ) abnormal hochlateraler infarkt möglich ,1,
 sinusrhythmus p - verbreiterung ueberdrehter linkstyp linksschenkelblock linkshypertrophie möglich ,1,
 supraventrikuläre extrasystole ( n ) sinustachykardie av block i lagetyp normal qrs ( t ) abnorm inferiorer infarkt wahrscheinlich alt st and t abnorm wahrscheinlich hochlaterale ischämie oder linksbelastung xxxx unbestätigter ,1,
 sinustachykardie linkstyp links vollständiger schenkelblock st - senkung in i ii v5 - xxxx pathologisches ecg fehlende r - progression v1 - xxxx ,1,
 sinusrhythmus ueberdrehter linkstyp qrs ( t ) abnorm anterolateraler infarkt möglich inferiorer infarkt alter unbest t abnorm in anterioren ableitungen xxxx unbestätigter bericht ,1,
 sinusrhythmus linkstyp unvollständiger rechtsschenkelblock mässige amplitudenkriterien für linkshypertrophie xxxx unbestätigter bericht ,1,
 sinusbradykardie p - verbreiterung linkstyp xxxx unbestätigter bericht edit norm xxxx ( norm xxxx ) ,1,
 sinusrhythmus lagetyp normal qrs ( t ) abnorm inferiorer myokardschaden möglich xxxx unbestätigter bericht edit norm xxxx ( norm xxxx ) ,2,
 ventrikuläre extrasystole ( n ) supraventrikuläre arrhythmie linkstyp rechtsschenkelblock qrs ( t ) abnorm anteroseptaler infarkt mögl akut xxxx unbestätigter bericht ,1,
 sinusbradykardie ueberdrehter linkstyp periphere niederspannung qrs ( t ) abnorm anterolateraler infarkt möglich inferiorer infarkt alter unbest xxxx unbestätigter bericht ,1,
 sinusrhythmus lagetyp normal qrs ( t ) abnorm anteroseptaler infarkt wahrscheinlich alt st and t abnorm wahrscheinlich anterolaterale ischämie oder linksbelastung inferolaterale ischämie oder linksbelastung xxxx unbestäti ,1,
 vorhofflimmern - flattern schwierig bestimmbare qrs - achse periphere niederspannung unvollständiger rechtsschenkelblock t abnorm in anterioren ableitungen inferioren ableitungen xxxx unbestätigter bericht ,1,
 ventrikuläre extrasystole ( n ) sinusrhythmus linkstyp qrs ( t ) abnorm anteroseptaler myokardschaden möglich qt - verlängerung xxxx unbestätigter bericht ,1,
 supraventrikuläre arrhythmie lagetyp normal linksschenkelblock linkshypertrophie möglich xxxx unbestätigter bericht ,1,
 tachykardes vorhofflimmern schwierig bestimmbare qrs - achse periphere niederspannung qrs ( t ) abnormal inferiorer infarkt wahrscheinlich alt ,1,
 sinusrhythmus linkstyp qrs ( t ) abnorm anteroseptaler infarkt alter unbest st and t abnorm wahrscheinlich anteriore ischämie oder linksbelastung laterale ischämie oder linksbelastung inferolaterale ischämie oder linksbelastung xxxx ,1,
 sinusrhythmus rechtstyp periphere niederspannung qrs ( t ) abnorm anterolateraler infarkt möglich xxxx unbestätigter bericht ,1,
 sinusrhythmus ueberdrehter linkstyp linksanteriorer fascicular block qrs ( t ) abnorm anteroseptaler infarkt wahrscheinlich alt t abnorm in anterolateralen ableitungen inferolateralen ableitungen xxxx unbestätigter bericht ,1,
 sinusrhythmus p - sinistrocardiale linkstyp qrs ( t ) abnorm anterolateraler infarkt alter unbest xxxx unbestätigter bericht ,1,
 supraventrikuläre tachykardie rechtstyp mässige amplitudenkriterien für linkshypertrophie t abnorm in inferioren ableitungen xxxx unbestätigter bericht ,1,
 sinusrhythmus lagetyp normal qrs ( t ) abnorm inferiorer myokardschaden möglich st and t abnorm wahrscheinlich anterolaterale ischämie oder linksbelastung xxxx unbestätigter bericht ,1,
 regelmässiger rhythmus keine p - welle erkannt lagetyp normal unspezifischer intraventrikulärer block linkshypertrophie möglich qrs ( t ) abnormal anteroseptaler infarkt mögl akut ,1,
 sinusrhythmus lagetyp normal normales ecg t - veränderungen neg in v1 ,1,
 sinusrhythmus lagetyp normal st and t abnormal verzoegerte r - progression v1 - xxxx pathologisch ,1,
 supraventrikuläre arrhythmie linkstyp unspezifischer intraventrikulärer block xxxx unbestätigter bericht ,1,
 sinusrhythmus p - sinistrocardiale linkstyp qrs ( t ) abnorm anterolateraler infarkt möglich xxxx unbestätigter bericht ,1,
 sinusrhythmus ueberdrehter linkstyp qrs ( t ) abnormal anteroseptaler myokardschaden nicht auszuschliessen t abnormal in hochlateralen ableitungen qt - verlängerung ,1,
 vorhofflimmern - flattern ueberdrehter linkstyp linksanteriorer fascicular block rechtsschenkelblock bifaszikulärer block ,2,
 supraventrikuläre extrasystole ( n ) sinusrhythmus linkstyp unspezifisches abnormes t qt - verlängerung xxxx unbestätigter bericht ,2,
 sinusrhythmus ueberdrehter linkstyp qrs ( t ) abnorm anteroseptaler infarkt alter unbest st and t abnorm wahrscheinlich laterale ischämie oder linksbelastung t abnorm in anterioren ableitungen xxxx unbestätigter bericht ,1,
 sinusrhythmus p - sinistrocardiale lagetyp normal periphere niederspannung unvollständiger linksschenkelblock qrs ( t ) abnorm lateraler infarkt alter unbest inferiorer myokardschaden nicht auszuschliessen xxxx unbestätigter ,1,
 sinusrhythmus llt flaches t in v1 wahrscheinlich normales ecg ,1,
 sinusrhythmus linkstyp flache t in avf neg t in iii ,1,
 sr lagetyp normal vollständiger rechts - schenkelblock sves ( vorhof ) über xxxx - min neg t in iii avf v1 pathologisches ecg ,1,
 supraventrikuläre extrasystole ( n ) sinusbradykardie lagetyp normal sonst normales ecg ,1,
 ventrikuläre extrasystole ( n ) sinusrhythmus verdacht auf p - sinistrocardiale lagetyp normal qrs ( t ) abnorm inferiorer infarkt alter unbest st and t abnorm wahrscheinlich anterolaterale ischämie oder linksbelastung t abnorm in anterioren ableitungen ,1,
 sinus arrhythmie lagetyp normal lagetyp in anbetracht des alters normal unspezifische intraventrikuläre leitungsstörung linkshypertrophie xxxx unbestätigter bericht ,1,
 sinustachykardie lagetyp normal rechte vorhofsüberbelastung st - senkung in ii iii v4 xxxx avl digitalis - veränderung pathologisches ecg ,1,
 sinus arrhythmie verdacht auf p - sinistrocardiale lagetyp normal mässige amplitudenkriterien für linkshypertrophie xxxx unbestätigter bericht ,1,
 sinusrhythmus av block i linkstyp t vergrössert in ii avf t fehlend in avl v1 pathologisches ecg ,1,
 ventrikuläre extrasystole ( n ) bigeminus sinusrhythmus verdacht auf p - sinistrocardiale linkstyp unspezifischer intraventrikulärer block qrs ( t ) abnorm anterolateraler infarkt möglich inferiorer infarkt wahrscheinlich alt xxxx ,1,
 ventrikuläre extrasystole ( n ) sinusrhythmus lagetyp normal st and t abnorm wahrscheinlich hochlaterale ischämie oder linksbelastung inferiore ischämie oder linksbelastung xxxx unbestätigter bericht ,1,
 regelmässiger rhythmus keine p - welle erkannt ueberdrehter linkstyp unspezifischer intraventrikulärer block linkshypertrophie qrs ( t ) abnormal anteroseptaler infarkt mögl akut inferiorer infarkt alter unbest ,1,
 vorhofflimmern - flattern lagetyp normal qrs ( t ) abnorm inferiorer infarkt möglich st and t abnorm wahrscheinlich anterolaterale ischämie oder linksbelastung xxxx unbestätigter bericht ,1,
 ventrikuläre extrasystole ( n ) vorhofflimmern - flattern lagetyp normal unspezifische abnorme st - senkung unspezifisches abnormes t xxxx unbestätigter bericht ,1,
 sinusrhythmus verdacht auf p - sinistrocardiale linkstyp qrs ( t ) abnorm inferiorer infarkt alter unbest st and t abnorm wahrscheinlich anterolaterale ischämie oder linksbelastung xxxx unbestätigter bericht ,1,
 ruhe - ecg zur belastung normal belastungs - ecg normal ,1,
 ventrikuläre extrasystole ( n ) sinus arrhythmie verdacht auf p - sinistrocardiale lagetyp normal xxxx unbestätigter bericht ,2,
 sinusrhythmus llt partieller rechtsschenkelblock pathologisches ecg ,1,
 sinusbradykardie lagetyp normal av - block xxxx grades ( grenzwertig ) t flach in avl ,1,
 vorhofflimmern - flattern linkstyp qrs ( t ) abnorm inferiorer infarkt alter unbest xxxx unbestätigter bericht ,1,
 ventrikuläre extrasystole ( n ) trigeminus sinus arrhythmie lagetyp normal xxxx unbestätigter bericht ,1,
 ventrikuläre extrasystole ( n ) trigeminus sinus arrhythmie lagetyp normal rechtsschenkelblock xxxx unbestätigter bericht ,1,
 sinus arrhythmie p - sinistrocardiale linkstyp t abnorm in inferioren ableitungen ,1,
 sinustachykardie lagetyp normal qrs ( t ) abnorm inferiorer myokardschaden möglich xxxx unbestätigter bericht ,1,
 sinusrhythmus linkstyp unvollständiger rechtsschenkelblock qrs ( t ) abnorm inferiorer infarkt möglich xxxx unbestätigter bericht ,2,
 supraventrikuläre arrhythmie av block i lagetyp normal qrs ( t ) abnorm anteroseptaler infarkt alter unbest st and t abnorm wahrscheinlich anteriore ischämie oder linksbelastung inferiore ischämie oder linksbelastung t abnorm in lateralen ablei ,1,
 sinusrhythmus p - sinistrocardiale ueberdrehter linkstyp unvollständiger rechtsschenkelblock t abnorm in anterolateralen ableitungen xxxx unbestätigter bericht ,1,
 sinusbradykardie linkstyp qrs ( t ) abnorm septaler infarkt nicht auszuschliessen xxxx unbestätigter bericht edit asmi xxxx lmi xxxx qi avl v2 - xxxx ( asmi xxxx lmi xxxx ) ,1,
 normokardes vorhofflimmern - flattern llt vollständiger linksschenkelblock pathologisches keg ,1,
 sinus arrhythmie lagetyp normal qrs ( t ) abnorm inferiorer infarkt wahrscheinlich alt ,1,
 vorhofflimmern normokard lagetyp normal st and t abnormal pathologisch ,1,
 sinusrhythmus verdacht auf p - sinistrocardiale ueberdrehter rechtstyp rechtshypertrophie möglich qt - verlängerung xxxx unbestätigter bericht ,1,
 sinusrhythmus verdacht auf p - sinistrocardiale lagetyp normal st and t abnorm wahrscheinlich hochlaterale ischämie oder linksbelastung xxxx unbestätigter bericht ,1,
 vorhofflimmern - flattern linkstyp r - s übergang in v ableitungen nach rechts verschoben unvollständiger rechtsschenkelblock st and t abnorm wahrscheinlich anteriore ischämie oder linksbelastung inferolaterale ischämie oder linksbelastung xxxx ,1,
 sinusrhythmus ueberdrehter linkstyp niederspannungs - ecg qrs ( t ) abnormal inferiorer infarkt wahrscheinlich alt pathologisch ,1,
 sinusrhythmus linkstyp linkshypertrophie qrs ( t ) abnormal inferiorer infarkt alter unbest verzoegerte r - progression v1 - xxxx pathologisch ,1,
 sinusbradykardie linkstyp unspezifisches abnormes t xxxx unbestätigter bericht ,1,
 sinusbradykardie p - verbreiterung lagetyp normal st and t abnormal wahrscheinlich normal ,1,
 regelmässiger rhythmus keine p - welle erkannt lagetyp normal periphere niederspannung st and t abnormal wahrscheinlich anterolaterale ischämie oder linksbelastung ,1,
 sinusbradykardie lagetyp normal qrs ( t ) abnorm inferiorer myokardschaden möglich xxxx unbestätigter bericht ,1,
 sinustachykardie lagetyp normal unspezifisches abnormales t grenzbefund ,1,
 ventrikuläre extrasystole ( n ) interponierte ventrikuläre extrasystole ( n ) interponierte supraventrikuläre extrasystole ( n ) sinusrhythmus p - sinistrocardiale lagetyp normal xxxx unbestätigter bericht ,1,
 vorhofflimmern - flattern lagetyp normal qrs ( t ) abnorm anteroseptaler myokardschaden nicht auszuschliessen st and t abnorm wahrscheinlich anterolaterale ischämie oder linksbelastung inferolaterale ischämie oder linksbelastung xxxx ,1,
 sinusrhythmus verdacht auf p - sinistrocardiale linkstyp qrs ( t ) abnorm inferiorer myokardschaden nicht auszuschliessen xxxx unbestätigter bericht ,1,
 sinusrhythmus lagetyp normal st - hebung in v1 - xxxx normales ecg ,1,
 sinusbradyarrhythmie lagetyp normal normales ecg ,1,
 sinusrhythmus ueberdrehter linkstyp unvollständiger rechtsschenkelblock xxxx unbestätigter bericht ,1,
 sinustachykardie ueberdrehter linkstyp linksanteriorer fascicular block qrs ( t ) abnorm anteroseptaler infarkt wahrscheinlich alt inferiorer infarkt wahrscheinlich alt st and t abnorm wahrscheinlich anterolaterale ischämie oder linksbelastung xxxx ,1,
 sinusrhythmus linkstyp unspezifisches abnormales t qt - verlängerung av - block xxxx grades links ant fascicular block pathologisch ,1,
 sinusrhythmus p - sinistrocardiale linkstyp unvollständiger rechtsschenkelblock qrs ( t ) abnorm anteroseptaler infarkt alter unbest t abnorm in anterolateralen ableitungen xxxx unbestätigter bericht edit asmi xxxx imi xxxx iscla sokolow xxxx ( asmi xxxx imi xxxx iscla irbbb ) ,1,
 ventrikuläre extrasystole ( n ) vorhofflimmern - flattern ueberdrehter linkstyp qrs ( t ) abnorm inferiorer infarkt alter unbest t abnorm in anterolateralen ableitungen xxxx unbestätigter bericht ,1,
 sinusrhythmus av block i linkstyp p flach q in iii fragl chron inferiorer infarkt st - senkung in v4 - xxxx t flach in extremitätenableitungen ,1,
 sinusrhythmus verdacht auf p - sinistrocardiale linkstyp qrs ( t ) abnorm anterolateraler infarkt möglich xxxx unbestätigter bericht ,1,
 supraventrikuläre extrasystole ( n ) trigeminus ohne kompensatorische pause lagetyp normal periphere niederspannung sinustachykardie ,1,
 sinusrhythmus lagetyp normal t hoch in v3 - xxxx ,1,
 sinus arrhythmie lagetyp normal st and t abnorm wahrscheinlich anterolaterale ischämie oder linksbelastung inferolaterale ischämie oder linksbelastung xxxx unbestätigter bericht ,1,
 vorhofflimmern - flattern linkstyp periphere niederspannung qrs ( t ) abnorm anteroseptaler myokardschaden möglich inferiorer infarkt wahrscheinlich alt xxxx unbestätigter bericht ,1,
 sinusbradykardie p - verbreiterung lagetyp normal unspezifischer intraventrikulärer block ,1,
 sinusrhythmus lagetyp normal ves diskrete st - senkung in v5 - xxxx ,1,
 sinusarrhythmie ( respiratorisch ) lagetyp normal unvollständiger rechtsschenkelblock möglilch ,1,
 sinusbradykardie p - verbreiterung lagetyp normal t abnorm in anterolateralen ableitungen inferolateralen ableitungen xxxx unbestätigter bericht ,1,
 vorhofflimmern - flattern linkstyp linksschenkelblock xxxx unbestätigter bericht ,2,
 sinusrhythmus ueberdrehter linkstyp qrs ( t ) abnorm anterolateraler infarkt alter unbest inferiorer infarkt alter unbest xxxx unbestätigter bericht ,1,
 sinusrhythmus ueberdrehter linkstyp niederspannungs - ecg part lsb lahb chron inferiorer infarkt möglich ,1,
 sinusrhythmus ueberdrehter linkstyp niederspannungs - ecg av - block xxxx grades chron inferiorer infarkt möglich v4 - elektrode rechtspräkordial qs spricht für durch - gemachten rechtsherzinfarkt ,1,
 sinusrhythmus linkstyp t flach in iii normales ecg ,1,
 sinusrhythmus lagetyp normal t flach in v3 iii q in iii ( nicht signifikant9 ,1,
 vorhofflimmern - flattern lagetyp normal st and t abnormal wahrscheinlich inferiore ischämie oder linksbelastung ,1,
 vorhofflimmern - flattern lagetyp normal unspezifische intraventrikuläre leitungsstörung t abnorm in anterioren ableitungen xxxx unbestätigter bericht ,1,
 sinusrhythmus lagetyp normal intraventr leitungsstörung in iii t neg in iii st - hebung in v1 - v3 atriale vorhofsüberbelastung normales ecg ,1,
 supraventrikuläre arrhythmie ueberdrehter linkstyp rechtsschenkelblock xxxx unbestätigter bericht ,1,
 vorhofflimmern - flattern lagetyp normal qrs ( t ) abnorm inferiorer myokardschaden möglich st and t abnorm wahrscheinlich anteriore ischämie oder linksbelastung laterale ischämie oder linksbelastung xxxx unbestätigter bericht ,1,
 sinusrhythmus av block i ueberdrehter linkstyp periphere niederspannung unvollständiger rechtsschenkelblock qrs ( t ) abnorm inferiorer infarkt wahrscheinlich alt t abnorm in hochlateralen ableitungen xxxx unbestätigter beric ,1,
 sinusrhythmus linkstyp mässige amplitudenkriterien für linkshypertrophie qrs ( t ) abnorm anterolateraler infarkt alter unbest inferiorer infarkt alter unbest xxxx unbestätigter bericht ,1,
 sinusrhythmus linkstyp qrs ( t ) abnorm inferiorer infarkt wahrscheinlich alt t abnorm in lateralen ableitungen xxxx unbestätigter bericht ,1,
 supraventrikuläre arrhythmie p - verbreiterung lagetyp normal rechtsschenkelblock xxxx unbestätigter bericht ,2,
 sinusrhythmus ueberdrehter linkstyp intraventr leitungsstörung in ii st - hebung in v2 - v4 pq - zeit grenzwärtig path ecg ,1,
 ventrikuläre extrasystole ( n ) sinus arrhythmie p - sinistrocardiale ueberdrehter linkstyp linksschenkelblock xxxx unbestätigter bericht ,1,
 ventrikuläre extrasystole ( n ) trigeminus sinusrhythmus lagetyp normal t abnorm in hochlateralen ableitungen xxxx unbestätigter bericht ,1,
 sinusrhythmus lagetyp normal intraventr leitungsstörung t hoch anteroseptal wahrscheinlich normales ecg ,1,
 uniforme ventrikuläre extrasystole ( n ) sinusrhythmus linksanteriorer fascicular block ueberdrehter linkstyp intraventr leitungsstörung path ecg ,1,
 sinusarrhythmie linkstyp intraventr leitungsstörung normales ecg ,1,
 sinusrhythmus lagetyp normal intraventr leitungsstörung low volage normales ecg ,1,
 sinustachykardie linkstyp unspezifische intraventrikuläre leitungsstörung linkshypertrophie möglich xxxx unbestätigter bericht ,2,
 supraventrikuläre extrasystole ( n ) sinusrhythmus lagetyp normal qrs ( t ) abnorm inferiorer infarkt wahrscheinlich alt xxxx unbestätigter bericht ,1,
 sinusrhythmus av block i p - verbreiterung linkstyp rechtsschenkelblock qrs ( t ) abnorm inferiorer myokardschaden nicht auszuschliessen xxxx unbestätigter bericht ,1,
 sinusrhythmus av block i lagetyp normal subakuter anteriorer infarkt sicher st - hebung in v1 - v4 t neg in v1 - v5 path ecg fehlende r - progression ,1,
 supraventrikuläre extrasystole ( n ) sinusrhythmus verdacht auf p - sinistrocardiale lagetyp normal linkshypertrophie möglich xxxx unbestätigter bericht ,1,
 sinusrhythmus ueberdrehter linkstyp linksanteriorer fascicular block t flach bis neg lateral pq - zeit grenzwertig path ecg ,1,
 vorhofflimmern - flattern lagetyp normal rechtsschenkelblock qrs ( t ) abnorm inferiorer infarkt alter unbest xxxx unbestätigter bericht ,1,
 sinusrhythmus p - sinistrocardiale linkstyp t abnorm in hochlateralen ableitungen xxxx unbestätigter bericht ,1,
 supraventrikuläre arrhythmie av block i ueberdrehter linkstyp linksanteriorer fascicular block unspezifischer intraventrikulärer block qrs ( t ) abnorm anteriorer infarkt wahrscheinlich alt xxxx unbestätigter bericht ,2,
 sinusrhythmus linkstyp intraventr leitungsstörung normales ecg ,1,
 sinusrhythmus p - sinistrocardiale ueberdrehter linkstyp linksanteriorer fascicular block st and t abnorm wahrscheinlich anteriore ischämie oder linksbelastung laterale ischämie oder linksbelastung xxxx unbestätigter bericht ,1,
 ventrikuläre extrasystole ( n ) vorhofflimmern - flattern extrem ueberdrehter rechtstyp unspezifischer intraventrikulärer block qrs ( t ) abnorm inferiorer infarkt wahrscheinlich alt xxxx unbestätigter bericht ,1,
 sinus arrhythmie p - verbreiterung extrem ueberdrehter rechtstyp rechtsschenkelblock qrs ( t ) abnorm inferiorer infarkt wahrscheinlich alt xxxx unbestätigter bericht ,1,
 ventrikuläre extrasystole ( n ) supraventrikuläre extrasystole ( n ) sinusrhythmus p - verbreiterung extrem ueberdrehter rechtstyp rechtsschenkelblock qrs ( t ) abnorm inferiorer infarkt wahrscheinlich alt xxxx unbestätigter bericht ,1,
 supraventrikuläre extrasystole ( n ) bigeminus sinusrhythmus verdacht auf p - sinistrocardiale lagetyp normal unspezifischer intraventrikulärer block qrs ( t ) abnorm inferiorer myokardschaden möglich xxxx unbestätigter bericht ,1,
 sinusrhythmus linkstyp qrs ( t ) abnorm anterolateraler myokardschaden nicht auszuschliessen xxxx unbestätigter bericht ,1,
 sinusrhythmus p - sinistrocardiale ueberdrehter linkstyp unvollständiger rechtsschenkelblock qrs ( t ) abnorm inferiorer infarkt wahrscheinlich alt xxxx unbestätigter bericht ,1,
 sinusrhythmus av block i linkstyp qrs ( t ) abnormal anteroseptaler infarkt wahrscheinlich alt st and t abnormal wahrscheinlich laterale ischämie oder linksbelastung ,1,
 sinus arrhythmie av block i lagetyp normal qrs ( t ) abnorm anterolateraler myokardschaden nicht auszuschliessen st and t abnorm wahrscheinlich inferiore ischämie oder linksbelastung xxxx unbestätigter bericht ,1,
 sinusrhythmus linkstyp r - s übergang in v ableitungen nach rechts verschoben qrs ( t ) abnorm inferiorer myokardschaden nicht auszuschliessen t abnorm in hochlateralen ableitungen xxxx unbestätigter bericht ,1,
 vorhofflimmern - flattern ueberdrehter linkstyp periphere niederspannung qrs ( t ) abnorm anteroseptaler infarkt wahrscheinlich alt inferiorer infarkt alter unbest xxxx unbestätigter bericht ,1,
 vorhofflimmern - flattern lagetyp normal mässige amplitudenkriterien für linkshypertrophie st abnorm möglicherweise anterolateraler innenschichtsschaden qt - verlängerung xxxx unbestätigter bericht ,1,
 ventrikuläre extrasystole ( n ) supraventrikuläre extrasystole ( n ) sinusrhythmus rechtstyp xxxx unbestätigter bericht ,1,
 sinusrhythmus lagetyp normal unvollständiger rechtsschenkelblock unspezifisches abnormes t xxxx unbestätigter bericht ,1,
 supraventrikuläre extrasystole ( n ) sinusrhythmus p - sinistrocardiale lagetyp normal qrs ( t ) abnorm inferiorer infarkt wahrscheinlich alt xxxx unbestätigter bericht ,1,
 sinusrhythmus linkstyp r - s übergang in v ableitungen nach links verschoben t abnorm in inferioren ableitungen xxxx unbestätigter bericht ,1,
 sinusrhythmus verdacht auf p - sinistrocardiale ueberdrehter linkstyp linksanteriorer fascicular block rechtsschenkelblock bifaszikulärer block qrs ( t ) abnorm anteroseptaler myokardschaden möglich xxxx unbestätigter bericht ,1,
 sinusrhythmus lagetyp normal qrs ( t ) abnorm anteroseptaler myokardschaden nicht auszuschliessen inferiorer myokardschaden möglich st and t abnorm wahrscheinlich anterolaterale ischämie oder linksbelastung xxxx unbestätigter ,1,
 ventrikuläre extrasystole ( n ) sinusrhythmus p - verbreiterung ueberdrehter linkstyp unspezifische intraventrikuläre leitungsstörung unspezifisches abnormes t xxxx unbestätigter bericht ,1,
 supraventrikuläre extrasystole ( n ) sinusbradykardie ueberdrehter linkstyp rechtsschenkelblock xxxx unbestätigter bericht ,1,
 vorhofflimmern - flattern lagetyp normal qrs ( t ) abnorm anteroseptaler myokardschaden möglich xxxx unbestätigter bericht ,1,
 tachykardes vorhofflimmern lagetyp normal unvollständiger rechtsschenkelblock st and t abnorm wahrscheinlich anterolaterale ischämie oder linksbelastung inferolaterale ischämie oder linksbelastung xxxx unbestätigter bericht ,1,
 sinusrhythmus p - verbreiterung lagetyp normal mässige amplitudenkriterien für linkshypertrophie st and t abnorm wahrscheinlich anterolaterale ischämie oder linksbelastung inferolaterale ischämie oder linksbelastung xxxx unbest ,1,
 sinusrhythmus lagetyp normal unspezifischer intraventrikulärer block qrs ( t ) abnorm anteroseptaler infarkt mögl akut xxxx unbestätigter bericht ,1,
 sinusrhythmus p - sinistrocardiale ueberdrehter linkstyp qrs ( t ) abnorm anteroseptaler myokardschaden möglich inferiorer infarkt wahrscheinlich alt xxxx unbestätigter bericht ,1,
 tachykardes vorhofflimmern lagetyp normal periphere niederspannung qrs ( t ) abnorm anteroseptaler myokardschaden nicht auszuschliessen xxxx unbestätigter bericht ,1,
 sinusrhythmus p - sinistrocardiale lagetyp normal rechtsschenkelblock qrs ( t ) abnorm lateraler infarkt wahrscheinlich alt xxxx unbestätigter bericht ,1,
 ventrikuläre extrasystole ( n ) sinustachykardie linkstyp mässige amplitudenkriterien für linkshypertrophie st and t abnorm wahrscheinlich hochlaterale ischämie oder linksbelastung xxxx unbestätigter bericht ,1,
 ventrikuläre extrasystole ( n ) sinus arrhythmie verdacht auf p - sinistrocardiale linkstyp qrs ( t ) abnorm inferiorer infarkt wahrscheinlich alt st and t abnorm wahrscheinlich anterolaterale ischämie oder linksbelastung t abnorm in anterioren ableitung ,1,
 tachykardes vorhofflimmern lagetyp normal unvollständiger rechtsschenkelblock st and t abnorm wahrscheinlich anterolaterale ischämie oder linksbelastung inferolaterale ischämie oder linksbelastung t abnorm in anterioren ableitungen xxxx ,1,
 vorhofflimmern - flattern ueberdrehter linkstyp unspezifische intraventrikuläre leitungsstörung ,1,
 sinusrhythmus av block i ueberdrehter linkstyp unspezifische intraventrikuläre leitungsstörung linkshypertrophie möglich qrs ( t ) abnorm anterolateraler myokardschaden möglich xxxx unbestätigter bericht ,1,
 vorhofflimmern - flattern lagetyp normal mässige amplitudenkriterien für linkshypertrophie st and t abnorm wahrscheinlich anterolaterale ischämie oder linksbelastung inferolaterale ischämie oder linksbelastung xxxx unbestätigt ,1,
 sinustachykardie linkstyp unspezifischer intraventrikulärer block qrs ( t ) abnormal lateraler myokardschaden möglich ,1,
 supraventrikuläre extrasystole ( n ) sinusrhythmus lagetyp normal linkshypertrophie ,1,
 sinusrhythmus ueberdrehter linkstyp periphere niederspannung qrs ( t ) abnormal inferiorer myokardschaden möglich ,1,
 tachykardes vorhofflimmern lagetyp normal qrs ( t ) abnorm anteroseptaler infarkt alter unbest st and t abnorm wahrscheinlich laterale ischämie oder linksbelastung inferolaterale ischämie oder linksbelastung xxxx unbestä ,1,
 supraventrikuläre extrasystole ( n ) sinusrhythmus linkstyp periphere niederspannung ,1,
 av - knotenrhythmus lagetyp normal unvollständiger rechtsschenkelblock st and t abnormal wahrscheinlich anterolaterale ischämie oder linksbelastung ,1,
 sinusrhythmus av block i linkstyp niederspannungs - ecg qrs ( t ) abnormal anteriorer infarkt alter unbest inferolateraler infarkt alter unbest ,1,
 tachykardes vorhofflimmern rechtstyp st and t abnorm wahrscheinlich anterolaterale ischämie oder linksbelastung inferolaterale ischämie oder linksbelastung xxxx unbestätigter bericht ,1,
 sinusrhythmus verdacht auf p - sinistrocardiale ueberdrehter linkstyp linksanteriorer fascicular block rechtsschenkelblock bifaszikulärer block qrs ( t ) abnormal anteroseptaler myokardschaden möglich ,1,
 tachykardes vorhofflimmern schwierig bestimmbare qrs - achse periphere niederspannung mässige amplitudenkriterien f#r linkshypertrophie qrs ( t ) abnormal anteroseptaler myokardschaden nicht auszuschliessen ,1,
 ventrikuläre extrasystole ( n ) sinustachykardie av block i lagetyp normal qrs ( t ) abnormal anteroseptaler myokardschaden nicht auszuschliessen hochlateraler infarkt möglich ,1,
 sinusrhythmus schwierig bestimmbare qrs - achse rechtsschenkelblock ,1,
 sinusrhythmus linkstyp qrs ( t ) abnormal inferiorer infarkt wahrscheinlich alt t abnormal in anterolateralen ableitungen ,1,
 sinusrhythmus p - verbreiterung ueberdrehter linkstyp qrs ( t ) abnormal anteriorer infarkt wahrscheinlich alt ,1,
 sinusrhythmus ueberdrehter linkstyp linksanteriorer fascicular block qrs ( t ) abnorm anteroseptaler myokardschaden möglich st and t abnorm wahrscheinlich anterolaterale ischämie oder linksbelastung t abnorm in anterioren ableitungen xxxx ,1,
 supraventrikuläre extrasystole ( n ) sinustachykardie schwierig bestimmbare qrs - achse unvollständiger rechtsschenkelblock st and t abnormal wahrscheinlich anterolaterale ischämie oder linksbelastung ,1,
 sinusrhythmus rechtstyp periphere niederspannung rechtsschenkelblock xxxx unbestätigter bericht ,2,
 sinusrhythmus lagetyp normal unspezifische intraventrikuläre leitungsstörung qrs ( t ) abnorm anterolateraler infarkt möglich inferiorer infarkt wahrscheinlich alt t abnorm in anterioren ableitungen xxxx unbestätigter beric ,1,
 supraventrikuläre arrhythmie linkstyp linksschenkelblock linkshypertrophie möglich xxxx unbestätigter bericht ,2,
 sinusrhythmus verdacht auf p - sinistrocardiale lagetyp normal mässige amplitudenkriterien für linkshypertrophie qrs ( t ) abnorm inferiorer infarkt wahrscheinlich alt xxxx unbestätigter bericht ,1,
 ventrikuläre extrasystole ( n ) sinusrhythmus rechtstyp unspezifisches abnormes t qt - verlängerung xxxx unbestätigter bericht ,1,
 supraventrikuläre arrhythmie av block i ueberdrehter rechtstyp rechtsschenkelblock xxxx unbestätigter bericht ,2,
 av - knotenrhythmus lagetyp normal st and t abnorm wahrscheinlich anterolaterale ischämie oder linksbelastung inferolaterale ischämie oder linksbelastung xxxx unbestätigter bericht ,1,
 vorhofflimmern - flattern lagetyp normal qrs ( t ) abnorm inferiorer infarkt alter unbest st and t abnorm wahrscheinlich anterolaterale ischämie oder linksbelastung xxxx unbestätigter bericht ,1,
 vorhofflimmern - flattern schwierig bestimmbare qrs - achse periphere niederspannung qrs ( t ) abnormal inferiorer infarkt wahrscheinlich alt ,1,
 ventrikuläre extrasystole ( n ) supraventrikuläre extrasystole ( n ) sinusrhythmus lagetyp normal linkshypertrophie möglich xxxx unbestätigter bericht ,1,
 sinusrhythmus rechtstyp qrs ( t ) abnormal hochlateraler infarkt möglich ,1,
 sinustachykardie lagetyp normal qrs ( t ) abnormal anteroseptaler myokardschaden nicht auszuschliessen ,1,
 sinusrhythmus linkstyp qrs ( t ) abnormal anteroseptaler myokardschaden nicht auszuschliessen t abnormal in inferioren ableitungen ,1,
 sinusrhythmus verdacht auf p - sinistrocardiale linkstyp qrs ( t ) abnorm lateraler infarkt alter unbest xxxx unbestätigter bericht ,1,
 beschleunigter av - rhythmus lagetyp normal unspezifische intraventrikuläre leitungsstörung st and t abnorm wahrscheinlich inferolaterale ischämie oder linksbelastung xxxx unbestätigter bericht ,1,
 ventrikuläre extrasystole ( n ) sinusrhythmus av block i ueberdrehter linkstyp unspezifischer intraventrikulärer block qrs ( t ) abnorm anteroseptaler infarkt wahrscheinlich alt xxxx unbestätigter bericht ,1,
 vorhofflimmern - flattern ueberdrehter linkstyp unspezifische intraventrikuläre leitungsstörung xxxx unbestätigter bericht ,1,
 ventrikuläre extrasystole ( n ) sinus arrhythmie lagetyp normal mässige amplitudenkriterien für linkshypertrophie t abnorm in anterolateralen ableitungen xxxx unbestätigter bericht ,1,
 sinusrhythmus p - verbreiterung schwierig bestimmbare qrs - achse rechtsschenkelblock qrs ( t ) abnorm inferiorer infarkt alter unbest xxxx unbestätigter bericht ,1,
 sinusrhythmus lagetyp normal qt - verlängerung xxxx unbestätigter bericht edit norm xxxx ( norm xxxx ) ,1,
 ventrikuläre extrasystole ( n ) sinusrhythmus linkstyp qrs ( t ) abnorm anteriorer infarkt alter unbest t abnorm in hochlateralen ableitungen xxxx unbestätigter bericht ,1,
 sinusrhythmus linkstyp unspezifischer intraventrikulärer block qrs ( t ) abnorm anteroseptaler infarkt mögl akut xxxx unbestätigter bericht ,1,
 sinusrhythmus av block i ueberdrehter rechtstyp rechtsschenkelblock xxxx unbestätigter bericht ,1,
 supraventrikuläre extrasystole ( n ) bigeminus interponierte supraventrikuläre extrasystole ( n ) supraventrikuläre arrhythmie linkstyp periphere niederspannung rechtsschenkelblock xxxx unbestätigter bericht ,1,
 supraventrikuläre extrasystole ( n ) sinusbradykardie linkstyp qrs ( t ) abnorm anteriorer infarkt alter unbest t abnorm in hochlateralen ableitungen xxxx unbestätigter bericht ,1,
 vorhofflimmern - flattern linkstyp qrs ( t ) abnormal inferiorer myokardschaden nicht auszuschliessen ,1,
 ventrikuläre extrasystole ( n ) vorhofflimmern - flattern ueberdrehter linkstyp rechtsschenkelblock xxxx unbestätigter bericht ,1,
 sinusrhythmus lagetyp normal qrs ( t ) abnorm anteroseptaler infarkt möglich inferiorer myokardschaden möglich t abnorm in anterioren ableitungen hochlateralen ableitungen xxxx unbestätigter bericht ,1,
 sinus arrhythmie lagetyp normal qrs ( t ) abnorm inferiorer infarkt wahrscheinlich alt xxxx unbestätigter bericht ,1,
 sinusrhythmus lagetyp normal qrs ( t ) abnorm inferiorer myokardschaden möglich t abnorm in anterioren ableitungen hochlateralen ableitungen xxxx unbestätigter bericht ,1,
 sinustachykardie av block i linkstyp qrs ( t ) abnormal lateraler myokardschaden nicht auszuschliessen inferiorer infarkt wahrscheinlich alt ,1,
 sinusrhythmus p - sinistrocardiale ueberdrehter rechtstyp periphere niederspannung qrs ( t ) abnorm anteriorer infarkt mögl akut hochlateraler infarkt xxxx unbestätigter bericht ,1,
 g tachykardes vorhofflimmern schwierig bestimmbare qrs - achse niederspannungs - ecg unspezifischer intraventrikulärer block ,1,
 sinusrhythmus av block i lagetyp normal qrs ( t ) abnorm anteroseptaler infarkt wahrscheinlich alt xxxx unbestätigter bericht edit asmi xxxx 1avb ( asmi xxxx ) ,1,
 sinusrhythmus schwierig bestimmbare qrs - achse periphere niederspannung unvollständiger rechtsschenkelblock qrs ( t ) abnorm inferiorer infarkt wahrscheinlich alt xxxx unbestätigter bericht ,1,
 sinustachykardie linkstyp unspezifischer intraventrikulärer block qrs ( t ) abnorm anteroseptaler infarkt mögl akut xxxx unbestätigter bericht ,1,
 sinusrhythmus verdacht auf p - sinistrocardiale lagetyp normal unspezifischer intraventrikulärer block qrs ( t ) abnorm anteroseptaler infarkt mögl akut xxxx unbestätigter bericht ,1,
 sinus arrhythmie verdacht auf p - sinistrocardiale linkstyp unvollständiger linksschenkelblock qrs ( t ) abnorm anteriorer infarkt wahrscheinlich alt inferiorer infarkt wahrscheinlich alt xxxx unbestätigter bericht ,1,
 tachykardes vorhofflimmern lagetyp normal unvollständiger linksschenkelblock linkshypertrophie ,1,
 sinusrhythmus lagetyp normal lagetyp in anbetracht des alters normal av block i unspezifische intraventrikuläre leitungsstörung xxxx unbestätigter bericht ,1,
 sinusrhythmus verdacht auf p - sinistrocardiale lagetyp normal mässige amplitudenkriterien für linkshypertrophie st and t abnorm wahrscheinlich anterolaterale ischämie oder linksbelastung xxxx unbestätigter bericht ,1,
 sinusrhythmus verdacht auf p - sinistrocardiale ueberdrehter linkstyp unspezifische intraventrikuläre leitungsstörung qrs ( t ) abnorm lateraler infarkt alter unbest inferiorer infarkt möglich xxxx unbestätigter bericht ,1,
 sinusrhythmus linkstyp qrs ( t ) abnorm lateraler myokardschaden möglich inferiorer infarkt alter unbest xxxx unbestätigter bericht ,1,
 sinusrhythmus ueberdrehter linkstyp qt - verlängerung ,1,
 sinusrhythmus linkstyp qrs ( t ) abnorm inferiorer infarkt wahrscheinlich alt t abnorm in anterioren ableitungen xxxx unbestätigter bericht ,1,
 sinusrhythmus linkstyp unspezifische abnorme st - senkung unspezifisches abnormes t qt - verlängerung xxxx unbestätigter bericht ,1,
 supraventrikuläre extrasystole ( n ) sinusrhythmus p - sinistrocardiale ueberdrehter linkstyp unspezifischer intraventrikulärer block xxxx unbestätigter bericht ,1,
 ventrikuläre extrasystole ( n ) tachykardes vorhofflimmern lagetyp normal linksschenkelblock xxxx unbestätigter bericht ,1,
 sinusrhythmus verdacht auf p - sinistrocardiale lagetyp normal st and t abnormal wahrscheinlich anterolaterale ischämie oder linksbelastung inferolaterale ischämie oder linksbelastung ,1,
 vorhofflimmern - flattern linkstyp ,1,
 sinusrhythmus p - sinistrocardiale linkstyp qrs ( t ) abnorm anteroseptaler myokardschaden möglich inferiorer infarkt wahrscheinlich alt st and t abnorm wahrscheinlich anterolaterale ischämie oder linksbelastung xxxx unbest ,1,
 sinusrhythmus linkstyp unvollständiger rechtsschenkelblock t abnormal in hochlateralen ableitungen ,1,
 sinus arrhythmie lagetyp normal lagetyp in anbetracht des alters normal unspezifische intraventrikuläre leitungsstörung xxxx unbestätigter bericht ,1,
 sinusrhythmus lagetyp normal unspezifische intraventrikuläre leitungsstörung qrs ( t ) abnorm inferiorer infarkt wahrscheinlich alt xxxx unbestätigter bericht ,1,
 sinustachykardie av block i lagetyp normal linkshypertrophie xxxx unbestätigter bericht ,1,
 sinusrhythmus linkstyp periphere niederspannung qrs ( t ) abnorm inferiorer infarkt alter unbest t abnorm in lateralen ableitungen xxxx unbestätigter bericht ,1,
 sinusrhythmus ueberdrehter linkstyp qrs ( t ) abnorm inferiorer infarkt alter unbest t abnorm in anterolateralen ableitungen xxxx unbestätigter bericht ,1,
 sinusrhythmus ueberdrehter linkstyp r - s übergang in v ableitungen nach links verschoben linksanteriorer fascicular block xxxx unbestätigter bericht ,1,
 sinusrhythmus ueberdrehter linkstyp qrs ( t ) abnormal anteroseptaler myokardschaden möglich inferiorer infarkt wahrscheinlich alt t abnormal in hochlateralen ableitungen ,1,
 sinusrhythmus lagetyp normal lagetyp in anbetracht des alters normal unspezifische intraventrikuläre leitungsstörung xxxx unbestätigter bericht edit norm xxxx ( m xxxx ) ( norm xxxx ) ,1,
 supraventrikuläre extrasystole ( n ) bigeminus sinusrhythmus lagetyp normal t abnorm in anterolateralen ableitungen xxxx unbestätigter bericht ,1,
 sinusrhythmus lagetyp normal t abnorm in anteroseptalen ableitungen qt - verlängerung xxxx unbestätigter bericht ,1,
 sinusrhythmus av block i lagetyp normal linkshypertrophie möglich xxxx unbestätigter bericht ,1,
 supraventrikuläre arrhythmie ueberdrehter linkstyp mässige amplitudenkriterien für linkshypertrophie t abnorm in anterioren ableitungen xxxx unbestätigter bericht ,1,
 ventrikuläre extrasystole ( n ) sinusrhythmus p - sinistrocardiale lagetyp normal qrs ( t ) abnorm inferiorer myokardschaden nicht auszuschliessen t abnorm in hochlateralen ableitungen qt - verlängerung xxxx unbestätigter bericht ,1,
 sinusrhythmus p - verbreiterung lagetyp normal qrs ( t ) abnormal hochlateraler infarkt möglich st and t abnormal wahrscheinlich anteriore ischämie oder linksbelastung inferolaterale ischämie oder linksbelastung ,1,
 supraventrikuläre extrasystole ( n ) sinusrhythmus ueberdrehter linkstyp linksschenkelblock xxxx unbestätigter bericht ,1,
 sinusrhythmus ueberdrehter linkstyp qrs ( t ) abnormal anterolateraler infarkt alter unbest inferiorer infarkt alter unbest ,1,
 sinusrhythmus p - sinistrocardiale ueberdrehter linkstyp linksanteriorer fascicular block qrs ( t ) abnorm anteriorer infarkt alter unbest t abnorm in lateralen ableitungen xxxx unbestätigter bericht ,1,
 tachykardes vorhofflimmern linkstyp t abnorm in anterolateralen ableitungen xxxx unbestätigter bericht ,1,
 sinus arrhythmie linkstyp unvollständiger rechtsschenkelblock t abnormal in anterioren ableitungen lateralen ableitungen inferolateralen ableitungen qt - verlängerung ,1,
 sinusrhythmus verdacht auf p - sinistrocardiale lagetyp normal qrs ( t ) abnorm inferiorer infarkt wahrscheinlich alt t abnorm in anterolateralen ableitungen xxxx unbestätigter bericht ,1,
 sinustachykardie ueberdrehter linkstyp t abnormal in hochlateralen ableitungen ,1,
 sinusrhythmus ueberdrehter linkstyp qrs ( t ) abnorm anteroseptaler infarkt alter unbest st and t abnorm wahrscheinlich inferiore ischämie oder linksbelastung t abnorm in anterioren ableitungen lateralen ableitungen xxxx ,1,
 supraventrikuläre extrasystole ( n ) sinusrhythmus verdacht auf p - sinistrocardiale linkstyp st and t abnormal wahrscheinlich anterolaterale ischämie oder linksbelastung ,1,
 g vorhofflimmern - flattern lagetyp normal unspezifischer intraventrikulärer block linkshypertrophie qrs ( t ) abnormal anteroseptaler infarkt wahrscheinlich alt ,1,
 vorhofflimmern - flattern lagetyp normal t abnorm in anterolateralen ableitungen inferolateralen ableitungen xxxx unbestätigter bericht ,1,
 ventrikuläre extrasystole ( n ) sinus arrhythmie lagetyp normal qrs ( t ) abnorm inferiorer infarkt alter unbest t abnorm in anterioren ableitungen xxxx unbestätigter bericht ,1,
 supraventrikuläre extrasystole ( n ) sinusrhythmus av block i linkstyp t abnormal in hochlateralen ableitungen ,1,
 sinusrhythmus ueberdrehter linkstyp qrs ( t ) abnorm anterolateraler myokardschaden inferiorer myokardschaden möglich xxxx unbestätigter bericht ,1,
 sinusrhythmus lagetyp normal periphere niederspannung qrs ( t ) abnormal hochlateraler infarkt möglich st and t abnormal wahrscheinlich inferiore ischämie oder linksbelastung ,1,
 sinustachykardie lagetyp normal periphere niederspannung t abnorm in anterolateralen ableitungen xxxx unbestätigter bericht ,1,
 sinusrhythmus linkstyp qrs ( t ) abnorm anteriorer infarkt alter unbest st and t abnorm wahrscheinlich inferolaterale ischämie oder linksbelastung xxxx unbestätigter bericht ,1,
 sinusrhythmus linkstyp qrs ( t ) abnormal hochlateraler infarkt möglich edit lmi xxxx qi avl ( norm xxxx ) ,1,
 sinusrhythmus linkstyp qrs ( t ) abnormal inferiorer infarkt wahrscheinlich alt t abnormal in anterioren ableitungen ,1,
 sinusbradykardie p - sinistrocardiale ueberdrehter linkstyp linksanteriorer fascicular block qrs ( t ) abnorm anteriorer infarkt alter unbest xxxx unbestätigter bericht ,1,
 sinusrhythmus p - sinistrocardiale linkstyp qrs ( t ) abnorm anterolateraler myokardschaden möglich inferiorer infarkt wahrscheinlich alt t abnorm in anterioren ableitungen xxxx unbestätigter bericht ,1,
 sinusrhythmus verdacht auf p - sinistrocardiale lagetyp normal st and t abnorm wahrscheinlich anteriore ischämie oder linksbelastung xxxx unbestätigter bericht ,1,
 sinusrhythmus lagetyp normal periphere niederspannung qrs ( t ) abnormal anteroseptaler infarkt möglich ,1,
 sinusrhythmus av block i lagetyp normal periphere niederspannung qrs ( t ) abnormal hochlateraler infarkt möglich ,1,
 vorhofflimmern - flattern ueberdrehter linkstyp linksanteriorer fascicular block qrs ( t ) abnormal anteroseptaler infarkt alter unbest st and t abnormal wahrscheinlich anterolaterale ischämie oder linksbelastung t abnormal in anterioren ableitungen ,1,
 ventrikuläre extrasystole ( n ) sinusrhythmus linkstyp qrs ( t ) abnorm anteroseptaler infarkt wahrscheinlich alt inferiorer infarkt alter unbest xxxx unbestätigter bericht ,1,
 sinustachykardie av block i ueberdrehter linkstyp qrs ( t ) abnormal anteroseptaler infarkt mögl akut st and t abnormal wahrscheinlich hochlaterale ischämie oder linksbelastung ,1,
 sinusrhythmus verdacht auf p - sinistrocardiale linkstyp xxxx unbestätigter bericht edit lao xxxx ( norm xxxx ) ,1,
 sinusrhythmus verdacht auf p - sinistrocardiale extrem ueberdrehter rechtstyp periphere niederspannung rechtsschenkelblock qrs ( t ) abnorm anteriorer infarkt alter unbest inferolateraler infarkt wahrscheinlich alt xxxx ,1,
 sinusrhythmus rechtstyp qrs ( t ) abnorm hochlateraler infarkt xxxx unbestätigter bericht ,1,
 sinusrhythmus p - verbreiterung lagetyp normal unvollständiger rechtsschenkelblock xxxx unbestätigter bericht ,1,
 sinusbradykardie lagetyp normal qrs ( t ) abnorm inferiorer myokardschaden nicht auszuschliessen xxxx unbestätigter bericht ,1,
 sinusrhythmus verdacht auf p - sinistrocardiale lagetyp normal qrs ( t ) abnorm anteriorer infarkt alter unbest t abnorm in inferolateralen ableitungen xxxx unbestätigter bericht ,1,
 ventrikuläre extrasystole ( n ) sinusrhythmus linkstyp rechtsschenkelblock ,1,
 sinusrhythmus av block i verdacht auf p - sinistrocardiale lagetyp normal qrs ( t ) abnorm inferiorer myokardschaden nicht auszuschliessen xxxx unbestätigter bericht ,1,
 sinusrhythmus ueberdrehter linkstyp qrs ( t ) abnormal anteroseptaler infarkt wahrscheinlich alt st and t abnormal wahrscheinlich laterale ischämie oder linksbelastung ,1,
 sinusrhythmus verdacht auf p - sinistrocardiale linkstyp linkshypertrophie qrs ( t ) abnorm inferiorer infarkt wahrscheinlich alt xxxx unbestätigter bericht ,1,
 vorhofflimmern - flattern linkstyp t abnormal in inferolateralen ableitungen ,1,
 ventrikuläre extrasystole ( n ) vorhofflimmern - flattern lagetyp normal mässige amplitudenkriterien für linkshypertrophie st and t abnorm wahrscheinlich anterolaterale ischämie oder linksbelastung xxxx unbestätigter bericht ,2,
 sinusrhythmus p - sinistrocardiale ueberdrehter rechtstyp qrs ( t ) abnorm anteriorer infarkt mögl akut hochlateraler infarkt xxxx unbestätigter bericht ,1,
 ventrikuläre extrasystole ( n ) supraventrikuläre extrasystole ( n ) sinusrhythmus av block i ueberdrehter linkstyp linksschenkelblock xxxx unbestätigter bericht ,1,
 sinusrhythmus schwierig bestimmbare qrs - achse t abnorm in inferolateralen ableitungen xxxx unbestätigter bericht ,1,
 sinusrhythmus p - verbreiterung ueberdrehter linkstyp linkshypertrophie ,1,
 sinusrhythmus lagetyp normal qrs ( t ) abnorm anteroseptaler infarkt wahrscheinlich alt inferiorer infarkt alter unbest st and t abnorm wahrscheinlich anterolaterale ischämie oder linksbelastung xxxx unbestätigter be ,1,
 ventrikuläre extrasystole ( n ) sinusrhythmus lagetyp normal qrs ( t ) abnorm septaler infarkt nicht auszuschliessen xxxx unbestätigter bericht ,1,
 ventrikuläre extrasystole ( n ) sinus arrhythmie av block i ueberdrehter linkstyp rechtsschenkelblock qrs ( t ) abnorm inferiorer infarkt wahrscheinlich alt xxxx unbestätigter bericht ,1,
 sinusrhythmus verdacht auf p - sinistrocardiale lagetyp normal qrs ( t ) abnorm anteriorer infarkt alter unbest inferiorer infarkt wahrscheinlich alt xxxx unbestätigter bericht ,1,
 sinusrhythmus lagetyp normal unvollständiger rechtsschenkelblock st and t abnormal wahrscheinlich inferiore ischämie oder linksbelastung ,1,
 sinusrhythmus linkstyp periphere niederspannung qrs ( t ) abnormal anterolateraler infarkt mögl akut st and t abnormal möglicherweise neuer anteriorer myokard - oder perikardschaden ,1,
 vorhofflimmern - flattern lagetyp normal unvollständiger rechtsschenkelblock qrs ( t ) abnorm inferiorer infarkt alter unbest st and t abnorm wahrscheinlich anteriore ischämie oder linksbelastung laterale ischämie oder linksbelastung xxxx ,2,
 ventrikuläre extrasystole ( n ) sinus arrhythmie lagetyp normal t abnorm in inferolateralen ableitungen xxxx unbestätigter bericht ,1,
 sinusrhythmus lagetyp normal lagetyp in anbetracht des alters normal normales ecg xxxx unbestätigter bericht edit norm xxxx ,1,
 ventrikuläre extrasystole ( n ) bigeminus sinus arrhythmie lagetyp normal rechtsschenkelblock xxxx unbestätigter bericht ,1,
 sinusrhythmus linkstyp st and t abnorm wahrscheinlich anteriore ischämie oder linksbelastung t abnorm in inferioren ableitungen xxxx unbestätigter bericht ,1,
 sinusrhythmus linkstyp mässige amplitudenkriterien für linkshypertrophie t abnorm in anterolateralen ableitungen inferolateralen ableitungen xxxx unbestätigter bericht ,1,
 vorhofflimmern - flattern linkstyp periphere niederspannung unvollständiger rechtsschenkelblock qrs ( t ) abnormal inferiorer infarkt alter unbest st and t abnormal wahrscheinlich anteriore ischämie oder linksbelastung ,1,
 sinusbradykardie linkstyp qrs ( t ) abnormal anterolateraler infarkt alter unbest t abnormal in anterioren ableitungen ,1,
 sinus arrhythmie linkstyp t abnormal in inferioren ableitungen ,1,
 sinusrhythmus p - verbreiterung ueberdrehter linkstyp unspezifischer intraventrikulärer block qrs ( t ) abnormal hochlateraler infarkt möglich ,1,
 tachykardes vorhofflimmern linkstyp qrs ( t ) abnorm anteroseptaler myokardschaden nicht auszuschliessen xxxx unbestätigter bericht ,1,
 supraventrikuläre extrasystole ( n ) sinusrhythmus lagetyp normal st and t abnormal wahrscheinlich anterolaterale ischämie oder linksbelastung t abnormal in inferioren ableitungen ,1,
 vorhofflimmern - flattern lagetyp normal periphere niederspannung qrs ( t ) abnormal anteroseptaler infarkt wahrscheinlich alt st and t abnormal wahrscheinlich anterolaterale ischämie oder linksbelastung inferolaterale ischämie oder linksbelastung ,1,
 sinusrhythmus ueberdrehter linkstyp unspezifischer intraventrikulärer block qrs ( t ) abnorm anteroseptaler myokardschaden möglich xxxx unbestätigter bericht ,2,
 ventrikuläre extrasystole ( n ) bigeminus sinus arrhythmie lagetyp normal st and t abnorm wahrscheinlich anterolaterale ischämie oder linksbelastung t abnorm in inferolateralen ableitungen xxxx unbestätigter bericht ,1,
 sinusrhythmus lagetyp normal qrs ( t ) abnormal anteroseptaler myokardschaden nicht auszuschliessen st and t abnormal wahrscheinlich anterolaterale ischämie oder linksbelastung inferolaterale ischämie oder linksbelastung ,1,
 vorhofflimmern - flattern linkstyp rechtsschenkelblock ,1,
 sinusrhythmus p - sinistrocardiale lagetyp normal xxxx unbestätigter bericht edit lao ( norm xxxx ) ,1,
 ventrikuläre extrasystole ( n ) sinustachykardie linkstyp ,1,
 ventrikuläre extrasystole ( n ) sinusrhythmus linkstyp unspezifische intraventrikuläre leitungsstörung linkshypertrophie möglich xxxx unbestätigter bericht ,1,
 sinusrhythmus verdacht auf p - sinistrocardiale lagetyp normal periphere niederspannung ,1,
 sinusrhythmus lagetyp normal qrs ( t ) abnorm lateraler infarkt alter unbest inferiorer myokardschaden nicht auszuschliessen xxxx unbestätigter bericht ,1,
 sinusrhythmus lagetyp normal qrs ( t ) abnorm anteriorer infarkt alter unbest st and t abnorm wahrscheinlich inferolaterale ischämie oder linksbelastung xxxx unbestätigter bericht ,1,
 sinus arrhythmie lagetyp normal periphere niederspannung unspezifisches abnormes t xxxx unbestätigter bericht ,1,
 vorhofflimmern - flattern linkstyp qrs ( t ) abnorm inferiorer infarkt wahrscheinlich alt st and t abnorm wahrscheinlich laterale ischämie oder linksbelastung xxxx unbestätigter bericht ,1,
 sinusrhythmus linkstyp st abnorm möglicherweise anteriorer innenschichtsschaden xxxx unbestätigter bericht ,1,
 sinusrhythmus ueberdrehter linkstyp mässige amplitudenkriterien für linkshypertrophie qrs ( t ) abnorm inferiorer infarkt alter unbest t abnorm in anterioren ableitungen xxxx unbestätigter bericht ,1,
 supraventrikuläre extrasystole ( n ) trigeminus sinusrhythmus lagetyp normal st and t abnorm wahrscheinlich anterolaterale ischämie oder linksbelastung inferolaterale ischämie oder linksbelastung xxxx unbestätigter bericht ,1,
 sinusrhythmus linkstyp t abnorm in anterolateralen ableitungen inferolateralen ableitungen qt - verlängerung xxxx unbestätigter bericht ,1,
 vorhofflimmern - flattern linkstyp st and t abnormal wahrscheinlich laterale ischämie oder linksbelastung ,1,
 sinusrhythmus av block i lagetyp normal qrs ( t ) abnorm anteroseptaler infarkt wahrscheinlich alt xxxx unbestätigter bericht ,1,
 vorhofflimmern - flattern lagetyp normal qt - verlängerung xxxx unbestätigter bericht ,1,
 ventrikuläre extrasystole ( n ) trigeminus sinusrhythmus verdacht auf p - sinistrocardiale lagetyp normal st and t abnorm wahrscheinlich inferiore ischämie oder linksbelastung xxxx unbestätigter bericht ,1,
 supraventrikuläre extrasystole ( n ) sinusrhythmus lagetyp normal unspezifisches abnormes t xxxx unbestätigter bericht ,1,
 ventrikuläre extrasystole ( n ) bigeminus sinusrhythmus p - sinistrocardiale lagetyp normal xxxx unbestätigter bericht ,1,
 vorhofflimmern - flattern linkstyp periphere niederspannung st and t abnorm wahrscheinlich anterolaterale ischämie oder linksbelastung xxxx unbestätigter bericht ,1,
 sinus arrhythmie av block i p - verbreiterung ueberdrehter linkstyp st and t abnorm wahrscheinlich anterolaterale ischämie oder linksbelastung t abnorm in inferolateralen ableitungen xxxx unbestätigter bericht ,1,
 supraventrikuläre extrasystole ( n ) sinusrhythmus schwierig bestimmbare qrs - achse rechtsschenkelblock xxxx unbestätigter bericht ,1,
 sinusrhythmus p - verbreiterung lagetyp normal unspezifische intraventrikuläre leitungsstörung xxxx unbestätigter bericht ,1,
 ventrikuläre extrasystole ( n ) sinusrhythmus p - sinistrocardiale lagetyp normal t abnorm in inferioren ableitungen xxxx unbestätigter bericht ,1,
 vorhofflimmern - flattern lagetyp normal unspezifischer intraventrikulärer block qrs ( t ) abnorm anteroseptaler infarkt alter unbest xxxx unbestätigter bericht ,1,
 ventrikuläre extrasystole ( n ) supraventrikuläre extrasystole ( n ) sinusrhythmus linkstyp qrs ( t ) abnorm anteroseptaler myokardschaden nicht auszuschliessen t abnorm in hochlateralen ableitungen xxxx unbestätigter bericht ,1,
 vorhofflimmern - flattern lagetyp normal periphere niederspannung qrs ( t ) abnorm anteroseptaler infarkt alter unbest inferiorer infarkt wahrscheinlich alt xxxx unbestätigter bericht ,1,
 sinusrhythmus ueberdrehter linkstyp qrs ( t ) abnormal anteroseptaler infarkt alter unbest ,1,
 ventrikuläre extrasystole ( n ) interponierte ventrikuläre extrasystole ( n ) sinusrhythmus lagetyp normal ,1,
 ventrikuläre extrasystole ( n ) sinusrhythmus linkstyp linksschenkelblock xxxx unbestätigter bericht ,1,
 sinusrhythmus verdacht auf p - sinistrocardiale lagetyp normal mässige amplitudenkriterien für linkshypertrophie unspezifisches abnormes t xxxx unbestätigter bericht ,1,
 vorhofflimmern - flattern schwierig bestimmbare qrs - achse periphere niederspannung t abnormal in anterolateralen ableitungen ,1,
 sinusrhythmus verdacht auf p - sinistrocardiale linkstyp unvollständiger linksschenkelblock t abnorm in anterolateralen ableitungen xxxx unbestätigter bericht ,1,
 supraventrikuläre extrasystole ( n ) sinusrhythmus ueberdrehter linkstyp linksanteriorer fascicular block qrs ( t ) abnorm anteriorer infarkt wahrscheinlich alt xxxx unbestätigter bericht ,1,
 sinusrhythmus verdacht auf p - sinistrocardiale linkstyp st and t abnorm wahrscheinlich anterolaterale ischämie oder linksbelastung t abnorm in anterioren ableitungen xxxx unbestätigter bericht ,1,
 sinusrhythmus lagetyp normal unspezifisch abnormes st and t ( hebung ) sonst normales ecg xxxx unbestätigter bericht edit norm xxxx ( nst_ ) ,1,
 sinusrhythmus p - sinistrocardiale linkstyp st and t abnorm wahrscheinlich anteriore ischämie oder linksbelastung laterale ischämie oder linksbelastung xxxx unbestätigter bericht ,1,
 sinusrhythmus p - verbreiterung linkstyp t abnorm in anteroseptalen ableitungen xxxx unbestätigter bericht ,1,
 sinusrhythmus p - sinistrocardiale lagetyp normal unvollständiger rechtsschenkelblock st abnorm möglicherweise anterolateraler innenschichtsschaden xxxx unbestätigter bericht ,1,
 sinustachykardie linkstyp linksschenkelblock xxxx unbestätigter bericht ,1,
 tachykardes vorhofflimmern ueberdrehter linkstyp periphere niederspannung qrs ( t ) abnorm septaler infarkt nicht auszuschliessen inferiorer infarkt wahrscheinlich alt xxxx unbestätigter bericht ,1,
 sinusrhythmus av block i p - sinistrocardiale ueberdrehter linkstyp unspezifische intraventrikuläre leitungsstörung st and t abnorm wahrscheinlich laterale ischämie oder linksbelastung xxxx unbestätigter bericht ,1,
 ventrikuläre extrasystole ( n ) sinusrhythmus av block i verdacht auf p - sinistrocardiale linkstyp unspezifischer intraventrikulärer block xxxx unbestätigter bericht ,1,
 sinusrhythmus verdacht auf p - sinistrocardiale lagetyp normal st and t abnorm wahrscheinlich anteriore ischämie oder linksbelastung t abnorm in lateralen ableitungen xxxx unbestätigter bericht ,1,
 ventrikuläre extrasystole ( n ) bigeminus sinustachykardie av block i verdacht auf p - sinistrocardiale linkstyp xxxx unbestätigter bericht ,1,
 supraventrikuläre arrhythmie lagetyp normal qrs ( t ) abnorm anterolateraler myokardschaden möglich xxxx unbestätigter bericht ,1,
 sinusrhythmus ueberdrehter linkstyp qrs ( t ) abnorm anteriorer infarkt alter unbest inferiorer infarkt möglich xxxx unbestätigter bericht ,1,
 sinus arrhythmie av block i lagetyp normal linksschenkelblock linkshypertrophie möglich xxxx unbestätigter bericht ,1,
 sinustachykardie schwierig bestimmbare qrs - achse periphere niederspannung t abnorm in inferioren ableitungen xxxx unbestätigter bericht ,1,
 sinusrhythmus lagetyp normal unspezifische intraventrikuläre leitungsstörung qrs ( t ) abnorm anteroseptaler infarkt mögl akut inferiorer infarkt wahrscheinlich alt st and t abnorm wahrscheinlich anterolaterale ischämie oder linksbelastung xxxx ,1,
 sinusbradykardie linkstyp mässige amplitudenkriterien für linkshypertrophie qrs ( t ) abnorm anteroseptaler myokardschaden möglich xxxx unbestätigter bericht ,1,
 sinustachykardie ueberdrehter rechtstyp periphere niederspannung qrs ( t ) abnorm anteriorer infarkt mögl akut hochlateraler infarkt xxxx unbestätigter bericht ,1,
 sinusrhythmus verdacht auf p - sinistrocardiale linkstyp qrs ( t ) abnormal inferiorer infarkt möglich st and t abnormal wahrscheinlich anterolaterale ischämie oder linksbelastung t abnormal in anterioren ableitungen ,1,
 sinusrhythmus ueberdrehter linkstyp unspezifische intraventrikuläre leitungsstörung qrs ( t ) abnorm anteriorer infarkt wahrscheinlich alt st and t abnorm wahrscheinlich hochlaterale ischämie oder linksbelastung xxxx unbestä ,1,
 vorhofflimmern - flattern lagetyp normal linkshypertrophie möglich xxxx unbestätigter bericht ,1,
 ventrikuläre extrasystole ( n ) sinus arrhythmie ueberdrehter linkstyp unspezifischer intraventrikulärer block xxxx unbestätigter bericht ,1,
 sinusrhythmus verdacht auf p - sinistrocardiale linkstyp qrs ( t ) abnorm anteroseptaler infarkt mögl akut inferiorer infarkt wahrscheinlich alt xxxx unbestätigter bericht ,1,
 sinusrhythmus linkstyp mässige amplitudenkriterien für linkshypertrophie qrs ( t ) abnorm anteroseptaler myokardschaden nicht auszuschliessen xxxx unbestätigter bericht ,1,
 sinusrhythmus av block i lagetyp normal unspezifischer intraventrikulärer block qrs ( t ) abnorm anteroseptaler infarkt mögl akut inferiorer infarkt alter unbest xxxx unbestätigter bericht ,1,
 sinusrhythmus av block i verdacht auf p - sinistrocardiale linkstyp unspezifischer intraventrikulärer block qrs ( t ) abnorm anteriorer infarkt alter unbest inferiorer infarkt wahrscheinlich alt xxxx unbestätigter beric ,1,
 vorhofflimmern - flattern lagetyp normal periphere niederspannung qrs ( t ) abnorm inferiorer myokardschaden möglich xxxx unbestätigter bericht ,1,
 sinusrhythmus linkstyp r - s #bergang in v ableitungen nach links verschoben t abnormal in anteroseptalen ableitungen qt - verlängerung ,1,
 supraventrikuläre extrasystole ( n ) sinusrhythmus p - sinistrocardiale linkstyp rechtsschenkelblock xxxx unbestätigter bericht ,1,
 sinusrhythmus verdacht auf p - sinistrocardiale ueberdrehter linkstyp r - s übergang in v ableitungen nach rechts verschoben unvollständiger rechtsschenkelblock qrs ( t ) abnorm inferiorer infarkt wahrscheinlich alt t abnorm in anterioren ableitungen xxxx ,1,
 tachykardes vorhofflimmern ueberdrehter linkstyp unspezifischer intraventrikulärer block qrs ( t ) abnorm inferiorer infarkt mögl akut xxxx unbestätigter bericht ,2,
 sinusrhythmus verdacht auf p - sinistrocardiale ueberdrehter linkstyp xxxx unbestätigter bericht ,1,
 sinusrhythmus verdacht auf p - sinistrocardiale linkstyp qrs ( t ) abnorm anteroseptaler myokardschaden möglich inferiorer infarkt wahrscheinlich alt t abnorm in anterolateralen ableitungen xxxx unbestätigter bericht ,1,
 sinusrhythmus p - dextrocardiale ueberdrehter rechtstyp linksposteriorer fascicular block rechtshypertrophie möglich qrs ( t ) abnorm inferiorer infarkt alter unbest xxxx unbestätigter bericht ,1,
 ventrikuläre extrasystole ( n ) sinus arrhythmie lagetyp normal t abnorm in anterioren ableitungen lateralen ableitungen qt - verlängerung xxxx unbestätigter bericht ,1,
 ventrikuläre extrasystole ( n ) sinusrhythmus av block i ueberdrehter linkstyp r - s #bergang in v ableitungen nach rechts verschoben qrs ( t ) abnormal inferiorer infarkt wahrscheinlich alt ,1,
 sinusrhythmus lagetyp normal qrs ( t ) abnorm anteriorer infarkt alter unbest inferiorer infarkt wahrscheinlich alt xxxx unbestätigter bericht ,1,
 sinusrhythmus p - sinistrocardiale ueberdrehter linkstyp t abnormal in hochlateralen ableitungen ,1,
 sinusrhythmus p - sinistrocardiale lagetyp normal qrs ( t ) abnorm lateraler myokardschaden nicht auszuschliessen st and t abnorm wahrscheinlich inferolaterale ischämie oder linksbelastung xxxx unbestätigter bericht ,1,
 regelmässiger rhythmus keine p - welle erkannt ueberdrehter linkstyp unspezifischer intraventrikulärer block qrs ( t ) abnorm anteriorer infarkt mögl akut xxxx unbestätigter bericht ,1,
 sinustachykardie ueberdrehter linkstyp qrs ( t ) abnorm anterolateraler infarkt alter unbest inferiorer infarkt alter unbest xxxx unbestätigter bericht ,2,
 sinusrhythmus p - verbreiterung linkstyp qrs ( t ) abnorm lateraler infarkt alter unbest xxxx unbestätigter bericht ,1,
 sinusrhythmus p - sinistrocardiale lagetyp normal periphere niederspannung qrs ( t ) abnorm lateraler infarkt alter unbest t abnorm in anterioren ableitungen xxxx unbestätigter bericht ,2,
 sinusrhythmus linkstyp qrs ( t ) abnorm anteroseptaler myokardschaden nicht auszuschliessen inferiorer infarkt alter unbest xxxx unbestätigter bericht ,1,
 vorhofflimmern - flattern linkstyp periphere niederspannung rechtsschenkelblock qrs ( t ) abnormal anteroseptaler infarkt alter unbest inferiorer infarkt wahrscheinlich alt ,1,
 sinustachykardie ueberdrehter linkstyp qrs ( t ) abnorm anterolateraler infarkt alter unbest inferiorer infarkt wahrscheinlich alt xxxx unbestätigter bericht ,1,
 sinusrhythmus p - sinistrocardiale linkstyp qrs ( t ) abnorm anteroseptaler myokardschaden möglich inferiorer infarkt wahrscheinlich alt st and t abnorm wahrscheinlich laterale ischämie oder linksbelastung xxxx unbestätigte ,1,
 supraventrikuläre extrasystole ( n ) sinusrhythmus av block i verdacht auf p - sinistrocardiale extrem ueberdrehter rechtstyp linksanteriorer fascicular block rechtsschenkelblock bifaszikulärer block qrs ( t ) abnorm anteriorer infarkt mögl akut xxxx ,1,
 sinusrhythmus av block i ueberdrehter linkstyp linksschenkelblock ,1,
 sinustachykardie p - sinistrocardiale schwierig bestimmbare qrs - achse qrs ( t ) abnorm inferiorer infarkt wahrscheinlich alt st and t abnorm wahrscheinlich anteriore ischämie oder linksbelastung t abnorm in lateralen ableitungen xxxx ,1,
 tachykardes vorhofflimmern ueberdrehter linkstyp qrs ( t ) abnorm anteroseptaler infarkt wahrscheinlich alt inferiorer infarkt wahrscheinlich alt t abnorm in hochlateralen ableitungen xxxx unbestätigter bericht ,1,
 sinusrhythmus lagetyp normal qrs ( t ) abnorm anteriorer infarkt alter unbest st and t abnorm wahrscheinlich hochlaterale ischämie oder linksbelastung xxxx unbestätigter bericht ,1,
 sinustachykardie av block i lagetyp normal qrs ( t ) abnorm anteroseptaler myokardschaden nicht auszuschliessen xxxx unbestätigter bericht ,1,
 sinusrhythmus schwierig bestimmbare qrs - achse periphere niederspannung qrs ( t ) abnorm anteriorer infarkt alter unbest xxxx unbestätigter bericht ,1,
 ventrikuläre extrasystole ( n ) tachykardes vorhofflimmern lagetyp normal linksschenkelblock linkshypertrophie möglich xxxx unbestätigter bericht ,1,
 sinusrhythmus lagetyp normal unspezifische intraventrikuläre leitungsstörung linkshypertrophie qrs ( t ) abnormal inferiorer myokardschaden nicht auszuschliessen ,1,
 sinustachykardie p - sinistrocardiale linkstyp periphere niederspannung linkshypertrophie möglich qrs ( t ) abnorm anteroseptaler myokardschaden nicht auszuschliessen xxxx unbestätigter bericht ,1,
 ventrikuläre extrasystole ( n ) bigeminus sinus arrhythmie linkstyp t abnorm in anterioren ableitungen qt - verlängerung xxxx unbestätigter bericht ,1,
 sinusrhythmus verdacht auf p - sinistrocardiale lagetyp normal qrs ( t ) abnormal inferiorer infarkt wahrscheinlich alt ,1,
 sinus arrhythmie linkstyp t abnorm in anterioren ableitungen xxxx unbestätigter bericht ,1,
 sinusrhythmus extrem ueberdrehter rechtstyp linksanteriorer fascicular block qrs ( t ) abnorm anteroseptaler infarkt wahrscheinlich alt t abnorm in anterolateralen ableitungen xxxx unbestätigter bericht ,1,
 sinusrhythmus lagetyp normal periphere niederspannung mässige amplitudenkriterien für linkshypertrophie st and t abnorm wahrscheinlich inferiore ischämie oder linksbelastung xxxx unbestätigter bericht ,1,
 sinusrhythmus ueberdrehter linkstyp t abnorm in anterioren ableitungen lateralen ableitungen xxxx unbestätigter bericht ,1,
 sinusrhythmus ueberdrehter linkstyp t abnorm in anterolateralen ableitungen xxxx unbestätigter bericht ,2,
 sinusrhythmus ueberdrehter linkstyp t abnorm in anterolateralen ableitungen inferolateralen ableitungen xxxx unbestätigter bericht ,1,
 sinus arrhythmie ueberdrehter linkstyp t abnorm in anterolateralen ableitungen xxxx unbestätigter bericht ,1,
 sinustachykardie p - sinistrocardiale schwierig bestimmbare qrs - achse qrs ( t ) abnorm inferiorer infarkt alter unbest st and t abnorm wahrscheinlich anteriore ischämie oder linksbelastung xxxx unbestätigter bericht ,1,
 sinusrhythmus verdacht auf p - sinistrocardiale ueberdrehter rechtstyp rechtsschenkelblock qrs ( t ) abnorm anteriorer infarkt alter unbest xxxx unbestätigter bericht ,1,
 supraventrikuläre arrhythmie p - sinistrocardiale ueberdrehter linkstyp t abnorm in inferioren ableitungen qt - verlängerung xxxx unbestätigter bericht ,1,
 sinusrhythmus schwierig bestimmbare qrs - achse qrs ( t ) abnorm lateraler infarkt wahrscheinlich alt inferiorer myokardschaden nicht auszuschliessen xxxx unbestätigter bericht ,1,
 supraventrikuläre arrhythmie p - verbreiterung linkstyp qrs ( t ) abnorm inferiorer infarkt wahrscheinlich alt t abnorm in anterolateralen ableitungen xxxx unbestätigter bericht ,1,
 tachykardes vorhofflimmern linkstyp unvollständiger linksschenkelblock qrs ( t ) abnorm inferiorer infarkt alter unbest st and t abnorm wahrscheinlich anterolaterale ischämie oder linksbelastung xxxx unbestätigter bericht ,1,
 ventrikuläre extrasystole ( n ) sinus arrhythmie lagetyp normal linksschenkelblock linkshypertrophie möglich xxxx unbestätigter bericht ,1,
 sinusrhythmus ueberdrehter linkstyp qrs ( t ) abnorm inferiorer infarkt wahrscheinlich alt t abnorm in anterolateralen ableitungen xxxx unbestätigter bericht ,1,
 sinusrhythmus lagetyp normal mässige amplitudenkriterien für linkshypertrophie st and t abnorm wahrscheinlich anterolaterale ischämie oder linksbelastung inferolaterale ischämie oder linksbelastung t abnorm in anterioren ableitungen xxxx ,1,
 vorhofflimmern - flattern lagetyp normal niederspannungs - ecg qrs ( t ) abnorm inferiorer infarkt alter unbest t abnorm in anterioren ableitungen xxxx unbestätigter bericht ,1,
 sinusrhythmus av block i p - sinistrocardiale lagetyp normal xxxx unbestätigter bericht ,1,
 supraventrikuläre extrasystole ( n ) bigeminus supraventrikuläre ersatzsystole ( n ) sinustachykardie extrem ueberdrehter rechtstyp linksanteriorer fascicular block rechtsschenkelblock bifaszikulärer block xxxx unbestätigter bericht ,1,
 sinusrhythmus av block i p - sinistrocardiale linkstyp qrs ( t ) abnorm inferiorer infarkt möglich xxxx unbestätigter bericht ,1,
 ventrikuläre extrasystole ( n ) sinus arrhythmie linkstyp t abnorm in anterioren ableitungen lateralen ableitungen inferolateralen ableitungen qt - verlängerung xxxx unbestätigter bericht ,1,
 sinusrhythmus av block i p - sinistrocardiale linkstyp linkshypertrophie qrs ( t ) abnorm anteroseptaler infarkt mögl akut xxxx unbestätigter bericht ,1,
 vorhofflimmern - flattern lagetyp normal st and t abnorm wahrscheinlich anterolaterale ischämie oder linksbelastung t abnorm in anterioren ableitungen xxxx unbestätigter bericht ,1,
 sinusrhythmus verdacht auf p - sinistrocardiale ueberdrehter linkstyp st and t abnorm wahrscheinlich hochlaterale ischämie oder linksbelastung xxxx unbestätigter bericht ,1,
 tachykardes vorhofflimmern linkstyp qrs ( t ) abnorm anteroseptaler infarkt alter unbest st and t abnorm wahrscheinlich anterolaterale ischämie oder linksbelastung inferolaterale ischämie oder linksbelastung xxxx unbestä ,1,
 sinusrhythmus linkstyp unspezifische intraventrikuläre leitungsstörung qrs ( t ) abnorm anteroseptaler myokardschaden nicht auszuschliessen st and t abnorm wahrscheinlich inferiore ischämie oder linksbelastung t abnorm in anterolateralen ableitungen xxxx ,1,
 vorhofflimmern - flattern ueberdrehter linkstyp linksanteriorer fascicular block rechtsschenkelblock bifaszikulärer block xxxx unbestätigter bericht ,2,
 sinusrhythmus linkstyp periphere niederspannung t abnorm in anterolateralen ableitungen xxxx unbestätigter bericht ,1,
 sinusrhythmus p - sinistrocardiale schwierig bestimmbare qrs - achse qrs ( t ) abnorm septaler infarkt nicht auszuschliessen hochlateraler infarkt nicht auszuschliessen xxxx unbestätigter bericht ,1,
 ventrikuläre extrasystole ( n ) sinus arrhythmie linkstyp qrs ( t ) abnorm inferiorer infarkt alter unbest t abnorm in anterioren ableitungen lateralen ableitungen xxxx unbestätigter bericht ,1,
 sinusrhythmus p - verbreiterung lagetyp normal qrs ( t ) abnorm inferiorer infarkt möglich st and t abnorm wahrscheinlich laterale ischämie oder linksbelastung xxxx unbestätigter bericht ,1,
 ventrikuläre extrasystole ( n ) bigeminus sinus arrhythmie linkstyp t abnorm in anterioren ableitungen lateralen ableitungen inferolateralen ableitungen qt - verlängerung xxxx unbestätigter bericht ,1,
 sinusrhythmus p - verbreiterung ueberdrehter linkstyp qrs ( t ) abnorm anteriorer infarkt alter unbest inferiorer infarkt wahrscheinlich alt t abnorm in lateralen ableitungen xxxx unbestätigter bericht ,1,
 sinusrhythmus ueberdrehter linkstyp linksanteriorer fascicular block t abnorm in hochlateralen ableitungen xxxx unbestätigter bericht ,1,
 supraventrikuläre extrasystole ( n ) sinusrhythmus lagetyp normal linkshypertrophie qt - verlängerung xxxx unbestätigter bericht ,1,
 sinusrhythmus verdacht auf p - sinistrocardiale ueberdrehter linkstyp t abnorm in anterolateralen ableitungen xxxx unbestätigter bericht ,1,
 sinusrhythmus p - verbreiterung lagetyp normal unvollständiger linksschenkelblock qrs ( t ) abnorm anteroseptaler infarkt wahrscheinlich alt xxxx unbestätigter bericht ,1,
 sinusrhythmus av block i lagetyp normal t abnorm in lateralen ableitungen xxxx unbestätigter bericht ,1,
 supraventrikuläre extrasystole ( n ) sinusrhythmus rechtstyp rechtsschenkelblock xxxx unbestätigter bericht ,1,
 sinusrhythmus linkstyp t abnorm in anterioren ableitungen lateralen ableitungen inferolateralen ableitungen qt - verlängerung xxxx unbestätigter bericht ,1,
 sinusrhythmus ueberdrehter linkstyp qrs ( t ) abnorm inferiorer infarkt wahrscheinlich alt t abnorm in hochlateralen ableitungen xxxx unbestätigter bericht ,1,
 sinusrhythmus schwierig bestimmbare qrs - achse unspezifische intraventrikuläre leitungsstörung qrs ( t ) abnorm anteroseptaler infarkt alter unbest st and t abnorm wahrscheinlich hochlaterale ischämie oder linksbelastung t abnorm in anterioren ablei ,1,
 ventrikuläre extrasystole ( n ) vorhofflimmern - flattern lagetyp normal periphere niederspannung linksschenkelblock linkshypertrophie möglich xxxx unbestätigter bericht ,1,
 sinusrhythmus lagetyp normal unspezifische intraventrikuläre leitungsstörung mässige amplitudenkriterien für linkshypertrophie t abnorm in inferioren ableitungen xxxx unbestätigter bericht ,1,
 sinusrhythmus lagetyp normal qrs ( t ) abnorm anteroseptaler infarkt wahrscheinlich alt inferiorer infarkt wahrscheinlich alt st and t abnorm wahrscheinlich hochlaterale ischämie oder linksbelastung xxxx unbestätigter ,1,
 sinusrhythmus lagetyp normal qrs ( t ) abnorm anteroseptaler infarkt wahrscheinlich alt inferiorer infarkt wahrscheinlich alt st and t abnorm wahrscheinlich laterale ischämie oder linksbelastung xxxx unbestätigter ber ,1,
 vorhofflimmern - flattern linkstyp qrs ( t ) abnorm inferiorer infarkt möglich xxxx unbestätigter bericht ,1,
 vorhofflimmern - flattern lagetyp normal qrs ( t ) abnorm inferiorer myokardschaden möglich qt - verlängerung xxxx unbestätigter bericht ,1,
 sinusrhythmus verdacht auf p - sinistrocardiale ueberdrehter linkstyp qrs ( t ) abnorm anteriorer infarkt alter unbest t abnorm in lateralen ableitungen xxxx unbestätigter bericht ,1,
 sinus arrhythmie verdacht auf p - sinistrocardiale lagetyp normal qrs ( t ) abnorm anteroseptaler infarkt wahrscheinlich alt st and t abnorm wahrscheinlich hochlaterale ischämie oder linksbelastung xxxx unbestätigter bericht ,1,
 sinusbradykardie av block i linkstyp unspezifischer intraventrikulärer block xxxx unbestätigter bericht ,1,
 sinusrhythmus lagetyp normal qrs ( t ) abnorm inferiorer myokardschaden nicht auszuschliessen t abnorm in anterioren ableitungen qt - verlängerung xxxx unbestätigter bericht ,1,
 sinusrhythmus p - sinistrocardiale linkstyp unvollständiger rechtsschenkelblock linkshypertrophie xxxx unbestätigter bericht ,1,
 tachykardes vorhofflimmern ueberdrehter linkstyp st and t abnormal wahrscheinlich anteriore ischämie oder linksbelastung t abnormal in lateralen ableitungen ,1,
 sinus arrhythmie ueberdrehter linkstyp qrs ( t ) abnormal inferiorer infarkt wahrscheinlich alt t abnormal in hochlateralen ableitungen ,1,
 sinusbradykardie ueberdrehter linkstyp unspezifische intraventrikuläre leitungsstörung qrs ( t ) abnormal septaler infarkt nicht auszuschliessen st and t abnormal wahrscheinlich hochlaterale ischämie oder linksbelastung t abnormal in inferioren ableitun ,1,
 vorhofflimmern - flattern lagetyp normal unvollständiger rechtsschenkelblock st and t abnormal wahrscheinlich anteriore ischämie oder linksbelastung laterale ischämie oder linksbelastung inferolaterale ischämie oder linksbelastung ,1,
 vorhofflimmern - flattern linkstyp st and t abnorm wahrscheinlich anterolaterale ischämie oder linksbelastung xxxx unbestätigter bericht ,2,
 supraventrikuläre arrhythmie ueberdrehter linkstyp t abnorm in anterioren ableitungen xxxx unbestätigter bericht ,1,
 ventrikuläre extrasystole ( n ) supraventrikuläre extrasystole ( n ) sinusrhythmus av block i linkstyp qrs ( t ) abnormal inferiorer infarkt möglich t abnormal in hochlateralen ableitungen ,1,
 sinusrhythmus p - sinistrocardiale ueberdrehter linkstyp linksanteriorer fascicular block qrs ( t ) abnorm anteroseptaler myokardschaden möglich st and t abnorm wahrscheinlich anterolaterale ischämie oder linksbelastung xxxx unbestätigte ,1,
 sinusrhythmus p - sinistrocardiale ueberdrehter linkstyp qrs ( t ) abnorm anteroseptaler myokardschaden möglich st and t abnorm wahrscheinlich anterolaterale ischämie oder linksbelastung xxxx unbestätigter bericht ,1,
 sinusrhythmus verdacht auf p - sinistrocardiale lagetyp normal qrs ( t ) abnorm inferiorer infarkt wahrscheinlich alt st and t abnorm wahrscheinlich hochlaterale ischämie oder linksbelastung xxxx unbestätigter bericht ,1,
 g tachykardes vorhofflimmern ueberdrehter linkstyp periphere niederspannung linksschenkelblock ,1,
 sinusrhythmus ueberdrehter linkstyp qrs ( t ) abnorm anteroseptaler myokardschaden möglich inferiorer infarkt wahrscheinlich alt xxxx unbestätigter bericht ,1,
 sinusrhythmus linkstyp qrs ( t ) abnorm anteriorer infarkt alter unbest inferiorer infarkt alter unbest st and t abnorm wahrscheinlich laterale ischämie oder linksbelastung xxxx unbestätigter bericht ,1,
 vorhofflimmern - flattern ueberdrehter linkstyp linksanteriorer fascicular block qrs ( t ) abnorm anteroseptaler myokardschaden möglich inferiorer infarkt wahrscheinlich alt xxxx unbestätigter bericht ,1,
 sinusrhythmus linkstyp sonst normales ecg xxxx unbestätigter bericht edit norm xxxx rsiii ( norm xxxx ) ,1,
 sinusrhythmus verdacht auf p - sinistrocardiale linkstyp mässige amplitudenkriterien für linkshypertrophie qrs ( t ) abnorm anteroseptaler infarkt wahrscheinlich alt st and t abnorm wahrscheinlich anterolaterale ischämie oder linksbelastung inferol ,1,
 sinusrhythmus linkstyp mässige amplitudenkriterien für linkshypertrophie qrs ( t ) abnorm inferiorer infarkt wahrscheinlich alt st and t abnorm wahrscheinlich anterolaterale ischämie oder linksbelastung xxxx unbestätigter be ,1,
 sinusrhythmus lagetyp normal linkshypertrophie möglich qrs ( t ) abnorm inferiorer infarkt alter unbest xxxx unbestätigter bericht ,1,
 sinus arrhythmie linkstyp unvollständiger linksschenkelblock xxxx unbestätigter bericht ,1,
 sinustachykardie linkstyp st and t abnorm wahrscheinlich anteriore ischämie oder linksbelastung xxxx unbestätigter bericht ,1,
 ventrikuläre extrasystole ( n ) sinusrhythmus extrem ueberdrehter rechtstyp periphere niederspannung rechtsschenkelblock qrs ( t ) abnorm lateraler infarkt alter unbest xxxx unbestätigter bericht ,1,
 sinusrhythmus lagetyp normal st and t abnorm wahrscheinlich anteriore ischämie oder linksbelastung laterale ischämie oder linksbelastung xxxx unbestätigter bericht ,1,
 vorhofflimmern - flattern lagetyp normal unspezifische intraventrikuläre leitungsstörung mässige amplitudenkriterien für linkshypertrophie qrs ( t ) abnorm anteriorer infarkt möglich st and t abnorm wahrscheinlich laterale ischämie oder linksbelastung ,1,
 sinusrhythmus av block i ueberdrehter linkstyp r - s #bergang in v ableitungen nach links verschoben periphere niederspannung qrs ( t ) abnormal hochlateraler infarkt möglich ,1,
 sinusrhythmus verdacht auf p - sinistrocardiale lagetyp normal unspezifische abnorme st - senkung unspezifisches abnormes t xxxx unbestätigter bericht ,1,
 sinusrhythmus p - sinistrocardiale ueberdrehter linkstyp rechtsschenkelblock qrs ( t ) abnorm inferiorer infarkt alter unbest xxxx unbestätigter bericht ,1,
 ventrikuläre extrasystole ( n ) trigeminus sinustachykardie lagetyp normal periphere niederspannung unspezifisches abnormes t xxxx unbestätigter bericht ,1,
 sinusrhythmus p - sinistrocardiale ueberdrehter linkstyp linksanteriorer fascicular block st and t abnorm wahrscheinlich hochlaterale ischämie oder linksbelastung t abnorm in lateralen ableitungen xxxx unbestätigter bericht ,1,
 sinusrhythmus lagetyp normal qrs ( t ) abnorm lateraler infarkt wahrscheinlich alt inferiorer infarkt möglich xxxx unbestätigter bericht ,1,
 sinusrhythmus ueberdrehter linkstyp periphere niederspannung qrs ( t ) abnormal anteroseptaler infarkt alter unbest ,1,
 sinusrhythmus lagetyp normal periphere niederspannung unspezifisches abnormes t qt - verlängerung xxxx unbestätigter bericht ,1,
 sinusrhythmus av block i lagetyp normal qt - verlängerung xxxx unbestätigter bericht ,1,
 sinusrhythmus av block i p - verbreiterung lagetyp normal t abnorm in anteroseptalen ableitungen xxxx unbestätigter bericht ,1,
 sinustachykardie verdacht auf p - sinistrocardiale linkstyp qrs ( t ) abnorm anteroseptaler myokardschaden möglich inferiorer infarkt wahrscheinlich alt t abnorm in hochlateralen ableitungen xxxx unbestätigter bericht ,1,
 supraventrikuläre extrasystole ( n ) sinusrhythmus linkstyp qrs ( t ) abnorm anteroseptaler myokardschaden möglich qt - verlängerung xxxx unbestätigter bericht ,1,
 interponierte ventrikuläre extrasystole ( n ) sinus arrhythmie lagetyp normal qrs ( t ) abnorm anteroseptaler infarkt wahrscheinlich alt xxxx unbestätigter bericht ,1,
 sinusrhythmus lagetyp normal qrs ( t ) abnormal anteroseptaler infarkt alter unbest inferiorer myokardschaden nicht auszuschliessen ,1,
 sinus arrhythmie lagetyp normal qrs ( t ) abnorm anteriorer infarkt alter unbest t abnorm in hochlateralen ableitungen xxxx unbestätigter bericht ,1,
 sinusrhythmus av block i linkstyp qrs ( t ) abnorm anteroseptaler myokardschaden nicht auszuschliessen xxxx unbestätigter bericht ,1,
 sinusrhythmus av block i linkstyp qrs ( t ) abnorm anteroseptaler infarkt alter unbest st and t abnorm wahrscheinlich hochlaterale ischämie oder linksbelastung t abnorm in anterioren ableitungen xxxx unbestätigter bericht ,1,
 sinusrhythmus schwierig bestimmbare qrs - achse periphere niederspannung qrs ( t ) abnorm anterolateraler infarkt möglich inferiorer infarkt wahrscheinlich alt st and t abnorm wahrscheinlich anteriore ischämie oder linksbelastung xxxx ,1,
 ventrikuläre extrasystole ( n ) vorhofflimmern - flattern linkstyp unvollständiger linksschenkelblock qrs ( t ) abnorm inferiorer infarkt alter unbest st and t abnorm wahrscheinlich anteriore ischämie oder linksbelastung xxxx u ,1,
 ventrikuläre extrasystole ( n ) sinusrhythmus linkstyp unspezifische intraventrikuläre leitungsstörung linkshypertrophie möglich qrs ( t ) abnorm inferiorer infarkt möglich xxxx unbestätigter bericht ,1,
 sinusrhythmus av block i linkstyp qrs ( t ) abnorm inferiorer infarkt möglich xxxx unbestätigter bericht ,1,
 ventrikuläre extrasystole ( n ) sinusrhythmus linkstyp t abnorm in hochlateralen ableitungen xxxx unbestätigter bericht ,1,
 sinusrhythmus lagetyp normal rechtsschenkelblock qrs ( t ) abnorm inferiorer infarkt wahrscheinlich alt xxxx unbestätigter bericht ,1,
 sinusrhythmus linkstyp sonst normales ecg xxxx unbestätigter bericht edit norm xxxx rsiii avl ( norm xxxx ) ,1,
 vorhofflimmern - flattern lagetyp normal mässige amplitudenkriterien für linkshypertrophie qrs ( t ) abnorm anteroseptaler myokardschaden nicht auszuschliessen xxxx unbestätigter bericht ,1,
 ventrikuläre extrasystole ( n ) sinusrhythmus extrem ueberdrehter rechtstyp linksanteriorer fascicular block rechtsschenkelblock bifaszikulärer block qrs ( t ) abnorm lateraler myokardschaden möglich xxxx unbestätigter bericht ,1,
 sinusrhythmus lagetyp normal normales ecg xxxx unbestätigter bericht edit norm xxxx keine ischämie ( norm xxxx ) ,1,
 sinusrhythmus verdacht auf p - sinistrocardiale lagetyp normal unspezifischer intraventrikulärer block qrs ( t ) abnorm inferiorer infarkt wahrscheinlich alt xxxx unbestätigter bericht ,1,
 sinusrhythmus verdacht auf p - sinistrocardiale linkstyp unvollständiger linksschenkelblock qrs ( t ) abnorm inferiorer infarkt wahrscheinlich alt t abnorm in hochlateralen ableitungen xxxx unbestätigter bericht ,1,
 supraventrikuläre extrasystole ( n ) sinusrhythmus lagetyp normal st and t abnorm wahrscheinlich anterolaterale ischämie oder linksbelastung xxxx unbestätigter bericht ,2,
 sinusrhythmus ueberdrehter linkstyp rechtsschenkelblock qrs ( t ) abnorm anterolateraler myokardschaden möglich inferiorer infarkt alter unbest xxxx unbestätigter bericht ,1,
 ventrikuläre extrasystole ( n ) sinustachykardie ueberdrehter linkstyp qrs ( t ) abnorm anteroseptaler infarkt wahrscheinlich alt t abnorm in hochlateralen ableitungen inferioren ableitungen xxxx unbestätigter bericht ,1,
 sinusrhythmus schwierig bestimmbare qrs - achse t abnorm in inferioren ableitungen xxxx unbestätigter bericht ,1,
 sinusrhythmus lagetyp normal qrs ( t ) abnorm inferiorer infarkt wahrscheinlich alt t abnorm in anterioren ableitungen lateralen ableitungen xxxx unbestätigter bericht ,1,
 sinusrhythmus linkstyp qrs ( t ) abnorm anteroseptaler myokardschaden nicht auszuschliessen st and t abnorm wahrscheinlich anterolaterale ischämie oder linksbelastung xxxx unbestätigter bericht ,1,
 sinusrhythmus p - sinistrocardiale lagetyp normal linkshypertrophie qrs ( t ) abnorm inferiorer infarkt wahrscheinlich alt xxxx unbestätigter bericht ,1,
 sinusrhythmus av block i p - verbreiterung linkstyp qrs ( t ) abnorm anteroseptaler myokardschaden nicht auszuschliessen t abnorm in hochlateralen ableitungen xxxx unbestätigter bericht edit asmi xxxx 1avb xxxx ( asmi xxxx ) ,1,
 vorhofflimmern - flattern ueberdrehter linkstyp linksanteriorer fascicular block st and t abnorm wahrscheinlich anterolaterale ischämie oder linksbelastung xxxx unbestätigter bericht ,1,
 sinusrhythmus p - verbreiterung schwierig bestimmbare qrs - achse periphere niederspannung qrs ( t ) abnorm anterolateraler infarkt möglich inferiorer infarkt alter unbest xxxx unbestätigter bericht ,1,
 sinusrhythmus p - sinistrocardiale lagetyp normal qrs ( t ) abnorm anteriorer infarkt mögl akut t abnorm in hochlateralen ableitungen inferioren ableitungen xxxx unbestätigter bericht ,1,
 sinusrhythmus av block i lagetyp normal periphere niederspannung t abnorm in anteroseptalen ableitungen hochlateralen ableitungen xxxx unbestätigter bericht ,1,
 sinusrhythmus av block i lagetyp normal mässige amplitudenkriterien für linkshypertrophie st and t abnorm wahrscheinlich anterolaterale ischämie oder linksbelastung inferolaterale ischämie oder linksbelastung t abnorm in anterioren ableitungen xxxx ,1,
 sinusrhythmus verdacht auf p - sinistrocardiale ueberdrehter linkstyp unspezifische intraventrikuläre leitungsstörung qrs ( t ) abnorm anteriorer infarkt mögl akut t abnorm in lateralen ableitungen xxxx unbestätigter bericht ,1,
 supraventrikuläre arrhythmie p - sinistrocardiale linkstyp periphere niederspannung qrs ( t ) abnorm anteroseptaler infarkt alter unbest inferiorer infarkt alter unbest xxxx unbestätigter bericht ,1,
 ventrikuläre extrasystole ( n ) bigeminus sinus arrhythmie lagetyp normal qt - verlängerung xxxx unbestätigter bericht ,1,
 sinustachykardie ueberdrehter linkstyp r - s #bergang in v ableitungen nach links verschoben linksanteriorer fascicular block linkshypertrophie ,1,
 sinusrhythmus verdacht auf p - sinistrocardiale linkstyp qrs ( t ) abnorm anteroseptaler infarkt alter unbest t abnorm in anterioren ableitungen lateralen ableitungen xxxx unbestätigter bericht ,1,
 sinusrhythmus av block i ueberdrehter rechtstyp rechtsschenkelblock qrs ( t ) abnorm hochlateraler infarkt nicht auszuschliessen xxxx unbestätigter bericht ,1,
 supraventrikuläre arrhythmie p - verbreiterung lagetyp normal t abnorm in hochlateralen ableitungen xxxx unbestätigter bericht ,1,
 beschleunigter av - rhythmus linkstyp qrs ( t ) abnorm anterolateraler myokardschaden nicht auszuschliessen inferiorer infarkt alter unbest xxxx unbestätigter bericht ,1,
 beschleunigter av - rhythmus lagetyp normal qrs ( t ) abnorm anterolateraler myokardschaden nicht auszuschliessen inferiorer infarkt alter unbest xxxx unbestätigter bericht ,1,
 tachykardes vorhofflimmern lagetyp normal periphere niederspannung qrs ( t ) abnormal inferiorer infarkt alter unbest st and t abnormal wahrscheinlich anterolaterale ischämie oder linksbelastung ,1,
 sinusrhythmus lagetyp normal periphere niederspannung qrs ( t ) abnormal inferiorer infarkt alter unbest t abnormal in anterolateralen ableitungen ,1,
 sinusrhythmus ueberdrehter linkstyp linksanteriorer fascicular block qrs ( t ) abnorm anteroseptaler infarkt wahrscheinlich alt st and t abnorm wahrscheinlich anterolaterale ischämie oder linksbelastung inferolaterale ischämie oder linksbelastung xxxx ,1,
 ventrikuläre extrasystole ( n ) sinus arrhythmie lagetyp normal qt - verlängerung xxxx unbestätigter bericht ,1,
 ventrikuläre extrasystole ( n ) sinusrhythmus ueberdrehter linkstyp rechtsschenkelblock qrs ( t ) abnorm anterolateraler infarkt alter unbest inferiorer infarkt mögl akut xxxx unbestätigter bericht ,1,
 sinusrhythmus verdacht auf p - sinistrocardiale lagetyp normal qrs ( t ) abnorm anteroseptaler infarkt wahrscheinlich alt st and t abnorm wahrscheinlich anterolaterale ischämie oder linksbelastung xxxx unbestätigter bericht ,1,
 sinustachykardie linkstyp unspezifischer intraventrikulärer block xxxx unbestätigter bericht ,1,
 beschleunigter av - rhythmus lagetyp normal qrs ( t ) abnorm anterolateraler myokardschaden möglich inferiorer infarkt alter unbest xxxx unbestätigter bericht ,2,
 sinusrhythmus lagetyp normal r - s übergang in v ableitungen nach rechts verschoben qrs ( t ) abnorm anterolateraler myokardschaden möglich st and t abnorm wahrscheinlich anteriore ischämie oder linksbelastung t abnorm in inferioren ableitungen xxxx ,1,
 supraventrikuläre extrasystole ( n ) sinusrhythmus lagetyp normal linksschenkelblock xxxx unbestätigter bericht ,1,
 tachykardes vorhofflimmern linkstyp qrs ( t ) abnormal anteroseptaler infarkt wahrscheinlich alt inferiorer infarkt alter unbest st and t abnormal wahrscheinlich anterolaterale ischämie oder linksbelastung ,1,
 sinus arrhythmie lagetyp normal st and t abnorm wahrscheinlich anteriore ischämie oder linksbelastung xxxx unbestätigter bericht ,1,
 supraventrikuläre extrasystole ( n ) supraventrikuläre arrhythmie av block i p - verbreiterung ueberdrehter linkstyp linksschenkelblock linkshypertrophie möglich xxxx unbestätigter bericht ,2,
 tachykardes vorhofflimmern lagetyp normal unvollständiger rechtsschenkelblock mässige amplitudenkriterien für linkshypertrophie st and t abnorm wahrscheinlich anteriore ischämie oder linksbelastung laterale ischämie oder linksbelastung inferolater ,1,
 ventrikuläre extrasystole ( n ) bigeminus sinustachykardie lagetyp normal xxxx unbestätigter bericht ,1,
 sinusrhythmus lagetyp normal linkshypertrophie xxxx unbestätigter bericht ,1,
 ventrikuläre extrasystole ( n ) vorhofflimmern - flattern lagetyp normal unvollständiger rechtsschenkelblock mässige amplitudenkriterien für linkshypertrophie st and t abnorm wahrscheinlich anteriore ischämie oder linksbelastung laterale ischämie oder li ,1,
 vorhofflimmern - flattern ueberdrehter linkstyp periphere niederspannung qrs ( t ) abnorm anteroseptaler myokardschaden möglich inferiorer infarkt alter unbest st and t abnorm wahrscheinlich anteriore ischämie oder linksbelastung xxxx ,1,
 beschleunigter av - rhythmus lagetyp normal mässige amplitudenkriterien für linkshypertrophie t abnorm in inferioren ableitungen xxxx unbestätigter bericht ,1,
 sinusrhythmus lagetyp normal qrs ( t ) abnorm inferiorer myokardschaden möglich xxxx unbestätigter bericht edit norm xxxx ( m xxxx ) schmales qiii ( norm xxxx ) ,1,
 sinusrhythmus lagetyp normal periphere niederspannung unspezifische abnorme st - senkung xxxx unbestätigter bericht ,2,
 sinusrhythmus ueberdrehter linkstyp qrs ( t ) abnorm anteroseptaler infarkt wahrscheinlich alt st and t abnorm wahrscheinlich anterolaterale ischämie oder linksbelastung inferolaterale ischämie oder linksbelastung xxxx un ,1,
 ventrikuläre extrasystole ( n ) sinusrhythmus p - verbreiterung lagetyp normal qrs ( t ) abnorm septaler infarkt nicht auszuschliessen inferiorer myokardschaden möglich xxxx unbestätigter bericht ,1,
 sinusrhythmus av block i lagetyp normal t abnorm in anterioren ableitungen hochlateralen ableitungen xxxx unbestätigter bericht ,1,
 sinusrhythmus rechtstyp unspezifischer intraventrikulärer block qrs ( t ) abnormal hochlateraler myokardschaden möglich ,1,
 ventrikuläre extrasystole ( n ) sinus arrhythmie av block i verdacht auf p - sinistrocardiale lagetyp normal linksschenkelblock linkshypertrophie möglich xxxx unbestätigter bericht ,1,
 supraventrikuläre arrhythmie lagetyp normal periphere niederspannung unvollständiger rechtsschenkelblock xxxx unbestätigter bericht ,1,
 sinusrhythmus linkstyp st and t abnorm wahrscheinlich anteriore ischämie oder linksbelastung t abnorm in lateralen ableitungen xxxx unbestätigter bericht ,2,
 supraventrikuläre arrhythmie p - sinistrocardiale lagetyp normal qrs ( t ) abnorm inferiorer myokardschaden möglich xxxx unbestätigter bericht ,1,
 sinusrhythmus lagetyp normal unspezifischer intraventrikulärer block qrs ( t ) abnorm anterolateraler infarkt möglich inferiorer infarkt alter unbest xxxx unbestätigter bericht ,1,
 sinusrhythmus verdacht auf p - sinistrocardiale ueberdrehter linkstyp periphere niederspannung qrs ( t ) abnorm anterolateraler infarkt möglich inferiorer infarkt wahrscheinlich alt xxxx unbestätigter bericht ,1,
 sinusrhythmus lagetyp normal qrs ( t ) abnorm inferiorer infarkt wahrscheinlich alt t abnorm in anterioren ableitungen xxxx unbestätigter bericht ,1,
 sinusrhythmus av block i p - sinistrocardiale ueberdrehter linkstyp unspezifischer intraventrikulärer block qrs ( t ) abnorm inferiorer infarkt möglich xxxx unbestätigter bericht ,1,
 ventrikuläre extrasystole ( n ) supraventrikuläre extrasystole ( n ) sinusrhythmus lagetyp normal rechtsschenkelblock xxxx unbestätigter bericht ,1,
 sinusbradykardie ueberdrehter linkstyp qrs ( t ) abnorm anteroseptaler infarkt wahrscheinlich alt inferiorer infarkt wahrscheinlich alt t abnorm in anterolateralen ableitungen xxxx unbestätigter bericht ,1,
 sinusrhythmus av block i lagetyp normal periphere niederspannung qrs ( t ) abnormal anteroseptaler myokardschaden nicht auszuschliessen st and t abnormal wahrscheinlich inferiore ischämie oder linksbelastung ,1,
 vorhofflimmern - flattern lagetyp normal unvollständiger rechtsschenkelblock mässige amplitudenkriterien für linkshypertrophie st and t abnorm wahrscheinlich anterolaterale ischämie oder linksbelastung inferolaterale ischämie oder linksbelastung xxxx ,1,
 ventrikuläre extrasystole ( n ) interponierte ventrikuläre extrasystole ( n ) supraventrikuläre extrasystole ( n ) supraventrikuläre ersatzsystole ( n ) sinusrhythmus lagetyp normal qt - verlängerung xxxx unbestätigter bericht ,1,
 sinusrhythmus p - sinistrocardiale lagetyp normal linksschenkelblock linkshypertrophie möglich ,1,
 sinusrhythmus p - sinistrocardiale linkstyp unspezifischer intraventrikulärer block qrs ( t ) abnorm septaler infarkt nicht auszuschliessen inferiorer infarkt wahrscheinlich alt xxxx unbestätigter bericht ,1,
 supraventrikuläre extrasystole ( n ) supraventrikuläre arrhythmie lagetyp normal sonst normales ecg xxxx unbestätigter bericht ,1,
 tachykardes vorhofflimmern lagetyp normal qrs ( t ) abnorm inferiorer infarkt alter unbest st and t abnorm wahrscheinlich anterolaterale ischämie oder linksbelastung xxxx unbestätigter bericht ,1,
 sinusrhythmus lagetyp normal unvollständiger rechtsschenkelblock qrs ( t ) abnorm inferiorer myokardschaden nicht auszuschliessen xxxx unbestätigter bericht ,1,
 supraventrikuläre extrasystole ( n ) sinusrhythmus ueberdrehter linkstyp linksanteriorer fascicular block rechtsschenkelblock bifaszikulärer block qrs ( t ) abnorm anteroseptaler myokardschaden möglich xxxx unbestätigter bericht ,1,
 sinus arrhythmie ueberdrehter linkstyp linksschenkelblock linkshypertrophie möglich xxxx unbestätigter bericht ,1,
 sinusrhythmus p - verbreiterung extrem ueberdrehter rechtstyp periphere niederspannung rechtsschenkelblock qrs ( t ) abnorm lateraler infarkt alter unbest xxxx unbestätigter bericht ,1,
 sinusrhythmus schwierig bestimmbare qrs - achse periphere niederspannung qrs ( t ) abnorm anteriorer infarkt alter unbest t abnorm in lateralen ableitungen xxxx unbestätigter bericht ,1,
 supraventrikuläre extrasystole ( n ) sinusrhythmus p - verbreiterung linkstyp qrs ( t ) abnorm anteroseptaler myokardschaden möglich t abnorm in lateralen ableitungen xxxx unbestätigter bericht ,1,
 supraventrikuläre extrasystole ( n ) sinusrhythmus ueberdrehter linkstyp rechtsschenkelblock qrs ( t ) abnorm inferiorer infarkt wahrscheinlich alt xxxx unbestätigter bericht ,1,
 sinusrhythmus verdacht auf p - sinistrocardiale linkstyp rechtsschenkelblock qrs ( t ) abnorm septaler infarkt nicht auszuschliessen inferiorer infarkt wahrscheinlich alt xxxx unbestätigter bericht ,1,
 sinusrhythmus lagetyp normal unvollständiger rechtsschenkelblock qrs ( t ) abnorm anteriorer infarkt möglich xxxx unbestätigter bericht ,1,
 sinusrhythmus linkstyp qrs ( t ) abnorm anteroseptaler infarkt wahrscheinlich alt inferiorer infarkt wahrscheinlich alt xxxx unbestätigter bericht ,1,
 sinusrhythmus ueberdrehter linkstyp linksanteriorer fascicular block qrs ( t ) abnorm lateraler myokardschaden möglich inferiorer infarkt alter unbest xxxx unbestätigter bericht ,1,
 sinusrhythmus rechtstyp linkshypertrophie möglich xxxx unbestätigter bericht ,1,
 sinusrhythmus p - sinistrocardiale ueberdrehter linkstyp rechtsschenkelblock qrs ( t ) abnorm anteroseptaler infarkt wahrscheinlich alt xxxx unbestätigter bericht ,1,
 ventrikuläre extrasystole ( n ) supraventrikuläre extrasystole ( n ) sinusrhythmus verdacht auf p - sinistrocardiale linkstyp xxxx unbestätigter bericht ,1,
 sinusrhythmus lagetyp normal unspezifischer intraventrikulärer block qrs ( t ) abnorm anteroseptaler infarkt wahrscheinlich alt xxxx unbestätigter bericht ,1,
 sinustachykardie lagetyp normal periphere niederspannung qrs ( t ) abnorm anteroseptaler myokardschaden nicht auszuschliessen xxxx unbestätigter bericht ,1,
 supraventrikuläre arrhythmie verdacht auf p - sinistrocardiale linkstyp st and t abnorm wahrscheinlich anterolaterale ischämie oder linksbelastung xxxx unbestätigter bericht ,1,
 sinusrhythmus av block i lagetyp normal qrs ( t ) abnorm anteriorer infarkt möglich inferiorer infarkt wahrscheinlich alt t abnorm in lateralen ableitungen xxxx unbestätigter bericht ,1,
 ventrikuläre extrasystole ( n ) sinus arrhythmie ueberdrehter linkstyp linksanteriorer fascicular block rechtsschenkelblock bifaszikulärer block qrs ( t ) abnorm anteroseptaler myokardschaden möglich xxxx unbestätigter bericht ,1,
 sinusrhythmus lagetyp normal qrs ( t ) abnorm inferiorer myokardschaden nicht auszuschliessen t abnorm in anterioren ableitungen lateralen ableitungen xxxx unbestätigter bericht ,1,
 sinus arrhythmie av block i lagetyp normal xxxx unbestätigter bericht ,1,
 sinusrhythmus lagetyp normal qrs ( t ) abnorm anteroseptaler infarkt wahrscheinlich alt st and t abnorm wahrscheinlich hochlaterale ischämie oder linksbelastung xxxx unbestätigter bericht ,1,
 sinusrhythmus verdacht auf p - sinistrocardiale ueberdrehter linkstyp unspezifischer intraventrikulärer block qrs ( t ) abnorm anteroseptaler infarkt mögl akut xxxx unbestätigter bericht ,1,
 sinusrhythmus linkstyp qrs ( t ) abnorm anteroseptaler infarkt alter unbest inferiorer infarkt wahrscheinlich alt xxxx unbestätigter bericht ,1,
 sinus arrhythmie verdacht auf p - sinistrocardiale lagetyp normal unspezifisch abnormes st and t ( hebung ) xxxx unbestätigter bericht ,1,
 sinusrhythmus linkstyp unspezifische intraventrikuläre leitungsstörung st and t abnorm wahrscheinlich hochlaterale ischämie oder linksbelastung xxxx unbestätigter bericht ,1,
 sinus arrhythmie av block i lagetyp normal mässige amplitudenkriterien für linkshypertrophie xxxx unbestätigter bericht ,1,
 supraventrikuläre extrasystole ( n ) sinusrhythmus av block i lagetyp normal mässige amplitudenkriterien für linkshypertrophie xxxx unbestätigter bericht ,1,
 vorhofflimmern - flattern linkstyp qrs ( t ) abnorm anteriorer infarkt alter unbest t abnorm in lateralen ableitungen xxxx unbestätigter bericht ,1,
 sinus arrhythmie p - sinistrocardiale lagetyp normal qrs ( t ) abnorm anterolateraler infarkt alter unbest inferiorer infarkt möglich xxxx unbestätigter bericht ,1,
 sinusrhythmus p - sinistrocardiale linkstyp unvollständiger rechtsschenkelblock qrs ( t ) abnorm anteroseptaler myokardschaden möglich xxxx unbestätigter bericht ,1,
 idioventrikulärrhythmus xxxx unbestätigter bericht ,1,
 beschleunigter av - rhythmus lagetyp normal periphere niederspannung st and t abnorm wahrscheinlich anterolaterale ischämie oder linksbelastung inferolaterale ischämie oder linksbelastung xxxx unbestätigter bericht ,1,
 ventrikuläre extrasystole ( n ) sinusbradykardie ueberdrehter linkstyp lagetyp in anbetracht des alters abnorm linksanteriorer fascicular block rechtsschenkelblock bifaszikulärer block xxxx unbestätigter bericht ,1,
 sinus arrhythmie ueberdrehter linkstyp periphere niederspannung unspezifisches abnormes t xxxx unbestätigter bericht ,1,
 sinustachykardie lagetyp normal periphere niederspannung t abnorm in hochlateralen ableitungen xxxx unbestätigter bericht ,1,
 sinusrhythmus p - sinistrocardiale lagetyp normal periphere niederspannung qrs ( t ) abnorm lateraler infarkt alter unbest inferiorer infarkt möglich t abnorm in anterioren ableitungen xxxx unbestätigter bericht ,1,
 sinusrhythmus av block i lagetyp normal st and t abnorm wahrscheinlich anterolaterale ischämie oder linksbelastung xxxx unbestätigter bericht ,1,
 sinusrhythmus av block i lagetyp normal mässige amplitudenkriterien für linkshypertrophie xxxx unbestätigter bericht ,1,
 sinus arrhythmie verdacht auf p - sinistrocardiale lagetyp normal mässige amplitudenkriterien für linkshypertrophie st and t abnorm wahrscheinlich hochlaterale ischämie oder linksbelastung xxxx unbestätigter bericht ,1,
 sinusrhythmus p - sinistrocardiale lagetyp normal t abnorm in anterolateralen ableitungen xxxx unbestätigter bericht ,1,
 tachykardes vorhofflimmern linkstyp linkshypertrophie möglich xxxx unbestätigter bericht ,1,
 sinustachykardie schwierig bestimmbare qrs - achse r - s übergang in v ableitungen nach links verschoben periphere niederspannung unspezifisches abnormes t xxxx unbestätigter bericht ,1,
 armelektroden möglicherweise vertauscht sinusrhythmus extrem ueberdrehter rechtstyp rechtsschenkelblock qrs ( t ) abnorm septaler infarkt nicht auszuschliessen inferiorer infarkt möglich xxxx unbestätigter bericht ,1,
 sinusbradykardie lagetyp normal linksschenkelblock xxxx unbestätigter bericht ,1,
 ventrikuläre extrasystole ( n ) bigeminus sinus arrhythmie p - sinistrocardiale lagetyp normal unspezifischer intraventrikulärer block xxxx unbestätigter bericht ,1,
 supraventrikuläre arrhythmie verdacht auf p - sinistrocardiale lagetyp normal qt - verlängerung xxxx unbestätigter bericht ,1,
 supraventrikuläre extrasystole ( n ) trigeminus sinusrhythmus lagetyp normal periphere niederspannung t abnorm in anteroseptalen ableitungen hochlateralen ableitungen xxxx unbestätigter bericht ,1,
 sinusrhythmus av block i p - verbreiterung linkstyp qrs ( t ) abnorm anteriorer infarkt wahrscheinlich alt inferiorer infarkt wahrscheinlich alt t abnorm in hochlateralen ableitungen xxxx unbestätigter bericht ,1,
 sinusrhythmus verdacht auf p - sinistrocardiale linkstyp t abnorm in hochlateralen ableitungen xxxx unbestätigter bericht ,1,
 ventrikuläre extrasystole ( n ) supraventrikuläre extrasystole ( n ) sinusrhythmus lagetyp normal unspezifisches abnormes t qt - verlängerung xxxx unbestätigter bericht ,1,
 supraventrikuläre arrhythmie lagetyp normal qrs ( t ) abnorm lateraler myokardschaden nicht auszuschliessen xxxx unbestätigter bericht ,1,
 vorhofflimmern - flattern linkstyp st abnorm möglicherweise hochlateraler innenschichtsschaden xxxx unbestätigter bericht ,1,
 sinusrhythmus linkstyp qrs ( t ) abnorm anteroseptaler myokardschaden nicht auszuschliessen t abnorm in inferioren ableitungen xxxx unbestätigter bericht ,1,
 sinusrhythmus p - sinistrocardiale lagetyp normal linkshypertrophie qrs ( t ) abnorm anteriorer infarkt möglich inferiorer infarkt wahrscheinlich alt xxxx unbestätigter bericht ,1,
 supraventrikuläre arrhythmie av block i p - verbreiterung lagetyp normal qt - verlängerung xxxx unbestätigter bericht ,1,
 sinusrhythmus linkstyp r - s übergang in v ableitungen nach rechts verschoben qrs ( t ) abnorm lateraler myokardschaden möglich xxxx unbestätigter bericht ,1,
 supraventrikuläre extrasystole ( n ) sinusrhythmus verdacht auf p - sinistrocardiale lagetyp normal unspezifisches abnormes t qt - verlängerung xxxx unbestätigter bericht ,1,
 sinusrhythmus schwierig bestimmbare qrs - achse periphere niederspannung qrs ( t ) abnorm anteroseptaler myokardschaden nicht auszuschliessen xxxx unbestätigter bericht ,1,
 sinusrhythmus ueberdrehter linkstyp qrs ( t ) abnorm lateraler infarkt wahrscheinlich alt inferiorer infarkt möglich st and t abnorm wahrscheinlich anteriore ischämie oder linksbelastung xxxx unbestätigter bericht ,1,
 ventrikuläre extrasystole ( n ) sinustachykardie linkstyp st and t abnorm wahrscheinlich anterolaterale ischämie oder linksbelastung xxxx unbestätigter bericht ,1,
 ventrikuläre tachykardie xxxx unbestätigter bericht ,1,
 sinustachykardie av block i lagetyp normal xxxx unbestätigter bericht ,1,
 sinusrhythmus av block i linkstyp qrs ( t ) abnorm anteroseptaler infarkt möglich inferiorer infarkt wahrscheinlich alt st and t abnorm wahrscheinlich laterale ischämie oder linksbelastung xxxx unbestätigter bericht ,1,
 sinusrhythmus verdacht auf p - sinistrocardiale lagetyp normal linkshypertrophie qt - verlängerung xxxx unbestätigter bericht ,1,
 sinusrhythmus linkstyp st and t abnorm wahrscheinlich anteriore ischämie oder linksbelastung xxxx unbestätigter bericht ,1,
 sinusrhythmus ueberdrehter linkstyp t abnorm in anteroseptalen ableitungen hochlateralen ableitungen xxxx unbestätigter bericht ,1,
 sinusrhythmus lagetyp normal st and t abnorm wahrscheinlich anteriore ischämie oder linksbelastung t abnorm in hochlateralen ableitungen xxxx unbestätigter bericht ,1,
 sinusrhythmus p - sinistrocardiale lagetyp normal unspezifischer intraventrikulärer block qrs ( t ) abnorm anteroseptaler infarkt alter unbest inferiorer infarkt wahrscheinlich alt xxxx unbestätigter bericht ,1,
 ventrikuläre extrasystole ( n ) vorhofflimmern - flattern ueberdrehter linkstyp qrs ( t ) abnorm inferiorer infarkt wahrscheinlich alt st and t abnorm wahrscheinlich anterolaterale ischämie oder linksbelastung xxxx unbestätigter ,1,
 sinusrhythmus p - sinistrocardiale ueberdrehter linkstyp linksanteriorer fascicular block rechtsschenkelblock bifaszikulärer block qrs ( t ) abnorm anteriorer infarkt wahrscheinlich alt xxxx unbestätigter bericht ,1,
 sinusrhythmus lagetyp normal lagetyp in anbetracht des alters normal unspezifisches abnormes t xxxx unbestätigter bericht ,1,
 ventrikuläre extrasystole ( n ) sinus arrhythmie ueberdrehter linkstyp xxxx unbestätigter bericht ,1,
 sinusrhythmus lagetyp normal qrs ( t ) abnorm inferiorer infarkt alter unbest st and t abnorm wahrscheinlich anteriore ischämie oder linksbelastung xxxx unbestätigter bericht ,1,
 sinustachykardie verdacht auf p - sinistrocardiale ueberdrehter linkstyp unspezifische intraventrikuläre leitungsstörung qrs ( t ) abnorm anteriorer infarkt mögl akut st and t abnorm wahrscheinlich hochlaterale ischämie oder linksbelastung xxxx ,1,
 sinusrhythmus ueberdrehter linkstyp linksanteriorer fascicular block st and t abnorm wahrscheinlich anteroseptale ischämie oder linksbelastung xxxx unbestätigter bericht ,1,
 sinusrhythmus ueberdrehter linkstyp linksanteriorer fascicular block qrs ( t ) abnorm lateraler infarkt alter unbest st and t abnorm wahrscheinlich anteriore ischämie oder linksbelastung xxxx unbestätigter bericht ,1,
 sinusrhythmus lagetyp normal unvollständiger rechtsschenkelblock st and t abnorm wahrscheinlich anteriore ischämie oder linksbelastung laterale ischämie oder linksbelastung inferolaterale ischämie oder linksbelastung xxxx ,1,
 sinusrhythmus verdacht auf p - sinistrocardiale linkstyp mässige amplitudenkriterien für linkshypertrophie st and t abnorm wahrscheinlich hochlaterale ischämie oder linksbelastung xxxx unbestätigter bericht ,1,
 sinusrhythmus p - sinistrocardiale lagetyp normal qrs ( t ) abnorm inferiorer infarkt wahrscheinlich alt xxxx unbestätigter bericht ,1,
 tachykardes vorhofflimmern linkstyp unspezifische intraventrikuläre leitungsstörung mässige amplitudenkriterien für linkshypertrophie st and t abnorm wahrscheinlich anterolaterale ischämie oder linksbelastung inferolaterale ischämie oder linksbelastu ,1,
 sinusrhythmus av block i ueberdrehter linkstyp qrs ( t ) abnorm anterolateraler myokardschaden möglich inferiorer infarkt wahrscheinlich alt xxxx unbestätigter bericht ,1,
 tachykardes vorhofflimmern linkstyp unspezifische intraventrikuläre leitungsstörung linkshypertrophie möglich xxxx unbestätigter bericht ,1,
 sinusrhythmus av block i verdacht auf p - sinistrocardiale linkstyp rechtsschenkelblock xxxx unbestätigter bericht ,1,
 sinusrhythmus ueberdrehter rechtstyp qrs ( t ) abnorm anteriorer infarkt alter unbest hochlateraler infarkt nicht auszuschliessen xxxx unbestätigter bericht ,1,
 sinus arrhythmie lagetyp normal rechtsschenkelblock xxxx unbestätigter bericht ,1,
 sinusrhythmus rechtstyp qrs ( t ) abnorm anteriorer infarkt alter unbest hochlateraler infarkt nicht auszuschliessen xxxx unbestätigter bericht edit asmi xxxx lmi xxxx ( asmi xxxx lmi xxxx ) ,1,
 sinusrhythmus verdacht auf p - sinistrocardiale linkstyp periphere niederspannung qrs ( t ) abnorm inferiorer infarkt alter unbest xxxx unbestätigter bericht ,1,
 sinusrhythmus linkstyp qrs ( t ) abnorm anteroseptaler myokardschaden möglich st and t abnorm wahrscheinlich anterolaterale ischämie oder linksbelastung inferolaterale ischämie oder linksbelastung xxxx unbestätigter bericht ,1,
 sinusrhythmus av block i p - verbreiterung lagetyp normal mässige amplitudenkriterien für linkshypertrophie xxxx unbestätigter bericht ,1,
 ventrikuläre extrasystole ( n ) sinusrhythmus p - sinistrocardiale linkstyp qrs ( t ) abnorm inferiorer infarkt alter unbest xxxx unbestätigter bericht ,1,
 sinusrhythmus av block i p - verbreiterung ueberdrehter linkstyp unspezifischer intraventrikulärer block qrs ( t ) abnorm anteriorer infarkt wahrscheinlich alt xxxx unbestätigter bericht ,1,
 tachykardes vorhofflimmern ueberdrehter linkstyp linksanteriorer fascicular block linkshypertrophie möglich qrs ( t ) abnorm anteroseptaler infarkt wahrscheinlich alt xxxx unbestätigter bericht ,1,
 ventrikuläre extrasystole ( n ) sinusrhythmus linkstyp qrs ( t ) abnorm anterolateraler myokardschaden möglich xxxx unbestätigter bericht ,1,
 sinusrhythmus linkstyp r - s übergang in v ableitungen nach rechts verschoben unvollständiger rechtsschenkelblock t abnorm in hochlateralen ableitungen xxxx unbestätigter bericht ,1,
 sinusrhythmus linkstyp mässige amplitudenkriterien für linkshypertrophie st and t abnorm wahrscheinlich hochlaterale ischämie oder linksbelastung xxxx unbestätigter bericht ,1,
 supraventrikuläre tachykardie linkstyp qrs ( t ) abnorm inferiorer infarkt alter unbest st and t abnorm wahrscheinlich laterale ischämie oder linksbelastung xxxx unbestätigter bericht ,1,
 ventrikuläre extrasystole ( n ) bigeminus sinusrhythmus lagetyp normal qt - verlängerung xxxx unbestätigter bericht ,1,
 sinusrhythmus av block i lagetyp normal mässige amplitudenkriterien für linkshypertrophie qrs ( t ) abnorm anterolateraler myokardschaden möglich inferiorer infarkt wahrscheinlich alt xxxx unbestätigter bericht ,1,
 supraventrikuläre arrhythmie ueberdrehter linkstyp unspezifischer intraventrikulärer block qrs ( t ) abnorm anteroseptaler infarkt mögl akut xxxx unbestätigter bericht ,1,
 sinus arrhythmie lagetyp normal linksschenkelblock xxxx unbestätigter bericht ,1,
 sinusrhythmus p - verbreiterung lagetyp normal unspezifische intraventrikuläre leitungsstörung linkshypertrophie xxxx unbestätigter bericht ,1,
 vorhofflimmern - flattern ueberdrehter linkstyp xxxx unbestätigter bericht ,1,
 tachykardes vorhofflimmern linkstyp qrs ( t ) abnorm anteroseptaler myokardschaden möglich st and t abnorm wahrscheinlich anterolaterale ischämie oder linksbelastung inferolaterale ischämie oder linksbelastung t abnorm in anterioren ableitungen xxxx ,1,
 supraventrikuläre extrasystole ( n ) sinusrhythmus linkstyp t abnorm in anterioren ableitungen lateralen ableitungen xxxx unbestätigter bericht ,1,
 supraventrikuläre tachykardie linkstyp st and t abnorm wahrscheinlich anterolaterale ischämie oder linksbelastung inferolaterale ischämie oder linksbelastung xxxx unbestätigter bericht ,1,
 sinusrhythmus linkstyp r - s übergang in v ableitungen nach rechts verschoben mässige amplitudenkriterien für linkshypertrophie unspezifisches abnormes t xxxx unbestätigter bericht ,1,
 sinusrhythmus verdacht auf p - sinistrocardiale ueberdrehter rechtstyp rechtsschenkelblock xxxx unbestätigter bericht ,1,
 tachykardes vorhofflimmern linkstyp qrs ( t ) abnorm anteroseptaler myokardschaden möglich st and t abnorm wahrscheinlich anterolaterale ischämie oder linksbelastung inferolaterale ischämie oder linksbelastung xxxx unbestätig ,1,
 sinusrhythmus p - sinistrocardiale linkstyp qrs ( t ) abnorm anteroseptaler infarkt alter unbest xxxx unbestätigter bericht ,1,
 tachykardes vorhofflimmern lagetyp normal mässige amplitudenkriterien für linkshypertrophie qrs ( t ) abnorm anterolateraler myokardschaden möglich t abnorm in inferolateralen ableitungen xxxx unbestätigter bericht ,1,
 sinusrhythmus verdacht auf p - sinistrocardiale ueberdrehter linkstyp linksanteriorer fascicular block qrs ( t ) abnorm anteriorer infarkt alter unbest st and t abnorm wahrscheinlich inferolaterale ischämie oder linksbelastung xxxx ,1,
 vorhofflimmern - flattern lagetyp normal periphere niederspannung qrs ( t ) abnorm anteriorer infarkt wahrscheinlich alt xxxx unbestätigter bericht ,1,
 ventrikuläre extrasystole ( n ) sinustachykardie linkstyp qrs ( t ) abnorm anteroseptaler myokardschaden möglich st and t abnorm wahrscheinlich anterolaterale ischämie oder linksbelastung inferolaterale ischämie oder linksbelastung xxxx ,1,
 sinustachykardie p - sinistrocardiale lagetyp normal qrs ( t ) abnorm inferiorer infarkt alter unbest t abnorm in anterolateralen ableitungen xxxx unbestätigter bericht ,1,
 supraventrikuläre extrasystole ( n ) supraventrikuläre arrhythmie lagetyp normal linkshypertrophie möglich xxxx unbestätigter bericht ,1,
 interponierte supraventrikuläre extrasystole ( n ) sinusrhythmus lagetyp normal unspezifisches abnormes t xxxx unbestätigter bericht ,1,
 sinus arrhythmie rechtstyp rechtsschenkelblock xxxx unbestätigter bericht ,1,
 sinusrhythmus verdacht auf p - sinistrocardiale lagetyp normal st and t abnorm wahrscheinlich inferiore ischämie oder linksbelastung t abnorm in anterolateralen ableitungen xxxx unbestätigter bericht ,1,
 sinustachykardie p - sinistrocardiale lagetyp normal qrs ( t ) abnorm inferiorer infarkt möglich xxxx unbestätigter bericht ,1,
 ventrikuläre extrasystole ( n ) sinustachykardie ueberdrehter linkstyp xxxx unbestätigter bericht ,1,
 supraventrikuläre tachykardie linkstyp qrs ( t ) abnorm anterolateraler myokardschaden möglich st and t abnorm wahrscheinlich inferolaterale ischämie oder linksbelastung xxxx unbestätigter bericht ,1,
 sinusrhythmus p - sinistrocardiale lagetyp normal qrs ( t ) abnorm inferiorer infarkt möglich xxxx unbestätigter bericht ,1,
 sinusrhythmus verdacht auf p - sinistrocardiale lagetyp normal t abnorm in anterolateralen ableitungen xxxx unbestätigter bericht ,1,
 sinustachykardie p - dextrocardiale rechtstyp st and t abnorm wahrscheinlich inferolaterale ischämie oder linksbelastung xxxx unbestätigter bericht ,1,
 vorhofflimmern - flattern ueberdrehter linkstyp unvollständiger rechtsschenkelblock qrs ( t ) abnorm anteroseptaler myokardschaden möglich inferiorer infarkt wahrscheinlich alt xxxx unbestätigter bericht ,1,
 sinus arrhythmie schwierig bestimmbare qrs - achse unspezifischer intraventrikulärer block xxxx unbestätigter bericht ,1,
 tachykardes vorhofflimmern lagetyp normal st and t abnorm wahrscheinlich anteriore ischämie oder linksbelastung inferiore ischämie oder linksbelastung xxxx unbestätigter bericht ,1,
 sinusrhythmus p - sinistrocardiale ueberdrehter linkstyp qrs ( t ) abnorm anteroseptaler infarkt wahrscheinlich alt st and t abnorm wahrscheinlich anterolaterale ischämie oder linksbelastung xxxx unbestätigter bericht ,1,
 supraventrikuläre arrhythmie av block i p - verbreiterung ueberdrehter linkstyp rechtsschenkelblock qrs ( t ) abnorm lateraler myokardschaden möglich xxxx unbestätigter bericht ,1,
 sinusrhythmus av block i ueberdrehter linkstyp unspezifische intraventrikuläre leitungsstörung qrs ( t ) abnorm anteroseptaler infarkt möglich inferiorer infarkt wahrscheinlich alt xxxx unbestätigter bericht ,1,
 sinusrhythmus linkstyp mässige amplitudenkriterien für linkshypertrophie qrs ( t ) abnorm inferiorer myokardschaden nicht auszuschliessen xxxx unbestätigter bericht ,1,
 sinusrhythmus p - sinistrocardiale ueberdrehter linkstyp unvollständiger rechtsschenkelblock xxxx unbestätigter bericht ,1,
 sinus arrhythmie ueberdrehter linkstyp linksanteriorer fascicular block qrs ( t ) abnorm inferiorer infarkt möglich xxxx unbestätigter bericht ,1,
 ventrikuläre extrasystole ( n ) trigeminus supraventrikuläre arrhythmie p - verbreiterung linkstyp qrs ( t ) abnorm inferiorer infarkt wahrscheinlich alt st and t abnorm wahrscheinlich laterale ischämie oder linksbelastung t abnorm in anterioren ableitu ,1,
 ventrikuläre extrasystole ( n ) sinusrhythmus linkstyp qrs ( t ) abnorm inferiorer infarkt wahrscheinlich alt st and t abnorm wahrscheinlich hochlaterale ischämie oder linksbelastung t abnorm in anterioren ableitungen xxxx unbe ,1,
 sinusrhythmus linkstyp periphere niederspannung linksschenkelblock xxxx unbestätigter bericht ,1,
 ventrikuläre extrasystole ( n ) sinustachykardie linkstyp mässige amplitudenkriterien für linkshypertrophie st and t abnorm wahrscheinlich anterolaterale ischämie oder linksbelastung xxxx unbestätigter bericht ,1,
 sinusrhythmus lagetyp normal t abnorm in anterioren ableitungen xxxx unbestätigter bericht edit injas xxxx ( iscas ) ,1,
