model_id,dataset,clinical_endpoint,adjustment_tier,covariates,n_obs,n_events,odds_ratio,ci_low,ci_high,p_value,c_statistic,delta_c_statistic,wald_chi2
conv15e_A0_wave_noSSL_gated_add_s42_l0,PTB-XL,Complex Arrhythmia (AF/AFL),Model 1 (Unadjusted),None,2198,309,5685.2000000000835,1961.3282316165664,16479.3931576465,4.4243018323780726e-57,0.9869102502822508,0.48691025028225077,253.52561562300403
conv15e_A0_wave_noSSL_gated_add_s42_l0,PTB-XL,Complex Arrhythmia (AF/AFL),"Model 2 (+ Age, Sex)","age_clean, sex_clean",2198,309,6362.942956302673,1843.0887086904852,21966.953014392813,1.1979582696227493e-43,0.9925466977099577,0.2513444383340102,191.9420171664469
conv15e_A0_wave_noSSL_gated_add_s42_l0,PTB-XL,Complex Arrhythmia (AF/AFL),Model 3 (+ BMI),"age_clean, sex_clean, bmi_clean",678,110,4450.344174252612,772.7206436749848,25630.948818852346,5.231636515730094e-21,0.983898847631242,0.3229673495518566,88.44317544186048
conv15e_A0_wave_noSSL_gated_add_s42_l0,PTB-XL,Severe Conduction Defect,Model 1 (Unadjusted),None,2198,366,92.85860655737737,65.44759551129684,131.75000157629088,3.555284528050759e-142,0.9011292862767556,0.4011292862767556,644.4741873838416
conv15e_A0_wave_noSSL_gated_add_s42_l0,PTB-XL,Severe Conduction Defect,"Model 2 (+ Age, Sex)","age_clean, sex_clean",2198,366,92.43443115755872,64.96314339079927,131.52263910664712,1.2206258359022607e-139,0.9219954303576968,0.3044591297396616,632.8150194892913
conv15e_A0_wave_noSSL_gated_add_s42_l0,PTB-XL,Severe Conduction Defect,Model 3 (+ BMI),"age_clean, sex_clean, bmi_clean",678,100,61.96428492069838,32.908080970997695,116.67567638226471,2.1052474885864157e-37,0.910190311418685,0.3068771626297576,163.34293402831375
conv15e_A0_wave_noSSL_gated_add_s42_l0,PTB-XL,Severe Conduction Defect,Model 4 (+ Full Comorbidities),"age_clean, sex_clean, bmi_clean, pacemaker_flag",678,100,63.16591116698616,33.44355073193134,119.30349039601428,2.1717776287857505e-37,0.9114878892733563,0.3037629757785466,163.28108229167225
conv15e_A0_wave_noSSL_gated_add_s42_l0,PTB-XL,Myocardial Infarction,Model 1 (Unadjusted),None,2198,532,5.21162779785087,4.180472955375946,6.4971271416559935,9.085839924841482e-49,0.6519002337777215,0.15190023377772155,215.4066152370465
conv15e_A0_wave_noSSL_gated_add_s42_l0,PTB-XL,Myocardial Infarction,"Model 2 (+ Age, Sex)","age_clean, sex_clean",2198,532,5.1491774261024865,4.11392363944443,6.44494902901602,1.88285392123204e-46,0.7498787108828495,0.06501660814701826,204.78903844203603
conv15e_A0_wave_noSSL_gated_add_s42_l0,PTB-XL,Myocardial Infarction,Model 3 (+ BMI),"age_clean, sex_clean, bmi_clean",678,129,8.98382651272107,5.700145772495273,14.159135929490294,3.121293830052306e-21,0.8166786687564423,0.12138348794848985,89.46488736782955
conv15e_A0_wave_noSSL_gated_add_s42_l0,PTB-XL,Myocardial Infarction,Model 4 (+ Full Comorbidities),"age_clean, sex_clean, bmi_clean, pacemaker_flag",678,129,8.97803880272825,5.685928373114105,14.176256796416123,4.621516762902428e-21,0.8197286115700145,0.11932195252820488,88.68846748502486
conv15e_A0_wave_noSSL_gated_add_s42_l0,EchoNext,Structural Heart Disease (Moderate/Severe),Model 1 (Unadjusted),None,5442,2318,6.161336042159389,5.365337586983836,7.075428378730029,2.3276187636360667e-146,0.6624337561962882,0.1624337561962882,663.7127214462489
conv15e_A0_zscore_s42_l0,PTB-XL,Complex Arrhythmia (AF/AFL),Model 1 (Unadjusted),None,2198,309,3482.629629629702,1389.0617982735303,8731.583542394967,9.69606506008181e-68,0.9831446237028889,0.4831446237028889,302.43811385817
conv15e_A0_zscore_s42_l0,PTB-XL,Complex Arrhythmia (AF/AFL),"Model 2 (+ Age, Sex)","age_clean, sex_clean",2198,309,3665.9706042901107,1338.3599090082837,10041.649022106229,2.301119386276094e-57,0.9925184298125239,0.2513161704365764,254.82796495229977
conv15e_A0_zscore_s42_l0,PTB-XL,Complex Arrhythmia (AF/AFL),Model 3 (+ BMI),"age_clean, sex_clean, bmi_clean",678,110,2601.1825167541356,558.9778538812558,12104.505462044151,1.1966176697714686e-23,0.9754001280409732,0.31446862996158775,100.47895320183282
conv15e_A0_zscore_s42_l0,PTB-XL,Severe Conduction Defect,Model 1 (Unadjusted),None,2198,366,50.83946488294329,37.05230373997227,69.7568282858398,7.159850768479457e-131,0.8667093206385569,0.3667093206385569,592.5010193928057
conv15e_A0_zscore_s42_l0,PTB-XL,Severe Conduction Defect,"Model 2 (+ Age, Sex)","age_clean, sex_clean",2198,366,50.60829215575806,36.794766768992595,69.60770402493533,1.2490980881583453e-128,0.8925127365356623,0.2749764359176271,582.1951312632896
conv15e_A0_zscore_s42_l0,PTB-XL,Severe Conduction Defect,Model 3 (+ BMI),"age_clean, sex_clean, bmi_clean",678,100,53.36545680171964,28.607627223700373,99.54939490042177,7.226208324164936e-36,0.9047231833910033,0.30141003460207594,156.31464786218723
conv15e_A0_zscore_s42_l0,PTB-XL,Severe Conduction Defect,Model 4 (+ Full Comorbidities),"age_clean, sex_clean, bmi_clean, pacemaker_flag",678,100,54.15563931960475,28.96792461994376,101.24416258995406,7.008626518366717e-36,0.9065224913494809,0.2987975778546712,156.37540946796327
conv15e_A0_zscore_s42_l0,PTB-XL,Myocardial Infarction,Model 1 (Unadjusted),None,2198,532,4.882154882154891,3.922458377712916,6.0766575443552995,9.267647544964532e-46,0.6457003854173248,0.14570038541732477,201.61701705216453
conv15e_A0_zscore_s42_l0,PTB-XL,Myocardial Infarction,"Model 2 (+ Age, Sex)","age_clean, sex_clean",2198,532,4.826560747889681,3.8614374343328155,6.032905893008326,1.6902890531151243e-43,0.7444331115905009,0.059571008854669594,191.2569943010706
conv15e_A0_zscore_s42_l0,PTB-XL,Myocardial Infarction,Model 3 (+ BMI),"age_clean, sex_clean, bmi_clean",678,129,7.94052053157506,5.076896613296323,12.419371737299732,1.0904804907174051e-19,0.8081783651741715,0.11288318436621902,82.43780430307483
conv15e_A0_zscore_s42_l0,PTB-XL,Myocardial Infarction,Model 4 (+ Full Comorbidities),"age_clean, sex_clean, bmi_clean, pacemaker_flag",678,129,7.9258537582814395,5.059251144894403,12.416690928865755,1.5894091558187554e-19,0.8112706683045987,0.11086400926278905,81.69318127454862
conv15e_A0_zscore_s42_l0,EchoNext,Structural Heart Disease (Moderate/Severe),Model 1 (Unadjusted),None,5442,2318,6.413340623291424,5.579903424735255,7.371263410766206,6.61991187955672e-151,0.6654397914666602,0.1654397914666602,684.6171806910049
conv15e_C1_E1_morlet_mag_morlet_phase_s42_l0,PTB-XL,Complex Arrhythmia (AF/AFL),Model 1 (Unadjusted),None,2198,309,836.6749226006204,454.4165532268622,1540.4916945428147,1.5261285222399865e-103,0.9624336775163995,0.4624336775163995,466.885133878216
conv15e_C1_E1_morlet_mag_morlet_phase_s42_l0,PTB-XL,Complex Arrhythmia (AF/AFL),"Model 2 (+ Age, Sex)","age_clean, sex_clean",2198,309,811.1259475947791,433.95070116062936,1516.129138867305,8.142592839875205e-98,0.9797087892602547,0.2385065298843072,440.5682986050261
conv15e_C1_E1_morlet_mag_morlet_phase_s42_l0,PTB-XL,Complex Arrhythmia (AF/AFL),Model 3 (+ BMI),"age_clean, sex_clean, bmi_clean",678,110,578.1481973206569,212.33216483558536,1574.209627278789,1.500430793670299e-35,0.9552896927016645,0.2943581946222791,154.8626183499695
conv15e_C1_E1_morlet_mag_morlet_phase_s42_l0,PTB-XL,Severe Conduction Defect,Model 1 (Unadjusted),None,2198,366,10.682371560749951,8.273553730838033,13.792508742233158,9.275017359388987e-74,0.7372246879996183,0.23722468799961827,330.07104011400446
conv15e_C1_E1_morlet_mag_morlet_phase_s42_l0,PTB-XL,Severe Conduction Defect,"Model 2 (+ Age, Sex)","age_clean, sex_clean",2198,366,10.697756557659272,8.27460843079586,13.830502835761958,4.1043590086722863e-73,0.7897010046054358,0.17216470398740058,327.10539109511234
conv15e_C1_E1_morlet_mag_morlet_phase_s42_l0,PTB-XL,Severe Conduction Defect,Model 3 (+ BMI),"age_clean, sex_clean, bmi_clean",678,100,10.556242775017333,6.51124071077382,17.114136379679685,1.1800503401407883e-21,0.7920501730103806,0.18873702422145322,91.38943143496734
conv15e_C1_E1_morlet_mag_morlet_phase_s42_l0,PTB-XL,Severe Conduction Defect,Model 4 (+ Full Comorbidities),"age_clean, sex_clean, bmi_clean, pacemaker_flag",678,100,10.860187371819512,6.696491331395167,17.61275628000481,4.1125112071935623e-22,0.7964273356401383,0.18870242214532862,93.47554205415919
conv15e_C1_E1_morlet_mag_morlet_phase_s42_l0,PTB-XL,Myocardial Infarction,Model 1 (Unadjusted),None,2198,532,3.7203519166891166,2.991431861270241,4.626887399044792,3.518355161342161e-32,0.6196610223036583,0.11966102230365827,139.44610389347554
conv15e_C1_E1_morlet_mag_morlet_phase_s42_l0,PTB-XL,Myocardial Infarction,"Model 2 (+ Age, Sex)","age_clean, sex_clean",2198,532,3.6655409690399514,2.9329280272331513,4.581152510716638,3.387776900611188e-30,0.7242511666320665,0.0393890638962352,130.3776830706192
conv15e_C1_E1_morlet_mag_morlet_phase_s42_l0,PTB-XL,Myocardial Infarction,Model 3 (+ BMI),"age_clean, sex_clean, bmi_clean",678,129,6.47050442009906,4.164602462728641,10.0531630150096,9.913704497982727e-17,0.7962045156097767,0.10090933480182418,68.98655387031214
conv15e_C1_E1_morlet_mag_morlet_phase_s42_l0,PTB-XL,Myocardial Infarction,Model 4 (+ Full Comorbidities),"age_clean, sex_clean, bmi_clean, pacemaker_flag",678,129,6.45015271697595,4.149115458668981,10.027310757377373,1.2215744996726049e-16,0.7993956594795328,0.09898900043772318,68.57476306633735
conv15e_C1_E1_morlet_mag_morlet_phase_s42_l0,EchoNext,Structural Heart Disease (Moderate/Severe),Model 1 (Unadjusted),None,5442,2318,4.8227044952100275,4.219571685513849,5.51204728384337,7.079442120783179e-118,0.6432702813476672,0.14327028134766717,532.7622971075248
conv15e_R5_morlet_mag_ueg_phase_wyatt_s42_l0,PTB-XL,Complex Arrhythmia (AF/AFL),Model 1 (Unadjusted),None,2198,309,5685.2000000000835,1961.3282316165664,16479.3931576465,4.4243018323780726e-57,0.9869102502822508,0.48691025028225077,253.52561562300403
conv15e_R5_morlet_mag_ueg_phase_wyatt_s42_l0,PTB-XL,Complex Arrhythmia (AF/AFL),"Model 2 (+ Age, Sex)","age_clean, sex_clean",2198,309,6362.942956302673,1843.0887086904852,21966.953014392813,1.1979582696227493e-43,0.9925466977099577,0.2513444383340102,191.9420171664469
conv15e_R5_morlet_mag_ueg_phase_wyatt_s42_l0,PTB-XL,Complex Arrhythmia (AF/AFL),Model 3 (+ BMI),"age_clean, sex_clean, bmi_clean",678,110,4450.344174252612,772.7206436749848,25630.948818852346,5.231636515730094e-21,0.983898847631242,0.3229673495518566,88.44317544186048
conv15e_R5_morlet_mag_ueg_phase_wyatt_s42_l0,PTB-XL,Severe Conduction Defect,Model 1 (Unadjusted),None,2198,366,56.4021029330378,40.99414733209591,77.60125340571015,1.8628665135499918e-135,0.8732655045696424,0.37326550456964236,613.5796031340896
conv15e_R5_morlet_mag_ueg_phase_wyatt_s42_l0,PTB-XL,Severe Conduction Defect,"Model 2 (+ Age, Sex)","age_clean, sex_clean",2198,366,55.94823334559778,40.56853972189234,77.15842956024073,5.5784957254447064e-133,0.8978683453838261,0.2803320447657909,602.1943260127977
conv15e_R5_morlet_mag_ueg_phase_wyatt_s42_l0,PTB-XL,Severe Conduction Defect,Model 3 (+ BMI),"age_clean, sex_clean, bmi_clean",678,100,54.86698088308453,29.409427987103918,102.36124254252147,2.4684775211047006e-36,0.9058996539792388,0.3025865051903114,158.4494759643774
conv15e_R5_morlet_mag_ueg_phase_wyatt_s42_l0,PTB-XL,Severe Conduction Defect,Model 4 (+ Full Comorbidities),"age_clean, sex_clean, bmi_clean, pacemaker_flag",678,100,55.70323091566327,29.79113397248212,104.15346852220482,2.3914596985432428e-36,0.9074567474048443,0.29973183391003455,158.5124785701396
conv15e_R5_morlet_mag_ueg_phase_wyatt_s42_l0,PTB-XL,Myocardial Infarction,Model 1 (Unadjusted),None,2198,532,5.492495112532907,4.403685826300213,6.8505119918019455,1.3709887830148187e-51,0.6568601124660391,0.15686011246603915,228.34152499404897
conv15e_R5_morlet_mag_ueg_phase_wyatt_s42_l0,PTB-XL,Myocardial Infarction,"Model 2 (+ Age, Sex)","age_clean, sex_clean",2198,532,5.445676605006257,4.349244654478245,6.818515867066134,2.104277383073553e-49,0.754272197600845,0.0694100948650137,218.31879748706973
conv15e_R5_morlet_mag_ueg_phase_wyatt_s42_l0,PTB-XL,Myocardial Infarction,Model 3 (+ BMI),"age_clean, sex_clean, bmi_clean",678,129,10.264450159361148,6.482858555429347,16.251925932545877,3.0066099231678813e-23,0.8283983564197062,0.13310317561175367,98.65430034244747
conv15e_R5_morlet_mag_ueg_phase_wyatt_s42_l0,PTB-XL,Myocardial Infarction,Model 4 (+ Full Comorbidities),"age_clean, sex_clean, bmi_clean, pacemaker_flag",678,129,10.258453203078899,6.467466593990525,16.27157413036247,4.53607805845842e-23,0.8313635785995679,0.13095691955775823,97.83992944745923
conv15e_R5_morlet_mag_ueg_phase_wyatt_s42_l0,EchoNext,Structural Heart Disease (Moderate/Severe),Model 1 (Unadjusted),None,5442,2318,6.413340623291424,5.579903424735255,7.371263410766206,6.61991187955672e-151,0.6654397914666602,0.1654397914666602,684.6171806910049
conv15e_R7_morlet_mag_ueg_real_s42_l0,PTB-XL,Complex Arrhythmia (AF/AFL),Model 1 (Unadjusted),None,2198,309,4356.55384615378,1656.8945895954748,11454.899746562092,9.938894980824196e-65,0.9850274369925698,0.4850274369925698,288.6195876626344
conv15e_R7_morlet_mag_ueg_real_s42_l0,PTB-XL,Complex Arrhythmia (AF/AFL),"Model 2 (+ Age, Sex)","age_clean, sex_clean",2198,309,4723.859901710637,1602.355884331491,13926.277295321002,4.282547373269472e-53,0.992151803748837,0.2509495443728895,235.24430327464302
conv15e_R7_morlet_mag_ueg_real_s42_l0,PTB-XL,Complex Arrhythmia (AF/AFL),Model 3 (+ BMI),"age_clean, sex_clean, bmi_clean",678,110,2811.811066308208,665.606607427729,11878.309776952985,3.340924068086838e-27,0.9800416133162613,0.3191101152368758,116.6991327537476
conv15e_R7_morlet_mag_ueg_real_s42_l0,PTB-XL,Complex Arrhythmia (AF/AFL),Model 4 (+ Full Comorbidities),"age_clean, sex_clean, bmi_clean, pacemaker_flag",678,110,4424.393330278012,684.7779981176575,28586.281093752594,1.157375002102043e-18,0.9842189500640205,0.30561779769526254,77.77047166809744
conv15e_R7_morlet_mag_ueg_real_s42_l0,PTB-XL,Severe Conduction Defect,Model 1 (Unadjusted),None,2198,366,84.34588235294076,59.945573625521654,118.67811815995805,6.282890654092304e-143,0.8962121483284415,0.39621214832844154,647.9352279088313
conv15e_R7_morlet_mag_ueg_real_s42_l0,PTB-XL,Severe Conduction Defect,"Model 2 (+ Age, Sex)","age_clean, sex_clean",2198,366,83.6967366069682,59.33834436819212,118.05424962970935,1.9340402540982396e-140,0.9180961712840336,0.30055987066599843,636.4939160854685
conv15e_R7_morlet_mag_ueg_real_s42_l0,PTB-XL,Severe Conduction Defect,Model 3 (+ BMI),"age_clean, sex_clean, bmi_clean",678,100,60.40458671499184,32.18119914724456,113.38030256468488,2.5616327384780808e-37,0.9090657439446366,0.3057525951557092,162.95287280114295
conv15e_R7_morlet_mag_ueg_real_s42_l0,PTB-XL,Severe Conduction Defect,Model 4 (+ Full Comorbidities),"age_clean, sex_clean, bmi_clean, pacemaker_flag",678,100,61.65241982864041,32.728034064630364,116.13960261776758,2.884190726258417e-37,0.9111418685121108,0.30341695501730104,162.71710442564813
conv15e_R7_morlet_mag_ueg_real_s42_l0,PTB-XL,Myocardial Infarction,Model 1 (Unadjusted),None,2198,532,5.21162779785087,4.180472955375946,6.4971271416559935,9.085839924841482e-49,0.6519002337777215,0.15190023377772155,215.4066152370465
conv15e_R7_morlet_mag_ueg_real_s42_l0,PTB-XL,Myocardial Infarction,"Model 2 (+ Age, Sex)","age_clean, sex_clean",2198,532,5.1491774261024865,4.11392363944443,6.44494902901602,1.88285392123204e-46,0.7498787108828495,0.06501660814701826,204.78903844203603
conv15e_R7_morlet_mag_ueg_real_s42_l0,PTB-XL,Myocardial Infarction,Model 3 (+ BMI),"age_clean, sex_clean, bmi_clean",678,129,8.98382651272107,5.700145772495273,14.159135929490294,3.121293830052306e-21,0.8166786687564423,0.12138348794848985,89.46488736782955
conv15e_R7_morlet_mag_ueg_real_s42_l0,PTB-XL,Myocardial Infarction,Model 4 (+ Full Comorbidities),"age_clean, sex_clean, bmi_clean, pacemaker_flag",678,129,8.97803880272825,5.685928373114105,14.176256796416123,4.621516762902428e-21,0.8197286115700145,0.11932195252820488,88.68846748502486
conv15e_R7_morlet_mag_ueg_real_s42_l0,EchoNext,Structural Heart Disease (Moderate/Severe),Model 1 (Unadjusted),None,5442,2318,6.511338557492394,5.663248992604436,7.486432234509469,1.3011902200468268e-152,0.6665670546930497,0.16656705469304967,692.4645917796989
conv15e_del_wave_ce_s42_l0,PTB-XL,Complex Arrhythmia (AF/AFL),Model 1 (Unadjusted),None,2198,309,5685.2000000000835,1961.3282316165664,16479.3931576465,4.4243018323780726e-57,0.9869102502822508,0.48691025028225077,253.52561562300403
conv15e_del_wave_ce_s42_l0,PTB-XL,Complex Arrhythmia (AF/AFL),"Model 2 (+ Age, Sex)","age_clean, sex_clean",2198,309,6362.942956302673,1843.0887086904852,21966.953014392813,1.1979582696227493e-43,0.9925466977099577,0.2513444383340102,191.9420171664469
conv15e_del_wave_ce_s42_l0,PTB-XL,Complex Arrhythmia (AF/AFL),Model 3 (+ BMI),"age_clean, sex_clean, bmi_clean",678,110,4450.344174252612,772.7206436749848,25630.948818852346,5.231636515730094e-21,0.983898847631242,0.3229673495518566,88.44317544186048
conv15e_del_wave_ce_s42_l0,PTB-XL,Severe Conduction Defect,Model 1 (Unadjusted),None,2198,366,70.39092004821218,50.754408898344835,97.62465434594753,2.34278583557895e-143,0.8863778724318133,0.3863778724318133,649.9051802935703
conv15e_del_wave_ce_s42_l0,PTB-XL,Severe Conduction Defect,"Model 2 (+ Age, Sex)","age_clean, sex_clean",2198,366,69.92957993722682,50.30817473552921,97.20380784841757,5.367145031677644e-141,0.9095929677619491,0.2920566671439139,639.0537152976787
conv15e_del_wave_ce_s42_l0,PTB-XL,Severe Conduction Defect,Model 3 (+ BMI),"age_clean, sex_clean, bmi_clean",678,100,56.093469636216255,30.039370219279668,104.74511658735327,1.2928594275991177e-36,0.9068685121107266,0.3035553633217992,159.73498456974522
conv15e_del_wave_ce_s42_l0,PTB-XL,Severe Conduction Defect,Model 4 (+ Full Comorbidities),"age_clean, sex_clean, bmi_clean, pacemaker_flag",678,100,57.046298183691064,30.4670489224923,106.81310634126174,1.3246400918790558e-36,0.9081487889273356,0.3004238754325259,159.68671429784388
conv15e_del_wave_ce_s42_l0,PTB-XL,Myocardial Infarction,Model 1 (Unadjusted),None,2198,532,5.21162779785087,4.180472955375946,6.4971271416559935,9.085839924841482e-49,0.6519002337777215,0.15190023377772155,215.4066152370465
conv15e_del_wave_ce_s42_l0,PTB-XL,Myocardial Infarction,"Model 2 (+ Age, Sex)","age_clean, sex_clean",2198,532,5.1491774261024865,4.11392363944443,6.44494902901602,1.88285392123204e-46,0.7498787108828495,0.06501660814701826,204.78903844203603
conv15e_del_wave_ce_s42_l0,PTB-XL,Myocardial Infarction,Model 3 (+ BMI),"age_clean, sex_clean, bmi_clean",678,129,8.98382651272107,5.700145772495273,14.159135929490294,3.121293830052306e-21,0.8166786687564423,0.12138348794848985,89.46488736782955
conv15e_del_wave_ce_s42_l0,PTB-XL,Myocardial Infarction,Model 4 (+ Full Comorbidities),"age_clean, sex_clean, bmi_clean, pacemaker_flag",678,129,8.97803880272825,5.685928373114105,14.176256796416123,4.621516762902428e-21,0.8197286115700145,0.11932195252820488,88.68846748502486
conv15e_del_wave_ce_s42_l0,EchoNext,Structural Heart Disease (Moderate/Severe),Model 1 (Unadjusted),None,5442,2318,6.161336042159389,5.365337586983836,7.075428378730029,2.3276187636360667e-146,0.6624337561962882,0.1624337561962882,663.7127214462489
conv15e_ssl_log_magnitude_phase_sin_local_gated_add_s42_l0,PTB-XL,Complex Arrhythmia (AF/AFL),Model 1 (Unadjusted),None,2198,309,5685.2000000000835,1961.3282316165664,16479.3931576465,4.4243018323780726e-57,0.9869102502822508,0.48691025028225077,253.52561562300403
conv15e_ssl_log_magnitude_phase_sin_local_gated_add_s42_l0,PTB-XL,Complex Arrhythmia (AF/AFL),"Model 2 (+ Age, Sex)","age_clean, sex_clean",2198,309,6362.942956302673,1843.0887086904852,21966.953014392813,1.1979582696227493e-43,0.9925466977099577,0.2513444383340102,191.9420171664469
conv15e_ssl_log_magnitude_phase_sin_local_gated_add_s42_l0,PTB-XL,Complex Arrhythmia (AF/AFL),Model 3 (+ BMI),"age_clean, sex_clean, bmi_clean",678,110,4450.344174252612,772.7206436749848,25630.948818852346,5.231636515730094e-21,0.983898847631242,0.3229673495518566,88.44317544186048
conv15e_ssl_log_magnitude_phase_sin_local_gated_add_s42_l0,PTB-XL,Severe Conduction Defect,Model 1 (Unadjusted),None,2198,366,57.924365942029425,42.0228804712401,79.84298392116203,1.130900257309293e-135,0.8749045505524137,0.3749045505524137,614.576190345125
conv15e_ssl_log_magnitude_phase_sin_local_gated_add_s42_l0,PTB-XL,Severe Conduction Defect,"Model 2 (+ Age, Sex)","age_clean, sex_clean",2198,366,57.45747791282718,41.58216551547744,79.39369504154881,3.9412431050857605e-133,0.8988616161977713,0.28132531557973606,602.8880244634291
conv15e_ssl_log_magnitude_phase_sin_local_gated_add_s42_l0,PTB-XL,Severe Conduction Defect,Model 3 (+ BMI),"age_clean, sex_clean, bmi_clean",678,100,54.86698088308453,29.409427987103918,102.36124254252147,2.4684775211047006e-36,0.9058996539792388,0.3025865051903114,158.4494759643774
conv15e_ssl_log_magnitude_phase_sin_local_gated_add_s42_l0,PTB-XL,Severe Conduction Defect,Model 4 (+ Full Comorbidities),"age_clean, sex_clean, bmi_clean, pacemaker_flag",678,100,55.70323091566327,29.79113397248212,104.15346852220482,2.3914596985432428e-36,0.9074567474048443,0.29973183391003455,158.5124785701396
conv15e_ssl_log_magnitude_phase_sin_local_gated_add_s42_l0,PTB-XL,Myocardial Infarction,Model 1 (Unadjusted),None,2198,532,5.280353200882995,4.234914955538821,6.583870093922054,1.904027726916777e-49,0.653140203449801,0.15314020344980095,218.51789535227587
conv15e_ssl_log_magnitude_phase_sin_local_gated_add_s42_l0,PTB-XL,Myocardial Infarction,"Model 2 (+ Age, Sex)","age_clean, sex_clean",2198,532,5.213470468144334,4.164764376630801,6.526245392110591,4.432100211577475e-47,0.7521245340241359,0.06726243128830467,207.66820978382137
conv15e_ssl_log_magnitude_phase_sin_local_gated_add_s42_l0,PTB-XL,Myocardial Infarction,Model 3 (+ BMI),"age_clean, sex_clean, bmi_clean",678,129,8.98382651272107,5.700145772495273,14.159135929490294,3.121293830052306e-21,0.8166786687564423,0.12138348794848985,89.46488736782955
conv15e_ssl_log_magnitude_phase_sin_local_gated_add_s42_l0,PTB-XL,Myocardial Infarction,Model 4 (+ Full Comorbidities),"age_clean, sex_clean, bmi_clean, pacemaker_flag",678,129,8.97803880272825,5.685928373114105,14.176256796416123,4.621516762902428e-21,0.8197286115700145,0.11932195252820488,88.68846748502486
conv15e_ssl_log_magnitude_phase_sin_local_gated_add_s42_l0,EchoNext,Structural Heart Disease (Moderate/Severe),Model 1 (Unadjusted),None,5442,2318,6.413340623291424,5.579903424735255,7.371263410766206,6.61991187955672e-151,0.6654397914666602,0.1654397914666602,684.6171806910049
conv15e_ssl_log_magnitude_real_both_gated_add_s42_l0,PTB-XL,Complex Arrhythmia (AF/AFL),Model 1 (Unadjusted),None,2198,309,5685.2000000000835,1961.3282316165664,16479.3931576465,4.4243018323780726e-57,0.9869102502822508,0.48691025028225077,253.52561562300403
conv15e_ssl_log_magnitude_real_both_gated_add_s42_l0,PTB-XL,Complex Arrhythmia (AF/AFL),"Model 2 (+ Age, Sex)","age_clean, sex_clean",2198,309,6362.942956302673,1843.0887086904852,21966.953014392813,1.1979582696227493e-43,0.9925466977099577,0.2513444383340102,191.9420171664469
conv15e_ssl_log_magnitude_real_both_gated_add_s42_l0,PTB-XL,Complex Arrhythmia (AF/AFL),Model 3 (+ BMI),"age_clean, sex_clean, bmi_clean",678,110,4450.344174252612,772.7206436749848,25630.948818852346,5.231636515730094e-21,0.983898847631242,0.3229673495518566,88.44317544186048
conv15e_ssl_log_magnitude_real_both_gated_add_s42_l0,PTB-XL,Severe Conduction Defect,Model 1 (Unadjusted),None,2198,366,84.34588235294076,59.945573625521654,118.67811815995805,6.282890654092304e-143,0.8962121483284415,0.39621214832844154,647.9352279088313
conv15e_ssl_log_magnitude_real_both_gated_add_s42_l0,PTB-XL,Severe Conduction Defect,"Model 2 (+ Age, Sex)","age_clean, sex_clean",2198,366,83.6967366069682,59.33834436819212,118.05424962970935,1.9340402540982396e-140,0.9180961712840336,0.30055987066599843,636.4939160854685
conv15e_ssl_log_magnitude_real_both_gated_add_s42_l0,PTB-XL,Severe Conduction Defect,Model 3 (+ BMI),"age_clean, sex_clean, bmi_clean",678,100,60.40458671499184,32.18119914724456,113.38030256468488,2.5616327384780808e-37,0.9090657439446366,0.3057525951557092,162.95287280114295
conv15e_ssl_log_magnitude_real_both_gated_add_s42_l0,PTB-XL,Severe Conduction Defect,Model 4 (+ Full Comorbidities),"age_clean, sex_clean, bmi_clean, pacemaker_flag",678,100,61.65241982864041,32.728034064630364,116.13960261776758,2.884190726258417e-37,0.9111418685121108,0.30341695501730104,162.71710442564813
conv15e_ssl_log_magnitude_real_both_gated_add_s42_l0,PTB-XL,Myocardial Infarction,Model 1 (Unadjusted),None,2198,532,5.21162779785087,4.180472955375946,6.4971271416559935,9.085839924841482e-49,0.6519002337777215,0.15190023377772155,215.4066152370465
conv15e_ssl_log_magnitude_real_both_gated_add_s42_l0,PTB-XL,Myocardial Infarction,"Model 2 (+ Age, Sex)","age_clean, sex_clean",2198,532,5.1491774261024865,4.11392363944443,6.44494902901602,1.88285392123204e-46,0.7498787108828495,0.06501660814701826,204.78903844203603
conv15e_ssl_log_magnitude_real_both_gated_add_s42_l0,PTB-XL,Myocardial Infarction,Model 3 (+ BMI),"age_clean, sex_clean, bmi_clean",678,129,8.98382651272107,5.700145772495273,14.159135929490294,3.121293830052306e-21,0.8166786687564423,0.12138348794848985,89.46488736782955
conv15e_ssl_log_magnitude_real_both_gated_add_s42_l0,PTB-XL,Myocardial Infarction,Model 4 (+ Full Comorbidities),"age_clean, sex_clean, bmi_clean, pacemaker_flag",678,129,8.97803880272825,5.685928373114105,14.176256796416123,4.621516762902428e-21,0.8197286115700145,0.11932195252820488,88.68846748502486
conv15e_ssl_log_magnitude_real_both_gated_add_s42_l0,EchoNext,Structural Heart Disease (Moderate/Severe),Model 1 (Unadjusted),None,5442,2318,6.130755273800414,5.339276296756805,7.039560820267394,8.599617654073758e-146,0.6620580017874919,0.16205800178749186,661.1029055607802
D1_theta_mul_currentloss_s42_l0,PTB-XL,Complex Arrhythmia (AF/AFL),Model 1 (Unadjusted),None,2198,309,192.61841070023536,127.59707744859435,290.77352618544063,2.431414936601735e-138,0.9172461585640592,0.4172461585640592,626.8410851971036
D1_theta_mul_currentloss_s42_l0,PTB-XL,Complex Arrhythmia (AF/AFL),"Model 2 (+ Age, Sex)","age_clean, sex_clean",2198,309,184.1007456070755,121.47873601667966,279.004257407053,1.6940525504857001e-133,0.9565162643202598,0.2153140049443123,604.5739861962569
D1_theta_mul_currentloss_s42_l0,PTB-XL,Complex Arrhythmia (AF/AFL),Model 3 (+ BMI),"age_clean, sex_clean, bmi_clean",678,110,161.64752349906888,77.78438861556239,335.9275854506645,2.7892672065989308e-42,0.928809218950064,0.2678777208706785,185.67935604622642
D1_theta_mul_currentloss_s42_l0,PTB-XL,Complex Arrhythmia (AF/AFL),Model 4 (+ Full Comorbidities),"age_clean, sex_clean, bmi_clean, pacemaker_flag",678,110,165.34266229378883,77.64391987477231,352.0970607678,4.822951682524951e-40,0.9342029449423817,0.2556017925736237,175.42997006985345
D1_theta_mul_currentloss_s42_l0,PTB-XL,Severe Conduction Defect,Model 1 (Unadjusted),None,2198,366,19.695471108797577,15.03557053669816,25.79959179139112,7.915425927778157e-104,0.7945912973966163,0.29459129739661627,468.1953548461433
D1_theta_mul_currentloss_s42_l0,PTB-XL,Severe Conduction Defect,"Model 2 (+ Age, Sex)","age_clean, sex_clean",2198,366,19.777542578201484,15.067122601793029,25.96057659914604,1.4356039164717661e-102,0.8400237430500871,0.22248744243205187,462.4118471000333
D1_theta_mul_currentloss_s42_l0,PTB-XL,Severe Conduction Defect,Model 3 (+ BMI),"age_clean, sex_clean, bmi_clean",678,100,18.915902384787962,11.340721465928766,31.551022931460682,1.9886161873966235e-29,0.8471972318339099,0.24388408304498255,126.86488644026502
D1_theta_mul_currentloss_s42_l0,PTB-XL,Severe Conduction Defect,Model 4 (+ Full Comorbidities),"age_clean, sex_clean, bmi_clean, pacemaker_flag",678,100,19.152596420376142,11.451160986493129,32.033603411433894,2.2969366139243223e-29,0.8493425605536332,0.2416176470588235,126.5788348335746
D1_theta_mul_currentloss_s42_l0,PTB-XL,Myocardial Infarction,Model 1 (Unadjusted),None,2198,532,4.515866184656,3.62627057039598,5.623697129553316,2.396096576951518e-41,0.6382605673848487,0.1382605673848487,181.4011248865892
D1_theta_mul_currentloss_s42_l0,PTB-XL,Myocardial Infarction,"Model 2 (+ Age, Sex)","age_clean, sex_clean",2198,532,4.458372464522754,3.563225948368433,5.578395903160793,4.728435085359757e-39,0.7387150348861349,0.05385293215030362,170.8903071306039
D1_theta_mul_currentloss_s42_l0,PTB-XL,Myocardial Infarction,Model 3 (+ BMI),"age_clean, sex_clean, bmi_clean",678,129,7.711993142330704,4.911233967171266,12.109958235529076,7.135992148111332e-19,0.8063709916550176,0.11107581084706508,78.72573380924773
D1_theta_mul_currentloss_s42_l0,PTB-XL,Myocardial Infarction,Model 4 (+ Full Comorbidities),"age_clean, sex_clean, bmi_clean, pacemaker_flag",678,129,7.697362638876307,4.8937938016323645,12.107047006068319,1.027799561717998e-18,0.809392694257353,0.1089860352155434,78.0050019954
D1_theta_mul_currentloss_s42_l0,EchoNext,Structural Heart Disease (Moderate/Severe),Model 1 (Unadjusted),None,5442,2318,5.029730509156324,4.397451051257858,5.752921112675394,8.264364599449227e-123,0.6466520710268355,0.14665207102683553,555.4371043893607
D2_current_id_l1_s42_l0,PTB-XL,Complex Arrhythmia (AF/AFL),Model 1 (Unadjusted),None,2198,309,603.1020408163286,346.5305729221815,1049.6391950920356,1.5533409430887263e-113,0.9549024243576764,0.45490242435767636,512.8080493304067
D2_current_id_l1_s42_l0,PTB-XL,Complex Arrhythmia (AF/AFL),"Model 2 (+ Age, Sex)","age_clean, sex_clean",2198,309,585.0282760199369,332.6633681424805,1028.8421164432796,1.945788882592177e-108,0.9745674583391153,0.23336519896316776,489.3782605239926
D2_current_id_l1_s42_l0,PTB-XL,Complex Arrhythmia (AF/AFL),Model 3 (+ BMI),"age_clean, sex_clean, bmi_clean",678,110,462.9362633854074,180.59194050593842,1186.7084619437715,2.1431086651179555e-37,0.951352432778489,0.2904209346991036,163.3074996251021
D2_current_id_l1_s42_l0,PTB-XL,Severe Conduction Defect,Model 1 (Unadjusted),None,2198,366,19.695471108797577,15.03557053669816,25.79959179139112,7.915425927778157e-104,0.7945912973966163,0.29459129739661627,468.1953548461433
D2_current_id_l1_s42_l0,PTB-XL,Severe Conduction Defect,"Model 2 (+ Age, Sex)","age_clean, sex_clean",2198,366,19.777542578201484,15.067122601793029,25.96057659914604,1.4356039164717661e-102,0.8400237430500871,0.22248744243205187,462.4118471000333
D2_current_id_l1_s42_l0,PTB-XL,Severe Conduction Defect,Model 3 (+ BMI),"age_clean, sex_clean, bmi_clean",678,100,18.915902384787962,11.340721465928766,31.551022931460682,1.9886161873966235e-29,0.8471972318339099,0.24388408304498255,126.86488644026502
D2_current_id_l1_s42_l0,PTB-XL,Severe Conduction Defect,Model 4 (+ Full Comorbidities),"age_clean, sex_clean, bmi_clean, pacemaker_flag",678,100,19.152596420376142,11.451160986493129,32.033603411433894,2.2969366139243223e-29,0.8493425605536332,0.2416176470588235,126.5788348335746
D2_current_id_l1_s42_l0,PTB-XL,Myocardial Infarction,Model 1 (Unadjusted),None,2198,532,4.695223832386318,3.7691711760830935,5.848799591829008,2.6304806800597794e-43,0.6419804764010867,0.14198047640108669,190.37702469063893
D2_current_id_l1_s42_l0,PTB-XL,Myocardial Infarction,"Model 2 (+ Age, Sex)","age_clean, sex_clean",2198,532,4.641816260260179,3.709398302688978,5.808612727944736,4.741146774108472e-41,0.7414781702154546,0.05661606747962333,180.04367911716594
D2_current_id_l1_s42_l0,PTB-XL,Myocardial Infarction,Model 3 (+ BMI),"age_clean, sex_clean, bmi_clean",678,129,7.711993142330704,4.911233967171266,12.109958235529076,7.135992148111332e-19,0.8063709916550176,0.11107581084706508,78.72573380924773
D2_current_id_l1_s42_l0,PTB-XL,Myocardial Infarction,Model 4 (+ Full Comorbidities),"age_clean, sex_clean, bmi_clean, pacemaker_flag",678,129,7.697362638876307,4.8937938016323645,12.107047006068319,1.027799561717998e-18,0.809392694257353,0.1089860352155434,78.0050019954
D2_current_id_l1_s42_l0,EchoNext,Structural Heart Disease (Moderate/Severe),Model 1 (Unadjusted),None,5442,2318,4.913361254824668,4.29749667036935,5.61748400804169,4.6131175027949724e-120,0.6447732989828531,0.14477329898285307,542.8106036886807
D3_theta_mul_l1_s42_l0,PTB-XL,Complex Arrhythmia (AF/AFL),Model 1 (Unadjusted),None,2198,309,201.52950819672023,132.8724669946405,305.6625920526495,1.4189613381583741e-137,0.9191289718537403,0.4191289718537403,623.3186287770365
D3_theta_mul_l1_s42_l0,PTB-XL,Complex Arrhythmia (AF/AFL),"Model 2 (+ Age, Sex)","age_clean, sex_clean",2198,309,193.07251594544005,126.758278259602,294.0793842052557,1.0166640434512248e-132,0.9575184897747306,0.21631623039878312,600.9959261665979
D3_theta_mul_l1_s42_l0,PTB-XL,Complex Arrhythmia (AF/AFL),Model 3 (+ BMI),"age_clean, sex_clean, bmi_clean",678,110,161.64752349906888,77.78438861556239,335.9275854506645,2.7892672065989308e-42,0.928809218950064,0.2678777208706785,185.67935604622642
D3_theta_mul_l1_s42_l0,PTB-XL,Complex Arrhythmia (AF/AFL),Model 4 (+ Full Comorbidities),"age_clean, sex_clean, bmi_clean, pacemaker_flag",678,110,165.34266229378883,77.64391987477231,352.0970607678,4.822951682524951e-40,0.9342029449423817,0.2556017925736237,175.42997006985345
D3_theta_mul_l1_s42_l0,PTB-XL,Severe Conduction Defect,Model 1 (Unadjusted),None,2198,366,36.37671705932031,26.87940001848743,49.2297277135544,6.907578777330637e-120,0.8437626768797575,0.3437626768797575,542.0046535233728
D3_theta_mul_l1_s42_l0,PTB-XL,Severe Conduction Defect,"Model 2 (+ Age, Sex)","age_clean, sex_clean",2198,366,36.14345775918967,26.66668805724408,48.98806840902219,2.6707435723954666e-118,0.8739947980051066,0.2564584973870714,534.7083409216417
D3_theta_mul_l1_s42_l0,PTB-XL,Severe Conduction Defect,Model 3 (+ BMI),"age_clean, sex_clean, bmi_clean",678,100,34.67689849050819,19.65361357104268,61.184030334896505,1.888835524761149e-34,0.8806574394463668,0.2773442906574394,149.82965083285958
D3_theta_mul_l1_s42_l0,PTB-XL,Severe Conduction Defect,Model 4 (+ Full Comorbidities),"age_clean, sex_clean, bmi_clean, pacemaker_flag",678,100,35.177252950354955,19.892845177710836,62.205235806075585,1.8556930567680187e-34,0.8824221453287197,0.2746972318339099,149.8648236871571
D3_theta_mul_l1_s42_l0,PTB-XL,Myocardial Infarction,Model 1 (Unadjusted),None,2198,532,5.011178303096946,4.022278223617841,6.243205116438381,7.970361650073372e-47,0.6481803247614835,0.14818032476148346,206.5000847968863
D3_theta_mul_l1_s42_l0,PTB-XL,Myocardial Infarction,"Model 2 (+ Age, Sex)","age_clean, sex_clean",2198,532,4.94524578085736,3.9538802128764785,6.185178739974012,1.4909167820287799e-44,0.7457289306700124,0.06086682793418119,196.0884844303595
D3_theta_mul_l1_s42_l0,PTB-XL,Myocardial Infarction,Model 3 (+ BMI),"age_clean, sex_clean, bmi_clean",678,129,8.310356028999484,5.288845299272945,13.05805207390392,4.1509407367780543e-20,0.810804704819192,0.11550952401123948,84.34716316615473
D3_theta_mul_l1_s42_l0,PTB-XL,Myocardial Infarction,Model 4 (+ Full Comorbidities),"age_clean, sex_clean, bmi_clean, pacemaker_flag",678,129,8.299478682972364,5.272738352930971,13.063676177070956,6.064316147919749e-20,0.814024088900185,0.11361742985837531,83.59771367247362
D3_theta_mul_l1_s42_l0,EchoNext,Structural Heart Disease (Moderate/Severe),Model 1 (Unadjusted),None,5442,2318,4.584009191673424,4.0141608893973375,5.23475287820395,6.379682633641918e-112,0.6391369828509057,0.1391369828509057,505.39196917886306
D4_learned12_mul_l1_s42_l0,PTB-XL,Complex Arrhythmia (AF/AFL),Model 1 (Unadjusted),None,2198,309,376.85131195335356,231.96904337147654,612.2235504223601,7.299641048544477e-127,0.9417227313299104,0.44172273132991036,574.0731548948398
D4_learned12_mul_l1_s42_l0,PTB-XL,Complex Arrhythmia (AF/AFL),"Model 2 (+ Age, Sex)","age_clean, sex_clean",2198,309,359.5070679888832,219.7469776419972,588.1552197933967,2.064927649792301e-121,0.9682028984017501,0.2270006390258026,549.0120725233925
D4_learned12_mul_l1_s42_l0,PTB-XL,Complex Arrhythmia (AF/AFL),Model 3 (+ BMI),"age_clean, sex_clean, bmi_clean",678,110,273.6850914952264,120.53150695576745,621.4435644137302,5.081143801436854e-41,0.940252880921895,0.2793213828425095,179.90592156106314
D4_learned12_mul_l1_s42_l0,PTB-XL,Complex Arrhythmia (AF/AFL),Model 4 (+ Full Comorbidities),"age_clean, sex_clean, bmi_clean, pacemaker_flag",678,110,287.7159755594706,122.50659064799129,675.7226868715836,1.262409186222892e-38,0.9459507042253521,0.26734955185659415,168.9376423945371
D4_learned12_mul_l1_s42_l0,PTB-XL,Severe Conduction Defect,Model 1 (Unadjusted),None,2198,366,22.954668794892196,17.39883128719094,30.284609970964826,7.861400253113663e-109,0.8077036652587873,0.30770366525878734,491.18716159936287
D4_learned12_mul_l1_s42_l0,PTB-XL,Severe Conduction Defect,"Model 2 (+ Age, Sex)","age_clean, sex_clean",2198,366,22.921665131771075,17.341474832228666,30.29746532495627,2.6009986681166567e-107,0.8483017455317727,0.23076544491373752,484.20322216257773
D4_learned12_mul_l1_s42_l0,PTB-XL,Severe Conduction Defect,Model 3 (+ BMI),"age_clean, sex_clean, bmi_clean",678,100,22.454572747649774,13.227076837571762,38.11937009750212,1.0051956475148761e-30,0.8554152249134948,0.25210207612456736,132.78960465971537
D4_learned12_mul_l1_s42_l0,PTB-XL,Severe Conduction Defect,Model 4 (+ Full Comorbidities),"age_clean, sex_clean, bmi_clean, pacemaker_flag",678,100,22.743109492685182,13.361592089211713,38.711631513874686,1.133531468740804e-30,0.8571972318339102,0.24947231833910044,132.55106499916064
D4_learned12_mul_l1_s42_l0,PTB-XL,Myocardial Infarction,Model 1 (Unadjusted),None,2198,532,4.3437083771468705,3.489620287977497,5.40683538856637,1.7322666107772168e-39,0.6345406583686106,0.13454065836861062,172.88714848095492
D4_learned12_mul_l1_s42_l0,PTB-XL,Myocardial Infarction,"Model 2 (+ Age, Sex)","age_clean, sex_clean",2198,532,4.2876547064893185,3.428151214873247,5.362652266422774,2.9715746443887263e-37,0.7359361037648142,0.05107400102898296,162.65776949952627
D4_learned12_mul_l1_s42_l0,PTB-XL,Myocardial Infarction,Model 3 (+ BMI),"age_clean, sex_clean, bmi_clean",678,129,7.423583416975289,4.739017070223861,11.628907415222129,2.0567407002803726e-18,0.8056791064797164,0.11038392567176392,76.63488650469478
D4_learned12_mul_l1_s42_l0,PTB-XL,Myocardial Infarction,Model 4 (+ Full Comorbidities),"age_clean, sex_clean, bmi_clean, pacemaker_flag",678,129,7.407413865419777,4.720982332832183,11.622534528888188,2.9613072666333973e-18,0.8086725688708152,0.10826590982900552,75.91507446705967
D4_learned12_mul_l1_s42_l0,EchoNext,Structural Heart Disease (Moderate/Severe),Model 1 (Unadjusted),None,5442,2318,4.057508060424541,3.5598318214426894,4.624761080352957,1.0377806238512403e-97,0.6289916138134004,0.1289916138134004,440.0842712143754
D5_permuted_theta_mul_l1_s42_l0,PTB-XL,Complex Arrhythmia (AF/AFL),Model 1 (Unadjusted),None,2198,309,376.85131195335356,231.96904337147654,612.2235504223601,7.299641048544477e-127,0.9417227313299104,0.44172273132991036,574.0731548948398
D5_permuted_theta_mul_l1_s42_l0,PTB-XL,Complex Arrhythmia (AF/AFL),"Model 2 (+ Age, Sex)","age_clean, sex_clean",2198,309,359.5070679888832,219.7469776419972,588.1552197933967,2.064927649792301e-121,0.9682028984017501,0.2270006390258026,549.0120725233925
D5_permuted_theta_mul_l1_s42_l0,PTB-XL,Complex Arrhythmia (AF/AFL),Model 3 (+ BMI),"age_clean, sex_clean, bmi_clean",678,110,273.6850914952264,120.53150695576745,621.4435644137302,5.081143801436854e-41,0.940252880921895,0.2793213828425095,179.90592156106314
D5_permuted_theta_mul_l1_s42_l0,PTB-XL,Complex Arrhythmia (AF/AFL),Model 4 (+ Full Comorbidities),"age_clean, sex_clean, bmi_clean, pacemaker_flag",678,110,287.7159755594706,122.50659064799129,675.7226868715836,1.262409186222892e-38,0.9459507042253521,0.26734955185659415,168.9376423945371
D5_permuted_theta_mul_l1_s42_l0,PTB-XL,Severe Conduction Defect,Model 1 (Unadjusted),None,2198,366,39.867047240837366,29.302227925231435,54.240976479968616,9.93751548074627e-122,0.8503188608108431,0.35031886081084307,550.4721526503041
D5_permuted_theta_mul_l1_s42_l0,PTB-XL,Severe Conduction Defect,"Model 2 (+ Age, Sex)","age_clean, sex_clean",2198,366,39.67767731067093,29.1114402628753,54.079017133940916,4.6643345144940724e-120,0.8808716324241773,0.2633353318061421,542.7885615630626
D5_permuted_theta_mul_l1_s42_l0,PTB-XL,Severe Conduction Defect,Model 3 (+ BMI),"age_clean, sex_clean, bmi_clean",678,100,41.94276590544875,23.165262094231494,75.9411054640017,5.812633884684978e-35,0.8923010380622837,0.2889878892733563,152.1713650662837
D5_permuted_theta_mul_l1_s42_l0,PTB-XL,Severe Conduction Defect,Model 4 (+ Full Comorbidities),"age_clean, sex_clean, bmi_clean, pacemaker_flag",678,100,42.586608551844826,23.46873998092862,77.27808265044744,5.518372880055278e-35,0.8941522491349481,0.28642733564013834,152.27459704589037
D5_permuted_theta_mul_l1_s42_l0,PTB-XL,Myocardial Infarction,Model 1 (Unadjusted),None,2198,532,4.882154882154891,3.922458377712916,6.0766575443552995,9.267647544964532e-46,0.6457003854173248,0.14570038541732477,201.61701705216453
D5_permuted_theta_mul_l1_s42_l0,PTB-XL,Myocardial Infarction,"Model 2 (+ Age, Sex)","age_clean, sex_clean",2198,532,4.826560747889681,3.8614374343328155,6.032905893008326,1.6902890531151243e-43,0.7444331115905009,0.059571008854669594,191.2569943010706
D5_permuted_theta_mul_l1_s42_l0,PTB-XL,Myocardial Infarction,Model 3 (+ BMI),"age_clean, sex_clean, bmi_clean",678,129,7.94052053157506,5.076896613296323,12.419371737299732,1.0904804907174051e-19,0.8081783651741715,0.11288318436621902,82.43780430307483
D5_permuted_theta_mul_l1_s42_l0,PTB-XL,Myocardial Infarction,Model 4 (+ Full Comorbidities),"age_clean, sex_clean, bmi_clean, pacemaker_flag",678,129,7.9258537582814395,5.059251144894403,12.416690928865755,1.5894091558187554e-19,0.8112706683045987,0.11086400926278905,81.69318127454862
D5_permuted_theta_mul_l1_s42_l0,EchoNext,Structural Heart Disease (Moderate/Severe),Model 1 (Unadjusted),None,5442,2318,4.6906273830907566,4.1059546812824905,5.358555306832696,1.2846016200015372e-114,0.6410157548948882,0.14101575489488816,517.7835198203655
D6_theta_add_l1_s42_l0,PTB-XL,Complex Arrhythmia (AF/AFL),Model 1 (Unadjusted),None,2198,309,455.14086956521885,273.1391841063357,758.4163064203078,4.750879016792856e-122,0.9473711711989529,0.44737117119895287,551.9454641478926
D6_theta_add_l1_s42_l0,PTB-XL,Complex Arrhythmia (AF/AFL),"Model 2 (+ Age, Sex)","age_clean, sex_clean",2198,309,434.83858156133084,259.2516561837967,729.3476724415542,2.74100434943528e-117,0.9702082059136441,0.22900594653769657,530.0599346369448
D6_theta_add_l1_s42_l0,PTB-XL,Complex Arrhythmia (AF/AFL),Model 3 (+ BMI),"age_clean, sex_clean, bmi_clean",678,110,318.3132595957176,136.57917514016842,741.8651571915312,1.1902360407262737e-40,0.9412291933418694,0.28029769526248394,178.21287340459764
D6_theta_add_l1_s42_l0,PTB-XL,Complex Arrhythmia (AF/AFL),Model 4 (+ Full Comorbidities),"age_clean, sex_clean, bmi_clean, pacemaker_flag",678,110,341.23749961824143,140.64718483553983,827.9087226798554,4.616277359422731e-38,0.948735595390525,0.27013444302176703,166.3597081577621
D6_theta_add_l1_s42_l0,PTB-XL,Severe Conduction Defect,Model 1 (Unadjusted),None,2198,366,33.2840008567144,24.71815494524919,44.818260727129555,5.936529297196314e-118,0.837206492948672,0.337206492948672,533.1137809164601
D6_theta_add_l1_s42_l0,PTB-XL,Severe Conduction Defect,"Model 2 (+ Age, Sex)","age_clean, sex_clean",2198,366,33.334437381702955,24.709010697089273,44.97082983923647,1.3479109349690094e-116,0.8711499570477486,0.25361365642971334,526.88029552946
D6_theta_add_l1_s42_l0,PTB-XL,Severe Conduction Defect,Model 3 (+ BMI),"age_clean, sex_clean, bmi_clean",678,100,31.980543817299537,18.227852520656608,56.109472121918074,1.3311757856532028e-33,0.8763840830449827,0.27307093425605533,145.95016684017043
D6_theta_add_l1_s42_l0,PTB-XL,Severe Conduction Defect,Model 4 (+ Full Comorbidities),"age_clean, sex_clean, bmi_clean, pacemaker_flag",678,100,32.45759224160664,18.45361232701064,57.0888385132269,1.3645261866261908e-33,0.8788408304498271,0.27111591695501736,145.90100993414913
D6_theta_add_l1_s42_l0,PTB-XL,Myocardial Infarction,Model 1 (Unadjusted),None,2198,532,5.011178303096946,4.022278223617841,6.243205116438381,7.970361650073372e-47,0.6481803247614835,0.14818032476148346,206.5000847968863
D6_theta_add_l1_s42_l0,PTB-XL,Myocardial Infarction,"Model 2 (+ Age, Sex)","age_clean, sex_clean",2198,532,4.94524578085736,3.9538802128764785,6.185178739974012,1.4909167820287799e-44,0.7457289306700124,0.06086682793418119,196.0884844303595
D6_theta_add_l1_s42_l0,PTB-XL,Myocardial Infarction,Model 3 (+ BMI),"age_clean, sex_clean, bmi_clean",678,129,8.310356028999484,5.288845299272945,13.05805207390392,4.1509407367780543e-20,0.810804704819192,0.11550952401123948,84.34716316615473
D6_theta_add_l1_s42_l0,PTB-XL,Myocardial Infarction,Model 4 (+ Full Comorbidities),"age_clean, sex_clean, bmi_clean, pacemaker_flag",678,129,8.299478682972364,5.272738352930971,13.063676177070956,6.064316147919749e-20,0.814024088900185,0.11361742985837531,83.59771367247362
D6_theta_add_l1_s42_l0,EchoNext,Structural Heart Disease (Moderate/Severe),Model 1 (Unadjusted),None,5442,2318,4.243341543236954,3.7203901424791628,4.839800871142488,6.687070286418826e-103,0.6327491579013652,0.1327491579013652,463.93655897976095
D7_learned12_add_l1_s42_l0,PTB-XL,Complex Arrhythmia (AF/AFL),Model 1 (Unadjusted),None,2198,309,521.4130434782587,307.06237686482353,885.3952238796912,1.1630351233900848e-118,0.9511367977783144,0.4511367977783144,536.3679012234079
D7_learned12_add_l1_s42_l0,PTB-XL,Complex Arrhythmia (AF/AFL),"Model 2 (+ Age, Sex)","age_clean, sex_clean",2198,309,503.0659046366284,293.8436903915689,861.2582562879855,7.621718946097274e-114,0.9726238262398044,0.23142156686385684,514.2292748297351
D7_learned12_add_l1_s42_l0,PTB-XL,Complex Arrhythmia (AF/AFL),Model 3 (+ BMI),"age_clean, sex_clean, bmi_clean",678,110,375.4513805875727,155.88346487377046,904.2892349054622,6.882315244293645e-40,0.9478553137003841,0.28692381562099867,174.72282627689466
D7_learned12_add_l1_s42_l0,PTB-XL,Complex Arrhythmia (AF/AFL),Model 4 (+ Full Comorbidities),"age_clean, sex_clean, bmi_clean, pacemaker_flag",678,110,405.046726650895,160.96047367324232,1019.2741548689805,3.0493558173790258e-37,0.9552016645326504,0.2766005121638925,162.606404832749
D7_learned12_add_l1_s42_l0,PTB-XL,Severe Conduction Defect,Model 1 (Unadjusted),None,2198,366,31.868270490108078,23.69587452541787,42.859218508323174,4.919911121534937e-116,0.8339284009831294,0.33392840098312937,524.295725430911
D7_learned12_add_l1_s42_l0,PTB-XL,Severe Conduction Defect,"Model 2 (+ Age, Sex)","age_clean, sex_clean",2198,366,31.887620494022627,23.666339559713336,42.96483358591379,1.1660996120191698e-114,0.8701246211850049,0.25258832056696967,517.9767164587336
D7_learned12_add_l1_s42_l0,PTB-XL,Severe Conduction Defect,Model 3 (+ BMI),"age_clean, sex_clean, bmi_clean",678,100,29.322979574851754,16.873090895513663,50.959076583638435,4.440631108038508e-33,0.8699826989619377,0.2666695501730103,143.55701109346947
D7_learned12_add_l1_s42_l0,PTB-XL,Severe Conduction Defect,Model 4 (+ Full Comorbidities),"age_clean, sex_clean, bmi_clean, pacemaker_flag",678,100,29.760621081179067,17.080013007849082,51.85561432128307,4.680683699102651e-33,0.8725432525951557,0.264818339100346,143.45243464376048
D7_learned12_add_l1_s42_l0,PTB-XL,Myocardial Infarction,Model 1 (Unadjusted),None,2198,532,4.882154882154891,3.922458377712916,6.0766575443552995,9.267647544964532e-46,0.6457003854173248,0.14570038541732477,201.61701705216453
D7_learned12_add_l1_s42_l0,PTB-XL,Myocardial Infarction,"Model 2 (+ Age, Sex)","age_clean, sex_clean",2198,532,4.826560747889681,3.8614374343328155,6.032905893008326,1.6902890531151243e-43,0.7444331115905009,0.059571008854669594,191.2569943010706
D7_learned12_add_l1_s42_l0,PTB-XL,Myocardial Infarction,Model 3 (+ BMI),"age_clean, sex_clean, bmi_clean",678,129,7.94052053157506,5.076896613296323,12.419371737299732,1.0904804907174051e-19,0.8081783651741715,0.11288318436621902,82.43780430307483
D7_learned12_add_l1_s42_l0,PTB-XL,Myocardial Infarction,Model 4 (+ Full Comorbidities),"age_clean, sex_clean, bmi_clean, pacemaker_flag",678,129,7.9258537582814395,5.059251144894403,12.416690928865755,1.5894091558187554e-19,0.8112706683045987,0.11086400926278905,81.69318127454862
D7_learned12_add_l1_s42_l0,EchoNext,Structural Heart Disease (Moderate/Severe),Model 1 (Unadjusted),None,5442,2318,4.480398061516053,3.9248892508236577,5.114530756612861,3.033962133228834e-109,0.6372582108069234,0.13725821080692335,493.0875063979514
D8_random12_mul_l1_s42_l0,PTB-XL,Complex Arrhythmia (AF/AFL),Model 1 (Unadjusted),None,2198,309,201.52950819672023,132.8724669946405,305.6625920526495,1.4189613381583741e-137,0.9191289718537403,0.4191289718537403,623.3186287770365
D8_random12_mul_l1_s42_l0,PTB-XL,Complex Arrhythmia (AF/AFL),"Model 2 (+ Age, Sex)","age_clean, sex_clean",2198,309,193.07251594544005,126.758278259602,294.0793842052557,1.0166640434512248e-132,0.9575184897747306,0.21631623039878312,600.9959261665979
D8_random12_mul_l1_s42_l0,PTB-XL,Complex Arrhythmia (AF/AFL),Model 3 (+ BMI),"age_clean, sex_clean, bmi_clean",678,110,161.64752349906888,77.78438861556239,335.9275854506645,2.7892672065989308e-42,0.928809218950064,0.2678777208706785,185.67935604622642
D8_random12_mul_l1_s42_l0,PTB-XL,Complex Arrhythmia (AF/AFL),Model 4 (+ Full Comorbidities),"age_clean, sex_clean, bmi_clean, pacemaker_flag",678,110,165.34266229378883,77.64391987477231,352.0970607678,4.822951682524951e-40,0.9342029449423817,0.2556017925736237,175.42997006985345
D8_random12_mul_l1_s42_l0,PTB-XL,Severe Conduction Defect,Model 1 (Unadjusted),None,2198,366,29.26694997102556,21.85473917344899,39.193071754758286,1.0939587328122485e-113,0.8273722170520438,0.3273722170520438,513.5079009344084
D8_random12_mul_l1_s42_l0,PTB-XL,Severe Conduction Defect,"Model 2 (+ Age, Sex)","age_clean, sex_clean",2198,366,29.2073980552934,21.775642514068714,39.17551918889225,2.3887458549834646e-112,0.8661321497601834,0.24859584914214816,507.35281172823227
D8_random12_mul_l1_s42_l0,PTB-XL,Severe Conduction Defect,Model 3 (+ BMI),"age_clean, sex_clean, bmi_clean",678,100,26.55766810599153,15.448348463989781,45.65599597083677,1.8467547205084768e-32,0.8656574394463667,0.26234429065743936,140.72621921908282
D8_random12_mul_l1_s42_l0,PTB-XL,Severe Conduction Defect,Model 4 (+ Full Comorbidities),"age_clean, sex_clean, bmi_clean, pacemaker_flag",678,100,26.951731988535748,15.635735388768977,46.45741560090775,1.965022037526444e-32,0.8675778546712803,0.2598529411764706,140.60293647608574
D8_random12_mul_l1_s42_l0,PTB-XL,Myocardial Infarction,Model 1 (Unadjusted),None,2198,532,5.21162779785087,4.180472955375946,6.4971271416559935,9.085839924841482e-49,0.6519002337777215,0.15190023377772155,215.4066152370465
D8_random12_mul_l1_s42_l0,PTB-XL,Myocardial Infarction,"Model 2 (+ Age, Sex)","age_clean, sex_clean",2198,532,5.1491774261024865,4.11392363944443,6.44494902901602,1.88285392123204e-46,0.7498787108828495,0.06501660814701826,204.78903844203603
D8_random12_mul_l1_s42_l0,PTB-XL,Myocardial Infarction,Model 3 (+ BMI),"age_clean, sex_clean, bmi_clean",678,129,8.98382651272107,5.700145772495273,14.159135929490294,3.121293830052306e-21,0.8166786687564423,0.12138348794848985,89.46488736782955
D8_random12_mul_l1_s42_l0,PTB-XL,Myocardial Infarction,Model 4 (+ Full Comorbidities),"age_clean, sex_clean, bmi_clean, pacemaker_flag",678,129,8.97803880272825,5.685928373114105,14.176256796416123,4.621516762902428e-21,0.8197286115700145,0.11932195252820488,88.68846748502486
D8_random12_mul_l1_s42_l0,EchoNext,Structural Heart Disease (Moderate/Severe),Model 1 (Unadjusted),None,5442,2318,4.8451697089331,4.238886501858491,5.538168926691061,2.0159614264648437e-118,0.6436460357564636,0.14364603575646362,535.2698167176533
factorial_ecg_aim_1100013_s42,PTB-XL,Complex Arrhythmia (AF/AFL),Model 1 (Unadjusted),None,2198,309,603.1020408163286,346.5305729221815,1049.6391950920356,1.5533409430887263e-113,0.9549024243576764,0.45490242435767636,512.8080493304067
factorial_ecg_aim_1100013_s42,PTB-XL,Complex Arrhythmia (AF/AFL),"Model 2 (+ Age, Sex)","age_clean, sex_clean",2198,309,585.0282760199369,332.6633681424805,1028.8421164432796,1.945788882592177e-108,0.9745674583391153,0.23336519896316776,489.3782605239926
factorial_ecg_aim_1100013_s42,PTB-XL,Complex Arrhythmia (AF/AFL),Model 3 (+ BMI),"age_clean, sex_clean, bmi_clean",678,110,462.9362633854074,180.59194050593842,1186.7084619437715,2.1431086651179555e-37,0.951352432778489,0.2904209346991036,163.3074996251021
factorial_ecg_aim_1100013_s42,PTB-XL,Severe Conduction Defect,Model 1 (Unadjusted),None,2198,366,13.992497793468704,10.742332247898942,18.22602298849214,3.096228248708197e-85,0.7634494237239603,0.2634494237239603,382.77487541716897
factorial_ecg_aim_1100013_s42,PTB-XL,Severe Conduction Defect,"Model 2 (+ Age, Sex)","age_clean, sex_clean",2198,366,13.990518793024771,10.725146903235578,18.250063879211744,2.5849729790334125e-84,0.8133560622330398,0.19581976161500458,378.54170756267405
factorial_ecg_aim_1100013_s42,PTB-XL,Severe Conduction Defect,Model 3 (+ BMI),"age_clean, sex_clean, bmi_clean",678,100,13.082805325689902,7.985368027308298,21.434177436101773,1.819075681150764e-24,0.8150865051903114,0.21177335640138406,104.21067824712887
factorial_ecg_aim_1100013_s42,PTB-XL,Severe Conduction Defect,Model 4 (+ Full Comorbidities),"age_clean, sex_clean, bmi_clean, pacemaker_flag",678,100,13.486430631877013,8.225542174842634,22.112075693285266,6.136472914730777e-25,0.8191695501730104,0.21144463667820068,106.36392457536319
factorial_ecg_aim_1100013_s42,PTB-XL,Myocardial Infarction,Model 1 (Unadjusted),None,2198,532,3.768602728400159,3.0299813866721044,4.687278472064773,9.301465809054403e-33,0.6209009919757377,0.12090099197573767,142.08840372607798
factorial_ecg_aim_1100013_s42,PTB-XL,Myocardial Infarction,"Model 2 (+ Age, Sex)","age_clean, sex_clean",2198,532,3.712510742936929,2.97058565935428,4.6397369397582295,9.149226807709608e-31,0.7249783371995415,0.040116234463710265,132.97641506921235
factorial_ecg_aim_1100013_s42,PTB-XL,Myocardial Infarction,Model 3 (+ BMI),"age_clean, sex_clean, bmi_clean",678,129,6.567356262117176,4.2234872521543725,10.21198021885097,6.465653737842545e-17,0.7974329647985767,0.10213778399062423,69.8295631053308
factorial_ecg_aim_1100013_s42,PTB-XL,Myocardial Infarction,Model 4 (+ Full Comorbidities),"age_clean, sex_clean, bmi_clean, pacemaker_flag",678,129,6.548133669647272,4.2087085067071355,10.187936391231748,7.911359157288756e-17,0.8006382287739513,0.10023156973214165,69.43153496537292
factorial_ecg_aim_1100013_s42,EchoNext,Structural Heart Disease (Moderate/Severe),Model 1 (Unadjusted),None,5442,2318,6.817492093955486,5.923294534569578,7.8466802857580555,9.854148898687405e-158,0.6699488443722181,0.16994884437221813,716.0130395943518
factorial_ecg_aim_1100110_s42,PTB-XL,Complex Arrhythmia (AF/AFL),Model 1 (Unadjusted),None,2198,309,376.85131195335356,231.96904337147654,612.2235504223601,7.299641048544477e-127,0.9417227313299104,0.44172273132991036,574.0731548948398
factorial_ecg_aim_1100110_s42,PTB-XL,Complex Arrhythmia (AF/AFL),"Model 2 (+ Age, Sex)","age_clean, sex_clean",2198,309,359.5070679888832,219.7469776419972,588.1552197933967,2.064927649792301e-121,0.9682028984017501,0.2270006390258026,549.0120725233925
factorial_ecg_aim_1100110_s42,PTB-XL,Complex Arrhythmia (AF/AFL),Model 3 (+ BMI),"age_clean, sex_clean, bmi_clean",678,110,273.6850914952264,120.53150695576745,621.4435644137302,5.081143801436854e-41,0.940252880921895,0.2793213828425095,179.90592156106314
factorial_ecg_aim_1100110_s42,PTB-XL,Complex Arrhythmia (AF/AFL),Model 4 (+ Full Comorbidities),"age_clean, sex_clean, bmi_clean, pacemaker_flag",678,110,287.7159755594706,122.50659064799129,675.7226868715836,1.262409186222892e-38,0.9459507042253521,0.26734955185659415,168.9376423945371
factorial_ecg_aim_1100110_s42,PTB-XL,Severe Conduction Defect,Model 1 (Unadjusted),None,2198,366,10.004774103400122,7.761245220391764,12.89683575479312,1.0598120996355834e-70,0.7306685040685327,0.23066850406853268,316.03202433186294
factorial_ecg_aim_1100110_s42,PTB-XL,Severe Conduction Defect,"Model 2 (+ Age, Sex)","age_clean, sex_clean",2198,366,10.021385566089918,7.764434340477263,12.934383145039545,3.970278543396526e-70,0.7835258727658863,0.16598957214785104,313.3988496247925
factorial_ecg_aim_1100110_s42,PTB-XL,Severe Conduction Defect,Model 3 (+ BMI),"age_clean, sex_clean, bmi_clean",678,100,9.36090145934456,5.790317800776768,15.133275779751516,7.120401073214274e-20,0.7806660899653979,0.1773529411764705,83.28034657060192
factorial_ecg_aim_1100110_s42,PTB-XL,Severe Conduction Defect,Model 4 (+ Full Comorbidities),"age_clean, sex_clean, bmi_clean, pacemaker_flag",678,100,9.625495238702387,5.951922103803095,15.566426605462752,2.6345999341126717e-20,0.785423875432526,0.17769896193771628,85.24600680084885
factorial_ecg_aim_1100110_s42,PTB-XL,Myocardial Infarction,Model 1 (Unadjusted),None,2198,532,4.882154882154891,3.922458377712916,6.0766575443552995,9.267647544964532e-46,0.6457003854173248,0.14570038541732477,201.61701705216453
factorial_ecg_aim_1100110_s42,PTB-XL,Myocardial Infarction,"Model 2 (+ Age, Sex)","age_clean, sex_clean",2198,532,4.826560747889681,3.8614374343328155,6.032905893008326,1.6902890531151243e-43,0.7444331115905009,0.059571008854669594,191.2569943010706
factorial_ecg_aim_1100110_s42,PTB-XL,Myocardial Infarction,Model 3 (+ BMI),"age_clean, sex_clean, bmi_clean",678,129,7.94052053157506,5.076896613296323,12.419371737299732,1.0904804907174051e-19,0.8081783651741715,0.11288318436621902,82.43780430307483
factorial_ecg_aim_1100110_s42,PTB-XL,Myocardial Infarction,Model 4 (+ Full Comorbidities),"age_clean, sex_clean, bmi_clean, pacemaker_flag",678,129,7.9258537582814395,5.059251144894403,12.416690928865755,1.5894091558187554e-19,0.8112706683045987,0.11086400926278905,81.69318127454862
factorial_ecg_aim_1100110_s42,EchoNext,Structural Heart Disease (Moderate/Severe),Model 1 (Unadjusted),None,5442,2318,6.349087239291325,5.525228727381264,7.295790049806262,9.080737260842995e-150,0.6646882826490671,0.1646882826490671,679.3875096775919
factorial_ecg_aim_1100111_s42,PTB-XL,Complex Arrhythmia (AF/AFL),Model 1 (Unadjusted),None,2198,309,355.11724137930946,220.1437051732746,572.8451559656962,5.024757384011593e-128,0.9398399180402294,0.43983991804022937,579.4159890947851
factorial_ecg_aim_1100111_s42,PTB-XL,Complex Arrhythmia (AF/AFL),"Model 2 (+ Age, Sex)","age_clean, sex_clean",2198,309,338.76224213787793,208.7773583043064,549.6757772507706,5.047802428850667e-123,0.9682680002261431,0.2270657408501956,556.4213399960958
factorial_ecg_aim_1100111_s42,PTB-XL,Complex Arrhythmia (AF/AFL),Model 3 (+ BMI),"age_clean, sex_clean, bmi_clean",678,110,248.66466296560543,112.35002365285234,550.3702856250204,3.576970001412361e-42,0.9362516005121638,0.2753201024327784,185.18452223453647
factorial_ecg_aim_1100111_s42,PTB-XL,Complex Arrhythmia (AF/AFL),Model 4 (+ Full Comorbidities),"age_clean, sex_clean, bmi_clean, pacemaker_flag",678,110,259.9998622357595,113.84080319303325,593.8110630508171,9.159987706001556e-40,0.943181818181818,0.26458066581306006,174.15426984268845
factorial_ecg_aim_1100111_s42,PTB-XL,Severe Conduction Defect,Model 1 (Unadjusted),None,2198,366,29.890256678889276,22.297151434585995,40.069129321338075,2.7272580210749787e-114,0.8290112630348152,0.3290112630348152,516.2807191375109
factorial_ecg_aim_1100111_s42,PTB-XL,Severe Conduction Defect,"Model 2 (+ Age, Sex)","age_clean, sex_clean",2198,366,29.838373487819577,22.22187780112819,40.06540492961458,6.298283837300433e-113,0.8669024566301573,0.2493661560121221,510.0137538148173
factorial_ecg_aim_1100111_s42,PTB-XL,Severe Conduction Defect,Model 3 (+ BMI),"age_clean, sex_clean, bmi_clean",678,100,27.82977788655638,16.107784028298536,48.08212823405185,9.05570035553962e-33,0.8673356401384082,0.26402249134948086,142.14158970784158
factorial_ecg_aim_1100111_s42,PTB-XL,Severe Conduction Defect,Model 4 (+ Full Comorbidities),"age_clean, sex_clean, bmi_clean, pacemaker_flag",678,100,28.243762875885967,16.304172157588557,48.9267491583736,9.590094693457135e-33,0.8697231833910034,0.2619982698961937,142.02770765176413
factorial_ecg_aim_1100111_s42,PTB-XL,Myocardial Infarction,Model 1 (Unadjusted),None,2198,532,3.768602728400159,3.0299813866721044,4.687278472064773,9.301465809054403e-33,0.6209009919757377,0.12090099197573767,142.08840372607798
factorial_ecg_aim_1100111_s42,PTB-XL,Myocardial Infarction,"Model 2 (+ Age, Sex)","age_clean, sex_clean",2198,532,3.712510742936929,2.97058565935428,4.6397369397582295,9.149226807709608e-31,0.7249783371995415,0.040116234463710265,132.97641506921235
factorial_ecg_aim_1100111_s42,PTB-XL,Myocardial Infarction,Model 3 (+ BMI),"age_clean, sex_clean, bmi_clean",678,129,6.567356262117176,4.2234872521543725,10.21198021885097,6.465653737842545e-17,0.7974329647985767,0.10213778399062423,69.8295631053308
factorial_ecg_aim_1100111_s42,PTB-XL,Myocardial Infarction,Model 4 (+ Full Comorbidities),"age_clean, sex_clean, bmi_clean, pacemaker_flag",678,129,6.548133669647272,4.2087085067071355,10.187936391231748,7.911359157288756e-17,0.8006382287739513,0.10023156973214165,69.43153496537292
factorial_ecg_aim_1100111_s42,EchoNext,Structural Heart Disease (Moderate/Severe),Model 1 (Unadjusted),None,5442,2318,6.7825433825433725,5.8936345616110835,7.80552208576494,3.6516192852086745e-157,0.6695730899634217,0.16957308996342169,713.396963329468
factorial_ecg_aim_1101113_s42,PTB-XL,Complex Arrhythmia (AF/AFL),Model 1 (Unadjusted),None,2198,309,2867.459183673458,1212.6353601129538,6780.539674570737,1.8209448430360325e-73,0.9812618104132083,0.48126181041320826,328.7258671708659
factorial_ecg_aim_1101113_s42,PTB-XL,Complex Arrhythmia (AF/AFL),"Model 2 (+ Age, Sex)","age_clean, sex_clean",2198,309,2986.0374597037135,1178.6545827836037,7564.9132841753235,7.287404449878096e-64,0.9925389882833848,0.2513367289074373,284.64879266750495
factorial_ecg_aim_1101113_s42,PTB-XL,Complex Arrhythmia (AF/AFL),Model 3 (+ BMI),"age_clean, sex_clean, bmi_clean",678,110,1837.7969335385883,474.4311483548394,7119.046843015712,1.4563847836611421e-27,0.9767605633802817,0.3158290653008963,118.34592933772325
factorial_ecg_aim_1101113_s42,PTB-XL,Severe Conduction Defect,Model 1 (Unadjusted),None,2198,366,4.86631016042782,3.8033913092167704,6.226278773918649,2.5672310332956056e-36,0.6552723888610495,0.15527238886104955,158.37150946454898
factorial_ecg_aim_1101113_s42,PTB-XL,Severe Conduction Defect,"Model 2 (+ Age, Sex)","age_clean, sex_clean",2198,366,4.901486965324216,3.8258208063187733,6.279586966426632,2.9212669089399835e-36,0.7256163946357411,0.10808009401770591,158.11473325279854
factorial_ecg_aim_1101113_s42,PTB-XL,Severe Conduction Defect,Model 3 (+ BMI),"age_clean, sex_clean, bmi_clean",678,100,4.559244523388436,2.8414065137903615,7.315641223162581,3.2027921669819867e-10,0.7150519031141869,0.11173875432525948,39.546870842406705
factorial_ecg_aim_1101113_s42,PTB-XL,Severe Conduction Defect,Model 4 (+ Full Comorbidities),"age_clean, sex_clean, bmi_clean, pacemaker_flag",678,100,4.645373788781772,2.894919816162548,7.4542643692653625,1.9472962210307026e-10,0.7200692041522492,0.11234429065743945,40.518837080098066
factorial_ecg_aim_1101113_s42,PTB-XL,Myocardial Infarction,Model 1 (Unadjusted),None,2198,532,2.7652972027971967,2.223711278709572,3.43878663251441,5.895171703602829e-20,0.5911417198458331,0.09114171984583308,83.6536363032922
factorial_ecg_aim_1101113_s42,PTB-XL,Myocardial Infarction,"Model 2 (+ Age, Sex)","age_clean, sex_clean",2198,532,2.7335158489525453,2.186414064467479,3.4175177602027795,1.090091392537689e-18,0.705284933522281,0.020422830786449797,77.88877435545086
factorial_ecg_aim_1101113_s42,PTB-XL,Myocardial Infarction,Model 3 (+ BMI),"age_clean, sex_clean, bmi_clean",678,129,4.037176566861762,2.6037665511425327,6.259698906134965,4.4730912832932763e-10,0.7570777029412181,0.06178252213326563,38.89463119780832
factorial_ecg_aim_1101113_s42,PTB-XL,Myocardial Infarction,Model 4 (+ Full Comorbidities),"age_clean, sex_clean, bmi_clean, pacemaker_flag",678,129,4.022007632202938,2.5921673731005352,6.2405481842592785,5.304615002328163e-10,0.7611160531480775,0.060709394106267855,38.561834126519386
factorial_ecg_aim_1101113_s42,EchoNext,Structural Heart Disease (Moderate/Severe),Model 1 (Unadjusted),None,5442,2318,6.381107374543618,5.552478212531825,7.3333977670644614,2.4520844197811794e-150,0.6650640370578637,0.16506403705786366,682.0021136735677
spatial_1lead_a0_1110000_s42_l0,PTB-XL,Complex Arrhythmia (AF/AFL),Model 1 (Unadjusted),None,2198,309,1008.8555555555522,528.3291765619447,1926.4306745246913,1.5990670436974797e-97,0.9661993040957614,0.4661993040957614,439.221552771789
spatial_1lead_a0_1110000_s42_l0,PTB-XL,Complex Arrhythmia (AF/AFL),"Model 2 (+ Age, Sex)","age_clean, sex_clean",2198,309,982.5423171982403,502.9993975458701,1919.2655295322706,1.8090163122514717e-90,0.9822811679267296,0.24107890855078207,406.8149228505409
spatial_1lead_a0_1110000_s42_l0,PTB-XL,Complex Arrhythmia (AF/AFL),Model 3 (+ BMI),"age_clean, sex_clean, bmi_clean",678,110,578.1481973206569,212.33216483558536,1574.209627278789,1.500430793670299e-35,0.9552896927016645,0.2943581946222791,154.8626183499695
spatial_1lead_a0_1110000_s42_l0,PTB-XL,Severe Conduction Defect,Model 1 (Unadjusted),None,2198,366,22.511530398322893,17.076936720804753,29.675638503550896,3.927148756704246e-108,0.8060646192760159,0.3060646192760159,487.97662479748453
spatial_1lead_a0_1110000_s42_l0,PTB-XL,Severe Conduction Defect,"Model 2 (+ Age, Sex)","age_clean, sex_clean",2198,366,22.440033488663765,16.992662505154172,29.63367881987971,1.421275112779314e-106,0.8470750709905266,0.22953877037249137,480.8137299935517
spatial_1lead_a0_1110000_s42_l0,PTB-XL,Severe Conduction Defect,Model 3 (+ BMI),"age_clean, sex_clean, bmi_clean",678,100,22.454572747649774,13.227076837571762,38.11937009750212,1.0051956475148761e-30,0.8554152249134948,0.25210207612456736,132.78960465971537
spatial_1lead_a0_1110000_s42_l0,PTB-XL,Severe Conduction Defect,Model 4 (+ Full Comorbidities),"age_clean, sex_clean, bmi_clean, pacemaker_flag",678,100,22.743109492685182,13.361592089211713,38.711631513874686,1.133531468740804e-30,0.8571972318339102,0.24947231833910044,132.55106499916064
spatial_1lead_a0_1110000_s42_l0,PTB-XL,Myocardial Infarction,Model 1 (Unadjusted),None,2198,532,5.56525705349581,4.461238245573064,6.94248645030756,2.786600354877593e-52,0.6581000821381184,0.15810008213811844,231.51443265277868
spatial_1lead_a0_1110000_s42_l0,PTB-XL,Myocardial Infarction,"Model 2 (+ Age, Sex)","age_clean, sex_clean",2198,532,5.523069642396695,4.410051686514937,6.916993369497246,4.2135392453964757e-50,0.7541588063796947,0.06929670364386342,221.52087502325804
spatial_1lead_a0_1110000_s42_l0,PTB-XL,Myocardial Infarction,Model 3 (+ BMI),"age_clean, sex_clean, bmi_clean",678,129,10.658730676978843,6.722893249995974,16.89875704101622,7.969116657535333e-24,0.8323661060984736,0.13707092529052112,101.28414335750853
spatial_1lead_a0_1110000_s42_l0,PTB-XL,Myocardial Infarction,Model 4 (+ Full Comorbidities),"age_clean, sex_clean, bmi_clean, pacemaker_flag",678,129,10.651275410606242,6.706910638653254,16.91533911585943,1.1899205953030859e-23,0.8352466076446251,0.13483994860281545,100.49006945547907
spatial_1lead_a0_1110000_s42_l0,EchoNext,Structural Heart Disease (Moderate/Severe),Model 1 (Unadjusted),None,5442,2318,6.010398755424557,5.236656800889794,6.89846491239809,1.5948181958894096e-143,0.6605549841523057,0.16055498415230574,650.6731649152279
spatial_1lead_e1_panorama_film_1110000_s42_l0,PTB-XL,Complex Arrhythmia (AF/AFL),Model 1 (Unadjusted),None,2198,309,486.61111111111114,289.4540499637107,818.0585950912654,1.5190872059753464e-120,0.9492539844886337,0.44925398448863374,545.028130087043
spatial_1lead_e1_panorama_film_1110000_s42_l0,PTB-XL,Complex Arrhythmia (AF/AFL),"Model 2 (+ Age, Sex)","age_clean, sex_clean",2198,309,465.59315186215366,274.9077895572211,788.544345760756,1.3535036405303056e-115,0.971104212602,0.22990195322605245,522.2755890105343
spatial_1lead_e1_panorama_film_1110000_s42_l0,PTB-XL,Complex Arrhythmia (AF/AFL),Model 3 (+ BMI),"age_clean, sex_clean, bmi_clean",678,110,375.4513805875727,155.88346487377046,904.2892349054622,6.882315244293645e-40,0.9478553137003841,0.28692381562099867,174.72282627689466
spatial_1lead_e1_panorama_film_1110000_s42_l0,PTB-XL,Complex Arrhythmia (AF/AFL),Model 4 (+ Full Comorbidities),"age_clean, sex_clean, bmi_clean, pacemaker_flag",678,110,405.046726650895,160.96047367324232,1019.2741548689805,3.0493558173790258e-37,0.9552016645326504,0.2766005121638925,162.606404832749
spatial_1lead_e1_panorama_film_1110000_s42_l0,PTB-XL,Severe Conduction Defect,Model 1 (Unadjusted),None,2198,366,18.28473620620213,13.977412557532494,23.91941832969838,8.780133262926701e-100,0.7880351134655308,0.2880351134655308,449.60765354544174
spatial_1lead_e1_panorama_film_1110000_s42_l0,PTB-XL,Severe Conduction Defect,"Model 2 (+ Age, Sex)","age_clean, sex_clean",2198,366,18.35815343969916,14.00797292799062,24.05928391267117,9.815090313177827e-99,0.8339336208747943,0.21639732025675906,444.79034910034255
spatial_1lead_e1_panorama_film_1110000_s42_l0,PTB-XL,Severe Conduction Defect,Model 3 (+ BMI),"age_clean, sex_clean, bmi_clean",678,100,17.641751705668014,10.638233094727237,29.25593004713347,9.791151858097671e-29,0.8433217993079585,0.24000865051903109,123.7016682033913
spatial_1lead_e1_panorama_film_1110000_s42_l0,PTB-XL,Severe Conduction Defect,Model 4 (+ Full Comorbidities),"age_clean, sex_clean, bmi_clean, pacemaker_flag",678,100,17.842369118795435,10.733084037792802,29.660639444393276,1.09023080170877e-28,0.8455363321799307,0.237811418685121,123.48837626690752
spatial_1lead_e1_panorama_film_1110000_s42_l0,PTB-XL,Myocardial Infarction,Model 1 (Unadjusted),None,2198,532,5.280353200882995,4.234914955538821,6.583870093922054,1.904027726916777e-49,0.653140203449801,0.15314020344980095,218.51789535227587
spatial_1lead_e1_panorama_film_1110000_s42_l0,PTB-XL,Myocardial Infarction,"Model 2 (+ Age, Sex)","age_clean, sex_clean",2198,532,5.213470468144334,4.164764376630801,6.526245392110591,4.432100211577475e-47,0.7521245340241359,0.06726243128830467,207.66820978382137
spatial_1lead_e1_panorama_film_1110000_s42_l0,PTB-XL,Myocardial Infarction,Model 3 (+ BMI),"age_clean, sex_clean, bmi_clean",678,129,8.98382651272107,5.700145772495273,14.159135929490294,3.121293830052306e-21,0.8166786687564423,0.12138348794848985,89.46488736782955
spatial_1lead_e1_panorama_film_1110000_s42_l0,PTB-XL,Myocardial Infarction,Model 4 (+ Full Comorbidities),"age_clean, sex_clean, bmi_clean, pacemaker_flag",678,129,8.97803880272825,5.685928373114105,14.176256796416123,4.621516762902428e-21,0.8197286115700145,0.11932195252820488,88.68846748502486
spatial_1lead_e1_panorama_film_1110000_s42_l0,EchoNext,Structural Heart Disease (Moderate/Severe),Model 1 (Unadjusted),None,5442,2318,5.6949080886162475,4.967276147317685,6.52912726732536,2.6222000102582895e-137,0.6564216856555443,0.15642168565554426,622.0924146509943
spatial_1lead_pa1_panorama_author_1110000_s42_l0,PTB-XL,Complex Arrhythmia (AF/AFL),Model 1 (Unadjusted),None,2198,309,603.1020408163286,346.5305729221815,1049.6391950920356,1.5533409430887263e-113,0.9549024243576764,0.45490242435767636,512.8080493304067
spatial_1lead_pa1_panorama_author_1110000_s42_l0,PTB-XL,Complex Arrhythmia (AF/AFL),"Model 2 (+ Age, Sex)","age_clean, sex_clean",2198,309,585.0282760199369,332.6633681424805,1028.8421164432796,1.945788882592177e-108,0.9745674583391153,0.23336519896316776,489.3782605239926
spatial_1lead_pa1_panorama_author_1110000_s42_l0,PTB-XL,Complex Arrhythmia (AF/AFL),Model 3 (+ BMI),"age_clean, sex_clean, bmi_clean",678,110,462.9362633854074,180.59194050593842,1186.7084619437715,2.1431086651179555e-37,0.951352432778489,0.2904209346991036,163.3074996251021
spatial_1lead_pa1_panorama_author_1110000_s42_l0,PTB-XL,Severe Conduction Defect,Model 1 (Unadjusted),None,2198,366,17.95197740113001,13.732404489902747,23.46810369936641,4.829459580564951e-99,0.7863960674827594,0.28639606748275936,446.2055594201877
spatial_1lead_pa1_panorama_author_1110000_s42_l0,PTB-XL,Severe Conduction Defect,"Model 2 (+ Age, Sex)","age_clean, sex_clean",2198,366,18.021300382259216,13.760623251997606,23.601203340878495,5.255643247229822e-98,0.8331424344381607,0.2156061338201255,441.44193898027686
spatial_1lead_pa1_panorama_author_1110000_s42_l0,PTB-XL,Severe Conduction Defect,Model 3 (+ BMI),"age_clean, sex_clean, bmi_clean",678,100,16.465138213188407,9.946374260198064,27.256241248054405,1.2457063906667804e-27,0.8344117647058824,0.23109861591695502,118.65586512862498
spatial_1lead_pa1_panorama_author_1110000_s42_l0,PTB-XL,Severe Conduction Defect,Model 4 (+ Full Comorbidities),"age_clean, sex_clean, bmi_clean, pacemaker_flag",678,100,16.64096102934092,10.026730441226698,27.618333374300217,1.457100634728479e-27,0.8369550173010382,0.22923010380622844,118.34495462961112
spatial_1lead_pa1_panorama_author_1110000_s42_l0,PTB-XL,Myocardial Infarction,Model 1 (Unadjusted),None,2198,532,5.280353200882995,4.234914955538821,6.583870093922054,1.904027726916777e-49,0.653140203449801,0.15314020344980095,218.51789535227587
spatial_1lead_pa1_panorama_author_1110000_s42_l0,PTB-XL,Myocardial Infarction,"Model 2 (+ Age, Sex)","age_clean, sex_clean",2198,532,5.213470468144334,4.164764376630801,6.526245392110591,4.432100211577475e-47,0.7521245340241359,0.06726243128830467,207.66820978382137
spatial_1lead_pa1_panorama_author_1110000_s42_l0,PTB-XL,Myocardial Infarction,Model 3 (+ BMI),"age_clean, sex_clean, bmi_clean",678,129,8.98382651272107,5.700145772495273,14.159135929490294,3.121293830052306e-21,0.8166786687564423,0.12138348794848985,89.46488736782955
spatial_1lead_pa1_panorama_author_1110000_s42_l0,PTB-XL,Myocardial Infarction,Model 4 (+ Full Comorbidities),"age_clean, sex_clean, bmi_clean, pacemaker_flag",678,129,8.97803880272825,5.685928373114105,14.176256796416123,4.621516762902428e-21,0.8197286115700145,0.11932195252820488,88.68846748502486
spatial_1lead_pa1_panorama_author_1110000_s42_l0,EchoNext,Structural Heart Disease (Moderate/Severe),Model 1 (Unadjusted),None,5442,2318,5.8070862004464106,5.063123184657631,6.660365333713568,1.4539656129010074e-139,0.6579247032907304,0.15792470329073038,632.4657078634793
spatial_1lead_b1_panorama_1110000_s42_l0,PTB-XL,Complex Arrhythmia (AF/AFL),Model 1 (Unadjusted),None,2198,309,603.1020408163286,346.5305729221815,1049.6391950920356,1.5533409430887263e-113,0.9549024243576764,0.45490242435767636,512.8080493304067
spatial_1lead_b1_panorama_1110000_s42_l0,PTB-XL,Complex Arrhythmia (AF/AFL),"Model 2 (+ Age, Sex)","age_clean, sex_clean",2198,309,585.0282760199369,332.6633681424805,1028.8421164432796,1.945788882592177e-108,0.9745674583391153,0.23336519896316776,489.3782605239926
spatial_1lead_b1_panorama_1110000_s42_l0,PTB-XL,Complex Arrhythmia (AF/AFL),Model 3 (+ BMI),"age_clean, sex_clean, bmi_clean",678,110,462.9362633854074,180.59194050593842,1186.7084619437715,2.1431086651179555e-37,0.951352432778489,0.2904209346991036,163.3074996251021
spatial_1lead_b1_panorama_1110000_s42_l0,PTB-XL,Severe Conduction Defect,Model 1 (Unadjusted),None,2198,366,28.070569915914056,21.005687221891254,37.51159802965377,1.5489645803832548e-112,0.824094125086501,0.32409412508650104,508.21747912080934
spatial_1lead_b1_panorama_1110000_s42_l0,PTB-XL,Severe Conduction Defect,"Model 2 (+ Age, Sex)","age_clean, sex_clean",2198,366,28.02483669129082,20.938174627043423,37.51002585292801,3.154038004144905e-111,0.862852566397022,0.2453162657789868,502.20197565426446
spatial_1lead_b1_panorama_1110000_s42_l0,PTB-XL,Severe Conduction Defect,Model 3 (+ BMI),"age_clean, sex_clean, bmi_clean",678,100,25.717469797729166,14.986718536879371,44.13162569041149,4.6150654000806907e-32,0.8641003460207612,0.26078719723183386,138.90725695127955
spatial_1lead_b1_panorama_1110000_s42_l0,PTB-XL,Severe Conduction Defect,Model 4 (+ Full Comorbidities),"age_clean, sex_clean, bmi_clean, pacemaker_flag",678,100,26.084960094411972,15.161915857824424,44.87725360749357,4.867369994285056e-32,0.8662456747404844,0.2585207612456747,138.8015522048671
spatial_1lead_b1_panorama_1110000_s42_l0,PTB-XL,Myocardial Infarction,Model 1 (Unadjusted),None,2198,532,5.21162779785087,4.180472955375946,6.4971271416559935,9.085839924841482e-49,0.6519002337777215,0.15190023377772155,215.4066152370465
spatial_1lead_b1_panorama_1110000_s42_l0,PTB-XL,Myocardial Infarction,"Model 2 (+ Age, Sex)","age_clean, sex_clean",2198,532,5.1491774261024865,4.11392363944443,6.44494902901602,1.88285392123204e-46,0.7498787108828495,0.06501660814701826,204.78903844203603
spatial_1lead_b1_panorama_1110000_s42_l0,PTB-XL,Myocardial Infarction,Model 3 (+ BMI),"age_clean, sex_clean, bmi_clean",678,129,8.98382651272107,5.700145772495273,14.159135929490294,3.121293830052306e-21,0.8166786687564423,0.12138348794848985,89.46488736782955
spatial_1lead_b1_panorama_1110000_s42_l0,PTB-XL,Myocardial Infarction,Model 4 (+ Full Comorbidities),"age_clean, sex_clean, bmi_clean, pacemaker_flag",678,129,8.97803880272825,5.685928373114105,14.176256796416123,4.621516762902428e-21,0.8197286115700145,0.11932195252820488,88.68846748502486
spatial_1lead_b1_panorama_1110000_s42_l0,EchoNext,Structural Heart Disease (Moderate/Severe),Model 1 (Unadjusted),None,5442,2318,6.070187165775399,5.287644188848395,6.9685423057124005,1.1722637162273581e-144,0.6613064929698989,0.16130649296989885,655.8860259108642
spatial_1lead_cm1_capacity_matched_1110000_s42_l0,PTB-XL,Complex Arrhythmia (AF/AFL),Model 1 (Unadjusted),None,2198,309,705.5394736842121,395.092855420486,1259.9214136555715,6.571165552918948e-109,0.9586680509370379,0.4586680509370379,491.5449833508978
spatial_1lead_cm1_capacity_matched_1110000_s42_l0,PTB-XL,Complex Arrhythmia (AF/AFL),"Model 2 (+ Age, Sex)","age_clean, sex_clean",2198,309,677.7288695023033,375.2583760647754,1224.0004483673001,1.3261338906319896e-103,0.9755988082939724,0.23439654891802486,467.16546874732586
spatial_1lead_cm1_capacity_matched_1110000_s42_l0,PTB-XL,Complex Arrhythmia (AF/AFL),Model 3 (+ BMI),"age_clean, sex_clean, bmi_clean",678,110,578.1481973206569,212.33216483558536,1574.209627278789,1.500430793670299e-35,0.9552896927016645,0.2943581946222791,154.8626183499695
spatial_1lead_cm1_capacity_matched_1110000_s42_l0,PTB-XL,Severe Conduction Defect,Model 1 (Unadjusted),None,2198,366,16.39655812801777,12.550655640605665,21.42096207114895,1.7573913455332981e-93,0.7782008375689026,0.27820083756890257,420.65504386912835
spatial_1lead_cm1_capacity_matched_1110000_s42_l0,PTB-XL,Severe Conduction Defect,"Model 2 (+ Age, Sex)","age_clean, sex_clean",2198,366,16.46511648743806,12.585139664505279,21.541283463822534,8.818566264833449e-93,0.8261708962703128,0.2086345956522776,417.4366304526394
spatial_1lead_cm1_capacity_matched_1110000_s42_l0,PTB-XL,Severe Conduction Defect,Model 3 (+ BMI),"age_clean, sex_clean, bmi_clean",678,100,15.954995571704162,9.622107415906578,26.455938672257595,6.976308307169435e-27,0.8325259515570935,0.22921280276816614,115.23897065123056
spatial_1lead_cm1_capacity_matched_1110000_s42_l0,PTB-XL,Severe Conduction Defect,Model 4 (+ Full Comorbidities),"age_clean, sex_clean, bmi_clean, pacemaker_flag",678,100,16.47523420809667,9.927605437976547,27.34127014892349,2.18853909036732e-27,0.836159169550173,0.22843425605536327,117.53811302127968
spatial_1lead_cm1_capacity_matched_1110000_s42_l0,PTB-XL,Myocardial Infarction,Model 1 (Unadjusted),None,2198,532,5.56525705349581,4.461238245573064,6.94248645030756,2.786600354877593e-52,0.6581000821381184,0.15810008213811844,231.51443265277868
spatial_1lead_cm1_capacity_matched_1110000_s42_l0,PTB-XL,Myocardial Infarction,"Model 2 (+ Age, Sex)","age_clean, sex_clean",2198,532,5.523069642396695,4.410051686514937,6.916993369497246,4.2135392453964757e-50,0.7541588063796947,0.06929670364386342,221.52087502325804
spatial_1lead_cm1_capacity_matched_1110000_s42_l0,PTB-XL,Myocardial Infarction,Model 3 (+ BMI),"age_clean, sex_clean, bmi_clean",678,129,10.658730676978843,6.722893249995974,16.89875704101622,7.969116657535333e-24,0.8323661060984736,0.13707092529052112,101.28414335750853
spatial_1lead_cm1_capacity_matched_1110000_s42_l0,PTB-XL,Myocardial Infarction,Model 4 (+ Full Comorbidities),"age_clean, sex_clean, bmi_clean, pacemaker_flag",678,129,10.651275410606242,6.706910638653254,16.91533911585943,1.1899205953030859e-23,0.8352466076446251,0.13483994860281545,100.49006945547907
spatial_1lead_cm1_capacity_matched_1110000_s42_l0,EchoNext,Structural Heart Disease (Moderate/Severe),Model 1 (Unadjusted),None,5442,2318,6.130755273800414,5.339276296756805,7.039560820267394,8.599617654073758e-146,0.6620580017874919,0.16205800178749186,661.1029055607802
spatial_1lead_pg1_permuted_geometry_1110000_s42_l0,PTB-XL,Complex Arrhythmia (AF/AFL),Model 1 (Unadjusted),None,2198,309,705.5394736842121,395.092855420486,1259.9214136555715,6.571165552918948e-109,0.9586680509370379,0.4586680509370379,491.5449833508978
spatial_1lead_pg1_permuted_geometry_1110000_s42_l0,PTB-XL,Complex Arrhythmia (AF/AFL),"Model 2 (+ Age, Sex)","age_clean, sex_clean",2198,309,677.7288695023033,375.2583760647754,1224.0004483673001,1.3261338906319896e-103,0.9755988082939724,0.23439654891802486,467.16546874732586
spatial_1lead_pg1_permuted_geometry_1110000_s42_l0,PTB-XL,Complex Arrhythmia (AF/AFL),Model 3 (+ BMI),"age_clean, sex_clean, bmi_clean",678,110,578.1481973206569,212.33216483558536,1574.209627278789,1.500430793670299e-35,0.9552896927016645,0.2943581946222791,154.8626183499695
spatial_1lead_pg1_permuted_geometry_1110000_s42_l0,PTB-XL,Severe Conduction Defect,Model 1 (Unadjusted),None,2198,366,22.511530398322893,17.076936720804753,29.675638503550896,3.927148756704246e-108,0.8060646192760159,0.3060646192760159,487.97662479748453
spatial_1lead_pg1_permuted_geometry_1110000_s42_l0,PTB-XL,Severe Conduction Defect,"Model 2 (+ Age, Sex)","age_clean, sex_clean",2198,366,22.440033488663765,16.992662505154172,29.63367881987971,1.421275112779314e-106,0.8470750709905266,0.22953877037249137,480.8137299935517
spatial_1lead_pg1_permuted_geometry_1110000_s42_l0,PTB-XL,Severe Conduction Defect,Model 3 (+ BMI),"age_clean, sex_clean, bmi_clean",678,100,22.454572747649774,13.227076837571762,38.11937009750212,1.0051956475148761e-30,0.8554152249134948,0.25210207612456736,132.78960465971537
spatial_1lead_pg1_permuted_geometry_1110000_s42_l0,PTB-XL,Severe Conduction Defect,Model 4 (+ Full Comorbidities),"age_clean, sex_clean, bmi_clean, pacemaker_flag",678,100,22.743109492685182,13.361592089211713,38.711631513874686,1.133531468740804e-30,0.8571972318339102,0.24947231833910044,132.55106499916064
spatial_1lead_pg1_permuted_geometry_1110000_s42_l0,PTB-XL,Myocardial Infarction,Model 1 (Unadjusted),None,2198,532,5.280353200882995,4.234914955538821,6.583870093922054,1.904027726916777e-49,0.653140203449801,0.15314020344980095,218.51789535227587
spatial_1lead_pg1_permuted_geometry_1110000_s42_l0,PTB-XL,Myocardial Infarction,"Model 2 (+ Age, Sex)","age_clean, sex_clean",2198,532,5.213470468144334,4.164764376630801,6.526245392110591,4.432100211577475e-47,0.7521245340241359,0.06726243128830467,207.66820978382137
spatial_1lead_pg1_permuted_geometry_1110000_s42_l0,PTB-XL,Myocardial Infarction,Model 3 (+ BMI),"age_clean, sex_clean, bmi_clean",678,129,8.98382651272107,5.700145772495273,14.159135929490294,3.121293830052306e-21,0.8166786687564423,0.12138348794848985,89.46488736782955
spatial_1lead_pg1_permuted_geometry_1110000_s42_l0,PTB-XL,Myocardial Infarction,Model 4 (+ Full Comorbidities),"age_clean, sex_clean, bmi_clean, pacemaker_flag",678,129,8.97803880272825,5.685928373114105,14.176256796416123,4.621516762902428e-21,0.8197286115700145,0.11932195252820488,88.68846748502486
spatial_1lead_pg1_permuted_geometry_1110000_s42_l0,EchoNext,Structural Heart Disease (Moderate/Severe),Model 1 (Unadjusted),None,5442,2318,6.130755273800414,5.339276296756805,7.039560820267394,8.599617654073758e-146,0.6620580017874919,0.16205800178749186,661.1029055607802
spatial_1lead_t000_exact_theta_1110000_s42_l0,PTB-XL,Complex Arrhythmia (AF/AFL),Model 1 (Unadjusted),None,2198,309,705.5394736842121,395.092855420486,1259.9214136555715,6.571165552918948e-109,0.9586680509370379,0.4586680509370379,491.5449833508978
spatial_1lead_t000_exact_theta_1110000_s42_l0,PTB-XL,Complex Arrhythmia (AF/AFL),"Model 2 (+ Age, Sex)","age_clean, sex_clean",2198,309,677.7288695023033,375.2583760647754,1224.0004483673001,1.3261338906319896e-103,0.9755988082939724,0.23439654891802486,467.16546874732586
spatial_1lead_t000_exact_theta_1110000_s42_l0,PTB-XL,Complex Arrhythmia (AF/AFL),Model 3 (+ BMI),"age_clean, sex_clean, bmi_clean",678,110,578.1481973206569,212.33216483558536,1574.209627278789,1.500430793670299e-35,0.9552896927016645,0.2943581946222791,154.8626183499695
spatial_1lead_t000_exact_theta_1110000_s42_l0,PTB-XL,Severe Conduction Defect,Model 1 (Unadjusted),None,2198,366,20.45215485756027,15.57466038721731,26.857127405547317,1.5588868819100616e-104,0.797869389362159,0.297869389362159,471.43816455850776
spatial_1lead_t000_exact_theta_1110000_s42_l0,PTB-XL,Severe Conduction Defect,"Model 2 (+ Age, Sex)","age_clean, sex_clean",2198,366,20.52464423787054,15.597988751193277,27.007393569182117,2.9919706778481287e-103,0.8421765755124443,0.22464027489440908,465.5416072152915
spatial_1lead_t000_exact_theta_1110000_s42_l0,PTB-XL,Severe Conduction Defect,Model 3 (+ BMI),"age_clean, sex_clean, bmi_clean",678,100,19.591109265833733,11.673591274108809,32.878619205822545,2.0085946144685894e-29,0.8488927335640137,0.24557958477508635,126.84504791975682
spatial_1lead_t000_exact_theta_1110000_s42_l0,PTB-XL,Severe Conduction Defect,Model 4 (+ Full Comorbidities),"age_clean, sex_clean, bmi_clean, pacemaker_flag",678,100,19.825887630965884,11.783758625229677,33.356574320362476,2.2413761990942457e-29,0.8508131487889273,0.2430882352941176,126.6274293896583
spatial_1lead_t000_exact_theta_1110000_s42_l0,PTB-XL,Myocardial Infarction,Model 1 (Unadjusted),None,2198,532,5.21162779785087,4.180472955375946,6.4971271416559935,9.085839924841482e-49,0.6519002337777215,0.15190023377772155,215.4066152370465
spatial_1lead_t000_exact_theta_1110000_s42_l0,PTB-XL,Myocardial Infarction,"Model 2 (+ Age, Sex)","age_clean, sex_clean",2198,532,5.1491774261024865,4.11392363944443,6.44494902901602,1.88285392123204e-46,0.7498787108828495,0.06501660814701826,204.78903844203603
spatial_1lead_t000_exact_theta_1110000_s42_l0,PTB-XL,Myocardial Infarction,Model 3 (+ BMI),"age_clean, sex_clean, bmi_clean",678,129,8.98382651272107,5.700145772495273,14.159135929490294,3.121293830052306e-21,0.8166786687564423,0.12138348794848985,89.46488736782955
spatial_1lead_t000_exact_theta_1110000_s42_l0,PTB-XL,Myocardial Infarction,Model 4 (+ Full Comorbidities),"age_clean, sex_clean, bmi_clean, pacemaker_flag",678,129,8.97803880272825,5.685928373114105,14.176256796416123,4.621516762902428e-21,0.8197286115700145,0.11932195252820488,88.68846748502486
spatial_1lead_t000_exact_theta_1110000_s42_l0,EchoNext,Structural Heart Disease (Moderate/Severe),Model 1 (Unadjusted),None,5442,2318,6.130755273800414,5.339276296756805,7.039560820267394,8.599617654073758e-146,0.6620580017874919,0.16205800178749186,661.1029055607802
spatial_1lead_c1_panorama_hybrid_1110000_s42_l0,PTB-XL,Complex Arrhythmia (AF/AFL),Model 1 (Unadjusted),None,2198,309,766.8803418803428,423.4186835630832,1388.9454612951495,1.727319885351853e-106,0.9605508642267189,0.46055086422671887,480.42450335716205
spatial_1lead_c1_panorama_hybrid_1110000_s42_l0,PTB-XL,Complex Arrhythmia (AF/AFL),"Model 2 (+ Age, Sex)","age_clean, sex_clean",2198,309,736.0496047357582,401.0144372281911,1350.9962992264554,1.0197435945457983e-100,0.9779279117219262,0.23672565234597864,453.90406538326687
spatial_1lead_c1_panorama_hybrid_1110000_s42_l0,PTB-XL,Complex Arrhythmia (AF/AFL),Model 3 (+ BMI),"age_clean, sex_clean, bmi_clean",678,110,578.1481973206569,212.33216483558536,1574.209627278789,1.500430793670299e-35,0.9552896927016645,0.2943581946222791,154.8626183499695
spatial_1lead_c1_panorama_hybrid_1110000_s42_l0,PTB-XL,Severe Conduction Defect,Model 1 (Unadjusted),None,2198,366,20.069316436251974,15.298998931988864,26.327046887769978,4.9749674530849866e-104,0.7962303433793877,0.2962303433793877,469.1221749473877
spatial_1lead_c1_panorama_hybrid_1110000_s42_l0,PTB-XL,Severe Conduction Defect,"Model 2 (+ Age, Sex)","age_clean, sex_clean",2198,366,20.154338107212155,15.33124560428935,26.494738589679812,9.794746663401915e-103,0.8415747965733649,0.22403849595532965,463.1748544773237
spatial_1lead_c1_panorama_hybrid_1110000_s42_l0,PTB-XL,Severe Conduction Defect,Model 3 (+ BMI),"age_clean, sex_clean, bmi_clean",678,100,18.915902384787962,11.340721465928766,31.551022931460682,1.9886161873966235e-29,0.8471972318339099,0.24388408304498255,126.86488644026502
spatial_1lead_c1_panorama_hybrid_1110000_s42_l0,PTB-XL,Severe Conduction Defect,Model 4 (+ Full Comorbidities),"age_clean, sex_clean, bmi_clean, pacemaker_flag",678,100,19.152596420376142,11.451160986493129,32.033603411433894,2.2969366139243223e-29,0.8493425605536332,0.2416176470588235,126.5788348335746
spatial_1lead_c1_panorama_hybrid_1110000_s42_l0,PTB-XL,Myocardial Infarction,Model 1 (Unadjusted),None,2198,532,5.350061199510406,4.290108695793639,6.671895019016914,3.96484117241885e-50,0.6543801731218803,0.15438017312188035,221.64200752416457
spatial_1lead_c1_panorama_hybrid_1110000_s42_l0,PTB-XL,Myocardial Infarction,"Model 2 (+ Age, Sex)","age_clean, sex_clean",2198,532,5.288374385099951,4.22437473110851,6.620365241518844,7.627585741951676e-48,0.7527738539024633,0.06791175116663206,211.17101376129872
spatial_1lead_c1_panorama_hybrid_1110000_s42_l0,PTB-XL,Myocardial Infarction,Model 3 (+ BMI),"age_clean, sex_clean, bmi_clean",678,129,9.50361588685536,6.018929941108164,15.005776077908749,4.369149493305013e-22,0.8199121729430537,0.12461699213510125,93.35572948389814
spatial_1lead_c1_panorama_hybrid_1110000_s42_l0,PTB-XL,Myocardial Infarction,Model 4 (+ Full Comorbidities),"age_clean, sex_clean, bmi_clean, pacemaker_flag",678,129,9.499641218489364,6.005260540225315,15.027355212241332,6.50667873062495e-22,0.8229479956510074,0.12254133660919775,92.56751359386492
spatial_1lead_c1_panorama_hybrid_1110000_s42_l0,EchoNext,Structural Heart Disease (Moderate/Severe),Model 1 (Unadjusted),None,5442,2318,6.010398755424557,5.236656800889794,6.89846491239809,1.5948181958894096e-143,0.6605549841523057,0.16055498415230574,650.6731649152279
spatial_1lead_d1_panorama_relative_1110000_s42_l0,PTB-XL,Complex Arrhythmia (AF/AFL),Model 1 (Unadjusted),None,2198,309,455.14086956521885,273.1391841063357,758.4163064203078,4.750879016792856e-122,0.9473711711989529,0.44737117119895287,551.9454641478926
spatial_1lead_d1_panorama_relative_1110000_s42_l0,PTB-XL,Complex Arrhythmia (AF/AFL),"Model 2 (+ Age, Sex)","age_clean, sex_clean",2198,309,434.83858156133084,259.2516561837967,729.3476724415542,2.74100434943528e-117,0.9702082059136441,0.22900594653769657,530.0599346369448
spatial_1lead_d1_panorama_relative_1110000_s42_l0,PTB-XL,Complex Arrhythmia (AF/AFL),Model 3 (+ BMI),"age_clean, sex_clean, bmi_clean",678,110,318.3132595957176,136.57917514016842,741.8651571915312,1.1902360407262737e-40,0.9412291933418694,0.28029769526248394,178.21287340459764
spatial_1lead_d1_panorama_relative_1110000_s42_l0,PTB-XL,Complex Arrhythmia (AF/AFL),Model 4 (+ Full Comorbidities),"age_clean, sex_clean, bmi_clean, pacemaker_flag",678,110,341.23749961824143,140.64718483553983,827.9087226798554,4.616277359422731e-38,0.948735595390525,0.27013444302176703,166.3597081577621
spatial_1lead_d1_panorama_relative_1110000_s42_l0,PTB-XL,Severe Conduction Defect,Model 1 (Unadjusted),None,2198,366,19.695471108797577,15.03557053669816,25.79959179139112,7.915425927778157e-104,0.7945912973966163,0.29459129739661627,468.1953548461433
spatial_1lead_d1_panorama_relative_1110000_s42_l0,PTB-XL,Severe Conduction Defect,"Model 2 (+ Age, Sex)","age_clean, sex_clean",2198,366,19.777542578201484,15.067122601793029,25.96057659914604,1.4356039164717661e-102,0.8400237430500871,0.22248744243205187,462.4118471000333
spatial_1lead_d1_panorama_relative_1110000_s42_l0,PTB-XL,Severe Conduction Defect,Model 3 (+ BMI),"age_clean, sex_clean, bmi_clean",678,100,18.915902384787962,11.340721465928766,31.551022931460682,1.9886161873966235e-29,0.8471972318339099,0.24388408304498255,126.86488644026502
spatial_1lead_d1_panorama_relative_1110000_s42_l0,PTB-XL,Severe Conduction Defect,Model 4 (+ Full Comorbidities),"age_clean, sex_clean, bmi_clean, pacemaker_flag",678,100,19.152596420376142,11.451160986493129,32.033603411433894,2.2969366139243223e-29,0.8493425605536332,0.2416176470588235,126.5788348335746
spatial_1lead_d1_panorama_relative_1110000_s42_l0,PTB-XL,Myocardial Infarction,Model 1 (Unadjusted),None,2198,532,5.56525705349581,4.461238245573064,6.94248645030756,2.786600354877593e-52,0.6581000821381184,0.15810008213811844,231.51443265277868
spatial_1lead_d1_panorama_relative_1110000_s42_l0,PTB-XL,Myocardial Infarction,"Model 2 (+ Age, Sex)","age_clean, sex_clean",2198,532,5.523069642396695,4.410051686514937,6.916993369497246,4.2135392453964757e-50,0.7541588063796947,0.06929670364386342,221.52087502325804
spatial_1lead_d1_panorama_relative_1110000_s42_l0,PTB-XL,Myocardial Infarction,Model 3 (+ BMI),"age_clean, sex_clean, bmi_clean",678,129,10.658730676978843,6.722893249995974,16.89875704101622,7.969116657535333e-24,0.8323661060984736,0.13707092529052112,101.28414335750853
spatial_1lead_d1_panorama_relative_1110000_s42_l0,PTB-XL,Myocardial Infarction,Model 4 (+ Full Comorbidities),"age_clean, sex_clean, bmi_clean, pacemaker_flag",678,129,10.651275410606242,6.706910638653254,16.91533911585943,1.1899205953030859e-23,0.8352466076446251,0.13483994860281545,100.49006945547907
spatial_1lead_d1_panorama_relative_1110000_s42_l0,EchoNext,Structural Heart Disease (Moderate/Severe),Model 1 (Unadjusted),None,5442,2318,5.6949080886162475,4.967276147317685,6.52912726732536,2.6222000102582895e-137,0.6564216856555443,0.15642168565554426,622.0924146509943
spatial_1lead_e1_panorama_film_1010010_s42_l0,PTB-XL,Complex Arrhythmia (AF/AFL),Model 1 (Unadjusted),None,2198,309,560.0443974630057,325.7108268012105,962.96991478619,6.807907398822256e-116,0.9530196110679955,0.4530196110679955,523.6473694925875
spatial_1lead_e1_panorama_film_1010010_s42_l0,PTB-XL,Complex Arrhythmia (AF/AFL),"Model 2 (+ Age, Sex)","age_clean, sex_clean",2198,309,541.9388474185138,312.3961205702421,940.1452034845912,4.139375253881604e-111,0.9738573344914605,0.23265507511551298,501.65932983870294
spatial_1lead_e1_panorama_film_1010010_s42_l0,PTB-XL,Complex Arrhythmia (AF/AFL),Model 3 (+ BMI),"age_clean, sex_clean, bmi_clean",678,110,462.9362633854074,180.59194050593842,1186.7084619437715,2.1431086651179555e-37,0.951352432778489,0.2904209346991036,163.3074996251021
spatial_1lead_e1_panorama_film_1010010_s42_l0,PTB-XL,Severe Conduction Defect,Model 1 (Unadjusted),None,2198,366,21.657509157509182,16.455225193367642,28.504483979754102,1.030799074163205e-106,0.8027865273104732,0.3027865273104732,481.4548432395241
spatial_1lead_e1_panorama_film_1010010_s42_l0,PTB-XL,Severe Conduction Defect,"Model 2 (+ Age, Sex)","age_clean, sex_clean",2198,366,21.588588629648395,16.374883425912603,28.462319205439425,3.2924719302490945e-105,0.8440206886677643,0.22648438804972904,474.5414679391403
spatial_1lead_e1_panorama_film_1010010_s42_l0,PTB-XL,Severe Conduction Defect,Model 3 (+ BMI),"age_clean, sex_clean, bmi_clean",678,100,20.732860970222337,12.299548699243916,34.94856067662001,5.2576253321113855e-30,0.8517474048442907,0.2484342560553633,129.5052862070851
spatial_1lead_e1_panorama_film_1010010_s42_l0,PTB-XL,Myocardial Infarction,Model 1 (Unadjusted),None,2198,532,4.946216195742749,3.970968254326356,6.1609796624219495,3.4946666589501496e-46,0.6469403550894042,0.14694035508940417,203.55811097729094
spatial_1lead_e1_panorama_film_1010010_s42_l0,PTB-XL,Myocardial Infarction,"Model 2 (+ Age, Sex)","age_clean, sex_clean",2198,532,4.886191982792177,3.9071713924785314,6.110525926418961,5.826809377843986e-44,0.7450124786756808,0.06015037593984951,193.37611712493677
spatial_1lead_e1_panorama_film_1010010_s42_l0,PTB-XL,Myocardial Infarction,Model 3 (+ BMI),"age_clean, sex_clean, bmi_clean",678,129,8.179366657910265,5.211140530253986,12.83827187851205,6.413080048634724e-20,0.8100280990101807,0.1147329182022282,83.48717116986734
spatial_1lead_e1_panorama_film_1010010_s42_l0,PTB-XL,Myocardial Infarction,Model 4 (+ Full Comorbidities),"age_clean, sex_clean, bmi_clean, pacemaker_flag",678,129,8.165049214633337,5.193523729146302,12.836762120338514,9.325844913334502e-20,0.8128803603450954,0.11247370130328571,82.74697445502461
spatial_1lead_e1_panorama_film_1010010_s42_l0,EchoNext,Structural Heart Disease (Moderate/Severe),Model 1 (Unadjusted),None,5442,2318,5.6949080886162475,4.967276147317685,6.52912726732536,2.6222000102582895e-137,0.6564216856555443,0.15642168565554426,622.0924146509943
spatial_1lead_pa1_panorama_author_1010010_s42_l0,PTB-XL,Complex Arrhythmia (AF/AFL),Model 1 (Unadjusted),None,2198,309,335.16470588235285,209.22521637120448,536.9112864001067,3.130657782475637e-129,0.9379571047505487,0.4379571047505487,584.957940507243
spatial_1lead_pa1_panorama_author_1010010_s42_l0,PTB-XL,Complex Arrhythmia (AF/AFL),"Model 2 (+ Age, Sex)","age_clean, sex_clean",2198,309,319.9704239268799,198.6328526224447,515.4286958892449,2.638546264762359e-124,0.967857687411877,0.22665542803592953,562.3134636228915
spatial_1lead_pa1_panorama_author_1010010_s42_l0,PTB-XL,Complex Arrhythmia (AF/AFL),Model 3 (+ BMI),"age_clean, sex_clean, bmi_clean",678,110,234.864342667268,106.62677723423526,517.3302700066691,7.980469320615163e-42,0.9359314980793855,0.275,183.58812641599567
spatial_1lead_pa1_panorama_author_1010010_s42_l0,PTB-XL,Complex Arrhythmia (AF/AFL),Model 4 (+ Full Comorbidities),"age_clean, sex_clean, bmi_clean, pacemaker_flag",678,110,244.7030300916281,107.76963931753663,555.6256225335668,1.8023001007690913e-39,0.9420134443021767,0.26341229193341875,172.80833342633758
spatial_1lead_pa1_panorama_author_1010010_s42_l0,PTB-XL,Severe Conduction Defect,Model 1 (Unadjusted),None,2198,366,31.868270490108078,23.69587452541787,42.859218508323174,4.919911121534937e-116,0.8339284009831294,0.33392840098312937,524.295725430911
spatial_1lead_pa1_panorama_author_1010010_s42_l0,PTB-XL,Severe Conduction Defect,"Model 2 (+ Age, Sex)","age_clean, sex_clean",2198,366,31.887620494022627,23.666339559713336,42.96483358591379,1.1660996120191698e-114,0.8701246211850049,0.25258832056696967,517.9767164587336
spatial_1lead_pa1_panorama_author_1010010_s42_l0,PTB-XL,Severe Conduction Defect,Model 3 (+ BMI),"age_clean, sex_clean, bmi_clean",678,100,29.322979574851754,16.873090895513663,50.959076583638435,4.440631108038508e-33,0.8699826989619377,0.2666695501730103,143.55701109346947
spatial_1lead_pa1_panorama_author_1010010_s42_l0,PTB-XL,Severe Conduction Defect,Model 4 (+ Full Comorbidities),"age_clean, sex_clean, bmi_clean, pacemaker_flag",678,100,29.760621081179067,17.080013007849082,51.85561432128307,4.680683699102651e-33,0.8725432525951557,0.264818339100346,143.45243464376048
spatial_1lead_pa1_panorama_author_1010010_s42_l0,PTB-XL,Myocardial Infarction,Model 1 (Unadjusted),None,2198,532,5.21162779785087,4.180472955375946,6.4971271416559935,9.085839924841482e-49,0.6519002337777215,0.15190023377772155,215.4066152370465
spatial_1lead_pa1_panorama_author_1010010_s42_l0,PTB-XL,Myocardial Infarction,"Model 2 (+ Age, Sex)","age_clean, sex_clean",2198,532,5.1491774261024865,4.11392363944443,6.44494902901602,1.88285392123204e-46,0.7498787108828495,0.06501660814701826,204.78903844203603
spatial_1lead_pa1_panorama_author_1010010_s42_l0,PTB-XL,Myocardial Infarction,Model 3 (+ BMI),"age_clean, sex_clean, bmi_clean",678,129,8.98382651272107,5.700145772495273,14.159135929490294,3.121293830052306e-21,0.8166786687564423,0.12138348794848985,89.46488736782955
spatial_1lead_pa1_panorama_author_1010010_s42_l0,PTB-XL,Myocardial Infarction,Model 4 (+ Full Comorbidities),"age_clean, sex_clean, bmi_clean, pacemaker_flag",678,129,8.97803880272825,5.685928373114105,14.176256796416123,4.621516762902428e-21,0.8197286115700145,0.11932195252820488,88.68846748502486
spatial_1lead_pa1_panorama_author_1010010_s42_l0,EchoNext,Structural Heart Disease (Moderate/Severe),Model 1 (Unadjusted),None,5442,2318,6.010398755424557,5.236656800889794,6.89846491239809,1.5948181958894096e-143,0.6605549841523057,0.16055498415230574,650.6731649152279
spatial_1lead_t000_exact_theta_1010010_s42_l0,PTB-XL,Complex Arrhythmia (AF/AFL),Model 1 (Unadjusted),None,2198,309,426.5842880523723,258.5268490392739,703.8888049322293,3.5749550020087974e-124,0.945488357909272,0.445488357909272,561.7070897923876
spatial_1lead_t000_exact_theta_1010010_s42_l0,PTB-XL,Complex Arrhythmia (AF/AFL),"Model 2 (+ Age, Sex)","age_clean, sex_clean",2198,309,405.8882822793946,244.4109418707241,674.0504186545626,3.7477998983945915e-119,0.9692967803721425,0.22809452099619498,538.6286091274402
spatial_1lead_t000_exact_theta_1010010_s42_l0,PTB-XL,Complex Arrhythmia (AF/AFL),Model 3 (+ BMI),"age_clean, sex_clean, bmi_clean",678,110,293.21508227462294,127.74169176030672,673.038561557778,5.990951651795048e-41,0.9410051216389245,0.280073623559539,179.57829681299995
spatial_1lead_t000_exact_theta_1010010_s42_l0,PTB-XL,Complex Arrhythmia (AF/AFL),Model 4 (+ Full Comorbidities),"age_clean, sex_clean, bmi_clean, pacemaker_flag",678,110,310.3385706664398,130.25984342107776,739.3685261232597,2.2291867918461494e-38,0.9475832266325224,0.2689820742637644,167.80704995422263
spatial_1lead_t000_exact_theta_1010010_s42_l0,PTB-XL,Severe Conduction Defect,Model 1 (Unadjusted),None,2198,366,26.392975794969207,19.834191502638436,35.120623455771664,1.1355687704113359e-111,0.8191769871381869,0.3191769871381869,504.2410393617247
spatial_1lead_t000_exact_theta_1010010_s42_l0,PTB-XL,Severe Conduction Defect,"Model 2 (+ Age, Sex)","age_clean, sex_clean",2198,366,26.33855433876113,19.765922522770083,35.09674005130381,1.767604369823695e-110,0.8581375128260195,0.24060121220798425,498.7617688289042
spatial_1lead_t000_exact_theta_1010010_s42_l0,PTB-XL,Severe Conduction Defect,Model 3 (+ BMI),"age_clean, sex_clean, bmi_clean",678,100,23.93600587954125,14.04138741990254,40.80311726555935,1.8436391785241314e-31,0.8608823529411764,0.25756920415224904,136.15697324641047
spatial_1lead_t000_exact_theta_1010010_s42_l0,PTB-XL,Severe Conduction Defect,Model 4 (+ Full Comorbidities),"age_clean, sex_clean, bmi_clean, pacemaker_flag",678,100,24.26286062012257,14.196935360122884,41.465738241298794,1.97441188696786e-31,0.8629411764705881,0.2552162629757784,136.02090065922914
spatial_1lead_t000_exact_theta_1010010_s42_l0,PTB-XL,Myocardial Infarction,Model 1 (Unadjusted),None,2198,532,5.280353200882995,4.234914955538821,6.583870093922054,1.904027726916777e-49,0.653140203449801,0.15314020344980095,218.51789535227587
spatial_1lead_t000_exact_theta_1010010_s42_l0,PTB-XL,Myocardial Infarction,"Model 2 (+ Age, Sex)","age_clean, sex_clean",2198,532,5.213470468144334,4.164764376630801,6.526245392110591,4.432100211577475e-47,0.7521245340241359,0.06726243128830467,207.66820978382137
spatial_1lead_t000_exact_theta_1010010_s42_l0,PTB-XL,Myocardial Infarction,Model 3 (+ BMI),"age_clean, sex_clean, bmi_clean",678,129,8.98382651272107,5.700145772495273,14.159135929490294,3.121293830052306e-21,0.8166786687564423,0.12138348794848985,89.46488736782955
spatial_1lead_t000_exact_theta_1010010_s42_l0,PTB-XL,Myocardial Infarction,Model 4 (+ Full Comorbidities),"age_clean, sex_clean, bmi_clean, pacemaker_flag",678,129,8.97803880272825,5.685928373114105,14.176256796416123,4.621516762902428e-21,0.8197286115700145,0.11932195252820488,88.68846748502486
spatial_1lead_t000_exact_theta_1010010_s42_l0,EchoNext,Structural Heart Disease (Moderate/Severe),Model 1 (Unadjusted),None,5442,2318,5.478820375335128,4.782445117743249,6.276595332755655,8.18876543016339e-133,0.6534156503851725,0.15341565038517246,601.4279073585225
spatial_1lead_a0_1010010_s42_l0,PTB-XL,Complex Arrhythmia (AF/AFL),Model 1 (Unadjusted),None,2198,309,316.8027295285367,199.07569979657455,504.1497758856961,2.3436910997636026e-130,0.9360742914608678,0.43607429146086785,590.1333639360957
spatial_1lead_a0_1010010_s42_l0,PTB-XL,Complex Arrhythmia (AF/AFL),"Model 2 (+ Age, Sex)","age_clean, sex_clean",2198,309,301.8429002693505,188.71066789040555,482.79801805335705,1.747348558791301e-125,0.9658172591789289,0.22461499980298139,567.7333322594333
spatial_1lead_a0_1010010_s42_l0,PTB-XL,Complex Arrhythmia (AF/AFL),Model 3 (+ BMI),"age_clean, sex_clean, bmi_clean",678,110,228.73030495025807,103.20673829598478,506.9199285476639,7.934173697862598e-41,0.9342349551856592,0.2733034571062738,179.01952154615827
spatial_1lead_a0_1010010_s42_l0,PTB-XL,Complex Arrhythmia (AF/AFL),Model 4 (+ Full Comorbidities),"age_clean, sex_clean, bmi_clean, pacemaker_flag",678,110,239.76761778049436,104.78628712600077,548.6262765184714,1.6924206279650943e-38,0.9410211267605634,0.2624199743918054,168.3547829227275
spatial_1lead_a0_1010010_s42_l0,PTB-XL,Severe Conduction Defect,Model 1 (Unadjusted),None,2198,366,22.07925853255538,16.762474942938148,29.08243913902436,1.9955212052047363e-107,0.8044255732932446,0.3044255732932446,484.7321153287195
spatial_1lead_a0_1010010_s42_l0,PTB-XL,Severe Conduction Defect,"Model 2 (+ Age, Sex)","age_clean, sex_clean",2198,366,22.01931410819097,16.687565836997738,29.054578632446447,6.576163637765582e-106,0.8450930035554919,0.22755670293745667,477.7562886283678
spatial_1lead_a0_1010010_s42_l0,PTB-XL,Severe Conduction Defect,Model 3 (+ BMI),"age_clean, sex_clean, bmi_clean",678,100,21.976191743401944,12.958892353322494,37.268077423217804,1.9447215186499605e-30,0.8538927335640139,0.25057958477508646,131.4795017774604
spatial_1lead_a0_1010010_s42_l0,PTB-XL,Severe Conduction Defect,Model 4 (+ Full Comorbidities),"age_clean, sex_clean, bmi_clean, pacemaker_flag",678,100,22.22374756773434,13.075133974043581,37.77360575691579,2.125975726864557e-30,0.8566955017301038,0.24897058823529405,131.30260421920906
spatial_1lead_a0_1010010_s42_l0,PTB-XL,Myocardial Infarction,Model 1 (Unadjusted),None,2198,532,5.143867924528299,4.127530991691891,6.410461188117033,3.6027194770286356e-48,0.6506602641056423,0.15066026410564226,212.6641974729202
spatial_1lead_a0_1010010_s42_l0,PTB-XL,Myocardial Infarction,"Model 2 (+ Age, Sex)","age_clean, sex_clean",2198,532,5.081203284411983,4.061232955153771,6.357337070446763,6.920557997116521e-46,0.74834708319418,0.06348498045834872,202.19823261152806
spatial_1lead_a0_1010010_s42_l0,PTB-XL,Myocardial Infarction,Model 3 (+ BMI),"age_clean, sex_clean, bmi_clean",678,129,8.847562652933984,5.618469607260073,13.93250660223226,4.944749488499692e-21,0.8156337809406815,0.12033860013272901,88.55473750767563
spatial_1lead_a0_1010010_s42_l0,PTB-XL,Myocardial Infarction,Model 4 (+ Full Comorbidities),"age_clean, sex_clean, bmi_clean, pacemaker_flag",678,129,8.83815380332057,5.602629537534591,13.942196628892772,7.290474691467592e-21,0.8187260840711089,0.11831942502929926,87.78677557231421
spatial_1lead_a0_1010010_s42_l0,EchoNext,Structural Heart Disease (Moderate/Severe),Model 1 (Unadjusted),None,5442,2318,6.010398755424557,5.236656800889794,6.89846491239809,1.5948181958894096e-143,0.6605549841523057,0.16055498415230574,650.6731649152279
spatial_1lead_cm1_capacity_matched_1010010_s42_l0,PTB-XL,Complex Arrhythmia (AF/AFL),Model 1 (Unadjusted),None,2198,309,355.11724137930946,220.1437051732746,572.8451559656962,5.024757384011593e-128,0.9398399180402294,0.43983991804022937,579.4159890947851
spatial_1lead_cm1_capacity_matched_1010010_s42_l0,PTB-XL,Complex Arrhythmia (AF/AFL),"Model 2 (+ Age, Sex)","age_clean, sex_clean",2198,309,338.76224213787793,208.7773583043064,549.6757772507706,5.047802428850667e-123,0.9682680002261431,0.2270657408501956,556.4213399960958
spatial_1lead_cm1_capacity_matched_1010010_s42_l0,PTB-XL,Complex Arrhythmia (AF/AFL),Model 3 (+ BMI),"age_clean, sex_clean, bmi_clean",678,110,248.66466296560543,112.35002365285234,550.3702856250204,3.576970001412361e-42,0.9362516005121638,0.2753201024327784,185.18452223453647
spatial_1lead_cm1_capacity_matched_1010010_s42_l0,PTB-XL,Complex Arrhythmia (AF/AFL),Model 4 (+ Full Comorbidities),"age_clean, sex_clean, bmi_clean, pacemaker_flag",678,110,259.9998622357595,113.84080319303325,593.8110630508171,9.159987706001556e-40,0.943181818181818,0.26458066581306006,174.15426984268845
spatial_1lead_cm1_capacity_matched_1010010_s42_l0,PTB-XL,Severe Conduction Defect,Model 1 (Unadjusted),None,2198,366,25.8628481345245,19.430407178308016,34.42475021193682,4.183744111162874e-110,0.8175379411554156,0.31753794115541556,497.0420462350864
spatial_1lead_cm1_capacity_matched_1010010_s42_l0,PTB-XL,Severe Conduction Defect,"Model 2 (+ Age, Sex)","age_clean, sex_clean",2198,366,25.7892190914097,19.344235652008827,34.381499135411126,1.0102959642694216e-108,0.8556960949244756,0.2381597943064404,490.6864500465313
spatial_1lead_cm1_capacity_matched_1010010_s42_l0,PTB-XL,Severe Conduction Defect,Model 3 (+ BMI),"age_clean, sex_clean, bmi_clean",678,100,23.93600587954125,14.04138741990254,40.80311726555935,1.8436391785241314e-31,0.8608823529411764,0.25756920415224904,136.15697324641047
spatial_1lead_cm1_capacity_matched_1010010_s42_l0,PTB-XL,Severe Conduction Defect,Model 4 (+ Full Comorbidities),"age_clean, sex_clean, bmi_clean, pacemaker_flag",678,100,24.26286062012257,14.196935360122884,41.465738241298794,1.97441188696786e-31,0.8629411764705881,0.2552162629757784,136.02090065922914
spatial_1lead_cm1_capacity_matched_1010010_s42_l0,PTB-XL,Myocardial Infarction,Model 1 (Unadjusted),None,2198,532,5.21162779785087,4.180472955375946,6.4971271416559935,9.085839924841482e-49,0.6519002337777215,0.15190023377772155,215.4066152370465
spatial_1lead_cm1_capacity_matched_1010010_s42_l0,PTB-XL,Myocardial Infarction,"Model 2 (+ Age, Sex)","age_clean, sex_clean",2198,532,5.1491774261024865,4.11392363944443,6.44494902901602,1.88285392123204e-46,0.7498787108828495,0.06501660814701826,204.78903844203603
spatial_1lead_cm1_capacity_matched_1010010_s42_l0,PTB-XL,Myocardial Infarction,Model 3 (+ BMI),"age_clean, sex_clean, bmi_clean",678,129,8.98382651272107,5.700145772495273,14.159135929490294,3.121293830052306e-21,0.8166786687564423,0.12138348794848985,89.46488736782955
spatial_1lead_cm1_capacity_matched_1010010_s42_l0,PTB-XL,Myocardial Infarction,Model 4 (+ Full Comorbidities),"age_clean, sex_clean, bmi_clean, pacemaker_flag",678,129,8.97803880272825,5.685928373114105,14.176256796416123,4.621516762902428e-21,0.8197286115700145,0.11932195252820488,88.68846748502486
spatial_1lead_cm1_capacity_matched_1010010_s42_l0,EchoNext,Structural Heart Disease (Moderate/Severe),Model 1 (Unadjusted),None,5442,2318,6.192116968335755,5.391564247943516,7.111537725656583,6.297435920976575e-147,0.6628095106050848,0.16280951060508475,666.3233840464038
spatial_1lead_d1_panorama_relative_1010010_s42_l0,PTB-XL,Complex Arrhythmia (AF/AFL),Model 1 (Unadjusted),None,2198,309,455.14086956521885,273.1391841063357,758.4163064203078,4.750879016792856e-122,0.9473711711989529,0.44737117119895287,551.9454641478926
spatial_1lead_d1_panorama_relative_1010010_s42_l0,PTB-XL,Complex Arrhythmia (AF/AFL),"Model 2 (+ Age, Sex)","age_clean, sex_clean",2198,309,434.83858156133084,259.2516561837967,729.3476724415542,2.74100434943528e-117,0.9702082059136441,0.22900594653769657,530.0599346369448
spatial_1lead_d1_panorama_relative_1010010_s42_l0,PTB-XL,Complex Arrhythmia (AF/AFL),Model 3 (+ BMI),"age_clean, sex_clean, bmi_clean",678,110,318.3132595957176,136.57917514016842,741.8651571915312,1.1902360407262737e-40,0.9412291933418694,0.28029769526248394,178.21287340459764
spatial_1lead_d1_panorama_relative_1010010_s42_l0,PTB-XL,Complex Arrhythmia (AF/AFL),Model 4 (+ Full Comorbidities),"age_clean, sex_clean, bmi_clean, pacemaker_flag",678,110,341.23749961824143,140.64718483553983,827.9087226798554,4.616277359422731e-38,0.948735595390525,0.27013444302176703,166.3597081577621
spatial_1lead_d1_panorama_relative_1010010_s42_l0,PTB-XL,Severe Conduction Defect,Model 1 (Unadjusted),None,2198,366,16.39655812801777,12.550655640605665,21.42096207114895,1.7573913455332981e-93,0.7782008375689026,0.27820083756890257,420.65504386912835
spatial_1lead_d1_panorama_relative_1010010_s42_l0,PTB-XL,Severe Conduction Defect,"Model 2 (+ Age, Sex)","age_clean, sex_clean",2198,366,16.46511648743806,12.585139664505279,21.541283463822534,8.818566264833449e-93,0.8261708962703128,0.2086345956522776,417.4366304526394
spatial_1lead_d1_panorama_relative_1010010_s42_l0,PTB-XL,Severe Conduction Defect,Model 3 (+ BMI),"age_clean, sex_clean, bmi_clean",678,100,15.954995571704162,9.622107415906578,26.455938672257595,6.976308307169435e-27,0.8325259515570935,0.22921280276816614,115.23897065123056
spatial_1lead_d1_panorama_relative_1010010_s42_l0,PTB-XL,Severe Conduction Defect,Model 4 (+ Full Comorbidities),"age_clean, sex_clean, bmi_clean, pacemaker_flag",678,100,16.47523420809667,9.927605437976547,27.34127014892349,2.18853909036732e-27,0.836159169550173,0.22843425605536327,117.53811302127968
spatial_1lead_d1_panorama_relative_1010010_s42_l0,PTB-XL,Myocardial Infarction,Model 1 (Unadjusted),None,2198,532,5.21162779785087,4.180472955375946,6.4971271416559935,9.085839924841482e-49,0.6519002337777215,0.15190023377772155,215.4066152370465
spatial_1lead_d1_panorama_relative_1010010_s42_l0,PTB-XL,Myocardial Infarction,"Model 2 (+ Age, Sex)","age_clean, sex_clean",2198,532,5.1491774261024865,4.11392363944443,6.44494902901602,1.88285392123204e-46,0.7498787108828495,0.06501660814701826,204.78903844203603
spatial_1lead_d1_panorama_relative_1010010_s42_l0,PTB-XL,Myocardial Infarction,Model 3 (+ BMI),"age_clean, sex_clean, bmi_clean",678,129,8.98382651272107,5.700145772495273,14.159135929490294,3.121293830052306e-21,0.8166786687564423,0.12138348794848985,89.46488736782955
spatial_1lead_d1_panorama_relative_1010010_s42_l0,PTB-XL,Myocardial Infarction,Model 4 (+ Full Comorbidities),"age_clean, sex_clean, bmi_clean, pacemaker_flag",678,129,8.97803880272825,5.685928373114105,14.176256796416123,4.621516762902428e-21,0.8197286115700145,0.11932195252820488,88.68846748502486
spatial_1lead_d1_panorama_relative_1010010_s42_l0,EchoNext,Structural Heart Disease (Moderate/Severe),Model 1 (Unadjusted),None,5442,2318,6.040196354042777,5.26207059044261,6.933387032408257,4.324953392304399e-144,0.6609307385611023,0.1609307385611023,653.2790670990108
spatial_1lead_b1_panorama_1010010_s42_l0,PTB-XL,Complex Arrhythmia (AF/AFL),Model 1 (Unadjusted),None,2198,309,376.85131195335356,231.96904337147654,612.2235504223601,7.299641048544477e-127,0.9417227313299104,0.44172273132991036,574.0731548948398
spatial_1lead_b1_panorama_1010010_s42_l0,PTB-XL,Complex Arrhythmia (AF/AFL),"Model 2 (+ Age, Sex)","age_clean, sex_clean",2198,309,359.5070679888832,219.7469776419972,588.1552197933967,2.064927649792301e-121,0.9682028984017501,0.2270006390258026,549.0120725233925
spatial_1lead_b1_panorama_1010010_s42_l0,PTB-XL,Complex Arrhythmia (AF/AFL),Model 3 (+ BMI),"age_clean, sex_clean, bmi_clean",678,110,273.6850914952264,120.53150695576745,621.4435644137302,5.081143801436854e-41,0.940252880921895,0.2793213828425095,179.90592156106314
spatial_1lead_b1_panorama_1010010_s42_l0,PTB-XL,Complex Arrhythmia (AF/AFL),Model 4 (+ Full Comorbidities),"age_clean, sex_clean, bmi_clean, pacemaker_flag",678,110,287.7159755594706,122.50659064799129,675.7226868715836,1.262409186222892e-38,0.9459507042253521,0.26734955185659415,168.9376423945371
spatial_1lead_b1_panorama_1010010_s42_l0,PTB-XL,Severe Conduction Defect,Model 1 (Unadjusted),None,2198,366,25.8628481345245,19.430407178308016,34.42475021193682,4.183744111162874e-110,0.8175379411554156,0.31753794115541556,497.0420462350864
spatial_1lead_b1_panorama_1010010_s42_l0,PTB-XL,Severe Conduction Defect,"Model 2 (+ Age, Sex)","age_clean, sex_clean",2198,366,25.7892190914097,19.344235652008827,34.381499135411126,1.0102959642694216e-108,0.8556960949244756,0.2381597943064404,490.6864500465313
spatial_1lead_b1_panorama_1010010_s42_l0,PTB-XL,Severe Conduction Defect,Model 3 (+ BMI),"age_clean, sex_clean, bmi_clean",678,100,23.93600587954125,14.04138741990254,40.80311726555935,1.8436391785241314e-31,0.8608823529411764,0.25756920415224904,136.15697324641047
spatial_1lead_b1_panorama_1010010_s42_l0,PTB-XL,Severe Conduction Defect,Model 4 (+ Full Comorbidities),"age_clean, sex_clean, bmi_clean, pacemaker_flag",678,100,24.26286062012257,14.196935360122884,41.465738241298794,1.97441188696786e-31,0.8629411764705881,0.2552162629757784,136.02090065922914
spatial_1lead_b1_panorama_1010010_s42_l0,PTB-XL,Myocardial Infarction,Model 1 (Unadjusted),None,2198,532,5.21162779785087,4.180472955375946,6.4971271416559935,9.085839924841482e-49,0.6519002337777215,0.15190023377772155,215.4066152370465
spatial_1lead_b1_panorama_1010010_s42_l0,PTB-XL,Myocardial Infarction,"Model 2 (+ Age, Sex)","age_clean, sex_clean",2198,532,5.1491774261024865,4.11392363944443,6.44494902901602,1.88285392123204e-46,0.7498787108828495,0.06501660814701826,204.78903844203603
spatial_1lead_b1_panorama_1010010_s42_l0,PTB-XL,Myocardial Infarction,Model 3 (+ BMI),"age_clean, sex_clean, bmi_clean",678,129,8.98382651272107,5.700145772495273,14.159135929490294,3.121293830052306e-21,0.8166786687564423,0.12138348794848985,89.46488736782955
spatial_1lead_b1_panorama_1010010_s42_l0,PTB-XL,Myocardial Infarction,Model 4 (+ Full Comorbidities),"age_clean, sex_clean, bmi_clean, pacemaker_flag",678,129,8.97803880272825,5.685928373114105,14.176256796416123,4.621516762902428e-21,0.8197286115700145,0.11932195252820488,88.68846748502486
spatial_1lead_b1_panorama_1010010_s42_l0,EchoNext,Structural Heart Disease (Moderate/Severe),Model 1 (Unadjusted),None,5442,2318,5.8070862004464106,5.063123184657631,6.660365333713568,1.4539656129010074e-139,0.6579247032907304,0.15792470329073038,632.4657078634793
spatial_1lead_pg1_permuted_geometry_1010010_s42_l0,PTB-XL,Complex Arrhythmia (AF/AFL),Model 1 (Unadjusted),None,2198,309,651.3073170731687,369.3955974086247,1148.365666101317,4.709828212348569e-111,0.956785237647357,0.456785237647357,501.4016285140152
spatial_1lead_pg1_permuted_geometry_1010010_s42_l0,PTB-XL,Complex Arrhythmia (AF/AFL),"Model 2 (+ Age, Sex)","age_clean, sex_clean",2198,309,629.9394069069313,353.46954036633053,1122.6530466047914,5.758010358003141e-106,0.9746334167664609,0.23343115739051334,478.0214551568208
spatial_1lead_pg1_permuted_geometry_1010010_s42_l0,PTB-XL,Complex Arrhythmia (AF/AFL),Model 3 (+ BMI),"age_clean, sex_clean, bmi_clean",678,110,507.96081244270056,195.0918072581455,1322.5782804709518,2.7013370375346823e-37,0.9520726632522407,0.29114116517285527,162.84730909431843
spatial_1lead_pg1_permuted_geometry_1010010_s42_l0,PTB-XL,Severe Conduction Defect,Model 1 (Unadjusted),None,2198,366,14.487481146304608,11.11618385597093,18.88121973187706,4.343020122843887e-87,0.766727515689503,0.26672751568950304,391.2865642189327
spatial_1lead_pg1_permuted_geometry_1010010_s42_l0,PTB-XL,Severe Conduction Defect,"Model 2 (+ Age, Sex)","age_clean, sex_clean",2198,366,14.489582536622118,11.100309173001273,18.913707610615987,4.2870261171674485e-86,0.8155387226477676,0.1980024220297324,386.71902962347787
spatial_1lead_pg1_permuted_geometry_1010010_s42_l0,PTB-XL,Severe Conduction Defect,Model 3 (+ BMI),"age_clean, sex_clean, bmi_clean",678,100,13.925180958848484,8.464533295926291,22.908606766305642,3.4153287812747666e-25,0.8193771626297578,0.2160640138408304,107.52521261080143
spatial_1lead_pg1_permuted_geometry_1010010_s42_l0,PTB-XL,Severe Conduction Defect,Model 4 (+ Full Comorbidities),"age_clean, sex_clean, bmi_clean, pacemaker_flag",678,100,14.356703505087017,8.721695963187729,23.63243759045735,1.0996352902158042e-25,0.8233217993079585,0.21559688581314873,109.77149169924132
spatial_1lead_pg1_permuted_geometry_1010010_s42_l0,PTB-XL,Myocardial Infarction,Model 1 (Unadjusted),None,2198,532,5.21162779785087,4.180472955375946,6.4971271416559935,9.085839924841482e-49,0.6519002337777215,0.15190023377772155,215.4066152370465
spatial_1lead_pg1_permuted_geometry_1010010_s42_l0,PTB-XL,Myocardial Infarction,"Model 2 (+ Age, Sex)","age_clean, sex_clean",2198,532,5.1491774261024865,4.11392363944443,6.44494902901602,1.88285392123204e-46,0.7498787108828495,0.06501660814701826,204.78903844203603
spatial_1lead_pg1_permuted_geometry_1010010_s42_l0,PTB-XL,Myocardial Infarction,Model 3 (+ BMI),"age_clean, sex_clean, bmi_clean",678,129,8.98382651272107,5.700145772495273,14.159135929490294,3.121293830052306e-21,0.8166786687564423,0.12138348794848985,89.46488736782955
spatial_1lead_pg1_permuted_geometry_1010010_s42_l0,PTB-XL,Myocardial Infarction,Model 4 (+ Full Comorbidities),"age_clean, sex_clean, bmi_clean, pacemaker_flag",678,129,8.97803880272825,5.685928373114105,14.176256796416123,4.621516762902428e-21,0.8197286115700145,0.11932195252820488,88.68846748502486
spatial_1lead_pg1_permuted_geometry_1010010_s42_l0,EchoNext,Structural Heart Disease (Moderate/Severe),Model 1 (Unadjusted),None,5442,2318,5.893107037406801,5.1365729087180725,6.761066409743759,2.931868846379034e-141,0.6590519665171198,0.15905196651711984,640.2611456620823
spatial_1lead_c1_panorama_hybrid_1010010_s42_l0,PTB-XL,Complex Arrhythmia (AF/AFL),Model 1 (Unadjusted),None,2198,309,376.85131195335356,231.96904337147654,612.2235504223601,7.299641048544477e-127,0.9417227313299104,0.44172273132991036,574.0731548948398
spatial_1lead_c1_panorama_hybrid_1010010_s42_l0,PTB-XL,Complex Arrhythmia (AF/AFL),"Model 2 (+ Age, Sex)","age_clean, sex_clean",2198,309,359.5070679888832,219.7469776419972,588.1552197933967,2.064927649792301e-121,0.9682028984017501,0.2270006390258026,549.0120725233925
spatial_1lead_c1_panorama_hybrid_1010010_s42_l0,PTB-XL,Complex Arrhythmia (AF/AFL),Model 3 (+ BMI),"age_clean, sex_clean, bmi_clean",678,110,273.6850914952264,120.53150695576745,621.4435644137302,5.081143801436854e-41,0.940252880921895,0.2793213828425095,179.90592156106314
spatial_1lead_c1_panorama_hybrid_1010010_s42_l0,PTB-XL,Complex Arrhythmia (AF/AFL),Model 4 (+ Full Comorbidities),"age_clean, sex_clean, bmi_clean, pacemaker_flag",678,110,287.7159755594706,122.50659064799129,675.7226868715836,1.262409186222892e-38,0.9459507042253521,0.26734955185659415,168.9376423945371
spatial_1lead_c1_panorama_hybrid_1010010_s42_l0,PTB-XL,Severe Conduction Defect,Model 1 (Unadjusted),None,2198,366,19.695471108797577,15.03557053669816,25.79959179139112,7.915425927778157e-104,0.7945912973966163,0.29459129739661627,468.1953548461433
spatial_1lead_c1_panorama_hybrid_1010010_s42_l0,PTB-XL,Severe Conduction Defect,"Model 2 (+ Age, Sex)","age_clean, sex_clean",2198,366,19.777542578201484,15.067122601793029,25.96057659914604,1.4356039164717661e-102,0.8400237430500871,0.22248744243205187,462.4118471000333
spatial_1lead_c1_panorama_hybrid_1010010_s42_l0,PTB-XL,Severe Conduction Defect,Model 3 (+ BMI),"age_clean, sex_clean, bmi_clean",678,100,18.915902384787962,11.340721465928766,31.551022931460682,1.9886161873966235e-29,0.8471972318339099,0.24388408304498255,126.86488644026502
spatial_1lead_c1_panorama_hybrid_1010010_s42_l0,PTB-XL,Severe Conduction Defect,Model 4 (+ Full Comorbidities),"age_clean, sex_clean, bmi_clean, pacemaker_flag",678,100,19.152596420376142,11.451160986493129,32.033603411433894,2.2969366139243223e-29,0.8493425605536332,0.2416176470588235,126.5788348335746
spatial_1lead_c1_panorama_hybrid_1010010_s42_l0,PTB-XL,Myocardial Infarction,Model 1 (Unadjusted),None,2198,532,5.21162779785087,4.180472955375946,6.4971271416559935,9.085839924841482e-49,0.6519002337777215,0.15190023377772155,215.4066152370465
spatial_1lead_c1_panorama_hybrid_1010010_s42_l0,PTB-XL,Myocardial Infarction,"Model 2 (+ Age, Sex)","age_clean, sex_clean",2198,532,5.1491774261024865,4.11392363944443,6.44494902901602,1.88285392123204e-46,0.7498787108828495,0.06501660814701826,204.78903844203603
spatial_1lead_c1_panorama_hybrid_1010010_s42_l0,PTB-XL,Myocardial Infarction,Model 3 (+ BMI),"age_clean, sex_clean, bmi_clean",678,129,8.98382651272107,5.700145772495273,14.159135929490294,3.121293830052306e-21,0.8166786687564423,0.12138348794848985,89.46488736782955
spatial_1lead_c1_panorama_hybrid_1010010_s42_l0,PTB-XL,Myocardial Infarction,Model 4 (+ Full Comorbidities),"age_clean, sex_clean, bmi_clean, pacemaker_flag",678,129,8.97803880272825,5.685928373114105,14.176256796416123,4.621516762902428e-21,0.8197286115700145,0.11932195252820488,88.68846748502486
spatial_1lead_c1_panorama_hybrid_1010010_s42_l0,EchoNext,Structural Heart Disease (Moderate/Severe),Model 1 (Unadjusted),None,5442,2318,5.893107037406801,5.1365729087180725,6.761066409743759,2.931868846379034e-141,0.6590519665171198,0.15905196651711984,640.2611456620823
spatial_1lead_t111_exact_theta_1010010_s42_l0,PTB-XL,Complex Arrhythmia (AF/AFL),Model 1 (Unadjusted),None,2198,309,455.14086956521885,273.1391841063357,758.4163064203078,4.750879016792856e-122,0.9473711711989529,0.44737117119895287,551.9454641478926
spatial_1lead_t111_exact_theta_1010010_s42_l0,PTB-XL,Complex Arrhythmia (AF/AFL),"Model 2 (+ Age, Sex)","age_clean, sex_clean",2198,309,434.83858156133084,259.2516561837967,729.3476724415542,2.74100434943528e-117,0.9702082059136441,0.22900594653769657,530.0599346369448
spatial_1lead_t111_exact_theta_1010010_s42_l0,PTB-XL,Complex Arrhythmia (AF/AFL),Model 3 (+ BMI),"age_clean, sex_clean, bmi_clean",678,110,318.3132595957176,136.57917514016842,741.8651571915312,1.1902360407262737e-40,0.9412291933418694,0.28029769526248394,178.21287340459764
spatial_1lead_t111_exact_theta_1010010_s42_l0,PTB-XL,Complex Arrhythmia (AF/AFL),Model 4 (+ Full Comorbidities),"age_clean, sex_clean, bmi_clean, pacemaker_flag",678,110,341.23749961824143,140.64718483553983,827.9087226798554,4.616277359422731e-38,0.948735595390525,0.27013444302176703,166.3597081577621
spatial_1lead_t111_exact_theta_1010010_s42_l0,PTB-XL,Severe Conduction Defect,Model 1 (Unadjusted),None,2198,366,19.695471108797577,15.03557053669816,25.79959179139112,7.915425927778157e-104,0.7945912973966163,0.29459129739661627,468.1953548461433
spatial_1lead_t111_exact_theta_1010010_s42_l0,PTB-XL,Severe Conduction Defect,"Model 2 (+ Age, Sex)","age_clean, sex_clean",2198,366,19.777542578201484,15.067122601793029,25.96057659914604,1.4356039164717661e-102,0.8400237430500871,0.22248744243205187,462.4118471000333
spatial_1lead_t111_exact_theta_1010010_s42_l0,PTB-XL,Severe Conduction Defect,Model 3 (+ BMI),"age_clean, sex_clean, bmi_clean",678,100,18.915902384787962,11.340721465928766,31.551022931460682,1.9886161873966235e-29,0.8471972318339099,0.24388408304498255,126.86488644026502
spatial_1lead_t111_exact_theta_1010010_s42_l0,PTB-XL,Severe Conduction Defect,Model 4 (+ Full Comorbidities),"age_clean, sex_clean, bmi_clean, pacemaker_flag",678,100,19.152596420376142,11.451160986493129,32.033603411433894,2.2969366139243223e-29,0.8493425605536332,0.2416176470588235,126.5788348335746
spatial_1lead_t111_exact_theta_1010010_s42_l0,PTB-XL,Myocardial Infarction,Model 1 (Unadjusted),None,2198,532,5.143867924528299,4.127530991691891,6.410461188117033,3.6027194770286356e-48,0.6506602641056423,0.15066026410564226,212.6641974729202
spatial_1lead_t111_exact_theta_1010010_s42_l0,PTB-XL,Myocardial Infarction,"Model 2 (+ Age, Sex)","age_clean, sex_clean",2198,532,5.081203284411983,4.061232955153771,6.357337070446763,6.920557997116521e-46,0.74834708319418,0.06348498045834872,202.19823261152806
spatial_1lead_t111_exact_theta_1010010_s42_l0,PTB-XL,Myocardial Infarction,Model 3 (+ BMI),"age_clean, sex_clean, bmi_clean",678,129,8.847562652933984,5.618469607260073,13.93250660223226,4.944749488499692e-21,0.8156337809406815,0.12033860013272901,88.55473750767563
spatial_1lead_t111_exact_theta_1010010_s42_l0,PTB-XL,Myocardial Infarction,Model 4 (+ Full Comorbidities),"age_clean, sex_clean, bmi_clean, pacemaker_flag",678,129,8.83815380332057,5.602629537534591,13.942196628892772,7.290474691467592e-21,0.8187260840711089,0.11831942502929926,87.78677557231421
spatial_1lead_t111_exact_theta_1010010_s42_l0,EchoNext,Structural Heart Disease (Moderate/Severe),Model 1 (Unadjusted),None,5442,2318,6.130755273800414,5.339276296756805,7.039560820267394,8.599617654073758e-146,0.6620580017874919,0.16205800178749186,661.1029055607802
spatial_1lead_t111_exact_theta_1110000_s42_l0,PTB-XL,Complex Arrhythmia (AF/AFL),Model 1 (Unadjusted),None,2198,309,316.8027295285367,199.07569979657455,504.1497758856961,2.3436910997636026e-130,0.9360742914608678,0.43607429146086785,590.1333639360957
spatial_1lead_t111_exact_theta_1110000_s42_l0,PTB-XL,Complex Arrhythmia (AF/AFL),"Model 2 (+ Age, Sex)","age_clean, sex_clean",2198,309,301.8429002693505,188.71066789040555,482.79801805335705,1.747348558791301e-125,0.9658172591789289,0.22461499980298139,567.7333322594333
spatial_1lead_t111_exact_theta_1110000_s42_l0,PTB-XL,Complex Arrhythmia (AF/AFL),Model 3 (+ BMI),"age_clean, sex_clean, bmi_clean",678,110,228.73030495025807,103.20673829598478,506.9199285476639,7.934173697862598e-41,0.9342349551856592,0.2733034571062738,179.01952154615827
spatial_1lead_t111_exact_theta_1110000_s42_l0,PTB-XL,Complex Arrhythmia (AF/AFL),Model 4 (+ Full Comorbidities),"age_clean, sex_clean, bmi_clean, pacemaker_flag",678,110,239.76761778049436,104.78628712600077,548.6262765184714,1.6924206279650943e-38,0.9410211267605634,0.2624199743918054,168.3547829227275
spatial_1lead_t111_exact_theta_1110000_s42_l0,PTB-XL,Severe Conduction Defect,Model 1 (Unadjusted),None,2198,366,13.992497793468704,10.742332247898942,18.22602298849214,3.096228248708197e-85,0.7634494237239603,0.2634494237239603,382.77487541716897
spatial_1lead_t111_exact_theta_1110000_s42_l0,PTB-XL,Severe Conduction Defect,"Model 2 (+ Age, Sex)","age_clean, sex_clean",2198,366,13.990518793024771,10.725146903235578,18.250063879211744,2.5849729790334125e-84,0.8133560622330398,0.19581976161500458,378.54170756267405
spatial_1lead_t111_exact_theta_1110000_s42_l0,PTB-XL,Severe Conduction Defect,Model 3 (+ BMI),"age_clean, sex_clean, bmi_clean",678,100,13.082805325689902,7.985368027308298,21.434177436101773,1.819075681150764e-24,0.8150865051903114,0.21177335640138406,104.21067824712887
spatial_1lead_t111_exact_theta_1110000_s42_l0,PTB-XL,Severe Conduction Defect,Model 4 (+ Full Comorbidities),"age_clean, sex_clean, bmi_clean, pacemaker_flag",678,100,13.486430631877013,8.225542174842634,22.112075693285266,6.136472914730777e-25,0.8191695501730104,0.21144463667820068,106.36392457536319
spatial_1lead_t111_exact_theta_1110000_s42_l0,PTB-XL,Myocardial Infarction,Model 1 (Unadjusted),None,2198,532,5.011178303096946,4.022278223617841,6.243205116438381,7.970361650073372e-47,0.6481803247614835,0.14818032476148346,206.5000847968863
spatial_1lead_t111_exact_theta_1110000_s42_l0,PTB-XL,Myocardial Infarction,"Model 2 (+ Age, Sex)","age_clean, sex_clean",2198,532,4.94524578085736,3.9538802128764785,6.185178739974012,1.4909167820287799e-44,0.7457289306700124,0.06086682793418119,196.0884844303595
spatial_1lead_t111_exact_theta_1110000_s42_l0,PTB-XL,Myocardial Infarction,Model 3 (+ BMI),"age_clean, sex_clean, bmi_clean",678,129,8.310356028999484,5.288845299272945,13.05805207390392,4.1509407367780543e-20,0.810804704819192,0.11550952401123948,84.34716316615473
spatial_1lead_t111_exact_theta_1110000_s42_l0,PTB-XL,Myocardial Infarction,Model 4 (+ Full Comorbidities),"age_clean, sex_clean, bmi_clean, pacemaker_flag",678,129,8.299478682972364,5.272738352930971,13.063676177070956,6.064316147919749e-20,0.814024088900185,0.11361742985837531,83.59771367247362
spatial_1lead_t111_exact_theta_1110000_s42_l0,EchoNext,Structural Heart Disease (Moderate/Severe),Model 1 (Unadjusted),None,5442,2318,6.511338557492394,5.663248992604436,7.486432234509469,1.3011902200468268e-152,0.6665670546930497,0.16656705469304967,692.4645917796989
spatial_1lead_e1_panorama_film_1000000_s42_l0,PTB-XL,Complex Arrhythmia (AF/AFL),Model 1 (Unadjusted),None,2198,309,455.14086956521885,273.1391841063357,758.4163064203078,4.750879016792856e-122,0.9473711711989529,0.44737117119895287,551.9454641478926
spatial_1lead_e1_panorama_film_1000000_s42_l0,PTB-XL,Complex Arrhythmia (AF/AFL),"Model 2 (+ Age, Sex)","age_clean, sex_clean",2198,309,434.83858156133084,259.2516561837967,729.3476724415542,2.74100434943528e-117,0.9702082059136441,0.22900594653769657,530.0599346369448
spatial_1lead_e1_panorama_film_1000000_s42_l0,PTB-XL,Complex Arrhythmia (AF/AFL),Model 3 (+ BMI),"age_clean, sex_clean, bmi_clean",678,110,318.3132595957176,136.57917514016842,741.8651571915312,1.1902360407262737e-40,0.9412291933418694,0.28029769526248394,178.21287340459764
spatial_1lead_e1_panorama_film_1000000_s42_l0,PTB-XL,Complex Arrhythmia (AF/AFL),Model 4 (+ Full Comorbidities),"age_clean, sex_clean, bmi_clean, pacemaker_flag",678,110,341.23749961824143,140.64718483553983,827.9087226798554,4.616277359422731e-38,0.948735595390525,0.27013444302176703,166.3597081577621
spatial_1lead_e1_panorama_film_1000000_s42_l0,PTB-XL,Severe Conduction Defect,Model 1 (Unadjusted),None,2198,366,13.992497793468704,10.742332247898942,18.22602298849214,3.096228248708197e-85,0.7634494237239603,0.2634494237239603,382.77487541716897
spatial_1lead_e1_panorama_film_1000000_s42_l0,PTB-XL,Severe Conduction Defect,"Model 2 (+ Age, Sex)","age_clean, sex_clean",2198,366,13.990518793024771,10.725146903235578,18.250063879211744,2.5849729790334125e-84,0.8133560622330398,0.19581976161500458,378.54170756267405
spatial_1lead_e1_panorama_film_1000000_s42_l0,PTB-XL,Severe Conduction Defect,Model 3 (+ BMI),"age_clean, sex_clean, bmi_clean",678,100,13.082805325689902,7.985368027308298,21.434177436101773,1.819075681150764e-24,0.8150865051903114,0.21177335640138406,104.21067824712887
spatial_1lead_e1_panorama_film_1000000_s42_l0,PTB-XL,Severe Conduction Defect,Model 4 (+ Full Comorbidities),"age_clean, sex_clean, bmi_clean, pacemaker_flag",678,100,13.486430631877013,8.225542174842634,22.112075693285266,6.136472914730777e-25,0.8191695501730104,0.21144463667820068,106.36392457536319
spatial_1lead_e1_panorama_film_1000000_s42_l0,PTB-XL,Myocardial Infarction,Model 1 (Unadjusted),None,2198,532,4.946216195742749,3.970968254326356,6.1609796624219495,3.4946666589501496e-46,0.6469403550894042,0.14694035508940417,203.55811097729094
spatial_1lead_e1_panorama_film_1000000_s42_l0,PTB-XL,Myocardial Infarction,"Model 2 (+ Age, Sex)","age_clean, sex_clean",2198,532,4.886191982792177,3.9071713924785314,6.110525926418961,5.826809377843986e-44,0.7450124786756808,0.06015037593984951,193.37611712493677
spatial_1lead_e1_panorama_film_1000000_s42_l0,PTB-XL,Myocardial Infarction,Model 3 (+ BMI),"age_clean, sex_clean, bmi_clean",678,129,8.179366657910265,5.211140530253986,12.83827187851205,6.413080048634724e-20,0.8100280990101807,0.1147329182022282,83.48717116986734
spatial_1lead_e1_panorama_film_1000000_s42_l0,PTB-XL,Myocardial Infarction,Model 4 (+ Full Comorbidities),"age_clean, sex_clean, bmi_clean, pacemaker_flag",678,129,8.165049214633337,5.193523729146302,12.836762120338514,9.325844913334502e-20,0.8128803603450954,0.11247370130328571,82.74697445502461
spatial_1lead_e1_panorama_film_1000000_s42_l0,EchoNext,Structural Heart Disease (Moderate/Severe),Model 1 (Unadjusted),None,5442,2318,6.010398755424557,5.236656800889794,6.89846491239809,1.5948181958894096e-143,0.6605549841523057,0.16055498415230574,650.6731649152279
spatial_1lead_d1_panorama_relative_1000000_s42_l0,PTB-XL,Complex Arrhythmia (AF/AFL),Model 1 (Unadjusted),None,2198,309,705.5394736842121,395.092855420486,1259.9214136555715,6.571165552918948e-109,0.9586680509370379,0.4586680509370379,491.5449833508978
spatial_1lead_d1_panorama_relative_1000000_s42_l0,PTB-XL,Complex Arrhythmia (AF/AFL),"Model 2 (+ Age, Sex)","age_clean, sex_clean",2198,309,677.7288695023033,375.2583760647754,1224.0004483673001,1.3261338906319896e-103,0.9755988082939724,0.23439654891802486,467.16546874732586
spatial_1lead_d1_panorama_relative_1000000_s42_l0,PTB-XL,Complex Arrhythmia (AF/AFL),Model 3 (+ BMI),"age_clean, sex_clean, bmi_clean",678,110,578.1481973206569,212.33216483558536,1574.209627278789,1.500430793670299e-35,0.9552896927016645,0.2943581946222791,154.8626183499695
spatial_1lead_d1_panorama_relative_1000000_s42_l0,PTB-XL,Severe Conduction Defect,Model 1 (Unadjusted),None,2198,366,13.06232492997201,10.048686310025934,16.979765047091806,3.5148343872812036e-82,0.7568932397928747,0.2568932397928747,368.7429005313089
spatial_1lead_d1_panorama_relative_1000000_s42_l0,PTB-XL,Severe Conduction Defect,"Model 2 (+ Age, Sex)","age_clean, sex_clean",2198,366,13.026234370921955,10.00703871977555,16.95634309387326,3.622362873100359e-81,0.8059438160689144,0.1884075154508792,364.0900920077853
spatial_1lead_d1_panorama_relative_1000000_s42_l0,PTB-XL,Severe Conduction Defect,Model 3 (+ BMI),"age_clean, sex_clean, bmi_clean",678,100,12.256721885211896,7.504178562125538,20.019144017927097,1.353474457925336e-23,0.8074740484429066,0.2041608996539792,100.23498602037971
spatial_1lead_d1_panorama_relative_1000000_s42_l0,PTB-XL,Severe Conduction Defect,Model 4 (+ Full Comorbidities),"age_clean, sex_clean, bmi_clean, pacemaker_flag",678,100,12.621038206583064,7.722739122912285,20.626179763011354,4.655391180881029e-24,0.8114186851211073,0.20369377162629754,102.34897636039751
spatial_1lead_d1_panorama_relative_1000000_s42_l0,PTB-XL,Myocardial Infarction,Model 1 (Unadjusted),None,2198,532,4.818979016598818,3.869137671354402,6.001998567885177,8.8629903190793e-45,0.6444604157452455,0.14446041574524549,197.1234566574364
spatial_1lead_d1_panorama_relative_1000000_s42_l0,PTB-XL,Myocardial Infarction,"Model 2 (+ Age, Sex)","age_clean, sex_clean",2198,532,4.7612440946148356,3.8058364400016607,5.9564948956384365,1.8569676096728673e-42,0.7438571293178925,0.05899502658206124,186.48872026576032
spatial_1lead_d1_panorama_relative_1000000_s42_l0,PTB-XL,Myocardial Infarction,Model 3 (+ BMI),"age_clean, sex_clean, bmi_clean",678,129,7.711993142330704,4.911233967171266,12.109958235529076,7.135992148111332e-19,0.8063709916550176,0.11107581084706508,78.72573380924773
spatial_1lead_d1_panorama_relative_1000000_s42_l0,PTB-XL,Myocardial Infarction,Model 4 (+ Full Comorbidities),"age_clean, sex_clean, bmi_clean, pacemaker_flag",678,129,7.697362638876307,4.8937938016323645,12.107047006068319,1.027799561717998e-18,0.809392694257353,0.1089860352155434,78.0050019954
spatial_1lead_d1_panorama_relative_1000000_s42_l0,EchoNext,Structural Heart Disease (Moderate/Severe),Model 1 (Unadjusted),None,5442,2318,6.381107374543618,5.552478212531825,7.3333977670644614,2.4520844197811794e-150,0.6650640370578637,0.16506403705786366,682.0021136735677
spatial_1lead_pg1_permuted_geometry_1000000_s42_l0,PTB-XL,Complex Arrhythmia (AF/AFL),Model 1 (Unadjusted),None,2198,309,284.2087542087543,180.93104317555404,446.4386793509946,8.860851847838317e-133,0.9323086648815062,0.4323086648815062,601.2704088831915
spatial_1lead_pg1_permuted_geometry_1000000_s42_l0,PTB-XL,Complex Arrhythmia (AF/AFL),"Model 2 (+ Age, Sex)","age_clean, sex_clean",2198,309,271.674724762902,172.14719104101258,428.74446936177213,4.4097995384976277e-128,0.9647011055317706,0.22349884615582305,579.6766367666523
spatial_1lead_pg1_permuted_geometry_1000000_s42_l0,PTB-XL,Complex Arrhythmia (AF/AFL),Model 3 (+ BMI),"age_clean, sex_clean, bmi_clean",678,110,228.73030495025807,103.20673829598478,506.9199285476639,7.934173697862598e-41,0.9342349551856592,0.2733034571062738,179.01952154615827
spatial_1lead_pg1_permuted_geometry_1000000_s42_l0,PTB-XL,Complex Arrhythmia (AF/AFL),Model 4 (+ Full Comorbidities),"age_clean, sex_clean, bmi_clean, pacemaker_flag",678,110,239.76761778049436,104.78628712600077,548.6262765184714,1.6924206279650943e-38,0.9410211267605634,0.2624199743918054,168.3547829227275
spatial_1lead_pg1_permuted_geometry_1000000_s42_l0,PTB-XL,Severe Conduction Defect,Model 1 (Unadjusted),None,2198,366,9.529032258064559,7.381895491861414,12.300696464118904,4.218243137877367e-67,0.7257513661202186,0.22575136612021862,299.50722098822604
spatial_1lead_pg1_permuted_geometry_1000000_s42_l0,PTB-XL,Severe Conduction Defect,"Model 2 (+ Age, Sex)","age_clean, sex_clean",2198,366,9.558594586387054,7.398337035709478,12.34963073808466,7.775776433895385e-67,0.7802597119812918,0.16272341136325663,298.2880837402177
spatial_1lead_pg1_permuted_geometry_1000000_s42_l0,PTB-XL,Severe Conduction Defect,Model 3 (+ BMI),"age_clean, sex_clean, bmi_clean",678,100,9.09433170221725,5.624421081907082,14.704956813423747,2.1650923884802206e-19,0.7783650519031141,0.17505190311418672,81.08231156941454
spatial_1lead_pg1_permuted_geometry_1000000_s42_l0,PTB-XL,Severe Conduction Defect,Model 4 (+ Full Comorbidities),"age_clean, sex_clean, bmi_clean, pacemaker_flag",678,100,9.33254829083285,5.769369701112066,15.096355774173917,8.849336063999815e-20,0.7828979238754324,0.17517301038062272,82.85064520604396
spatial_1lead_pg1_permuted_geometry_1000000_s42_l0,PTB-XL,Myocardial Infarction,Model 1 (Unadjusted),None,2198,532,4.695223832386318,3.7691711760830935,5.848799591829008,2.6304806800597794e-43,0.6419804764010867,0.14198047640108669,190.37702469063893
spatial_1lead_pg1_permuted_geometry_1000000_s42_l0,PTB-XL,Myocardial Infarction,"Model 2 (+ Age, Sex)","age_clean, sex_clean",2198,532,4.641816260260179,3.709398302688978,5.808612727944736,4.741146774108472e-41,0.7414781702154546,0.05661606747962333,180.04367911716594
spatial_1lead_pg1_permuted_geometry_1000000_s42_l0,PTB-XL,Myocardial Infarction,Model 3 (+ BMI),"age_clean, sex_clean, bmi_clean",678,129,7.711993142330704,4.911233967171266,12.109958235529076,7.135992148111332e-19,0.8063709916550176,0.11107581084706508,78.72573380924773
spatial_1lead_pg1_permuted_geometry_1000000_s42_l0,PTB-XL,Myocardial Infarction,Model 4 (+ Full Comorbidities),"age_clean, sex_clean, bmi_clean, pacemaker_flag",678,129,7.697362638876307,4.8937938016323645,12.107047006068319,1.027799561717998e-18,0.809392694257353,0.1089860352155434,78.0050019954
spatial_1lead_pg1_permuted_geometry_1000000_s42_l0,EchoNext,Structural Heart Disease (Moderate/Severe),Model 1 (Unadjusted),None,5442,2318,6.130755273800414,5.339276296756805,7.039560820267394,8.599617654073758e-146,0.6620580017874919,0.16205800178749186,661.1029055607802
spatial_1lead_cm1_capacity_matched_1000000_s42_l0,PTB-XL,Complex Arrhythmia (AF/AFL),Model 1 (Unadjusted),None,2198,309,1116.1836734693825,570.9959877046657,2181.9172459124184,1.4134395346256981e-93,0.9680821173854421,0.46808211738544214,421.0896249449681
spatial_1lead_cm1_capacity_matched_1000000_s42_l0,PTB-XL,Complex Arrhythmia (AF/AFL),"Model 2 (+ Age, Sex)","age_clean, sex_clean",2198,309,1090.7292128059944,543.1316626559377,2190.426921256527,4.552146357900894e-86,0.9827565825653888,0.24155432318944126,386.5993264876083
spatial_1lead_cm1_capacity_matched_1000000_s42_l0,PTB-XL,Complex Arrhythmia (AF/AFL),Model 3 (+ BMI),"age_clean, sex_clean, bmi_clean",678,110,650.531768978102,232.47712691376506,1820.357933994759,5.607565398740148e-35,0.9567461587708067,0.29581466069142126,152.2427364338794
spatial_1lead_cm1_capacity_matched_1000000_s42_l0,PTB-XL,Severe Conduction Defect,Model 1 (Unadjusted),None,2198,366,9.529032258064559,7.381895491861414,12.300696464118904,4.218243137877367e-67,0.7257513661202186,0.22575136612021862,299.50722098822604
spatial_1lead_cm1_capacity_matched_1000000_s42_l0,PTB-XL,Severe Conduction Defect,"Model 2 (+ Age, Sex)","age_clean, sex_clean",2198,366,9.558594586387054,7.398337035709478,12.34963073808466,7.775776433895385e-67,0.7802597119812918,0.16272341136325663,298.2880837402177
spatial_1lead_cm1_capacity_matched_1000000_s42_l0,PTB-XL,Severe Conduction Defect,Model 3 (+ BMI),"age_clean, sex_clean, bmi_clean",678,100,9.09433170221725,5.624421081907082,14.704956813423747,2.1650923884802206e-19,0.7783650519031141,0.17505190311418672,81.08231156941454
spatial_1lead_cm1_capacity_matched_1000000_s42_l0,PTB-XL,Severe Conduction Defect,Model 4 (+ Full Comorbidities),"age_clean, sex_clean, bmi_clean, pacemaker_flag",678,100,9.33254829083285,5.769369701112066,15.096355774173917,8.849336063999815e-20,0.7828979238754324,0.17517301038062272,82.85064520604396
spatial_1lead_cm1_capacity_matched_1000000_s42_l0,PTB-XL,Myocardial Infarction,Model 1 (Unadjusted),None,2198,532,5.011178303096946,4.022278223617841,6.243205116438381,7.970361650073372e-47,0.6481803247614835,0.14818032476148346,206.5000847968863
spatial_1lead_cm1_capacity_matched_1000000_s42_l0,PTB-XL,Myocardial Infarction,"Model 2 (+ Age, Sex)","age_clean, sex_clean",2198,532,4.94524578085736,3.9538802128764785,6.185178739974012,1.4909167820287799e-44,0.7457289306700124,0.06086682793418119,196.0884844303595
spatial_1lead_cm1_capacity_matched_1000000_s42_l0,PTB-XL,Myocardial Infarction,Model 3 (+ BMI),"age_clean, sex_clean, bmi_clean",678,129,8.310356028999484,5.288845299272945,13.05805207390392,4.1509407367780543e-20,0.810804704819192,0.11550952401123948,84.34716316615473
spatial_1lead_cm1_capacity_matched_1000000_s42_l0,PTB-XL,Myocardial Infarction,Model 4 (+ Full Comorbidities),"age_clean, sex_clean, bmi_clean, pacemaker_flag",678,129,8.299478682972364,5.272738352930971,13.063676177070956,6.064316147919749e-20,0.814024088900185,0.11361742985837531,83.59771367247362
spatial_1lead_cm1_capacity_matched_1000000_s42_l0,EchoNext,Structural Heart Disease (Moderate/Severe),Model 1 (Unadjusted),None,5442,2318,6.25428646209948,5.444519417407396,7.184490705449144,4.604386055070706e-148,0.6635610194226778,0.16356101942267776,671.5470348925728
spatial_1lead_pa1_panorama_author_1000000_s42_l0,PTB-XL,Complex Arrhythmia (AF/AFL),Model 1 (Unadjusted),None,2198,309,2413.1896551724403,1069.7964349640476,5443.5443244181215,1.4302175626417403e-78,0.9793789971235273,0.4793789971235273,352.16629578468184
spatial_1lead_pa1_panorama_author_1000000_s42_l0,PTB-XL,Complex Arrhythmia (AF/AFL),"Model 2 (+ Age, Sex)","age_clean, sex_clean",2198,309,2506.1015918832354,1049.815406455616,5982.523356219407,1.4556554665490792e-69,0.9917200758607574,0.25051781648480986,310.8086861078647
spatial_1lead_pa1_panorama_author_1000000_s42_l0,PTB-XL,Complex Arrhythmia (AF/AFL),Model 3 (+ BMI),"age_clean, sex_clean, bmi_clean",678,110,1485.2084333450912,427.6916942483104,5157.556529958479,1.3433278495056194e-30,0.9764404609475031,0.3155089628681177,132.21395032137846
spatial_1lead_pa1_panorama_author_1000000_s42_l0,PTB-XL,Severe Conduction Defect,Model 1 (Unadjusted),None,2198,366,13.06232492997201,10.048686310025934,16.979765047091806,3.5148343872812036e-82,0.7568932397928747,0.2568932397928747,368.7429005313089
spatial_1lead_pa1_panorama_author_1000000_s42_l0,PTB-XL,Severe Conduction Defect,"Model 2 (+ Age, Sex)","age_clean, sex_clean",2198,366,13.026234370921955,10.00703871977555,16.95634309387326,3.622362873100359e-81,0.8059438160689144,0.1884075154508792,364.0900920077853
spatial_1lead_pa1_panorama_author_1000000_s42_l0,PTB-XL,Severe Conduction Defect,Model 3 (+ BMI),"age_clean, sex_clean, bmi_clean",678,100,12.256721885211896,7.504178562125538,20.019144017927097,1.353474457925336e-23,0.8074740484429066,0.2041608996539792,100.23498602037971
spatial_1lead_pa1_panorama_author_1000000_s42_l0,PTB-XL,Severe Conduction Defect,Model 4 (+ Full Comorbidities),"age_clean, sex_clean, bmi_clean, pacemaker_flag",678,100,12.621038206583064,7.722739122912285,20.626179763011354,4.655391180881029e-24,0.8114186851211073,0.20369377162629754,102.34897636039751
spatial_1lead_pa1_panorama_author_1000000_s42_l0,PTB-XL,Myocardial Infarction,Model 1 (Unadjusted),None,2198,532,4.946216195742749,3.970968254326356,6.1609796624219495,3.4946666589501496e-46,0.6469403550894042,0.14694035508940417,203.55811097729094
spatial_1lead_pa1_panorama_author_1000000_s42_l0,PTB-XL,Myocardial Infarction,"Model 2 (+ Age, Sex)","age_clean, sex_clean",2198,532,4.886191982792177,3.9071713924785314,6.110525926418961,5.826809377843986e-44,0.7450124786756808,0.06015037593984951,193.37611712493677
spatial_1lead_pa1_panorama_author_1000000_s42_l0,PTB-XL,Myocardial Infarction,Model 3 (+ BMI),"age_clean, sex_clean, bmi_clean",678,129,8.179366657910265,5.211140530253986,12.83827187851205,6.413080048634724e-20,0.8100280990101807,0.1147329182022282,83.48717116986734
spatial_1lead_pa1_panorama_author_1000000_s42_l0,PTB-XL,Myocardial Infarction,Model 4 (+ Full Comorbidities),"age_clean, sex_clean, bmi_clean, pacemaker_flag",678,129,8.165049214633337,5.193523729146302,12.836762120338514,9.325844913334502e-20,0.8128803603450954,0.11247370130328571,82.74697445502461
spatial_1lead_pa1_panorama_author_1000000_s42_l0,EchoNext,Structural Heart Disease (Moderate/Severe),Model 1 (Unadjusted),None,5442,2318,6.713357697664198,5.834899475641289,7.724069928699804,5.016198297739561e-156,0.6688215811458286,0.16882158114582857,708.1641314441284
spatial_1lead_c1_panorama_hybrid_1000000_s42_l0,PTB-XL,Complex Arrhythmia (AF/AFL),Model 1 (Unadjusted),None,2198,309,486.61111111111114,289.4540499637107,818.0585950912654,1.5190872059753464e-120,0.9492539844886337,0.44925398448863374,545.028130087043
spatial_1lead_c1_panorama_hybrid_1000000_s42_l0,PTB-XL,Complex Arrhythmia (AF/AFL),"Model 2 (+ Age, Sex)","age_clean, sex_clean",2198,309,465.59315186215366,274.9077895572211,788.544345760756,1.3535036405303056e-115,0.971104212602,0.22990195322605245,522.2755890105343
spatial_1lead_c1_panorama_hybrid_1000000_s42_l0,PTB-XL,Complex Arrhythmia (AF/AFL),Model 3 (+ BMI),"age_clean, sex_clean, bmi_clean",678,110,375.4513805875727,155.88346487377046,904.2892349054622,6.882315244293645e-40,0.9478553137003841,0.28692381562099867,174.72282627689466
spatial_1lead_c1_panorama_hybrid_1000000_s42_l0,PTB-XL,Complex Arrhythmia (AF/AFL),Model 4 (+ Full Comorbidities),"age_clean, sex_clean, bmi_clean, pacemaker_flag",678,110,405.046726650895,160.96047367324232,1019.2741548689805,3.0493558173790258e-37,0.9552016645326504,0.2766005121638925,162.606404832749
spatial_1lead_c1_panorama_hybrid_1000000_s42_l0,PTB-XL,Severe Conduction Defect,Model 1 (Unadjusted),None,2198,366,9.22626630269944,7.145817753004739,11.912421059511834,3.867617392279523e-65,0.7224732741546758,0.22247327415467577,290.50076944862207
spatial_1lead_c1_panorama_hybrid_1000000_s42_l0,PTB-XL,Severe Conduction Defect,"Model 2 (+ Age, Sex)","age_clean, sex_clean",2198,366,9.237582545820125,7.149792631537015,11.935021851465404,7.053906915506419e-65,0.77770420216193,0.16016790154389482,289.3029871531695
spatial_1lead_c1_panorama_hybrid_1000000_s42_l0,PTB-XL,Severe Conduction Defect,Model 3 (+ BMI),"age_clean, sex_clean, bmi_clean",678,100,9.09433170221725,5.624421081907082,14.704956813423747,2.1650923884802206e-19,0.7783650519031141,0.17505190311418672,81.08231156941454
spatial_1lead_c1_panorama_hybrid_1000000_s42_l0,PTB-XL,Severe Conduction Defect,Model 4 (+ Full Comorbidities),"age_clean, sex_clean, bmi_clean, pacemaker_flag",678,100,9.33254829083285,5.769369701112066,15.096355774173917,8.849336063999815e-20,0.7828979238754324,0.17517301038062272,82.85064520604396
spatial_1lead_c1_panorama_hybrid_1000000_s42_l0,PTB-XL,Myocardial Infarction,Model 1 (Unadjusted),None,2198,532,4.882154882154891,3.922458377712916,6.0766575443552995,9.267647544964532e-46,0.6457003854173248,0.14570038541732477,201.61701705216453
spatial_1lead_c1_panorama_hybrid_1000000_s42_l0,PTB-XL,Myocardial Infarction,"Model 2 (+ Age, Sex)","age_clean, sex_clean",2198,532,4.826560747889681,3.8614374343328155,6.032905893008326,1.6902890531151243e-43,0.7444331115905009,0.059571008854669594,191.2569943010706
spatial_1lead_c1_panorama_hybrid_1000000_s42_l0,PTB-XL,Myocardial Infarction,Model 3 (+ BMI),"age_clean, sex_clean, bmi_clean",678,129,7.94052053157506,5.076896613296323,12.419371737299732,1.0904804907174051e-19,0.8081783651741715,0.11288318436621902,82.43780430307483
spatial_1lead_c1_panorama_hybrid_1000000_s42_l0,PTB-XL,Myocardial Infarction,Model 4 (+ Full Comorbidities),"age_clean, sex_clean, bmi_clean, pacemaker_flag",678,129,7.9258537582814395,5.059251144894403,12.416690928865755,1.5894091558187554e-19,0.8112706683045987,0.11086400926278905,81.69318127454862
spatial_1lead_c1_panorama_hybrid_1000000_s42_l0,EchoNext,Structural Heart Disease (Moderate/Severe),Model 1 (Unadjusted),None,5442,2318,6.040196354042777,5.26207059044261,6.933387032408257,4.324953392304399e-144,0.6609307385611023,0.1609307385611023,653.2790670990108
spatial_1lead_b1_panorama_1000000_s42_l0,PTB-XL,Complex Arrhythmia (AF/AFL),Model 1 (Unadjusted),None,2198,309,3482.629629629702,1389.0617982735303,8731.583542394967,9.69606506008181e-68,0.9831446237028889,0.4831446237028889,302.43811385817
spatial_1lead_b1_panorama_1000000_s42_l0,PTB-XL,Complex Arrhythmia (AF/AFL),"Model 2 (+ Age, Sex)","age_clean, sex_clean",2198,309,3665.9706042901107,1338.3599090082837,10041.649022106229,2.301119386276094e-57,0.9925184298125239,0.2513161704365764,254.82796495229977
spatial_1lead_b1_panorama_1000000_s42_l0,PTB-XL,Complex Arrhythmia (AF/AFL),Model 3 (+ BMI),"age_clean, sex_clean, bmi_clean",678,110,2601.1825167541356,558.9778538812558,12104.505462044151,1.1966176697714686e-23,0.9754001280409732,0.31446862996158775,100.47895320183282
spatial_1lead_b1_panorama_1000000_s42_l0,PTB-XL,Severe Conduction Defect,Model 1 (Unadjusted),None,2198,366,15.542857142857216,11.895027939824969,20.30936029619972,6.794315109223197e-90,0.7732836996205884,0.2732836996205884,404.17479597414217
spatial_1lead_b1_panorama_1000000_s42_l0,PTB-XL,Severe Conduction Defect,"Model 2 (+ Age, Sex)","age_clean, sex_clean",2198,366,15.586444402017824,11.908048645040237,20.401096463304874,5.8427759030831525e-89,0.8230449268618607,0.2055086262438255,399.8820117093682
spatial_1lead_b1_panorama_1000000_s42_l0,PTB-XL,Severe Conduction Defect,Model 3 (+ BMI),"age_clean, sex_clean, bmi_clean",678,100,15.528074313790492,9.389028122701168,25.681155572599447,1.1994171103698626e-26,0.8316782006920415,0.22836505190311407,114.16438080141279
spatial_1lead_b1_panorama_1000000_s42_l0,PTB-XL,Severe Conduction Defect,Model 4 (+ Full Comorbidities),"age_clean, sex_clean, bmi_clean, pacemaker_flag",678,100,16.02309905030195,9.680624467079035,26.52098571211844,3.840635089144827e-27,0.8350692041522492,0.22734429065743944,116.42268479725439
spatial_1lead_b1_panorama_1000000_s42_l0,PTB-XL,Myocardial Infarction,Model 1 (Unadjusted),None,2198,532,5.21162779785087,4.180472955375946,6.4971271416559935,9.085839924841482e-49,0.6519002337777215,0.15190023377772155,215.4066152370465
spatial_1lead_b1_panorama_1000000_s42_l0,PTB-XL,Myocardial Infarction,"Model 2 (+ Age, Sex)","age_clean, sex_clean",2198,532,5.1491774261024865,4.11392363944443,6.44494902901602,1.88285392123204e-46,0.7498787108828495,0.06501660814701826,204.78903844203603
spatial_1lead_b1_panorama_1000000_s42_l0,PTB-XL,Myocardial Infarction,Model 3 (+ BMI),"age_clean, sex_clean, bmi_clean",678,129,8.98382651272107,5.700145772495273,14.159135929490294,3.121293830052306e-21,0.8166786687564423,0.12138348794848985,89.46488736782955
spatial_1lead_b1_panorama_1000000_s42_l0,PTB-XL,Myocardial Infarction,Model 4 (+ Full Comorbidities),"age_clean, sex_clean, bmi_clean, pacemaker_flag",678,129,8.97803880272825,5.685928373114105,14.176256796416123,4.621516762902428e-21,0.8197286115700145,0.11932195252820488,88.68846748502486
spatial_1lead_b1_panorama_1000000_s42_l0,EchoNext,Structural Heart Disease (Moderate/Severe),Model 1 (Unadjusted),None,5442,2318,6.413340623291424,5.579903424735255,7.371263410766206,6.61991187955672e-151,0.6654397914666602,0.1654397914666602,684.6171806910049
spatial_1lead_t111_exact_theta_1000000_s42_l0,PTB-XL,Complex Arrhythmia (AF/AFL),Model 1 (Unadjusted),None,2198,309,284.2087542087543,180.93104317555404,446.4386793509946,8.860851847838317e-133,0.9323086648815062,0.4323086648815062,601.2704088831915
spatial_1lead_t111_exact_theta_1000000_s42_l0,PTB-XL,Complex Arrhythmia (AF/AFL),"Model 2 (+ Age, Sex)","age_clean, sex_clean",2198,309,271.674724762902,172.14719104101258,428.74446936177213,4.4097995384976277e-128,0.9647011055317706,0.22349884615582305,579.6766367666523
spatial_1lead_t111_exact_theta_1000000_s42_l0,PTB-XL,Complex Arrhythmia (AF/AFL),Model 3 (+ BMI),"age_clean, sex_clean, bmi_clean",678,110,228.73030495025807,103.20673829598478,506.9199285476639,7.934173697862598e-41,0.9342349551856592,0.2733034571062738,179.01952154615827
spatial_1lead_t111_exact_theta_1000000_s42_l0,PTB-XL,Complex Arrhythmia (AF/AFL),Model 4 (+ Full Comorbidities),"age_clean, sex_clean, bmi_clean, pacemaker_flag",678,110,239.76761778049436,104.78628712600077,548.6262765184714,1.6924206279650943e-38,0.9410211267605634,0.2624199743918054,168.3547829227275
spatial_1lead_t111_exact_theta_1000000_s42_l0,PTB-XL,Severe Conduction Defect,Model 1 (Unadjusted),None,2198,366,10.337142857142805,8.012967431906457,13.335449489472719,3.028045785609299e-72,0.7339465960340755,0.23394659603407553,323.12066747246627
spatial_1lead_t111_exact_theta_1000000_s42_l0,PTB-XL,Severe Conduction Defect,"Model 2 (+ Age, Sex)","age_clean, sex_clean",2198,366,10.33889740499395,8.004446336343861,13.354177798113062,1.4059679577784626e-71,0.7855556649247143,0.16801936430667908,320.059341305506
spatial_1lead_t111_exact_theta_1000000_s42_l0,PTB-XL,Severe Conduction Defect,Model 3 (+ BMI),"age_clean, sex_clean, bmi_clean",678,100,10.051789526313884,6.210542345184563,16.26886462816813,5.781260821321741e-21,0.7849740484429066,0.18166089965397925,88.24556891814221
spatial_1lead_t111_exact_theta_1000000_s42_l0,PTB-XL,Severe Conduction Defect,Model 4 (+ Full Comorbidities),"age_clean, sex_clean, bmi_clean, pacemaker_flag",678,100,10.338058247135077,6.385484949095867,16.737248489841058,2.0539165017040616e-21,0.7896453287197231,0.18192041522491342,90.29286785501618
spatial_1lead_t111_exact_theta_1000000_s42_l0,PTB-XL,Myocardial Infarction,Model 1 (Unadjusted),None,2198,532,4.756673572062742,3.8179802909006892,5.926155125809332,5.899040260553989e-44,0.6432204460731662,0.1432204460731662,193.35160243449567
spatial_1lead_t111_exact_theta_1000000_s42_l0,PTB-XL,Myocardial Infarction,"Model 2 (+ Age, Sex)","age_clean, sex_clean",2198,532,4.701896100686253,3.7570627912952728,5.8843378909903095,1.1153400290059099e-41,0.7425709005406674,0.057708797804836176,182.92222715302015
spatial_1lead_t111_exact_theta_1000000_s42_l0,PTB-XL,Myocardial Infarction,Model 3 (+ BMI),"age_clean, sex_clean, bmi_clean",678,129,7.711993142330704,4.911233967171266,12.109958235529076,7.135992148111332e-19,0.8063709916550176,0.11107581084706508,78.72573380924773
spatial_1lead_t111_exact_theta_1000000_s42_l0,PTB-XL,Myocardial Infarction,Model 4 (+ Full Comorbidities),"age_clean, sex_clean, bmi_clean, pacemaker_flag",678,129,7.697362638876307,4.8937938016323645,12.107047006068319,1.027799561717998e-18,0.809392694257353,0.1089860352155434,78.0050019954
spatial_1lead_t111_exact_theta_1000000_s42_l0,EchoNext,Structural Heart Disease (Moderate/Severe),Model 1 (Unadjusted),None,5442,2318,6.7825433825433725,5.8936345616110835,7.80552208576494,3.6516192852086745e-157,0.6695730899634217,0.16957308996342169,713.396963329468
spatial_1lead_t000_exact_theta_1000000_s42_l0,PTB-XL,Complex Arrhythmia (AF/AFL),Model 1 (Unadjusted),None,2198,309,766.8803418803428,423.4186835630832,1388.9454612951495,1.727319885351853e-106,0.9605508642267189,0.46055086422671887,480.42450335716205
spatial_1lead_t000_exact_theta_1000000_s42_l0,PTB-XL,Complex Arrhythmia (AF/AFL),"Model 2 (+ Age, Sex)","age_clean, sex_clean",2198,309,736.0496047357582,401.0144372281911,1350.9962992264554,1.0197435945457983e-100,0.9779279117219262,0.23672565234597864,453.90406538326687
spatial_1lead_t000_exact_theta_1000000_s42_l0,PTB-XL,Complex Arrhythmia (AF/AFL),Model 3 (+ BMI),"age_clean, sex_clean, bmi_clean",678,110,578.1481973206569,212.33216483558536,1574.209627278789,1.500430793670299e-35,0.9552896927016645,0.2943581946222791,154.8626183499695
spatial_1lead_t000_exact_theta_1000000_s42_l0,PTB-XL,Myocardial Infarction,Model 1 (Unadjusted),None,2198,532,4.946216195742749,3.970968254326356,6.1609796624219495,3.4946666589501496e-46,0.6469403550894042,0.14694035508940417,203.55811097729094
spatial_1lead_t000_exact_theta_1000000_s42_l0,PTB-XL,Myocardial Infarction,"Model 2 (+ Age, Sex)","age_clean, sex_clean",2198,532,4.886191982792177,3.9071713924785314,6.110525926418961,5.826809377843986e-44,0.7450124786756808,0.06015037593984951,193.37611712493677
spatial_1lead_t000_exact_theta_1000000_s42_l0,PTB-XL,Myocardial Infarction,Model 3 (+ BMI),"age_clean, sex_clean, bmi_clean",678,129,8.179366657910265,5.211140530253986,12.83827187851205,6.413080048634724e-20,0.8100280990101807,0.1147329182022282,83.48717116986734
spatial_1lead_t000_exact_theta_1000000_s42_l0,PTB-XL,Myocardial Infarction,Model 4 (+ Full Comorbidities),"age_clean, sex_clean, bmi_clean, pacemaker_flag",678,129,8.165049214633337,5.193523729146302,12.836762120338514,9.325844913334502e-20,0.8128803603450954,0.11247370130328571,82.74697445502461
