model_id,avg_precordial_var_ret_pct,conduction_delay_120ms_auprc,conduction_delay_120ms_auroc,conduction_delay_120ms_f1,conduction_delay_120ms_npv,conduction_delay_120ms_ppv,conduction_delay_120ms_sens,conduction_delay_120ms_spec,ecgfounder_arrhythmia_auroc,ecgfounder_brier_score,ecgfounder_conduction_auroc,ecgfounder_delta_auroc_vs_gt,ecgfounder_infarct_auroc,ecgfounder_macro_150_auroc,echonext_brier_score,echonext_delta_auroc_vs_gt,echonext_shd_macro_12_auroc,lead_III_bland_bias_mv,lead_III_mae_mv,lead_III_pearson_r,lead_II_bland_bias_mv,lead_II_mae_mv,lead_II_pearson_r,lead_I_bland_bias_mv,lead_I_mae_mv,lead_I_pearson_r,lead_V1_bland_bias_mv,lead_V1_mae_mv,lead_V1_pearson_r,lead_V2_bland_bias_mv,lead_V2_mae_mv,lead_V2_pearson_r,lead_V3_bland_bias_mv,lead_V3_loa_high_mv,lead_V3_loa_low_mv,lead_V3_mae_mv,lead_V3_pearson_r,lead_V4_bland_bias_mv,lead_V4_mae_mv,lead_V4_pearson_r,lead_V5_bland_bias_mv,lead_V5_mae_mv,lead_V5_pearson_r,lead_V6_bland_bias_mv,lead_V6_mae_mv,lead_V6_pearson_r,lead_aVF_bland_bias_mv,lead_aVF_mae_mv,lead_aVF_pearson_r,lead_aVL_bland_bias_mv,lead_aVL_mae_mv,lead_aVL_pearson_r,lead_aVR_bland_bias_mv,lead_aVR_mae_mv,lead_aVR_pearson_r,lvh_sokolowlyon_auprc,lvh_sokolowlyon_auroc,lvh_sokolowlyon_bland_bias_mv,lvh_sokolowlyon_f1,lvh_sokolowlyon_loa_high_mv,lvh_sokolowlyon_loa_low_mv,lvh_sokolowlyon_mae_mv,lvh_sokolowlyon_npv,lvh_sokolowlyon_ppv,lvh_sokolowlyon_sens,lvh_sokolowlyon_spec,mae_lead_I,mae_lead_II,mae_lead_III,mae_lead_V1,mae_lead_V2,mae_lead_V3,mae_lead_V4,mae_lead_V5,mae_lead_V6,mae_lead_aVF,mae_lead_aVL,mae_lead_aVR,mean_all_missing_r,mean_anterior_r,mean_chest_r,mean_high_lateral_r,mean_inferior_r,mean_lateral_chest_r,mean_limb_r,mean_septal_r,p05_all_missing_r,p05_anterior_r,p05_chest_r,p05_high_lateral_r,p05_inferior_r,p05_lateral_chest_r,p05_lead_I,p05_lead_II,p05_lead_III,p05_lead_V1,p05_lead_V2,p05_lead_V3,p05_lead_V4,p05_lead_V5,p05_lead_V6,p05_lead_aVF,p05_lead_aVL,p05_lead_aVR,p05_limb_r,p05_septal_r,p50_all_missing_r,p50_lead_I,p50_lead_II,p50_lead_III,p50_lead_V1,p50_lead_V2,p50_lead_V3,p50_lead_V4,p50_lead_V5,p50_lead_V6,p50_lead_aVF,p50_lead_aVL,p50_lead_aVR,p95_all_missing_r,p95_lead_I,p95_lead_II,p95_lead_III,p95_lead_V1,p95_lead_V2,p95_lead_V3,p95_lead_V4,p95_lead_V5,p95_lead_V6,p95_lead_aVF,p95_lead_aVL,p95_lead_aVR,pearson_lead_I,pearson_lead_II,pearson_lead_III,pearson_lead_V1,pearson_lead_V2,pearson_lead_V3,pearson_lead_V4,pearson_lead_V5,pearson_lead_V6,pearson_lead_aVF,pearson_lead_aVL,pearson_lead_aVR,qrs_duration_bland_bias_ms,qrs_duration_loa_high_ms,qrs_duration_loa_low_ms,qrs_duration_mae_ms,rmse_lead_I,rmse_lead_II,rmse_lead_III,rmse_lead_V1,rmse_lead_V2,rmse_lead_V3,rmse_lead_V4,rmse_lead_V5,rmse_lead_V6,rmse_lead_aVF,rmse_lead_aVL,rmse_lead_aVR,semiseg_miou,semiseg_p_wave_iou,semiseg_qrs_wave_iou,semiseg_t_wave_iou,snr_lead_I,snr_lead_II,snr_lead_III,snr_lead_V1,snr_lead_V2,snr_lead_V3,snr_lead_V4,snr_lead_V5,snr_lead_V6,snr_lead_aVF,snr_lead_aVL,snr_lead_aVR,source_consistency_lead_I_pearson_r,spurious_coupling_r2_gt_I_V3,spurious_coupling_r2_recon_I_V3,spurious_coupling_ratio_v3,spurious_coupling_ratio_v3_diff,v3_t_presacan_slope,v3_t_var_ret_pct,vv3_r_direct_slope,vv3_r_presacan_r2,vv3_r_presacan_slope,vv3_r_var_ret_pct,vv6_r_direct_slope,vv6_r_presacan_r2,vv6_r_presacan_slope,vv6_r_var_ret_pct
D0_current_id_currentloss_s42_l0,11.439239501953125,0.5449204459018235,0.8805457564829463,0.5591397849462365,0.9656673114115253,0.5999999999953847,0.5234899328823928,0.9746217667149953,0.996578947368421,0.054549927673032204,0.8343359702181066,-0.08872462763210576,0.6929043805324477,0.7950962251272434,0.38355742146571475,-0.1422833140622729,0.6578577999417826,-0.00026056388109207805,0.07872168160785845,0.436931860868006,-0.0023260195372396372,0.0773425553235974,0.6496564019821357,0.0,0.0,0.9998999834118364,0.0024685892365287716,0.08760355328943734,0.7444094572093587,-0.0040182353119827385,0.13818519264948753,0.6871491129550003,-0.004661209646497736,0.017480947564203448,-0.02680336685719892,0.14125515937916697,0.6620751502217705,-0.0015657612030477127,0.11921612354564802,0.7262977542069392,-0.0014490730479516292,0.10553759092857007,0.7626555705469887,-0.0017178668360210807,0.10180850195459087,0.7481510636946496,-0.0029934902748369923,0.07687653623145016,0.3914207348020214,-0.007407527935030008,0.04417420432050791,0.7599740171006943,0.005699043275077726,0.04323802464336733,0.8736292145670679,0.30743379754791067,0.7405207963629603,-0.43749616413432013,0.024390243902439025,1.147261802980256,-2.0222541312488964,0.6682325853144421,0.8910665451226568,0.7499999998125,0.012396694214824807,0.9994887525557262,0.0,0.0773425553235974,0.07872168160785845,0.08760355328943734,0.13818519264948753,0.14125515937916697,0.11921612354564802,0.10553759092857007,0.10180850195459087,0.07687653623145016,0.04417420432050791,0.04323802464336733,0.75020792993026,0.7163598673013089,0.7612001605182823,0.6705000214485931,0.5387043966267838,0.7629439952465307,0.7134585922075735,0.7330992077853548,0.4888085466797278,0.32266678467476007,0.43272829134468477,0.35061768156672746,-0.012885613930738412,0.3216768523840545,0.9998999834118362,0.039248633867010635,-0.406942079585113,0.2607235273228204,0.12787746361891927,0.14564907620708012,0.13443756596320644,0.23522031944313082,0.20578233593094697,-0.3401773451763732,0.16033717883575893,0.6147271947470628,0.36786083178850854,0.2954132944647596,0.7857683843770805,0.9998999834118362,0.7456232915235191,0.5288408046487717,0.824249363870099,0.7720780905481226,0.7450168213883046,0.818793079650769,0.8578220538120693,0.8458683352145058,0.4656205710186482,0.8623118028075283,0.9235717992541002,0.8974878836947835,0.9998999834118362,0.9334275946670001,0.9161430524953583,0.953400780641395,0.9275064068351438,0.9178386513181306,0.9513493201230075,0.9680952511097218,0.9695727073838913,0.8853643835319592,0.9709739756517132,0.9729037510228393,0.9998999834118364,0.6496564019821357,0.436931860868006,0.7444094572093587,0.6871491129550003,0.6620751502217705,0.7262977542069392,0.7626555705469887,0.7481510636946496,0.3914207348020214,0.7599740171006943,0.8736292145670679,-0.0920168067226891,26.28592171280625,-26.46995532625163,10.225245098039215,0.0,0.13524456212880787,0.13718643329627497,0.17472843686033057,0.26086188091503104,0.2705856068255204,0.23491051714050087,0.20904929470299896,0.2300858622115023,0.1342472933376543,0.07637428344057595,0.07304912441436814,0.5521716760994517,0.3483541364087877,0.7146161857294572,0.5935447047670721,102.44942491481952,2.7430764324905637,1.2112278657847193,3.7759797824332533,2.8161782117028773,2.765829539932847,3.591320024871989,4.354672604650865,4.259959917449458,0.7338685020686544,4.807382422078608,6.805670067973379,0.9998999834118364,0.025986744557922964,0.05935257342298046,2.283955614630042,,-0.9691722774160826,9.271305355545996,0.0168222181821591,0.9242754959294117,-0.9831777822308173,5.52317476272583,0.10020442424803336,0.9064721103385379,-0.899795579728694,9.561548233032227
D1_theta_mul_currentloss_s42_l0,17.175222396850586,0.5156584628673456,0.8609634426353009,0.5562913907284768,0.9682151589237319,0.549019607839549,0.5637583892579614,0.9663250366027495,0.9975,0.055625902030677084,0.8453773075988006,-0.08818562132494845,0.6873068109067567,0.7956352314344007,0.2593955161670844,-0.11541214397225785,0.6847289700317977,-0.0036589318345820582,0.0765747544015249,0.4732198148495765,-0.00767273564016787,0.0776693361801557,0.6680131518593441,0.0,0.0,0.9998999834118364,-0.0061292740580069,0.08626355726871227,0.7519493510631909,-0.0002906344341357067,0.13638835256555346,0.6947238571858106,0.0006762741881147939,0.016928841702073705,-0.015576293325844115,0.1400080973294848,0.6638440025527201,-0.0022068690428724553,0.11914083525934321,0.7314283987966278,-0.004184705749932497,0.10582584375261227,0.7740835679231912,-0.0034322412331775007,0.10163839878028529,0.7563723311711416,-0.00938143915646418,0.07725615191181433,0.409452471708973,-0.00021603747822931672,0.04125683406026804,0.8007134346353304,0.004117830740239564,0.041326924725954166,0.8795943788034618,0.31662772442029097,0.7266199361151955,-0.21537639687166493,0.056,1.3862291953180508,-1.8169819890613805,0.6207536865244895,0.892694063926533,0.874999999890625,0.02892561983459122,0.9994887525557262,0.0,0.0776693361801557,0.0765747544015249,0.08626355726871227,0.13638835256555346,0.1400080973294848,0.11914083525934321,0.10582584375261227,0.10163839878028529,0.07725615191181433,0.04125683406026804,0.041326924725954166,0.7615159230429126,0.7207457889571587,0.7668162976044102,0.6948434867969773,0.5664111537318721,0.771046401416464,0.7318679947326754,0.7401610718794868,0.505586668011203,0.331122656255043,0.45659231142346035,0.32628741096507846,0.09237329010040114,0.3635977455828698,0.9998999834118362,0.10091351457940632,-0.3081033713157343,0.28037791476782953,0.1463146048833047,0.1614471673325013,0.17797759454408443,0.2599112058826054,0.22165868675047465,-0.29911022357177036,0.34082040428345656,0.6179835331971384,0.3780845167878822,0.330378224877199,0.7946579875231244,0.9998999834118362,0.7619658864656222,0.5739752960661472,0.8298382844033038,0.7790303640067454,0.7428639521875475,0.8243855117986533,0.8638923452126399,0.8512565907244425,0.4819690810618953,0.8772761300249156,0.9279895725362752,0.9075029900728677,0.9998999834118362,0.9347155205525508,0.9307211541759611,0.9536319435167291,0.9282946827148388,0.9186989769628414,0.9500374629154249,0.9681148868863485,0.9698083890729848,0.8810859263904471,0.9779214936224566,0.9776771709576807,0.9998999834118364,0.6680131518593441,0.4732198148495765,0.7519493510631909,0.6947238571858106,0.6638440025527201,0.7314283987966278,0.7740835679231912,0.7563723311711416,0.409452471708973,0.8007134346353304,0.8795943788034618,-0.5686624649859944,27.243187136921566,-28.380512066893555,10.79138655462185,0.0,0.13378315180972625,0.13332021803911162,0.17274942961696435,0.25846187048382413,0.26688297342185135,0.2320315564857062,0.2074526042046886,0.2290218804126022,0.13346181823819905,0.07021583707750538,0.06966581795071573,0.5492272853439788,0.34050766798174065,0.7095841524494467,0.597590035342043,102.44942491481952,2.656771211381552,1.4853681071846634,3.7869842881890943,2.8063888491945215,2.728489257597527,3.5044836759436944,4.255715110346839,4.162205601720311,0.7143974605093326,5.539602376736247,7.062359990098472,0.9998999834118364,0.025986744557922964,0.140177753516721,5.394201948230602,,-0.9568530102480985,12.716904904575395,0.02522524084429957,0.8964479996147093,-0.974774755797236,9.54617977142334,0.13338312048305076,0.8435815265168375,-0.8666168762815455,11.745182037353516
D2_current_id_l1_s42_l0,12.203369140625,0.5145585095820645,0.8564646037844619,0.5387453874538746,0.9633911368010774,0.5983606557328003,0.48993288590275214,0.9760858955583328,0.9973684210526316,0.05899400442027517,0.8597580816030382,-0.08692338433437574,0.6899647962092598,0.7968974684249734,0.3111380251745383,-0.1081027618914342,0.6920383521126213,-0.0021040686043445763,0.07569806144047131,0.4812346107947214,-0.0031989042715634204,0.0754193761922401,0.6684321487462541,0.0,0.0,0.9998999834118364,-0.003867417536866701,0.08502055366400627,0.7549165624896069,-0.009072508480422847,0.13367587251442611,0.6996295864750167,-0.008118464768779933,0.014292469863815672,-0.030529399401375536,0.13794198452279163,0.660879599157729,-0.004569703717347457,0.11623139813586714,0.7369130599309732,-0.002913425073147388,0.10300972603107554,0.7777530604110476,-0.005069352245583681,0.09999913968226067,0.7573708062596816,-0.002562098294243842,0.07487978971050009,0.4210364857275648,-0.004970361683218995,0.04025771747240849,0.8011341160236887,-0.002255531976013031,0.0393688772885091,0.8855993331070207,0.30961655094759866,0.7472282783214184,-0.4093239797232281,0.09125475285171103,1.1549881746032056,-1.9736361340496615,0.651330026503162,0.8943500229669755,0.5714285714013605,0.04958677685929923,0.9953987730056261,0.0,0.0754193761922401,0.07569806144047131,0.08502055366400627,0.13367587251442611,0.13794198452279163,0.11623139813586714,0.10300972603107554,0.09999913968226067,0.07487978971050009,0.04025771747240849,0.0393688772885091,0.7680853334477794,0.7225970174574815,0.7709336042545314,0.6977383290313501,0.5735239340133657,0.7756693380712426,0.7394946857048895,0.7447840259930735,0.5191620083387107,0.3122257172676379,0.44787619772146225,0.3286421495252358,0.0963690376412142,0.3426560345412388,0.9998999834118362,0.0731896825808427,-0.2862964797351005,0.283922699007253,0.13323690425134468,0.12445754355132169,0.19114968406568816,0.25518416604792615,0.21882191421223468,-0.2629578317047896,0.32019951964041116,0.6317098808399852,0.412971435923724,0.2983649963996384,0.8022508060233295,0.9998999834118362,0.7570934860311439,0.5872122324022621,0.8361084432377099,0.789476204105387,0.7473285840496724,0.8261233631367857,0.8646469215909082,0.8509777113547645,0.49969697776314853,0.8886630230596492,0.9331653171686001,0.9108838844300569,0.9998999834118362,0.9370581028390025,0.9327492152944125,0.9576687997179227,0.9344623616317608,0.9244526243664198,0.9499917780688386,0.9701860428776963,0.972089282898307,0.8874117758955936,0.9793583214055204,0.980835103373196,0.9998999834118364,0.6684321487462541,0.4812346107947214,0.7549165624896069,0.6996295864750167,0.660879599157729,0.7369130599309732,0.7777530604110476,0.7573708062596816,0.4210364857275648,0.8011341160236887,0.8855993331070207,-0.5687675070028011,25.37459711260209,-26.51213212660769,10.134768907563025,0.0,0.13288070521582096,0.13316251620271533,0.17268661679129282,0.2580886868709543,0.269653260727001,0.23199645700250693,0.20667855255744372,0.22912946428645498,0.13217497604649148,0.07034079860624663,0.06843306162447803,0.5945562485928311,0.4101606155435244,0.7411709367047149,0.6323371933587694,102.44942491481952,2.9784414201911074,1.605758072773485,4.065269675593658,3.0456792867044475,2.7626583378227214,3.7418639303890138,4.636616587693106,4.454197902375241,0.9976838623192652,5.697757356208068,7.568725413086769,0.9998999834118364,0.025986744557922964,0.03341279485700778,1.285762958756516,,-0.9740625023737287,9.792926431031377,0.016696813309686233,0.9195768644709916,-0.9833031827062707,6.643614768981934,0.10877244803529802,0.8929868202624383,-0.8912275489644123,11.854596138000488
D3_theta_mul_l1_s42_l0,15.07861042022705,0.5852780009926318,0.9008290179200199,0.6139240506329114,0.9743968488424548,0.5808383233498153,0.6510067114050269,0.9658369936549703,0.9938157894736842,0.05818464709896474,0.8403836655296638,-0.08198753485306431,0.6955810017659476,0.8018333179062849,0.3402162753045559,-0.12149858161121874,0.6786425323928368,-0.003849862433470396,0.07527509591286528,0.4991979595358563,-0.002555591370234332,0.07476618238701942,0.6784644374804069,0.0,0.0,0.9998999834118364,-0.004112505821896636,0.08445300715052619,0.7609374636094708,-0.007645855497660987,0.132005607779203,0.7110192557017748,-0.00498356306535024,0.011156950120416027,-0.021124076251116505,0.13562375299077536,0.6818647564497625,-0.0028810846292185582,0.11484215290472173,0.7451961916180005,-0.001980954619287007,0.10187779825760562,0.7830691208484081,-0.002374306004830413,0.09875770636906923,0.7639764326526272,-0.003271558009796595,0.07451930104060939,0.4370311263355224,-0.0014859528545820534,0.039323898722125473,0.8169778485101474,-0.004364242434634212,0.039119648831229294,0.8883370601345784,0.3282600758766463,0.7543371529010123,-0.36128940184180647,0.0859375,1.2022827907888582,-1.9248615944724712,0.6331860131190187,0.8942307692303598,0.7857142856581633,0.04545454545435763,0.9984662576682012,0.0,0.07476618238701942,0.07527509591286528,0.08445300715052619,0.132005607779203,0.13562375299077536,0.11484215290472173,0.10187779825760562,0.09875770636906923,0.07451930104060939,0.039323898722125473,0.039119648831229294,0.7743069304480945,0.7348833827188103,0.7782676447303799,0.7114522583580728,0.5830677853580715,0.7814391231229834,0.7452676636383965,0.7532014094326368,0.5261832481021685,0.3610589065363012,0.47320383499107804,0.34962686914974433,0.08523810136522614,0.3727714622468561,0.9998999834118362,0.12816815679693672,-0.23504977075569422,0.2862313178756728,0.21758453874012254,0.17747051817329215,0.19874348353869026,0.3044974752869147,0.250148704197453,-0.2557258819354256,0.3929735807885928,0.6533322716695824,0.40354366855441864,0.33650959637613104,0.8080858944145249,0.9998999834118362,0.7688963807316768,0.5977436053435894,0.839194721024503,0.791882117395911,0.7635216471448103,0.8363922523344787,0.8690455228129694,0.8559048715410944,0.5144394914109008,0.8899211204258499,0.9335550250268445,0.9168957220295998,0.9998999834118362,0.9415271766482808,0.9308807286240661,0.956955049743829,0.9365580201143404,0.9319895559250907,0.9576222442542268,0.9722145233607635,0.9734128957831836,0.8947322562099816,0.9791044690641147,0.9812446591067882,0.9998999834118364,0.6784644374804069,0.4991979595358563,0.7609374636094708,0.7110192557017748,0.6818647564497625,0.7451961916180005,0.7830691208484081,0.7639764326526272,0.4370311263355224,0.8169778485101474,0.8883370601345784,-0.46174719887955173,25.748820917174196,-26.672315314933297,10.163217787114846,0.0,0.1312720523790331,0.1320302645228916,0.17088990657842268,0.25501472602795155,0.2640047334629898,0.2283123307357906,0.20454975258867633,0.22743143245583494,0.13107867985178812,0.06834740208210227,0.06732923095685264,0.5840516138944778,0.3873308957512823,0.7336569769962766,0.6311669702604329,102.44942491481952,3.0726246705596676,1.6059311370255835,3.9601543545067353,3.080335735256666,3.02426957387395,3.9159234622301624,4.754227573339158,4.595387822926581,1.0230596680299142,5.855026588280827,7.580442428595886,0.9998999834118364,0.025986744557922964,0.1641404732841538,6.31631509679787,,-0.9559403330896628,11.43913155936514,0.028689229709926614,0.9082394366888192,-0.9713107684271995,9.929551124572754,0.1322093852687414,0.8635218223973766,-0.867790613286864,17.052827835083008
D4_learned12_mul_l1_s42_l0,16.26176643371582,0.5631532870199275,0.8726830242940573,0.5985915492957746,0.9689772176437378,0.6296296296249657,0.5704697986538895,0.9755978526105537,0.9953947368421052,0.05746035128381224,0.8454103134222258,-0.081988791646732,0.6793480193028869,0.8018320611126172,0.2983742219706376,-0.15983224344952685,0.6403088705545287,0.003986842078053626,0.07608339843628485,0.47815250192734277,0.0035934976616416444,0.07536669482668752,0.6736221481842267,0.0,0.0,0.9998999834118364,0.008227999100335646,0.08531488062747354,0.755165453078441,0.0016076752974312676,0.13301834516975303,0.7032751591635777,0.001978492261635335,0.019220941888678816,-0.015263957365408148,0.13682598101033203,0.6758737228314571,-0.003062352898518632,0.11665952783691011,0.7392736597159203,0.0008731500504397382,0.10296758525820282,0.7822212977705586,0.002406347282660022,0.09936370519045296,0.7629125864014229,0.0034892969659729126,0.07553056013876056,0.4108608695276902,0.00965785574520856,0.041239458251355145,0.8100056777622585,0.01049005091380899,0.040185544191692055,0.8877589041947093,0.3325048091940711,0.7504288563267927,-0.2605683737317053,0.04780876494023904,1.318597099447528,-1.8397338469109386,0.6147058281327497,0.8921882137958465,0.6666666665925925,0.024793388429649614,0.9984662576682012,0.0,0.07536669482668752,0.07608339843628485,0.08531488062747354,0.13301834516975303,0.13682598101033203,0.11665952783691011,0.10296758525820282,0.09936370519045296,0.07553056013876056,0.041239458251355145,0.040185544191692055,0.7698565266402706,0.729917748416986,0.7744303906563255,0.7053508163279982,0.5709523006628954,0.7787527111407914,0.7410804199571238,0.7466773709082772,0.5219823075532465,0.3431271580883071,0.4743230248101179,0.38264647643193994,0.10571913396315417,0.361103662018244,0.9998999834118362,0.12755360373845648,-0.2728911162861774,0.2715532443123575,0.17383795242479824,0.1722526500215876,0.19103475263595351,0.29194026037608345,0.24800654428042532,-0.2519705811126844,0.3870096520979439,0.6454634857272137,0.43148051848598257,0.3150803661324891,0.80243752285505,0.9998999834118362,0.7606053220612974,0.5605189274256679,0.8358642641721437,0.7858473158814878,0.7528668442052148,0.8316782590738985,0.87030389593754,0.8548618756963626,0.4690043285393726,0.8855636767452967,0.9336754332713657,0.9126392234016374,0.9998999834118362,0.9371101082113259,0.9270641664541512,0.9562800213208996,0.9327753387069753,0.9301448637794033,0.9587100605682904,0.9708520542379956,0.9720171437052175,0.8774543413143014,0.9793599606313255,0.9813388016168386,0.9998999834118364,0.6736221481842267,0.47815250192734277,0.755165453078441,0.7032751591635777,0.6758737228314571,0.7392736597159203,0.7822212977705586,0.7629125864014229,0.4108608695276902,0.8100056777622585,0.8877589041947093,0.7198004201680672,26.11921621776029,-24.679615377424156,9.934891456582633,0.0,0.13257559209125652,0.13331801798365575,0.17220153089537302,0.25719856694310017,0.26641719503387257,0.23045588435313985,0.2053618853814699,0.22767311595946682,0.13240758051393056,0.06989731191812475,0.06898409552308683,0.6097072758239691,0.4351663255388474,0.7548363086163489,0.6391191909192404,102.44942491481952,2.939920423485773,1.4641285908008184,3.9865878301090563,3.0545936718454505,2.939754063130734,3.7288844909701893,4.548407340308825,4.412080876563254,0.7839208107123927,5.545607541115363,7.373483333445513,0.9998999834118364,0.025986744557922964,0.2227112855281354,8.570187637837325,,-0.9518653243797113,10.07139189995291,0.03646058698450693,0.9168212986810276,-0.9635394054154096,5.342186450958252,0.133488637240263,0.8384932501907378,-0.8665113645043868,13.027031898498535
D5_permuted_theta_mul_l1_s42_l0,18.30518913269043,0.5814610162535613,0.9071244444007718,0.6103896103896104,0.973025993133412,0.591194968549741,0.6308724832172425,0.9682772083938661,0.9936842105263158,0.05744019071120889,0.8531003521862534,-0.08165121097121553,0.6927776798358338,0.8021696417881337,0.2883962181707223,-0.10131912435068868,0.6988219896533668,-0.004030900247800509,0.0756637211828049,0.48935162152015615,-0.011313849069085825,0.07567241477782653,0.6727098090396774,0.0,0.0,0.9998999834118364,0.0009727836843486495,0.08457484316134288,0.7598652716223585,-0.010393883632692233,0.1324796571545642,0.7055617860120494,-0.011580402374666001,0.0051730406613669285,-0.02833384541069893,0.13622424528935367,0.6773623570651396,-0.010116644865675309,0.11574671829412156,0.7413332816410569,-0.008504237353561348,0.10278228565118555,0.7815896149044412,-0.009070541240351239,0.09941151787700388,0.7632664457390148,-0.004540803890099654,0.07518450611780321,0.42476445306484484,-0.003449260524047706,0.03985084369428083,0.8137047558459485,0.006558780549813761,0.04039771482079415,0.885506707648095,0.3234832790547685,0.7317429735165374,-0.32842892537973506,0.0321285140562249,1.2687363652636343,-1.9255942160231043,0.6367849384828442,0.891373801916526,0.5714285713469388,0.01652892561976641,0.9984662576682012,0.0,0.07567241477782653,0.0756637211828049,0.08457484316134288,0.1324796571545642,0.13622424528935367,0.11574671829412156,0.10278228565118555,0.09941151787700388,0.07518450611780321,0.03985084369428083,0.04039771482079415,0.7711203832299667,0.7319567304850608,0.7763769914538603,0.7045094892217861,0.5744050423366588,0.7790534344410786,0.7403668636460914,0.7509012394669289,0.5143910975596179,0.332480164958631,0.4620154930108123,0.3219237561536066,0.04729597465659741,0.3506656954124667,0.9998999834118362,0.09451819809396732,-0.3024191401100595,0.2843770248430102,0.16488769930403735,0.17799725112360756,0.1655246696654689,0.2790537902607787,0.24295290202294154,-0.27526748298208836,0.38970306687737066,0.6329379192612314,0.3702064346130745,0.329440618938855,0.8068026355910619,0.9998999834118362,0.7647383528360934,0.5971345906288223,0.8395319309347657,0.791071462453048,0.7567330076191725,0.8351054591936236,0.8694017618012534,0.8534948523419095,0.504552159655705,0.8888318882544275,0.9340785456589134,0.915403595099016,0.9998999834118362,0.9407475736399186,0.934185525860406,0.9580963350798445,0.9370686499141497,0.928594800527776,0.9573405706773785,0.9720680014784083,0.9723648563201062,0.8896015036652368,0.9797949232687221,0.9819505576775851,0.9998999834118364,0.6727098090396774,0.48935162152015615,0.7598652716223585,0.7055617860120494,0.6773623570651396,0.7413332816410569,0.7815896149044412,0.7632664457390148,0.42476445306484484,0.8137047558459485,0.885506707648095,0.6224439775910365,26.037086806384846,-24.792198851202773,9.842927170868348,0.0,0.13207146921962498,0.1327606372211071,0.17152709345036532,0.2572148841543641,0.26548320017470745,0.2291867567133943,0.2049815691239126,0.2276388098324156,0.13252097326289192,0.06914015952415245,0.07005577977566459,0.6089440104500743,0.42831716517625873,0.7556197208404563,0.6428951453523684,102.44942491481952,2.9627736416316117,1.5770201135030903,4.048765906936227,3.059447090271244,2.9718778115595548,3.823177211176849,4.620445267019676,4.484062330136372,0.9318881690154849,5.809801422893932,7.392761995616946,0.9998999834118364,0.025986744557922964,0.11096160252939546,4.269930695325755,,-0.9657562339780188,9.081980119243248,0.018884966556561144,0.9273177083132386,-0.9811150345406219,5.4724555015563965,0.13893572525119638,0.8328931702971494,-0.8610642766924177,15.223012924194336
D6_theta_add_l1_s42_l0,18.08580207824707,0.5958351389521812,0.8962237267483565,0.6058631921824105,0.9725490196073664,0.5886075949329835,0.6241610738213144,0.9682772083938661,0.9953947368421052,0.058286141668025766,0.8470167375629822,-0.07922157373157002,0.7005898639264269,0.8045992790277792,0.28267032901446026,-0.1537743420845662,0.6463667719194893,-0.0003973820559551797,0.07545389062131518,0.4882530767544189,-0.0086600178101985,0.07527858564771674,0.6735893569824566,0.0,0.0,0.9998999834118364,0.0011609251721310721,0.0847399161766441,0.7588266200128151,-0.008852554116813332,0.13229881553941325,0.7064634117419403,-0.008978584711274282,0.009415955107035528,-0.02737312452958409,0.1358140824535139,0.6760273545571532,-0.00794587731099997,0.11513920143880577,0.7412955878158191,-0.006987936705922988,0.10248742187053295,0.7805104913132365,-0.007920317029997348,0.09943759345771688,0.7615475249065616,-0.003785498363001527,0.0747082112209626,0.42809499851255933,-0.00670324335406773,0.0411379718263301,0.8127450937129993,0.0029407722594908233,0.0401079954912903,0.8865452209921695,0.30671307499819844,0.7198617519309097,-0.3311875510272108,0.03225806451612903,1.2834776695182475,-1.9458527715726692,0.6444319923520505,0.891423357663827,0.6666666665555555,0.01652892561976641,0.9989775051119637,0.0,0.07527858564771674,0.07545389062131518,0.0847399161766441,0.13229881553941325,0.1358140824535139,0.11513920143880577,0.10248742187053295,0.09943759345771688,0.0747082112209626,0.0411379718263301,0.0401079954912903,0.7715735850049357,0.7313673459785847,0.7756515828119195,0.7063207345951253,0.5786554907912456,0.7784470041974404,0.7424635449496332,0.7503943186254137,0.5151335947928276,0.3419877469619024,0.4687003454127012,0.3371954149152128,0.0948413393296691,0.35909826853393023,0.9998999834118362,0.08881513038673523,-0.2933160753777333,0.2826048160476897,0.17636522068791657,0.1509506597503618,0.16932740130282514,0.26663350474948017,0.24755835910316423,-0.2651816638621718,0.368271684814119,0.641260617662852,0.3901824875918045,0.32726026576381456,0.8060540290163101,0.9998999834118362,0.7627351109117821,0.5932465316550404,0.8382188138882871,0.7902834472295213,0.7570883671103874,0.8371476864454215,0.867996642456817,0.8537657365802644,0.501203776039786,0.8907530931594472,0.9338144116853135,0.9154305549837288,0.9998999834118362,0.9405318907380743,0.93278216530949,0.956540998093413,0.9349474710511725,0.9289088636139855,0.9570055514612612,0.9704824731083298,0.9717041607152938,0.8941027744761715,0.9806674033573398,0.9809266484059749,0.9998999834118364,0.6735893569824566,0.4882530767544189,0.7588266200128151,0.7064634117419403,0.6760273545571532,0.7412955878158191,0.7805104913132365,0.7615475249065616,0.42809499851255933,0.8127450937129993,0.8865452209921695,0.6171743697478991,25.664449581348006,-24.430100841852205,9.727223389355741,0.0,0.13197153879326926,0.13295246671002048,0.17135056284451308,0.25684466579941617,0.2649461962776475,0.2292341442697793,0.2054027425245176,0.2280539621424017,0.13178414665167973,0.07124467259063008,0.06880339109058493,0.6182083055744189,0.4380831308594493,0.7685386898755214,0.6480030950774173,102.44942491481952,3.0006583889663783,1.6283053488609203,3.9636784862357284,3.0923521640939775,3.0019122447520634,3.888180153530873,4.66573066040007,4.467088721533026,1.0044165087023298,5.600874022002275,7.346809632440863,0.9998999834118364,0.025986744557922964,0.0688042357111444,2.6476665020552,,-0.9636488000276622,13.661475529799283,0.01869201460679269,0.8935258328516847,-0.9813079920522633,11.214276313781738,0.1399131162636232,0.8156414195923316,-0.8600868843801004,18.211780548095703
D7_learned12_add_l1_s42_l0,16.469079971313477,0.5426005780616786,0.8943239622536447,0.572347266881029,0.970530451865928,0.5493827160459915,0.597315436237602,0.9643728648116329,0.9942105263157894,0.059059294541516615,0.8601210312514754,-0.08314886189746495,0.6907610524816069,0.8006719908618842,0.26230480646093685,-0.143811870265236,0.6563292437388195,0.00030978824960485363,0.07496640255749068,0.4878904588267732,0.0026074615528322216,0.07489142070820487,0.671005397929734,0.0,0.0,0.9998999834118364,0.0009749636350759736,0.08560126978019969,0.7556793193729601,0.00037027492143328425,0.13380994212941505,0.7028789578145804,0.0033230793263300585,0.02492553353037223,-0.01827937487771211,0.13683926756862233,0.672787940018682,0.0026845472125252637,0.11553309335747046,0.7394650914763019,0.003825612885661851,0.10253980202849496,0.782042711298084,0.0028294946702951285,0.09936859568291413,0.7602575760155067,0.0014598626040879322,0.07426478761406119,0.4195141532510603,0.0070143380558415885,0.040633203040861265,0.8077989731592569,-0.0009466498237671914,0.039693805824669144,0.8820931017125253,0.3161295574987254,0.7507246193107877,-0.339121660841655,0.11278195488721804,1.2270865875212242,-1.9053299092045342,0.6300975992096489,0.8955841766325228,0.6249999999739584,0.06198347107412404,0.9953987730056261,0.0,0.07489142070820487,0.07496640255749068,0.08560126978019969,0.13380994212941505,0.13683926756862233,0.11553309335747046,0.10253980202849496,0.09936859568291413,0.07426478761406119,0.040633203040861265,0.039693805824669144,0.7685301307117047,0.7277941498866293,0.77357116680564,0.7002782988680082,0.5743413412023917,0.7785843003346641,0.7373259356953247,0.7468547094568015,0.5078715365678788,0.3422638216503576,0.4524655900330218,0.33583289210162737,0.06849592139888631,0.3594574603099649,0.9998999834118362,0.09035652510150669,-0.27306433619579135,0.259511555707122,0.15887317619247712,0.1430344638832431,0.19403206700200076,0.2921951109865362,0.23493908621114096,-0.29475736600839963,0.36549797264762723,0.6166398573311159,0.37409976151331203,0.30492877465330703,0.8027613027220821,0.9998999834118362,0.7681686137775019,0.5845981200792585,0.8361401005661918,0.7900765265613696,0.7580538347837485,0.8320090284202235,0.8710867844616632,0.8553400162842701,0.48684437680636483,0.8807051024599791,0.9304611058710366,0.9121674858692247,0.9998999834118362,0.9401385697842376,0.9303514076731637,0.9566756722809389,0.9331565479885853,0.9282668493972582,0.9534728471467367,0.9696298288394007,0.9717114871847404,0.8876672001386631,0.9769432001560695,0.9807323321368843,0.9998999834118364,0.671005397929734,0.4878904588267732,0.7556793193729601,0.7028789578145804,0.672787940018682,0.7394650914763019,0.782042711298084,0.7602575760155067,0.4195141532510603,0.8077989731592569,0.8820931017125253,1.4428221288515406,27.023216819560503,-24.137572561857425,9.949509803921568,0.0,0.13146843278937373,0.1315923721941302,0.1731602855924652,0.2579013932659539,0.2661057547402001,0.2299483415126737,0.20564370431593665,0.22814988502957073,0.13086870042235924,0.07044485568559522,0.06872456048972873,0.6133350288885755,0.44056151168909563,0.7606966706786855,0.6387468995925408,102.44942491481952,3.012491602553467,1.6253691455013628,3.882635576397365,2.9222424196372527,2.912833250451899,3.853253044518999,4.693837329529125,4.526185022383349,1.0139974219944505,5.571817161534291,7.394237811557062,0.9998999834118364,0.025986744557922964,0.02355047190657045,0.9062493744773774,,-0.9710414718543301,11.658143273467301,0.01574147633012203,0.9076619341998201,-0.9842585279796511,8.25617504119873,0.12265940587828796,0.8607056545199153,-0.8773405906341774,17.764793395996094
D8_random12_mul_l1_s42_l0,17.305320739746094,0.5902361355506487,0.8884527073281777,0.6037735849056604,0.9738787580083914,0.5680473372747453,0.6442953020090987,0.9643728648116329,0.9964473684210526,0.056607896116592234,0.8654497726336295,-0.0769615053046322,0.6950955612615468,0.806859347454717,0.2834305986762047,-0.1166115042166963,0.6835296097873592,-0.0013636348070700584,0.0754695086113206,0.5020179039871209,-0.0008408828338681285,0.07498607475559046,0.6751279906901326,0.0,0.0,0.9998999834118364,-0.0018748889819396035,0.08411254523261985,0.7640963917448824,-0.006812254751424094,0.131778674506281,0.7109043932241899,-0.005075472408885228,0.010672410297480141,-0.0208233551152506,0.13540419152568042,0.6816421875601276,-0.002845653320986039,0.11472323952932094,0.7444854771092366,-0.0023512869403411276,0.10197031354161204,0.7812357037852763,-0.00177758299066988,0.09885839793116313,0.7619250790563019,-0.0009852841247096269,0.07471544004475218,0.4352818485239376,0.0009205821416177926,0.039480866329726194,0.8169502375050324,-0.0004112571347608481,0.03930343037018884,0.8853080325533648,0.33848039281163855,0.7421221416620188,-0.34032795974562147,0.13382899628252787,1.2221193402321069,-1.9027752597233498,0.6300380073258189,0.8968217411327053,0.6666666666419753,0.07438016528894885,0.9953987730056261,0.0,0.07498607475559046,0.0754695086113206,0.08411254523261985,0.131778674506281,0.13540419152568042,0.11472323952932094,0.10197031354161204,0.09885839793116313,0.07471544004475218,0.039480866329726194,0.03930343037018884,0.7738970703066755,0.7349926174858229,0.7782771279061312,0.7103261209705273,0.5841748013917959,0.7796932957309285,0.7443290422002901,0.7555803992636925,0.5208121437863525,0.3450977838030189,0.460181303893222,0.34119211392429455,0.09480454950200178,0.357761460497475,0.9998999834118362,0.09515638044199512,-0.24119437746301284,0.2956755144899603,0.20879082152892411,0.17658214639719585,0.2050089034207377,0.28590272261927774,0.2363859227316919,-0.27726424400077615,0.3875523698832776,0.643946948895505,0.3869155050090639,0.35968340584793734,0.8078186922994097,0.9998999834118362,0.7694763525993835,0.5978457015027242,0.8424754019455867,0.7922481864579987,0.7612034435380074,0.83825679949265,0.868684425199814,0.8527169503616312,0.5088210879465485,0.8884247545620416,0.9325314780508545,0.9175379875395618,0.9998999834118362,0.941412218960298,0.9323811497128044,0.9577458712686366,0.9356270434868919,0.9294042444870549,0.9561862188871677,0.9716898242614325,0.9733671299879942,0.8958427498202374,0.9798566451665065,0.9816526772945708,0.9998999834118364,0.6751279906901326,0.5020179039871209,0.7640963917448824,0.7109043932241899,0.6816421875601276,0.7444854771092366,0.7812357037852763,0.7619250790563019,0.4352818485239376,0.8169502375050324,0.8853080325533648,-0.4319327731092438,26.374075980271172,-27.237941526489656,10.428011204481793,0.0,0.1320036429960442,0.13307650088513492,0.17075190004337212,0.2547287924018976,0.26338930165513325,0.2283101260240132,0.2045661173303796,0.2275370351239938,0.13204712072725971,0.06884846238632285,0.06813989893103105,0.595936457890918,0.416019660659139,0.7349839472457119,0.6368057685085547,102.44942491481952,3.0548815765272024,1.6409141553362876,4.061864123586157,3.1012139725101755,3.0261621149512727,3.9137683733649067,4.727950973344799,4.577086809869459,1.0276669479859666,5.88066443131413,7.50788603587352,0.9998999834118364,0.025986744557922964,0.1406347707694947,5.411788500257868,,-0.9586634712580419,11.92070817936057,0.026455102621855808,0.9040525329806814,-0.9735448967796311,10.010871887207031,0.14769984453603066,0.8315536447223542,-0.8523001572449704,16.473703384399414
conv15e_A0_raw_s42_l0,33.328338623046875,0.6437234203942396,0.9314872863174376,0.6282051282051282,0.9749385749380959,0.6012269938613422,0.6577181208009549,0.9682772083938661,0.9919736842105263,0.06946866981865417,0.8546237086575615,-0.06973993928397493,0.7050454736793249,0.8140809134753743,0.1635279500236114,-0.08704688325334986,0.7130942307507057,-0.00109478478891636,0.07259980499400714,0.5490813867963316,0.0009401628829724659,0.07171173047848928,0.7129721065166162,0.0,0.0,0.9998999834118364,-0.002386956330936126,0.08072254025155265,0.7887238115272281,6.034963250978648e-05,0.11922194350827797,0.7667146763273841,0.0009823594912555373,0.023285873738675283,-0.021321154756164206,0.12549573967252212,0.7400727072563335,-0.0012990123887668982,0.11032913368973354,0.7826677386544677,-0.0025534798474865245,0.0998789302499297,0.8054725366993856,-0.0013317862891967624,0.09746525584069846,0.7819102951856222,0.00012267476394722652,0.07135430376527373,0.5042263860475941,0.0004756222952604192,0.03778668042920929,0.8372414033621344,-0.0013838591326051622,0.037492838123988056,0.9010379143986934,0.30176605434405096,0.7369800909259916,-0.3727304268826624,0.22875816993464052,1.2737718452809825,-2.019232699046307,0.7062303863757966,0.9029990627924541,0.5468749999914551,0.14462809917295608,0.9851738241303757,0.0,0.07171173047848928,0.07259980499400714,0.08072254025155265,0.11922194350827797,0.12549573967252212,0.11032913368973354,0.0998789302499297,0.09746525584069846,0.07135430376527373,0.03778668042920929,0.037492838123988056,0.810889083528743,0.7889959961677404,0.817714156071009,0.7469609285898239,0.6282063645154361,0.8091340988666168,0.7756068925803611,0.796469375444778,0.5927677780647159,0.43790784905844987,0.5449875474225246,0.3863350333259991,0.1495916670155586,0.40502552337092385,0.9998999834118362,0.1976751496807743,-0.17075816845000696,0.33901288240398675,0.27320565361496274,0.2682360601385481,0.28975645624766233,0.3319350084856996,0.2656478993485186,-0.13693024113742253,0.44924629725607146,0.6941074617055644,0.4413957489309141,0.431941611955919,0.8418299813559459,0.9998999834118362,0.7940311200819052,0.6385194577565048,0.8681336835302627,0.847471867985806,0.8192960363719204,0.8682602243772897,0.892460991906117,0.8741629127583921,0.5670121311753569,0.9042128632029908,0.9434806465164092,0.9353292449580038,0.9998999834118362,0.9522594668789199,0.9390241141935195,0.9714583576774035,0.9658667865596551,0.9590391703653885,0.9705530297339514,0.977876115752958,0.9780797882077735,0.9167400317803449,0.983389654265931,0.9857955152312354,0.9998999834118364,0.7129721065166162,0.5490813867963316,0.7887238115272281,0.7667146763273841,0.7400727072563335,0.7826677386544677,0.8054725366993856,0.7819102951856222,0.5042263860475941,0.8372414033621344,0.9010379143986934,-1.8522233893557423,23.054680445279413,-26.759127223990898,9.783525910364148,0.0,0.12732991756816428,0.12886338162195027,0.1677879232475885,0.2422013195494592,0.2543173911917866,0.224049091136373,0.20457364955414994,0.22706252010540962,0.12709150005661882,0.06628169064705207,0.06538251750547186,0.667843405644772,0.5130981709641151,0.7907930778845601,0.6996389662741921,102.44942491481952,3.4657585628507124,1.9406548562343313,4.512492686160375,3.943489136600884,3.641724379851593,4.232774397984503,4.945885568816399,4.778737007002188,1.42240717937201,6.308489460642261,8.070135354253344,0.9998999834118364,0.025986744557922964,0.22162460053984848,8.528370743687775,,-0.8970621003606758,24.04717458873679,0.08654178446947258,0.7987342477578265,-0.9134582158509948,26.685596466064453,0.24511715494531258,0.6227509378430292,-0.75488284609539,64.37757873535156
conv15e_A0_wave_noSSL_gated_add_s42_l0,32.40433883666992,0.6009460219816944,0.9324650099410091,0.6031746031746031,0.9734251968499147,0.5722891566230586,0.6375838926131706,0.9653489507071912,0.9910526315789474,0.0685811847403285,0.8640106875110339,-0.06846275159400761,0.7010443836604286,0.8153581011653416,0.16293898473183313,-0.08526088394764841,0.7148802300564071,-0.0011103070333005965,0.07289503729543179,0.542244931357621,0.001875328446815478,0.07212180551368137,0.7114043488264206,0.0,0.0,0.9998999834118364,-0.0016583231378830567,0.0806746565690525,0.790195287346018,0.0006884378683858424,0.11918924380353384,0.7703622046607866,0.001771674828115511,0.022091406554764954,-0.01854805689853393,0.12584172673386468,0.741418005374629,-1.149049827761414e-05,0.11019861268640056,0.7829965785453176,-0.0019501089319913642,0.09997395362026067,0.8064912308506369,-0.0014729219247951299,0.09758376615375988,0.7826494812377667,-0.000305126318991482,0.07157876397665988,0.5011891114935103,0.001162756982443833,0.03776478611383814,0.8370285705373985,-0.0009970958623613906,0.03733768534099198,0.9007928892023592,0.31181478469957336,0.7366209501597121,-0.4317223618354868,0.25316455696202533,1.2209900799744702,-2.084434803645444,0.7285746008543824,0.9048964218451484,0.5405405405332359,0.1652892561976641,0.9826175869115631,0.0,0.07212180551368137,0.07289503729543179,0.0806746565690525,0.11918924380353384,0.12584172673386468,0.11019861268640056,0.09997395362026067,0.09758376615375988,0.07157876397665988,0.03776478611383814,0.03733768534099198,0.8112487978089152,0.7907063116130543,0.8190327729774622,0.7450314817462524,0.6252450771515267,0.8099097030942368,0.7742978999746035,0.7990508455900344,0.5908538453373101,0.44565771829935286,0.5485677269937685,0.3593550116251174,0.14127588708568062,0.4148832472599588,0.9998999834118362,0.206092804080502,-0.1676709581727863,0.35390282671027656,0.28726395723840564,0.2831456106703235,0.3041803101546204,0.3174929996748875,0.27244436868628374,-0.154822115025553,0.4400541019142611,0.69649573313065,0.44716534278198095,0.441476852128726,0.8415980246160482,0.9998999834118362,0.7903519672255785,0.6330011174092498,0.8704434402084291,0.8492432191962342,0.8223231950610321,0.8692476497736257,0.891510603090817,0.8724685119272065,0.5626184458628498,0.9053393024370423,0.9430154854397037,0.933859046573424,0.9998999834118362,0.9510864694738259,0.9396361378229794,0.9716382257121556,0.9650478499278263,0.9602611213271794,0.9701087985965091,0.9776663118554443,0.9778373673391997,0.9145760386810319,0.9836267528421093,0.9857224815807556,0.9998999834118364,0.7114043488264206,0.542244931357621,0.790195287346018,0.7703622046607866,0.741418005374629,0.7829965785453176,0.8064912308506369,0.7826494812377667,0.5011891114935103,0.8370285705373985,0.9007928892023592,-1.5547619047619048,24.08354071575427,-27.19306452527808,9.90591736694678,0.0,0.12764548602474002,0.12889361557992013,0.16761359609223847,0.24242790759359928,0.2552135962228934,0.22342354193144764,0.20497069340418395,0.22732580708809447,0.12716062717149454,0.0662067069989606,0.06520703513074436,0.6661591423872378,0.5113673326053839,0.7877060873608734,0.6994040070946853,102.44942491481952,3.3882653406080716,1.9217311998375604,4.531798383846413,3.950624009177574,3.6389155488734284,4.21199739386406,4.910717024482716,4.730147554377569,1.3739030234781984,6.360197094160909,8.071844126655217,0.9998999834118364,0.025986744557922964,0.20939895031429767,8.057913594742343,,-0.9170491043542603,22.09848551870543,0.07458703029353451,0.8131999007591322,-0.925412971341421,22.249116897583008,0.24227311770736226,0.6273787847354526,-0.7577268792033577,49.3155403137207
conv15e_A0_zscore_s42_l0,27.629425048828125,0.624088842470479,0.918282285351178,0.620253164556962,0.9748892171339365,0.5868263473018753,0.6577181208009549,0.9663250366027495,0.9880263157894736,0.0686296782261061,0.860155278362884,-0.07873842174480239,0.6928132990293087,0.8050824310145468,0.167970963443319,-0.08101184915339665,0.7191292648506589,-0.00021464785579835484,0.07258381799774188,0.5333223922103447,3.109366479583094e-05,0.0720941801266373,0.7057198701859029,0.0,0.0,0.9998999834118364,-0.00021575832996839804,0.08065090664102845,0.7869510953857378,-0.0006656123968521651,0.11942743556091369,0.7669667642811668,-1.4630935511275265e-05,0.014102328030986898,-0.01413158990200945,0.1253234381553996,0.7391739983593827,-0.0010809792079026766,0.10958655317348535,0.7807735991441123,-0.0005957428705430318,0.099363671346008,0.8041867073947979,-0.0004373557769245146,0.09721706510734737,0.7806339102464472,-0.00048455320145667077,0.07190392657559096,0.4919553673451308,-0.000567425694347583,0.0374502920945428,0.8337496950508477,0.0012670017762933124,0.037561103335943036,0.8986649671965553,0.31026093873007554,0.7381335665635721,-0.429269671099944,0.18493150684931506,1.1942893227859512,-2.052828664985839,0.705474820119493,0.8999068901299349,0.5399999999892,0.11157024793342327,0.9882413087929508,0.0,0.0720941801266373,0.07258381799774188,0.08065090664102845,0.11942743556091369,0.1253234381553996,0.10958655317348535,0.099363671346008,0.09721706510734737,0.07190392657559096,0.0374502920945428,0.037561103335943036,0.8094056457113562,0.7882635968252926,0.8166124837887854,0.7435025026163952,0.6224926743436252,0.8074562006997236,0.7732178387020479,0.7956301245301037,0.5880873581993055,0.44372181333058436,0.5390957030841399,0.3825783345575952,0.15086230787974647,0.41152160146569045,0.9998999834118362,0.18459419775498556,-0.179644707226394,0.31836069842337866,0.2649100997665589,0.2622877534976218,0.28495819347578694,0.3247251993687038,0.2622750023975211,-0.15408416149483473,0.42651014419049377,0.6663968303662996,0.45503895277975914,0.4065372596464449,0.8387949078319917,0.9998999834118362,0.788201485427509,0.6272418012241069,0.8660896462513752,0.8499610172046803,0.8214949939968289,0.8638537491388748,0.8905303805798513,0.8709123732856612,0.5554467667747425,0.9046509545876992,0.9432246696657612,0.9334414944251074,0.9998999834118362,0.950533432761354,0.9421077600217955,0.9704771272838839,0.9645659327839388,0.9576395798682583,0.9695000242302589,0.9776172765688,0.9783938000550875,0.9151229319877192,0.9841598162577962,0.9854529983527416,0.9998999834118364,0.7057198701859029,0.5333223922103447,0.7869510953857378,0.7669667642811668,0.7391739983593827,0.7807735991441123,0.8041867073947979,0.7806339102464472,0.4919553673451308,0.8337496950508477,0.8986649671965553,-1.8323529411764707,23.473609372452767,-27.138315254805708,9.862745098039214,0.0,0.12748790981338162,0.12827505048694154,0.16799724741827224,0.24358295753010642,0.25458651264817744,0.22284838270698482,0.2037610492759959,0.2268193181404417,0.12750868160628198,0.06582934159708628,0.06554461878433118,0.6605966513543404,0.5009756193826538,0.7853751195271185,0.6954392178800657,102.44942491481952,3.4122612772062055,1.97236804677151,4.562914887446332,3.9623448464666855,3.675475800861781,4.303099476904556,4.997592193214011,4.814710371255126,1.3677080134387989,6.4247328553477745,8.074675068703835,0.9998999834118364,0.025986744557922964,0.19784687006749785,7.6133761969735145,,-0.9279972393036198,18.29377443694038,0.05711285854698346,0.8456513465149446,-0.9428871391249672,14.650876998901367,0.22417725320871046,0.6708623515381534,-0.7758227458263205,48.98894500732422
conv15e_B1_hardbasis_s42_l0,31.675317764282227,0.6119567480664213,0.9324944890452374,0.6273291925465838,0.9762962962958142,0.5838150288983595,0.6778523489887393,0.964860907759412,0.9944736842105263,0.08705252779257153,0.8070863042950142,-0.09349209431286931,0.637739613273325,0.7903287584464799,0.19477804688115916,-0.1041067501132088,0.6960343638908467,-0.002339089992458122,0.13795832846064582,0.012200519416044091,0.00015848708034741225,0.07338895331086663,0.705501099368063,0.0,0.0,0.9998999834118364,-0.0012238556891216944,0.08135571785320733,0.7862222580278043,0.0012453546407203277,0.12019790738523634,0.7647563303827879,-0.00011494111753831439,0.022610877331491714,-0.02284075956656834,0.12629207691180336,0.7376472251668041,-0.0014458836905045366,0.1110534697182474,0.7802843886696216,-0.002881727720560092,0.1002750841972773,0.8034042344222316,-0.003127472686857605,0.097494834996936,0.7815348113980128,-0.0018473402763482536,0.12410739002252358,0.2560599533015863,-0.001397052732843559,0.11781152562520023,0.24164274208154746,-0.0023570368794709564,0.16982959606906486,-0.38394819665684726,0.2869614255267045,0.732894336561375,-0.3999147253283181,0.22364217252396165,1.287208250542713,-2.0870377011993493,0.7310665499961593,0.9026798307471073,0.49295774647193014,0.14462809917295608,0.981595092024038,0.0,0.07338895331086663,0.13795832846064582,0.08135571785320733,0.12019790738523634,0.12629207691180336,0.1110534697182474,0.1002750841972773,0.097494834996936,0.12410739002252358,0.11781152562520023,0.16982959606906486,0.6391228349325521,0.7862946506432125,0.8155375877924785,0.2692831539267009,0.38696650583246306,0.8073963589460517,0.22758096577625908,0.7938367748719607,0.3571123149595702,0.4214591432744754,0.5356600253837696,-0.21240209149115954,-0.12138737951757758,0.41439466147254544,0.9998999834118362,0.2172679911593108,-0.6640596293556277,0.3376674961029408,0.26935460590017596,0.25486755138394807,0.2794596210426366,0.30445669409019976,0.26988106569329784,-0.4115607058634407,-0.7554777943012337,-0.7921259438249116,-0.012250983914378672,0.41479407593462214,0.6691769553733558,0.9998999834118362,0.7823500197029968,-0.00886945885675169,0.8656219266992453,0.8480595093941116,0.8209725178992555,0.86690231941104,0.8889952578865308,0.8720102500423967,0.28915470436305235,0.3292909503261442,-0.4772436895304555,0.8239822396355903,0.9998999834118362,0.9473864254915815,0.7455101863655006,0.9703342543827363,0.9635174134316258,0.9573445508571198,0.9682133064307457,0.9774951296690247,0.9775600082288277,0.7894040495080695,0.8055008822362416,0.4392197095899546,0.9998999834118364,0.705501099368063,0.012200519416044091,0.7862222580278043,0.7647563303827879,0.7376472251668041,0.7802843886696216,0.8034042344222316,0.7815348113980128,0.2560599533015863,0.24164274208154746,-0.38394819665684726,-0.25689775910364143,25.828152899489186,-26.341948417696468,9.894537815126048,0.0,0.1296455426554273,0.24456239122338036,0.1685989384538318,0.24339247070603146,0.2554310037183063,0.22524324317942088,0.20524761335391312,0.22695524437138379,0.22905191884814655,0.24041023087127314,0.287444177230987,0.6635559854718546,0.5049863513636184,0.7892352931767556,0.6964463118705063,102.44942491481952,3.1610326901051833,-4.756080533906358,4.416435745560979,3.857441184957645,3.595862876976865,4.165177856530868,4.8689918746189,4.748371651580874,-4.623548657227248,-4.641364581653122,-6.301726885733269,0.9998999834118364,0.025986744557922964,0.25220707228095984,9.705219598152635,,-0.9172857148659193,21.562904870422653,0.06493593569735043,0.8188499770116392,-0.9350640682768366,17.476200103759766,0.23352854754889288,0.6281075370665525,-0.7664714526394233,45.32101058959961
conv15e_B2_hardbasis_nodel_s42_l0,32.32102584838867,0.5513685921107371,0.8802313127045113,0.5392491467576792,0.9659201557931033,0.5486111111073013,0.5302013422783208,0.9682772083938661,0.9932894736842105,0.0803864429885101,0.8401066972423857,-0.08994882803984972,0.6554153125947503,0.7938720247194995,0.22498810912172,-0.08308654705927498,0.7170545669447805,8.503644970928503e-05,0.11955608927647397,0.01858371426043914,0.00012767571748322485,0.07591082480366286,0.6900123101977552,0.0,0.0,0.9998999834118364,-0.003259982901231817,0.08525108157672413,0.7651017650422128,7.119714137101092e-05,0.13303419007343847,0.7193817740741121,0.0021939410061818996,0.024353040167903465,-0.019965158155539665,0.13711409074725867,0.6980045904149185,0.0010588989031828809,0.1163455835296394,0.7597062055050436,0.00020707768309442248,0.10314801876268191,0.7945517158227848,-0.0023575886843642795,0.09961091689630125,0.7730777473277858,-0.0003743804929241598,0.09028280813319359,0.38619933759153197,-0.00012486981117441957,0.09944506051613627,0.30565505282706595,7.925359384057255e-05,0.1565297124804329,-0.6298740098052092,0.25745688044840886,0.7090748533860636,-0.46756185561272445,0.1758957654723127,1.2884719643466487,-2.2235956755720974,0.7829609860882621,0.8992030004684017,0.41538461537822485,0.11157024793342327,0.980572597136513,0.0,0.07591082480366286,0.11955608927647397,0.08525108157672413,0.13303419007343847,0.13711409074725867,0.1163455835296394,0.10314801876268191,0.09961091689630125,0.09028280813319359,0.09944506051613627,0.1565297124804329,0.6024255718854871,0.7503235956272195,0.7909541176325515,0.36655680724394685,0.4175478269824033,0.794147097568618,0.1906546331873792,0.7602794782975834,0.29692259925830744,0.3883203112110913,0.4998117708517565,-0.1458570311302237,-0.08336576222389558,0.3903819723369614,0.9998999834118362,0.19095683979312017,-0.6326450035878661,0.3059737373278507,0.22208951839223304,0.21954943405715419,0.2260258514293909,0.2894417055171893,0.2545348274990378,-0.25530394799482575,-0.7182300415452885,-0.916813427740307,-0.11481226141844596,0.3826519954656116,0.6317315376884955,0.9998999834118362,0.7694427018633125,0.0007778234023804974,0.8395676595214561,0.7976316100190883,0.7774612204062151,0.8454161536182683,0.8828891062557853,0.8641896438916228,0.4295026251737727,0.39706534912324937,-0.7300017603879729,0.8046466609594229,0.9998999834118362,0.9425355975295646,0.7730017435061104,0.9587673919319658,0.9411212748361946,0.9373359934050366,0.9616367197541426,0.973713688158903,0.9751594855320732,0.85046135870108,0.8278059447321287,0.11511988778556363,0.9998999834118364,0.6900123101977552,0.01858371426043914,0.7651017650422128,0.7193817740741121,0.6980045904149185,0.7597062055050436,0.7945517158227848,0.7730777473277858,0.38619933759153197,0.30565505282706595,-0.6298740098052092,-0.4098389355742297,25.147933562931037,-25.967611434079494,10.013585434173669,0.0,0.13320685662408446,0.20808778401150677,0.17231663848816783,0.25586349052389046,0.26628063304365784,0.23294138009142623,0.20871480285147664,0.22914443809774457,0.15687144631710087,0.20786425404640513,0.2810343173588866,0.5631650852315984,0.3346959746255639,0.7341339613084031,0.6206653189451055,102.44942491481952,2.8060153744104563,-3.1916539600923146,3.958181922624415,3.1141151534418623,2.981543340070836,3.735358059641329,4.544967701906323,4.429711561611966,-1.061985774182112,-3.2530320264138823,-6.204673248112067,0.9998999834118364,0.025986744557922964,0.2324762120944157,8.945953296700413,,-0.9396724176019522,25.21783952242499,0.04766045001325171,0.8037436214149812,-0.9523395455658886,23.663860321044922,0.21705320400884184,0.6239703313519084,-0.7829467969111503,41.35648727416992
conv15e_B3_hardbasis_adaptive_s42_l0,33.98594284057617,0.6215698106302595,0.9218410683227372,0.6107784431137725,0.9766517635365243,0.5513513513483711,0.6845637583846674,0.9594924353338411,0.9885526315789473,0.09132822503095432,0.815751923643742,-0.09805459277084183,0.6290407914284033,0.7857662599885074,0.2051077907284101,-0.10948008948922894,0.6906610245148266,-0.0032628818412780694,0.1415293968530471,0.005037481642366972,-0.00015532433439962264,0.07252390777975248,0.7085970604843854,0.0,0.0,0.9998999834118364,-0.0011563353371246382,0.08135069303714451,0.7855460588834411,-0.00020456411203861752,0.1200616993606795,0.7641291253444402,-0.0002388717742043391,0.02018473003675332,-0.020662473585161996,0.12586922076125096,0.7380606137271044,-0.002391514730326618,0.11028747684074466,0.782328308130216,-0.001850664395600908,0.1001259009826978,0.8041038532168538,-0.0022868976523781606,0.09756257616016746,0.7811569215249489,-0.0028352366387552575,0.12243806845404165,0.263798499099017,-0.0017589254377668657,0.10668691212336823,0.3453005788261338,-0.0032666299561769775,0.16931955373783383,-0.49497374496766094,0.32019498362532584,0.7316299498047965,-0.3727408092855071,0.25308641975308643,1.2897339082938861,-2.0352155268649,0.7113571245880688,0.9050094517954135,0.49999999999390243,0.1694214876026057,0.9790388548052255,0.0,0.07252390777975248,0.1415293968530471,0.08135069303714451,0.1200616993606795,0.12586922076125096,0.11028747684074466,0.1001259009826978,0.09756257616016746,0.12243806845404165,0.10668691212336823,0.16931955373783383,0.6391498576314564,0.7877490290425095,0.816324571528391,0.3315021140770885,0.39020720313436497,0.8084816111358002,0.22418164197739235,0.7934607836210688,0.3527882780576034,0.43274992199447365,0.5409387721091422,-0.13229290245385356,-0.09611641628136297,0.4110642057311574,0.9998999834118362,0.21551465196206318,-0.6443241217340322,0.32471985634788636,0.24550242665066363,0.2727015020398466,0.28367967018777474,0.320385025213622,0.2658446325998616,-0.41281101362254274,-0.6571083541481277,-0.8588503967157343,-0.01750663473073166,0.41988696296175804,0.6681768551336746,0.9998999834118362,0.7865786735307116,-0.0020219801278640813,0.8653587635652373,0.8472958772985302,0.8195376619321011,0.8677212049440197,0.8890740937732635,0.8727084827274143,0.29992970868347224,0.4385558844172044,-0.600274264387137,0.8238008896906063,0.9998999834118362,0.9501397263274386,0.7141516883349698,0.9706772631831799,0.9640793048889671,0.9579832795094633,0.9701959849890555,0.9787216047158898,0.9783989070808796,0.7890504686606203,0.8378404616103435,0.3338355147590892,0.9998999834118364,0.7085970604843854,0.005037481642366972,0.7855460588834411,0.7641291253444402,0.7380606137271044,0.782328308130216,0.8041038532168538,0.7811569215249489,0.263798499099017,0.3453005788261338,-0.49497374496766094,-0.5292542016806723,25.761187945308897,-26.81969634867024,10.00561974789916,0.0,0.1281042144212102,0.2519695149093238,0.16927948869568915,0.24406307775952232,0.25472954460875685,0.22258892273505584,0.20451150586776057,0.22670718005241358,0.22914188933306448,0.21521047985084474,0.29107633527989213,0.6667298716389904,0.5075376806925889,0.7928194220355224,0.6998325122220974,102.44942491481952,3.3052377689756396,-4.966942279431246,4.446101038898999,3.8633516364618554,3.6140788465293694,4.212824964764062,4.902677051461428,4.749556241409836,-4.446970113101647,-3.4675379587776543,-6.45460636983443,0.9998999834118364,0.025986744557922964,0.23226042311323725,8.937649487333537,,-0.9137516720586185,22.756232176536116,0.06899675996499895,0.8109036546257454,-0.9310032415231896,26.58933448791504,0.25087623279442284,0.6053225900510976,-0.7491237643952668,48.650787353515625
conv15e_C1_enc4_s42_l0,29.514890670776367,0.6023839717112914,0.9303932840049656,0.6075949367088608,0.973904480550973,0.5748502993977554,0.6442953020090987,0.9653489507071912,0.9913157894736843,0.06792482102830563,0.864145358603464,-0.06992809903009234,0.7102500794204284,0.8138927537292568,0.1675901965548595,-0.0718619573303938,0.7282791566736617,-0.0022486647143364217,0.07266703266500435,0.5522657177551146,0.0005959856534688044,0.07170017118989985,0.7138247081221657,0.0,0.0,0.9998999834118364,-0.0018003549706895653,0.0805513895021364,0.7898993403554201,-0.0010581012644642143,0.11887479929216936,0.7687016756907254,-0.000506757513807263,0.018725468834852727,-0.019738983862467255,0.12494411737255684,0.7424932653464538,-0.0014668785570071449,0.11003251931635291,0.7830007555079989,-0.0016328850941930732,0.09988330867332576,0.8068657150068779,-0.0016655799095400164,0.09732182723224157,0.7824652072676345,-0.0019658341430146362,0.07139504251832726,0.5075569632235551,0.001570362628155797,0.03761769664307199,0.8381461208832798,-0.0009709082763105032,0.03717305019089602,0.9012058709578908,0.29579856472735966,0.730376126011932,-0.4187269196122968,0.21864951768488747,1.2469569462874879,-2.0844107855120817,0.7273744490821988,0.9023015500230614,0.4927536231812644,0.14049586776801448,0.9821063394678006,0.0,0.07170017118989985,0.07266703266500435,0.0805513895021364,0.11887479929216936,0.12494411737255684,0.11003251931635291,0.09988330867332576,0.09732182723224157,0.07139504251832726,0.03761769664307199,0.03717305019089602,0.812784680575444,0.7908473975235252,0.819337373205119,0.7483113881744807,0.6312783148428358,0.8103103140358032,0.7773865298775428,0.7979550203810415,0.5840148152134662,0.4483418487813596,0.5475983971794302,0.3889120724776129,0.16303830992707258,0.416432388358554,0.9998999834118362,0.1943280448308111,-0.13690025681929782,0.3271281218499004,0.27995642871417975,0.2819657227348098,0.28331757060863333,0.3312587599810676,0.2742934800252454,-0.14423127985841214,0.43776759913688773,0.685704240134911,0.4565949653185475,0.40875375014279486,0.8429122096158862,0.9998999834118362,0.7961491314878846,0.6388621741005661,0.8703189421099435,0.8513068169406578,0.8217634205219978,0.8659861423678415,0.8910952538597265,0.8740731413667002,0.5686088279079822,0.9060148555313088,0.9428648634525938,0.9351741571226765,0.9998999834118362,0.9518453372845718,0.941914367401969,0.9713310443778082,0.9662537068941247,0.9600026549559478,0.9698787631678054,0.9779543382991143,0.9784596288193428,0.91472020832272,0.9840874670219109,0.985934334889117,0.9998999834118364,0.7138247081221657,0.5522657177551146,0.7898993403554201,0.7687016756907254,0.7424932653464538,0.7830007555079989,0.8068657150068779,0.7824652072676345,0.5075569632235551,0.8381461208832798,0.9012058709578908,-1.3470238095238096,23.769916941047658,-26.463964560095274,9.738025210084034,0.0,0.1274535402287888,0.12892392398312924,0.16759829976222648,0.2413472504096869,0.2522878524958358,0.2228831414411794,0.20449763437873192,0.22679993773386717,0.12724362374021767,0.06623679859865524,0.06529851240864004,0.6678530498360824,0.5126851785942114,0.7907538854767482,0.7001200865003273,102.44942491481952,3.4343482792330393,1.9542134019023236,4.5552407651672695,3.986412746177444,3.6815550345353922,4.225202665735413,4.910183987245619,4.758732789285646,1.4049442567909118,6.3677557353787275,8.103600894930153,0.9998999834118364,0.025986744557922964,0.2667377371322793,10.264376373630018,,-0.9111931220048648,19.203665313130987,0.06895467591819193,0.8364314849875114,-0.9310453255705744,16.64141082763672,0.2302441072585757,0.6426299174422317,-0.7697558918466032,37.003639221191406
conv15e_C2_dec2_s42_l0,27.6871337890625,0.6285430263327813,0.9190585684291895,0.6363636363636364,0.97498773908731,0.6163522012539853,0.6577181208009549,0.9702293801849828,0.9918421052631579,0.06392688102900021,0.8545282330832227,-0.07296589812415388,0.7007862225170438,0.8108549546351953,0.1679624430835247,-0.07736555701890568,0.7227755569851498,0.00010868794325140759,0.07302730208069103,0.5491192855799815,0.0010374037108517125,0.072365024908451,0.7114939216089451,0.0,0.0,0.9998999834118364,-0.00013636089974055995,0.08126940518444474,0.7856935079632754,-0.0008330672254343323,0.12077441424087697,0.7625705686366732,0.0019266935424016038,0.02408225273927969,-0.020228865654476486,0.12697950981704761,0.7369193953155116,-0.00101944944418605,0.11132218376299659,0.7789184043725444,-0.0008816724039951523,0.10068584803670531,0.8027711033091313,-0.0009285193511024348,0.09788238048057481,0.7801403890940766,0.001266853090358207,0.07199646394446439,0.5017023185867102,0.0007737441619896254,0.038040446158526565,0.8351209087966139,0.0006199836302976402,0.03805045579390206,0.8991755653313563,0.29097530308554376,0.7332534773276547,-0.429793522719826,0.21476510067114093,1.2439127090217512,-2.1034997544614034,0.7322478644028098,0.9019607843133044,0.5714285714183673,0.1322314049581313,0.9877300613491883,0.0,0.072365024908451,0.07302730208069103,0.08126940518444474,0.12077441424087697,0.12697950981704761,0.11132218376299659,0.10068584803670531,0.09788238048057481,0.07199646394446439,0.038040446158526565,0.03805045579390206,0.8083972735367863,0.7842554204240499,0.8140728047329253,0.7465153748578001,0.6280615803592057,0.8061922417957216,0.7750555374298924,0.792653380948752,0.5849935512363408,0.42900084409097283,0.5402575346438441,0.3813070679989732,0.1619826456787743,0.4204766339451778,0.9998999834118362,0.18580646805525794,-0.15144718535836058,0.3206980259538706,0.26192598881072204,0.26731858555052584,0.26699498867326976,0.3093233138769637,0.2664147427162594,-0.12372499137548167,0.4351164525482445,0.6760131740892578,0.45394963614129114,0.4039236096675078,0.8389280578285732,0.9998999834118362,0.7933320102885382,0.6419333260611687,0.8636099442948036,0.8450892816372371,0.8210721156892509,0.865097769229069,0.8901484602120288,0.8709042949788145,0.5621406919285936,0.9053632738236155,0.9419989876733124,0.9330961598745183,0.9998999834118362,0.9503489013838219,0.9374148486784707,0.9705698766579631,0.9633523720360673,0.9550629399935138,0.9676879408805796,0.9781888332018501,0.9781999894318415,0.9069263859825678,0.9836235177030479,0.9851425215334121,0.9998999834118364,0.7114939216089451,0.5491192855799815,0.7856935079632754,0.7625705686366732,0.7369193953155116,0.7789184043725444,0.8027711033091313,0.7801403890940766,0.5017023185867102,0.8351209087966139,0.8991755653313563,-2.299107142857143,22.212119361966543,-26.810333647680828,9.663883053221289,0.0,0.12841848379997156,0.13005879585392985,0.16844182603069957,0.24503953088815622,0.2555093963743497,0.22522834575339606,0.20561865794259546,0.22749456419534295,0.1282874963440446,0.06726421136998242,0.06636039159985455,0.6628188979090648,0.5045226541440738,0.7894125228619896,0.6945215148761763,102.44942491481952,3.340317781593092,1.9004014711765347,4.453792310666381,3.837127893508687,3.5756565861027876,4.13631705391826,4.839130964269014,4.682459904826192,1.3144627877917476,6.29711802295911,7.908080240310589,0.9998999834118364,0.025986744557922964,0.2818402120066776,10.845537059593395,,-0.9266928330737492,18.03971515645768,0.057569184903207754,0.8508269859551351,-0.9424308162230819,13.631852149963379,0.2110397497352876,0.6703412300551481,-0.7889602487057947,29.09337615966797
conv15e_C3_width512_s42_l0,26.89137077331543,0.6224857421739214,0.9297070759676516,0.6375,0.9768130241731737,0.5964912280666872,0.6845637583846674,0.9663250366027495,0.9907894736842106,0.06845094599280387,0.8627090195918369,-0.07148006046731581,0.6901211395226324,0.8123407922920334,0.17405777672926584,-0.08191406156810677,0.7182270524359488,-0.0011867179144338653,0.07049998602628021,0.5836445026672239,0.0030998731528320946,0.07032137466186959,0.7223510569103582,0.0,0.0,0.9998999834118364,-0.0012738530439847149,0.08026685017591188,0.7898758609984939,-0.0003578431419899636,0.11862222036974196,0.7694816704927878,0.0005754861103496399,0.021601419718184932,-0.020450447497485653,0.12427648243736293,0.7424757114297111,-0.0003734433626430137,0.10883949920978574,0.7853902079752684,-0.0005560127946879316,0.09870913718939243,0.8068527551085716,-0.0006521029332356952,0.09661782279927597,0.7837692241553587,3.692403366064509e-05,0.06979750667671616,0.5246458473280255,0.001373884908134695,0.03663155814024283,0.8460679974997756,-0.0005426893620675627,0.036444424115628773,0.9036158338049363,0.33679598535300503,0.7608376007706739,-0.4057660092012722,0.2119205298013245,1.178031400734555,-1.9895634191370994,0.684119970023799,0.9017773620201582,0.5333333333244444,0.1322314049581313,0.9856850715741382,0.0,0.07032137466186959,0.07049998602628021,0.08026685017591188,0.11862222036974196,0.12427648243736293,0.10883949920978574,0.09870913718939243,0.09661782279927597,0.06979750667671616,0.03663155814024283,0.036444424115628773,0.8169056083530518,0.791481294588885,0.8199047647078642,0.7589419719363898,0.6476920559056373,0.811430044477454,0.7868604010913602,0.7982805212891562,0.5947118394909954,0.45140727140889547,0.5485585052009764,0.40677937985938345,0.1756026979574415,0.4248809371951198,0.9998999834118362,0.22055087376579696,-0.09187933524714946,0.34641298967272827,0.2830378821828736,0.2881044706354289,0.3081595361316972,0.3146366800449651,0.2772726923559083,-0.10072219804396387,0.4626110088643774,0.6826580563997786,0.4651718027029773,0.436235424358847,0.846161649395908,0.9998999834118362,0.802638225510689,0.6692255223330087,0.8694735200841059,0.8512311615486575,0.821502555443677,0.8716673249364005,0.8944083657180695,0.8750913822396986,0.5861300584006759,0.9109739403428114,0.9455744053532367,0.9361565337738111,0.9998999834118362,0.9527759515057658,0.9466241356880604,0.971748846371468,0.9648413026997862,0.9590836302988733,0.9705756335914525,0.9789935087076033,0.9786037415876527,0.9189172080711507,0.9849130774531398,0.9862969521193774,0.9998999834118364,0.7223510569103582,0.5836445026672239,0.7898758609984939,0.7694816704927878,0.7424757114297111,0.7853902079752684,0.8068527551085716,0.7837692241553587,0.5246458473280255,0.8460679974997756,0.9036158338049363,-0.7753851540616248,24.4330720519527,-25.983842360075947,9.661134453781514,0.0,0.12496745175642972,0.12624500548578274,0.16692040046535245,0.2406797527216774,0.2515780744868513,0.22104583961008467,0.20259243603224142,0.22606592252164412,0.12485238365824883,0.06473339653256087,0.06400347018893782,0.6675857662085668,0.5086230182757729,0.7917330982188332,0.7024011807203819,102.44942491481952,3.6287363246277233,2.194775555406975,4.629520944055351,4.02491833369764,3.7467198388300136,4.38396158974931,5.107642002310792,4.917268043687475,1.6098156087880053,6.576193282237024,8.312050810636606,0.9998999834118364,0.025986744557922964,0.22967095369319016,8.838003711594695,,-0.9213885266489842,17.142298715152503,0.06718945896787032,0.854407978452219,-0.9328105355561015,16.94711685180664,0.22242242123313136,0.6863801665389004,-0.777577582261071,38.83721160888672
conv15e_C4_minimal_s42_l0,24.53223991394043,0.5965575945665242,0.9085165132115519,0.6351351351351351,0.973183812773782,0.6394557823085751,0.6308724832172425,0.9741337237672162,0.9919736842105263,0.06255583767028104,0.8459611606418393,-0.07210497589501541,0.6933224676433051,0.8117158768643338,0.17182682206233343,-0.07925185238830423,0.7208892616157513,-0.004131494214705607,0.07065544289364598,0.5836349200516496,0.0007971800267645161,0.07111655800774203,0.7155495462100775,0.0,0.0,0.9998999834118364,-0.0011010922078650122,0.08080263237412809,0.7857300792905224,-0.0011610211056170172,0.11982375956101327,0.7624022720385825,-0.0020698749758732097,0.01913498457511597,-0.023274734526862385,0.1258371207586239,0.7339248242514804,-0.0021021750346808684,0.11014544477784767,0.7764681529953281,-0.0015812527011330568,0.09944257578001871,0.804138919430022,-0.0019914006682941817,0.09697184429847355,0.7819399112338971,-0.0012624983536949454,0.06990492706565664,0.5220790023799633,0.00042149447548844957,0.03705709581467172,0.8453559369930765,-0.0009316012166961734,0.03727949359755851,0.9000815179674063,0.3274795002838691,0.7557568152241882,-0.424160113323386,0.19310344827586207,1.1485875691467564,-1.9969077957935282,0.6886101315210179,0.900465116278651,0.5833333333211806,0.11570247933836487,0.9897750511242384,0.0,0.07111655800774203,0.07065544289364598,0.08080263237412809,0.11982375956101327,0.1258371207586239,0.11014544477784767,0.09944257578001871,0.09697184429847355,0.06990492706565664,0.03705709581467172,0.03727949359755851,0.8122008912135772,0.7826277715387032,0.813565332422998,0.7592782394344315,0.6446817749212265,0.8064789343884099,0.7848712060707576,0.7924570209355406,0.5857924431136774,0.42740861355075727,0.53160337117008,0.40074144713144655,0.19429818642974805,0.4178103931096619,0.9998999834118362,0.19284001699830827,-0.07515846172201224,0.3206687108712917,0.2737991088821853,0.26465568796087696,0.27630405044291356,0.33026382816994254,0.27237700316106495,-0.10697985747951369,0.4768070827985531,0.6800397095723913,0.47382993374267895,0.41583967081501916,0.8427050754585115,0.9998999834118362,0.791995903457462,0.673012766371504,0.8658370856941783,0.8472672270682222,0.815512884676526,0.8642390161734648,0.8905411384937729,0.872235018641343,0.5859813990517793,0.9086455367960224,0.9445681459774813,0.934005104121589,0.9998999834118362,0.9518377768866162,0.942430680325557,0.9704673798970237,0.9622261747636963,0.9560542046854277,0.9677728539271656,0.9774081503989309,0.9774443805725683,0.9149628602590713,0.9843387957311838,0.9853812960026699,0.9998999834118364,0.7155495462100775,0.5836349200516496,0.7857300792905224,0.7624022720385825,0.7339248242514804,0.7764681529953281,0.804138919430022,0.7819399112338971,0.5220790023799633,0.8453559369930765,0.9000815179674063,-1.8388480392156865,22.6313952593669,-26.309091337798275,9.48811274509804,0.0,0.12632999995893002,0.12646827977892738,0.16712184462241975,0.2426221456340629,0.254111460768897,0.22341053355840937,0.20321412039501957,0.22613220045331042,0.12539224055389717,0.06585445816357147,0.06547302881185212,0.6575119234753266,0.49709251475168575,0.7855493074875189,0.6898939503677038,102.44942491481952,3.5293699468015127,2.1759802463152123,4.546719010809644,3.929827969377436,3.6455028679037644,4.274831843778127,5.021821076707332,4.858416165403242,1.5629375063002282,6.523103061186005,8.101297358675541,0.9998999834118364,0.025986744557922964,0.21313630457686833,8.201731305745835,,-0.9232553103755474,15.893820514203345,0.057521869746435,0.8673102100512331,-0.9424781343653337,13.344202995300293,0.22112446665585725,0.6957415476658878,-0.7788755324622643,21.924232482910156
conv15e_K2_noart_s42_l0,37.83984375,0.626594837537536,0.9273946040137439,0.6412698412698413,0.976377952755425,0.6084337349360938,0.6778523489887393,0.9682772083938661,0.9918421052631579,0.07017505450564768,0.8832736339732586,-0.06783253915714804,0.6963115416230687,0.8159883136022011,0.1710683380564054,-0.05653164866905369,0.7436094653350018,-0.0006808316588148796,0.0706962443890307,0.5641464616253695,-0.0005546967807043271,0.07040060671769978,0.7159875582534563,0.0,0.0,0.9998999834118364,-0.0012108758858415973,0.08072116182853223,0.788255777440627,-0.0005968458375274751,0.12036948460718376,0.7590238193864902,0.0006013461492194292,0.030179061496635705,-0.02897636919819685,0.12553518489022747,0.7236118818625976,0.0011179791613267927,0.10942655232590191,0.7777013078867633,0.00029108572431854726,0.099407024759374,0.8016365397702194,0.0005500582949793976,0.09736965772474424,0.7820850538545229,-0.0003122867188234862,0.06970337774446077,0.5054208421995392,8.770757373918555e-05,0.036523872753882435,0.8431282921964534,0.001138444249401179,0.036355284977044273,0.902588389370125,0.32020153261592693,0.7539568862073045,-0.33442374371534805,0.23353293413173654,1.315447576053327,-1.9842950634840233,0.6988767555541768,0.9036087369416412,0.4239130434736531,0.1611570247927225,0.9729038854800752,0.0,0.07040060671769978,0.0706962443890307,0.08072116182853223,0.12036948460718376,0.12553518489022747,0.10942655232590191,0.099407024759374,0.09736965772474424,0.06970337774446077,0.036523872753882435,0.036355284977044273,0.8102006304833391,0.7814101519295158,0.8141156855751398,0.7485319588181062,0.630267687521834,0.8070817014506109,0.7777180844373168,0.7937472895770732,0.5779814559393003,0.43680835195002804,0.5439161917150519,0.3510017282685376,0.14148741629903056,0.42117704694239394,0.9998999834118362,0.19986153420616704,-0.10084739940290546,0.34784276709517753,0.2686588325542129,0.2160138089950276,0.26563622919377167,0.3034340104595372,0.28258502140416897,-0.2286803560462811,0.45903512628883403,0.6881487961431673,0.44262396843248136,0.4332333549406648,0.8393009776245065,0.9998999834118362,0.7945399535364246,0.6381185589065199,0.864149545591835,0.8413759471692848,0.8107832321663624,0.8631286878546451,0.8867841364716511,0.8694398099923957,0.5887150785544145,0.9083390589651883,0.9443041790051628,0.9345398525784718,0.9998999834118362,0.9559007667015453,0.940307759444885,0.970346256988354,0.9654188526613835,0.958482220526501,0.9706539468071927,0.977497211086054,0.9776922479007215,0.9178815752946586,0.9845798890529047,0.9856883749193049,0.9998999834118364,0.7159875582534563,0.5641464616253695,0.788255777440627,0.7590238193864902,0.7236118818625976,0.7777013078867633,0.8016365397702194,0.7820850538545229,0.5054208421995392,0.8431282921964534,0.902588389370125,0.3922268907563025,25.03058483119631,-24.246131049683708,9.61782212885154,0.0,0.12765094375886124,0.12717095844498674,0.16772438944572152,0.24536037637368469,0.2556906661163559,0.22328421120831105,0.20527102949726664,0.22719877759305573,0.12573588848967104,0.06531502502390883,0.06488285634006755,0.6666867332980403,0.5098468159293545,0.7905512071673756,0.699662175663833,102.44942491481952,3.4644311677524215,2.0752657752075896,4.448402326414576,3.7496635476593743,3.479363111541429,4.202371383768499,4.911189275292737,4.742661411883599,1.4624936786575466,6.505481333085283,8.151298748259107,0.9998999834118364,0.025986744557922964,0.15573786835485312,5.992973148858612,,-0.8797650219871997,30.23551694473015,0.11904240234061637,0.7395682746391127,-0.8809575965438701,45.68122482299805,0.24809299158468154,0.6028932108905304,-0.7519070068853104,79.4433822631836
conv15e_K3_nodel_s42_l0,30.88429832458496,0.5596305787565415,0.882399664593303,0.5802047781569966,0.9688412852965098,0.5902777777736786,0.5704697986538895,0.9712054660805411,0.9921052631578947,0.06058419202153961,0.8557951121355876,-0.07189059288512567,0.7183143789510366,0.8119302598742235,0.21204587693015733,-0.07172776730284458,0.7284133467012109,-0.0011117219587942094,0.07528509828128332,0.5051078140202081,-0.00019945298411945585,0.07417785617423762,0.699526414430622,0.0,0.0,0.9998999834118364,-0.0015465599601461766,0.0843720598448934,0.7702386527281427,-0.001177870368484235,0.1313256877391985,0.7279406400240981,-0.0016451835157183935,0.018468138263379983,-0.02175850529481677,0.13539581461731315,0.703362020819691,-0.0033630942827121563,0.11534391561156551,0.7639781325540177,-0.002432052160024856,0.10255710580435135,0.7966579477003268,-0.0033772495584457113,0.09904100169495848,0.7765615808689336,-0.002005230039338511,0.07416025846091123,0.46394652931004376,0.0008429592510672054,0.038751981530308524,0.8269569029001348,-0.002993196043854156,0.03865808519506723,0.8954257687814922,0.28240513426625496,0.7226778380570907,-0.46581362974138657,0.21782178217821782,1.2496904884366344,-2.1813177479194077,0.7675560092965679,0.9021993448755722,0.5409836065485085,0.1363636363630729,0.9856850715741382,0.0,0.07417785617423762,0.07528509828128332,0.0843720598448934,0.1313256877391985,0.13539581461731315,0.11534391561156551,0.10255710580435135,0.09904100169495848,0.07416025846091123,0.038751981530308524,0.03865808519506723,0.7916589801921609,0.7567048994711719,0.7958344250323052,0.7297484953099064,0.6026064107405015,0.7972527754320327,0.7616882267400873,0.7673553775403581,0.5615408693827904,0.40178621724724006,0.4960312319991915,0.3671376991334658,0.14906573570846127,0.40436863276624674,0.9998999834118362,0.17697236387606383,-0.26662861792284054,0.3136249199144707,0.2212262804136171,0.2277412755474772,0.2615836349202479,0.289944165017135,0.2610332920201063,-0.19189448519631733,0.4086384453731269,0.6624085440675519,0.4347988556532268,0.3845518519807887,0.8235293887463655,0.9998999834118362,0.7798933644922899,0.5977335363019298,0.8474541003076914,0.8060618982574606,0.7834413677311358,0.8515138041808051,0.8856969644923567,0.8678131701220337,0.5301850963809962,0.9000377566096748,0.9403678798552705,0.9233803448663686,0.9998999834118362,0.9465185333447971,0.9318684638887107,0.9602692001826322,0.9442962103030283,0.9377770570105816,0.9620342831636339,0.9744948405724118,0.9754646709298906,0.8960542604502495,0.9833564055489497,0.9851196684523523,0.9998999834118364,0.699526414430622,0.5051078140202081,0.7702386527281427,0.7279406400240981,0.703362020819691,0.7639781325540177,0.7966579477003268,0.7765615808689336,0.46394652931004376,0.8269569029001348,0.8954257687814922,-1.9679271708683475,23.697546034285427,-27.63340037602212,10.007983193277312,0.0,0.13039612797840788,0.13206282271107533,0.171146681933762,0.2537950221059963,0.2644188072947764,0.23017481651851895,0.20759720877919352,0.2283459834176586,0.1308713568490309,0.06783761545428356,0.06720653588425134,0.5861564111139975,0.37742439216890283,0.7456765391661705,0.6353683012950656,102.44942491481952,3.142838642952519,1.621974342151614,4.084167393319294,3.2421949327045128,3.0851543567366986,3.8229401167795105,4.624356108224559,4.517630011883314,1.0688132561821013,6.122453115570081,7.774334353091165,0.9998999834118364,0.025986744557922964,0.28046733306452043,10.792707091366054,,-0.9349200220533649,19.176763996523366,0.051366383051290036,0.8441699199188514,-0.9486336169945268,12.86011028289795,0.22926643778649367,0.6221944773959085,-0.7707335649775277,29.989055633544922
conv15e_K4_l1_s42_l0,36.31525802612305,0.5245759140508304,0.8722785054749248,0.5343511450381679,0.9621103117501381,0.6194690265431905,0.4697986577149678,0.9790141532450078,0.9930263157894736,0.055019137547201204,0.8584483129526032,-0.08325241588669374,0.6920260458165078,0.8005684368726554,0.18218183082838854,-0.08087277617035948,0.719268337833696,-0.0014101161260338846,0.07662268656557712,0.4475457518044343,-0.0026299074158383224,0.07604139994889242,0.6716963128535637,0.0,0.0,0.9998999834118364,0.00041304252816841414,0.08636976689707127,0.7398316201059184,0.00078785623808502,0.13384564234989277,0.6890046692755373,-0.001597197172502235,0.02041459111145559,-0.023608985456460063,0.1376856575649902,0.6746952936242989,-0.0034149363131144024,0.11855433558016697,0.7346050410737358,-0.0016657743736424103,0.10459270881507182,0.7770876536263446,-0.0045925137095264934,0.10092434381080677,0.7587693882040019,-0.0015426792449963985,0.07570588111385693,0.4073528543674228,0.0009062800774828877,0.040738071785102976,0.793705051035432,0.001063691655088796,0.04014472494701429,0.8792811254257378,0.2721621854967632,0.7088847200392098,-0.31088130541709286,0.21114369501466276,1.4781077563895026,-2.0998703672236885,0.7479864805582023,0.9018580276317761,0.36363636363269053,0.1487603305778977,0.96779141104245,0.0,0.07604139994889242,0.07662268656557712,0.08636976689707127,0.13384564234989277,0.1376856575649902,0.11855433558016697,0.10459270881507182,0.10092434381080677,0.07570588111385693,0.040738071785102976,0.04014472494701429,0.760821094914146,0.7212980222695238,0.7664581079531729,0.6918953107571121,0.5619581193388387,0.7731740339032924,0.731667061552381,0.7329517955885746,0.5007304761408393,0.3176646108108832,0.44054633525173953,0.33965941878959816,0.13443779069274897,0.3273622611201298,0.9998999834118362,0.10825263603108828,-0.34486474185323,0.2678458908206322,0.18756105323328592,0.1641463841379524,0.1815464137503657,0.24856716068896417,0.23959835525095985,-0.26633839761730543,0.2880528087571017,0.6143370667124302,0.404713481686119,0.32304836738650133,0.795681639156137,0.9998999834118362,0.7569190226634345,0.5374480690069503,0.8188439526549457,0.7655046497483635,0.7548210346936677,0.8297197190977939,0.870666472273526,0.8512184773175286,0.4695018736850403,0.884444360211586,0.9315585497701846,0.9043622253788329,0.9998999834118362,0.9369185637001524,0.9194852838322262,0.950302271656737,0.9248146770825793,0.9294134520115277,0.9532128164908311,0.9672805318951514,0.9685175524186123,0.8636111821570369,0.9767111462169279,0.9801359348485228,0.9998999834118364,0.6716963128535637,0.4475457518044343,0.7398316201059184,0.6890046692755373,0.6746952936242989,0.7346050410737358,0.7770876536263446,0.7587693882040019,0.4073528543674228,0.793705051035432,0.8792811254257378,-1.2159663865546217,23.250211621948544,-25.68214439505779,9.568662464985993,0.0,0.1349968060257684,0.1365088930134804,0.17605856626471786,0.2645818628683534,0.2725155545494963,0.23935043817469642,0.2123193079671265,0.23124132270174558,0.13505249754781948,0.07273921262069327,0.07073764181692813,0.5906888714765853,0.389262293354898,0.7421865451794003,0.6406177738443225,102.44942491481952,2.7863406400248834,1.3178467882307412,3.5882123189054522,2.7688477780071876,2.7452615070440944,3.3702104254092964,4.240838810742223,4.125253578603076,0.7531460938583862,5.379112654251695,7.219521714904586,0.9998999834118364,0.025986744557922964,0.33762167894982037,12.992072370019592,,-0.9370456577381583,31.696890238190313,0.05133886222005947,0.7614862072046428,-0.9486611432771527,33.108245849609375,0.22662890682463324,0.571860827846724,-0.7733710967020803,58.232913970947266
conv15e_K5_adaptive_s42_l0,31.606069564819336,0.6275521990263796,0.9266740036881636,0.6222222222222222,0.9749015748026698,0.5903614457795762,0.6577181208009549,0.9668130795505286,0.9902631578947368,0.0701105058974316,0.8482982991760881,-0.07273659207826366,0.7038867168835807,0.8110842606810855,0.16739601890246072,-0.0799783549526536,0.7201627590514019,-0.0006719200969642168,0.07249492548413625,0.5400143749279461,0.001174408793726588,0.07197847763346757,0.710754392065265,0.0,0.0,0.9998999834118364,-0.00015052444435679848,0.08029208176949319,0.78937154035953,-0.0006306934881072763,0.11861504301698148,0.7692276401857268,0.0005538996195312991,0.01943467574548991,-0.018326876506427316,0.1244398955424011,0.7430999644583263,-0.001130398886355272,0.10954395509357577,0.7840181191426311,-0.0011132944613877931,0.09931575574534515,0.806942787133419,-0.0018220122563907713,0.09711886178046668,0.7828391433132156,6.27114811136692e-05,0.07163058533631618,0.5016452904289197,0.0001780720407821913,0.03750866915104866,0.8350313156226329,0.00023920257486752402,0.03729483367803804,0.9000352398932706,0.32232000637894453,0.74653323530903,-0.3700245419918907,0.23300970873786409,1.2622233628540909,-2.002272446837872,0.6999642606302888,0.9033317691220538,0.5373134328278013,0.1487603305778977,0.9841513292428506,0.0,0.07197847763346757,0.07249492548413625,0.08029208176949319,0.11861504301698148,0.1244398955424011,0.10954395509357577,0.09931575574534515,0.09711886178046668,0.07163058533631618,0.03750866915104866,0.03729483367803804,0.8119911697653519,0.792050346011544,0.819798716337756,0.7464337970131558,0.6265106862666607,0.8107111025958571,0.7749797377263141,0.7979321943381368,0.5897735523961305,0.4583646370929152,0.5560327990567241,0.3859681963282949,0.16381029096957278,0.42816049441272097,0.9998999834118362,0.18769936917504024,-0.17136588643047748,0.3380656874251557,0.27335543205839175,0.29567757511101467,0.29003571488186025,0.32696703798986376,0.2744955049251379,-0.1326376912702826,0.4301994513422368,0.6771648315631681,0.4442789445334177,0.4281435677371635,0.8408872969372096,0.9998999834118362,0.7925004874323642,0.626801718141972,0.8699851049472895,0.8515027912422248,0.8246536101273301,0.8683895552576995,0.892192564182718,0.8723909790854034,0.555736788702984,0.9050053120150178,0.9434025260345882,0.9344771643707862,0.9998999834118362,0.9506670110866351,0.9427397446360901,0.9717536101321996,0.9661154418592054,0.9595688413300303,0.9703222911864003,0.9787053585279001,0.9782635981157531,0.9146598469703967,0.983764532749689,0.985677033679282,0.9998999834118364,0.710754392065265,0.5400143749279461,0.78937154035953,0.7692276401857268,0.7430999644583263,0.7840181191426311,0.806942787133419,0.7828391433132156,0.5016452904289197,0.8350313156226329,0.9000352398932706,-1.7325105042016806,23.52758315096188,-26.992604159365243,9.799177170868345,0.0,0.1272412619382574,0.12784615986984343,0.1667535406170934,0.24149693922519141,0.25252985059306843,0.2222012021099636,0.20370224552674876,0.2265893992174408,0.1270633369146814,0.06559336926507547,0.06509278919607399,0.6691767904865725,0.5120611065214664,0.7929525049155478,0.7025167604815736,102.44942491481952,3.4242258194492146,1.9518678777414322,4.577238603368798,3.9988448106730257,3.714218778808011,4.280385805577815,4.985203431928352,4.813250719166377,1.3857614505837943,6.386824252162233,8.080249790771974,0.9998999834118364,0.025986744557922964,0.2075114271603446,7.985279522509411,,-0.9072228399709423,22.412666655025145,0.07704950391963457,0.8142482482490481,-0.9229504922774224,21.25501251220703,0.2424972950493502,0.6380285170240247,-0.7575027060133808,35.05797576904297
conv15e_R5_morlet_mag_ueg_phase_wyatt_s42_l0,29.153268814086914,0.5994282352230722,0.9206782814337326,0.6254071661237784,0.9740196078426598,0.6075949367050153,0.6442953020090987,0.9697413372372037,0.9878947368421053,0.06917717819282364,0.855895813410139,-0.0711915762801576,0.709087361279742,0.8126292764791916,0.15490952817102274,-0.0730316757495234,0.7271094382545321,-0.0001574492165306914,0.07283605530410313,0.5383739683996499,0.00080603915471153,0.0721266134524997,0.7116981055014518,0.0,0.0,0.9998999834118364,-0.0022015514934265053,0.08051410171151792,0.7891778487587203,0.00016670605924152848,0.11900268813702135,0.7678175974785848,0.00027014437756329817,0.019916662982764174,-0.01937637422763758,0.12555184757483065,0.7402685801111152,-0.0012188733892254037,0.11033937308304038,0.7827567703240154,-0.0017547248290525703,0.0996508165271118,0.8066740130202673,-0.003669057058955031,0.09735632929799319,0.7828245211365747,-0.00044187823242032017,0.07161988612374941,0.5036385666314177,0.002660095052306002,0.03780773902688234,0.8373646509130451,-0.0026571203721994937,0.03746763128648364,0.9014402903339768,0.31078830650324685,0.7342759722151803,-0.451819286626928,0.23529411764705882,1.196365951202411,-2.100004524456267,0.7318681472093285,0.9034676663538409,0.5624999999912109,0.1487603305778977,0.9856850715741382,0.0,0.0721266134524997,0.07283605530410313,0.08051410171151792,0.11900268813702135,0.12555184757483065,0.11033937308304038,0.0996508165271118,0.09735632929799319,0.07161988612374941,0.03780773902688234,0.03746763128648364,0.8110654281260004,0.7895118924348766,0.8184219826597998,0.7467320969722662,0.6258771836084238,0.8098743613308591,0.7750481793322803,0.7974914396665634,0.5886881939343712,0.4576086497441672,0.5499649969339311,0.38978049927664354,0.16529021609853986,0.4157963083041028,0.9998999834118362,0.20191576607468362,-0.17692822868595784,0.34385020720358006,0.2765313430197724,0.27182580074146934,0.286826758536794,0.3206515550577109,0.2743489031705787,-0.13354101341072855,0.4441227968836304,0.6919747409011223,0.44160193979029494,0.42697051613008546,0.8417567690127249,0.9998999834118362,0.7891687737802255,0.6273651079989091,0.8681989838585824,0.8499420978434604,0.8201604919750342,0.8654214649556806,0.8912623019011577,0.8726155156843652,0.5632314716935555,0.9053550871858567,0.9433970123876886,0.933868148823978,0.9998999834118362,0.9498879752471678,0.9390607899652585,0.9712275429495845,0.9656195710686669,0.9578541553254937,0.9701058913740102,0.9789525695924828,0.9782716402770624,0.913097217698446,0.9841098861669847,0.9853913870066685,0.9998999834118364,0.7116981055014518,0.5383739683996499,0.7891778487587203,0.7678175974785848,0.7402685801111152,0.7827567703240154,0.8066740130202673,0.7828245211365747,0.5036385666314177,0.8373646509130451,0.9014402903339768,-1.9742471988795518,23.54929055004896,-27.497784947808064,9.816579131652663,0.0,0.12759772674728825,0.1285923744089456,0.16726233265710516,0.24166795771558483,0.2539948236391214,0.22440661521469993,0.2042497638151793,0.2268437688812744,0.12690513989593472,0.06620570585583561,0.06546559920579179,0.6654285198124517,0.5100545938072938,0.787364161091515,0.6988668041692457,102.44942491481952,3.389328455905634,1.9018903397253615,4.545812523772252,3.967495188047973,3.6634741325868396,4.22258892530974,4.944644067794279,4.756488048172923,1.3660148062083122,6.334883765616201,8.061335143379688,0.9998999834118364,0.025986744557922964,0.24155509202897857,9.295319088362419,,-0.9188025293889553,18.430913627418054,0.06916084086812371,0.8442556964817084,-0.9308391560637398,18.287975311279297,0.23285888768494728,0.6477987310065592,-0.7671411108316404,30.71657371520996
conv15e_R7_morlet_mag_ueg_real_s42_l0,33.76875686645508,0.6094050706425622,0.9295023599660663,0.5923566878980892,0.9724545007373475,0.5636363636329477,0.6241610738213144,0.964860907759412,0.9910526315789474,0.06777078044720955,0.8488868202412075,-0.07056906942610397,0.6999005765184864,0.8132517833332452,0.15201306715607643,-0.07195228849937407,0.7281888255046814,-0.0006385945074481007,0.0725230162854356,0.544238749829944,0.0001081097931899062,0.07193822862072692,0.7129170881177961,0.0,0.0,0.9998999834118364,-0.0013403627006259016,0.08063202820340347,0.7896047134451742,0.00023685382917312489,0.11910802983536702,0.7693426958012212,0.0017053864519319545,0.022177776331272,-0.018767003427408092,0.12556431493076237,0.7419427087578546,-0.0012542910379609489,0.11029253212245264,0.7843601237376172,-0.0019389310064095542,0.1001026443988724,0.8063855359232116,-0.002675871576203108,0.09749982288297714,0.7838194841607201,-0.00022556307779761177,0.07156316150638212,0.5022537894922972,-0.00041868402872486857,0.037444579828852076,0.8378325315664705,-2.8269755090360105e-06,0.037234246357745505,0.9016413314547633,0.29289330455470547,0.7339147188561579,-0.44649798909739624,0.22653721682847897,1.2218265785175655,-2.114822556712358,0.7400826257024827,0.902862505865367,0.5223880596936957,0.14462809917295608,0.9836400817990881,0.0,0.07193822862072692,0.0725230162854356,0.08063202820340347,0.11910802983536702,0.12556431493076237,0.11029253212245264,0.1001026443988724,0.09749982288297714,0.07156316150638212,0.037444579828852076,0.037234246357745505,0.8117523786530288,0.7903794468686695,0.8190665828282325,0.7461873172163811,0.6273190236160096,0.8106651811525442,0.7756616687898751,0.7984605487701852,0.5893598496928808,0.4539097245222733,0.5527105794091709,0.3720749981058685,0.16252976428584692,0.422983370243317,0.9998999834118362,0.20517385940867922,-0.1565319039321898,0.3488921361548783,0.2935170013161193,0.271220496677117,0.2976951554998861,0.3394150301156307,0.2735300975276351,-0.12383069607452303,0.4382336823543277,0.691367516852042,0.4473748347705555,0.42996608931887464,0.8423442694234841,0.9998999834118362,0.7929915162107095,0.6388467298311992,0.8685734281018174,0.8512687770241737,0.8254516553818613,0.868086746347512,0.8929061839534587,0.8731583955706061,0.5590157798569082,0.906978701690424,0.9437405752693695,0.9349351808860151,0.9998999834118362,0.9502485946136193,0.9400107291123739,0.9716444849221563,0.9641271819851969,0.9589810909922071,0.970102665128306,0.9767421458832516,0.9770677440060448,0.9142063842934876,0.983770456997546,0.9855881464398885,0.9998999834118364,0.7129170881177961,0.544238749829944,0.7896047134451742,0.7693426958012212,0.7419427087578546,0.7843601237376172,0.8063855359232116,0.7838194841607201,0.5022537894922972,0.8378325315664705,0.9016413314547633,-2.0456407563025207,23.302619485014922,-27.393900997619966,9.96185224089636,0.0,0.12737027468583761,0.12808526882812513,0.16740726744155607,0.24147918734422785,0.2532861539887383,0.22334022654197175,0.20532031941017562,0.2270941787348387,0.12715345375307202,0.06590057719147978,0.06533736136947313,0.6639569172256102,0.5078493025566221,0.7871185404804198,0.6969029075128916,102.44942491481952,3.423766173605462,1.9528805295138445,4.526905189809073,3.9599269847984537,3.6599971678225374,4.201587420358087,4.880592071582235,4.718138360073585,1.3796817656550817,6.439250722877125,8.11635911872908,0.9998999834118364,0.025986744557922964,0.22741034179749067,8.751012753428705,,-0.9009419907077099,24.14855710922675,0.08387316875785623,0.7989976701117754,-0.916126829708591,28.424823760986328,0.23509721054132351,0.6146824622417696,-0.7649027879548661,55.11840057373047
conv15e_Z1_zscore_s42_l0,27.430397033691406,0.5820246494398569,0.918385462215977,0.6125,0.9748396645283794,0.5730994152013269,0.6577181208009549,0.9643728648116329,0.9911842105263158,0.0686195287477946,0.8592143979076211,-0.07407647702723041,0.7026835872873786,0.8097443757321188,0.16983268285791078,-0.08356525838075746,0.7165758556232981,-2.6431204996090844e-05,0.07229742670401733,0.5354806251390707,6.09940758395894e-05,0.0721126225978659,0.706608111950551,0.0,0.0,0.9998999834118364,-0.00053191000837641,0.08041063731248328,0.7880755144606771,-0.00033395464536521924,0.11927371378123881,0.7683990218515314,0.00035531012060703186,0.015956488524553204,-0.01524586828333914,0.12505792096548737,0.7405974738102199,-0.0003603506306778526,0.10926906749014599,0.7815613061301223,0.0005723757416749156,0.09930779627339748,0.8051276698957724,-0.00021333913947421448,0.09724458212768908,0.7813170118300965,-0.0003710874140392618,0.07176818136045585,0.4926695200684176,0.0005052392282411575,0.03744832853651645,0.8335931899962774,0.0015675341017139595,0.037434185698353856,0.8995857328307192,0.3240252306446615,0.7411102097382074,-0.441073728463396,0.19014084507042253,1.166316733004479,-2.0484641899312708,0.7036765135240322,0.9002782931350184,0.6428571428418368,0.11157024793342327,0.992331288343051,0.0,0.0721126225978659,0.07229742670401733,0.08041063731248328,0.11927371378123881,0.12505792096548737,0.10926906749014599,0.09930779627339748,0.09724458212768908,0.07176818136045585,0.03744832853651645,0.037434185698353856,0.8102898676673335,0.7898621850252613,0.8176616616494281,0.7440395780895428,0.6230333060375678,0.8080202914031878,0.7739609725259251,0.7972033178362358,0.5892535831421344,0.44830443167227235,0.5466834202426188,0.37781237024913655,0.1558379534072291,0.4141277369163721,0.9998999834118362,0.17199662486001316,-0.21473325547430394,0.32525261123625593,0.2734894316384968,0.2761409880887373,0.3057518720655253,0.33117014562778335,0.26790407032979857,-0.15710354982080488,0.429473837444767,0.671467482502658,0.4510450584695986,0.4212671904971157,0.8390090546882087,0.9998999834118362,0.7903062226190332,0.6341922146477115,0.8673825282717533,0.8523574758839236,0.82072046270282,0.8673882943713025,0.889424144765159,0.8709048094304568,0.5547064153968833,0.9075687782301906,0.9420258393029605,0.9332920031989783,0.9998999834118362,0.950789391039713,0.9431182396698236,0.971695051926037,0.9654346253712166,0.9581977472436948,0.96940158660291,0.9776481585771271,0.9782277832890561,0.9117935538149398,0.9840557791696756,0.9858135971345101,0.9998999834118364,0.706608111950551,0.5354806251390707,0.7880755144606771,0.7683990218515314,0.7405974738102199,0.7815613061301223,0.8051276698957724,0.7813170118300965,0.4926695200684176,0.8335931899962774,0.8995857328307192,-1.4209033613445379,24.905179509876422,-27.7469862325655,9.894257703081234,0.0,0.12750240842480995,0.12773647338673877,0.16737012409628946,0.24318329896767363,0.25383048555938975,0.22165543695952708,0.20365500402382156,0.226730180569421,0.1274918642517096,0.06560417851853952,0.06539356577855399,0.6612809315670793,0.49979833058407336,0.7865354210999207,0.6975090406161369,102.44942491481952,3.4086292306083537,2.0006539602054088,4.59043680370739,3.9772130296884467,3.704558715319616,4.341013397256225,5.017155466573315,4.795715399123092,1.372229676664737,6.451080650572681,8.08043191869256,0.9998999834118364,0.025986744557922964,0.1882259796225326,7.243153214510362,,-0.922721162401302,17.614940388505808,0.06166289166969954,0.852671414481085,-0.938337113161127,16.51836395263672,0.21656459134855552,0.6768625476237117,-0.7834354070600846,44.52127456665039
conv15e_conv_control_s42_l0,28.906259536743164,0.6232614605228983,0.9259763315547607,0.6129032258064516,0.9734904270981967,0.5900621117975773,0.6375838926131706,0.967789165446087,0.9914473684210526,0.06893015869953219,0.8635235143599046,-0.06747150428241433,0.711598821464456,0.8163493484769349,0.1638625841587782,-0.08155132775430995,0.7185897862497456,-0.0020750379927230245,0.07298565644810644,0.5387188724671511,-0.00040542010831707924,0.07222653923850346,0.7111335541054002,0.0,0.0,0.9998999834118364,-0.002305037816305685,0.08084776876438854,0.7891594523040367,-0.0021933174525490522,0.11941668653775252,0.7675396568783406,-0.0012398289564316337,0.01937080950759654,-0.021850467420459808,0.12562010888693756,0.739126071340517,-0.001144402230985919,0.11006773426595302,0.7837366295382386,-0.0005805238217027615,0.09952957763940523,0.8075524211106013,-0.000878646436531921,0.09740953731493429,0.7830927590151969,-0.0005881363882145641,0.07187221201475193,0.4963670749624637,0.0018366600086920845,0.037560017950350556,0.8364273255410714,-0.0017545947390678735,0.03745573760730642,0.9019160085749537,0.31697976463415567,0.7386807280839629,-0.4666243113431276,0.24104234527687296,1.1784621086793032,-2.1117107313655583,0.7389611777763406,0.9038912330047333,0.5692307692220118,0.1528925619828393,0.9856850715741382,0.0,0.07222653923850346,0.07298565644810644,0.08084776876438854,0.11941668653775252,0.12562010888693756,0.11006773426595302,0.09952957763940523,0.09740953731493429,0.07187221201475193,0.037560017950350556,0.03745573760730642,0.8107027626689751,0.7889490869073724,0.8184493876607865,0.7437970315472536,0.6237607871510102,0.8109508800386765,0.7739615819104956,0.7973805144907384,0.5943463233125089,0.4480233307118973,0.5447803178086321,0.37300257331161757,0.16031432819903368,0.4272587455783128,0.9998999834118362,0.2071666823152783,-0.17413645180417706,0.34025841410895036,0.24418653878520583,0.27146528081633814,0.31587192213080695,0.3317890923561083,0.2756924045877842,-0.13609404906257763,0.4339882226884825,0.6970152720632703,0.44607314386032676,0.4451873585517631,0.8403902380856321,0.9998999834118362,0.7885205721359585,0.6297972054532313,0.8680383513839173,0.8507823365132481,0.8208305108092819,0.8647185464444933,0.8904369993148684,0.8733218662218575,0.5487150558897409,0.9070257493019067,0.9428502608615175,0.9331633202520009,0.9998999834118362,0.9497065926310154,0.9388896084258588,0.9704281867698703,0.9644206259684126,0.9573987273289823,0.9695807533711147,0.9766660602724336,0.9772178055039281,0.9145801406228546,0.9843187387616532,0.9857679871468997,0.9998999834118364,0.7111335541054002,0.5387188724671511,0.7891594523040367,0.7675396568783406,0.739126071340517,0.7837366295382386,0.8075524211106013,0.7830927590151969,0.4963670749624637,0.8364273255410714,0.9019160085749537,-1.5993872549019608,23.565239554188896,-26.764014063992814,9.802118347338936,0.0,0.12769267665626885,0.12860419938836112,0.1677478030695056,0.24190077567509816,0.25354868849775375,0.22374639612142277,0.20380390066521623,0.22684962511492263,0.12749574510439451,0.06567491072782929,0.06525518690181334,0.6607181388922609,0.5051143418865865,0.7854284279268882,0.6916116464265468,102.44942491481952,3.3752131318279854,1.893829800903721,4.503675145539062,3.931391244600206,3.646586156266532,4.239280967375061,4.9471550733361855,4.73669125672291,1.342052443217428,6.396346139047297,8.034103796824585,0.9998999834118364,0.025986744557922964,0.22115127517720162,8.510156636746535,,-0.9169246553474386,17.601339588366805,0.0669608759832653,0.8511241844550063,-0.9330391203952376,16.233009338378906,0.23922165247631966,0.647210703852538,-0.7607783461547613,38.24030685424805
conv15e_del_wave_ce_s42_l0,29.920637130737305,0.6262758561633505,0.9254309681265375,0.6426229508196721,0.9750244857977596,0.6282051282011013,0.6577181208009549,0.9716935090283203,0.9906578947368421,0.06728387108793663,0.8543949831912879,-0.07197790522429826,0.702190765891835,0.8118429475350509,0.1656334443638722,-0.0831622687007002,0.7169788453033553,-0.0009031737166547694,0.0726361058844796,0.5440290754370263,0.000801223369546331,0.07218314468106045,0.710009967317642,0.0,0.0,0.9998999834118364,-0.002199156443091197,0.08059650860962925,0.7891189136923676,-0.002153755024421664,0.11898634896886923,0.7691922291050436,0.00046367220682817464,0.01985045522908901,-0.018923110815432662,0.1258341982457865,0.740160814582538,-0.0016154147082586836,0.11033039541878537,0.7829766692381487,-0.0003953900719032967,0.1000095801395025,0.8065272373170869,-0.0018614076236847762,0.09765362274733239,0.7828700862248863,-0.0003352721607055412,0.07166266288218305,0.5005801540316703,0.00046932605211346914,0.03730235111368794,0.8374115506430788,-0.000960995427220353,0.037383651392957,0.9005731347993721,0.30551804918853964,0.7348696107759132,-0.46617582075986536,0.23102310231023102,1.1924128147891608,-2.1247644563088914,0.7420951341589291,0.9031352363121651,0.5737704917938726,0.14462809917295608,0.9867075664616632,0.0,0.07218314468106045,0.0726361058844796,0.08059650860962925,0.11898634896886923,0.1258341982457865,0.11033039541878537,0.1000095801395025,0.09765362274733239,0.07166266288218305,0.03730235111368794,0.037383651392957,0.8111593233707741,0.789496059907038,0.818533059159397,0.7459762114240266,0.6267748389611492,0.809878129004481,0.7750825620548836,0.7979524470817584,0.5955350732991741,0.4502504798918151,0.5438540105723206,0.37239136330935124,0.15096320367202787,0.42659430190518255,0.9998999834118362,0.1921697874599006,-0.18483103205360832,0.32124881148011086,0.2965500030380122,0.2778182994670971,0.3139581529511715,0.31753737835687046,0.27296378981733094,-0.14018309731127818,0.4327127376845452,0.673025946297018,0.45598924109132966,0.44472532721639046,0.8401162479614837,0.9998999834118362,0.7879581675721918,0.6343876764203458,0.869648658782463,0.8519456758982418,0.8250109642371956,0.867771635346676,0.89043220305896,0.8732635978754367,0.5618362400554064,0.9056091915338912,0.9422897688741507,0.9330978555517802,0.9998999834118362,0.9500559138693028,0.9405140733206323,0.9711194130057513,0.9646962041122029,0.9590066413911695,0.9699406988658734,0.9763787020099147,0.97739536928084,0.9095872196189301,0.9842841396204516,0.9859724355665875,0.9998999834118364,0.710009967317642,0.5440290754370263,0.7891189136923676,0.7691922291050436,0.740160814582538,0.7829766692381487,0.8065272373170869,0.7828700862248863,0.5005801540316703,0.8374115506430788,0.9005731347993721,-1.354481792717087,23.301777448883943,-26.01074103431812,9.622619047619049,0.0,0.12764767817630324,0.12823857640925615,0.16732929246384287,0.24174410751347425,0.2552636891127961,0.2243180614300219,0.2048959802570742,0.22742329574883433,0.12740311799660958,0.06562968146450628,0.06553550619463423,0.66440407973962,0.5069224717104462,0.7902207713464603,0.6960689982230427,102.44942491481952,3.378243725591283,1.9346980312473092,4.544544541807839,3.949535244233474,3.648207827962962,4.20081332861824,4.909630758276193,4.722469383131397,1.352776174456222,6.439870333556231,8.066641564809565,0.9998999834118364,0.025986744557922964,0.2564083185102741,9.866888408121545,,-0.9216510424700594,18.546224968763262,0.06528606580422211,0.843494617173323,-0.934713936319944,15.27241039276123,0.23189994261445776,0.6375274228227532,-0.7681000569893511,40.97431945800781
conv15e_ssl_log_magnitude_phase_sin_local_gated_add_s42_l0,30.897857666015625,0.6257217335560992,0.9231938316612132,0.617363344051447,0.9739685658148458,0.5925925925889346,0.6442953020090987,0.967789165446087,0.9905263157894737,0.06873923010613409,0.8561170586836301,-0.06951475009524899,0.7049060383280846,0.8143061026641002,0.158332838366429,-0.08102306280491256,0.719118051199143,-4.340020143369512e-05,0.07275613471596627,0.5387942371758392,0.0011961214813248893,0.0720426362167316,0.7128197411425395,0.0,0.0,0.9998999834118364,-0.0021828574242122424,0.08047468926332349,0.7894607057492782,-0.0014231917566807034,0.11886524709638768,0.7694679795685136,0.00046338731454756025,0.019787941304147436,-0.018861166675052315,0.12581015425944225,0.7407521718232554,-0.0011990826110321816,0.11017774052109898,0.7830063009587115,-0.000894298656427224,0.09979772308413513,0.8053680567316807,-0.0014484791041769285,0.09754984194059996,0.7823607357845981,-0.0002199487962273742,0.07164555101559877,0.50218974054662,0.0019376675620970463,0.03758862967640735,0.8365760487821593,-0.0012876362110428815,0.037506412726785225,0.9010072705656264,0.31851553677159183,0.7448051344454022,-0.44887590569337044,0.22149837133550487,1.203869745319884,-2.101621556706625,0.7358489234814375,0.9024847632438339,0.5230769230688758,0.14049586776801448,0.9841513292428506,0.0,0.0720426362167316,0.07275613471596627,0.08047468926332349,0.11886524709638768,0.12581015425944225,0.11017774052109898,0.09979772308413513,0.09754984194059996,0.07164555101559877,0.03758862967640735,0.037506412726785225,0.8112452870922768,0.7902405583258394,0.8187094527297767,0.7462064882365411,0.6263310746396044,0.8093454419070994,0.775231331577391,0.7984467989607335,0.587263817659016,0.43404123998581084,0.5487362741610488,0.37412535360166727,0.16702703529012905,0.4266918002159239,0.9998999834118362,0.19849502323891494,-0.1820125751989466,0.33891444850374763,0.28704727386614665,0.26910407788156576,0.2766986548697402,0.32315063173638653,0.27739581587588424,-0.12105576977936433,0.43814093398575615,0.686045351885018,0.45373536203535825,0.4362163945543826,0.8403035746431177,0.9998999834118362,0.7956267051524321,0.6321254347611325,0.8680791883119404,0.8471387109027219,0.8218034802989119,0.8690291625418091,0.8938879281845773,0.8713782441343241,0.5593605770144285,0.9060833066241922,0.9432840988839637,0.9330814671114728,0.9998999834118362,0.9513849567255053,0.9408801470813379,0.9709204965839412,0.9655080606422557,0.9584586231412017,0.9702629168445143,0.9785830633474148,0.9772105862317839,0.911713740480159,0.9836647871469913,0.9857832839479997,0.9998999834118364,0.7128197411425395,0.5387942371758392,0.7894607057492782,0.7694679795685136,0.7407521718232554,0.7830063009587115,0.8053680567316807,0.7823607357845981,0.50218974054662,0.8365760487821593,0.9010072705656264,-1.6049719887955183,23.765850094171416,-26.975794071762454,10.0078081232493,0.0,0.1274175279397842,0.12847709816043115,0.16710544862504687,0.2410521894331635,0.25424570593347695,0.22406290613255417,0.2046364505922282,0.22716696066488867,0.12721455791553005,0.06579238274831879,0.06542890815556368,0.6641123187059084,0.5077075782359163,0.7877041968603095,0.696925178243836,102.44942491481952,3.3818788555970953,1.8979302972364844,4.550275963726496,3.979350746470986,3.641112072389271,4.229301938748396,4.938923155798,4.718447001505573,1.3501821376858127,6.368055848179084,8.036165313878884,0.9998999834118364,0.025986744557922964,0.24847921353415556,9.561767285569086,,-0.918830579443371,19.38529954900046,0.07334316741286245,0.835306820815996,-0.9266568315726825,13.090595245361328,0.23759611091662688,0.6263638401340613,-0.7624038919989875,42.78008270263672
conv15e_ssl_log_magnitude_real_both_gated_add_s42_l0,32.58591079711914,0.6325463470312783,0.9312842080438649,0.6394984326018809,0.9768244575932067,0.5999999999964706,0.6845637583846674,0.9668130795505286,0.9913157894736843,0.0701437193690048,0.8634859255892264,-0.0685869483617465,0.7034387173484378,0.8152339043976027,0.15864857348303,-0.07974216472316087,0.7203989492808947,0.0006640168820213841,0.07255349712526551,0.5445961809901362,0.0014678921964850521,0.07212590348377891,0.7115824214058839,0.0,0.0,0.9998999834118364,-0.002026370186643503,0.08070703898408159,0.7891084439493222,-0.001705589537215708,0.11934474094442148,0.7687195539418884,0.0003981373611515349,0.019976762665151616,-0.019180487942848545,0.1256719048628688,0.7412031864183174,-0.002750521195513734,0.11032870062731248,0.7834457180455662,-0.0021332917870722948,0.10004825091373608,0.8048449892241947,-0.0026448270127178617,0.0976412701546684,0.7824444959407554,0.00024856709679800683,0.07157360053360684,0.5005318358482488,0.00025167761411804245,0.037502049019916314,0.8375464717659077,-0.00171605549314949,0.037377915318376385,0.9014311324905855,0.3073150157229647,0.7391307103381839,-0.42562652754933894,0.24358974358974358,1.2314891432618233,-2.082742198360501,0.7251003868314398,0.9041353383454398,0.5428571428493877,0.1570247933877809,0.9836400817990881,0.0,0.07212590348377891,0.07255349712526551,0.08070703898408159,0.11934474094442148,0.1256719048628688,0.11032870062731248,0.10004825091373608,0.0976412701546684,0.07157360053360684,0.037502049019916314,0.037377915318376385,0.8109887029242683,0.7900266057295536,0.8183276520427981,0.7456691492362113,0.6264827463989742,0.8093660882514482,0.7752154822833054,0.7977171421277035,0.5888192326568937,0.4575921624964475,0.5527301675877906,0.37937330728101587,0.1542498973360287,0.4130822128771131,0.9998999834118362,0.19347297694990945,-0.16088760035860353,0.34542919525497906,0.28496312455385947,0.27204629891164067,0.2972333113166694,0.3219137895509521,0.27722670048431064,-0.14656823045540585,0.44824439065077404,0.7000811588067453,0.44962989838593614,0.4386439207564798,0.8413067141589469,0.9998999834118362,0.791950867638513,0.632980909815499,0.8672847681708414,0.8501889823901208,0.8211130365182019,0.8664616031418524,0.8904764987854192,0.8723741118276596,0.5621227819667688,0.906019338123297,0.9425132579331719,0.93241794276573,0.9998999834118362,0.9505861588720032,0.9397330358300293,0.9709704261737409,0.9643426203256339,0.9589105188198644,0.9700834872481153,0.9776782267311495,0.9773589216921627,0.9138715784173916,0.983833096482545,0.985627344047349,0.9998999834118364,0.7115824214058839,0.5445961809901362,0.7891084439493222,0.7687195539418884,0.7412031864183174,0.7834457180455662,0.8048449892241947,0.7824444959407554,0.5005318358482488,0.8375464717659077,0.9014311324905855,-2.0541141456582634,23.284063911316235,-27.392292202632763,9.925717787114845,0.0,0.12781402779676634,0.1280540697177812,0.1672604151079699,0.24226836779279767,0.2542957409761416,0.22437284760710094,0.20562466169716745,0.2274559042706087,0.12703526007990715,0.06575184392432265,0.06541536974704433,0.6638285453608702,0.5090122862723646,0.7868554214159083,0.6956179258894274,102.44942491481952,3.3826920194158894,1.9371135915486573,4.527489109532497,3.96608924529411,3.659231278465933,4.221185353903148,4.924887247596718,4.738239827241952,1.3545565552944454,6.406167432332492,8.085806547899903,0.9998999834118364,0.025986744557922964,0.22376447955868548,8.610715761230175,,-0.9125739151215287,20.862496224143886,0.07208152553010008,0.8255140313546034,-0.9279184713919459,27.166515350341797,0.24593375102126588,0.6146822743307451,-0.7540662466034873,50.64151382446289
conv15e_tf_sc16_cy4_s42_l0,32.90620040893555,0.6394338611856711,0.9282593244044401,0.6375,0.9768130241731737,0.5964912280666872,0.6845637583846674,0.9663250366027495,0.991578947368421,0.06943669230226547,0.8455836764182131,-0.07361107977100179,0.6979157540175119,0.8102097729883474,0.1625206097960472,-0.08086465464250425,0.7192764593615513,-0.0015726684363946606,0.07261459249942771,0.5433080095185193,0.0015908774726236246,0.07188963873960151,0.7121504136072615,0.0,0.0,0.9998999834118364,-0.0015748119323878472,0.08064295804444035,0.7898990198910123,9.856125913233944e-05,0.1189134862094254,0.7696112442512241,0.0002687933824976729,0.021270311474564978,-0.020732724709569633,0.1252546898162394,0.7419950472142476,-0.0010718712560618758,0.11019652674564209,0.784459449539866,-0.0020803244090495765,0.09985058044399076,0.8063903151407653,-0.0028525515700116633,0.09733616026431122,0.7829480168805929,-0.0010439647892977232,0.07143894483825108,0.5047705019894222,0.0007720062253942293,0.0376165529171312,0.8379771756528729,-0.00344380775519006,0.037326114170735246,0.9014895444619438,0.32244602530835564,0.7443868410823236,-0.39946140160246724,0.2616822429906542,1.2425865601451447,-2.041509363350079,0.7148463734141252,0.9056158565356746,0.5316455696135235,0.17355371900754732,0.9810838445802755,0.0,0.07188963873960151,0.07261459249942771,0.08064295804444035,0.1189134862094254,0.1252546898162394,0.11019652674564209,0.09985058044399076,0.09733616026431122,0.07143894483825108,0.0376165529171312,0.037326114170735246,0.8119545166980967,0.7906996241363432,0.819275696392438,0.7478282316525207,0.627097995562514,0.8104444358139722,0.7757543876731007,0.7984944934224391,0.590359721557851,0.4566156260955698,0.5583107711277143,0.3828835827429263,0.1668023217076761,0.42811034355985156,0.9998999834118362,0.19029132104562202,-0.15258615806849876,0.3435828926916716,0.26962097150890757,0.2658793839913382,0.29559240370885864,0.32830092682246453,0.2776491729455423,-0.14813460545634133,0.4350351661730593,0.6914319656533071,0.4511826038980433,0.43512023419569673,0.8420258478068642,0.9998999834118362,0.7907219730439417,0.6345852426189423,0.8691620068812314,0.8524558892334997,0.8248789574798512,0.8674737766480416,0.8924820772355331,0.8724328614075866,0.5647536951116742,0.9070947202831054,0.9433969615792547,0.9349121080783371,0.9998999834118362,0.952518069417331,0.9400214854030612,0.97252509729234,0.9651413905353465,0.9618498102959455,0.9694524420068727,0.9777114709200878,0.9783938412690483,0.9136662298602597,0.9843279180755107,0.9856824417008614,0.9998999834118364,0.7121504136072615,0.5433080095185193,0.7898990198910123,0.7696112442512241,0.7419950472142476,0.784459449539866,0.8063903151407653,0.7829480168805929,0.5047705019894222,0.8379771756528729,0.9014895444619438,-1.0232317927170869,23.872752586295217,-25.919216171729392,9.587552521008403,0.0,0.12711013659842518,0.12832795619808227,0.16752254535592145,0.24214628987816017,0.2544322928321262,0.22395510163403598,0.20429776962533816,0.22667892691020092,0.12675489625680575,0.0659268338551456,0.06516673767046455,0.6652780616479855,0.5070901708925976,0.7900410890143564,0.6987029261712288,102.44942491481952,3.3984313139514,1.9270347081132773,4.523691740719438,3.9657021080649684,3.6714956328720385,4.2309189221739105,4.919883514634561,4.758915781124096,1.3751164662281885,6.377868557211383,8.074041295936494,0.9998999834118364,0.025986744557922964,0.23863576302031292,9.182979934459569,,-0.9053442053961804,22.608352719518457,0.07786005052589108,0.8142207976225013,-0.9221399461910742,22.764019012451172,0.2423505634146091,0.6346547430997923,-0.7576494389349151,49.27916717529297
conv15e_tf_sc16_cy8_s42_l0,34.43489456176758,0.6321608222426753,0.932661537302531,0.6338461538461538,0.9772502472794375,0.5852272727239476,0.6912751677805955,0.9643728648116329,0.9921052631578947,0.0679201588274971,0.8675302742889306,-0.07113814998734069,0.7001667588465881,0.8126827027720085,0.16556666729350886,-0.08010918099637687,0.7200319330076786,-0.0014190962935909173,0.0725713172113896,0.5494937680587284,0.0007229976814552011,0.07192670080878612,0.7121120771829588,0.0,0.0,0.9998999834118364,-0.0007936163153676639,0.0807569114786784,0.789538897631495,-1.68288730194757e-05,0.1193942292067757,0.7683170948497307,0.0010504158200776875,0.021953956755504652,-0.019853125115349275,0.1255953243129146,0.7392272445969017,-0.0006154342350390352,0.1102257382979353,0.7838582835693443,-0.0008928795396938688,0.09989503960145366,0.8064337466895833,-0.0020674675725110957,0.09762313171806393,0.7830163323381824,-0.0004057585081581959,0.07150041055304705,0.5050328049792279,0.0003123783443506116,0.03739811506230614,0.8382229871677253,-0.001625657822329122,0.037300798763951135,0.9016120151198583,0.3185440135302921,0.7427622572630939,-0.40685416232241467,0.23824451410658307,1.2721838775922492,-2.0858922022370785,0.7303892528758246,0.9038189533234777,0.4935064935000843,0.1570247933877809,0.9800613496927505,0.0,0.07192670080878612,0.0725713172113896,0.0807569114786784,0.1193942292067757,0.1255953243129146,0.1102257382979353,0.09989503960145366,0.09762313171806393,0.07150041055304705,0.03739811506230614,0.037300798763951135,0.8119223302184123,0.7892671957543728,0.8186888408184165,0.7487485394204224,0.6292945819403435,0.8105483298495071,0.7769121487210923,0.7978140219656117,0.5931810297201745,0.4421739423685156,0.5445727669948806,0.3893992192094971,0.17324914815946868,0.41443016807408584,0.9998999834118362,0.19365872211469895,-0.15300177897811237,0.3246085645213342,0.28310513971736434,0.25687630544270407,0.28674812322369503,0.3248451943016506,0.2682152417481957,-0.1453296638739983,0.42691062907654403,0.6982483446504584,0.46571359857630074,0.43367802677969464,0.8421888775315337,0.9998999834118362,0.7937546268325604,0.6378551586299496,0.8689312327576708,0.8506153359004134,0.8222178124795763,0.8674212486715742,0.8918279140661045,0.8720591392133147,0.5677088848390984,0.9072786282684009,0.9435737555114705,0.9340145462027326,0.9998999834118362,0.9497073459669303,0.9393806400778995,0.9715315236568642,0.9657578379264034,0.959408292061702,0.9700979013607061,0.9779898911159911,0.9777300732175306,0.9166267792821221,0.9841448602478062,0.9857032517057238,0.9998999834118364,0.7121120771829588,0.5494937680587284,0.789538897631495,0.7683170948497307,0.7392272445969017,0.7838582835693443,0.8064337466895833,0.7830163323381824,0.5050328049792279,0.8382229871677253,0.9016120151198583,-1.284453781512605,23.943022149406616,-26.51192971243183,9.886449579831933,0.0,0.12742023871268984,0.12822556580871727,0.16783534926476565,0.2428271333639971,0.25488820600493123,0.2241047092573803,0.20501638189493698,0.2274106666174721,0.12700139197379332,0.06544897041671711,0.06531769583668784,0.6647907175770661,0.5098083973143073,0.7881019971416925,0.6964617589605366,102.44942491481952,3.4061576371748563,1.950420039963868,4.509876858000485,3.934734016583545,3.634684059350693,4.21232172589862,4.911242264125879,4.718099716050557,1.3843245105135014,6.4496430357969015,8.072032222735576,0.9998999834118364,0.025986744557922964,0.25061407491718596,9.643919218687143,,-0.9124115606867346,23.7984866474826,0.06880040415579629,0.804239201290052,-0.9311995977362307,24.566299438476562,0.2462660691439198,0.6068483179415116,-0.753733932647922,43.0638427734375
factorial_ecg_aim_1100013_s42,27.708770751953125,0.3633364155809039,0.835228184644007,0.3235294117647059,0.9458702753145376,0.5999999999890909,0.22147651006562769,0.9892630551483703,0.9955263157894737,0.055546567181966475,0.8672938700085052,-0.08359801597656857,0.6574034523823208,0.8002228367827806,0.16118240666886172,-0.06640755678505916,0.7337335572189964,0.004399148106535675,0.08294185427626,0.3337429020835856,0.0055018392835381735,0.08142921527272419,0.6340670036609836,0.0,0.0,0.9998999834118364,-0.008657695398015001,0.09390300697101155,0.6851682901790427,-0.005952254537704116,0.1510802346979547,0.6405294672238951,0.008724982395895727,0.030224260306976225,-0.01277429551518477,0.15894566785197844,0.45573039153786804,0.005387019238207319,0.13091492516123,0.6488897742670598,0.0040714784558204065,0.11105074241730652,0.7510637244839183,0.005627700791909155,0.10455060670126545,0.7391728744565538,0.0020574803333833214,0.08007254255697502,0.26084074925898115,-0.00321647664585253,0.044712456808597006,0.7803391193555713,0.005079451531879734,0.04321322265975908,0.8695836826965734,0.2829591905236267,0.7269600635467897,-0.8064130745629887,0.11552346570397112,0.9217618865965596,-2.534588035722537,0.9616511447683853,0.8955154877480834,0.45714285712979597,0.06611570247906565,0.9902862985680009,0.0,0.08142921527272419,0.08294185427626,0.09390300697101155,0.1510802346979547,0.15894566785197844,0.13091492516123,0.11105074241730652,0.10455060670126545,0.08007254255697502,0.044712456808597006,0.04321322265975908,0.7092891862235803,0.6114293082228522,0.7035023206530018,0.6093607972078412,0.4712111971351271,0.7307009348963188,0.6817516990527216,0.6882354564409444,0.43934301236453027,-0.02165433109637006,0.3026355877736205,0.14340855864109825,0.08978813865998866,0.20356826746379494,0.9998999834118362,0.010023422845428731,-0.5773555086783198,0.10662610376896167,0.10420091668141043,-0.5053834817584217,-0.21778888005028932,0.1933009836149177,0.2059797895508494,-0.32615766159423826,0.24780027434673987,0.5722538116596234,0.3711237192791528,0.27522847354877256,0.7351559774725882,0.9998999834118362,0.7277504611702927,0.4357963738983638,0.7692536664945928,0.7173883861455084,0.5761948466165756,0.7907427679788301,0.853648011492733,0.8343173531436862,0.2828488528508589,0.8757303967820222,0.9233555872319045,0.8745620625429893,0.9998999834118362,0.9120409987488174,0.9172897852201242,0.9378077009194871,0.8927123963657579,0.9218510486192839,0.9528927210790152,0.9643313626889986,0.9636647517487019,0.7645752008323989,0.9708269741787173,0.9744395579186,0.9998999834118364,0.6340670036609836,0.3337429020835856,0.6851682901790427,0.6405294672238951,0.45573039153786804,0.6488897742670598,0.7510637244839183,0.7391728744565538,0.26084074925898115,0.7803391193555713,0.8695836826965734,-6.179569327731092,20.549504348285016,-32.9086430037472,11.273932072829131,0.0,0.14304349250230183,0.14612507750172776,0.18847017755968543,0.29700411402587884,0.32257780168190875,0.26420828154006365,0.22079744274673527,0.23439456037164214,0.14244956349972038,0.07568885457706007,0.07540605290138393,0.5828061921416368,0.40394574283343065,0.729315671446428,0.6151571598656916,102.44942491481952,2.2146645194625694,0.6016654455606549,2.9350430353379995,1.820125548544982,1.3973499950517736,2.566958550539983,3.642579015329837,3.7556364801867472,0.2730757079986413,4.699011604860071,6.37126578028752,0.9998999834118364,0.025986744557922964,0.838383663403034,32.26197222481457,,-0.9175693667780187,37.38872500180653,0.081610717834226,0.7216225528085818,-0.918389284413081,19.740209579467773,0.23071257274810517,0.5821887632236071,-0.7692874278688436,33.79994583129883
factorial_ecg_aim_1100110_s42,27.579832077026367,0.40086501616366377,0.7919790632850859,0.4426229508196721,0.9548264384208489,0.5684210526255955,0.36241610738011804,0.9799902391405662,0.9931578947368421,0.06326977219132165,0.8773920375419354,-0.07897538326784548,0.6970601375434354,0.8048454694915037,0.18587789498269558,-0.07882166312716044,0.7213194508768951,-0.0012307983995403949,0.0818568598466641,0.31817695318616634,-0.002002334023476766,0.0806370001012513,0.6231710460234943,0.0,0.0,0.9998999834118364,-0.0014261241548972415,0.09804399123882317,0.5637847791892935,-0.0013611812378026048,0.15642006684939905,0.5700571255527355,2.974545543951234e-05,0.010552413412890291,-0.010492922502011268,0.15968434004013946,0.4582192875705824,-0.0008176286424970978,0.13031480167372836,0.6535931791527758,-0.0018985059836253784,0.11038056481740481,0.7485982729334236,-0.0009930525729974758,0.10385276844248265,0.7372304508873326,-5.7333498951577064e-05,0.08375245766839436,0.270934565138018,-0.0016516760820283777,0.04170818545288832,0.7839733080226317,-8.725083744399181e-08,0.04132530870814795,0.8738069449977988,0.27154699724739084,0.7233623181057648,-0.8799215403758511,0.09701492537313433,0.8607071692937143,-2.6205502500454165,1.0120144781925264,0.8945672191524426,0.4999999999807692,0.053719008264240836,0.993353783230576,0.0,0.0806370001012513,0.0818568598466641,0.09804399123882317,0.15642006684939905,0.15968434004013946,0.13031480167372836,0.11038056481740481,0.10385276844248265,0.08375245766839436,0.04170818545288832,0.04132530870814795,0.6957714389588039,0.5975403748640032,0.6810162863828463,0.6529397574602578,0.4676916264126852,0.7314144504809299,0.6882540403693763,0.5912046690969298,0.4052250314872855,-0.00902346362705797,0.273942824770899,0.33413293371833025,0.11314033001645317,0.19180511417551885,0.9998999834118362,0.024303669545254012,-0.5915175752413083,-0.1458731168508939,-0.021551701924274184,-0.5160574363516517,-0.22205919832176152,0.1785767465740994,0.1887404440013132,-0.4314630040523259,0.21847695561468738,0.5998881196081346,0.38444113395921214,0.11056665636515402,0.7242348301212244,0.9998999834118362,0.7053049613860036,0.42520509065557766,0.6677610469968129,0.6497345276578879,0.5751678258643593,0.7938600126968378,0.8523211262386101,0.8380312450011137,0.339655513543078,0.8860825310737523,0.9281234477193396,0.883535464977059,0.9998999834118362,0.9102873286584465,0.9092489141198653,0.9324284631509965,0.8726737537913539,0.9202161816286965,0.9572198942378798,0.9670943362354693,0.9677153132940975,0.7699754259899808,0.9805573602084424,0.9801673223948792,0.9998999834118364,0.6231710460234943,0.31817695318616634,0.5637847791892935,0.5700571255527355,0.4582192875705824,0.6535931791527758,0.7485982729334236,0.7372304508873326,0.270934565138018,0.7839733080226317,0.8738069449977988,-1.5450105042016806,27.02243805865766,-30.11245906706102,11.155829831932772,0.0,0.14297012890606461,0.14668049687798793,0.19863671600921418,0.30660815298358807,0.3217855793060234,0.26242210535726457,0.21938708672265447,0.2338308149755161,0.15067780468968897,0.07347367250068286,0.07241274263470888,0.5400698871810266,0.31602213586319367,0.6958911646509033,0.6082963611097767,102.44942491481952,2.215098784449276,0.5506507953654088,2.140642777077305,1.3201020249235462,1.4679336601579516,2.7597311168533127,3.8340294600305618,3.861101685764902,-0.13185314051728664,5.2547159821095075,6.991851362489629,0.9998999834118364,0.025986744557922964,0.5752680178282198,22.136978120095122,,-0.923755316162029,29.062003537028087,0.07393632404912263,0.7648668083606909,-0.9260636769707098,24.74797821044922,0.23597948075713004,0.6056217587536366,-0.7640205179298681,20.73162841796875
factorial_ecg_aim_1100111_s42,34.682456970214844,0.5207795991801205,0.8885968273932939,0.5259259259259259,0.9624458353389685,0.5867768594992828,0.47651006711089594,0.9755978526105537,0.9911842105263158,0.0626500818593007,0.8557426744197286,-0.08946304036185337,0.6579000132510747,0.7943578123974958,0.18217708418766657,-0.06956628019456834,0.7305748338094872,0.001393266299509754,0.08480456245711585,0.2857475792118007,-0.0009782045622130687,0.08037596274107298,0.6234677562035422,0.0,0.0,0.9998999834118364,0.003243849213468242,0.09481258295092951,0.6887083756207752,0.0019313748108339913,0.1582726631022687,0.38781020523042475,0.0016287641913658444,0.01216084203858354,-0.008903313655851851,0.1582472693165947,0.4525894643721931,0.0010353461445718824,0.13257479841053924,0.6175570562948697,9.514859993060768e-05,0.11048426395859336,0.7429558398092321,0.0006230200856473224,0.10402840128979132,0.7375313952622194,-0.0013189539722893114,0.0801866707430842,0.2511310890106346,0.0015245460119526757,0.04549426388239073,0.7588831332741219,0.004469833274730481,0.04315535661884119,0.8682309421774353,0.2545251548576253,0.7132408862749074,-0.7589395050575086,0.12903225806451613,1.021523126096806,-2.5394021362118235,0.9466480934361116,0.8963442850528013,0.48648648647333825,0.07438016528894885,0.9902862985680009,0.0,0.08037596274107298,0.08480456245711585,0.09481258295092951,0.1582726631022687,0.1582472693165947,0.13257479841053924,0.11048426395859336,0.10402840128979132,0.0801866707430842,0.04549426388239073,0.04315535661884119,0.6822926630342002,0.5162357157410753,0.6619957463772416,0.5969701941274385,0.45673356816653216,0.7184827928007392,0.6704224726226837,0.5898899290853565,0.3919156684516352,-0.2333670996621297,0.18409384692879832,0.13639825429670943,0.09313976799676506,0.1840207291843678,0.9998999834118362,-0.09819898674992715,-0.6514148327451935,0.18070191842405312,-0.2978223778910388,-0.5226473429200262,-0.2961392767979581,0.18125028364124746,0.18203393749150124,-0.35927668254747386,0.14613451858014576,0.5903724044058483,0.34703182099643776,0.1958293522875146,0.7105891594404692,0.9998999834118362,0.7322713729890448,0.39520487047404634,0.776870643641497,0.45733558522889173,0.5869074792316291,0.7716083916136423,0.8530262145984213,0.8386220084805001,0.2794043082946527,0.8640250923159749,0.9225562500598771,0.8721154518767077,0.9998999834118362,0.9273374642470021,0.9161437720333155,0.9241801477554382,0.8432920347382206,0.9167895533177968,0.9562254631525045,0.9679247309875317,0.9676476822121742,0.7390295215982442,0.9748231775089543,0.9764669866686819,0.9998999834118364,0.6234677562035422,0.2857475792118007,0.6887083756207752,0.38781020523042475,0.4525894643721931,0.6175570562948697,0.7429558398092321,0.7375313952622194,0.2511310890106346,0.7588831332741219,0.8682309421774353,-2.8127801120448175,23.403477477234333,-29.029037701323965,10.54439775910364,0.0,0.14515628047122062,0.1531630470070372,0.1965594962350056,0.3232645036658919,0.31966382073021626,0.269846027777701,0.22042333576236373,0.234011787215684,0.144665710334021,0.08093659779150812,0.07641719574352038,0.5783793263579197,0.3855442582728264,0.719742921997561,0.6298507977861155,102.44942491481952,2.3256895355152207,0.16378027272519688,2.6662334628730577,0.8734719171144117,1.4288728930408237,2.4066698006339275,3.7530674034116136,3.802000975328924,0.2254549116975691,4.154120307467454,6.613548509003751,0.9998999834118364,0.025986744557922964,0.7429077270646706,28.587947860141696,,-0.9202124654876146,28.276907659949412,0.08017107750690262,0.7683941769089903,-0.9198289209630413,14.23676586151123,0.2320604173503719,0.5898124856305271,-0.7679395837451043,31.17184066772461
lean2_D_boundary_s42_l0,27.229459762573242,0.6057383265064417,0.9248626765061365,0.6235294117647059,0.9785749875431098,0.5549738219866232,0.7114093959683798,0.9585163494382828,0.9889473684210527,0.06993207792871661,0.8676154303831599,-0.07127155750763547,0.6857028458478934,0.8125493597152404,0.17597641299168268,-0.09813014787009611,0.7020109661339594,-0.0004537678543062749,0.06772348622872015,0.5975973579468675,-0.0002243209404977118,0.06889787407550198,0.7262440850717402,0.0,0.0,0.9998999834118364,-0.000921398950291374,0.07922773414212528,0.7919201791501739,0.0003240627436398933,0.11708090845576986,0.7733743011276791,0.00012115906306421014,0.01673503382543247,-0.01649271569930405,0.1222174020771378,0.7445088777360369,5.377615853036724e-05,0.10662742099598839,0.7860445378073815,0.00010318973964707844,0.09690048329875196,0.8108089862087774,6.654483982207459e-05,0.09565006820874677,0.7869866547291907,-0.00040238171421007237,0.06726199082827394,0.5423025847704946,5.9369574776198784e-05,0.03533037815175178,0.8504694153736886,0.0012712896071932335,0.03557946170188313,0.9065034123587835,0.34896444692590645,0.7825571667596207,-0.4072077584439883,0.15172413793103448,1.1050539244590414,-1.9194694413470181,0.6591601253881091,0.8976744186042337,0.45833333332378473,0.09090909090871525,0.9867075664616632,0.0,0.06889787407550198,0.06772348622872015,0.07922773414212528,0.11708090845576986,0.1222174020771378,0.10662742099598839,0.09690048329875196,0.09565006820874677,0.06726199082827394,0.03533037815175178,0.03557946170188313,0.8225167853980505,0.7952218909110028,0.8235781480910128,0.7694634647120387,0.6599066540358165,0.8143859635391937,0.795070193629549,0.801913074076871,0.602789192971744,0.45963285785401437,0.5583709902611418,0.4143744182497049,0.19350856243795028,0.4272203907990433,0.9998999834118362,0.22627326909823353,-0.08033731326005698,0.33748640090299625,0.28363574697599314,0.2768637619733116,0.28531187194972013,0.34411441062127246,0.2922497766806808,-0.13412864968372445,0.484131027845862,0.6970222693003489,0.4805006516463983,0.4460354082298058,0.8515353420886572,0.9998999834118362,0.8065757080827226,0.6896965370990841,0.8710185573552297,0.8539740726217642,0.8232307436863566,0.8744416523151436,0.8971878122893526,0.8784502737847445,0.6231879046357083,0.91504493590104,0.9479126372766866,0.9395504841047049,0.9998999834118362,0.9538187596204465,0.9498448213680942,0.973101660315894,0.9678991258370264,0.9609218985774979,0.9735574685189734,0.9789442763178411,0.9794086148851994,0.9310018133083134,0.9850679275598003,0.9863957703656839,0.9998999834118364,0.7262440850717402,0.5975973579468675,0.7919201791501739,0.7733743011276791,0.7445088777360369,0.7860445378073815,0.8108089862087774,0.7869866547291907,0.5423025847704946,0.8504694153736886,0.9065034123587835,-0.2757352941176471,25.587169746450137,-26.138640334685434,9.829936974789915,0.0,0.12287499492938606,0.1217225961213678,0.1653341934163367,0.23827271577219356,0.24905127269090083,0.21849805982244275,0.19987579661086813,0.22479474469596347,0.12127599183807498,0.06277836492934892,0.06278066058679313,0.6704289491214015,0.5135531163810301,0.7933258973351609,0.7044078323924562,102.44942491481952,3.8012569900644984,2.5003461595557774,4.752640800556629,4.152986207522738,3.8882498009229205,4.608319620588268,5.305585810179784,5.044581800438878,1.8694101674332548,6.920932927589501,8.496938807293654,0.9998999834118364,0.025986744557922964,0.12770918129567513,4.914396880171805,,-0.9067099382191753,18.16082836422147,0.0792699333892147,0.8410261240670579,-0.9207300670062577,24.190227508544922,0.23291663981577224,0.6982479673841169,-0.767083358666129,45.15144729614258
lean2_D_cadence1_s42_l0,28.15977668762207,0.637751391221091,0.9290257811143756,0.636085626911315,0.9777227722767438,0.5842696629180659,0.6979865771765237,0.9638848218638536,0.9909210526315789,0.06986206948697087,0.8727830991837301,-0.06637649189523687,0.6991646931248363,0.8174444253276391,0.17978248000144958,-0.11508146216514381,0.6850596518389117,0.00010925275059971428,0.06877359674047713,0.5829534562224443,-0.0008478825378742884,0.06884634003851234,0.7251474699312476,0.0,0.0,0.9998999834118364,-0.0003865724565751012,0.07923173621645477,0.7923665583960993,0.00017681739071801075,0.11702276489430653,0.7741902741584092,0.0006012351538561914,0.014680813548376841,-0.013478343240664457,0.12186887555407407,0.7435477579594304,0.0007153114201220405,0.10640783015911205,0.7875458893407328,0.00019053817780279974,0.09716722068434884,0.8082139003544758,2.295994185808947e-05,0.09589890800465385,0.7853533248686654,-0.0009932865166228338,0.06836876331760706,0.5259592949068458,3.3643233821558737e-05,0.03569467202399946,0.8486677290730462,0.0015483433649463875,0.035887164335729846,0.9054968265675126,0.3379075213792686,0.7654240396153391,-0.4265652612989106,0.15602836879432624,1.103489108059418,-1.9566196306572392,0.6699793462858062,0.898053753475024,0.54999999998625,0.09090909090871525,0.9907975460117634,0.0,0.06884634003851234,0.06877359674047713,0.07923173621645477,0.11702276489430653,0.12186887555407407,0.10640783015911205,0.09716722068434884,0.09589890800465385,0.06836876331760706,0.03569467202399946,0.035887164335729846,0.8210082931813344,0.7953291518489799,0.8236545950052014,0.7624042476675507,0.6503675057041318,0.8132735320887092,0.7900185608244684,0.8026714849339734,0.6052735346353894,0.46940079048519995,0.5573832996090659,0.40899057126336846,0.16102990138115317,0.42623678731879583,0.9998999834118362,0.21381279299904624,-0.08115643159814623,0.34037635216093903,0.28745499468532715,0.2612941501618376,0.30410107319868435,0.33357476318526447,0.2811033773975879,-0.15323371973359692,0.46870851466438823,0.6752145182058277,0.46900755192525184,0.4607167721292369,0.8501887913872894,0.9998999834118362,0.8033858342519865,0.6751229785155255,0.8746388881358308,0.8564577533034352,0.8281297840735959,0.872762386258406,0.8952148327702155,0.8763242287355826,0.5999152366431283,0.9142329085767391,0.9472199674102838,0.9397322014267707,0.9998999834118362,0.954490607450145,0.94795327685321,0.9725756094224298,0.969481428187112,0.9636665079747315,0.9738119556392378,0.979562457797701,0.9794826515405057,0.9274498688183582,0.9847687047648235,0.9859998951080834,0.9998999834118364,0.7251474699312476,0.5829534562224443,0.7923665583960993,0.7741902741584092,0.7435477579594304,0.7875458893407328,0.8082139003544758,0.7853533248686654,0.5259592949068458,0.8486677290730462,0.9054968265675126,-0.05504201680672276,25.245359137701023,-25.35544317131447,9.681547619047619,0.0,0.12319014529781634,0.1226478450586132,0.16546096433021648,0.23790680581705526,0.2475800878911359,0.21752293495864242,0.20090500765283598,0.22511268075534197,0.12235697713392178,0.06318531074249482,0.06322989989120269,0.6732957314506841,0.5171932917210066,0.7956373407845895,0.7070565601290368,102.44942491481952,3.7892810671442465,2.402229136581101,4.769520021053549,4.157778277638049,3.91837929230919,4.591999880820468,5.277987064237618,5.005967239666054,1.764475745895515,6.836315864736035,8.425528440022573,0.9998999834118364,0.025986744557922964,0.15565576297527442,5.989813638969399,,-0.895313171306873,20.317446389596572,0.10133548406970377,0.8179435861269297,-0.8986645111043661,26.460451126098633,0.23878626885174073,0.683816231508051,-0.7612137362023844,48.861488342285156
lean2_D_cadence4_s42_l0,24.275075912475586,0.6038203436780017,0.919520407728766,0.6265060240963856,0.9776674937960409,0.5683060109258563,0.6979865771765237,0.9614446071249578,0.9898684210526316,0.06707861278987219,0.871078504807323,-0.07216536707046428,0.6972496460763207,0.8116555501524116,0.176979115853707,-0.09024545889736546,0.7098956551066901,-0.0008784930065810713,0.06815000520169628,0.5922102446915052,0.00011062614673481815,0.06932600998329143,0.7197078865986726,0.0,0.0,0.9998999834118364,-0.0005481730210853027,0.07978718287969551,0.7895482478331486,-0.0007499981666571422,0.11805434317966526,0.7718568288017877,-0.0004505791089263575,0.014082053398825246,-0.01498321161667796,0.12315317165782853,0.7443448390932067,-0.00010407814805292459,0.10710711246741157,0.7870204904126564,0.00011834731166886885,0.09769631198956957,0.808316806295846,-0.0004107012808790979,0.09608154376541234,0.7843415983755354,0.0002871381431095155,0.06804701037992232,0.5315209429062638,-9.052468259247064e-06,0.03578451665573889,0.8478466411115879,-0.0006379089056542064,0.035715044698675015,0.9057655784837116,0.3546702790445041,0.7797305176697257,-0.44644219694079973,0.12546125461254612,1.0623222344613537,-1.955206628342953,0.6703593762346259,0.8962655601655619,0.5862068965315101,0.07024793388400724,0.9938650306743385,0.0,0.06932600998329143,0.06815000520169628,0.07978718287969551,0.11805434317966526,0.12315317165782853,0.10710711246741157,0.09769631198956957,0.09608154376541234,0.06804701037992232,0.03578451665573889,0.035715044698675015,0.8194159150959888,0.7938826328042664,0.8213473526141846,0.7633771639926222,0.6530631046553907,0.8127582655240789,0.7908113491584945,0.8000993775958033,0.5987253383981106,0.459450755022184,0.5499719539061938,0.4081062002413056,0.15945668080571893,0.42016933575904986,0.9998999834118362,0.1857250378047246,-0.09927300545293821,0.32812980711658507,0.2848643790770435,0.2769104859553279,0.3168067987033498,0.3272527885805531,0.2716673921183942,-0.14501717753680368,0.4756164285332448,0.692060358491942,0.47280570070501543,0.4420080676297552,0.8491643396659354,0.9998999834118362,0.8022627047509396,0.6933269245099735,0.8688128557337752,0.850794077992683,0.8219243170903124,0.8740362468477024,0.8939652749069842,0.8761651159488022,0.6090582052903957,0.9145689305670357,0.9469554400283914,0.938351597807855,0.9998999834118362,0.9520299547283929,0.9490134731077466,0.9732129848875892,0.9669960640834148,0.9608420924670065,0.9716191073315753,0.9795385865453669,0.9785435246150544,0.9251648476200685,0.985480645359713,0.98644366340367,0.9998999834118364,0.7197078865986726,0.5922102446915052,0.7895482478331486,0.7718568288017877,0.7443448390932067,0.7870204904126564,0.808316806295846,0.7843415983755354,0.5315209429062638,0.8478466411115879,0.9057655784837116,-0.22200630252100836,25.209521289958243,-25.653533895000262,9.787447478991599,0.0,0.12379922381300897,0.12315360066598154,0.1657026200851403,0.23976884255956085,0.2505555491938336,0.21832554837909451,0.200796271700422,0.22514547364858986,0.12241869379981338,0.06346544808506496,0.06300829888717797,0.6592326826770746,0.4959061004518511,0.7881792206528496,0.6936127229566955,102.44942491481952,3.757716370832028,2.4764339727715945,4.734246187076648,4.101254453079139,3.8422037130419175,4.579568775783739,5.2422855655215965,5.01472537513928,1.8217742994054396,6.825278585907703,8.49095303101935,0.9998999834118364,0.025986744557922964,0.12058033159242376,4.640070505314224,,-0.9217537960170843,16.693625467296865,0.06664706631122899,0.8572477503284124,-0.9333529342008698,19.189088821411133,0.21535136331710308,0.7290856876129187,-0.784648640047951,40.90100860595703
lean2_D_fiducial_s42_l0,26.827714920043945,0.6182695112066429,0.9305865359104621,0.636085626911315,0.9777227722767438,0.5842696629180659,0.6979865771765237,0.9638848218638536,0.9890789473684211,0.07142003509967078,0.8622074865889374,-0.07105280404959613,0.6868144166915034,0.812768048709753,0.18196667109926543,-0.0944773750645359,0.7056637389395196,0.0007159673261844992,0.06869011016745846,0.5831916353591736,-0.0005513076110396176,0.06892936271776744,0.7246278801699312,0.0,0.0,0.9998999834118364,-0.0005924465899689248,0.07912344235428923,0.7928074162877548,-0.0001766937346147361,0.11692151643253645,0.7751668699540182,-0.000371272938753391,0.014101732589446718,-0.0148442784669535,0.12207258855004427,0.744948500118906,-8.662742578030988e-05,0.10627546735500516,0.7866484155246215,-0.00034195751952252693,0.09685475968723825,0.8117931032839659,-0.0004527434219735197,0.0956239882641549,0.7869258874006483,-0.0005044772848660608,0.06802507172987916,0.5314051058395765,-0.001719146856368478,0.035671449117316845,0.8484082821221602,0.0008549151660919877,0.035829705462030584,0.9051797401622196,0.3599138561093059,0.7812473592590714,-0.4334872541693495,0.1423487544483986,1.0644078605946874,-1.9313823689333864,0.6622630438415193,0.8971746178782319,0.5128205128073636,0.08264462809883205,0.9902862985680009,0.0,0.06892936271776744,0.06869011016745846,0.07912344235428923,0.11692151643253645,0.12207258855004427,0.10627546735500516,0.09685475968723825,0.0956239882641549,0.06802507172987916,0.035671449117316845,0.035829705462030584,0.820739458552218,0.795694032460916,0.8239326492242629,0.7641264614856873,0.6510394486728962,0.8150325129043848,0.7901396035412779,0.8032279314352744,0.592956273167086,0.4645099457221726,0.5686482804308014,0.4073129637732961,0.18305542370930708,0.4308728422027208,0.9998999834118362,0.20765874390521477,-0.13259031069085284,0.3453999914660807,0.3020343973583103,0.2903155480386606,0.2973056403000688,0.34154515204572117,0.287061881247571,-0.14276449474148864,0.47346639211635655,0.6887777301594298,0.47049822433310245,0.4559902449815343,0.8514108857875959,0.9998999834118362,0.8041188742912687,0.6788621904242439,0.8740315183300791,0.851870932717404,0.8255582757199227,0.8749753770032327,0.8951646342027146,0.8749446177527356,0.6089323201298149,0.9137139299232748,0.9465148713461926,0.9388560033733306,0.9998999834118362,0.9549151829547743,0.9500932808445424,0.9732718215789263,0.9670864494207555,0.9606405596863934,0.9722317682645164,0.9793524440056903,0.979161596415888,0.9296155560475575,0.9850864319735327,0.9868095792092532,0.9998999834118364,0.7246278801699312,0.5831916353591736,0.7928074162877548,0.7751668699540182,0.744948500118906,0.7866484155246215,0.8117931032839659,0.7869258874006483,0.5314051058395765,0.8484082821221602,0.9051797401622196,-0.046691176470588194,25.69303519047928,-25.786417543420455,9.810486694677872,0.0,0.12292740676580421,0.12251666787066647,0.1649734761733849,0.237545757779838,0.24838274870085106,0.2172715227200509,0.20000401681153585,0.22486471009204362,0.12184722982602224,0.06297331000015355,0.06307293590523595,0.6710798651856533,0.5120476310469027,0.7951621247653743,0.7060298409645579,102.44942491481952,3.795198159879651,2.40949565486785,4.801564626295267,4.150330714999214,3.871741873849221,4.617396919368257,5.308529114759952,5.038125300159464,1.7974005890626414,6.8565221222392605,8.442544999834267,0.9998999834118364,0.025986744557922964,0.16295928945692884,6.2708617781207705,,-0.9130704142670767,17.64494222445705,0.07623416100951709,0.847722171665736,-0.9237658387906532,22.08312225341797,0.23797769807855135,0.693728536725417,-0.7620223020492711,40.75613021850586
lean2_D_heavy_seg_s42_l0,24.265600204467773,0.726832955404384,0.9669421487603305,0.5263157894736842,0.9827586206811831,0.41666666663194446,0.7142857141836735,0.9421487603227922,,0.10379842377733439,0.5734649122807017,-0.0877936262802651,0.6762238127369706,0.7453667998341054,0.21652993808190027,-0.028309588591947543,0.6848365665051072,0.00047339998615721237,0.0680016308279881,0.5799727060788673,-0.0009504592494845557,0.06961051842370808,0.7048704999126085,0.0,0.0,0.9998999834118364,0.00079167609132267,0.09489677392221132,0.7777739403281538,-8.871366309427148e-05,0.12521184989520923,0.7350758952778796,-0.00020624243696574875,0.013223255915910961,-0.01363574078984246,0.11380459547877474,0.7363158504904884,-0.0008832190903172847,0.10220647401741294,0.7951844487005851,0.00011242387761024579,0.10178944151950338,0.8099537867101178,-0.0008777200714998327,0.11028026285596558,0.7892336926543401,-0.0006979463152694606,0.06784785171980903,0.49562968134502694,-0.0003833372412706122,0.035459503928413155,0.846033734000934,0.0023850757021196454,0.03603671682245337,0.8972155226560636,0.277318419067973,0.8240802675585284,-0.5296414693196614,0.0,0.9271996165654546,-1.9864825552047773,0.7024395941385155,0.8968253968182791,0.0,0.0,0.9826086956436294,0.0,0.06961051842370808,0.0680016308279881,0.09489677392221132,0.12521184989520923,0.11380459547877474,0.10220647401741294,0.10178944151950338,0.11028026285596558,0.06784785171980903,0.035459503928413155,0.03603671682245337,0.8127970123370437,0.7818737710810929,0.8151563431193405,0.7511200378099602,0.6328494061815907,0.8189649045932438,0.7794418623194759,0.7825865421848961,0.5518770363320061,0.45806023559686365,0.519491423712676,0.34104330621285917,0.13732938688203147,0.4224925505614913,0.9998999834118362,0.23303529321478317,-0.07276235073204589,0.3457916891354576,0.17576221593984928,0.2941962212152273,0.29392124415990906,0.3090486119522232,0.20725994474738813,-0.2577190733718015,0.3831143565529812,0.6423326296697283,0.4219884744032409,0.4672610556814032,0.8461903414791447,0.9998999834118362,0.7992176142912826,0.6857460411464675,0.8584924574964512,0.8322075778433544,0.8181993751325598,0.885804739399177,0.9132162635259538,0.8871444647891036,0.583298814402039,0.9252161393102054,0.9449798488674124,0.941989149396432,0.9998999834118362,0.9496149372251865,0.9430131161289722,0.9765303875533649,0.9625082440235118,0.9670192198885982,0.967222937638061,0.9816098567170806,0.9786529821611072,0.9123174662317297,0.981083493069672,0.9862647502150301,0.9998999834118364,0.7048704999126085,0.5799727060788673,0.7777739403281538,0.7350758952778796,0.7363158504904884,0.7951844487005851,0.8099537867101178,0.7892336926543401,0.49562968134502694,0.846033734000934,0.8972155226560636,-1.7131147540983607,22.377013699356233,-25.803243207552953,9.691256830601093,0.0,0.12254743860542468,0.12068648900560393,0.21394371566423612,0.234950745601959,0.21170480443274028,0.1916865360421108,0.2318735239384049,0.4510863648011231,0.1208523439677888,0.062423885950580855,0.06283484755672272,0.6903697211356437,0.530927215290607,0.8137518814434118,0.72643007211835,102.51477258192385,3.7410427684860075,2.270275710710411,4.85827868385304,3.800844222431891,3.9444306610264084,4.730419748620501,5.376040702022846,5.132654637149204,1.77956705727701,6.904598820420196,8.255718816784235,0.9998999834118364,0.009965584237241774,0.08592257286757113,,0.07595698863032935,-0.9513090394797931,11.2920040009298,0.05213655921285573,0.8787941943096271,-0.9478634525869564,79.88496398925781,0.10933437150137598,0.8937403107642707,-0.8906656167560367,4.572715759277344
lean2_D_light_ce_s42_l0,26.9354305267334,0.596015858460304,0.9208060242187218,0.6246056782334385,0.9753694581275983,0.5892857142822067,0.6644295301968831,0.9663250366027495,0.99,0.06973872563591407,0.8650817766120342,-0.07391708448036749,0.6906734163074786,0.8099038327425084,0.1820401313404242,-0.09722100136292922,0.7029201126411263,-0.00021418091628844446,0.06937999919730926,0.5751221428281774,-0.000869885642244347,0.06952544918379365,0.7197644027848084,0.0,0.0,0.9998999834118364,0.0003383668264564206,0.07969465385242012,0.7892571318611122,0.00020871808337445563,0.11777644538550822,0.7705241969927813,0.0004565062896011525,0.015539563525733052,-0.014626550946530746,0.12313855823673339,0.7428345538896336,-0.00013655399087040507,0.10734021730117072,0.7837056824910761,0.00013974251710328293,0.097540929512426,0.8080722146665308,-0.00013651867751090005,0.0960686126841116,0.7841639301905858,-0.0004519741970965811,0.06890103912854265,0.5227558145918554,0.00013041185547818843,0.03618476686585716,0.8433225604582227,0.000615048313140027,0.03615358269858045,0.9038682716746811,0.3485783358457727,0.7761327722287007,-0.41440707490641193,0.18620689655172415,1.1220214315200632,-1.950835581332887,0.6694660607673206,0.8999999999995814,0.5624999999882813,0.11157024793342327,0.9892638036804758,0.0,0.06952544918379365,0.06937999919730926,0.07969465385242012,0.11777644538550822,0.12313855823673339,0.10734021730117072,0.097540929512426,0.0960686126841116,0.06890103912854265,0.03618476686585716,0.03615358269858045,0.8174337867474042,0.7928024076918246,0.8210283197563247,0.7588048012754997,0.6454973936019512,0.8119810190503578,0.7863491997568544,0.7991931137708141,0.6019346356248886,0.45682164089211336,0.5534680116595454,0.4081779984146792,0.17156176883095922,0.4253530172805268,0.9998999834118362,0.21045014851533964,-0.10389407330438533,0.30986737103144796,0.27843273434732163,0.2633896301543122,0.28854097749929014,0.3364972396189468,0.2747245227403725,-0.1178650826271129,0.4551062604177048,0.6937098735596074,0.46372627795474364,0.44072630708107113,0.8478242857754391,0.9998999834118362,0.7975594697665198,0.6681346626474645,0.869649638625247,0.8524419425170113,0.8259420960842878,0.8706455636614326,0.8956514579461514,0.8746303290859258,0.5877193889628298,0.911113412631153,0.9446753915087993,0.9369370222869738,0.9998999834118362,0.9539381723429242,0.9480329258032579,0.9724517107467289,0.9670952065950881,0.9613403217553894,0.9715620364509848,0.9798176618831351,0.979189403085562,0.9237597049613133,0.9841866025345047,0.9860291543177864,0.9998999834118364,0.7197644027848084,0.5751221428281774,0.7892571318611122,0.7705241969927813,0.7428345538896336,0.7837056824910761,0.8080722146665308,0.7841639301905858,0.5227558145918554,0.8433225604582227,0.9038682716746811,-1.0367121848739496,24.54483403041854,-26.618258400166436,9.821936274509804,0.0,0.12385853990582475,0.12413764357576204,0.16590041222041088,0.23903182541186813,0.25057071955468524,0.21991418181886327,0.2008830857927733,0.2253043918988377,0.12342836481723747,0.0638932950827009,0.06352592106419665,0.6675552041603758,0.5093566521701236,0.7917633287068613,0.7015456298701414,102.44942491481952,3.7097336706604467,2.3184312964721454,4.685342527594679,4.092675674229982,3.8224761135968466,4.50747940418292,5.22054840937625,4.970378576387603,1.6884204446049442,6.708592241118839,8.356475736388509,0.9998999834118364,0.025986744557922964,0.1479132186675928,5.691871586532556,,-0.9147392877398383,18.87713395565295,0.0664859229148959,0.8407107606753009,-0.9335140736243766,25.082107543945312,0.22376514561320313,0.7052867010473095,-0.7762348556503059,49.72179412841797
lean2_L0_lean_best_s42_l0,30.34281349182129,0.559625682398112,0.896174594907976,0.5979381443298969,0.969844357976182,0.6126760563337136,0.5838926174457457,0.9731576378716578,0.9960526315789474,0.07254670307250513,0.8658401039348966,-0.07326046649607088,0.7051369765268575,0.8105603862632783,0.20096330593029657,-0.07662734613080568,0.7235137678732498,0.0033937589714856694,0.0756975596553466,0.5399740176751526,0.0026295622960575142,0.07255939087831786,0.7029848669281284,0.0,0.0,0.9998999834118364,0.0038694809581370257,0.08553873903828306,0.7734444460870297,0.001168298673646116,0.12589448339042333,0.7430701091847919,0.002335629348976041,0.02326467336006795,-0.018593414662115868,0.13055012587872686,0.7157725913188837,-0.003844338912973699,0.11228705427161985,0.7687934800065388,-0.006168007533564288,0.101450980872148,0.7967119778065853,-0.0022753393508511046,0.0981384103547577,0.7754318492924553,8.603472705831768e-05,0.07243140644031246,0.48682418789797055,0.0011461347889125575,0.03929709966639474,0.8338276703318682,0.004394441562677501,0.03847307879518501,0.8971501826510653,0.3308791743650857,0.7584736094914565,-0.2579295138392796,0.24,1.3205272409514244,-1.8363862686299837,0.63656554796866,0.9040189125291234,0.4698795180666279,0.1611570247927225,0.9775051124739379,0.0,0.07255939087831786,0.0756975596553466,0.08553873903828306,0.12589448339042333,0.13055012587872686,0.11228705427161985,0.101450980872148,0.0981384103547577,0.07243140644031246,0.03929709966639474,0.03847307879518501,0.7998655427934664,0.7675683967118425,0.8013699556011555,0.7397856320001828,0.6216610598834575,0.798595410288275,0.7717605344518145,0.7768462276751538,0.5727024922821891,0.4221584512471713,0.5194167903153163,0.3828922729380712,0.16853153736894072,0.40756025653758493,0.9998999834118362,0.15666302024996767,-0.17196712581478568,0.30622487864256404,0.2465775644810857,0.23873977339989982,0.26492338636113744,0.3067790440084974,0.2521350357051136,-0.20659039931524956,0.4239210596524588,0.6685557790181801,0.4589639365210093,0.4038381425167157,0.830634343111345,0.9998999834118362,0.7828412100247248,0.6330599466046662,0.8526458168305953,0.825621692483766,0.7925358209577731,0.855950917852172,0.8846066184640211,0.8659801998298935,0.5533743225615848,0.903420053910664,0.9400183245746615,0.9279077654817652,0.9998999834118362,0.9498807133331688,0.9435835159091438,0.9621594664724481,0.9555078811051233,0.9479949324246127,0.9657322885069675,0.9754064669195404,0.9754447479657896,0.9128966779125527,0.9827316669139559,0.984203560529285,0.9998999834118364,0.7029848669281284,0.5399740176751526,0.7734444460870297,0.7430701091847919,0.7157725913188837,0.7687934800065388,0.7967119778065853,0.7754318492924553,0.48682418789797055,0.8338276703318682,0.8971501826510653,-2.7830182072829133,22.18771780106634,-27.75375421563217,9.840826330532213,0.0,0.12908179385521368,0.13450522433429069,0.17156920894615346,0.24836510383814733,0.25931928448251945,0.22600265767100844,0.20550231447699524,0.2272222619442211,0.12912227855630642,0.06910947989287469,0.06621276612079291,0.6219530985088032,0.44009463427176976,0.7672167196859415,0.6585479436502134,102.44942491481952,3.236050917161172,1.515706892235632,4.00325885488301,3.5095280973326983,3.3434485622506993,4.109212328923158,4.852095050717982,4.714635924873363,1.2061564933072813,6.112506339333817,7.8412839025420755,0.9998999834118364,0.025986744557922964,0.17910810471088526,6.8922868510665785,,-0.9180764338943308,20.441177733297742,0.06745447443216376,0.8311713631470168,-0.9325455268305891,18.444622039794922,0.20987542380134452,0.6997197793000195,-0.7901245771137191,44.753273010253906
lean2_L1_clean_lean_best_s42_l0,25.660741806030273,0.6258264744351424,0.9209124765395462,0.6283987915407855,0.9776785714280865,0.5714285714254318,0.6979865771765237,0.961932650072737,0.986578947368421,0.0699208617931412,0.871287819760744,-0.0707711405107807,0.6891912027435824,0.8130497122485685,0.179290438691775,-0.08764635026580658,0.7124947637382489,-0.0011182821246799343,0.06854333985753094,0.5888533079562656,-0.0012720347233823599,0.0692239962545933,0.7236661568932476,0.0,0.0,0.9998999834118364,-0.00019697608363839872,0.07928627680312758,0.7927894526192896,-0.00036531257565849783,0.117311226019371,0.7735834968564337,-0.0005173233657143583,0.013860859836577588,-0.014895506568006305,0.12268517393320773,0.7456236021633963,-0.0005523745774169711,0.10656109650701504,0.7884916125456687,-0.0007347505986943731,0.09705424046796728,0.8107539303925669,-0.0007598270033562167,0.0956846274987433,0.7868337593426131,-0.0006362101662653855,0.06825773534726963,0.5299818263552908,0.0017223733894197694,0.03587957706168054,0.8469079337308318,0.000965683070608056,0.036052917362804165,0.9048478369913082,0.3522054270412814,0.7748377528773513,-0.4121420179751991,0.18620689655172415,1.10275273388192,-1.9270367698323183,0.6596478268639797,0.8999999999995814,0.5624999999882813,0.11157024793342327,0.9892638036804758,0.0,0.0692239962545933,0.06854333985753094,0.07928627680312758,0.117311226019371,0.12268517393320773,0.10656109650701504,0.09705424046796728,0.0956846274987433,0.06825773534726963,0.03587957706168054,0.036052917362804165,0.8206237346533148,0.7956759220567272,0.8236720442698384,0.7631131747485718,0.6532778345422249,0.8148622047863687,0.7903824360683843,0.8025775307359464,0.5994819425617949,0.4671332161700457,0.5538561873924173,0.4156504174825465,0.19925554052524175,0.4215957248302283,0.9998999834118362,0.20073180175298763,-0.08329142839893015,0.32851249897116813,0.2946313953837784,0.2949709740615845,0.30077792224390315,0.33341852608212275,0.27818299683136444,-0.12385697494257816,0.4669731653538612,0.6916403173794731,0.47966634053473844,0.45253788169074793,0.8504462883950672,0.9998999834118362,0.8059888783978146,0.6781975258725377,0.8716830943369619,0.8521748232033468,0.8248633547250948,0.8747788589806536,0.8965758681705494,0.8785115213176851,0.6024848113730668,0.9110541376272915,0.9462535624083016,0.9388341185600392,0.9998999834118362,0.9552182127957002,0.949320781449533,0.9726123579589139,0.9672180773663409,0.9617870174190298,0.97230238402854,0.979459453768596,0.9785436937002215,0.9276804748007438,0.9846903301503577,0.9858033574398413,0.9998999834118364,0.7236661568932476,0.5888533079562656,0.7927894526192896,0.7735834968564337,0.7456236021633963,0.7884916125456687,0.8107539303925669,0.7868337593426131,0.5299818263552908,0.8469079337308318,0.9048478369913082,-0.5016456582633054,25.36295623644745,-26.366247552974063,9.876610644257704,0.0,0.1229255824639557,0.12265205051851077,0.16525799624923995,0.23887987190752127,0.24966883946957588,0.2178427931803063,0.20004831199346057,0.22495889370536423,0.12192017870047325,0.06333055242192234,0.06309589121439171,0.6687344242711695,0.5105971822667089,0.7930488107702499,0.7025572804121055,102.44942491481952,3.7545679675091757,2.417402730176453,4.7640049597311735,4.156930933286943,3.880364958724261,4.6361557970431155,5.2853874994371095,5.032074465548276,1.769070635249205,6.770754220801143,8.383431107634046,0.9998999834118364,0.025986744557922964,0.1639102482735809,6.307455772337262,,-0.9094555550792601,17.75200601551403,0.07591865567766279,0.8473891494387628,-0.9240813437519708,20.10967445373535,0.2360566841478039,0.6928558177798357,-0.7639433157727991,39.857479095458984
lean2_LA1_nodel_s42_l0,28.82407569885254,0.6174410752326754,0.9206357005054029,0.6024096385542169,0.9756823821335109,0.546448087428708,0.6711409395928112,0.9594924353338411,0.9886842105263158,0.06879761523657268,0.8794328796632277,-0.07370130210728243,0.6953049760638791,0.8101195506520668,0.1833949126303196,-0.06064179333836861,0.7394993206656869,-0.0012460911722986777,0.07106779315587164,0.5502748601623418,0.00021739902720456158,0.07097427072751868,0.7121325386936146,0.0,0.0,0.9998999834118364,-0.0012309211760981522,0.080346033892171,0.7884605490713515,-0.0010552157405049217,0.11890849863460773,0.7678977266772087,0.0002692836101034032,0.01515725476272666,-0.014618687542519852,0.1245312866433302,0.7397653756936508,0.00038756555740178714,0.10862613825273572,0.7819427546788458,0.000270438079180569,0.09849325250067907,0.8078353920252209,0.0004396456265611818,0.09683827455659366,0.7825175677643295,0.0002708497132386952,0.07042447567843382,0.5018764233304385,-0.0011034952944171037,0.037252500056548704,0.8348935285223106,0.00043652800554349247,0.037145351509482755,0.9005270365975563,0.3348046216152294,0.7545146106914093,-0.4249905208850942,0.1724137931034483,1.1619869610163212,-2.0119680027865097,0.6923210946347366,0.8990697674414423,0.5208333333224827,0.10330578512354006,0.9882413087929508,0.0,0.07097427072751868,0.07106779315587164,0.080346033892171,0.11890849863460773,0.1245312866433302,0.10862613825273572,0.09849325250067907,0.09683827455659366,0.07042447567843382,0.037252500056548704,0.037145351509482755,0.812050184986623,0.789557975186305,0.8185003829357776,0.7459766321217335,0.6309717108356164,0.8101280755592175,0.7767379649707663,0.7972725370836097,0.5926796978475657,0.4389457620507807,0.54871354607037,0.3717279220984872,0.15624492160350323,0.42424322317430013,0.9998999834118362,0.19507674344063025,-0.17231686260385545,0.32236488394200424,0.2811390255221848,0.2690844654968236,0.2986129509737976,0.3242145290003319,0.2762260433866714,-0.16198498160229227,0.4277995643810269,0.6754360436768196,0.4457446725863689,0.4210340191437108,0.8412432516625159,0.9998999834118362,0.789703781403214,0.6452293558234803,0.871064525999754,0.8480567253643827,0.8193881920309599,0.8663803042325291,0.8938869567573233,0.8725647560574732,0.5670785037459917,0.9066755527829956,0.9426706104906981,0.9345819329393953,0.9998999834118362,0.950563131726073,0.9434099538198527,0.9713174289892018,0.9659072779090996,0.9597763216660001,0.9706233282265102,0.9779398972879012,0.9768074347036413,0.9163505604054965,0.9834222514872261,0.9855202304292566,0.9998999834118364,0.7121325386936146,0.5502748601623418,0.7884605490713515,0.7678977266772087,0.7397653756936508,0.7819427546788458,0.8078353920252209,0.7825175677643295,0.5018764233304385,0.8348935285223106,0.9005270365975563,0.1271183473389356,25.842258158988507,-25.588021464310636,9.83608193277311,0.0,0.12589030772239093,0.12613865072762778,0.16723679739864483,0.24120861580130643,0.25164858662132245,0.22178380359383412,0.20226373042078452,0.22626212895072847,0.12548151206068592,0.06529588317675263,0.06512732282268097,0.6512543180177421,0.4829045900136346,0.7831944595231918,0.6876639033946226,102.44942491481952,3.5218721165254756,2.1239306721791733,4.60422749785817,4.012190602293131,3.741908761084385,4.4028722717456725,5.098560681206981,4.8513272614729726,1.507200012173719,6.447848545968779,8.135402726131446,0.9998999834118364,0.025986744557922964,0.15868608017973124,6.106423746907017,,-0.9203711546781348,20.750161188415195,0.0639402263582655,0.8295768793700706,-0.9360597699164248,19.456037521362305,0.22487119939175954,0.6685688842792961,-0.7751288027872487,53.62322235107422
lean2_LB1_dec3_s42_l0,27.72397804260254,0.6191991170744859,0.9141896030474843,0.6055045871559633,0.9752475247519925,0.5561797752777743,0.6644295301968831,0.9614446071249578,,,,,,,,,,-0.00026746352898813293,0.0696786667239534,0.5797474876156049,-0.00015076677757227858,0.06988919368700167,0.7171084359309547,0.0,0.0,0.9998999834118364,-0.0006141152799734969,0.07962819598523864,0.7889419732221643,-0.0007321010551215616,0.11808893201482698,0.770649643470152,-0.00026034790357439176,0.015367874362533588,-0.015888570169682373,0.12374213283489582,0.7420198144301163,1.0779743019239876e-05,0.10746205467685108,0.7847953028762422,0.0002428639582470752,0.09760185752255733,0.8080475117632326,0.0006835955375794578,0.09608088701478198,0.7833293613209941,0.0002436153593213796,0.06920159993406597,0.5239913954317997,-0.00046319639927708034,0.036158273317078285,0.8448523627071607,0.0007212963683839096,0.03631358342742513,0.9033229091862577,0.3523628375496972,0.7775798982575335,-0.4131069159881324,0.17482517482517482,1.1095792399640318,-1.9357930719402967,0.6621905924194083,0.8992571959141601,0.568181818168905,0.10330578512354006,0.9902862985680009,0.0,0.06988919368700167,0.0696786667239534,0.07962819598523864,0.11808893201482698,0.12374213283489582,0.10746205467685108,0.09760185752255733,0.09608088701478198,0.06920159993406597,0.036158273317078285,0.03631358342742513,0.8174409309187054,0.7923528634627641,0.8203672514451302,0.7606582385183441,0.6467307385980338,0.8117250044453568,0.7873445589574471,0.798613205143304,0.5946056555567905,0.4486243940311524,0.5572176789782912,0.3937039123236346,0.16731767771390663,0.42754139058846574,0.9998999834118362,0.17008722128448964,-0.10444061519580486,0.3321191334452054,0.27729785418534103,0.27397787632402487,0.28270572900067037,0.32309769454865805,0.26237245131199594,-0.13024191339760366,0.44523216130916937,0.6767742391329689,0.46355974366396846,0.4259603120547178,0.8485355232859901,0.9998999834118362,0.7978048064388281,0.6771832602356338,0.8705531416748048,0.8500702129710693,0.822556323997822,0.8738208151395681,0.8957903814510354,0.8738866168881942,0.5945153207270353,0.9125664466365648,0.9460960934185887,0.9376300396725932,0.9998999834118362,0.9535746543926342,0.9470790191914857,0.9719979452770121,0.9658129944535214,0.9603036100371962,0.9719751687408046,0.9788556300690263,0.9791634700642212,0.9264785845347052,0.9850922507650219,0.9864694729174358,0.9998999834118364,0.7171084359309547,0.5797474876156049,0.7889419732221643,0.770649643470152,0.7420198144301163,0.7847953028762422,0.8080475117632326,0.7833293613209941,0.5239913954317997,0.8448523627071607,0.9033229091862577,-1.0094712885154062,24.565618788421126,-26.58456136545194,9.699597338935574,0.0,0.12425589133282307,0.12462197292284692,0.16569541649443792,0.23955581980219398,0.25133856746409,0.21886469983286197,0.2005817664432769,0.22507748861716123,0.12387652848709375,0.06408110344924471,0.06394351969060462,0.6635158339656201,0.5029626620845123,0.7915880744901149,0.6959967620724274,102.44942491481952,3.7061969206596856,2.337014726622815,4.729604269360131,4.100898900167083,3.8117999536798983,4.540417022566458,5.249360060712181,4.990631375044918,1.6941537056192764,6.75547557989545,8.371921072732357,0.9998999834118364,0.025986744557922964,0.1713280118568007,6.592899887172112,,-0.9146081032721384,18.347185133638053,0.07726941090372527,0.8406918366994319,-0.9227305844349588,20.74228286743164,0.23710840900819202,0.6857259552040263,-0.7628915913652137,47.88524627685547
lean2_LC1_width384_s42_l0,26.389543533325195,0.6053886997574218,0.9246743377846779,0.6305732484076433,0.9754058042297219,0.5999999999963637,0.6644295301968831,0.967789165446087,,,,,,0.8143695252446419,,,,-0.0002443657553494621,0.06916194851440116,0.5845674079464881,0.0004802478753994878,0.06888738543596393,0.7232976362065935,0.0,0.0,0.9998999834118364,-0.0006596494127372095,0.07937370919855963,0.7919075339282433,8.761539510889601e-05,0.11737127038001288,0.7748715049608951,0.00031010318909919306,0.01469976014271359,-0.014079553764515203,0.12245586806241715,0.7459332955444299,-4.144731190765731e-06,0.106790545747318,0.7860857548097775,0.0008182832095282684,0.09705443423425945,0.8092990891502305,0.0012051180691884994,0.09573080106108471,0.7870290088378832,-8.697550790733289e-05,0.06844070182670708,0.5292784272168135,0.0022291324104430927,0.035992590643443345,0.8469836796529864,-0.0003465817169028133,0.03620027621282872,0.9036808929792151,0.3684717766183123,0.7841902009498217,-0.4061468724839661,0.18055555555555555,1.0875603654758454,-1.8998541104437776,0.6496172400916658,0.8996282527876861,0.5652173912920605,0.10743801652848167,0.9897750511242384,0.0,0.06888738543596393,0.06916194851440116,0.07937370919855963,0.11737127038001288,0.12245586806241715,0.106790545747318,0.09705443423425945,0.09573080106108471,0.06844070182670708,0.035992590643443345,0.03620027621282872,0.8204257164996718,0.7960613913063248,0.8235294790303992,0.7634985490640639,0.6513662145920759,0.8137842542290658,0.7896187874917808,0.8027657592324562,0.5988171049940727,0.4763692744446266,0.5633459188372713,0.40589880499058906,0.17464923506386368,0.42818272904681987,0.9998999834118362,0.19931722583502268,-0.09893992997497889,0.3357066048072619,0.30529713656682506,0.296928021843133,0.28415499294291413,0.3380204209956794,0.2880230811102589,-0.14728662501735754,0.4675378296778558,0.6805488632722045,0.4779773531193995,0.4576065538466879,0.8495380564665572,0.9998999834118362,0.8047003610284323,0.6779817926094138,0.870393007419802,0.8554236356663893,0.8233824889644265,0.8756205391197559,0.8971485343292497,0.8755041059648897,0.6004094089019745,0.914758260818042,0.945884371018154,0.939264764415739,0.9998999834118362,0.9554696775500083,0.9488776087788826,0.9729497934910671,0.9669935251668578,0.9624327403722183,0.9714499728142881,0.9795324413051861,0.9788211045316908,0.9281735964180934,0.9848715716377244,0.9856838069234054,0.9998999834118364,0.7232976362065935,0.5845674079464881,0.7919075339282433,0.7748715049608951,0.7459332955444299,0.7860857548097775,0.8092990891502305,0.7870290088378832,0.5292784272168135,0.8469836796529864,0.9036808929792151,-0.9794292717086834,24.029545984836968,-25.988404528254332,9.70173319327731,0.0,0.12288184914310803,0.12350548095351949,0.16553249602481862,0.2387685521092694,0.24872356780610894,0.2188459815391474,0.20030069884353655,0.2248915127095005,0.12250916472847298,0.06377947475192582,0.06382128571566342,0.6684795495785292,0.5095477775059407,0.7920967505963035,0.7037941214516341,102.44942491481952,3.825084833636935,2.422283416264935,4.758052966163743,4.17671935786598,3.9052575690180706,4.612243694383997,5.322227852509085,5.069013412498493,1.8125536824820965,6.797656292910785,8.398100905622686,0.9998999834118364,0.025986744557922964,0.17514594326243157,6.739818299757519,,-0.900177045217291,18.802790231041392,0.08687196674781657,0.8381380718961462,-0.9131280301122067,22.074588775634766,0.2367550982727992,0.7023797941413698,-0.7632449025207606,40.88019561767578
lean2_LD1_enc3_s42_l0,27.375473022460938,0.637188468062144,0.9355881572611947,0.6280487804878049,0.9772164437835675,0.5754189944101932,0.6912751677805955,0.9629087359682953,0.9913157894736843,0.07148194068201608,0.8712187842261055,-0.070100369594989,0.6923494720526137,0.8137204831643602,0.17425765469670296,-0.07994702577292623,0.7201940882311293,-0.0007773271264800782,0.06872358353588735,0.5865114737389808,0.0003315239938585204,0.06898979007472553,0.7240942983833605,0.0,0.0,0.9998999834118364,-0.00012051329988692542,0.07934351183792983,0.7928614900738095,-0.0007575810336117179,0.11713519792371829,0.775490908249066,-0.00036333176392373373,0.013579688615619383,-0.014306352143466849,0.12226556105104194,0.7450831466751011,-0.00016392542253242237,0.10661519231977128,0.7871757977040315,8.474659241804029e-05,0.09729485524738735,0.8092464367793962,-0.00011701875062295942,0.09605462670276341,0.7850400278421112,-0.00040714921690636016,0.06823995591039216,0.5293442833597309,0.0003315792717312124,0.03581709332112941,0.8483066576473701,0.0016930826453103642,0.03616233099302856,0.9038416878653369,0.3338047958303551,0.7624833105173319,-0.40451329334505964,0.17869415807560138,1.1255712360170151,-1.9345978227071345,0.6631556125154264,0.8994881340154027,0.5306122448871304,0.10743801652848167,0.9882413087929508,0.0,0.06898979007472553,0.06872358353588735,0.07934351183792983,0.11713519792371829,0.12226556105104194,0.10661519231977128,0.09729485524738735,0.09605462670276341,0.06823995591039216,0.03581709332112941,0.03616233099302856,0.8206222496140713,0.7962733725824999,0.8237058273425215,0.7643169606828409,0.6518223404055675,0.8136854394625815,0.7901336686203861,0.8035837042408631,0.591741088573996,0.46858865054775434,0.5545995428944618,0.39971382819080653,0.16421539035147967,0.42332899690992953,0.9998999834118362,0.20256531885578893,-0.07378963716669176,0.3404466096990665,0.3010526430066885,0.29406507093716916,0.28777277950057656,0.33959103460862927,0.26599356859997025,-0.15109283788081407,0.4627113107969627,0.6766860194830144,0.4725020006280871,0.4581266097258367,0.8494897122668073,0.9998999834118362,0.7997840001522845,0.6805129660263429,0.8734658665688189,0.8552488429530554,0.826833667294882,0.8752596457060159,0.8956159930284205,0.8772123839978048,0.6028294077113044,0.9129359368343282,0.946083026342672,0.9387932314572158,0.9998999834118362,0.9568529501322598,0.9476589527557678,0.97332186063565,0.9677705702711338,0.9618368306363906,0.9719786699968657,0.9791604797911456,0.9793928774696221,0.9300569774626799,0.9851865344742011,0.9861341905426861,0.9998999834118364,0.7240942983833605,0.5865114737389808,0.7928614900738095,0.775490908249066,0.7450831466751011,0.7871757977040315,0.8092464367793962,0.7850400278421112,0.5293442833597309,0.8483066576473701,0.9038416878653369,-0.11092436974789913,25.44428382269325,-25.66613256218905,9.80920868347339,0.0,0.12303866913825746,0.12310494974159897,0.1655093328295948,0.23863600990121775,0.24907450421653426,0.21881502567611105,0.20081467258190358,0.22564509955556586,0.12245896649984042,0.06364611875433639,0.06371852191767009,0.6694062059527363,0.5113062989630548,0.7941324106091503,0.7027799071961263,102.44942491481952,3.799138761204803,2.4200556020383335,4.752147861649688,4.164282842644902,3.905825862706967,4.601045417302693,5.262722186816969,4.996004681424808,1.7923083890653249,6.835452322275261,8.389115493316321,0.9998999834118364,0.025986744557922964,0.1601515156502916,6.16281539730795,,-0.9055475503078791,18.82008126423815,0.08476223189056654,0.8349182294085399,-0.9152377684775759,20.065996170043945,0.2337478338135455,0.6785939559284447,-0.7662521641053254,43.959022521972656
lean2_LE1_nodice_s42_l0,27.286020278930664,0.5859600443698597,0.9126157464272964,0.6121212121212121,0.9762022806142905,0.5580110497206741,0.6778523489887393,0.9609565641771787,,,,,,,,,,0.00046483612545851667,0.06852881597007392,0.5876070137504373,-0.0008791217130111855,0.06909228468270442,0.7232730385237767,0.0,0.0,0.9998999834118364,-0.0003045787283183967,0.07919013757659422,0.7922563328556592,0.0009583078967948916,0.11720554754985836,0.7742185149817296,0.00039813987318071376,0.014555550238616906,-0.013759270492255478,0.12244546187908523,0.7459108673312735,0.00047187097459141044,0.10653106821459621,0.7878875707271529,0.0005626475150608634,0.09702964241842084,0.811610791134971,-0.000554744301562586,0.09579510322477831,0.7860203006291673,-0.00047930759652285037,0.06810786273605673,0.5291183556202477,0.0009814466143669288,0.03591311139044651,0.8471304702251824,0.0018358695035088591,0.03593199208506947,0.9055570130618166,0.3672333906717422,0.784162737244165,-0.40306942077557073,0.1917808219178082,1.0985342771552855,-1.904673118706427,0.657549887600274,0.9003724394781656,0.5599999999888,0.11570247933836487,0.9887525562367133,0.0,0.06909228468270442,0.06852881597007392,0.07919013757659422,0.11720554754985836,0.12244546187908523,0.10653106821459621,0.09702964241842084,0.09579510322477831,0.06810786273605673,0.03591311139044651,0.03593199208506947,0.8207157800805822,0.7962520411505593,0.8238437314154858,0.7627885004420448,0.6516848015154337,0.8149023888264247,0.7898935736663635,0.8027545398304887,0.6021747179259903,0.47056435360715326,0.5598584963933178,0.4078734009440976,0.16949126143329146,0.4293543704154121,0.9998999834118362,0.20278373539143815,-0.0946420916052706,0.34237480303572665,0.27661183040330556,0.3005135724252226,0.2896913623906324,0.3426935566768236,0.26726574144279813,-0.14099192115025394,0.45422556842923484,0.6992297259870718,0.47132828446591485,0.4451189177535005,0.8501112829856883,0.9998999834118362,0.8031602821521268,0.680954866583282,0.8730640023059503,0.8527358712768791,0.8243294529669898,0.8743951598562403,0.8980100486269416,0.875149422133062,0.6008709384288602,0.910557351119307,0.9464461217132971,0.9385273789784785,0.9998999834118362,0.9558772591851645,0.9494328044071934,0.973358968751304,0.9676310631541554,0.9619283029159735,0.9723054747669068,0.9798353991681611,0.979259614227366,0.9276729915305582,0.9850732659053627,0.9864655024125109,0.9998999834118364,0.7232730385237767,0.5876070137504373,0.7922563328556592,0.7742185149817296,0.7459108673312735,0.7878875707271529,0.811610791134971,0.7860203006291673,0.5291183556202477,0.8471304702251824,0.9055570130618166,-0.19749649859943977,25.717147337264546,-26.112140334463422,9.86654411764706,0.0,0.1233008858065757,0.1225378771579089,0.16518090455907924,0.2382483853020254,0.24916690567578018,0.21796701650585418,0.20009152986450562,0.22512961992322594,0.12197190725950714,0.06332764232580462,0.0630626669436334,0.6683921767422194,0.5097984377364807,0.7930570953979525,0.7023209998665864,102.44942491481952,3.7945684892981095,2.443620515794328,4.7726241717612075,4.164737573112984,3.888341084520199,4.6166799469984126,5.289401884388286,5.022899558489434,1.8133895385667849,6.806054762945443,8.438009311859913,0.9998999834118364,0.025986744557922964,0.15904671507247864,6.120301394338613,,-0.9072611456854566,18.853883075472066,0.07687271050539636,0.837661018842173,-0.9231272886328096,22.973485946655273,0.23977562668903862,0.6927606646029911,-0.7602243718589785,45.15113830566406
spatial_1lead_a0_1000000_s42_l0,30.4373836517334,0.49573968456789946,0.8333398842453841,0.555984555984556,0.9631226053635235,0.6545454545395041,0.48322147650682407,0.9814543679839036,0.9961842105263158,0.058152633989530224,0.8673098934668757,-0.08270647397557973,0.6866735429920192,0.8011143787837695,0.17963319023450217,-0.08554236893864953,0.714598745065406,0.002462807502859741,0.07996098284269827,0.3856569136174604,-0.007447348821988198,0.07877083057514848,0.6483011222274778,0.0,0.0,0.9998999834118364,0.010901720769235094,0.09225419431540682,0.6978263531421092,0.007835545163904304,0.14200053615903177,0.6687144777784522,-0.003286372922587629,0.03290432472358708,-0.03947707056876233,0.14517635112818777,0.6435807179152774,-0.006647034646908926,0.12437474119561105,0.7112676932559597,-0.008939632617993841,0.11004868971052806,0.7537655568888871,-0.008699838380611407,0.1042792398419299,0.7366161976925608,-0.0029690406162831634,0.07819801844074066,0.3577848265966033,-0.007421845881807313,0.043603972710700996,0.7791444047923509,0.013990005624898398,0.04651917033204,0.8296863254215007,0.258984609928643,0.6944916256823674,-0.5693108001332573,0.16140350877192983,1.2193381718004104,-2.357959772066925,0.8391815127726612,0.8983758700691887,0.5348837209177935,0.09504132231365686,0.9897750511242384,0.0,0.07877083057514848,0.07996098284269827,0.09225419431540682,0.14200053615903177,0.14517635112818777,0.12437474119561105,0.11004868971052806,0.1042792398419299,0.07819801844074066,0.043603972710700996,0.04651917033204,0.7182030054211247,0.6936435398539945,0.7339220922739241,0.6528352506970496,0.5125487632145639,0.7488442534631712,0.6775147973895391,0.6988786662599483,0.47574582740217186,0.2856040536646787,0.42224708731597,0.3309523027027623,0.1423427454462184,0.3393485038787427,0.9998999834118362,0.11703984296437238,-0.348839752892331,0.2293437130930593,0.12022220468448144,0.14240838043545156,0.16115225361544291,0.2409590063449972,0.22384793212098947,-0.2763454447198883,0.2814785688248615,0.5974514090396108,0.4035818671349635,0.27560758784307665,0.7485229740055639,0.9998999834118362,0.7259373474299424,0.46442347442499476,0.7792171263616194,0.7528830147207775,0.7184181249816686,0.7998604442610718,0.8432671147817297,0.8267120687974439,0.4059383734511323,0.8667992470986117,0.8710525597310268,0.8605249464566319,0.9998999834118362,0.9044712092780876,0.8657300061645826,0.9146129004337278,0.906155333730907,0.9049137548760756,0.9299148037919271,0.9458642446860326,0.9520991003351593,0.8065254422264015,0.9610286010566422,0.9407496494207467,0.9998999834118364,0.6483011222274778,0.3856569136174604,0.6978263531421092,0.6687144777784522,0.6435807179152774,0.7112676932559597,0.7537655568888871,0.7366161976925608,0.3577848265966033,0.7791444047923509,0.8296863254215007,-0.35826330532212886,28.081878825319826,-28.798405435964085,11.282282913165266,0.0,0.13791625111066505,0.14151216556522767,0.18680948456480223,0.27325299117983964,0.27971088156702134,0.24272916463797453,0.21599891049782002,0.23312602271735544,0.13766433639087017,0.07651345283748855,0.08312011877825952,0.5419399297215092,0.3480508102783809,0.6765374249303896,0.6012315538866984,102.44942491481952,2.401077713146894,0.8842356419325786,2.904167258826133,2.4539765178983033,2.3468858238525536,2.9762395083898783,3.6760692025329367,3.6618018240423353,0.48988474582345426,4.643302797120957,5.045449341204036,0.9998999834118364,0.025986744557922964,0.3063322159602595,11.788017675297688,,-0.948254575949057,20.3121859985515,0.04679075914470083,0.8353835651490323,-0.9532092422644882,16.20925521850586,0.21112889304709345,0.6175291068044173,-0.7888711056875943,47.20022201538086
spatial_1lead_a0_1010010_s42_l0,31.215675354003906,0.538488525613076,0.8699218148646746,0.5419847328244275,0.9625899280570923,0.6283185840652361,0.47651006711089594,0.979502196192787,0.9914473684210526,0.06892931687405272,0.8770351668361863,-0.07983667895217084,0.7005068657818491,0.8039841738071783,0.20252572496732077,-0.0877612878068974,0.7123798261971581,-0.0012544589117042078,0.07723789239949247,0.4419988084248099,0.0033082325595115776,0.07738310411524847,0.6668115712371596,0.0,0.0,0.9998999834118364,-0.003099739774019586,0.08711957622742401,0.7496047203666614,0.001129131539652956,0.1380772909566275,0.6917022358656092,0.0032112323161335907,0.021237413600431465,-0.014814948968164285,0.14191546784726908,0.6646389997971363,0.004076034069581946,0.12070694476628874,0.7315830018620684,0.005239790905867857,0.10694804219780125,0.7740632945788845,0.004550768605925464,0.1020701249838345,0.7564756189450721,0.0019430307606854498,0.07686287218995695,0.391951507079279,0.003043753358487563,0.039786680781035304,0.8080826156501814,-0.0016706984008773818,0.0401249302707349,0.8845888675554767,0.2709643459354362,0.7126060521556896,-0.3274963284636579,0.22485207100591717,1.4583273495632778,-2.1133200064905937,0.7491942426424567,0.9029495718359167,0.39583333332921006,0.1570247933877809,0.9703476482612626,0.0,0.07738310411524847,0.07723789239949247,0.08711957622742401,0.1380772909566275,0.14191546784726908,0.12070694476628874,0.10694804219780125,0.1020701249838345,0.07686287218995695,0.039786680781035304,0.0401249302707349,0.7658474382562805,0.7226240829750014,0.7681376092267475,0.7044834055005179,0.5636811845675577,0.7719138005015186,0.7401305647530396,0.7387211312928503,0.5132536643637025,0.3393556487676244,0.45499437332630616,0.3648022511133869,0.15561025370404147,0.3607062213788474,0.9998999834118362,0.07851564897996839,-0.3803665516818543,0.26755781512077337,0.14810656007292403,0.1330710207947739,0.17772384521162904,0.2582605723782286,0.23409656945785845,-0.34353199700880993,0.3455364449607486,0.622793560702623,0.4308738821609352,0.3073550785714918,0.7959296762073558,0.9998999834118362,0.7606326256546212,0.5549321986721991,0.829299392976361,0.7732840702965942,0.7451405442189791,0.8299109521415902,0.866129726778868,0.8501414002883931,0.4680136051304218,0.8953250890882436,0.9343590128436134,0.9096924333214002,0.9998999834118362,0.9393905141161899,0.9337938416827686,0.9565796796956519,0.9299810130266588,0.9236855151769945,0.9557438609737393,0.9690452821411986,0.9712837178741739,0.8885091882969851,0.9824911856144003,0.9826518549192068,0.9998999834118364,0.6668115712371596,0.4419988084248099,0.7496047203666614,0.6917022358656092,0.6646389997971363,0.7315830018620684,0.7740632945788845,0.7564756189450721,0.391951507079279,0.8080826156501814,0.8845888675554767,-2.3086659663865547,23.032651329216346,-27.64998326198946,9.754919467787117,0.0,0.1349504623659876,0.13424702250527376,0.17506738166920496,0.26162852335248665,0.2710561167373715,0.23626620004029358,0.21174089763191042,0.23041107306101488,0.13417922938600393,0.06862152475866348,0.06945054817729547,0.5978556985184237,0.39541188537246547,0.7624956497192743,0.6356595594478323,102.44942491481952,2.760214167821572,1.4403134275801057,3.721745862513852,2.789534476387067,2.6735099266782503,3.4060169371732014,4.180721814824815,4.15216746563343,0.7536405782673663,5.896374119950509,7.413889120841178,0.9998999834118364,0.025986744557922964,0.347788079390687,13.383287207529984,,-0.9462323727664036,22.315642468610587,0.04689412438940337,0.8233406755924544,-0.9531058774770547,13.79966926574707,0.2137811405010223,0.6187683236269326,-0.7862188592725197,31.835790634155273
spatial_1lead_a0_1110000_s42_l0,27.17936134338379,0.5022809616660463,0.8710944281217552,0.5298507462686567,0.9624819624814995,0.5966386554571711,0.47651006711089594,0.976573938506112,0.993421052631579,0.05951191502202663,0.8584049361317231,-0.07509239313215466,0.7143994811195525,0.8087284596271945,0.19297057514389357,-0.08878693407727056,0.711354179926785,-0.0005500235844670433,0.07633246345431166,0.4893946255866752,-0.00014723940032860638,0.07508280488655249,0.6920735609100914,0.0,0.0,0.9998999834118364,-0.002775957397462104,0.08556511076913981,0.7637147875258086,-0.0008047077959370499,0.1334933728258796,0.7185298268603706,-0.0014738404091869856,0.018792881506894517,-0.02174056232526849,0.13719782327694416,0.69555274470951,-0.0022361737474700656,0.11683237414812951,0.755306493670025,-0.0018316865886207753,0.10364536056418952,0.7920963507566361,-0.00047689021904301495,0.09975413471805675,0.7719570546850242,-0.0018098682679237674,0.0748565939912463,0.4491464178501683,0.0001030302153352648,0.03922354530026883,0.8206856049737644,-0.00091050746439951,0.038962473023059344,0.8926475028711516,0.2921540493702649,0.7223503861819534,-0.5601148903129898,0.21548821548821548,1.1679528125813343,-2.288182593207314,0.8148714058424661,0.9020065328973859,0.5818181818076034,0.1322314049581313,0.9882413087929508,0.0,0.07508280488655249,0.07633246345431166,0.08556511076913981,0.1334933728258796,0.13719782327694416,0.11683237414812951,0.10364536056418952,0.09975413471805675,0.0748565939912463,0.03922354530026883,0.038962473023059344,0.7839942955066657,0.7473898170501109,0.7885815764220272,0.7212134773255151,0.5916559815141363,0.7912351869932883,0.7542495925724426,0.7591523824637443,0.5450549397518845,0.38474452728716035,0.4842125918004888,0.3609042869631168,0.14250931683696894,0.38380974367268517,0.9998999834118362,0.1595849472297564,-0.2727750472592278,0.29041691339527526,0.21285048011076757,0.2055636350337622,0.21548085140152226,0.2943054879673962,0.2496259705297153,-0.1947027016375663,0.3970033630342441,0.6509841371927998,0.43267820691492476,0.35317695499265345,0.8168111754812727,0.9998999834118362,0.7760082623661992,0.5805031335549675,0.8420123210438144,0.8011010136009049,0.777829291027295,0.8451438314818404,0.8828627241534176,0.864637140510347,0.5110053045619407,0.8960253055277512,0.938324304264423,0.918902125841375,0.9998999834118362,0.9446029586544465,0.9313306265178365,0.9598378623879533,0.9409076277825882,0.9362271451661501,0.9589950597962787,0.9728397658382255,0.9742668781712871,0.8832577054058417,0.9819265062654657,0.9845686203077816,0.9998999834118364,0.6920735609100914,0.4893946255866752,0.7637147875258086,0.7185298268603706,0.69555274470951,0.755306493670025,0.7920963507566361,0.7719570546850242,0.4491464178501683,0.8206856049737644,0.8926475028711516,-3.430357142857143,21.970653104420364,-28.831367390134652,10.136134453781512,0.0,0.13201510052859902,0.13456630069796055,0.17354899082639635,0.25864550270656916,0.267518517703492,0.23332941924884668,0.20936838416178385,0.22919429783036996,0.13242542305309277,0.0688516816250475,0.06784662694080043,0.588634468804711,0.37937751157912497,0.7462761547758194,0.6402497412869708,102.44942491481952,3.009894392944247,1.4546518729161682,3.9536705476032346,3.107785867806418,2.9729156464381834,3.669055779343856,4.476858355842523,4.406205523680391,0.9554144935727417,5.973932987504103,7.60309626399347,0.9998999834118364,0.025986744557922964,0.37484545476761855,14.42448628021195,,-0.9369354751267892,17.93184819702931,0.055489328710805315,0.8546928834908233,-0.9445106646067102,8.961684226989746,0.21920261901051485,0.6264860120226644,-0.7807973805560421,31.87514877319336
spatial_1lead_b1_panorama_1000000_s42_l0,29.20692253112793,0.49525986515610027,0.8404476238204264,0.5576208178438662,0.9643888354182077,0.6249999999947916,0.5033557046946084,0.9780380673494494,0.9971052631578947,0.054855727064873905,0.8864048888688316,-0.07211538551036334,0.7119648285362524,0.8117054672489858,0.1667595605055491,-0.0738915055267787,0.7262496084772768,0.0009814367335631285,0.07890628846626369,0.40693225853994713,-0.002893689199028308,0.07830659105127459,0.6520377895204791,0.0,0.0,0.9998999834118364,0.002317025713948837,0.09060776222912016,0.7163837364273982,0.0030669287874128498,0.1413067330544324,0.6725190556757609,0.0002534331313394693,0.024569549677550435,-0.0240626834148715,0.14528559268509622,0.6484135261060028,-0.005887048126337951,0.12464926241947917,0.7099148304537265,-0.008977267667701112,0.11068587494816459,0.7468307335437797,-0.009685666695518909,0.1056942063407889,0.7207093909697606,-0.0005634711621531018,0.07771889639787469,0.3742493252794779,-0.019792852429655186,0.047102311669479716,0.7835731363297551,0.003196306316356471,0.04323747123688451,0.8630634540336454,0.2796824753191044,0.7109613987054031,-0.5425516439805261,0.19933554817275748,1.2184507494547123,-2.303554037415765,0.8217781195902273,0.9008882655442259,0.5084745762625683,0.12396694214824808,0.9851738241303757,0.0,0.07830659105127459,0.07890628846626369,0.09060776222912016,0.1413067330544324,0.14528559268509622,0.12464926241947917,0.11068587494816459,0.1056942063407889,0.07771889639787469,0.047102311669479716,0.04323747123688451,0.728504152580223,0.6955414536382015,0.7332426874247849,0.6656419769266942,0.532058408137539,0.7397025408069489,0.7030573114565001,0.7107396897242964,0.48678910577000667,0.27966435949151974,0.4192884188961322,0.33831347209288487,0.15331105382879,0.3355076564562628,0.9998999834118362,0.10809722464586347,-0.3948050067371897,0.2553255118864193,0.1316530691820721,0.15008716220101911,0.15414860115223308,0.2453505423516087,0.21469965286075332,-0.2730228179503682,0.2875808606484199,0.6042748953712078,0.41127769451795526,0.2874120729159638,0.7566679939621352,0.9998999834118362,0.7338036086556115,0.5035085496290281,0.7896328733745954,0.7590641775953115,0.7265524294663444,0.7932585234505518,0.8339326986670752,0.8089008680614025,0.428977648463281,0.8738651817552745,0.9110110742861477,0.8710867258225403,0.9998999834118362,0.9120246900973258,0.9119008036527397,0.9305155051197511,0.9111046878488813,0.9083670560951097,0.9290793069791441,0.938732322394257,0.9310710629137592,0.838930760858107,0.9642185454494837,0.9625241308116892,0.9998999834118364,0.6520377895204791,0.40693225853994713,0.7163837364273982,0.6725190556757609,0.6484135261060028,0.7099148304537265,0.7468307335437797,0.7207093909697606,0.3742493252794779,0.7835731363297551,0.8630634540336454,0.7533263305322129,28.788722209381685,-27.282069548317256,11.098214285714286,0.0,0.13715198550324556,0.1382537572296639,0.18026380715360393,0.26910017288470495,0.2776192722581164,0.24265545637424835,0.21746701501162696,0.2351280942861625,0.13664514769518518,0.07880222948197554,0.07453145515317558,0.5194809863712972,0.2935772481611431,0.6727694520604188,0.5920962573883344,102.44942491481952,2.5020171733478187,1.1523645423181357,3.1874744560474797,2.4977660856706385,2.3921089147651515,2.9579318408354895,3.5672953575289794,3.336200326067935,0.5972061351626944,4.370223216540665,6.343307743292089,0.9998999834118364,0.025986744557922964,0.40968968383545157,15.765332481602082,,-0.9371219158089111,23.043479435368294,0.059421961118067024,0.8151760044160788,-0.9405780380269116,18.544797897338867,0.19339127619103158,0.6732450330726749,-0.8066087242562606,33.407257080078125
spatial_1lead_b1_panorama_1010010_s42_l0,30.696104049682617,0.4963631976103528,0.8765546133160388,0.5434782608695652,0.9642684693380182,0.5905511810977122,0.5033557046946084,0.9746217667149953,0.9930263157894736,0.068323626641124,0.8772740745514279,-0.07823004211442874,0.7041460668697495,0.8055908106449204,0.21020418033003807,-0.09367904625361445,0.7064620677504411,-0.0018235027009503235,0.07717090645881307,0.4391959241269449,-0.0005890742276331877,0.07768858232028673,0.6664021848053197,0.0,0.0,0.9998999834118364,-0.000227468911105204,0.08744109734318595,0.7439596891574966,0.002272475087368514,0.13816257319556605,0.6903644193249681,-0.00013257491740395645,0.01878082954146997,-0.019045979376277878,0.14146643799419206,0.6658310995260676,-0.0012314918468460043,0.12021682037445598,0.7328630956917299,0.0007597146078823362,0.10655577341450055,0.7749728453634283,4.206552415519393e-05,0.10176822788884905,0.7553506489114883,-0.00023045584141751508,0.07681099890844756,0.3956189888231612,0.004315821686910314,0.04001236329654412,0.8085423290781849,-0.00919542245336888,0.04159201591780099,0.882496475027259,0.2697864957484356,0.7160590849938312,-0.3389594469323796,0.21364985163204747,1.4376176374145895,-2.1155365312793486,0.75064400247186,0.9020446980499752,0.3789473684170637,0.1487603305778977,0.9698364008175001,0.0,0.07768858232028673,0.07717090645881307,0.08744109734318595,0.13816257319556605,0.14146643799419206,0.12021682037445598,0.10655577341450055,0.10176822788884905,0.07681099890844756,0.04001236329654412,0.04159201591780099,0.7653871660779482,0.7230932791156524,0.767754709191736,0.704043298912227,0.5638249833423524,0.7722757895597505,0.7390167919307506,0.7359318769210992,0.5119187329662838,0.3371777749168911,0.4569232526481455,0.3523510510592682,0.1774127080442039,0.3486231987757764,0.9998999834118362,0.08217306298599918,-0.3672033819450093,0.24641179196044394,0.15386055795163692,0.14266551059534538,0.1633922472054213,0.26402008801056465,0.22152179155373614,-0.3206998341522486,0.3455634098679849,0.6181194309415098,0.4347080756688752,0.3078152861471486,0.7953644702040947,0.9998999834118362,0.7573900512356102,0.5429453741911137,0.8227307340024761,0.7767075333844979,0.746933484331278,0.8310289944680115,0.8680296270029184,0.8523479297130196,0.4624294028456121,0.8975395913094713,0.9325796366875125,0.9083546900439168,0.9998999834118362,0.935903540823247,0.9334278564818825,0.9542862472430953,0.9311414617539566,0.926665467538579,0.9560480090206446,0.9700644899258724,0.9718711597446982,0.8821498369204173,0.98307835980596,0.9830419332021629,0.9998999834118364,0.6664021848053197,0.4391959241269449,0.7439596891574966,0.6903644193249681,0.6658310995260676,0.7328630956917299,0.7749728453634283,0.7553506489114883,0.3956189888231612,0.8085423290781849,0.882496475027259,-1.3420343137254904,24.061544760275677,-26.74561338772666,9.749247198879551,0.0,0.13522220473524396,0.1343100796347601,0.1753420774164174,0.2620759173183889,0.27142694489143376,0.23629555249620185,0.2115650259543815,0.230276923798967,0.13408089721455457,0.06883617157090202,0.07097508132610961,0.6098111213384463,0.42082999250018405,0.7663594069438061,0.6422439645275054,102.44942491481952,2.7496066331822298,1.4434328526347844,3.6814853408227233,2.822191233161635,2.703306529911195,3.429349111090365,4.202671849906069,4.170606112957336,0.7712314556674974,5.861843543779615,7.114696708724752,0.9998999834118364,0.025986744557922964,0.34874205651715245,13.419997349796128,,-0.9435666303861612,21.54986604695192,0.04468620937006349,0.8290098254911802,-0.9553137961376754,12.790873527526855,0.21988521948136266,0.6186271087254349,-0.7801147796408484,41.97967529296875
spatial_1lead_b1_panorama_1110000_s42_l0,26.82170295715332,0.5416977904075518,0.8836623528910813,0.5734767025089605,0.9666344293999194,0.6153846153798818,0.5369127516742489,0.9755978526105537,0.9940789473684211,0.0587811412124504,0.8482150113835604,-0.07694143334010384,0.7058892973115246,0.8068794194192453,0.18758469199140868,-0.08780438887102804,0.7123367251330275,-0.0012001958945415077,0.07739397003119734,0.48085351416003025,-0.0033037421032370015,0.07589707429141214,0.6851248978066762,0.0,0.0,0.9998999834118364,-0.006882613765730573,0.08610062270235475,0.7614890829892111,-0.0034619880298563084,0.13516222580703868,0.7086576833949666,-0.004229204690187547,0.017213404412170563,-0.025671813792545656,0.13950883654110574,0.6820485211359254,-0.0032817278155231337,0.11914812827558474,0.7464906775734669,-0.001992007338139379,0.10538652587417222,0.7854072214656483,-0.001502589914187795,0.10081621220371888,0.7669385861138722,-0.00022932850492236032,0.07555151398649768,0.43505168276826595,-0.00017801167751573327,0.03961449447847741,0.8199262006389131,-0.003165054857728455,0.03950995076860234,0.8917670281662453,0.2945579166184865,0.7237045581301019,-0.5521697073809656,0.21782178217821782,1.1780569505317895,-2.282396365293721,0.8103825945240192,0.9021993448755722,0.5409836065485085,0.1363636363630729,0.9856850715741382,0.0,0.07589707429141214,0.07739397003119734,0.08610062270235475,0.13516222580703868,0.13950883654110574,0.11914812827558474,0.10538652587417222,0.10081621220371888,0.07555151398649768,0.03961449447847741,0.03950995076860234,0.7768426313690328,0.7360429320434311,0.7799215696765222,0.7174408455925498,0.5821817594014219,0.7836094284640744,0.749628787172076,0.7528627097973425,0.5307063471629389,0.3727993122169704,0.4676724592920775,0.36746391018138824,0.13580782873382963,0.38092898364786026,0.9998999834118362,0.13956650959641198,-0.27989858816824525,0.2899809924948484,0.1857479879454599,0.20345824189940334,0.22980357840993387,0.2780664209545565,0.259530423585204,-0.23549857344157274,0.4039947560409517,0.6492829055015226,0.4344232266396958,0.3381489153562875,0.8086933851110476,0.9998999834118362,0.7658708164773913,0.5708813458393581,0.8393584624745385,0.787004788810504,0.7642360117669031,0.8353063951048019,0.8769194695608884,0.8575688978893319,0.49681885116402147,0.8967376023229292,0.9368646163617502,0.9154874318097015,0.9998999834118362,0.9382461687665579,0.9313170000971998,0.957495141410515,0.9350331590111725,0.9310476815050891,0.9552248593955728,0.9696101109100492,0.9733690988719722,0.8831941503557008,0.9827505317440587,0.9835769956764283,0.9998999834118364,0.6851248978066762,0.48085351416003025,0.7614890829892111,0.7086576833949666,0.6820485211359254,0.7464906775734669,0.7854072214656483,0.7669385861138722,0.43505168276826595,0.8199262006389131,0.8917670281662453,-2.9270833333333335,22.308883720397276,-28.16305038706394,9.947426470588237,0.0,0.1327179493422686,0.1352910067838857,0.17420344116247682,0.2602462780661663,0.269495155891314,0.235236230994002,0.21033941280593912,0.22949687527352527,0.1329360022040912,0.06919917871022849,0.06826459978792887,0.5834562302242928,0.3687129435633767,0.74811803147378,0.6335377163829117,102.44942491481952,2.9474769374473593,1.389424053079537,3.8956426353165665,2.9796634331335534,2.8170624995872857,3.522233423496745,4.327925268839227,4.295690425955347,0.920333057182699,5.9654344183502115,7.549940762866815,0.9998999834118364,0.025986744557922964,0.3483172002416968,13.40364838934209,,-0.94409946223191,18.00476889059245,0.04586870585967769,0.8540357275876557,-0.9541312968204924,10.833205223083496,0.20697136121955842,0.6449493459666097,-0.7930286360422552,30.12500762939453
spatial_1lead_c1_panorama_hybrid_1000000_s42_l0,32.30881118774414,0.4380366140513465,0.7746944818392341,0.47058823529411764,0.9543744120409434,0.7222222222121913,0.34899328858826184,0.9902391410439286,0.9960526315789474,0.05434878170490265,0.8867101253544559,-0.07614835097681227,0.7011766042395285,0.8076725017825369,0.19912728170553842,-0.0845505760638039,0.7155905379402516,-0.000903784159551877,0.07862346925621419,0.40005165623240074,0.0012262378490358878,0.07823743102158986,0.6545801774585125,0.0,0.0,0.9998999834118364,0.002114424952818759,0.0895861842803571,0.7306279271208008,0.004476154495423205,0.1408704796810217,0.6757031836349912,0.002123682056040899,0.023262096061067803,-0.019014731948986004,0.14506712235511654,0.6466613307931005,-0.0007903801649370186,0.12433457652821678,0.7124680512019228,-0.0014566303089802162,0.11023732998300115,0.7520864258742437,0.0015871296829118365,0.10428914733039325,0.7391552609706064,-0.00018726942377791448,0.0775624022976605,0.3714090688282536,-0.0019392537142571835,0.042505435353791976,0.7836739893099427,0.0024531686088419143,0.04233190947947946,0.8681039239737546,0.2828695202703776,0.715256299751559,-0.4500338102171735,0.2125,1.357420400704745,-2.2574880211390917,0.7998681422792563,0.9018867924524048,0.43589743589184743,0.14049586776801448,0.9775051124739379,0.0,0.07823743102158986,0.07862346925621419,0.0895861842803571,0.1408704796810217,0.14506712235511654,0.12433457652821678,0.11023732998300115,0.10428914733039325,0.0775624022976605,0.042505435353791976,0.04233190947947946,0.7371999592813147,0.69853116337858,0.742993924588049,0.6675544798630452,0.535811033258581,0.750166433487543,0.7084201986679569,0.7197090025324963,0.480039185868373,0.28308223962188106,0.4256782855977371,0.3339403300286169,0.14119832492976683,0.3328005647158037,0.9998999834118362,0.09556084142774035,-0.42003072721963064,0.25424405261939226,0.12681029617267747,0.1453284270152354,0.15546011325866277,0.24262361377532446,0.2253867823061147,-0.3244422016847908,0.26318577874019805,0.6121485666102775,0.4029407626852563,0.2974026203832112,0.766834586127252,0.9998999834118362,0.7389302174512502,0.4950182267279497,0.8122426598028227,0.7635606090717149,0.7270167985902488,0.8000297165223045,0.8412196922246419,0.8324944441371488,0.4411461406327874,0.8776993418480807,0.9172084919264134,0.88321019716478,0.9998999834118362,0.9259815077460937,0.9166360731328078,0.9414704120060002,0.9171103726396689,0.9091643273357639,0.9347951890730986,0.943369504910488,0.9575368535410307,0.8349163880952583,0.9698455753561693,0.9688700913928606,0.9998999834118364,0.6545801774585125,0.40005165623240074,0.7306279271208008,0.6757031836349912,0.6466613307931005,0.7124680512019228,0.7520864258742437,0.7391552609706064,0.3714090688282536,0.7836739893099427,0.8681039239737546,-6.375875350140056,22.995117579152044,-35.74686827943216,12.436904761904762,0.0,0.13711895429316445,0.13834618093333095,0.17933007807686616,0.26872965748458044,0.2778102914607695,0.2424662137929409,0.21679233086896335,0.23313963557648892,0.1364898798708195,0.07380052205381854,0.07337210556757974,0.5256808906076841,0.3420238447148716,0.638837375655752,0.5961814507985586,102.44942491481952,2.54936180218668,1.1507139445522403,3.4093120834805335,2.5604041333617404,2.4160971103194298,3.0373453239596238,3.6585711819632003,3.725235527222283,0.57309035362764,5.074547176364892,6.596677825995965,0.9998999834118364,0.025986744557922964,0.39483877242203824,15.193852248330417,,-0.9477229400007977,19.90243867966259,0.051882867823905374,0.83419143233541,-0.9481171292922353,14.232270240783691,0.23842954320635285,0.5685255016053622,-0.7615704558713801,38.36787414550781
spatial_1lead_c1_panorama_hybrid_1010010_s42_l0,29.893890380859375,0.5061802870121023,0.8593093373424914,0.5637065637065637,0.9636015325665883,0.6636363636303305,0.48993288590275214,0.9819424109316828,0.9906578947368421,0.06754032764283399,0.8735020468788038,-0.07859841779486931,0.7046045898570767,0.8052224349644799,0.20246599366267523,-0.09041166386102695,0.7097294501430286,-0.002140852550512828,0.07737150782815778,0.4397825255608097,-0.0018944091324286625,0.0777146076822669,0.6663052727147546,0.0,0.0,0.9998999834118364,-0.0021735685196590214,0.08697884154130368,0.7487431334344393,-0.0015058823785274636,0.13806702457489026,0.6902425395818649,-0.0015746263047489765,0.014901140592235894,-0.018050393201733846,0.14224742672308957,0.6623274326969645,-0.0011264011488490552,0.1206353330063498,0.7318002072104524,-0.0005784998933487508,0.10689209352246765,0.7742300794056689,0.0010198627963222686,0.1019366851343228,0.7555447622473143,-0.0006616459579742211,0.07692709859041236,0.3935631980518651,0.00040137115793743925,0.039808578834381776,0.8087724662249396,-0.004448784352699695,0.04035551205117005,0.8830245811177948,0.2834948280897261,0.7188815088982407,-0.3731672224502604,0.22291021671826625,1.389106875489689,-2.1354413203902096,0.7544117827500616,0.9026924893713261,0.4444444444389575,0.1487603305778977,0.9769938650301754,0.0,0.0777146076822669,0.07737150782815778,0.08697884154130368,0.13806702457489026,0.14224742672308957,0.1206353330063498,0.10689209352246765,0.1019366851343228,0.07692709859041236,0.039808578834381776,0.04035551205117005,0.7652820731505836,0.7212875947210183,0.7673391955999073,0.7049591097332,0.5633013888943016,0.7715819300293154,0.7396349843345122,0.7379399374687693,0.5180983617854421,0.33639174218111245,0.44666175085566157,0.3679728458346246,0.16084180223947503,0.34271903738773285,0.9998999834118362,0.07822739011412819,-0.37641723635891483,0.27439727778457845,0.1523549881105101,0.1321435716310734,0.17110277393373652,0.2606502976773353,0.23123950801960338,-0.3357278740720208,0.34069499601438363,0.615579915805839,0.43055460801963896,0.30995358947330487,0.7946870790804494,0.9998999834118362,0.7589530079689516,0.5464929868697068,0.8275386144118009,0.7747475514745634,0.7433815293642345,0.8303528635413848,0.8666297746493001,0.849960207955147,0.4648936017009926,0.8968478115097998,0.9342633788616488,0.9081896758811816,0.9998999834118362,0.9384505102747122,0.9341968492453687,0.9543104661707525,0.9299067323735337,0.9235476062692632,0.9544448088283123,0.9688093490767213,0.9707881547125806,0.8862987834541955,0.9829018901477404,0.9833393307072019,0.9998999834118364,0.6663052727147546,0.4397825255608097,0.7487431334344393,0.6902425395818649,0.6623274326969645,0.7318002072104524,0.7742300794056689,0.7555447622473143,0.3935631980518651,0.8087724662249396,0.8830245811177948,-2.5057072829131655,22.855631455474125,-27.867046021300453,9.815966386554623,0.0,0.13528754988702982,0.13472987845211198,0.17461566325815417,0.26182004407395226,0.27229765051664784,0.2367541963381969,0.21160236171968136,0.23051298154151173,0.13452249153396295,0.0688320647019485,0.07011950559148668,0.602980147208562,0.40552349949127764,0.7631576838657907,0.6402592585349522,102.44942491481952,2.729296885678913,1.4200434446854797,3.789367337006036,2.832215431403689,2.6754897851675956,3.4156416879420695,4.1848169182105455,4.166654387541311,0.7526041323001504,5.8939654119160885,7.341155043180822,0.9998999834118364,0.025986744557922964,0.3072319116951146,11.822639006885733,,-0.9438084826455183,21.85380135972305,0.04525995864561963,0.8290224767029234,-0.9547400393940194,11.470993995666504,0.21711806532637729,0.6188628355303745,-0.7828819401691152,31.28880500793457
spatial_1lead_c1_panorama_hybrid_1110000_s42_l0,26.817153930664062,0.5312943134839206,0.8636951729604555,0.5363984674329502,0.9621284755508331,0.6249999999944196,0.4697986577149678,0.979502196192787,0.9963157894736843,0.058979362820185,0.8695119137535173,-0.07163197481515438,0.713485501377973,0.8121888779441948,0.19230281685789427,-0.08902628816647484,0.7111148258375807,-0.0007268465464703319,0.07730006911131194,0.4782474012923095,-0.001472928042682735,0.07580346917542459,0.6847697168293371,0.0,0.0,0.9998999834118364,-0.0027512304638286546,0.08590993717808801,0.7601739195672877,-0.0035072872265352966,0.13542121373803723,0.7071964718125984,-0.002703677663972301,0.014736469780247946,-0.02014382510819255,0.1397178380345438,0.6819255595597848,-0.004442539674806478,0.11900201278480411,0.7467138348003836,-0.003886799920556189,0.1054236332711135,0.7856846281141388,-0.0028103925942750936,0.10089075185620378,0.7659780138862226,-0.00015833095541565426,0.07560741049537555,0.4345974881716194,-0.0016297399326120677,0.03963535088029657,0.8177155638942911,-0.0004308257395713044,0.03928957748519001,0.8907705448574682,0.2924402834906237,0.7254094204735588,-0.5757278860846655,0.2033898305084746,1.1515023564885085,-2.3029581286578393,0.8199024888585094,0.9011655011650811,0.5660377358383767,0.12396694214824808,0.9882413087929508,0.0,0.07580346917542459,0.07730006911131194,0.08590993717808801,0.13542121373803723,0.1397178380345438,0.11900201278480411,0.1054236332711135,0.10089075185620378,0.07560741049537555,0.03963535088029657,0.03928957748519001,0.7761907493917497,0.7356438358448757,0.7794061959680051,0.7149454218353916,0.582569804645563,0.7834913863138728,0.748887549753629,0.7515468268751272,0.5352490120949848,0.3692303498082382,0.4748981256999581,0.36598971981936623,0.1438594303768871,0.3812305603988203,0.9998999834118362,0.14645394211025967,-0.2925733863242506,0.27299021196613266,0.18801591737266757,0.20268845988887246,0.22643820310298512,0.29578186954624375,0.26156553420292566,-0.22153881195704941,0.39655484844808736,0.6423680155187715,0.4304583650588491,0.3363894748527191,0.8075560132021404,0.9998999834118362,0.7658396103335785,0.5819936887848498,0.8399277241439611,0.7881636190293633,0.7583207217384704,0.8352268304252062,0.8749803307390335,0.857087616720012,0.4927411273976871,0.8911689585883862,0.9363849161103006,0.9159008843463942,0.9998999834118362,0.9391428697576749,0.9306655060382653,0.9573271913411256,0.9343720370519325,0.9295833009877933,0.9546539459718517,0.9695994293332709,0.9728579929623056,0.8901280293591105,0.9818027532070477,0.9837061153587267,0.9998999834118364,0.6847697168293371,0.4782474012923095,0.7601739195672877,0.7071964718125984,0.6819255595597848,0.7467138348003836,0.7856846281141388,0.7659780138862226,0.4345974881716194,0.8177155638942911,0.8907705448574682,-2.416421568627451,23.36892682756391,-28.201769964818816,10.101190476190474,0.0,0.13293895531391173,0.13559570582379946,0.1740511059076338,0.2605827894143843,0.27009019949398416,0.235044941915278,0.21044165671342047,0.2296632695432968,0.13336929637157724,0.0692912700824957,0.06797421615822279,0.5841482343100642,0.37076460804433753,0.7465391320588605,0.6351409619102445,102.44942491481952,2.9416942256296514,1.3718189838718395,3.9297518589259215,2.969842504296391,2.7996774548453134,3.5176583284032645,4.319595548595589,4.28731858220217,0.8960780031825616,5.890862917805183,7.611892697561456,0.9998999834118364,0.025986744557922964,0.3508367840126715,13.500604884543025,,-0.9387062558283293,17.98333780181162,0.05031942419517098,0.8516110171234637,-0.9496805754013511,11.488171577453613,0.21421923060680284,0.637988969670015,-0.7857807658707339,30.976394653320312
spatial_1lead_cm1_capacity_matched_1000000_s42_l0,29.997825622558594,0.3479836574183288,0.780618144061107,0.4444444444444444,0.9556085918849854,0.5436893203830709,0.3758389261719743,0.9770619814538911,0.9952631578947368,0.05433627959310768,0.857164617461673,-0.08342798349018554,0.6982108138170416,0.8003928692691636,0.19667797908186913,-0.0895555465112774,0.7105855674927781,0.004604284147665783,0.07904739970362847,0.40178288595487854,5.297823938104324e-05,0.07784166261168975,0.6577205378790204,0.0,0.0,0.9998999834118364,0.009764495728817827,0.08966368792206181,0.7229075469771026,0.008595282248192625,0.14046763158706604,0.6774382809498826,0.006269939606892623,0.030925908419927914,-0.018386029206142664,0.14423542631501773,0.653085479095982,-0.0015718985651576168,0.12288276601895164,0.7195016513223784,-0.002444404726710488,0.10821999560341146,0.7620549228594692,-0.001940780599829197,0.10300054748716089,0.7456874932670338,0.0001750886577184255,0.0775175634060702,0.37292125733329423,0.001608016227459871,0.042022424129963556,0.788355040660313,0.011855826449357433,0.0431849874435084,0.8657110461606331,0.2752274021082235,0.704919383460934,-0.47703174760445155,0.2012987012987013,1.3173810748430985,-2.271444570052002,0.8029386127320657,0.9010318949339113,0.46969696968985303,0.12809917355318967,0.9821063394678006,0.0,0.07784166261168975,0.07904739970362847,0.08966368792206181,0.14046763158706604,0.14423542631501773,0.12288276601895164,0.10821999560341146,0.10300054748716089,0.0775175634060702,0.042022424129963556,0.0431849874435084,0.7403895557316107,0.7046082293300574,0.7489347988792362,0.6727773921644385,0.5344030068127614,0.7583240610498091,0.7080861282206402,0.7179970837761338,0.4820711627232632,0.2982993870239098,0.4307340689400135,0.3277801804338693,0.12254686804355104,0.33752155206050305,0.9998999834118362,0.09450111774733745,-0.37896582736959333,0.24411647295907998,0.12637479729092085,0.1342197184371101,0.1774041830132411,0.24766811629320556,0.22335749386081555,-0.3112693377536607,0.28749998687965544,0.62009321661548,0.4062795031260268,0.29796133739886455,0.7725749337546237,0.9998999834118362,0.7451576509544673,0.48417604028044114,0.8005196832296235,0.7645303865157069,0.7321094527726173,0.8077671292973758,0.8534412931938603,0.8389313196264577,0.43054400287157185,0.8789309952274282,0.9113287485569095,0.8864081755996636,0.9998999834118362,0.9277146530199263,0.9067839363822001,0.9432816724400243,0.9182322818280172,0.9146313406031874,0.9400398888751673,0.9554350172634155,0.959906865071387,0.8466694506514042,0.9726510402353923,0.9654661076208264,0.9998999834118364,0.6577205378790204,0.40178288595487854,0.7229075469771026,0.6774382809498826,0.653085479095982,0.7195016513223784,0.7620549228594692,0.7456874932670338,0.37292125733329423,0.788355040660313,0.8657110461606331,1.1327380952380954,30.19058122600326,-27.925105035527068,11.267086834733893,0.0,0.13646487375791008,0.1390150689148632,0.17948505753779226,0.26813890979916316,0.2762535424316081,0.24112823920784132,0.21441116883450156,0.23205504456571854,0.13624990310876797,0.07320379655059644,0.07546397172711206,0.5475107285545627,0.33414562477850096,0.6941763985229015,0.6142101604808271,102.44942491481952,2.601402259385183,1.089625306158199,3.3284997452427083,2.592846499015543,2.494011101330724,3.1322885186169804,3.898451699955677,3.9062019291422088,0.5940144166272648,5.150598325444683,6.234906247954061,0.9998999834118364,0.025986744557922964,0.39353386648231997,15.143637959788213,,-0.9381533818105622,21.884652190469282,0.0558063127136628,0.8210689932807499,-0.9441936847731106,16.848934173583984,0.21471175952674595,0.6167330806929531,-0.7852882375585216,37.83737564086914
spatial_1lead_cm1_capacity_matched_1010010_s42_l0,32.721160888671875,0.5721330407379489,0.8760780344643482,0.5857142857142857,0.9675858732457825,0.6259541984685042,0.5503355704661052,0.9760858955583328,0.9917105263157895,0.06700667962732335,0.8762480878707105,-0.07913232374541834,0.702704813827793,0.8046885290139308,0.19571195915341377,-0.0813621014073399,0.7187790125967156,0.0012063336825764764,0.07742115424627032,0.43954998324416394,0.02363950582127653,0.08101826092366558,0.6651304300224018,0.0,0.0,0.9998999834118364,-0.010533133174235682,0.08756745778529967,0.7475229586677187,-0.0022451294591684517,0.1378736802287131,0.6911819597440991,0.009115785576216654,0.03787014394794151,-0.0196385727955082,0.1430742550147919,0.6658471081352928,0.01629113495549647,0.12227260523338095,0.7312570454203338,0.019242745839818075,0.10878729949788782,0.7725265863466315,0.015815200420062268,0.10380036611858681,0.7542708284938475,0.008348044665768377,0.0776347110430444,0.3892268455427344,0.01711054163377524,0.04323291010101044,0.8088138738324334,-0.010763881054691622,0.04277549674786649,0.8840577849196039,0.27750408363490464,0.7167858168973618,-0.31683790124222344,0.23931623931623933,1.4799527778269046,-2.1136285803113517,0.7526977170707465,0.9042604116797969,0.3853211009138961,0.17355371900754732,0.9657464212674,0.0,0.08101826092366558,0.07742115424627032,0.08756745778529967,0.1378736802287131,0.1430742550147919,0.12227260523338095,0.10878729949788782,0.10380036611858681,0.0776347110430444,0.04323291010101044,0.04277549674786649,0.764711961472296,0.7226387854646238,0.7673631137564237,0.702945028395072,0.561648051148413,0.7704774398026899,0.7381832347012085,0.7380117715093003,0.5172403010238656,0.34498876395165845,0.45239054905347703,0.3643499924443649,0.16063341715463955,0.3475189431957163,0.9998999834118362,0.07755041481493012,-0.3933597351170773,0.27260820577329153,0.15067299476174792,0.1413305577918311,0.15348784056004283,0.2523875620719004,0.2230203542687312,-0.3407062802601956,0.3423557405822472,0.615577845499714,0.434026647191606,0.3223881425676128,0.7936526162184239,0.9998999834118362,0.756462432034535,0.546077811679224,0.8259004118104325,0.7771464139737347,0.7450039614659736,0.8306671489727633,0.866705328948649,0.8509548493808432,0.4582325822436599,0.8975450998689025,0.9341314461462238,0.908975422045457,0.9998999834118362,0.9369335527205408,0.9320908733896057,0.9557126900913865,0.9304940012005132,0.9258669120348634,0.9552603721163734,0.9686956320291764,0.9705746270938016,0.887019666132364,0.9817725487896218,0.9830013279335514,0.9998999834118364,0.6651304300224018,0.43954998324416394,0.7475229586677187,0.6911819597440991,0.6658471081352928,0.7312570454203338,0.7725265863466315,0.7542708284938475,0.3892268455427344,0.8088138738324334,0.8840577849196039,-1.2566176470588237,23.908163032473944,-26.421398326591593,9.661624649859943,0.0,0.13834287553153488,0.13458666551976464,0.17535254815742418,0.2616048181121526,0.27157651326027266,0.23764166183317556,0.2134715888233458,0.2317465520617844,0.13493569378224246,0.0718955491259027,0.07242861598724458,0.6084655808575754,0.41770143366251006,0.7661009756767345,0.6415943317668688,102.44942491481952,2.353322095867208,1.4098830101626525,3.6646751907645365,2.781040738455572,2.644557882467892,3.2828588919175385,3.9781702551028615,3.9122768132763794,0.6738306222475404,5.245850997256815,6.775161053216429,0.9998999834118364,0.025986744557922964,0.30356220462857314,11.68142443816023,,-0.9419838429117131,23.823657413620328,0.04191154547846652,0.8142639008307399,-0.9580884539149084,14.199787139892578,0.23336104252883053,0.573559443570667,-0.7666389557423788,41.07773971557617
spatial_1lead_cm1_capacity_matched_1110000_s42_l0,28.248626708984375,0.5334090026426146,0.8461976868729549,0.5543071161048689,0.9639423076918443,0.6271186440624821,0.49664429529868026,0.9785261102972287,0.9947368421052631,0.05925221376181129,0.8629304299701307,-0.07432292752450886,0.7114388268014893,0.8094979252348403,0.17683413003881773,-0.0852158250827767,0.7149252889212788,-9.804315297219728e-05,0.07712531896355022,0.4829679938777683,-0.004239946553279041,0.07578195962465971,0.6857727966786908,0.0,0.0,0.9998999834118364,-0.0004712489861312227,0.085697805711198,0.7612914173651518,0.0015263439746658549,0.13552881212095033,0.7091143239059438,-0.003384323427348902,0.01902980421302727,-0.025798451067725072,0.13948386067711077,0.682742102369975,-0.0049885369398030305,0.11895823211934814,0.7469995031162501,-0.005360578963738574,0.1054753808267493,0.786032258277409,-0.003506717832636057,0.10096661761567435,0.7672055868080351,-0.0018709844623744643,0.07547582167230744,0.4347809233094047,-0.0017766905070191535,0.039399401440268184,0.819892192116183,0.0011201679523959545,0.04003647248158284,0.8918470284088889,0.2879569530703301,0.7235968159002181,-0.524949327621515,0.21262458471760798,1.2102292411343964,-2.2601278963774267,0.7985344497439992,0.9018232819070118,0.5423728813467394,0.1322314049581313,0.9861963190179007,0.0,0.07578195962465971,0.07712531896355022,0.085697805711198,0.13552881212095033,0.13948386067711077,0.11895823211934814,0.1054753808267493,0.10096661761567435,0.07547582167230744,0.039399401440268184,0.04003647248158284,0.7771489621392219,0.736660407169133,0.7803120133353498,0.7157797277020028,0.5830365559206938,0.78448271591368,0.7496635609531441,0.7526913488520014,0.5349280834562792,0.3773048583212447,0.47767406596551015,0.37138891924132683,0.12497256013015408,0.38334162954570394,0.9998999834118362,0.14760103005423703,-0.28056422954332916,0.29110339332925317,0.1890198889048011,0.20900006416595204,0.2271059605082,0.29136222251531374,0.2705234963607284,-0.2404253942301274,0.40217039899661944,0.6567084629061993,0.4328524925813774,0.33724443366593454,0.8092060136947556,0.9998999834118362,0.7682133190620661,0.5759192151070678,0.83834722609754,0.7905356798872056,0.7605575773842324,0.835735222218881,0.8751165842582556,0.858819534597135,0.5052944151075834,0.8939903101847143,0.937021161974035,0.914677422896284,0.9998999834118362,0.940424652203418,0.9276035216931797,0.958015422463576,0.9334896516977814,0.9296539388412057,0.9548982095627282,0.9696576875722736,0.9726754221430124,0.8859461905370741,0.9823504693515934,0.9834451908554609,0.9998999834118364,0.6857727966786908,0.4829679938777683,0.7612914173651518,0.7091143239059438,0.682742102369975,0.7469995031162501,0.786032258277409,0.7672055868080351,0.4347809233094047,0.819892192116183,0.8918470284088889,-2.6781162464986,22.90456777266973,-28.26080026566693,10.028746498599437,0.0,0.1325105023750593,0.13476850023639747,0.17343559137452202,0.25955155474081665,0.2687978882508904,0.23469924637267855,0.21042979427543806,0.22957344679413408,0.13284812367416982,0.06851846796328616,0.06889662850918309,0.5873061956193738,0.37881582528978835,0.7471653507617421,0.6359374084436701,102.44942491481952,2.9697584780361743,1.4127160310574527,3.9323311875894675,2.972943114222744,2.8162693879289744,3.5192607989318425,4.311401296626723,4.28596855225313,0.9215170067180128,5.975840140260969,7.444495127727317,0.9998999834118364,0.025986744557922964,0.3664659673988486,14.102033922717144,,-0.9381567950098915,18.920974165570772,0.049756086274994345,0.8482466442197928,-0.9502439137326109,10.169905662536621,0.2124737185026996,0.6327641251480308,-0.7875262808546212,31.00685691833496
spatial_1lead_d1_panorama_relative_1000000_s42_l0,29.498491287231445,0.4620509597184061,0.8277978126504661,0.49206349206349204,0.9584725536988266,0.6019417475669714,0.4161073825475429,0.9799902391405662,0.9959210526315789,0.05429642331305771,0.8647134794254311,-0.07842918389428377,0.6908402476317349,0.8053916688650654,0.18014242934683958,-0.07883651217175869,0.7213046018322968,-0.0010034391831719829,0.07856860740282455,0.4061702426550877,0.005019519701612865,0.07770522456359853,0.6601780486769864,0.0,0.0,0.9998999834118364,-0.010666535614287593,0.0891024592500643,0.7353500484953016,-0.004762648925594169,0.13945881878834543,0.6815580482414487,-0.0001637231667370775,0.022395827169214604,-0.022723273502688757,0.1432404173321889,0.6561771372870434,0.002969720985456546,0.12201278386164734,0.7245008339805785,0.005371045838252945,0.1074272262308804,0.769109218531795,0.007534091160948337,0.10260377132956001,0.7509293375376568,0.0013942898775327638,0.07748097204570645,0.37511901556794813,0.0030835836813203265,0.04411757933332961,0.7771896635348721,-0.007661226489777168,0.042162064097104955,0.8756322676187839,0.2815995071967158,0.7141070492994643,-0.44051976417626987,0.20689655172413793,1.3375406655965634,-2.218580193949103,0.7851682503392048,0.9014615747284764,0.42857142856586267,0.1363636363630729,0.9775051124739379,0.0,0.07770522456359853,0.07856860740282455,0.0891024592500643,0.13945881878834543,0.1432404173321889,0.12201278386164734,0.1074272262308804,0.10260377132956001,0.07748097204570645,0.04411757933332961,0.042162064097104955,0.7489915973772119,0.7097673694004832,0.7573082536145882,0.6697870471208561,0.5401135158615257,0.7648673003768631,0.7157557090673538,0.7265640579931977,0.48421296572504374,0.3004442825840414,0.4409724375912083,0.3322418019944427,0.12809358140284816,0.3341271894404658,0.9998999834118362,0.09636504783411,-0.41533787629813124,0.23974277384558604,0.11973749297590014,0.14533158709755142,0.17809850367422242,0.2652896559801346,0.22225537756115252,-0.3185690939459146,0.2331595276168037,0.6112423272231604,0.40250278359222896,0.28227562258091915,0.7813244648190248,0.9998999834118362,0.7442448442172633,0.5044145959301745,0.8141856540471792,0.7698400168693909,0.7334789943518482,0.8162114540590707,0.8615817385265268,0.8451424938660381,0.43634639209469106,0.8743997420269964,0.9263951229669496,0.895859960840438,0.9998999834118362,0.93117893297344,0.9197649767553262,0.9527868625904313,0.9216942400730238,0.9178582579999747,0.9468394044660862,0.9652150357752883,0.9683012415847781,0.8511956022026574,0.9726955487584691,0.9773379259738629,0.9998999834118364,0.6601780486769864,0.4061702426550877,0.7353500484953016,0.6815580482414487,0.6561771372870434,0.7245008339805785,0.769109218531795,0.7509293375376568,0.37511901556794813,0.7771896635348721,0.8756322676187839,-1.1087535014005603,27.440978717229694,-29.658485720030814,11.115581232492996,0.0,0.1360697150430933,0.13753331784456338,0.17762202460205853,0.2659866382154463,0.2744923821357888,0.2391449047974296,0.21292661145818365,0.23141606457665748,0.13598900574178266,0.07746694047756061,0.07191668351304446,0.4979154522549648,0.2441511620912934,0.6530361990304142,0.5965589953878884,102.44942491481952,2.6347057326675904,1.1579565158179463,3.4759382361461033,2.652304344165011,2.5240582371406055,3.2415442044898723,4.0808167393418,4.045112398982078,0.6033682641010804,4.933526386862948,6.8869395264942215,0.9998999834118364,0.025986744557922964,0.4229484270118501,16.275544241164113,,-0.9386388185062402,22.68245645838541,0.05425833872474911,0.815668236691023,-0.9457416616269959,16.046571731567383,0.2182874876448702,0.6199681326261546,-0.7817125100039108,38.180355072021484
spatial_1lead_d1_panorama_relative_1010010_s42_l0,29.373245239257812,0.50943374284933,0.84595038994304,0.536,0.9608965188359748,0.6633663366270953,0.4496644295271835,0.9834065397750203,0.9922368421052632,0.0694741322658956,0.880897598631268,-0.07818162317873922,0.7025308903568361,0.80563922958061,0.1971071163813273,-0.08598431257970285,0.7141568014243527,-0.0029648796984728166,0.07743077785802577,0.44418408698270584,0.005934493864569079,0.07748710315153447,0.6661547333781747,0.0,0.0,0.9998999834118364,-0.002694962924659269,0.08683311109605875,0.7496118886613471,0.0024303925986504703,0.13786169270259596,0.692605942978171,0.0028231361156628772,0.02249872649543789,-0.016852454264112138,0.1418749488661906,0.6659368905968175,0.0037367740665573785,0.12016789546570314,0.7342052428999373,0.0028673060434317825,0.10635273856321527,0.7760896370730315,0.0024259521275679084,0.10166179176184534,0.756766945495851,0.0008312564472060113,0.07682021339061992,0.39202036997210205,0.0031805402252752216,0.03967094682458676,0.8093259121181521,-0.001438908836179234,0.03991726672807407,0.8850053621286926,0.2723929463685858,0.7156767057073806,-0.3796281056306442,0.22153846153846155,1.3850666249726373,-2.144322836233926,0.756215514317781,0.902600472812812,0.4337349397538104,0.1487603305778977,0.9759713701426503,0.0,0.07748710315153447,0.07743077785802577,0.08683311109605875,0.13786169270259596,0.1418749488661906,0.12016789546570314,0.10635273856321527,0.10166179176184534,0.07682021339061992,0.03967094682458676,0.03991726672807407,0.76695340590662,0.7240765946034013,0.76947862695168,0.7060960630013647,0.564289624916253,0.7737273741921681,0.7411083278085925,0.7394639967451576,0.5129884309966977,0.3417043624271852,0.45417833576130806,0.37351354449422947,0.1582107376778145,0.34692998049574175,0.9998999834118362,0.08390422886767561,-0.38164986916251986,0.26352765810195516,0.1571064069087768,0.13801480310673206,0.1756287118951716,0.26953768838913456,0.23426395226478822,-0.3358138588591405,0.34399713700697815,0.6113246028452031,0.4320735034375188,0.31136203165085,0.7975830122515254,0.9998999834118362,0.7600283533400174,0.5544095061525838,0.829186347481206,0.7758779413133532,0.7460223121760956,0.8299028762316398,0.8672516353443491,0.8516569517231927,0.46389692409295596,0.8977722853696152,0.93612095843955,0.91117289475601,0.9998999834118362,0.9389904113086027,0.9331218361174008,0.9569579794279475,0.9327155408533027,0.9277770873783532,0.9557547813840284,0.969730230704808,0.9715268966442826,0.8872059297455724,0.9831782774976979,0.9838779030872393,0.9998999834118364,0.6661547333781747,0.44418408698270584,0.7496118886613471,0.692605942978171,0.6659368905968175,0.7342052428999373,0.7760896370730315,0.756766945495851,0.39202036997210205,0.8093259121181521,0.8850053621286926,-2.2530287114845935,23.14436344371652,-27.650420866685707,9.786502100840336,0.0,0.13517095169744242,0.13471597235998714,0.17437474083141336,0.2610328841116986,0.27087252263791356,0.2357306799668513,0.2111767333617425,0.23017389046815626,0.13424321218536053,0.06852602928792817,0.06899525210039904,0.6003076734016087,0.40109510339738824,0.7627903278563589,0.6370375902660672,102.44942491481952,2.737908242743924,1.4181953569757346,3.8152785136767493,2.8442163823087827,2.717500414649738,3.454241934781145,4.2258158583774135,4.1795727539958705,0.7596733999472823,5.934461498064907,7.481781252932438,0.9998999834118364,0.025986744557922964,0.34008788402490087,13.08697479131677,,-0.9445204766050069,22.268983933641795,0.044305139748034364,0.8270679713838863,-0.9556948609506406,11.897293090820312,0.21411115409021075,0.6221741176667579,-0.7858888471486498,33.821929931640625
spatial_1lead_d1_panorama_relative_1110000_s42_l0,27.680044174194336,0.5471942281059659,0.8604311810311791,0.51985559566787,0.9628019323666847,0.5624999999956055,0.48322147650682407,0.9726695949238786,0.9955263157894737,0.05838584707629296,0.8578894948285685,-0.07391622701651579,0.7146515524389843,0.8099046257428334,0.1924966759979725,-0.09919466789238485,0.7009464461116707,-0.0010986428108208297,0.07713843908321362,0.47747228141643316,-0.0013717724223523877,0.0756333856043505,0.6860686999286822,0.0,0.0,0.9998999834118364,-0.003603595182294008,0.08580305331059881,0.7604022178240843,-0.003183670144182633,0.13511845656994767,0.7089013151627306,-0.005047032935809569,0.015446462396564564,-0.0255405282681837,0.13929261983745975,0.682957478080771,-0.005965105944193145,0.11888900789763537,0.7462781197259526,-0.008280987192782505,0.10588870257320514,0.78422742590854,-0.006501287999064277,0.1014367786804162,0.7664442860075912,-0.0006345034381802711,0.07554488659073946,0.4345054020087782,-0.003652448738405058,0.04031974554503094,0.8169540108868796,-0.0009318453296186016,0.039928829626337405,0.8908646005016985,0.28566925468508325,0.7222194054318986,-0.5207638262919768,0.22435897435897437,1.2211311893616932,-2.2626588419456466,0.8009180289137514,0.9027255639093502,0.4999999999928571,0.14462809917295608,0.9821063394678006,0.0,0.0756333856043505,0.07713843908321362,0.08580305331059881,0.13511845656994767,0.13929261983745975,0.11888900789763537,0.10588870257320514,0.1014367786804162,0.07554488659073946,0.04031974554503094,0.039928829626337405,0.7761120444034754,0.7365796983440603,0.7795366570898936,0.7138319037330426,0.5831040956257993,0.7829035530772227,0.7489187236735566,0.7524750496136627,0.5378309134099271,0.38420088474848524,0.4707479189443514,0.3721753932838579,0.14861845702298657,0.3805411129376749,0.9998999834118362,0.15184136824142597,-0.29952433623848757,0.290277675500883,0.1867841702193968,0.19036164100253192,0.21842208614175007,0.29781821411535847,0.26896065655416,-0.21829475677996849,0.4039047473396472,0.6441615454202193,0.43906894243313127,0.34795648838662924,0.8067045266168,0.9998999834118362,0.7685846741370634,0.5754876585766093,0.8387536956906683,0.7876888335447436,0.7610462576319693,0.8364013113437625,0.8740086035823351,0.8554157218806834,0.49477760231927215,0.8929005885885019,0.9368982634705174,0.913261187886803,0.9998999834118362,0.9391725637025036,0.9312104906178582,0.9585144521408827,0.9352720270158702,0.9282009590872485,0.95412727180064,0.968821434097383,0.9715709972212035,0.8842341850026969,0.9805956238935204,0.9833017741672401,0.9998999834118364,0.6860686999286822,0.47747228141643316,0.7604022178240843,0.7089013151627306,0.682957478080771,0.7462781197259526,0.78422742590854,0.7664442860075912,0.4345054020087782,0.8169540108868796,0.8908646005016985,-2.1817051820728293,23.560282165423995,-27.923692529569653,9.91496848739496,0.0,0.13211506773127318,0.1350380554268861,0.17362775667389918,0.2602838418053747,0.26934382861397943,0.23489390338284663,0.2108300460939411,0.22984023104535584,0.13315021215278558,0.06926766907020303,0.06918249905443306,0.5854549417165251,0.3760564999866687,0.7456218951426091,0.6346864285478232,102.44942491481952,2.9668270187871078,1.38238069202747,3.9208889079941027,2.9835330090806123,2.8224988844440064,3.5186617362451647,4.267110986777457,4.227468448826955,0.8919412049733522,5.824697135709336,7.38752336938971,0.9998999834118364,0.025986744557922964,0.3777961793448393,14.538033571874294,,-0.9401799734191746,18.24585567532278,0.05006384672855447,0.8510279554751353,-0.9499361557829421,12.21753215789795,0.21755974470268336,0.6335225938357127,-0.7824402551950144,30.50311851501465
spatial_1lead_e1_panorama_film_1000000_s42_l0,29.87038230895996,0.44324247670836875,0.8345436143347057,0.4745762711864407,0.9559450497390072,0.6436781609121416,0.3758389261719743,0.9848706686183578,0.9956578947368421,0.05427928812681667,0.8813176273203203,-0.0751785006989486,0.6968480842313939,0.8086423520604006,0.19870811328291893,-0.08947158632282282,0.7106695276812327,-0.003044262231481523,0.078018927126562,0.41918938379920345,-0.0024926121530410394,0.07749471575098701,0.6617603353033321,0.0,0.0,0.9998999834118364,7.676894378894703e-05,0.08784155863728857,0.7429148672852492,-0.001440729795342959,0.13904699006180488,0.6825374417406351,-0.0024642909524116782,0.014472177203692257,-0.019400759108515613,0.14306753570571312,0.657714366605067,-0.001983885147663635,0.12162224218084318,0.7268021983339716,-0.0007322375329842445,0.10721493698464164,0.7697256609289235,0.0008532887151234322,0.10240267892694233,0.7524513776325639,-0.004219292504510287,0.07717196681945655,0.38476918835576335,-0.001757159356148559,0.041417196437198656,0.7950284161622043,0.0017783274114010184,0.040911885884626964,0.8795857614498162,0.2803213785716544,0.7131479321942235,-0.4163114742008078,0.23384615384615384,1.3794926665989986,-2.2121156150006143,0.7828454837286506,0.9035460992903529,0.45783132529568876,0.1570247933877809,0.9769938650301754,0.0,0.07749471575098701,0.078018927126562,0.08784155863728857,0.13904699006180488,0.14306753570571312,0.12162224218084318,0.10721493698464164,0.10240267892694233,0.07717196681945655,0.041417196437198656,0.040911885884626964,0.7538798810490311,0.7124647729653699,0.7597865909434619,0.6825151372540319,0.545395538669715,0.7662459573421002,0.723292813110189,0.7307309145869232,0.49328891634235594,0.3112577200813662,0.4410720392706672,0.332379174084831,0.14162812338747588,0.34693527865622037,0.9998999834118362,0.08117819772897898,-0.3795725000125925,0.25130895026808686,0.11876317195742035,0.15366189852688117,0.17345192050390976,0.25472809726932977,0.23672551127435967,-0.2887985911066515,0.30624577915452494,0.614304678239292,0.39645470373240316,0.29760912422476915,0.7847631194974615,0.9998999834118362,0.7474253114812055,0.5177593989868854,0.8208933422165707,0.7725011275800795,0.7358245483326095,0.8183221710452355,0.8613252394180491,0.8469937236475525,0.4450300657348586,0.8828052977140554,0.9292636778633862,0.9011345461842376,0.9998999834118362,0.9302351527495264,0.9226222018433071,0.9529368138723258,0.922750992104839,0.9175695225009766,0.9502289885980602,0.9656277798675517,0.9695599399547535,0.8513419885045226,0.976528325857464,0.9794738432582882,0.9998999834118364,0.6617603353033321,0.41918938379920345,0.7429148672852492,0.6825374417406351,0.657714366605067,0.7268021983339716,0.7697256609289235,0.7524513776325639,0.38476918835576335,0.7950284161622043,0.8795857614498162,0.04730392156862751,27.38290909092711,-27.288301247789857,10.87174369747899,0.0,0.13549369088524155,0.1364445559363495,0.17636706941913502,0.2661147408903081,0.27544467059367067,0.23914233640231117,0.2133028312084536,0.2315474398490853,0.1353236195480267,0.07211149241792837,0.07066651657308128,0.5186477650309123,0.26775432999561477,0.6832505517375085,0.6049384136681142,102.44942491481952,2.6682027370429267,1.2404437434908162,3.6112305522293737,2.671715181927342,2.552347143449679,3.2934307262451132,4.106335708661545,4.064235667141991,0.6455889437840581,5.385601471265757,7.140594924619263,0.9998999834118364,0.025986744557922964,0.4425444578395021,17.029622153073994,,-0.9463034738415455,19.208246749531774,0.04408290357043709,0.8437326502663799,-0.9559170994763952,11.65985107421875,0.21990171053523766,0.6098871112425144,-0.7800982930814659,42.38656997680664
spatial_1lead_e1_panorama_film_1010010_s42_l0,29.688814163208008,0.5308495155458738,0.8682808113959666,0.5214007782101168,0.9607655502387747,0.6203703703646262,0.4496644295271835,0.9799902391405662,0.9938157894736842,0.06871109567732821,0.8748431639756671,-0.08159492177807648,0.69877735617387,0.8022259309812727,0.20727804924050966,-0.09721894323591929,0.7029221707681362,-0.00044165863899554907,0.07700019711100285,0.4522509464210857,-0.001668416259276974,0.07730622293068233,0.6689538573036181,0.0,0.0,0.9998999834118364,0.00011593933146515439,0.08677079233501356,0.750970271635002,0.0010125382856605036,0.1373609326929193,0.6945371286260742,-0.00039173088303914074,0.02011831398242506,-0.020901775748503344,0.14120643954823206,0.6689060336673377,-0.0017701029176625364,0.11983225072726884,0.736112273044359,-0.000825593304056194,0.10640459243783398,0.7769161818017922,-0.0005026585124134121,0.10176965813028577,0.7571429826831655,-0.0016422361204628747,0.07682458446462213,0.39759962716023456,-0.001936604486385802,0.0393605788491558,0.8124565282784684,-7.409915337871035e-05,0.03997564116678415,0.8863060783527744,0.26888367788579387,0.7170456658047288,-0.3703942033423095,0.19254658385093168,1.384191658795794,-2.124980065480413,0.7502088479384654,0.9003777148248818,0.3874999999951562,0.12809917355318967,0.9749488752551253,0.0,0.07730622293068233,0.07700019711100285,0.08677079233501356,0.1373609326929193,0.14120643954823206,0.11983225072726884,0.10640459243783398,0.10176965813028577,0.07682458446462213,0.0393605788491558,0.03997564116678415,0.7690221323971274,0.7262863880245661,0.7711275371319665,0.7085673022274142,0.5672475815159423,0.7751120346559335,0.743186380606945,0.7409608158262234,0.5119077205452028,0.3472479469158605,0.4523956269207099,0.37020014860184286,0.1443145501897526,0.35577409861824894,0.9998999834118362,0.07728404468382588,-0.34580576795359924,0.27286508493058964,0.16354789887267157,0.1417922783494725,0.1490326829370403,0.2669690313977953,0.23502053638591638,-0.30701909657008886,0.35170517323187794,0.6194959538131898,0.4367941008834091,0.30271426720406097,0.7992432560681615,0.9998999834118362,0.7620166775467532,0.5541879611611127,0.8297980117848472,0.7775915740472407,0.7536403230269366,0.8351269888413191,0.869888123907611,0.8520805819406516,0.4721369266014402,0.8977243760416964,0.9368351410081794,0.9143414644991076,0.9998999834118362,0.9396059508987789,0.9353379210875489,0.9555566104085217,0.9317129968626192,0.9269136743729576,0.9571101007673819,0.970155883097073,0.9714887198496416,0.8896280351580484,0.9831446350921619,0.984435794278512,0.9998999834118364,0.6689538573036181,0.4522509464210857,0.750970271635002,0.6945371286260742,0.6689060336673377,0.736112273044359,0.7769161818017922,0.7571429826831655,0.39759962716023456,0.8124565282784684,0.8863060783527744,-2.5029936974789915,22.601817314253985,-27.60780470921197,9.83125,0.0,0.13432340269296333,0.13389187031690933,0.17389031902438515,0.26038385558145566,0.270495535314641,0.2352848902519751,0.21092381836466514,0.23018106691987825,0.13372175948339016,0.06801802387598761,0.06906712961134406,0.5916389094743583,0.385292333740513,0.7587907535498779,0.6308336436339053,102.44942491481952,2.8092491558318846,1.4787752462601789,3.792224269043374,2.8683740677132503,2.7523894931411625,3.5062379136859643,4.262126498502198,4.197193871236643,0.7926508985350605,6.032624052119523,7.509207878604464,0.9998999834118364,0.025986744557922964,0.33775720223866307,12.99728746278835,,-0.9397502255390353,20.18759239451167,0.05074534717641908,0.8392316779177743,-0.9492546553351481,12.906542778015137,0.2087956623200013,0.6285663205268268,-0.791204335938845,37.90010070800781
spatial_1lead_e1_panorama_film_1110000_s42_l0,29.618026733398438,0.50263891373968,0.852986069485524,0.5214007782101168,0.9607655502387747,0.6203703703646262,0.4496644295271835,0.9799902391405662,0.9956578947368421,0.05913665642841689,0.866603492136345,-0.07461799364122557,0.7059800179977681,0.8092028591181236,0.2051791287958622,-0.10013928858942045,0.7000018254146351,0.0017511340687966991,0.07654118520094876,0.4920105306110217,-0.005320197404880107,0.0758660083554792,0.6888702227555752,0.0,0.0,0.9998999834118364,0.0019164470706548894,0.08558923367978954,0.7642443548975342,0.004145356624985541,0.13428830562468555,0.7160379008428612,-0.000680167482318955,0.024603452537154923,-0.02596378750179283,0.1382369416435536,0.6900992758598645,-0.007675879533879165,0.11836838737956486,0.7535394698146926,-0.008595957023464388,0.10542325987672975,0.7892997731788369,-0.0066795222753523445,0.10110126465010516,0.7693770078614675,-0.0004616515069722696,0.07513957955005139,0.4456042825978148,-0.0009452879485996524,0.03949650412616815,0.8236663640411543,0.0014550147618903313,0.041622700687420904,0.8929304101538335,0.28659012084216773,0.7247502915377985,-0.4864341454241289,0.22151898734177214,1.2522899824219134,-2.2251582732701713,0.7875779285359116,0.902542372880931,0.4729729729665814,0.14462809917295608,0.9800613496927505,0.0,0.0758660083554792,0.07654118520094876,0.08558923367978954,0.13428830562468555,0.1382369416435536,0.11836838737956486,0.10542325987672975,0.10110126465010516,0.07513957955005139,0.03949650412616815,0.041622700687420904,0.7820631011404288,0.743566413183181,0.7854346347838554,0.722446630977272,0.590140769066017,0.7884664766194995,0.7541835509827014,0.7579935596299148,0.540437853213579,0.3776275866285065,0.4813342064761222,0.3602174483274511,0.13994333413727325,0.3867882660219613,0.9998999834118362,0.15034392907289287,-0.28192151433818524,0.29881226695039464,0.1959236841035702,0.21093018810891895,0.2424248461346369,0.30773642686253266,0.25574821852925,-0.18231793916789782,0.4141731942591485,0.6469308031621902,0.4341781351661463,0.34644397264467164,0.8125377341932221,0.9998999834118362,0.7712837555453269,0.5925692540129532,0.8424545834430208,0.7923017294962518,0.7680420663915701,0.842617776654869,0.8791327417357492,0.8610169931295633,0.5001020943675452,0.8980031414106083,0.9365256124581607,0.9176691025473244,0.9998999834118362,0.9416509507294966,0.9337998796804415,0.958635714873268,0.9400513838791166,0.935326042008117,0.9557809330407111,0.971469726754998,0.9735894346712057,0.8875265942550857,0.9828212421062552,0.9834137871341774,0.9998999834118364,0.6888702227555752,0.4920105306110217,0.7642443548975342,0.7160379008428612,0.6900992758598645,0.7535394698146926,0.7892997731788369,0.7693770078614675,0.4456042825978148,0.8236663640411543,0.8929304101538335,-3.312114845938375,22.575293638685583,-29.199523330562332,10.123809523809522,0.0,0.1320842357881941,0.13373444018489997,0.17267646376047094,0.2572496932567017,0.26691799398828175,0.2335602266743809,0.20988007085565524,0.22953459191552797,0.1324231417325578,0.06830366232694922,0.07092794647595901,0.5987122859968869,0.40467665095750643,0.7517476188629364,0.6397125900653582,102.44942491481952,2.9635697779320593,1.5120737511389346,3.972621701234564,3.0577190666911465,2.918120743910111,3.5964005154559158,4.374041519261125,4.306042710740221,0.9637341519679242,6.025949480889128,7.116419755462857,0.9998999834118364,0.025986744557922964,0.391811473395529,15.077358283368103,,-0.9355484329980915,17.83851544963102,0.055184873233419425,0.8531818135151967,-0.9448151236414363,10.853887557983398,0.2261719747924135,0.6127420763148179,-0.7738280232438968,32.61983871459961
spatial_1lead_pa1_panorama_author_1000000_s42_l0,28.786596298217773,0.4432611961435819,0.830342841982175,0.4782608695652174,0.9555975436934551,0.6790123456706294,0.36912751677604616,0.9873108833572536,0.9973684210526316,0.05459801588327654,0.855935303786591,-0.08135338687481386,0.7006150726962855,0.8024674658845353,0.18257898899416128,-0.06096632844835037,0.7391747855557051,-0.0022391188448050224,0.07965923984481557,0.37566525207855594,-0.014032472537456403,0.07946295800937749,0.6570407084848368,0.0,0.0,0.9998999834118364,1.8727955609745525e-05,0.08894782850172511,0.7280783126749429,0.008676286842286442,0.14051051066134448,0.6781698178681536,0.004562114627940038,0.030866067174092154,-0.021741837918212083,0.14439632979466863,0.6514733501336806,-0.01148500106729705,0.12321200488257178,0.7195219497831765,-0.016131766310877475,0.11007141311667959,0.7600824404404064,-0.014657324321990798,0.10517240219869511,0.7410335928625859,-0.008543682868864816,0.07855960139329742,0.35974941406335686,-0.013752397429810853,0.04521998150889822,0.7835239441393144,0.0042072695071455266,0.042455162980994186,0.8725189343164148,0.28999703988791126,0.7146204093359698,-0.46975745268124325,0.24126984126984127,1.312853532021128,-2.252368437383615,0.7975169832079935,0.9039999999995746,0.5205479451983487,0.1570247933877809,0.9821063394678006,0.0,0.07946295800937749,0.07965923984481557,0.08894782850172511,0.14051051066134448,0.14439632979466863,0.12321200488257178,0.11007141311667959,0.10517240219869511,0.07855960139329742,0.04521998150889822,0.042455162980994186,0.7407318502333706,0.7047311547922182,0.7489956156567181,0.6677683747483532,0.5273252946130339,0.7558796399245388,0.7080247222571694,0.7213035250864108,0.49582607857648286,0.2968485505722064,0.4258761302871391,0.3384294544107356,0.15908429146829142,0.3265846969871642,0.9998999834118362,0.1063888485314079,-0.45362934428011414,0.22182118757149746,0.1386517278586456,0.12581682990926168,0.16009938305332744,0.23125624964455024,0.2221737864856591,-0.30733508765244216,0.2574570493947592,0.6161628530017872,0.4143183493819138,0.28558575930034913,0.7728606888517024,0.9998999834118362,0.7406324459068128,0.46579744317058214,0.8102978230581162,0.7639829228987298,0.73168220289217,0.810992477835254,0.8508604964311517,0.834027929158373,0.4198701104296786,0.8777082311741233,0.9218037129692437,0.88797263256731,0.9998999834118362,0.9242815556310944,0.9118443310515586,0.9505531996381998,0.9176171182175173,0.9165745217165758,0.9430662467044301,0.953551206222732,0.9575285456936079,0.8290343391735427,0.9742240437747139,0.9734902015484187,0.9998999834118364,0.6570407084848368,0.37566525207855594,0.7280783126749429,0.6781698178681536,0.6514733501336806,0.7195219497831765,0.7600824404404064,0.7410335928625859,0.35974941406335686,0.7835239441393144,0.8725189343164148,-2.583228291316527,25.47185082444443,-30.638307407077484,11.112745098039214,0.0,0.13755890528366563,0.13982989242055585,0.17783292966477818,0.2670608595720662,0.276339465268548,0.24088578476915048,0.2155590414189915,0.23352980518211544,0.13746795715913304,0.07557265343234269,0.07311750233201728,0.5452501752227936,0.3499633213872982,0.6826568257243631,0.6031303783613733,102.44942491481952,2.4448370972974276,1.0210708997258766,3.482117623212774,2.610482599344597,2.4839376770395054,3.1301034071267018,3.770878913864502,3.6669350543775554,0.49121155574195724,4.73880138698739,6.707357485820622,0.9998999834118364,0.025986744557922964,0.40141973204115167,15.447095179594927,,-0.9479135778899472,22.1446399630147,0.05252341262164812,0.8211822755214885,-0.947476586534587,19.835174560546875,0.21908428744468356,0.6035534612371712,-0.7809157154432087,43.6086540222168
spatial_1lead_pa1_panorama_author_1010010_s42_l0,32.31833267211914,0.5272457643573224,0.8940897671478312,0.5620437956204379,0.9652677279300699,0.6159999999950719,0.5167785234864646,0.976573938506112,0.9910526315789474,0.06751252070159441,0.8761979348374566,-0.07770971774247515,0.7056858644487098,0.806111135016874,0.19733972226579985,-0.08595807093235974,0.7141830430716958,-0.0017027483685672445,0.07753030377794293,0.4484643750814654,0.006624710770972686,0.07771513247741803,0.6684088588532516,0.0,0.0,0.9998999834118364,-0.005745302434329616,0.08711385805103065,0.7505744148008208,-0.000401922908215482,0.1377242774147924,0.6926526648639252,-0.0011206907892923003,0.01807101071611205,-0.020312392294696648,0.14144707732502612,0.6680218977399321,-0.0015202318698088046,0.11978556434542374,0.7377787200311894,-0.001934769764855265,0.10652888769711726,0.7767345740544748,1.4079554812774577e-05,0.10165137943468665,0.7582317042511619,0.00487872926972726,0.07741261910453455,0.3892794688790237,0.0058379772831923275,0.0400648219885268,0.8122736463436372,-0.005013878222260096,0.041047503443497446,0.8844247932407386,0.2834821246164652,0.7191223444709223,-0.33006508374477134,0.23214285714285715,1.4349333060000535,-2.095063473489596,0.7425951778085208,0.9035171102657302,0.41489361701686284,0.1611570247927225,0.9718813905925502,0.0,0.07771513247741803,0.07753030377794293,0.08711385805103065,0.1377242774147924,0.14144707732502612,0.11978556434542374,0.10652888769711726,0.10165137943468665,0.07741261910453455,0.0400648219885268,0.041047503443497446,0.7672731910284037,0.7252317537278049,0.7708213167277319,0.7062043767922939,0.5623902080105742,0.7755817004977746,0.7399812321125075,0.7402329478617669,0.5242480713492172,0.34081841624024123,0.46066269459478126,0.3759354176142253,0.14177394744290128,0.34873397654255434,0.9998999834118362,0.0728381666657631,-0.3444543763598745,0.2573992655289715,0.16091681233722682,0.1655916998580604,0.19583500533242487,0.2662768079859027,0.23117062236416,-0.3289724541764295,0.3565322514663106,0.6264311198093365,0.43526874223413725,0.30486696209813113,0.797356175253394,0.9998999834118362,0.7596608020769278,0.5519455241624723,0.8290224099516287,0.7774780998354205,0.7496174615304281,0.8336185818790214,0.8683302446430894,0.8510625073263582,0.46080618203094625,0.8970138051398118,0.9336044547691027,0.9116226795565242,0.9998999834118362,0.9397682302380445,0.9351623335512226,0.9556936748087856,0.9320130556489001,0.9248328557643762,0.9565665026582669,0.970272862363601,0.9718513999112353,0.8832597046831451,0.9832186516748863,0.9829543417277685,0.9998999834118364,0.6684088588532516,0.4484643750814654,0.7505744148008208,0.6926526648639252,0.6680218977399321,0.7377787200311894,0.7767345740544748,0.7582317042511619,0.3892794688790237,0.8122736463436372,0.8844247932407386,-0.8605917366946777,24.294740016080613,-26.015923489469966,9.647741596638655,0.0,0.13517563750802783,0.13471472034929038,0.17517949437151456,0.2612771922998631,0.2707209462033295,0.2354002975407623,0.21133179469373548,0.23023260844739618,0.13479629655266387,0.06882068243775162,0.07035519398078763,0.6139651859642599,0.42356953678929987,0.7719142553721311,0.6464117655682613,102.44942491481952,2.7441001013864046,1.414260479398303,3.745846245276265,2.8188338582204064,2.712912245837982,3.4927451427316383,4.236605142802734,4.205387363713564,0.7141817558669623,5.863086248864681,7.2788663165094185,0.9998999834118364,0.025986744557922964,0.32423089406528044,12.476779492937599,,-0.9365530733275593,22.478024782736924,0.05211851185991759,0.8241624772718842,-0.947881486037263,11.662854194641113,0.22443184979190436,0.6016760181634323,-0.775568153737352,38.740501403808594
spatial_1lead_pa1_panorama_author_1110000_s42_l0,28.896835327148438,0.5213090852061248,0.852424328777174,0.5767790262172284,0.9653846153841512,0.6525423728758258,0.5167785234864646,0.9799902391405662,0.9951315789473684,0.05795415254279731,0.864495294945585,-0.07498534639839771,0.7109434535596487,0.8088355063609515,0.1884731687605381,-0.09544340711512833,0.7046977068889272,0.00041258451740596916,0.07681771335759428,0.48313652848086364,-0.0012804323011173274,0.07569585888143054,0.6865219983615065,0.0,0.0,0.9998999834118364,-0.0034241418838687142,0.08593091868758933,0.7614991311258176,-0.0019204907253575554,0.13521394001232612,0.7078576429116707,-0.004785984677541758,0.017422987155759597,-0.026994956510843115,0.13944429857157437,0.6824870141189013,-0.005621920607347307,0.11897862868827666,0.7485645294249711,-0.003937338986088785,0.10538400717752043,0.7865063994194632,-0.0016642031906971696,0.1007436362213223,0.7671612149520626,-0.000301344897762934,0.07535124143099031,0.4370576701596607,-0.00305388949385247,0.03993278276809512,0.8192662194015701,0.0028029841483672912,0.03970598875421376,0.8918741091860103,0.2844849192878666,0.7204427149351856,-0.5025629507414267,0.21587301587301588,1.2508097964812952,-2.2559356979641487,0.8001529066940817,0.902117647058399,0.46575342465115405,0.14049586776801448,0.9800613496927505,0.0,0.07569585888143054,0.07681771335759428,0.08593091868758933,0.13521394001232612,0.13944429857157437,0.11897862868827666,0.10538400717752043,0.1007436362213223,0.07535124143099031,0.03993278276809512,0.03970598875421376,0.7775098930411559,0.7365447036650064,0.7804446160613745,0.7167880099660175,0.5837669407273539,0.7848799652007198,0.7502663793876213,0.7523479560312412,0.5365099991002347,0.3834333009911781,0.47233066363197873,0.35722801098871076,0.14648647314483354,0.3805700171786747,0.9998999834118362,0.15126172369512544,-0.27805967545701343,0.2825051750000307,0.18640922996536213,0.18113759885082628,0.2401711281743379,0.28931632751331265,0.2626289284014898,-0.21330827426205887,0.4007175348681512,0.6436358021813773,0.4342311533228791,0.3452780082764867,0.8087370018759048,0.9998999834118362,0.7672647161719485,0.5799766626841474,0.8383197843044029,0.7895933670201374,0.7621139761783335,0.8368799398784623,0.8773858040540332,0.8589819332602092,0.49596239069771114,0.8963003487115078,0.9365195335684349,0.9157324300844443,0.9998999834118362,0.9403496380022374,0.9308611879874483,0.9580250111902437,0.9358708346369453,0.9287471903124254,0.9544501629856186,0.9709148908182963,0.9728599241557483,0.8881614547207966,0.9824976975690204,0.9838186840893653,0.9998999834118364,0.6865219983615065,0.48313652848086364,0.7614991311258176,0.7078576429116707,0.6824870141189013,0.7485645294249711,0.7865063994194632,0.7671612149520626,0.4370576701596607,0.8192662194015701,0.8918741091860103,-2.645343137254902,22.861626155305135,-28.152312429814938,10.103046218487396,0.0,0.1322677150691975,0.13453724549005308,0.173975476695504,0.2598173453769055,0.2690111239209774,0.23466564292660924,0.2104690287934404,0.22949229279563582,0.13254551943198034,0.06881884075730373,0.06834754973579617,0.5889142858746582,0.3789165701301777,0.7512887198750597,0.636537567079876,102.44942491481952,2.971010697966703,1.4214641454863013,3.889690441591062,2.9712986065623457,2.817454419296203,3.532655501774004,4.335948617540094,4.306808442462409,0.9295181853250281,5.886857931205695,7.511894155345291,0.9998999834118364,0.025986744557922964,0.3629280165037028,13.96588948372766,,-0.9396179499741942,19.000522807135685,0.048284896725411475,0.8474285406457814,-0.9517151007262508,10.222762107849121,0.21095099976813148,0.633506430375069,-0.7890490039571173,35.581146240234375
spatial_1lead_pg1_permuted_geometry_1000000_s42_l0,32.213539123535156,0.43107193900316926,0.7828962237267484,0.4845814977973568,0.9556603773580398,0.705128205119165,0.36912751677604616,0.9887750122005912,0.9944736842105263,0.05460575802041398,0.856525484637991,-0.08741233574901675,0.6884468346851431,0.7964085170103324,0.1900209921101729,-0.08614665477329542,0.7139944592307601,-0.0019661787106396433,0.07878794308783778,0.4031745786977574,-0.0014211928725150912,0.07763854289435225,0.6592942066622101,0.0,0.0,0.9998999834118364,-0.0036425197521035646,0.08863847632802754,0.7353529650806148,0.001550846806299157,0.1399538109305638,0.6815750186760718,0.0021835336316398373,0.021703543055185542,-0.01733647579190587,0.14370683957897623,0.6539466008260435,-0.00019861521817209987,0.12225783860391783,0.7218059470354408,0.0008823660305778617,0.10744141406938564,0.7661348592213781,0.0011381587380097096,0.10259716896537864,0.7512211726212823,-0.0004026987049594013,0.07781015003347216,0.36583390898802426,0.00661502046120389,0.042668214336697,0.7897119089825921,0.0025431282371134465,0.04132427346083291,0.8760885419523778,0.27985925232473824,0.7164076627963968,-0.45118637781287607,0.22153846153846155,1.3382080559759757,-2.2405808116017276,0.7955202375504734,0.902600472812812,0.4337349397538104,0.1487603305778977,0.9759713701426503,0.0,0.07763854289435225,0.07878794308783778,0.08863847632802754,0.1399538109305638,0.14370683957897623,0.12225783860391783,0.10744141406938564,0.10259716896537864,0.07781015003347216,0.042668214336697,0.04132427346083291,0.7483204021266201,0.7089928593956637,0.7562430573582024,0.6719758600320371,0.5364813815981534,0.7631694294672021,0.715763316852996,0.7264415657971783,0.48679336945006785,0.3132259760558248,0.43528074682380563,0.32077499483631505,0.1457624676492208,0.3329497879163413,0.9998999834118362,0.08362887248701263,-0.4136413432847451,0.24156953496529163,0.13269454493236724,0.14548397203196936,0.15729189055143866,0.2468324009572094,0.24006013925828626,-0.32473325042000306,0.2869599128520591,0.606506385477128,0.40985883998292394,0.3097996075895239,0.7798120907711557,0.9998999834118362,0.7431837821760909,0.505238757534239,0.8159922666208919,0.7684482638278536,0.7324025116282444,0.8158190683651076,0.8605442113053801,0.8435226120177515,0.4269617576917275,0.8819411636962085,0.9268991373374249,0.897930369825567,0.9998999834118362,0.9311175923854064,0.9179398754621808,0.9505002502518931,0.9209752349353478,0.9183428490464977,0.9478581001005416,0.9661723811120574,0.966795238169896,0.8414252354964978,0.974191190748008,0.9779508292372049,0.9998999834118364,0.6592942066622101,0.4031745786977574,0.7353529650806148,0.6815750186760718,0.6539466008260435,0.7218059470354408,0.7661348592213781,0.7512211726212823,0.36583390898802426,0.7897119089825921,0.8760885419523778,-2.0152135854341733,25.479824384940926,-29.51025155580927,10.638988095238094,0.0,0.13642850065140258,0.13815475145487177,0.17714234117027516,0.26643264392442945,0.27610354418695804,0.2405837675759364,0.21361162797803462,0.23163437083013302,0.136726510179232,0.07323457116487479,0.0715194364150459,0.5649359612277622,0.381746832915248,0.6988470580267097,0.614213993640503,102.44942491481952,2.6387835535893416,1.143564714779438,3.5313033173879127,2.6387392184216347,2.5270490671117516,3.2223994709956956,4.071455406899023,3.9741294437954013,0.5536324568745336,5.141053908612059,6.992004551458493,0.9998999834118364,0.025986744557922964,0.4262148256216042,16.40123903439913,,-0.9421632327589051,22.436409566280396,0.048622404797690345,0.819191660127376,-0.9513775904761991,17.50000762939453,0.24177196894535283,0.5488923420419798,-0.7582280279621563,38.81711196899414
spatial_1lead_pg1_permuted_geometry_1010010_s42_l0,30.749168395996094,0.49660827799938956,0.8362599532919971,0.532319391634981,0.9620921305177725,0.6140350877139119,0.4697986577149678,0.9785261102972287,0.9922368421052632,0.0695698351689404,0.8762628299081507,-0.07892183576548373,0.7032233843179031,0.8048990169938655,0.21299293140570322,-0.09338341654539739,0.7067576974586581,-0.0020775194123516913,0.07760027453266814,0.4397016623551209,-0.0014341660921261107,0.07795170940754213,0.6624204356959119,0.0,0.0,0.9998999834118364,-0.0026469704179835508,0.08703905351832379,0.7496507460102296,-0.0021489902494253926,0.13752254434259276,0.6915779319626896,-0.0010235459292530374,0.016205962074519593,-0.018253053933025665,0.14174273089748343,0.6630973250627051,-0.0021088648520176372,0.12050292896584892,0.7314071192510203,-0.00227356550536668,0.10686165882627993,0.7744334501033414,-0.0021222050743979117,0.10196730530623827,0.7551013379034832,-0.0016759814142828127,0.07704856795919485,0.389896878007797,-0.00032901179190088784,0.03996906471600122,0.8057405638054581,-0.012465593191611552,0.04236387740339658,0.8820218039250044,0.27188676977074794,0.7108367557335766,-0.34536431945797774,0.23283582089552238,1.4237741854328396,-2.114502824348795,0.7484372438941183,0.9035629453677417,0.4193548387051682,0.1611570247927225,0.9723926380363127,0.0,0.07795170940754213,0.07760027453266814,0.08703905351832379,0.13752254434259276,0.14174273089748343,0.12050292896584892,0.10686165882627993,0.10196730530623827,0.07704856795919485,0.03996906471600122,0.04236387740339658,0.7644770555432385,0.7216475178445103,0.7678437737011974,0.7023224177926468,0.5606544253851196,0.7717369786987289,0.7375405301114081,0.7391412744219403,0.5118675926766488,0.34305949208953596,0.4563929955201966,0.3632287006842597,0.15939942974735022,0.358540643360355,0.9998999834118362,0.06499380411392179,-0.37867572783047304,0.2782653789136769,0.15534260904358718,0.13390495351852436,0.18340352016898812,0.27128268401576255,0.234131161381281,-0.32972251308804756,0.32380069244830356,0.6195734850715582,0.43143920751914305,0.31638092652488237,0.7934085851722092,0.9998999834118362,0.7550944483557978,0.5452255979030252,0.8278817495118038,0.7760597500763164,0.7480225265012752,0.830666318171389,0.8681245325345149,0.8492923609053672,0.4599320158425573,0.8956790681326011,0.9329068578670939,0.9069630922295592,0.9998999834118362,0.9378524113089984,0.9315927240555889,0.9550194210072089,0.9288140907137191,0.9229883740579401,0.9544939725093571,0.9686498791375062,0.9708316872045555,0.8854039700287225,0.9827438373789352,0.9831105680337734,0.9998999834118364,0.6624204356959119,0.4397016623551209,0.7496507460102296,0.6915779319626896,0.6630973250627051,0.7314071192510203,0.7744334501033414,0.7551013379034832,0.389896878007797,0.8057405638054581,0.8820218039250044,-2.3718137254901963,23.636774262259483,-28.380401713239873,9.962394957983195,0.0,0.1359632177433311,0.1352930749671389,0.17460325951797306,0.2615807609017303,0.2718651451783928,0.2364910128009276,0.21174457641523342,0.23050738362527862,0.134665747773932,0.06912072976722489,0.07209255195774619,0.6003457319456759,0.40303408624494286,0.7615688398611831,0.6364342653197146,102.44942491481952,2.6980046915254734,1.3901157710636007,3.752168262316426,2.830442233947455,2.691120513753908,3.3949630146359153,4.163039264383534,4.129403858379062,0.7409540453379472,5.864138715107817,6.994927398547013,0.9998999834118364,0.025986744557922964,0.3199507673349132,12.312075270131892,,-0.9409123599747917,22.526468136308818,0.04817397482500317,0.8219617577224732,-0.9518260256435719,15.717916488647461,0.21172158055904539,0.6160250600349588,-0.7882784198784977,36.489532470703125
spatial_1lead_pg1_permuted_geometry_1110000_s42_l0,26.48795509338379,0.5087869260562368,0.8720983553935296,0.5606060606060606,0.9639942390777897,0.6434782608639698,0.49664429529868026,0.9799902391405662,0.9943421052631579,0.05965441234049297,0.8632378606304693,-0.07397541023368615,0.711051961487346,0.809845442525663,0.17723822655777136,-0.08562542847739907,0.7145156855266565,-0.00012270337443595977,0.0766760656546543,0.4822869606411946,-0.0025629106127927383,0.07581894187689094,0.6856164636732494,0.0,0.0,0.9998999834118364,-0.0043080928720578655,0.08577240434067952,0.7616259861430167,-0.002080486845492038,0.1356955895476899,0.7075659178994146,-0.0009448196470198962,0.01786029410536427,-0.019749933399404063,0.14020109716114776,0.6810811788218617,-0.003963616203093231,0.11916852475095707,0.7460751355066312,-0.005677539639341427,0.10564606729180732,0.7848429628419099,-0.003303638202609513,0.10087734491558464,0.7665528349555621,7.73301144732602e-05,0.07549708289256012,0.43880553389888116,-0.0020752810474211412,0.03942185504818844,0.8190010819653943,-0.0023629625741348977,0.03967521335192335,0.8910134662326307,0.2880433577896474,0.7223102469198397,-0.5911241211946688,0.18685121107266436,1.1241698056287723,-2.3064180480181102,0.8192378127472657,0.9000464900042305,0.5744680850941603,0.11157024793342327,0.9897750511242384,0.0,0.07581894187689094,0.0766760656546543,0.08577240434067952,0.1356955895476899,0.14020109716114776,0.11916852475095707,0.10564606729180732,0.10087734491558464,0.07549708289256012,0.03942185504818844,0.03967521335192335,0.7772800809065529,0.7361602888816253,0.779826028581094,0.7169670559215414,0.5848537611365815,0.7831055327983072,0.7501497240072741,0.7520551278377043,0.5304126156063266,0.3736159040531164,0.47105108922600003,0.35860722664049133,0.13229294756484894,0.381578240780479,0.9998999834118362,0.14743608763865998,-0.2915573660861851,0.29137042120804757,0.1611686361674557,0.20410229796238827,0.2030964508583542,0.27684606216952584,0.2610724270750596,-0.2158382959772706,0.3962438173890888,0.6436928193900354,0.43371907436716367,0.3330245902417871,0.8088488372331127,0.9998999834118362,0.7670150055872449,0.5759889667833324,0.8409060330024256,0.7871172297062632,0.7607322369858145,0.8378106975657156,0.874270482902743,0.8572373480078805,0.4998731429208181,0.8987469936948356,0.9359883417201577,0.9152591607705977,0.9998999834118362,0.9412970791665674,0.9337511554852146,0.9579908302476217,0.9371129288106045,0.9292150840598904,0.9559146884571541,0.9706077782646312,0.9726733791932904,0.8884646984508836,0.9828755294188448,0.9835020124248598,0.9998999834118364,0.6856164636732494,0.4822869606411946,0.7616259861430167,0.7075659178994146,0.6810811788218617,0.7460751355066312,0.7848429628419099,0.7665528349555621,0.43880553389888116,0.8190010819653943,0.8910134662326307,-3.3346988795518206,22.021145449552186,-28.690543208655825,10.083543417366947,0.0,0.13265012520356534,0.1339767769763384,0.17353931563971306,0.26068985864426303,0.27039379172512434,0.23565973734849385,0.21081667074624202,0.22963122510693204,0.13298782248219262,0.06873003214006727,0.068671518293437,0.5783245069778287,0.3592954540740489,0.7449740684627756,0.6307039987802289,102.44942491481952,2.9599094585911923,1.454755202775053,3.9487758267362345,2.988040880613872,2.78842387195492,3.516518425108967,4.297432373460202,4.2816923974368,0.9122230050784389,5.9742572281432675,7.513585527133423,0.9998999834118364,0.025986744557922964,0.38282120728539965,14.731402454074646,,-0.9435592291247166,17.330626020783583,0.044777122902897794,0.8585055904846668,-0.9552228804594833,9.958683967590332,0.20612164015511233,0.6420853247969701,-0.7938783585455133,28.568405151367188
spatial_1lead_t000_exact_theta_1000000_s42_l0,30.398292541503906,0.4694359435011686,0.7733679221489612,0.4444444444444444,0.9548479087447933,0.5744680851002716,0.36241610738011804,0.9804782820883453,0.9968421052631579,0.05587052481789743,0.8761047351853691,-0.0833313610055012,0.7019146587272239,0.800489491753848,0.19178290540973345,-0.08503428307363536,0.7151068309304202,0.00687755791786368,0.08107190404445355,0.36584254073236955,0.0014744073120538932,0.07926938422764483,0.6478135529883915,0.0,0.0,0.9998999834118364,0.016628328246910594,0.0936481109036704,0.6963738874134306,0.012655365941086955,0.1433854220682528,0.6718406738905738,0.005714269098422849,0.03126063792866501,-0.019832099731819312,0.14699449054528346,0.6448201254064655,0.009348569019434616,0.12672428980718187,0.713365379652321,0.012500507124835176,0.11321125380490732,0.7549735506964017,0.008829642699751497,0.10756209339090188,0.7314358409251973,0.0017109604990056641,0.0782456628839989,0.3554555387018683,0.0016896871096180168,0.043678785158084515,0.7789712192863272,0.015298816655377889,0.04869650673585571,0.8309054825032557,0.27719833128713267,0.7090537274586355,-0.5538811945802525,0.2054794520547945,1.2200228228490628,-2.3277852120095677,0.829092149254905,0.9013035381746269,0.599999999988,0.12396694214824808,0.9897750511242384,0.0,0.07926938422764483,0.08107190404445355,0.0936481109036704,0.1433854220682528,0.14699449054528346,0.12672428980718187,0.11321125380490732,0.10756209339090188,0.0782456628839989,0.043678785158084515,0.04869650673585571,0.7176132149350698,0.6965689043107931,0.7345534185571683,0.6499005175802418,0.5073077839314952,0.7482300610154203,0.6754241443508185,0.7005662544845482,0.47185607024324266,0.3026927654678594,0.41526701094376706,0.30271888526243607,0.13344497405066752,0.331699354937672,0.9998999834118362,0.1013291502715605,-0.361927118560665,0.23196355044950573,0.13225767647105777,0.16439881326343586,0.1911795256308006,0.23433808997637046,0.22793973229542627,-0.30730070066111187,0.2813132025013638,0.5819838393343181,0.38651199565847066,0.27908597725281653,0.7486642678171364,0.9998999834118362,0.7296477560467677,0.4408222152464666,0.7684885269987499,0.7586718056396199,0.7200495287774282,0.8011278119100724,0.8448609171152736,0.8217895262437638,0.41084231988810216,0.8640686548280365,0.8720927258276502,0.8648050357400959,0.9998999834118362,0.9111079244898588,0.85574499712519,0.9188040236655127,0.913780310086215,0.9053248655891065,0.9338203906127347,0.9482400530726915,0.9457181803676789,0.8195409443747207,0.962539111523413,0.9483658644054475,0.9998999834118364,0.6478135529883915,0.36584254073236955,0.6963738874134306,0.6718406738905738,0.6448201254064655,0.713365379652321,0.7549735506964017,0.7314358409251973,0.3554555387018683,0.7789712192863272,0.8309054825032557,-3.0820553221288516,27.074481239321983,-33.23859188357969,11.952433473389357,0.0,0.13791217474021877,0.14399327639406834,0.18713427917106717,0.27011943412985207,0.277875356668496,0.24302783668604588,0.21696598683536403,0.2342697253798217,0.13767223801332265,0.07564785930455795,0.08434143694959179,0.486244552935955,0.290928402092464,0.606761984000992,0.5610432723175287,102.44942491481952,2.454276002922046,0.7802067114939978,2.7850592901132503,2.480080216703339,2.3432243793671224,2.9725354737255865,3.666824517339528,3.507714888006614,0.5041860767582454,4.7639567574809085,5.025190376648249,0.9998999834118364,0.025986744557922964,0.40507299472344654,15.587676949411078,,-0.9426473537926541,20.105300197323757,0.05345392776513823,0.83553415261856,-0.946546072087046,13.135183334350586,0.2169667431707177,0.6170246358428424,-0.783033258994866,33.19108963012695
spatial_1lead_t000_exact_theta_1010010_s42_l0,31.98576545715332,0.5441741205784997,0.8793584036737515,0.5670498084291188,0.9640460210925388,0.6607142857083864,0.49664429529868026,0.9814543679839036,0.9939473684210526,0.06843928341573526,0.8807061953969214,-0.07580012619855314,0.7090878717081507,0.808020726560796,0.23063591743508974,-0.10724085273815298,0.6929002612659025,-0.001097999587520671,0.07747806494932294,0.44149524055177947,0.0029189026408697402,0.07787053913249131,0.6660902140755719,0.0,0.0,0.9998999834118364,-0.0007438224978730828,0.08746134643278251,0.7497427341053289,-0.005967637234088335,0.1369915465841915,0.6925924722439812,-0.0033687522742547535,0.016048012620613495,-0.022785517169123002,0.1412399490902602,0.666090359332152,-0.004743304412054271,0.12029559900123282,0.7328897405457908,-0.005960064061070403,0.1069313182595645,0.7760697019300205,-0.004269782101624495,0.10203438783680802,0.7561036160091622,-0.0002443159908948098,0.07685193071260538,0.3953082435522649,0.0018955615510341463,0.040136841634769084,0.808317158502207,-0.004820052022865035,0.04117188456581439,0.8839113772508276,0.27760836289535246,0.7171174939579849,-0.31181560297619226,0.23563218390804597,1.4665366205691994,-2.0901678265215837,0.7443626832717857,0.9039196940722256,0.3867924528265397,0.1694214876026057,0.966768916154925,0.0,0.07787053913249131,0.07747806494932294,0.08746134643278251,0.1369915465841915,0.1412399490902602,0.12029559900123282,0.1069313182595645,0.10203438783680802,0.07685193071260538,0.040136841634769084,0.04117188456581439,0.7664826668682121,0.7233519795741356,0.7689744052759244,0.7057257295214172,0.5648095488119267,0.7730669101227748,0.7402577518246578,0.7394912121280143,0.5150429235921008,0.32743440885342934,0.44477736638602283,0.362763503240124,0.17652514605061376,0.3574353824238098,0.9998999834118362,0.0727880425417457,-0.37958369786231194,0.2763977778460262,0.162789264016131,0.1557459087232897,0.16236228101781033,0.27674376212296997,0.2305276672938641,-0.3266429099787033,0.33962721730000106,0.6185396429328183,0.4385860711326568,0.31047235019469277,0.7962511745752926,0.9998999834118362,0.7592841466865696,0.5471671872214722,0.826293945853068,0.7779791429686527,0.750358028992134,0.8332346689030387,0.8684089662527532,0.8512078906348118,0.462011955531014,0.8969598239975831,0.9342673736693706,0.910222728799992,0.9998999834118362,0.9393475690216506,0.9341191196291005,0.9541431331229849,0.9323952888362186,0.9251295290433946,0.9553691084562628,0.9692968524204575,0.9721059331312806,0.8871310561200677,0.9827179763790097,0.983293205829724,0.9998999834118364,0.6660902140755719,0.44149524055177947,0.7497427341053289,0.6925924722439812,0.666090359332152,0.7328897405457908,0.7760697019300205,0.7561036160091622,0.3953082435522649,0.808317158502207,0.8839113772508276,-2.489355742296919,22.824514441621623,-27.80322592621546,9.828536414565827,0.0,0.13543835490924488,0.13434969812645517,0.17494661030712974,0.2612166426996797,0.2712714059757731,0.23609033489306205,0.21167143147215828,0.23061804607718447,0.13390080148727843,0.06910426873307093,0.07086569978292957,0.6046127960911538,0.40947199022975883,0.7655917908490247,0.6387746053061734,102.44942491481952,2.7160686926803006,1.428098627375245,3.6791148018355075,2.8333706706893467,2.7077611634275436,3.4258116148228974,4.1740373557621036,4.1432878284895365,0.7674111055620295,5.836205109790491,7.214313714133924,0.9998999834118364,0.025986744557922964,0.3001910764894099,11.551699531605495,,-0.9395153639809795,22.92672094380436,0.047779647117479764,0.820938232699719,-0.9522203545086017,13.290321350097656,0.2286502577874762,0.5946551956067485,-0.7713497404249647,36.178890228271484
spatial_1lead_t000_exact_theta_1110000_s42_l0,26.382150650024414,0.5392213621648144,0.8638392930255715,0.5488721804511278,0.9634790965877158,0.6239316239262912,0.48993288590275214,0.9785261102972287,0.9951315789473684,0.059244053543455175,0.8605910210657863,-0.073237089765263,0.7084700770310395,0.8105837629940862,0.1832619272172451,-0.08685205388119888,0.7132890601228566,-0.002271400213181187,0.07753641818074838,0.48226101545453176,-0.0017875900772580523,0.07571973091817046,0.6858727909290935,0.0,0.0,0.9998999834118364,-0.0038599900758054828,0.08582903237687946,0.7613327371167212,-0.0014876504737598242,0.13557522603009334,0.7069978409630138,-0.002208248024976567,0.01671880451493092,-0.02113530056488406,0.1396957272019026,0.6814636017983781,-0.0034048276712580093,0.11885546179989182,0.7478011539516829,-0.003315204163564457,0.10540430973713084,0.7863135455155514,-0.001428385516702892,0.10081142298870717,0.7671831562471174,-0.000139457729339801,0.07554828698429898,0.4365271056756637,-0.0015542239771950146,0.03946359915936337,0.8193448421817205,-0.0026126564183588377,0.039362542642279154,0.8917251778522551,0.2915557196118594,0.7241080633439809,-0.5409851310018148,0.2119205298013245,1.1928430815753448,-2.274813343578974,0.8075747587715462,0.9017773620201582,0.5333333333244444,0.1322314049581313,0.9856850715741382,0.0,0.07571973091817046,0.07753641818074838,0.08582903237687946,0.13557522603009334,0.1396957272019026,0.11885546179989182,0.10540430973713084,0.10081142298870717,0.07554828698429898,0.03946359915936337,0.039362542642279154,0.7769929274494459,0.7355669364187777,0.7798284090905208,0.7171451363696488,0.5837774184148726,0.7845895870621191,0.7502321325779905,0.7520770846262427,0.5348671487605099,0.3728541602386693,0.48155514093155016,0.36905439401964835,0.13032383454542545,0.384348819369676,0.9998999834118362,0.15204589553152853,-0.28492340232578833,0.28794822365912504,0.18769724770322754,0.2061335515361684,0.21685469815033204,0.30825995849194304,0.2652090828649871,-0.2109281809447132,0.39820817333968817,0.653506605785505,0.4346281760311752,0.3338382622392322,0.8078971060247343,0.9998999834118362,0.7662079323259168,0.578819208161876,0.8406876275092098,0.7897408572465249,0.7612830384084042,0.835075285250259,0.8747341888935565,0.8577351067982251,0.49928080862875357,0.8964255156531667,0.9373747466288064,0.9145189261174371,0.9998999834118362,0.9410127635842003,0.9323920349774661,0.9574346647853743,0.9351330436249712,0.9286828163600828,0.9546956481666377,0.9699625028788538,0.9727329172443815,0.8821132859364773,0.982971023883985,0.9836840594086929,0.9998999834118364,0.6858727909290935,0.48226101545453176,0.7613327371167212,0.7069978409630138,0.6814636017983781,0.7478011539516829,0.7863135455155514,0.7671831562471174,0.4365271056756637,0.8193448421817205,0.8917251778522551,-3.114128151260504,22.383839462958363,-28.612095765479374,10.079674369747899,0.0,0.1323816560251649,0.13548048772306634,0.17384329352496428,0.2607779727939078,0.26965525345595315,0.23474673705637794,0.2103796599659472,0.2294046673198272,0.13298523561909986,0.06893658873652585,0.06799682500012581,0.5857504855960096,0.37569588673232485,0.745604915058642,0.635950655414327,102.44942491481952,2.966090859317298,1.3977098512070085,3.932555541199436,2.973424427124554,2.8125304061500747,3.5352879393134145,4.316202681512814,4.295574559546978,0.9129121271348644,5.95581543471285,7.587196327435261,0.9998999834118364,0.025986744557922964,0.3444672800632895,13.255499011813225,,-0.9406708847461548,17.579072770334655,0.04773973657070519,0.8570850033305637,-0.9522602626107084,9.742506980895996,0.2126955305885034,0.6423224102473941,-0.7873044667087373,27.730993270874023
spatial_1lead_t111_exact_theta_1000000_s42_l0,26.78943634033203,0.42254679030250275,0.799623977648288,0.44155844155844154,0.9536862003776211,0.6219512195046103,0.3422818791923337,0.9848706686183578,0.9959210526315789,0.05415791940815266,0.8775544629579359,-0.08682696157329761,0.6892822226489755,0.7969938911860516,0.15920848213136196,-0.0638839822584335,0.736257131745622,-0.0033502628660348837,0.08005940866700949,0.3708647558687213,-0.003396619053362107,0.07952826424705318,0.645159324879281,0.0,0.0,0.9998999834118364,-0.007900843168325192,0.09427490483207043,0.6994665645605417,-0.006150616913998047,0.14421962106943456,0.6417031601821717,-0.004852965001390022,0.018985160992504847,-0.028691090995284888,0.14802065950509224,0.6288836225960712,-0.0018759675695358916,0.12665666236453468,0.6958771931450327,-0.0043741581315200825,0.10956091859132698,0.7539951422833527,-0.0010545073245274946,0.10424892677480736,0.7389165824601379,-0.006211053633075101,0.07917059693415063,0.34746725704265335,-0.004134772472083526,0.042783006955804274,0.7804587458718958,-0.004583820859960234,0.04233321639538301,0.8720507490218586,0.27303729782695824,0.7076847673612873,-0.42534114464240913,0.2195845697329377,1.4181293873013172,-2.2688116765861355,0.806622662267932,0.9025202092244876,0.3894736842064266,0.1528925619828393,0.9703476482612626,0.0,0.07952826424705318,0.08005940866700949,0.09427490483207043,0.14421962106943456,0.14802065950509224,0.12665666236453468,0.10956091859132698,0.10424892677480736,0.07917059693415063,0.042783006955804274,0.04233321639538301,0.7292930905773575,0.6727318330411387,0.7303493668156806,0.6684566478904722,0.5195323225624982,0.7479090445859403,0.70669225031803,0.6877944245856331,0.467974726724228,0.24518084543953303,0.3741933671878269,0.3502954208974257,0.14178132410217018,0.30070686135900976,0.9998999834118362,0.06842574193146636,-0.4556643760509851,0.170954300854245,0.11007086671067995,0.09910066016765287,0.13338084584858192,0.22292095572453968,0.1932282805341424,-0.3913867434612096,0.24071867830317137,0.5886492087775327,0.4008164285108077,0.21363426293874085,0.7617416505773887,0.9998999834118362,0.7272517586618612,0.46875491217550247,0.7851865047195918,0.7154099079269878,0.7066724695182065,0.782273452206729,0.8495275019415442,0.8365341587350164,0.41451180983631936,0.8773597803859321,0.9240847819083933,0.8830023292772251,0.9998999834118362,0.9261585564378056,0.9149859035105377,0.9355229866109036,0.9068146056518716,0.9020785842328255,0.9302376544676216,0.9599453369041828,0.9650129257634963,0.8470744807105682,0.9760616947977614,0.9768489878757128,0.9998999834118364,0.645159324879281,0.3708647558687213,0.6994665645605417,0.6417031601821717,0.6288836225960712,0.6958771931450327,0.7539951422833527,0.7389165824601379,0.34746725704265335,0.7804587458718958,0.8720507490218586,-3.8757703081232497,25.206970217039157,-32.95851083328566,11.70605742296919,0.0,0.1387384970974619,0.14044678983160946,0.185840095734831,0.27838296515199346,0.2830252367547376,0.2488031186897827,0.2162219548119354,0.23347321605811863,0.13926321688651944,0.07498602728819133,0.07317349198152232,0.4797284758290411,0.24658615736845413,0.6231651568850203,0.5694341117667957,102.44942491481952,2.429619019126037,0.996388179605722,2.6982436689741522,2.2697104822178544,2.2338154743141803,2.852487974310846,3.8528025528318213,3.817593947359785,0.3993213738838533,5.106497011140584,6.814002254175241,0.9998999834118364,0.025986744557922964,0.45297360748067195,17.430947883451577,,-0.9626226946216767,16.19454074157187,0.03896582180948793,0.8681790171385401,-0.9610341794622844,12.953202247619629,0.21719396879076852,0.6187176128487125,-0.7828060327001358,27.406940460205078
spatial_1lead_t111_exact_theta_1010010_s42_l0,26.96518898010254,0.5040736055264794,0.8619411662588723,0.5037593984962406,0.9605958673709944,0.5726495726446782,0.4496644295271835,0.9755978526105537,0.9902631578947368,0.06761539668115156,0.8735036730044708,-0.08057829038628272,0.6970332584933031,0.8032425623730665,0.18821082140008608,-0.083267320095612,0.7168737939084435,-0.0018475919543363046,0.0783310358696265,0.43036832056660573,0.004922752081572796,0.07783775551623537,0.663022551968586,0.0,0.0,0.9998999834118364,-0.007345146193355423,0.08854011225866946,0.7447303239570665,-0.0023816825380660565,0.13897569200838591,0.679286168700389,0.0024795570390184706,0.029411154710412103,-0.024452040632375164,0.14378075943584748,0.6578609693044182,0.003507818267075779,0.12168925946701648,0.7290281519885834,0.0048487237911663435,0.10708040021420574,0.7732945643896489,0.00701627073571222,0.10372756191127261,0.7490123108470499,0.0007806634900693251,0.07833475424482224,0.35868682433621824,0.0035274053997101595,0.040258272232048226,0.8051121600296643,-0.006550067787048349,0.040214658306301145,0.8840820144228365,0.26517881549891903,0.7035821122547279,-0.4179398981431703,0.2012987012987013,1.3645902408389856,-2.200470037125326,0.7728152914364047,0.9010318949339113,0.46969696968985303,0.12809917355318967,0.9821063394678006,0.0,0.07783775551623537,0.0783310358696265,0.08854011225866946,0.13897569200838591,0.14378075943584748,0.12168925946701648,0.10708040021420574,0.10372756191127261,0.07833475424482224,0.040258272232048226,0.040214658306301145,0.7594222538892915,0.7109343620962418,0.7614892381291916,0.6968597022880832,0.5503348130831686,0.7693098302118443,0.7345249945518446,0.7308881461071942,0.4950361929859806,0.304787956897919,0.4406206195351301,0.3790232417268127,0.1482751623203588,0.34796259927709255,0.9998999834118362,0.07588896625840645,-0.3985431902724628,0.26012612413753006,0.15452182069828524,0.1119249162768811,0.1700285440447887,0.2571846291996667,0.2126168660918622,-0.3978369955960232,0.30638180101794094,0.6107241359498582,0.4306229755702752,0.31154569536943205,0.7904294992330385,0.9998999834118362,0.7570787625489965,0.5325671376647526,0.8242137699023562,0.7602258058540866,0.7389842221590046,0.8197854589360454,0.86694512351293,0.8488712721801555,0.42775058567750285,0.8955063116618489,0.9346773790976867,0.9054295586784327,0.9998999834118362,0.9389852638114441,0.9312522432993275,0.9503439444653211,0.9229229640789516,0.9217686571827691,0.9488205303787859,0.9688198700831876,0.9715589218812264,0.8688772009791942,0.9828919920790435,0.9837733065358679,0.9998999834118364,0.663022551968586,0.43036832056660573,0.7447303239570665,0.679286168700389,0.6578609693044182,0.7290281519885834,0.7732945643896489,0.7490123108470499,0.35868682433621824,0.8051121600296643,0.8840820144228365,-2.309908963585434,23.3114893723815,-27.931307299552373,9.980742296918768,0.0,0.13584276917981086,0.1364715967290136,0.17724715953143416,0.2659920773252221,0.2739185140531524,0.23862228749191616,0.21206822484396376,0.2318338356339401,0.13757548495456062,0.06974365009375295,0.06947988598762639,0.5839555031702142,0.37475950143539516,0.7476761233426776,0.6294308851351564,102.44942491481952,2.7097850695533796,1.3109201696682657,3.475736442598106,2.6984408128816595,2.5893051594728447,3.3185477541385495,4.193049295243063,3.9972852689675147,0.5924422867244458,5.828082496703456,7.370151570934674,0.9998999834118364,0.025986744557922964,0.32218946796022274,12.398223057292071,,-0.9459825259546251,20.546971650037786,0.04568711644027739,0.8357062733216669,-0.9543128827259939,12.029613494873047,0.19808949584251528,0.6729828799787679,-0.8019105057430225,25.553613662719727
spatial_1lead_t111_exact_theta_1110000_s42_l0,23.273935317993164,0.48192147515834705,0.8351594000674745,0.5399239543726235,0.9625719769669085,0.6228070175383964,0.47651006711089594,0.9790141532450078,0.9890789473684211,0.05824077217238805,0.8801584606555085,-0.0756381272470984,0.6968458834701602,0.8081827255122508,0.1520416345447302,-0.07532241989177513,0.7248186941122804,0.00014194464006072184,0.08058727014707455,0.4336328330247122,0.0002131428692228535,0.08107286521813412,0.6683114247794764,0.0,0.0,0.9998999834118364,-0.0071651138528923556,0.08936184198939284,0.738131505479357,7.755365902359854e-05,0.14276527102263148,0.6815425299871221,0.0015598275738300349,0.029320405912262298,-0.026200750764602227,0.14785923551218924,0.6465085191296324,0.002894391114752034,0.12561259957500642,0.7174427313657851,0.0035921953573448515,0.10940591203491008,0.7716008573606713,0.0020741998753088407,0.10400561278003415,0.7527362074377476,-0.00029191702857716694,0.07823364469010764,0.38965246957933547,-0.0008781996496338548,0.04238881658842913,0.8071916909522463,0.0013050211016985688,0.0411411329711747,0.8845289926414975,0.27977980334694535,0.7163421724213693,-0.7236476085850505,0.1423487544483986,1.0127067552706468,-2.4600019724407476,0.9039692658649272,0.8971746178782319,0.5128205128073636,0.08264462809883205,0.9902862985680009,0.0,0.08107286521813412,0.08058727014707455,0.08936184198939284,0.14276527102263148,0.14785923551218924,0.12561259957500642,0.10940591203491008,0.10400561278003415,0.07823364469010764,0.04238881658842913,0.0411411329711747,0.7555192768787935,0.70141438615489,0.7557810443585983,0.7007990747619502,0.5491345701884423,0.7665796516218552,0.732860909112086,0.7261299593970737,0.4900020820224902,0.28664237724796454,0.40726251987541756,0.36779108415830714,0.10777284667013452,0.3360034320226063,0.9998999834118362,0.10261179630769017,-0.3511518181356599,0.24929761433715775,0.15487217838473297,0.10376758530823947,0.1498136752538574,0.24365704531279997,0.21754829197564363,-0.2938852138715979,0.33952604815210075,0.6289715665784381,0.4143633970505566,0.294051058656634,0.7898490255835331,0.9998999834118362,0.7530844812042534,0.5245444861124609,0.8173766404086347,0.7657683835379288,0.7265212784236383,0.805820344854203,0.8625729974305607,0.8478639091509526,0.4515316551533365,0.89453757121914,0.9335885612598084,0.9016447497746398,0.9998999834118362,0.9347044529923061,0.9220166929746639,0.9465868786840897,0.9221027945331172,0.9172051172079687,0.9413072704117071,0.9663645811744696,0.970766343612348,0.8676824407057516,0.9815858363637564,0.9820408765018932,0.9998999834118364,0.6683114247794764,0.4336328330247122,0.738131505479357,0.6815425299871221,0.6465085191296324,0.7174427313657851,0.7716008573606713,0.7527362074377476,0.38965246957933547,0.8071916909522463,0.8845289926414975,0.10617997198879556,26.933863855581127,-26.721503911603538,10.633700980392156,0.0,0.1409405359212148,0.14383809286253657,0.17904950591534005,0.2750893490118006,0.2825163302521534,0.2466013277233096,0.21544023733868475,0.23289306743615484,0.13962547064235506,0.07456633462811113,0.07133107579934875,0.5048765848984901,0.230372502763918,0.6956373998987898,0.588619850361697,102.44942491481952,2.2637756423051054,1.021961293290723,3.3804958602207362,2.504633465893063,2.313387988803981,3.006397514018462,3.943639774594082,3.933264669869927,0.5715094478461984,5.386124478517125,7.0939420467723915,0.9998999834118364,0.025986744557922964,0.42216237092353964,16.245295894499908,,-0.9562071214597014,12.310401614093468,0.04238641073155817,0.8947857017892334,-0.9576135922635197,8.173691749572754,0.20653042610064692,0.6496061451964263,-0.7934695710854248,26.951560974121094
