endpoint_family,trial_grounding,clinical_intent,endpoint_name,target_key,metric_field,unit,model_id,empirical_value
1. Rhythm Surveillance & Atrial Arrhythmia Recurrence,"DECAF (JAMA 2025), SHORT-AF (JACC EP 2023)",Detection of AF/AFL/AT recurrence (>=30s) & atrial electrical remodeling,Arrhythmia Discrimination (AF/AFL/VT/SVT),ECGFounder_Category_Arrhythmia,auroc,AUROC,conv15e_A0_wave_noSSL_gated_add_s42_l0,0.9731660598604309
1. Rhythm Surveillance & Atrial Arrhythmia Recurrence,"DECAF (JAMA 2025), SHORT-AF (JACC EP 2023)",Detection of AF/AFL/AT recurrence (>=30s) & atrial electrical remodeling,Arrhythmia Discrimination (AF/AFL/VT/SVT),ECGFounder_Category_Arrhythmia,auroc,AUROC,conv15e_A0_zscore_s42_l0,0.9690670299777692
1. Rhythm Surveillance & Atrial Arrhythmia Recurrence,"DECAF (JAMA 2025), SHORT-AF (JACC EP 2023)",Detection of AF/AFL/AT recurrence (>=30s) & atrial electrical remodeling,Arrhythmia Discrimination (AF/AFL/VT/SVT),ECGFounder_Category_Arrhythmia,auroc,AUROC,conv15e_C1_E1_morlet_mag_morlet_phase_s42_l0,0.9649966811783095
1. Rhythm Surveillance & Atrial Arrhythmia Recurrence,"DECAF (JAMA 2025), SHORT-AF (JACC EP 2023)",Detection of AF/AFL/AT recurrence (>=30s) & atrial electrical remodeling,Arrhythmia Discrimination (AF/AFL/VT/SVT),ECGFounder_Category_Arrhythmia,auroc,AUROC,conv15e_R5_morlet_mag_ueg_phase_wyatt_s42_l0,0.9728209958918957
1. Rhythm Surveillance & Atrial Arrhythmia Recurrence,"DECAF (JAMA 2025), SHORT-AF (JACC EP 2023)",Detection of AF/AFL/AT recurrence (>=30s) & atrial electrical remodeling,Arrhythmia Discrimination (AF/AFL/VT/SVT),ECGFounder_Category_Arrhythmia,auroc,AUROC,conv15e_R7_morlet_mag_ueg_real_s42_l0,0.9718968702436154
1. Rhythm Surveillance & Atrial Arrhythmia Recurrence,"DECAF (JAMA 2025), SHORT-AF (JACC EP 2023)",Detection of AF/AFL/AT recurrence (>=30s) & atrial electrical remodeling,Arrhythmia Discrimination (AF/AFL/VT/SVT),ECGFounder_Category_Arrhythmia,auroc,AUROC,conv15e_del_wave_ce_s42_l0,0.972733890031274
1. Rhythm Surveillance & Atrial Arrhythmia Recurrence,"DECAF (JAMA 2025), SHORT-AF (JACC EP 2023)",Detection of AF/AFL/AT recurrence (>=30s) & atrial electrical remodeling,Arrhythmia Discrimination (AF/AFL/VT/SVT),ECGFounder_Category_Arrhythmia,auroc,AUROC,conv15e_ssl_log_magnitude_phase_sin_local_gated_add_s42_l0,0.9736392298964849
1. Rhythm Surveillance & Atrial Arrhythmia Recurrence,"DECAF (JAMA 2025), SHORT-AF (JACC EP 2023)",Detection of AF/AFL/AT recurrence (>=30s) & atrial electrical remodeling,Arrhythmia Discrimination (AF/AFL/VT/SVT),ECGFounder_Category_Arrhythmia,auroc,AUROC,conv15e_ssl_log_magnitude_real_both_gated_add_s42_l0,0.9728394262107517
1. Rhythm Surveillance & Atrial Arrhythmia Recurrence,"DECAF (JAMA 2025), SHORT-AF (JACC EP 2023)",Detection of AF/AFL/AT recurrence (>=30s) & atrial electrical remodeling,Arrhythmia Discrimination (AF/AFL/VT/SVT),ECGFounder_Category_Arrhythmia,auroc,AUROC,D1_theta_mul_currentloss_s42_l0,0.9482586939783535
1. Rhythm Surveillance & Atrial Arrhythmia Recurrence,"DECAF (JAMA 2025), SHORT-AF (JACC EP 2023)",Detection of AF/AFL/AT recurrence (>=30s) & atrial electrical remodeling,Arrhythmia Discrimination (AF/AFL/VT/SVT),ECGFounder_Category_Arrhythmia,auroc,AUROC,D2_current_id_l1_s42_l0,0.9630748596804404
1. Rhythm Surveillance & Atrial Arrhythmia Recurrence,"DECAF (JAMA 2025), SHORT-AF (JACC EP 2023)",Detection of AF/AFL/AT recurrence (>=30s) & atrial electrical remodeling,Arrhythmia Discrimination (AF/AFL/VT/SVT),ECGFounder_Category_Arrhythmia,auroc,AUROC,D3_theta_mul_l1_s42_l0,0.9492391571403943
1. Rhythm Surveillance & Atrial Arrhythmia Recurrence,"DECAF (JAMA 2025), SHORT-AF (JACC EP 2023)",Detection of AF/AFL/AT recurrence (>=30s) & atrial electrical remodeling,Arrhythmia Discrimination (AF/AFL/VT/SVT),ECGFounder_Category_Arrhythmia,auroc,AUROC,D4_learned12_mul_l1_s42_l0,0.9594052875262955
1. Rhythm Surveillance & Atrial Arrhythmia Recurrence,"DECAF (JAMA 2025), SHORT-AF (JACC EP 2023)",Detection of AF/AFL/AT recurrence (>=30s) & atrial electrical remodeling,Arrhythmia Discrimination (AF/AFL/VT/SVT),ECGFounder_Category_Arrhythmia,auroc,AUROC,D5_permuted_theta_mul_l1_s42_l0,0.9594175041400298
1. Rhythm Surveillance & Atrial Arrhythmia Recurrence,"DECAF (JAMA 2025), SHORT-AF (JACC EP 2023)",Detection of AF/AFL/AT recurrence (>=30s) & atrial electrical remodeling,Arrhythmia Discrimination (AF/AFL/VT/SVT),ECGFounder_Category_Arrhythmia,auroc,AUROC,D6_theta_add_l1_s42_l0,0.9614846260855998
1. Rhythm Surveillance & Atrial Arrhythmia Recurrence,"DECAF (JAMA 2025), SHORT-AF (JACC EP 2023)",Detection of AF/AFL/AT recurrence (>=30s) & atrial electrical remodeling,Arrhythmia Discrimination (AF/AFL/VT/SVT),ECGFounder_Category_Arrhythmia,auroc,AUROC,D7_learned12_add_l1_s42_l0,0.9622059017926633
1. Rhythm Surveillance & Atrial Arrhythmia Recurrence,"DECAF (JAMA 2025), SHORT-AF (JACC EP 2023)",Detection of AF/AFL/AT recurrence (>=30s) & atrial electrical remodeling,Arrhythmia Discrimination (AF/AFL/VT/SVT),ECGFounder_Category_Arrhythmia,auroc,AUROC,D8_random12_mul_l1_s42_l0,0.949792691417792
1. Rhythm Surveillance & Atrial Arrhythmia Recurrence,"DECAF (JAMA 2025), SHORT-AF (JACC EP 2023)",Detection of AF/AFL/AT recurrence (>=30s) & atrial electrical remodeling,Arrhythmia Discrimination (AF/AFL/VT/SVT),ECGFounder_Category_Arrhythmia,auroc,AUROC,factorial_ecg_aim_1100013_s42,0.9629126587723128
1. Rhythm Surveillance & Atrial Arrhythmia Recurrence,"DECAF (JAMA 2025), SHORT-AF (JACC EP 2023)",Detection of AF/AFL/AT recurrence (>=30s) & atrial electrical remodeling,Arrhythmia Discrimination (AF/AFL/VT/SVT),ECGFounder_Category_Arrhythmia,auroc,AUROC,factorial_ecg_aim_1100110_s42,0.9589918679057221
1. Rhythm Surveillance & Atrial Arrhythmia Recurrence,"DECAF (JAMA 2025), SHORT-AF (JACC EP 2023)",Detection of AF/AFL/AT recurrence (>=30s) & atrial electrical remodeling,Arrhythmia Discrimination (AF/AFL/VT/SVT),ECGFounder_Category_Arrhythmia,auroc,AUROC,factorial_ecg_aim_1100111_s42,0.9583155142093087
1. Rhythm Surveillance & Atrial Arrhythmia Recurrence,"DECAF (JAMA 2025), SHORT-AF (JACC EP 2023)",Detection of AF/AFL/AT recurrence (>=30s) & atrial electrical remodeling,Arrhythmia Discrimination (AF/AFL/VT/SVT),ECGFounder_Category_Arrhythmia,auroc,AUROC,factorial_ecg_aim_1101113_s42,0.9683870699444714
1. Rhythm Surveillance & Atrial Arrhythmia Recurrence,"DECAF (JAMA 2025), SHORT-AF (JACC EP 2023)",Detection of AF/AFL/AT recurrence (>=30s) & atrial electrical remodeling,Arrhythmia Discrimination (AF/AFL/VT/SVT),ECGFounder_Category_Arrhythmia,auroc,AUROC,spatial_1lead_a0_1110000_s42_l0,0.9652465576975047
1. Rhythm Surveillance & Atrial Arrhythmia Recurrence,"DECAF (JAMA 2025), SHORT-AF (JACC EP 2023)",Detection of AF/AFL/AT recurrence (>=30s) & atrial electrical remodeling,Arrhythmia Discrimination (AF/AFL/VT/SVT),ECGFounder_Category_Arrhythmia,auroc,AUROC,spatial_1lead_e1_panorama_film_1110000_s42_l0,0.961932475126943
1. Rhythm Surveillance & Atrial Arrhythmia Recurrence,"DECAF (JAMA 2025), SHORT-AF (JACC EP 2023)",Detection of AF/AFL/AT recurrence (>=30s) & atrial electrical remodeling,Arrhythmia Discrimination (AF/AFL/VT/SVT),ECGFounder_Category_Arrhythmia,auroc,AUROC,spatial_1lead_pa1_panorama_author_1110000_s42_l0,0.9630740452702709
1. Rhythm Surveillance & Atrial Arrhythmia Recurrence,"DECAF (JAMA 2025), SHORT-AF (JACC EP 2023)",Detection of AF/AFL/AT recurrence (>=30s) & atrial electrical remodeling,Arrhythmia Discrimination (AF/AFL/VT/SVT),ECGFounder_Category_Arrhythmia,auroc,AUROC,spatial_1lead_b1_panorama_1110000_s42_l0,0.9625876576581657
1. Rhythm Surveillance & Atrial Arrhythmia Recurrence,"DECAF (JAMA 2025), SHORT-AF (JACC EP 2023)",Detection of AF/AFL/AT recurrence (>=30s) & atrial electrical remodeling,Arrhythmia Discrimination (AF/AFL/VT/SVT),ECGFounder_Category_Arrhythmia,auroc,AUROC,spatial_1lead_cm1_capacity_matched_1110000_s42_l0,0.9640663771554813
1. Rhythm Surveillance & Atrial Arrhythmia Recurrence,"DECAF (JAMA 2025), SHORT-AF (JACC EP 2023)",Detection of AF/AFL/AT recurrence (>=30s) & atrial electrical remodeling,Arrhythmia Discrimination (AF/AFL/VT/SVT),ECGFounder_Category_Arrhythmia,auroc,AUROC,spatial_1lead_pg1_permuted_geometry_1110000_s42_l0,0.9638838698683984
1. Rhythm Surveillance & Atrial Arrhythmia Recurrence,"DECAF (JAMA 2025), SHORT-AF (JACC EP 2023)",Detection of AF/AFL/AT recurrence (>=30s) & atrial electrical remodeling,Arrhythmia Discrimination (AF/AFL/VT/SVT),ECGFounder_Category_Arrhythmia,auroc,AUROC,spatial_1lead_t000_exact_theta_1110000_s42_l0,0.9639880829861434
1. Rhythm Surveillance & Atrial Arrhythmia Recurrence,"DECAF (JAMA 2025), SHORT-AF (JACC EP 2023)",Detection of AF/AFL/AT recurrence (>=30s) & atrial electrical remodeling,Arrhythmia Discrimination (AF/AFL/VT/SVT),ECGFounder_Category_Arrhythmia,auroc,AUROC,spatial_1lead_c1_panorama_hybrid_1110000_s42_l0,0.9642961818269259
1. Rhythm Surveillance & Atrial Arrhythmia Recurrence,"DECAF (JAMA 2025), SHORT-AF (JACC EP 2023)",Detection of AF/AFL/AT recurrence (>=30s) & atrial electrical remodeling,Arrhythmia Discrimination (AF/AFL/VT/SVT),ECGFounder_Category_Arrhythmia,auroc,AUROC,spatial_1lead_d1_panorama_relative_1110000_s42_l0,0.9616154439776728
1. Rhythm Surveillance & Atrial Arrhythmia Recurrence,"DECAF (JAMA 2025), SHORT-AF (JACC EP 2023)",Detection of AF/AFL/AT recurrence (>=30s) & atrial electrical remodeling,Arrhythmia Discrimination (AF/AFL/VT/SVT),ECGFounder_Category_Arrhythmia,auroc,AUROC,spatial_1lead_e1_panorama_film_1010010_s42_l0,0.9623909962614857
1. Rhythm Surveillance & Atrial Arrhythmia Recurrence,"DECAF (JAMA 2025), SHORT-AF (JACC EP 2023)",Detection of AF/AFL/AT recurrence (>=30s) & atrial electrical remodeling,Arrhythmia Discrimination (AF/AFL/VT/SVT),ECGFounder_Category_Arrhythmia,auroc,AUROC,spatial_1lead_pa1_panorama_author_1010010_s42_l0,0.9572576584070612
1. Rhythm Surveillance & Atrial Arrhythmia Recurrence,"DECAF (JAMA 2025), SHORT-AF (JACC EP 2023)",Detection of AF/AFL/AT recurrence (>=30s) & atrial electrical remodeling,Arrhythmia Discrimination (AF/AFL/VT/SVT),ECGFounder_Category_Arrhythmia,auroc,AUROC,spatial_1lead_t000_exact_theta_1010010_s42_l0,0.960343667054515
1. Rhythm Surveillance & Atrial Arrhythmia Recurrence,"DECAF (JAMA 2025), SHORT-AF (JACC EP 2023)",Detection of AF/AFL/AT recurrence (>=30s) & atrial electrical remodeling,Arrhythmia Discrimination (AF/AFL/VT/SVT),ECGFounder_Category_Arrhythmia,auroc,AUROC,spatial_1lead_a0_1010010_s42_l0,0.9560879859517626
1. Rhythm Surveillance & Atrial Arrhythmia Recurrence,"DECAF (JAMA 2025), SHORT-AF (JACC EP 2023)",Detection of AF/AFL/AT recurrence (>=30s) & atrial electrical remodeling,Arrhythmia Discrimination (AF/AFL/VT/SVT),ECGFounder_Category_Arrhythmia,auroc,AUROC,spatial_1lead_cm1_capacity_matched_1010010_s42_l0,0.9574512024056521
1. Rhythm Surveillance & Atrial Arrhythmia Recurrence,"DECAF (JAMA 2025), SHORT-AF (JACC EP 2023)",Detection of AF/AFL/AT recurrence (>=30s) & atrial electrical remodeling,Arrhythmia Discrimination (AF/AFL/VT/SVT),ECGFounder_Category_Arrhythmia,auroc,AUROC,spatial_1lead_d1_panorama_relative_1010010_s42_l0,0.9606673966919749
1. Rhythm Surveillance & Atrial Arrhythmia Recurrence,"DECAF (JAMA 2025), SHORT-AF (JACC EP 2023)",Detection of AF/AFL/AT recurrence (>=30s) & atrial electrical remodeling,Arrhythmia Discrimination (AF/AFL/VT/SVT),ECGFounder_Category_Arrhythmia,auroc,AUROC,spatial_1lead_b1_panorama_1010010_s42_l0,0.9588268188561027
1. Rhythm Surveillance & Atrial Arrhythmia Recurrence,"DECAF (JAMA 2025), SHORT-AF (JACC EP 2023)",Detection of AF/AFL/AT recurrence (>=30s) & atrial electrical remodeling,Arrhythmia Discrimination (AF/AFL/VT/SVT),ECGFounder_Category_Arrhythmia,auroc,AUROC,spatial_1lead_pg1_permuted_geometry_1010010_s42_l0,0.9632103387065555
1. Rhythm Surveillance & Atrial Arrhythmia Recurrence,"DECAF (JAMA 2025), SHORT-AF (JACC EP 2023)",Detection of AF/AFL/AT recurrence (>=30s) & atrial electrical remodeling,Arrhythmia Discrimination (AF/AFL/VT/SVT),ECGFounder_Category_Arrhythmia,auroc,AUROC,spatial_1lead_c1_panorama_hybrid_1010010_s42_l0,0.9588891446986838
1. Rhythm Surveillance & Atrial Arrhythmia Recurrence,"DECAF (JAMA 2025), SHORT-AF (JACC EP 2023)",Detection of AF/AFL/AT recurrence (>=30s) & atrial electrical remodeling,Arrhythmia Discrimination (AF/AFL/VT/SVT),ECGFounder_Category_Arrhythmia,auroc,AUROC,spatial_1lead_t111_exact_theta_1010010_s42_l0,0.9611811855867719
1. Rhythm Surveillance & Atrial Arrhythmia Recurrence,"DECAF (JAMA 2025), SHORT-AF (JACC EP 2023)",Detection of AF/AFL/AT recurrence (>=30s) & atrial electrical remodeling,Arrhythmia Discrimination (AF/AFL/VT/SVT),ECGFounder_Category_Arrhythmia,auroc,AUROC,spatial_1lead_t111_exact_theta_1110000_s42_l0,0.9559032300964176
1. Rhythm Surveillance & Atrial Arrhythmia Recurrence,"DECAF (JAMA 2025), SHORT-AF (JACC EP 2023)",Detection of AF/AFL/AT recurrence (>=30s) & atrial electrical remodeling,Arrhythmia Discrimination (AF/AFL/VT/SVT),ECGFounder_Category_Arrhythmia,auroc,AUROC,spatial_1lead_e1_panorama_film_1000000_s42_l0,0.9609519154223793
1. Rhythm Surveillance & Atrial Arrhythmia Recurrence,"DECAF (JAMA 2025), SHORT-AF (JACC EP 2023)",Detection of AF/AFL/AT recurrence (>=30s) & atrial electrical remodeling,Arrhythmia Discrimination (AF/AFL/VT/SVT),ECGFounder_Category_Arrhythmia,auroc,AUROC,spatial_1lead_d1_panorama_relative_1000000_s42_l0,0.9640023185941864
1. Rhythm Surveillance & Atrial Arrhythmia Recurrence,"DECAF (JAMA 2025), SHORT-AF (JACC EP 2023)",Detection of AF/AFL/AT recurrence (>=30s) & atrial electrical remodeling,Arrhythmia Discrimination (AF/AFL/VT/SVT),ECGFounder_Category_Arrhythmia,auroc,AUROC,spatial_1lead_pg1_permuted_geometry_1000000_s42_l0,0.9552342425749667
1. Rhythm Surveillance & Atrial Arrhythmia Recurrence,"DECAF (JAMA 2025), SHORT-AF (JACC EP 2023)",Detection of AF/AFL/AT recurrence (>=30s) & atrial electrical remodeling,Arrhythmia Discrimination (AF/AFL/VT/SVT),ECGFounder_Category_Arrhythmia,auroc,AUROC,spatial_1lead_cm1_capacity_matched_1000000_s42_l0,0.965350571215643
1. Rhythm Surveillance & Atrial Arrhythmia Recurrence,"DECAF (JAMA 2025), SHORT-AF (JACC EP 2023)",Detection of AF/AFL/AT recurrence (>=30s) & atrial electrical remodeling,Arrhythmia Discrimination (AF/AFL/VT/SVT),ECGFounder_Category_Arrhythmia,auroc,AUROC,spatial_1lead_pa1_panorama_author_1000000_s42_l0,0.9679661483384371
1. Rhythm Surveillance & Atrial Arrhythmia Recurrence,"DECAF (JAMA 2025), SHORT-AF (JACC EP 2023)",Detection of AF/AFL/AT recurrence (>=30s) & atrial electrical remodeling,Arrhythmia Discrimination (AF/AFL/VT/SVT),ECGFounder_Category_Arrhythmia,auroc,AUROC,spatial_1lead_c1_panorama_hybrid_1000000_s42_l0,0.9620231851345072
1. Rhythm Surveillance & Atrial Arrhythmia Recurrence,"DECAF (JAMA 2025), SHORT-AF (JACC EP 2023)",Detection of AF/AFL/AT recurrence (>=30s) & atrial electrical remodeling,Arrhythmia Discrimination (AF/AFL/VT/SVT),ECGFounder_Category_Arrhythmia,auroc,AUROC,spatial_1lead_b1_panorama_1000000_s42_l0,0.9690464877657066
1. Rhythm Surveillance & Atrial Arrhythmia Recurrence,"DECAF (JAMA 2025), SHORT-AF (JACC EP 2023)",Detection of AF/AFL/AT recurrence (>=30s) & atrial electrical remodeling,Arrhythmia Discrimination (AF/AFL/VT/SVT),ECGFounder_Category_Arrhythmia,auroc,AUROC,spatial_1lead_t111_exact_theta_1000000_s42_l0,0.955091885811561
1. Rhythm Surveillance & Atrial Arrhythmia Recurrence,"DECAF (JAMA 2025), SHORT-AF (JACC EP 2023)",Detection of AF/AFL/AT recurrence (>=30s) & atrial electrical remodeling,Arrhythmia Discrimination (AF/AFL/VT/SVT),ECGFounder_Category_Arrhythmia,auroc,AUROC,spatial_1lead_t000_exact_theta_1000000_s42_l0,0.9643643653525845
1. Rhythm Surveillance & Atrial Arrhythmia Recurrence,"DECAF (JAMA 2025), SHORT-AF (JACC EP 2023)",Detection of AF/AFL/AT recurrence (>=30s) & atrial electrical remodeling,P-Wave Morphological Delineation (Atrial Substrate),Delineation_P_IoU_SemiSeg,r2,IoU,conv15e_A0_wave_noSSL_gated_add_s42_l0,0.5209696106410872
1. Rhythm Surveillance & Atrial Arrhythmia Recurrence,"DECAF (JAMA 2025), SHORT-AF (JACC EP 2023)",Detection of AF/AFL/AT recurrence (>=30s) & atrial electrical remodeling,P-Wave Morphological Delineation (Atrial Substrate),Delineation_P_IoU_SemiSeg,r2,IoU,conv15e_A0_zscore_s42_l0,0.5066967952987598
1. Rhythm Surveillance & Atrial Arrhythmia Recurrence,"DECAF (JAMA 2025), SHORT-AF (JACC EP 2023)",Detection of AF/AFL/AT recurrence (>=30s) & atrial electrical remodeling,P-Wave Morphological Delineation (Atrial Substrate),Delineation_P_IoU_SemiSeg,r2,IoU,conv15e_C1_E1_morlet_mag_morlet_phase_s42_l0,0.3638707511873065
1. Rhythm Surveillance & Atrial Arrhythmia Recurrence,"DECAF (JAMA 2025), SHORT-AF (JACC EP 2023)",Detection of AF/AFL/AT recurrence (>=30s) & atrial electrical remodeling,P-Wave Morphological Delineation (Atrial Substrate),Delineation_P_IoU_SemiSeg,r2,IoU,conv15e_R5_morlet_mag_ueg_phase_wyatt_s42_l0,0.5119899042133246
1. Rhythm Surveillance & Atrial Arrhythmia Recurrence,"DECAF (JAMA 2025), SHORT-AF (JACC EP 2023)",Detection of AF/AFL/AT recurrence (>=30s) & atrial electrical remodeling,P-Wave Morphological Delineation (Atrial Substrate),Delineation_P_IoU_SemiSeg,r2,IoU,conv15e_R7_morlet_mag_ueg_real_s42_l0,0.5164613119534669
1. Rhythm Surveillance & Atrial Arrhythmia Recurrence,"DECAF (JAMA 2025), SHORT-AF (JACC EP 2023)",Detection of AF/AFL/AT recurrence (>=30s) & atrial electrical remodeling,P-Wave Morphological Delineation (Atrial Substrate),Delineation_P_IoU_SemiSeg,r2,IoU,conv15e_del_wave_ce_s42_l0,0.5124240070348747
1. Rhythm Surveillance & Atrial Arrhythmia Recurrence,"DECAF (JAMA 2025), SHORT-AF (JACC EP 2023)",Detection of AF/AFL/AT recurrence (>=30s) & atrial electrical remodeling,P-Wave Morphological Delineation (Atrial Substrate),Delineation_P_IoU_SemiSeg,r2,IoU,conv15e_ssl_log_magnitude_phase_sin_local_gated_add_s42_l0,0.5179086550484142
1. Rhythm Surveillance & Atrial Arrhythmia Recurrence,"DECAF (JAMA 2025), SHORT-AF (JACC EP 2023)",Detection of AF/AFL/AT recurrence (>=30s) & atrial electrical remodeling,P-Wave Morphological Delineation (Atrial Substrate),Delineation_P_IoU_SemiSeg,r2,IoU,conv15e_ssl_log_magnitude_real_both_gated_add_s42_l0,0.5184532038345329
1. Rhythm Surveillance & Atrial Arrhythmia Recurrence,"DECAF (JAMA 2025), SHORT-AF (JACC EP 2023)",Detection of AF/AFL/AT recurrence (>=30s) & atrial electrical remodeling,P-Wave Morphological Delineation (Atrial Substrate),Delineation_P_IoU_SemiSeg,r2,IoU,D1_theta_mul_currentloss_s42_l0,0.35281163378129665
1. Rhythm Surveillance & Atrial Arrhythmia Recurrence,"DECAF (JAMA 2025), SHORT-AF (JACC EP 2023)",Detection of AF/AFL/AT recurrence (>=30s) & atrial electrical remodeling,P-Wave Morphological Delineation (Atrial Substrate),Delineation_P_IoU_SemiSeg,r2,IoU,D2_current_id_l1_s42_l0,0.4249472677729046
1. Rhythm Surveillance & Atrial Arrhythmia Recurrence,"DECAF (JAMA 2025), SHORT-AF (JACC EP 2023)",Detection of AF/AFL/AT recurrence (>=30s) & atrial electrical remodeling,P-Wave Morphological Delineation (Atrial Substrate),Delineation_P_IoU_SemiSeg,r2,IoU,D3_theta_mul_l1_s42_l0,0.4088396222942249
1. Rhythm Surveillance & Atrial Arrhythmia Recurrence,"DECAF (JAMA 2025), SHORT-AF (JACC EP 2023)",Detection of AF/AFL/AT recurrence (>=30s) & atrial electrical remodeling,P-Wave Morphological Delineation (Atrial Substrate),Delineation_P_IoU_SemiSeg,r2,IoU,D4_learned12_mul_l1_s42_l0,0.4403587913067797
1. Rhythm Surveillance & Atrial Arrhythmia Recurrence,"DECAF (JAMA 2025), SHORT-AF (JACC EP 2023)",Detection of AF/AFL/AT recurrence (>=30s) & atrial electrical remodeling,P-Wave Morphological Delineation (Atrial Substrate),Delineation_P_IoU_SemiSeg,r2,IoU,D5_permuted_theta_mul_l1_s42_l0,0.4354208121623079
1. Rhythm Surveillance & Atrial Arrhythmia Recurrence,"DECAF (JAMA 2025), SHORT-AF (JACC EP 2023)",Detection of AF/AFL/AT recurrence (>=30s) & atrial electrical remodeling,P-Wave Morphological Delineation (Atrial Substrate),Delineation_P_IoU_SemiSeg,r2,IoU,D6_theta_add_l1_s42_l0,0.4512696578854626
1. Rhythm Surveillance & Atrial Arrhythmia Recurrence,"DECAF (JAMA 2025), SHORT-AF (JACC EP 2023)",Detection of AF/AFL/AT recurrence (>=30s) & atrial electrical remodeling,P-Wave Morphological Delineation (Atrial Substrate),Delineation_P_IoU_SemiSeg,r2,IoU,D7_learned12_add_l1_s42_l0,0.4461632978691762
1. Rhythm Surveillance & Atrial Arrhythmia Recurrence,"DECAF (JAMA 2025), SHORT-AF (JACC EP 2023)",Detection of AF/AFL/AT recurrence (>=30s) & atrial electrical remodeling,P-Wave Morphological Delineation (Atrial Substrate),Delineation_P_IoU_SemiSeg,r2,IoU,D8_random12_mul_l1_s42_l0,0.4198969930266461
1. Rhythm Surveillance & Atrial Arrhythmia Recurrence,"DECAF (JAMA 2025), SHORT-AF (JACC EP 2023)",Detection of AF/AFL/AT recurrence (>=30s) & atrial electrical remodeling,P-Wave Morphological Delineation (Atrial Substrate),Delineation_P_IoU_SemiSeg,r2,IoU,factorial_ecg_aim_1100013_s42,0.39684973265297324
1. Rhythm Surveillance & Atrial Arrhythmia Recurrence,"DECAF (JAMA 2025), SHORT-AF (JACC EP 2023)",Detection of AF/AFL/AT recurrence (>=30s) & atrial electrical remodeling,P-Wave Morphological Delineation (Atrial Substrate),Delineation_P_IoU_SemiSeg,r2,IoU,factorial_ecg_aim_1100110_s42,0.3479576408124905
1. Rhythm Surveillance & Atrial Arrhythmia Recurrence,"DECAF (JAMA 2025), SHORT-AF (JACC EP 2023)",Detection of AF/AFL/AT recurrence (>=30s) & atrial electrical remodeling,P-Wave Morphological Delineation (Atrial Substrate),Delineation_P_IoU_SemiSeg,r2,IoU,factorial_ecg_aim_1100111_s42,0.3981649572006788
1. Rhythm Surveillance & Atrial Arrhythmia Recurrence,"DECAF (JAMA 2025), SHORT-AF (JACC EP 2023)",Detection of AF/AFL/AT recurrence (>=30s) & atrial electrical remodeling,P-Wave Morphological Delineation (Atrial Substrate),Delineation_P_IoU_SemiSeg,r2,IoU,factorial_ecg_aim_1101113_s42,0.06274982264742084
1. Rhythm Surveillance & Atrial Arrhythmia Recurrence,"DECAF (JAMA 2025), SHORT-AF (JACC EP 2023)",Detection of AF/AFL/AT recurrence (>=30s) & atrial electrical remodeling,P-Wave Morphological Delineation (Atrial Substrate),Delineation_P_IoU_SemiSeg,r2,IoU,spatial_1lead_a0_1110000_s42_l0,0.4068396969414061
1. Rhythm Surveillance & Atrial Arrhythmia Recurrence,"DECAF (JAMA 2025), SHORT-AF (JACC EP 2023)",Detection of AF/AFL/AT recurrence (>=30s) & atrial electrical remodeling,P-Wave Morphological Delineation (Atrial Substrate),Delineation_P_IoU_SemiSeg,r2,IoU,spatial_1lead_e1_panorama_film_1110000_s42_l0,0.4235576789338273
1. Rhythm Surveillance & Atrial Arrhythmia Recurrence,"DECAF (JAMA 2025), SHORT-AF (JACC EP 2023)",Detection of AF/AFL/AT recurrence (>=30s) & atrial electrical remodeling,P-Wave Morphological Delineation (Atrial Substrate),Delineation_P_IoU_SemiSeg,r2,IoU,spatial_1lead_pa1_panorama_author_1110000_s42_l0,0.40260225911416286
1. Rhythm Surveillance & Atrial Arrhythmia Recurrence,"DECAF (JAMA 2025), SHORT-AF (JACC EP 2023)",Detection of AF/AFL/AT recurrence (>=30s) & atrial electrical remodeling,P-Wave Morphological Delineation (Atrial Substrate),Delineation_P_IoU_SemiSeg,r2,IoU,spatial_1lead_b1_panorama_1110000_s42_l0,0.39855585822416284
1. Rhythm Surveillance & Atrial Arrhythmia Recurrence,"DECAF (JAMA 2025), SHORT-AF (JACC EP 2023)",Detection of AF/AFL/AT recurrence (>=30s) & atrial electrical remodeling,P-Wave Morphological Delineation (Atrial Substrate),Delineation_P_IoU_SemiSeg,r2,IoU,spatial_1lead_cm1_capacity_matched_1110000_s42_l0,0.4064203538549994
1. Rhythm Surveillance & Atrial Arrhythmia Recurrence,"DECAF (JAMA 2025), SHORT-AF (JACC EP 2023)",Detection of AF/AFL/AT recurrence (>=30s) & atrial electrical remodeling,P-Wave Morphological Delineation (Atrial Substrate),Delineation_P_IoU_SemiSeg,r2,IoU,spatial_1lead_pg1_permuted_geometry_1110000_s42_l0,0.38645234449980576
1. Rhythm Surveillance & Atrial Arrhythmia Recurrence,"DECAF (JAMA 2025), SHORT-AF (JACC EP 2023)",Detection of AF/AFL/AT recurrence (>=30s) & atrial electrical remodeling,P-Wave Morphological Delineation (Atrial Substrate),Delineation_P_IoU_SemiSeg,r2,IoU,spatial_1lead_t000_exact_theta_1110000_s42_l0,0.40505564852809006
1. Rhythm Surveillance & Atrial Arrhythmia Recurrence,"DECAF (JAMA 2025), SHORT-AF (JACC EP 2023)",Detection of AF/AFL/AT recurrence (>=30s) & atrial electrical remodeling,P-Wave Morphological Delineation (Atrial Substrate),Delineation_P_IoU_SemiSeg,r2,IoU,spatial_1lead_c1_panorama_hybrid_1110000_s42_l0,0.39617569734048413
1. Rhythm Surveillance & Atrial Arrhythmia Recurrence,"DECAF (JAMA 2025), SHORT-AF (JACC EP 2023)",Detection of AF/AFL/AT recurrence (>=30s) & atrial electrical remodeling,P-Wave Morphological Delineation (Atrial Substrate),Delineation_P_IoU_SemiSeg,r2,IoU,spatial_1lead_d1_panorama_relative_1110000_s42_l0,0.4041412938469403
1. Rhythm Surveillance & Atrial Arrhythmia Recurrence,"DECAF (JAMA 2025), SHORT-AF (JACC EP 2023)",Detection of AF/AFL/AT recurrence (>=30s) & atrial electrical remodeling,P-Wave Morphological Delineation (Atrial Substrate),Delineation_P_IoU_SemiSeg,r2,IoU,spatial_1lead_e1_panorama_film_1010010_s42_l0,0.40360585174386465
1. Rhythm Surveillance & Atrial Arrhythmia Recurrence,"DECAF (JAMA 2025), SHORT-AF (JACC EP 2023)",Detection of AF/AFL/AT recurrence (>=30s) & atrial electrical remodeling,P-Wave Morphological Delineation (Atrial Substrate),Delineation_P_IoU_SemiSeg,r2,IoU,spatial_1lead_pa1_panorama_author_1010010_s42_l0,0.4353843132384734
1. Rhythm Surveillance & Atrial Arrhythmia Recurrence,"DECAF (JAMA 2025), SHORT-AF (JACC EP 2023)",Detection of AF/AFL/AT recurrence (>=30s) & atrial electrical remodeling,P-Wave Morphological Delineation (Atrial Substrate),Delineation_P_IoU_SemiSeg,r2,IoU,spatial_1lead_t000_exact_theta_1010010_s42_l0,0.4248312470181451
1. Rhythm Surveillance & Atrial Arrhythmia Recurrence,"DECAF (JAMA 2025), SHORT-AF (JACC EP 2023)",Detection of AF/AFL/AT recurrence (>=30s) & atrial electrical remodeling,P-Wave Morphological Delineation (Atrial Substrate),Delineation_P_IoU_SemiSeg,r2,IoU,spatial_1lead_a0_1010010_s42_l0,0.40930295372968584
1. Rhythm Surveillance & Atrial Arrhythmia Recurrence,"DECAF (JAMA 2025), SHORT-AF (JACC EP 2023)",Detection of AF/AFL/AT recurrence (>=30s) & atrial electrical remodeling,P-Wave Morphological Delineation (Atrial Substrate),Delineation_P_IoU_SemiSeg,r2,IoU,spatial_1lead_cm1_capacity_matched_1010010_s42_l0,0.4286493003637989
1. Rhythm Surveillance & Atrial Arrhythmia Recurrence,"DECAF (JAMA 2025), SHORT-AF (JACC EP 2023)",Detection of AF/AFL/AT recurrence (>=30s) & atrial electrical remodeling,P-Wave Morphological Delineation (Atrial Substrate),Delineation_P_IoU_SemiSeg,r2,IoU,spatial_1lead_d1_panorama_relative_1010010_s42_l0,0.4190639982382684
1. Rhythm Surveillance & Atrial Arrhythmia Recurrence,"DECAF (JAMA 2025), SHORT-AF (JACC EP 2023)",Detection of AF/AFL/AT recurrence (>=30s) & atrial electrical remodeling,P-Wave Morphological Delineation (Atrial Substrate),Delineation_P_IoU_SemiSeg,r2,IoU,spatial_1lead_b1_panorama_1010010_s42_l0,0.433452573787373
1. Rhythm Surveillance & Atrial Arrhythmia Recurrence,"DECAF (JAMA 2025), SHORT-AF (JACC EP 2023)",Detection of AF/AFL/AT recurrence (>=30s) & atrial electrical remodeling,P-Wave Morphological Delineation (Atrial Substrate),Delineation_P_IoU_SemiSeg,r2,IoU,spatial_1lead_pg1_permuted_geometry_1010010_s42_l0,0.418291293933195
1. Rhythm Surveillance & Atrial Arrhythmia Recurrence,"DECAF (JAMA 2025), SHORT-AF (JACC EP 2023)",Detection of AF/AFL/AT recurrence (>=30s) & atrial electrical remodeling,P-Wave Morphological Delineation (Atrial Substrate),Delineation_P_IoU_SemiSeg,r2,IoU,spatial_1lead_c1_panorama_hybrid_1010010_s42_l0,0.41838633301237627
1. Rhythm Surveillance & Atrial Arrhythmia Recurrence,"DECAF (JAMA 2025), SHORT-AF (JACC EP 2023)",Detection of AF/AFL/AT recurrence (>=30s) & atrial electrical remodeling,P-Wave Morphological Delineation (Atrial Substrate),Delineation_P_IoU_SemiSeg,r2,IoU,spatial_1lead_t111_exact_theta_1010010_s42_l0,0.3970292316256778
1. Rhythm Surveillance & Atrial Arrhythmia Recurrence,"DECAF (JAMA 2025), SHORT-AF (JACC EP 2023)",Detection of AF/AFL/AT recurrence (>=30s) & atrial electrical remodeling,P-Wave Morphological Delineation (Atrial Substrate),Delineation_P_IoU_SemiSeg,r2,IoU,spatial_1lead_t111_exact_theta_1110000_s42_l0,0.28106904158088014
1. Rhythm Surveillance & Atrial Arrhythmia Recurrence,"DECAF (JAMA 2025), SHORT-AF (JACC EP 2023)",Detection of AF/AFL/AT recurrence (>=30s) & atrial electrical remodeling,P-Wave Morphological Delineation (Atrial Substrate),Delineation_P_IoU_SemiSeg,r2,IoU,spatial_1lead_e1_panorama_film_1000000_s42_l0,0.3019008028113024
1. Rhythm Surveillance & Atrial Arrhythmia Recurrence,"DECAF (JAMA 2025), SHORT-AF (JACC EP 2023)",Detection of AF/AFL/AT recurrence (>=30s) & atrial electrical remodeling,P-Wave Morphological Delineation (Atrial Substrate),Delineation_P_IoU_SemiSeg,r2,IoU,spatial_1lead_d1_panorama_relative_1000000_s42_l0,0.2725646498673524
1. Rhythm Surveillance & Atrial Arrhythmia Recurrence,"DECAF (JAMA 2025), SHORT-AF (JACC EP 2023)",Detection of AF/AFL/AT recurrence (>=30s) & atrial electrical remodeling,P-Wave Morphological Delineation (Atrial Substrate),Delineation_P_IoU_SemiSeg,r2,IoU,spatial_1lead_pg1_permuted_geometry_1000000_s42_l0,0.39287036596725905
1. Rhythm Surveillance & Atrial Arrhythmia Recurrence,"DECAF (JAMA 2025), SHORT-AF (JACC EP 2023)",Detection of AF/AFL/AT recurrence (>=30s) & atrial electrical remodeling,P-Wave Morphological Delineation (Atrial Substrate),Delineation_P_IoU_SemiSeg,r2,IoU,spatial_1lead_cm1_capacity_matched_1000000_s42_l0,0.353938488063863
1. Rhythm Surveillance & Atrial Arrhythmia Recurrence,"DECAF (JAMA 2025), SHORT-AF (JACC EP 2023)",Detection of AF/AFL/AT recurrence (>=30s) & atrial electrical remodeling,P-Wave Morphological Delineation (Atrial Substrate),Delineation_P_IoU_SemiSeg,r2,IoU,spatial_1lead_pa1_panorama_author_1000000_s42_l0,0.35403181837842435
1. Rhythm Surveillance & Atrial Arrhythmia Recurrence,"DECAF (JAMA 2025), SHORT-AF (JACC EP 2023)",Detection of AF/AFL/AT recurrence (>=30s) & atrial electrical remodeling,P-Wave Morphological Delineation (Atrial Substrate),Delineation_P_IoU_SemiSeg,r2,IoU,spatial_1lead_c1_panorama_hybrid_1000000_s42_l0,0.34822725633739104
1. Rhythm Surveillance & Atrial Arrhythmia Recurrence,"DECAF (JAMA 2025), SHORT-AF (JACC EP 2023)",Detection of AF/AFL/AT recurrence (>=30s) & atrial electrical remodeling,P-Wave Morphological Delineation (Atrial Substrate),Delineation_P_IoU_SemiSeg,r2,IoU,spatial_1lead_b1_panorama_1000000_s42_l0,0.3037692869579267
1. Rhythm Surveillance & Atrial Arrhythmia Recurrence,"DECAF (JAMA 2025), SHORT-AF (JACC EP 2023)",Detection of AF/AFL/AT recurrence (>=30s) & atrial electrical remodeling,P-Wave Morphological Delineation (Atrial Substrate),Delineation_P_IoU_SemiSeg,r2,IoU,spatial_1lead_t111_exact_theta_1000000_s42_l0,0.2688117055643081
1. Rhythm Surveillance & Atrial Arrhythmia Recurrence,"DECAF (JAMA 2025), SHORT-AF (JACC EP 2023)",Detection of AF/AFL/AT recurrence (>=30s) & atrial electrical remodeling,P-Wave Morphological Delineation (Atrial Substrate),Delineation_P_IoU_SemiSeg,r2,IoU,spatial_1lead_t000_exact_theta_1000000_s42_l0,0.30003172133503536
2. Heart Failure & Hard Clinical Substrates,"Cheung et al. (Europace 2025), Qeska et al. (Europace 2023)","Surrogate identification for HF hospitalization (HR 3.21, P=0.002) & adverse events","Structural Heart Disease Discrimination (N=1,000)",EchoNextSHD_Macro_12,auroc,AUROC,conv15e_A0_wave_noSSL_gated_add_s42_l0,0.7373752628124912
2. Heart Failure & Hard Clinical Substrates,"Cheung et al. (Europace 2025), Qeska et al. (Europace 2023)","Surrogate identification for HF hospitalization (HR 3.21, P=0.002) & adverse events","Structural Heart Disease Discrimination (N=1,000)",EchoNextSHD_Macro_12,auroc,AUROC,conv15e_A0_zscore_s42_l0,0.7431595243180574
2. Heart Failure & Hard Clinical Substrates,"Cheung et al. (Europace 2025), Qeska et al. (Europace 2023)","Surrogate identification for HF hospitalization (HR 3.21, P=0.002) & adverse events","Structural Heart Disease Discrimination (N=1,000)",EchoNextSHD_Macro_12,auroc,AUROC,conv15e_C1_E1_morlet_mag_morlet_phase_s42_l0,0.6881704978193048
2. Heart Failure & Hard Clinical Substrates,"Cheung et al. (Europace 2025), Qeska et al. (Europace 2023)","Surrogate identification for HF hospitalization (HR 3.21, P=0.002) & adverse events","Structural Heart Disease Discrimination (N=1,000)",EchoNextSHD_Macro_12,auroc,AUROC,conv15e_R5_morlet_mag_ueg_phase_wyatt_s42_l0,0.7441120998848857
2. Heart Failure & Hard Clinical Substrates,"Cheung et al. (Europace 2025), Qeska et al. (Europace 2023)","Surrogate identification for HF hospitalization (HR 3.21, P=0.002) & adverse events","Structural Heart Disease Discrimination (N=1,000)",EchoNextSHD_Macro_12,auroc,AUROC,conv15e_R7_morlet_mag_ueg_real_s42_l0,0.7462005259832452
2. Heart Failure & Hard Clinical Substrates,"Cheung et al. (Europace 2025), Qeska et al. (Europace 2023)","Surrogate identification for HF hospitalization (HR 3.21, P=0.002) & adverse events","Structural Heart Disease Discrimination (N=1,000)",EchoNextSHD_Macro_12,auroc,AUROC,conv15e_del_wave_ce_s42_l0,0.7372962881538515
2. Heart Failure & Hard Clinical Substrates,"Cheung et al. (Europace 2025), Qeska et al. (Europace 2023)","Surrogate identification for HF hospitalization (HR 3.21, P=0.002) & adverse events","Structural Heart Disease Discrimination (N=1,000)",EchoNextSHD_Macro_12,auroc,AUROC,conv15e_ssl_log_magnitude_phase_sin_local_gated_add_s42_l0,0.743489047635638
2. Heart Failure & Hard Clinical Substrates,"Cheung et al. (Europace 2025), Qeska et al. (Europace 2023)","Surrogate identification for HF hospitalization (HR 3.21, P=0.002) & adverse events","Structural Heart Disease Discrimination (N=1,000)",EchoNextSHD_Macro_12,auroc,AUROC,conv15e_ssl_log_magnitude_real_both_gated_add_s42_l0,0.7364216848358031
2. Heart Failure & Hard Clinical Substrates,"Cheung et al. (Europace 2025), Qeska et al. (Europace 2023)","Surrogate identification for HF hospitalization (HR 3.21, P=0.002) & adverse events","Structural Heart Disease Discrimination (N=1,000)",EchoNextSHD_Macro_12,auroc,AUROC,D1_theta_mul_currentloss_s42_l0,0.6979244074604488
2. Heart Failure & Hard Clinical Substrates,"Cheung et al. (Europace 2025), Qeska et al. (Europace 2023)","Surrogate identification for HF hospitalization (HR 3.21, P=0.002) & adverse events","Structural Heart Disease Discrimination (N=1,000)",EchoNextSHD_Macro_12,auroc,AUROC,D2_current_id_l1_s42_l0,0.6930088636273231
2. Heart Failure & Hard Clinical Substrates,"Cheung et al. (Europace 2025), Qeska et al. (Europace 2023)","Surrogate identification for HF hospitalization (HR 3.21, P=0.002) & adverse events","Structural Heart Disease Discrimination (N=1,000)",EchoNextSHD_Macro_12,auroc,AUROC,D3_theta_mul_l1_s42_l0,0.6772566011966308
2. Heart Failure & Hard Clinical Substrates,"Cheung et al. (Europace 2025), Qeska et al. (Europace 2023)","Surrogate identification for HF hospitalization (HR 3.21, P=0.002) & adverse events","Structural Heart Disease Discrimination (N=1,000)",EchoNextSHD_Macro_12,auroc,AUROC,D4_learned12_mul_l1_s42_l0,0.647780928562674
2. Heart Failure & Hard Clinical Substrates,"Cheung et al. (Europace 2025), Qeska et al. (Europace 2023)","Surrogate identification for HF hospitalization (HR 3.21, P=0.002) & adverse events","Structural Heart Disease Discrimination (N=1,000)",EchoNextSHD_Macro_12,auroc,AUROC,D5_permuted_theta_mul_l1_s42_l0,0.681689938794746
2. Heart Failure & Hard Clinical Substrates,"Cheung et al. (Europace 2025), Qeska et al. (Europace 2023)","Surrogate identification for HF hospitalization (HR 3.21, P=0.002) & adverse events","Structural Heart Disease Discrimination (N=1,000)",EchoNextSHD_Macro_12,auroc,AUROC,D6_theta_add_l1_s42_l0,0.6599461159143563
2. Heart Failure & Hard Clinical Substrates,"Cheung et al. (Europace 2025), Qeska et al. (Europace 2023)","Surrogate identification for HF hospitalization (HR 3.21, P=0.002) & adverse events","Structural Heart Disease Discrimination (N=1,000)",EchoNextSHD_Macro_12,auroc,AUROC,D7_learned12_add_l1_s42_l0,0.6729093662794772
2. Heart Failure & Hard Clinical Substrates,"Cheung et al. (Europace 2025), Qeska et al. (Europace 2023)","Surrogate identification for HF hospitalization (HR 3.21, P=0.002) & adverse events","Structural Heart Disease Discrimination (N=1,000)",EchoNextSHD_Macro_12,auroc,AUROC,D8_random12_mul_l1_s42_l0,0.689556440773676
2. Heart Failure & Hard Clinical Substrates,"Cheung et al. (Europace 2025), Qeska et al. (Europace 2023)","Surrogate identification for HF hospitalization (HR 3.21, P=0.002) & adverse events","Structural Heart Disease Discrimination (N=1,000)",EchoNextSHD_Macro_12,auroc,AUROC,factorial_ecg_aim_1100013_s42,0.7559840664287395
2. Heart Failure & Hard Clinical Substrates,"Cheung et al. (Europace 2025), Qeska et al. (Europace 2023)","Surrogate identification for HF hospitalization (HR 3.21, P=0.002) & adverse events","Structural Heart Disease Discrimination (N=1,000)",EchoNextSHD_Macro_12,auroc,AUROC,factorial_ecg_aim_1100110_s42,0.7415760378667968
2. Heart Failure & Hard Clinical Substrates,"Cheung et al. (Europace 2025), Qeska et al. (Europace 2023)","Surrogate identification for HF hospitalization (HR 3.21, P=0.002) & adverse events","Structural Heart Disease Discrimination (N=1,000)",EchoNextSHD_Macro_12,auroc,AUROC,factorial_ecg_aim_1100111_s42,0.7542233749045746
2. Heart Failure & Hard Clinical Substrates,"Cheung et al. (Europace 2025), Qeska et al. (Europace 2023)","Surrogate identification for HF hospitalization (HR 3.21, P=0.002) & adverse events","Structural Heart Disease Discrimination (N=1,000)",EchoNextSHD_Macro_12,auroc,AUROC,factorial_ecg_aim_1101113_s42,0.742517319903093
2. Heart Failure & Hard Clinical Substrates,"Cheung et al. (Europace 2025), Qeska et al. (Europace 2023)","Surrogate identification for HF hospitalization (HR 3.21, P=0.002) & adverse events","Structural Heart Disease Discrimination (N=1,000)",EchoNextSHD_Macro_12,auroc,AUROC,spatial_1lead_a0_1110000_s42_l0,0.7322533848427014
2. Heart Failure & Hard Clinical Substrates,"Cheung et al. (Europace 2025), Qeska et al. (Europace 2023)","Surrogate identification for HF hospitalization (HR 3.21, P=0.002) & adverse events","Structural Heart Disease Discrimination (N=1,000)",EchoNextSHD_Macro_12,auroc,AUROC,spatial_1lead_e1_panorama_film_1110000_s42_l0,0.7214630953876543
2. Heart Failure & Hard Clinical Substrates,"Cheung et al. (Europace 2025), Qeska et al. (Europace 2023)","Surrogate identification for HF hospitalization (HR 3.21, P=0.002) & adverse events","Structural Heart Disease Discrimination (N=1,000)",EchoNextSHD_Macro_12,auroc,AUROC,spatial_1lead_pa1_panorama_author_1110000_s42_l0,0.7252195060759512
2. Heart Failure & Hard Clinical Substrates,"Cheung et al. (Europace 2025), Qeska et al. (Europace 2023)","Surrogate identification for HF hospitalization (HR 3.21, P=0.002) & adverse events","Structural Heart Disease Discrimination (N=1,000)",EchoNextSHD_Macro_12,auroc,AUROC,spatial_1lead_b1_panorama_1110000_s42_l0,0.7344638932586206
2. Heart Failure & Hard Clinical Substrates,"Cheung et al. (Europace 2025), Qeska et al. (Europace 2023)","Surrogate identification for HF hospitalization (HR 3.21, P=0.002) & adverse events","Structural Heart Disease Discrimination (N=1,000)",EchoNextSHD_Macro_12,auroc,AUROC,spatial_1lead_cm1_capacity_matched_1110000_s42_l0,0.736103594472694
2. Heart Failure & Hard Clinical Substrates,"Cheung et al. (Europace 2025), Qeska et al. (Europace 2023)","Surrogate identification for HF hospitalization (HR 3.21, P=0.002) & adverse events","Structural Heart Disease Discrimination (N=1,000)",EchoNextSHD_Macro_12,auroc,AUROC,spatial_1lead_pg1_permuted_geometry_1110000_s42_l0,0.7366587584138493
2. Heart Failure & Hard Clinical Substrates,"Cheung et al. (Europace 2025), Qeska et al. (Europace 2023)","Surrogate identification for HF hospitalization (HR 3.21, P=0.002) & adverse events","Structural Heart Disease Discrimination (N=1,000)",EchoNextSHD_Macro_12,auroc,AUROC,spatial_1lead_t000_exact_theta_1110000_s42_l0,0.7355483497933442
2. Heart Failure & Hard Clinical Substrates,"Cheung et al. (Europace 2025), Qeska et al. (Europace 2023)","Surrogate identification for HF hospitalization (HR 3.21, P=0.002) & adverse events","Structural Heart Disease Discrimination (N=1,000)",EchoNextSHD_Macro_12,auroc,AUROC,spatial_1lead_c1_panorama_hybrid_1110000_s42_l0,0.7321289082010263
2. Heart Failure & Hard Clinical Substrates,"Cheung et al. (Europace 2025), Qeska et al. (Europace 2023)","Surrogate identification for HF hospitalization (HR 3.21, P=0.002) & adverse events","Structural Heart Disease Discrimination (N=1,000)",EchoNextSHD_Macro_12,auroc,AUROC,spatial_1lead_d1_panorama_relative_1110000_s42_l0,0.722220316873143
2. Heart Failure & Hard Clinical Substrates,"Cheung et al. (Europace 2025), Qeska et al. (Europace 2023)","Surrogate identification for HF hospitalization (HR 3.21, P=0.002) & adverse events","Structural Heart Disease Discrimination (N=1,000)",EchoNextSHD_Macro_12,auroc,AUROC,spatial_1lead_e1_panorama_film_1010010_s42_l0,0.7217340059317908
2. Heart Failure & Hard Clinical Substrates,"Cheung et al. (Europace 2025), Qeska et al. (Europace 2023)","Surrogate identification for HF hospitalization (HR 3.21, P=0.002) & adverse events","Structural Heart Disease Discrimination (N=1,000)",EchoNextSHD_Macro_12,auroc,AUROC,spatial_1lead_pa1_panorama_author_1010010_s42_l0,0.7328799529811103
2. Heart Failure & Hard Clinical Substrates,"Cheung et al. (Europace 2025), Qeska et al. (Europace 2023)","Surrogate identification for HF hospitalization (HR 3.21, P=0.002) & adverse events","Structural Heart Disease Discrimination (N=1,000)",EchoNextSHD_Macro_12,auroc,AUROC,spatial_1lead_t000_exact_theta_1010010_s42_l0,0.7126683848533838
2. Heart Failure & Hard Clinical Substrates,"Cheung et al. (Europace 2025), Qeska et al. (Europace 2023)","Surrogate identification for HF hospitalization (HR 3.21, P=0.002) & adverse events","Structural Heart Disease Discrimination (N=1,000)",EchoNextSHD_Macro_12,auroc,AUROC,spatial_1lead_a0_1010010_s42_l0,0.7313682636670765
2. Heart Failure & Hard Clinical Substrates,"Cheung et al. (Europace 2025), Qeska et al. (Europace 2023)","Surrogate identification for HF hospitalization (HR 3.21, P=0.002) & adverse events","Structural Heart Disease Discrimination (N=1,000)",EchoNextSHD_Macro_12,auroc,AUROC,spatial_1lead_cm1_capacity_matched_1010010_s42_l0,0.7388046506520556
2. Heart Failure & Hard Clinical Substrates,"Cheung et al. (Europace 2025), Qeska et al. (Europace 2023)","Surrogate identification for HF hospitalization (HR 3.21, P=0.002) & adverse events","Structural Heart Disease Discrimination (N=1,000)",EchoNextSHD_Macro_12,auroc,AUROC,spatial_1lead_d1_panorama_relative_1010010_s42_l0,0.7333067820967433
2. Heart Failure & Hard Clinical Substrates,"Cheung et al. (Europace 2025), Qeska et al. (Europace 2023)","Surrogate identification for HF hospitalization (HR 3.21, P=0.002) & adverse events","Structural Heart Disease Discrimination (N=1,000)",EchoNextSHD_Macro_12,auroc,AUROC,spatial_1lead_b1_panorama_1010010_s42_l0,0.7260967137346769
2. Heart Failure & Hard Clinical Substrates,"Cheung et al. (Europace 2025), Qeska et al. (Europace 2023)","Surrogate identification for HF hospitalization (HR 3.21, P=0.002) & adverse events","Structural Heart Disease Discrimination (N=1,000)",EchoNextSHD_Macro_12,auroc,AUROC,spatial_1lead_pg1_permuted_geometry_1010010_s42_l0,0.7279222248829378
2. Heart Failure & Hard Clinical Substrates,"Cheung et al. (Europace 2025), Qeska et al. (Europace 2023)","Surrogate identification for HF hospitalization (HR 3.21, P=0.002) & adverse events","Structural Heart Disease Discrimination (N=1,000)",EchoNextSHD_Macro_12,auroc,AUROC,spatial_1lead_c1_panorama_hybrid_1010010_s42_l0,0.7278393054211065
2. Heart Failure & Hard Clinical Substrates,"Cheung et al. (Europace 2025), Qeska et al. (Europace 2023)","Surrogate identification for HF hospitalization (HR 3.21, P=0.002) & adverse events","Structural Heart Disease Discrimination (N=1,000)",EchoNextSHD_Macro_12,auroc,AUROC,spatial_1lead_t111_exact_theta_1010010_s42_l0,0.7370450497219458
2. Heart Failure & Hard Clinical Substrates,"Cheung et al. (Europace 2025), Qeska et al. (Europace 2023)","Surrogate identification for HF hospitalization (HR 3.21, P=0.002) & adverse events","Structural Heart Disease Discrimination (N=1,000)",EchoNextSHD_Macro_12,auroc,AUROC,spatial_1lead_t111_exact_theta_1110000_s42_l0,0.746759763225421
2. Heart Failure & Hard Clinical Substrates,"Cheung et al. (Europace 2025), Qeska et al. (Europace 2023)","Surrogate identification for HF hospitalization (HR 3.21, P=0.002) & adverse events","Structural Heart Disease Discrimination (N=1,000)",EchoNextSHD_Macro_12,auroc,AUROC,spatial_1lead_e1_panorama_film_1000000_s42_l0,0.7329639518592131
2. Heart Failure & Hard Clinical Substrates,"Cheung et al. (Europace 2025), Qeska et al. (Europace 2023)","Surrogate identification for HF hospitalization (HR 3.21, P=0.002) & adverse events","Structural Heart Disease Discrimination (N=1,000)",EchoNextSHD_Macro_12,auroc,AUROC,spatial_1lead_d1_panorama_relative_1000000_s42_l0,0.7420152952763331
2. Heart Failure & Hard Clinical Substrates,"Cheung et al. (Europace 2025), Qeska et al. (Europace 2023)","Surrogate identification for HF hospitalization (HR 3.21, P=0.002) & adverse events","Structural Heart Disease Discrimination (N=1,000)",EchoNextSHD_Macro_12,auroc,AUROC,spatial_1lead_pg1_permuted_geometry_1000000_s42_l0,0.7357257828154111
2. Heart Failure & Hard Clinical Substrates,"Cheung et al. (Europace 2025), Qeska et al. (Europace 2023)","Surrogate identification for HF hospitalization (HR 3.21, P=0.002) & adverse events","Structural Heart Disease Discrimination (N=1,000)",EchoNextSHD_Macro_12,auroc,AUROC,spatial_1lead_cm1_capacity_matched_1000000_s42_l0,0.7391576567948178
2. Heart Failure & Hard Clinical Substrates,"Cheung et al. (Europace 2025), Qeska et al. (Europace 2023)","Surrogate identification for HF hospitalization (HR 3.21, P=0.002) & adverse events","Structural Heart Disease Discrimination (N=1,000)",EchoNextSHD_Macro_12,auroc,AUROC,spatial_1lead_pa1_panorama_author_1000000_s42_l0,0.7513078185293427
2. Heart Failure & Hard Clinical Substrates,"Cheung et al. (Europace 2025), Qeska et al. (Europace 2023)","Surrogate identification for HF hospitalization (HR 3.21, P=0.002) & adverse events","Structural Heart Disease Discrimination (N=1,000)",EchoNextSHD_Macro_12,auroc,AUROC,spatial_1lead_c1_panorama_hybrid_1000000_s42_l0,0.7333223066471537
2. Heart Failure & Hard Clinical Substrates,"Cheung et al. (Europace 2025), Qeska et al. (Europace 2023)","Surrogate identification for HF hospitalization (HR 3.21, P=0.002) & adverse events","Structural Heart Disease Discrimination (N=1,000)",EchoNextSHD_Macro_12,auroc,AUROC,spatial_1lead_b1_panorama_1000000_s42_l0,0.7441305621355319
2. Heart Failure & Hard Clinical Substrates,"Cheung et al. (Europace 2025), Qeska et al. (Europace 2023)","Surrogate identification for HF hospitalization (HR 3.21, P=0.002) & adverse events","Structural Heart Disease Discrimination (N=1,000)",EchoNextSHD_Macro_12,auroc,AUROC,spatial_1lead_t111_exact_theta_1000000_s42_l0,0.7552300427933656
2. Heart Failure & Hard Clinical Substrates,"Cheung et al. (Europace 2025), Qeska et al. (Europace 2023)","Surrogate identification for HF hospitalization (HR 3.21, P=0.002) & adverse events","Structural Heart Disease Discrimination (N=1,000)",EchoNextSHD_Macro_12,auroc,AUROC,spatial_1lead_t000_exact_theta_1000000_s42_l0,0.7394442892350803
2. Heart Failure & Hard Clinical Substrates,"Cheung et al. (Europace 2025), Qeska et al. (Europace 2023)","Surrogate identification for HF hospitalization (HR 3.21, P=0.002) & adverse events",Structural Heart Disease Precision-Recall,EchoNextSHD_Macro_12,auprc,AUPRC,conv15e_A0_wave_noSSL_gated_add_s42_l0,0.2740823630308007
2. Heart Failure & Hard Clinical Substrates,"Cheung et al. (Europace 2025), Qeska et al. (Europace 2023)","Surrogate identification for HF hospitalization (HR 3.21, P=0.002) & adverse events",Structural Heart Disease Precision-Recall,EchoNextSHD_Macro_12,auprc,AUPRC,conv15e_A0_zscore_s42_l0,0.26785431454204195
2. Heart Failure & Hard Clinical Substrates,"Cheung et al. (Europace 2025), Qeska et al. (Europace 2023)","Surrogate identification for HF hospitalization (HR 3.21, P=0.002) & adverse events",Structural Heart Disease Precision-Recall,EchoNextSHD_Macro_12,auprc,AUPRC,conv15e_C1_E1_morlet_mag_morlet_phase_s42_l0,0.22769477479992287
2. Heart Failure & Hard Clinical Substrates,"Cheung et al. (Europace 2025), Qeska et al. (Europace 2023)","Surrogate identification for HF hospitalization (HR 3.21, P=0.002) & adverse events",Structural Heart Disease Precision-Recall,EchoNextSHD_Macro_12,auprc,AUPRC,conv15e_R5_morlet_mag_ueg_phase_wyatt_s42_l0,0.2813845786071655
2. Heart Failure & Hard Clinical Substrates,"Cheung et al. (Europace 2025), Qeska et al. (Europace 2023)","Surrogate identification for HF hospitalization (HR 3.21, P=0.002) & adverse events",Structural Heart Disease Precision-Recall,EchoNextSHD_Macro_12,auprc,AUPRC,conv15e_R7_morlet_mag_ueg_real_s42_l0,0.28275526988798494
2. Heart Failure & Hard Clinical Substrates,"Cheung et al. (Europace 2025), Qeska et al. (Europace 2023)","Surrogate identification for HF hospitalization (HR 3.21, P=0.002) & adverse events",Structural Heart Disease Precision-Recall,EchoNextSHD_Macro_12,auprc,AUPRC,conv15e_del_wave_ce_s42_l0,0.2749762376613377
2. Heart Failure & Hard Clinical Substrates,"Cheung et al. (Europace 2025), Qeska et al. (Europace 2023)","Surrogate identification for HF hospitalization (HR 3.21, P=0.002) & adverse events",Structural Heart Disease Precision-Recall,EchoNextSHD_Macro_12,auprc,AUPRC,conv15e_ssl_log_magnitude_phase_sin_local_gated_add_s42_l0,0.27558146906178327
2. Heart Failure & Hard Clinical Substrates,"Cheung et al. (Europace 2025), Qeska et al. (Europace 2023)","Surrogate identification for HF hospitalization (HR 3.21, P=0.002) & adverse events",Structural Heart Disease Precision-Recall,EchoNextSHD_Macro_12,auprc,AUPRC,conv15e_ssl_log_magnitude_real_both_gated_add_s42_l0,0.28337621871640084
2. Heart Failure & Hard Clinical Substrates,"Cheung et al. (Europace 2025), Qeska et al. (Europace 2023)","Surrogate identification for HF hospitalization (HR 3.21, P=0.002) & adverse events",Structural Heart Disease Precision-Recall,EchoNextSHD_Macro_12,auprc,AUPRC,D1_theta_mul_currentloss_s42_l0,0.23811790539839617
2. Heart Failure & Hard Clinical Substrates,"Cheung et al. (Europace 2025), Qeska et al. (Europace 2023)","Surrogate identification for HF hospitalization (HR 3.21, P=0.002) & adverse events",Structural Heart Disease Precision-Recall,EchoNextSHD_Macro_12,auprc,AUPRC,D2_current_id_l1_s42_l0,0.23900452269786748
2. Heart Failure & Hard Clinical Substrates,"Cheung et al. (Europace 2025), Qeska et al. (Europace 2023)","Surrogate identification for HF hospitalization (HR 3.21, P=0.002) & adverse events",Structural Heart Disease Precision-Recall,EchoNextSHD_Macro_12,auprc,AUPRC,D3_theta_mul_l1_s42_l0,0.2185448923525624
2. Heart Failure & Hard Clinical Substrates,"Cheung et al. (Europace 2025), Qeska et al. (Europace 2023)","Surrogate identification for HF hospitalization (HR 3.21, P=0.002) & adverse events",Structural Heart Disease Precision-Recall,EchoNextSHD_Macro_12,auprc,AUPRC,D4_learned12_mul_l1_s42_l0,0.19314700675839108
2. Heart Failure & Hard Clinical Substrates,"Cheung et al. (Europace 2025), Qeska et al. (Europace 2023)","Surrogate identification for HF hospitalization (HR 3.21, P=0.002) & adverse events",Structural Heart Disease Precision-Recall,EchoNextSHD_Macro_12,auprc,AUPRC,D5_permuted_theta_mul_l1_s42_l0,0.21918249792032982
2. Heart Failure & Hard Clinical Substrates,"Cheung et al. (Europace 2025), Qeska et al. (Europace 2023)","Surrogate identification for HF hospitalization (HR 3.21, P=0.002) & adverse events",Structural Heart Disease Precision-Recall,EchoNextSHD_Macro_12,auprc,AUPRC,D6_theta_add_l1_s42_l0,0.2132256474867602
2. Heart Failure & Hard Clinical Substrates,"Cheung et al. (Europace 2025), Qeska et al. (Europace 2023)","Surrogate identification for HF hospitalization (HR 3.21, P=0.002) & adverse events",Structural Heart Disease Precision-Recall,EchoNextSHD_Macro_12,auprc,AUPRC,D7_learned12_add_l1_s42_l0,0.21927254832630208
2. Heart Failure & Hard Clinical Substrates,"Cheung et al. (Europace 2025), Qeska et al. (Europace 2023)","Surrogate identification for HF hospitalization (HR 3.21, P=0.002) & adverse events",Structural Heart Disease Precision-Recall,EchoNextSHD_Macro_12,auprc,AUPRC,D8_random12_mul_l1_s42_l0,0.23797944223496614
2. Heart Failure & Hard Clinical Substrates,"Cheung et al. (Europace 2025), Qeska et al. (Europace 2023)","Surrogate identification for HF hospitalization (HR 3.21, P=0.002) & adverse events",Structural Heart Disease Precision-Recall,EchoNextSHD_Macro_12,auprc,AUPRC,factorial_ecg_aim_1100013_s42,0.27573296901830235
2. Heart Failure & Hard Clinical Substrates,"Cheung et al. (Europace 2025), Qeska et al. (Europace 2023)","Surrogate identification for HF hospitalization (HR 3.21, P=0.002) & adverse events",Structural Heart Disease Precision-Recall,EchoNextSHD_Macro_12,auprc,AUPRC,factorial_ecg_aim_1100110_s42,0.26755042777826116
2. Heart Failure & Hard Clinical Substrates,"Cheung et al. (Europace 2025), Qeska et al. (Europace 2023)","Surrogate identification for HF hospitalization (HR 3.21, P=0.002) & adverse events",Structural Heart Disease Precision-Recall,EchoNextSHD_Macro_12,auprc,AUPRC,factorial_ecg_aim_1100111_s42,0.27798696612347734
2. Heart Failure & Hard Clinical Substrates,"Cheung et al. (Europace 2025), Qeska et al. (Europace 2023)","Surrogate identification for HF hospitalization (HR 3.21, P=0.002) & adverse events",Structural Heart Disease Precision-Recall,EchoNextSHD_Macro_12,auprc,AUPRC,factorial_ecg_aim_1101113_s42,0.27084485424625576
2. Heart Failure & Hard Clinical Substrates,"Cheung et al. (Europace 2025), Qeska et al. (Europace 2023)","Surrogate identification for HF hospitalization (HR 3.21, P=0.002) & adverse events",Structural Heart Disease Precision-Recall,EchoNextSHD_Macro_12,auprc,AUPRC,spatial_1lead_a0_1110000_s42_l0,0.2674166515323893
2. Heart Failure & Hard Clinical Substrates,"Cheung et al. (Europace 2025), Qeska et al. (Europace 2023)","Surrogate identification for HF hospitalization (HR 3.21, P=0.002) & adverse events",Structural Heart Disease Precision-Recall,EchoNextSHD_Macro_12,auprc,AUPRC,spatial_1lead_e1_panorama_film_1110000_s42_l0,0.2548667937611327
2. Heart Failure & Hard Clinical Substrates,"Cheung et al. (Europace 2025), Qeska et al. (Europace 2023)","Surrogate identification for HF hospitalization (HR 3.21, P=0.002) & adverse events",Structural Heart Disease Precision-Recall,EchoNextSHD_Macro_12,auprc,AUPRC,spatial_1lead_pa1_panorama_author_1110000_s42_l0,0.2632637113697165
2. Heart Failure & Hard Clinical Substrates,"Cheung et al. (Europace 2025), Qeska et al. (Europace 2023)","Surrogate identification for HF hospitalization (HR 3.21, P=0.002) & adverse events",Structural Heart Disease Precision-Recall,EchoNextSHD_Macro_12,auprc,AUPRC,spatial_1lead_b1_panorama_1110000_s42_l0,0.26563217572940206
2. Heart Failure & Hard Clinical Substrates,"Cheung et al. (Europace 2025), Qeska et al. (Europace 2023)","Surrogate identification for HF hospitalization (HR 3.21, P=0.002) & adverse events",Structural Heart Disease Precision-Recall,EchoNextSHD_Macro_12,auprc,AUPRC,spatial_1lead_cm1_capacity_matched_1110000_s42_l0,0.2729487407951536
2. Heart Failure & Hard Clinical Substrates,"Cheung et al. (Europace 2025), Qeska et al. (Europace 2023)","Surrogate identification for HF hospitalization (HR 3.21, P=0.002) & adverse events",Structural Heart Disease Precision-Recall,EchoNextSHD_Macro_12,auprc,AUPRC,spatial_1lead_pg1_permuted_geometry_1110000_s42_l0,0.27001901071389
2. Heart Failure & Hard Clinical Substrates,"Cheung et al. (Europace 2025), Qeska et al. (Europace 2023)","Surrogate identification for HF hospitalization (HR 3.21, P=0.002) & adverse events",Structural Heart Disease Precision-Recall,EchoNextSHD_Macro_12,auprc,AUPRC,spatial_1lead_t000_exact_theta_1110000_s42_l0,0.2709672621068086
2. Heart Failure & Hard Clinical Substrates,"Cheung et al. (Europace 2025), Qeska et al. (Europace 2023)","Surrogate identification for HF hospitalization (HR 3.21, P=0.002) & adverse events",Structural Heart Disease Precision-Recall,EchoNextSHD_Macro_12,auprc,AUPRC,spatial_1lead_c1_panorama_hybrid_1110000_s42_l0,0.2688047978735084
2. Heart Failure & Hard Clinical Substrates,"Cheung et al. (Europace 2025), Qeska et al. (Europace 2023)","Surrogate identification for HF hospitalization (HR 3.21, P=0.002) & adverse events",Structural Heart Disease Precision-Recall,EchoNextSHD_Macro_12,auprc,AUPRC,spatial_1lead_d1_panorama_relative_1110000_s42_l0,0.2665909340938512
2. Heart Failure & Hard Clinical Substrates,"Cheung et al. (Europace 2025), Qeska et al. (Europace 2023)","Surrogate identification for HF hospitalization (HR 3.21, P=0.002) & adverse events",Structural Heart Disease Precision-Recall,EchoNextSHD_Macro_12,auprc,AUPRC,spatial_1lead_e1_panorama_film_1010010_s42_l0,0.2596543783195312
2. Heart Failure & Hard Clinical Substrates,"Cheung et al. (Europace 2025), Qeska et al. (Europace 2023)","Surrogate identification for HF hospitalization (HR 3.21, P=0.002) & adverse events",Structural Heart Disease Precision-Recall,EchoNextSHD_Macro_12,auprc,AUPRC,spatial_1lead_pa1_panorama_author_1010010_s42_l0,0.2656843808715936
2. Heart Failure & Hard Clinical Substrates,"Cheung et al. (Europace 2025), Qeska et al. (Europace 2023)","Surrogate identification for HF hospitalization (HR 3.21, P=0.002) & adverse events",Structural Heart Disease Precision-Recall,EchoNextSHD_Macro_12,auprc,AUPRC,spatial_1lead_t000_exact_theta_1010010_s42_l0,0.24778163854828072
2. Heart Failure & Hard Clinical Substrates,"Cheung et al. (Europace 2025), Qeska et al. (Europace 2023)","Surrogate identification for HF hospitalization (HR 3.21, P=0.002) & adverse events",Structural Heart Disease Precision-Recall,EchoNextSHD_Macro_12,auprc,AUPRC,spatial_1lead_a0_1010010_s42_l0,0.2638487639923745
2. Heart Failure & Hard Clinical Substrates,"Cheung et al. (Europace 2025), Qeska et al. (Europace 2023)","Surrogate identification for HF hospitalization (HR 3.21, P=0.002) & adverse events",Structural Heart Disease Precision-Recall,EchoNextSHD_Macro_12,auprc,AUPRC,spatial_1lead_cm1_capacity_matched_1010010_s42_l0,0.2666876684773213
2. Heart Failure & Hard Clinical Substrates,"Cheung et al. (Europace 2025), Qeska et al. (Europace 2023)","Surrogate identification for HF hospitalization (HR 3.21, P=0.002) & adverse events",Structural Heart Disease Precision-Recall,EchoNextSHD_Macro_12,auprc,AUPRC,spatial_1lead_d1_panorama_relative_1010010_s42_l0,0.2651345309138965
2. Heart Failure & Hard Clinical Substrates,"Cheung et al. (Europace 2025), Qeska et al. (Europace 2023)","Surrogate identification for HF hospitalization (HR 3.21, P=0.002) & adverse events",Structural Heart Disease Precision-Recall,EchoNextSHD_Macro_12,auprc,AUPRC,spatial_1lead_b1_panorama_1010010_s42_l0,0.260497553433848
2. Heart Failure & Hard Clinical Substrates,"Cheung et al. (Europace 2025), Qeska et al. (Europace 2023)","Surrogate identification for HF hospitalization (HR 3.21, P=0.002) & adverse events",Structural Heart Disease Precision-Recall,EchoNextSHD_Macro_12,auprc,AUPRC,spatial_1lead_pg1_permuted_geometry_1010010_s42_l0,0.2554880592424682
2. Heart Failure & Hard Clinical Substrates,"Cheung et al. (Europace 2025), Qeska et al. (Europace 2023)","Surrogate identification for HF hospitalization (HR 3.21, P=0.002) & adverse events",Structural Heart Disease Precision-Recall,EchoNextSHD_Macro_12,auprc,AUPRC,spatial_1lead_c1_panorama_hybrid_1010010_s42_l0,0.26021989645543203
2. Heart Failure & Hard Clinical Substrates,"Cheung et al. (Europace 2025), Qeska et al. (Europace 2023)","Surrogate identification for HF hospitalization (HR 3.21, P=0.002) & adverse events",Structural Heart Disease Precision-Recall,EchoNextSHD_Macro_12,auprc,AUPRC,spatial_1lead_t111_exact_theta_1010010_s42_l0,0.2705387458132769
2. Heart Failure & Hard Clinical Substrates,"Cheung et al. (Europace 2025), Qeska et al. (Europace 2023)","Surrogate identification for HF hospitalization (HR 3.21, P=0.002) & adverse events",Structural Heart Disease Precision-Recall,EchoNextSHD_Macro_12,auprc,AUPRC,spatial_1lead_t111_exact_theta_1110000_s42_l0,0.2770420209340804
2. Heart Failure & Hard Clinical Substrates,"Cheung et al. (Europace 2025), Qeska et al. (Europace 2023)","Surrogate identification for HF hospitalization (HR 3.21, P=0.002) & adverse events",Structural Heart Disease Precision-Recall,EchoNextSHD_Macro_12,auprc,AUPRC,spatial_1lead_e1_panorama_film_1000000_s42_l0,0.25967225882132505
2. Heart Failure & Hard Clinical Substrates,"Cheung et al. (Europace 2025), Qeska et al. (Europace 2023)","Surrogate identification for HF hospitalization (HR 3.21, P=0.002) & adverse events",Structural Heart Disease Precision-Recall,EchoNextSHD_Macro_12,auprc,AUPRC,spatial_1lead_d1_panorama_relative_1000000_s42_l0,0.2658155843691991
2. Heart Failure & Hard Clinical Substrates,"Cheung et al. (Europace 2025), Qeska et al. (Europace 2023)","Surrogate identification for HF hospitalization (HR 3.21, P=0.002) & adverse events",Structural Heart Disease Precision-Recall,EchoNextSHD_Macro_12,auprc,AUPRC,spatial_1lead_pg1_permuted_geometry_1000000_s42_l0,0.2714814485759975
2. Heart Failure & Hard Clinical Substrates,"Cheung et al. (Europace 2025), Qeska et al. (Europace 2023)","Surrogate identification for HF hospitalization (HR 3.21, P=0.002) & adverse events",Structural Heart Disease Precision-Recall,EchoNextSHD_Macro_12,auprc,AUPRC,spatial_1lead_cm1_capacity_matched_1000000_s42_l0,0.2690872966917883
2. Heart Failure & Hard Clinical Substrates,"Cheung et al. (Europace 2025), Qeska et al. (Europace 2023)","Surrogate identification for HF hospitalization (HR 3.21, P=0.002) & adverse events",Structural Heart Disease Precision-Recall,EchoNextSHD_Macro_12,auprc,AUPRC,spatial_1lead_pa1_panorama_author_1000000_s42_l0,0.2730231749492283
2. Heart Failure & Hard Clinical Substrates,"Cheung et al. (Europace 2025), Qeska et al. (Europace 2023)","Surrogate identification for HF hospitalization (HR 3.21, P=0.002) & adverse events",Structural Heart Disease Precision-Recall,EchoNextSHD_Macro_12,auprc,AUPRC,spatial_1lead_c1_panorama_hybrid_1000000_s42_l0,0.26981246995652175
2. Heart Failure & Hard Clinical Substrates,"Cheung et al. (Europace 2025), Qeska et al. (Europace 2023)","Surrogate identification for HF hospitalization (HR 3.21, P=0.002) & adverse events",Structural Heart Disease Precision-Recall,EchoNextSHD_Macro_12,auprc,AUPRC,spatial_1lead_b1_panorama_1000000_s42_l0,0.2638477407605551
2. Heart Failure & Hard Clinical Substrates,"Cheung et al. (Europace 2025), Qeska et al. (Europace 2023)","Surrogate identification for HF hospitalization (HR 3.21, P=0.002) & adverse events",Structural Heart Disease Precision-Recall,EchoNextSHD_Macro_12,auprc,AUPRC,spatial_1lead_t111_exact_theta_1000000_s42_l0,0.2784605116745224
2. Heart Failure & Hard Clinical Substrates,"Cheung et al. (Europace 2025), Qeska et al. (Europace 2023)","Surrogate identification for HF hospitalization (HR 3.21, P=0.002) & adverse events",Structural Heart Disease Precision-Recall,EchoNextSHD_Macro_12,auprc,AUPRC,spatial_1lead_t000_exact_theta_1000000_s42_l0,0.2651626882470363
2. Heart Failure & Hard Clinical Substrates,"Cheung et al. (Europace 2025), Qeska et al. (Europace 2023)","Surrogate identification for HF hospitalization (HR 3.21, P=0.002) & adverse events",Sokolow-Lyon Voltage Residual Error,LVH_SokolowLyon,mae,MAE (mV),conv15e_A0_wave_noSSL_gated_add_s42_l0,0.7184145985894902
2. Heart Failure & Hard Clinical Substrates,"Cheung et al. (Europace 2025), Qeska et al. (Europace 2023)","Surrogate identification for HF hospitalization (HR 3.21, P=0.002) & adverse events",Sokolow-Lyon Voltage Residual Error,LVH_SokolowLyon,mae,MAE (mV),conv15e_A0_zscore_s42_l0,0.695757409664476
2. Heart Failure & Hard Clinical Substrates,"Cheung et al. (Europace 2025), Qeska et al. (Europace 2023)","Surrogate identification for HF hospitalization (HR 3.21, P=0.002) & adverse events",Sokolow-Lyon Voltage Residual Error,LVH_SokolowLyon,mae,MAE (mV),conv15e_C1_E1_morlet_mag_morlet_phase_s42_l0,0.8395423612559894
2. Heart Failure & Hard Clinical Substrates,"Cheung et al. (Europace 2025), Qeska et al. (Europace 2023)","Surrogate identification for HF hospitalization (HR 3.21, P=0.002) & adverse events",Sokolow-Lyon Voltage Residual Error,LVH_SokolowLyon,mae,MAE (mV),conv15e_R5_morlet_mag_ueg_phase_wyatt_s42_l0,0.720766427491989
2. Heart Failure & Hard Clinical Substrates,"Cheung et al. (Europace 2025), Qeska et al. (Europace 2023)","Surrogate identification for HF hospitalization (HR 3.21, P=0.002) & adverse events",Sokolow-Lyon Voltage Residual Error,LVH_SokolowLyon,mae,MAE (mV),conv15e_R7_morlet_mag_ueg_real_s42_l0,0.7313015646181723
2. Heart Failure & Hard Clinical Substrates,"Cheung et al. (Europace 2025), Qeska et al. (Europace 2023)","Surrogate identification for HF hospitalization (HR 3.21, P=0.002) & adverse events",Sokolow-Lyon Voltage Residual Error,LVH_SokolowLyon,mae,MAE (mV),conv15e_del_wave_ce_s42_l0,0.7313076825820933
2. Heart Failure & Hard Clinical Substrates,"Cheung et al. (Europace 2025), Qeska et al. (Europace 2023)","Surrogate identification for HF hospitalization (HR 3.21, P=0.002) & adverse events",Sokolow-Lyon Voltage Residual Error,LVH_SokolowLyon,mae,MAE (mV),conv15e_ssl_log_magnitude_phase_sin_local_gated_add_s42_l0,0.7242396896513513
2. Heart Failure & Hard Clinical Substrates,"Cheung et al. (Europace 2025), Qeska et al. (Europace 2023)","Surrogate identification for HF hospitalization (HR 3.21, P=0.002) & adverse events",Sokolow-Lyon Voltage Residual Error,LVH_SokolowLyon,mae,MAE (mV),conv15e_ssl_log_magnitude_real_both_gated_add_s42_l0,0.7156551341179612
2. Heart Failure & Hard Clinical Substrates,"Cheung et al. (Europace 2025), Qeska et al. (Europace 2023)","Surrogate identification for HF hospitalization (HR 3.21, P=0.002) & adverse events",Sokolow-Lyon Voltage Residual Error,LVH_SokolowLyon,mae,MAE (mV),D1_theta_mul_currentloss_s42_l0,0.6154819731282798
2. Heart Failure & Hard Clinical Substrates,"Cheung et al. (Europace 2025), Qeska et al. (Europace 2023)","Surrogate identification for HF hospitalization (HR 3.21, P=0.002) & adverse events",Sokolow-Lyon Voltage Residual Error,LVH_SokolowLyon,mae,MAE (mV),D2_current_id_l1_s42_l0,0.6409919848758812
2. Heart Failure & Hard Clinical Substrates,"Cheung et al. (Europace 2025), Qeska et al. (Europace 2023)","Surrogate identification for HF hospitalization (HR 3.21, P=0.002) & adverse events",Sokolow-Lyon Voltage Residual Error,LVH_SokolowLyon,mae,MAE (mV),D3_theta_mul_l1_s42_l0,0.6227886042505963
2. Heart Failure & Hard Clinical Substrates,"Cheung et al. (Europace 2025), Qeska et al. (Europace 2023)","Surrogate identification for HF hospitalization (HR 3.21, P=0.002) & adverse events",Sokolow-Lyon Voltage Residual Error,LVH_SokolowLyon,mae,MAE (mV),D4_learned12_mul_l1_s42_l0,0.6075624884449426
2. Heart Failure & Hard Clinical Substrates,"Cheung et al. (Europace 2025), Qeska et al. (Europace 2023)","Surrogate identification for HF hospitalization (HR 3.21, P=0.002) & adverse events",Sokolow-Lyon Voltage Residual Error,LVH_SokolowLyon,mae,MAE (mV),D5_permuted_theta_mul_l1_s42_l0,0.6286155473681555
2. Heart Failure & Hard Clinical Substrates,"Cheung et al. (Europace 2025), Qeska et al. (Europace 2023)","Surrogate identification for HF hospitalization (HR 3.21, P=0.002) & adverse events",Sokolow-Lyon Voltage Residual Error,LVH_SokolowLyon,mae,MAE (mV),D6_theta_add_l1_s42_l0,0.6358706204727415
2. Heart Failure & Hard Clinical Substrates,"Cheung et al. (Europace 2025), Qeska et al. (Europace 2023)","Surrogate identification for HF hospitalization (HR 3.21, P=0.002) & adverse events",Sokolow-Lyon Voltage Residual Error,LVH_SokolowLyon,mae,MAE (mV),D7_learned12_add_l1_s42_l0,0.6187399786585998
2. Heart Failure & Hard Clinical Substrates,"Cheung et al. (Europace 2025), Qeska et al. (Europace 2023)","Surrogate identification for HF hospitalization (HR 3.21, P=0.002) & adverse events",Sokolow-Lyon Voltage Residual Error,LVH_SokolowLyon,mae,MAE (mV),D8_random12_mul_l1_s42_l0,0.6198994160051016
2. Heart Failure & Hard Clinical Substrates,"Cheung et al. (Europace 2025), Qeska et al. (Europace 2023)","Surrogate identification for HF hospitalization (HR 3.21, P=0.002) & adverse events",Sokolow-Lyon Voltage Residual Error,LVH_SokolowLyon,mae,MAE (mV),factorial_ecg_aim_1100013_s42,0.9468146499256528
2. Heart Failure & Hard Clinical Substrates,"Cheung et al. (Europace 2025), Qeska et al. (Europace 2023)","Surrogate identification for HF hospitalization (HR 3.21, P=0.002) & adverse events",Sokolow-Lyon Voltage Residual Error,LVH_SokolowLyon,mae,MAE (mV),factorial_ecg_aim_1100110_s42,0.9999030427676748
2. Heart Failure & Hard Clinical Substrates,"Cheung et al. (Europace 2025), Qeska et al. (Europace 2023)","Surrogate identification for HF hospitalization (HR 3.21, P=0.002) & adverse events",Sokolow-Lyon Voltage Residual Error,LVH_SokolowLyon,mae,MAE (mV),factorial_ecg_aim_1100111_s42,0.9363860514920012
2. Heart Failure & Hard Clinical Substrates,"Cheung et al. (Europace 2025), Qeska et al. (Europace 2023)","Surrogate identification for HF hospitalization (HR 3.21, P=0.002) & adverse events",Sokolow-Lyon Voltage Residual Error,LVH_SokolowLyon,mae,MAE (mV),factorial_ecg_aim_1101113_s42,1.6363149915954895
2. Heart Failure & Hard Clinical Substrates,"Cheung et al. (Europace 2025), Qeska et al. (Europace 2023)","Surrogate identification for HF hospitalization (HR 3.21, P=0.002) & adverse events",Sokolow-Lyon Voltage Residual Error,LVH_SokolowLyon,mae,MAE (mV),spatial_1lead_a0_1110000_s42_l0,0.8022303897158681
2. Heart Failure & Hard Clinical Substrates,"Cheung et al. (Europace 2025), Qeska et al. (Europace 2023)","Surrogate identification for HF hospitalization (HR 3.21, P=0.002) & adverse events",Sokolow-Lyon Voltage Residual Error,LVH_SokolowLyon,mae,MAE (mV),spatial_1lead_e1_panorama_film_1110000_s42_l0,0.7753004287187353
2. Heart Failure & Hard Clinical Substrates,"Cheung et al. (Europace 2025), Qeska et al. (Europace 2023)","Surrogate identification for HF hospitalization (HR 3.21, P=0.002) & adverse events",Sokolow-Lyon Voltage Residual Error,LVH_SokolowLyon,mae,MAE (mV),spatial_1lead_pa1_panorama_author_1110000_s42_l0,0.7885134888709513
2. Heart Failure & Hard Clinical Substrates,"Cheung et al. (Europace 2025), Qeska et al. (Europace 2023)","Surrogate identification for HF hospitalization (HR 3.21, P=0.002) & adverse events",Sokolow-Lyon Voltage Residual Error,LVH_SokolowLyon,mae,MAE (mV),spatial_1lead_b1_panorama_1110000_s42_l0,0.7981413753874417
2. Heart Failure & Hard Clinical Substrates,"Cheung et al. (Europace 2025), Qeska et al. (Europace 2023)","Surrogate identification for HF hospitalization (HR 3.21, P=0.002) & adverse events",Sokolow-Lyon Voltage Residual Error,LVH_SokolowLyon,mae,MAE (mV),spatial_1lead_cm1_capacity_matched_1110000_s42_l0,0.786119056002892
2. Heart Failure & Hard Clinical Substrates,"Cheung et al. (Europace 2025), Qeska et al. (Europace 2023)","Surrogate identification for HF hospitalization (HR 3.21, P=0.002) & adverse events",Sokolow-Lyon Voltage Residual Error,LVH_SokolowLyon,mae,MAE (mV),spatial_1lead_pg1_permuted_geometry_1110000_s42_l0,0.8056650545593822
2. Heart Failure & Hard Clinical Substrates,"Cheung et al. (Europace 2025), Qeska et al. (Europace 2023)","Surrogate identification for HF hospitalization (HR 3.21, P=0.002) & adverse events",Sokolow-Lyon Voltage Residual Error,LVH_SokolowLyon,mae,MAE (mV),spatial_1lead_t000_exact_theta_1110000_s42_l0,0.7949242989131816
2. Heart Failure & Hard Clinical Substrates,"Cheung et al. (Europace 2025), Qeska et al. (Europace 2023)","Surrogate identification for HF hospitalization (HR 3.21, P=0.002) & adverse events",Sokolow-Lyon Voltage Residual Error,LVH_SokolowLyon,mae,MAE (mV),spatial_1lead_c1_panorama_hybrid_1110000_s42_l0,0.8063518133241551
2. Heart Failure & Hard Clinical Substrates,"Cheung et al. (Europace 2025), Qeska et al. (Europace 2023)","Surrogate identification for HF hospitalization (HR 3.21, P=0.002) & adverse events",Sokolow-Lyon Voltage Residual Error,LVH_SokolowLyon,mae,MAE (mV),spatial_1lead_d1_panorama_relative_1110000_s42_l0,0.7880763759577242
2. Heart Failure & Hard Clinical Substrates,"Cheung et al. (Europace 2025), Qeska et al. (Europace 2023)","Surrogate identification for HF hospitalization (HR 3.21, P=0.002) & adverse events",Sokolow-Lyon Voltage Residual Error,LVH_SokolowLyon,mae,MAE (mV),spatial_1lead_e1_panorama_film_1010010_s42_l0,0.7423497917905137
2. Heart Failure & Hard Clinical Substrates,"Cheung et al. (Europace 2025), Qeska et al. (Europace 2023)","Surrogate identification for HF hospitalization (HR 3.21, P=0.002) & adverse events",Sokolow-Lyon Voltage Residual Error,LVH_SokolowLyon,mae,MAE (mV),spatial_1lead_pa1_panorama_author_1010010_s42_l0,0.7340882371728045
2. Heart Failure & Hard Clinical Substrates,"Cheung et al. (Europace 2025), Qeska et al. (Europace 2023)","Surrogate identification for HF hospitalization (HR 3.21, P=0.002) & adverse events",Sokolow-Lyon Voltage Residual Error,LVH_SokolowLyon,mae,MAE (mV),spatial_1lead_t000_exact_theta_1010010_s42_l0,0.7376157503381873
2. Heart Failure & Hard Clinical Substrates,"Cheung et al. (Europace 2025), Qeska et al. (Europace 2023)","Surrogate identification for HF hospitalization (HR 3.21, P=0.002) & adverse events",Sokolow-Lyon Voltage Residual Error,LVH_SokolowLyon,mae,MAE (mV),spatial_1lead_a0_1010010_s42_l0,0.7418518201859026
2. Heart Failure & Hard Clinical Substrates,"Cheung et al. (Europace 2025), Qeska et al. (Europace 2023)","Surrogate identification for HF hospitalization (HR 3.21, P=0.002) & adverse events",Sokolow-Lyon Voltage Residual Error,LVH_SokolowLyon,mae,MAE (mV),spatial_1lead_cm1_capacity_matched_1010010_s42_l0,0.7450464900254227
2. Heart Failure & Hard Clinical Substrates,"Cheung et al. (Europace 2025), Qeska et al. (Europace 2023)","Surrogate identification for HF hospitalization (HR 3.21, P=0.002) & adverse events",Sokolow-Lyon Voltage Residual Error,LVH_SokolowLyon,mae,MAE (mV),spatial_1lead_d1_panorama_relative_1010010_s42_l0,0.7473488615061393
2. Heart Failure & Hard Clinical Substrates,"Cheung et al. (Europace 2025), Qeska et al. (Europace 2023)","Surrogate identification for HF hospitalization (HR 3.21, P=0.002) & adverse events",Sokolow-Lyon Voltage Residual Error,LVH_SokolowLyon,mae,MAE (mV),spatial_1lead_b1_panorama_1010010_s42_l0,0.7426288087358249
2. Heart Failure & Hard Clinical Substrates,"Cheung et al. (Europace 2025), Qeska et al. (Europace 2023)","Surrogate identification for HF hospitalization (HR 3.21, P=0.002) & adverse events",Sokolow-Lyon Voltage Residual Error,LVH_SokolowLyon,mae,MAE (mV),spatial_1lead_pg1_permuted_geometry_1010010_s42_l0,0.7405801996507354
2. Heart Failure & Hard Clinical Substrates,"Cheung et al. (Europace 2025), Qeska et al. (Europace 2023)","Surrogate identification for HF hospitalization (HR 3.21, P=0.002) & adverse events",Sokolow-Lyon Voltage Residual Error,LVH_SokolowLyon,mae,MAE (mV),spatial_1lead_c1_panorama_hybrid_1010010_s42_l0,0.746270873137259
2. Heart Failure & Hard Clinical Substrates,"Cheung et al. (Europace 2025), Qeska et al. (Europace 2023)","Surrogate identification for HF hospitalization (HR 3.21, P=0.002) & adverse events",Sokolow-Lyon Voltage Residual Error,LVH_SokolowLyon,mae,MAE (mV),spatial_1lead_t111_exact_theta_1010010_s42_l0,0.763954326434161
2. Heart Failure & Hard Clinical Substrates,"Cheung et al. (Europace 2025), Qeska et al. (Europace 2023)","Surrogate identification for HF hospitalization (HR 3.21, P=0.002) & adverse events",Sokolow-Lyon Voltage Residual Error,LVH_SokolowLyon,mae,MAE (mV),spatial_1lead_t111_exact_theta_1110000_s42_l0,0.8887995318174905
2. Heart Failure & Hard Clinical Substrates,"Cheung et al. (Europace 2025), Qeska et al. (Europace 2023)","Surrogate identification for HF hospitalization (HR 3.21, P=0.002) & adverse events",Sokolow-Lyon Voltage Residual Error,LVH_SokolowLyon,mae,MAE (mV),spatial_1lead_e1_panorama_film_1000000_s42_l0,0.7719709043941029
2. Heart Failure & Hard Clinical Substrates,"Cheung et al. (Europace 2025), Qeska et al. (Europace 2023)","Surrogate identification for HF hospitalization (HR 3.21, P=0.002) & adverse events",Sokolow-Lyon Voltage Residual Error,LVH_SokolowLyon,mae,MAE (mV),spatial_1lead_d1_panorama_relative_1000000_s42_l0,0.774438177398978
2. Heart Failure & Hard Clinical Substrates,"Cheung et al. (Europace 2025), Qeska et al. (Europace 2023)","Surrogate identification for HF hospitalization (HR 3.21, P=0.002) & adverse events",Sokolow-Lyon Voltage Residual Error,LVH_SokolowLyon,mae,MAE (mV),spatial_1lead_pg1_permuted_geometry_1000000_s42_l0,0.7846057642661408
2. Heart Failure & Hard Clinical Substrates,"Cheung et al. (Europace 2025), Qeska et al. (Europace 2023)","Surrogate identification for HF hospitalization (HR 3.21, P=0.002) & adverse events",Sokolow-Lyon Voltage Residual Error,LVH_SokolowLyon,mae,MAE (mV),spatial_1lead_cm1_capacity_matched_1000000_s42_l0,0.7911737966906276
2. Heart Failure & Hard Clinical Substrates,"Cheung et al. (Europace 2025), Qeska et al. (Europace 2023)","Surrogate identification for HF hospitalization (HR 3.21, P=0.002) & adverse events",Sokolow-Lyon Voltage Residual Error,LVH_SokolowLyon,mae,MAE (mV),spatial_1lead_pa1_panorama_author_1000000_s42_l0,0.7846687139707658
2. Heart Failure & Hard Clinical Substrates,"Cheung et al. (Europace 2025), Qeska et al. (Europace 2023)","Surrogate identification for HF hospitalization (HR 3.21, P=0.002) & adverse events",Sokolow-Lyon Voltage Residual Error,LVH_SokolowLyon,mae,MAE (mV),spatial_1lead_c1_panorama_hybrid_1000000_s42_l0,0.7882310461263097
2. Heart Failure & Hard Clinical Substrates,"Cheung et al. (Europace 2025), Qeska et al. (Europace 2023)","Surrogate identification for HF hospitalization (HR 3.21, P=0.002) & adverse events",Sokolow-Lyon Voltage Residual Error,LVH_SokolowLyon,mae,MAE (mV),spatial_1lead_b1_panorama_1000000_s42_l0,0.8096402104710101
2. Heart Failure & Hard Clinical Substrates,"Cheung et al. (Europace 2025), Qeska et al. (Europace 2023)","Surrogate identification for HF hospitalization (HR 3.21, P=0.002) & adverse events",Sokolow-Lyon Voltage Residual Error,LVH_SokolowLyon,mae,MAE (mV),spatial_1lead_t111_exact_theta_1000000_s42_l0,0.7957598993434377
2. Heart Failure & Hard Clinical Substrates,"Cheung et al. (Europace 2025), Qeska et al. (Europace 2023)","Surrogate identification for HF hospitalization (HR 3.21, P=0.002) & adverse events",Sokolow-Lyon Voltage Residual Error,LVH_SokolowLyon,mae,MAE (mV),spatial_1lead_t000_exact_theta_1000000_s42_l0,0.8164947673041133
2. Heart Failure & Hard Clinical Substrates,"Cheung et al. (Europace 2025), Qeska et al. (Europace 2023)","Surrogate identification for HF hospitalization (HR 3.21, P=0.002) & adverse events",Left Ventricular Hypertrophy Discrimination,LVH_SokolowLyon,auroc,AUROC,conv15e_A0_wave_noSSL_gated_add_s42_l0,0.7366209501597121
2. Heart Failure & Hard Clinical Substrates,"Cheung et al. (Europace 2025), Qeska et al. (Europace 2023)","Surrogate identification for HF hospitalization (HR 3.21, P=0.002) & adverse events",Left Ventricular Hypertrophy Discrimination,LVH_SokolowLyon,auroc,AUROC,conv15e_A0_zscore_s42_l0,0.7380384998901451
2. Heart Failure & Hard Clinical Substrates,"Cheung et al. (Europace 2025), Qeska et al. (Europace 2023)","Surrogate identification for HF hospitalization (HR 3.21, P=0.002) & adverse events",Left Ventricular Hypertrophy Discrimination,LVH_SokolowLyon,auroc,AUROC,conv15e_C1_E1_morlet_mag_morlet_phase_s42_l0,0.6595387787523872
2. Heart Failure & Hard Clinical Substrates,"Cheung et al. (Europace 2025), Qeska et al. (Europace 2023)","Surrogate identification for HF hospitalization (HR 3.21, P=0.002) & adverse events",Left Ventricular Hypertrophy Discrimination,LVH_SokolowLyon,auroc,AUROC,conv15e_R5_morlet_mag_ueg_phase_wyatt_s42_l0,0.7342759722151803
2. Heart Failure & Hard Clinical Substrates,"Cheung et al. (Europace 2025), Qeska et al. (Europace 2023)","Surrogate identification for HF hospitalization (HR 3.21, P=0.002) & adverse events",Left Ventricular Hypertrophy Discrimination,LVH_SokolowLyon,auroc,AUROC,conv15e_R7_morlet_mag_ueg_real_s42_l0,0.7339147188561579
2. Heart Failure & Hard Clinical Substrates,"Cheung et al. (Europace 2025), Qeska et al. (Europace 2023)","Surrogate identification for HF hospitalization (HR 3.21, P=0.002) & adverse events",Left Ventricular Hypertrophy Discrimination,LVH_SokolowLyon,auroc,AUROC,conv15e_del_wave_ce_s42_l0,0.7348696107759132
2. Heart Failure & Hard Clinical Substrates,"Cheung et al. (Europace 2025), Qeska et al. (Europace 2023)","Surrogate identification for HF hospitalization (HR 3.21, P=0.002) & adverse events",Left Ventricular Hypertrophy Discrimination,LVH_SokolowLyon,auroc,AUROC,conv15e_ssl_log_magnitude_phase_sin_local_gated_add_s42_l0,0.7449213270462575
2. Heart Failure & Hard Clinical Substrates,"Cheung et al. (Europace 2025), Qeska et al. (Europace 2023)","Surrogate identification for HF hospitalization (HR 3.21, P=0.002) & adverse events",Left Ventricular Hypertrophy Discrimination,LVH_SokolowLyon,auroc,AUROC,conv15e_ssl_log_magnitude_real_both_gated_add_s42_l0,0.7393271814632661
2. Heart Failure & Hard Clinical Substrates,"Cheung et al. (Europace 2025), Qeska et al. (Europace 2023)","Surrogate identification for HF hospitalization (HR 3.21, P=0.002) & adverse events",Left Ventricular Hypertrophy Discrimination,LVH_SokolowLyon,auroc,AUROC,D1_theta_mul_currentloss_s42_l0,0.7266199361151955
2. Heart Failure & Hard Clinical Substrates,"Cheung et al. (Europace 2025), Qeska et al. (Europace 2023)","Surrogate identification for HF hospitalization (HR 3.21, P=0.002) & adverse events",Left Ventricular Hypertrophy Discrimination,LVH_SokolowLyon,auroc,AUROC,D2_current_id_l1_s42_l0,0.7472282783214184
2. Heart Failure & Hard Clinical Substrates,"Cheung et al. (Europace 2025), Qeska et al. (Europace 2023)","Surrogate identification for HF hospitalization (HR 3.21, P=0.002) & adverse events",Left Ventricular Hypertrophy Discrimination,LVH_SokolowLyon,auroc,AUROC,D3_theta_mul_l1_s42_l0,0.7543371529010123
2. Heart Failure & Hard Clinical Substrates,"Cheung et al. (Europace 2025), Qeska et al. (Europace 2023)","Surrogate identification for HF hospitalization (HR 3.21, P=0.002) & adverse events",Left Ventricular Hypertrophy Discrimination,LVH_SokolowLyon,auroc,AUROC,D4_learned12_mul_l1_s42_l0,0.7504288563267927
2. Heart Failure & Hard Clinical Substrates,"Cheung et al. (Europace 2025), Qeska et al. (Europace 2023)","Surrogate identification for HF hospitalization (HR 3.21, P=0.002) & adverse events",Left Ventricular Hypertrophy Discrimination,LVH_SokolowLyon,auroc,AUROC,D5_permuted_theta_mul_l1_s42_l0,0.7317429735165374
2. Heart Failure & Hard Clinical Substrates,"Cheung et al. (Europace 2025), Qeska et al. (Europace 2023)","Surrogate identification for HF hospitalization (HR 3.21, P=0.002) & adverse events",Left Ventricular Hypertrophy Discrimination,LVH_SokolowLyon,auroc,AUROC,D6_theta_add_l1_s42_l0,0.7198617519309097
2. Heart Failure & Hard Clinical Substrates,"Cheung et al. (Europace 2025), Qeska et al. (Europace 2023)","Surrogate identification for HF hospitalization (HR 3.21, P=0.002) & adverse events",Left Ventricular Hypertrophy Discrimination,LVH_SokolowLyon,auroc,AUROC,D7_learned12_add_l1_s42_l0,0.7507246193107877
2. Heart Failure & Hard Clinical Substrates,"Cheung et al. (Europace 2025), Qeska et al. (Europace 2023)","Surrogate identification for HF hospitalization (HR 3.21, P=0.002) & adverse events",Left Ventricular Hypertrophy Discrimination,LVH_SokolowLyon,auroc,AUROC,D8_random12_mul_l1_s42_l0,0.7421221416620188
2. Heart Failure & Hard Clinical Substrates,"Cheung et al. (Europace 2025), Qeska et al. (Europace 2023)","Surrogate identification for HF hospitalization (HR 3.21, P=0.002) & adverse events",Left Ventricular Hypertrophy Discrimination,LVH_SokolowLyon,auroc,AUROC,factorial_ecg_aim_1100013_s42,0.7269600635467897
2. Heart Failure & Hard Clinical Substrates,"Cheung et al. (Europace 2025), Qeska et al. (Europace 2023)","Surrogate identification for HF hospitalization (HR 3.21, P=0.002) & adverse events",Left Ventricular Hypertrophy Discrimination,LVH_SokolowLyon,auroc,AUROC,factorial_ecg_aim_1100110_s42,0.7233623181057648
2. Heart Failure & Hard Clinical Substrates,"Cheung et al. (Europace 2025), Qeska et al. (Europace 2023)","Surrogate identification for HF hospitalization (HR 3.21, P=0.002) & adverse events",Left Ventricular Hypertrophy Discrimination,LVH_SokolowLyon,auroc,AUROC,factorial_ecg_aim_1100111_s42,0.7132408862749074
2. Heart Failure & Hard Clinical Substrates,"Cheung et al. (Europace 2025), Qeska et al. (Europace 2023)","Surrogate identification for HF hospitalization (HR 3.21, P=0.002) & adverse events",Left Ventricular Hypertrophy Discrimination,LVH_SokolowLyon,auroc,AUROC,factorial_ecg_aim_1101113_s42,0.7138091737227265
2. Heart Failure & Hard Clinical Substrates,"Cheung et al. (Europace 2025), Qeska et al. (Europace 2023)","Surrogate identification for HF hospitalization (HR 3.21, P=0.002) & adverse events",Left Ventricular Hypertrophy Discrimination,LVH_SokolowLyon,auroc,AUROC,spatial_1lead_a0_1110000_s42_l0,0.7223503861819534
2. Heart Failure & Hard Clinical Substrates,"Cheung et al. (Europace 2025), Qeska et al. (Europace 2023)","Surrogate identification for HF hospitalization (HR 3.21, P=0.002) & adverse events",Left Ventricular Hypertrophy Discrimination,LVH_SokolowLyon,auroc,AUROC,spatial_1lead_e1_panorama_film_1110000_s42_l0,0.7247502915377985
2. Heart Failure & Hard Clinical Substrates,"Cheung et al. (Europace 2025), Qeska et al. (Europace 2023)","Surrogate identification for HF hospitalization (HR 3.21, P=0.002) & adverse events",Left Ventricular Hypertrophy Discrimination,LVH_SokolowLyon,auroc,AUROC,spatial_1lead_pa1_panorama_author_1110000_s42_l0,0.7204427149351856
2. Heart Failure & Hard Clinical Substrates,"Cheung et al. (Europace 2025), Qeska et al. (Europace 2023)","Surrogate identification for HF hospitalization (HR 3.21, P=0.002) & adverse events",Left Ventricular Hypertrophy Discrimination,LVH_SokolowLyon,auroc,AUROC,spatial_1lead_b1_panorama_1110000_s42_l0,0.7237045581301019
2. Heart Failure & Hard Clinical Substrates,"Cheung et al. (Europace 2025), Qeska et al. (Europace 2023)","Surrogate identification for HF hospitalization (HR 3.21, P=0.002) & adverse events",Left Ventricular Hypertrophy Discrimination,LVH_SokolowLyon,auroc,AUROC,spatial_1lead_cm1_capacity_matched_1110000_s42_l0,0.7235968159002181
2. Heart Failure & Hard Clinical Substrates,"Cheung et al. (Europace 2025), Qeska et al. (Europace 2023)","Surrogate identification for HF hospitalization (HR 3.21, P=0.002) & adverse events",Left Ventricular Hypertrophy Discrimination,LVH_SokolowLyon,auroc,AUROC,spatial_1lead_pg1_permuted_geometry_1110000_s42_l0,0.7223102469198397
2. Heart Failure & Hard Clinical Substrates,"Cheung et al. (Europace 2025), Qeska et al. (Europace 2023)","Surrogate identification for HF hospitalization (HR 3.21, P=0.002) & adverse events",Left Ventricular Hypertrophy Discrimination,LVH_SokolowLyon,auroc,AUROC,spatial_1lead_t000_exact_theta_1110000_s42_l0,0.7241080633439809
2. Heart Failure & Hard Clinical Substrates,"Cheung et al. (Europace 2025), Qeska et al. (Europace 2023)","Surrogate identification for HF hospitalization (HR 3.21, P=0.002) & adverse events",Left Ventricular Hypertrophy Discrimination,LVH_SokolowLyon,auroc,AUROC,spatial_1lead_c1_panorama_hybrid_1110000_s42_l0,0.7254094204735588
2. Heart Failure & Hard Clinical Substrates,"Cheung et al. (Europace 2025), Qeska et al. (Europace 2023)","Surrogate identification for HF hospitalization (HR 3.21, P=0.002) & adverse events",Left Ventricular Hypertrophy Discrimination,LVH_SokolowLyon,auroc,AUROC,spatial_1lead_d1_panorama_relative_1110000_s42_l0,0.7222194054318986
2. Heart Failure & Hard Clinical Substrates,"Cheung et al. (Europace 2025), Qeska et al. (Europace 2023)","Surrogate identification for HF hospitalization (HR 3.21, P=0.002) & adverse events",Left Ventricular Hypertrophy Discrimination,LVH_SokolowLyon,auroc,AUROC,spatial_1lead_e1_panorama_film_1010010_s42_l0,0.7170456658047288
2. Heart Failure & Hard Clinical Substrates,"Cheung et al. (Europace 2025), Qeska et al. (Europace 2023)","Surrogate identification for HF hospitalization (HR 3.21, P=0.002) & adverse events",Left Ventricular Hypertrophy Discrimination,LVH_SokolowLyon,auroc,AUROC,spatial_1lead_pa1_panorama_author_1010010_s42_l0,0.7191223444709223
2. Heart Failure & Hard Clinical Substrates,"Cheung et al. (Europace 2025), Qeska et al. (Europace 2023)","Surrogate identification for HF hospitalization (HR 3.21, P=0.002) & adverse events",Left Ventricular Hypertrophy Discrimination,LVH_SokolowLyon,auroc,AUROC,spatial_1lead_t000_exact_theta_1010010_s42_l0,0.7171174939579849
2. Heart Failure & Hard Clinical Substrates,"Cheung et al. (Europace 2025), Qeska et al. (Europace 2023)","Surrogate identification for HF hospitalization (HR 3.21, P=0.002) & adverse events",Left Ventricular Hypertrophy Discrimination,LVH_SokolowLyon,auroc,AUROC,spatial_1lead_a0_1010010_s42_l0,0.7126060521556896
2. Heart Failure & Hard Clinical Substrates,"Cheung et al. (Europace 2025), Qeska et al. (Europace 2023)","Surrogate identification for HF hospitalization (HR 3.21, P=0.002) & adverse events",Left Ventricular Hypertrophy Discrimination,LVH_SokolowLyon,auroc,AUROC,spatial_1lead_cm1_capacity_matched_1010010_s42_l0,0.7167858168973618
2. Heart Failure & Hard Clinical Substrates,"Cheung et al. (Europace 2025), Qeska et al. (Europace 2023)","Surrogate identification for HF hospitalization (HR 3.21, P=0.002) & adverse events",Left Ventricular Hypertrophy Discrimination,LVH_SokolowLyon,auroc,AUROC,spatial_1lead_d1_panorama_relative_1010010_s42_l0,0.7156767057073806
2. Heart Failure & Hard Clinical Substrates,"Cheung et al. (Europace 2025), Qeska et al. (Europace 2023)","Surrogate identification for HF hospitalization (HR 3.21, P=0.002) & adverse events",Left Ventricular Hypertrophy Discrimination,LVH_SokolowLyon,auroc,AUROC,spatial_1lead_b1_panorama_1010010_s42_l0,0.7160590849938312
2. Heart Failure & Hard Clinical Substrates,"Cheung et al. (Europace 2025), Qeska et al. (Europace 2023)","Surrogate identification for HF hospitalization (HR 3.21, P=0.002) & adverse events",Left Ventricular Hypertrophy Discrimination,LVH_SokolowLyon,auroc,AUROC,spatial_1lead_pg1_permuted_geometry_1010010_s42_l0,0.7108367557335766
2. Heart Failure & Hard Clinical Substrates,"Cheung et al. (Europace 2025), Qeska et al. (Europace 2023)","Surrogate identification for HF hospitalization (HR 3.21, P=0.002) & adverse events",Left Ventricular Hypertrophy Discrimination,LVH_SokolowLyon,auroc,AUROC,spatial_1lead_c1_panorama_hybrid_1010010_s42_l0,0.7188815088982407
2. Heart Failure & Hard Clinical Substrates,"Cheung et al. (Europace 2025), Qeska et al. (Europace 2023)","Surrogate identification for HF hospitalization (HR 3.21, P=0.002) & adverse events",Left Ventricular Hypertrophy Discrimination,LVH_SokolowLyon,auroc,AUROC,spatial_1lead_t111_exact_theta_1010010_s42_l0,0.7035821122547279
2. Heart Failure & Hard Clinical Substrates,"Cheung et al. (Europace 2025), Qeska et al. (Europace 2023)","Surrogate identification for HF hospitalization (HR 3.21, P=0.002) & adverse events",Left Ventricular Hypertrophy Discrimination,LVH_SokolowLyon,auroc,AUROC,spatial_1lead_t111_exact_theta_1110000_s42_l0,0.7163421724213693
2. Heart Failure & Hard Clinical Substrates,"Cheung et al. (Europace 2025), Qeska et al. (Europace 2023)","Surrogate identification for HF hospitalization (HR 3.21, P=0.002) & adverse events",Left Ventricular Hypertrophy Discrimination,LVH_SokolowLyon,auroc,AUROC,spatial_1lead_e1_panorama_film_1000000_s42_l0,0.7131479321942235
2. Heart Failure & Hard Clinical Substrates,"Cheung et al. (Europace 2025), Qeska et al. (Europace 2023)","Surrogate identification for HF hospitalization (HR 3.21, P=0.002) & adverse events",Left Ventricular Hypertrophy Discrimination,LVH_SokolowLyon,auroc,AUROC,spatial_1lead_d1_panorama_relative_1000000_s42_l0,0.7141070492994643
2. Heart Failure & Hard Clinical Substrates,"Cheung et al. (Europace 2025), Qeska et al. (Europace 2023)","Surrogate identification for HF hospitalization (HR 3.21, P=0.002) & adverse events",Left Ventricular Hypertrophy Discrimination,LVH_SokolowLyon,auroc,AUROC,spatial_1lead_pg1_permuted_geometry_1000000_s42_l0,0.7164076627963968
2. Heart Failure & Hard Clinical Substrates,"Cheung et al. (Europace 2025), Qeska et al. (Europace 2023)","Surrogate identification for HF hospitalization (HR 3.21, P=0.002) & adverse events",Left Ventricular Hypertrophy Discrimination,LVH_SokolowLyon,auroc,AUROC,spatial_1lead_cm1_capacity_matched_1000000_s42_l0,0.704919383460934
2. Heart Failure & Hard Clinical Substrates,"Cheung et al. (Europace 2025), Qeska et al. (Europace 2023)","Surrogate identification for HF hospitalization (HR 3.21, P=0.002) & adverse events",Left Ventricular Hypertrophy Discrimination,LVH_SokolowLyon,auroc,AUROC,spatial_1lead_pa1_panorama_author_1000000_s42_l0,0.7146204093359698
2. Heart Failure & Hard Clinical Substrates,"Cheung et al. (Europace 2025), Qeska et al. (Europace 2023)","Surrogate identification for HF hospitalization (HR 3.21, P=0.002) & adverse events",Left Ventricular Hypertrophy Discrimination,LVH_SokolowLyon,auroc,AUROC,spatial_1lead_c1_panorama_hybrid_1000000_s42_l0,0.715256299751559
2. Heart Failure & Hard Clinical Substrates,"Cheung et al. (Europace 2025), Qeska et al. (Europace 2023)","Surrogate identification for HF hospitalization (HR 3.21, P=0.002) & adverse events",Left Ventricular Hypertrophy Discrimination,LVH_SokolowLyon,auroc,AUROC,spatial_1lead_b1_panorama_1000000_s42_l0,0.7109613987054031
2. Heart Failure & Hard Clinical Substrates,"Cheung et al. (Europace 2025), Qeska et al. (Europace 2023)","Surrogate identification for HF hospitalization (HR 3.21, P=0.002) & adverse events",Left Ventricular Hypertrophy Discrimination,LVH_SokolowLyon,auroc,AUROC,spatial_1lead_t111_exact_theta_1000000_s42_l0,0.7076847673612873
2. Heart Failure & Hard Clinical Substrates,"Cheung et al. (Europace 2025), Qeska et al. (Europace 2023)","Surrogate identification for HF hospitalization (HR 3.21, P=0.002) & adverse events",Left Ventricular Hypertrophy Discrimination,LVH_SokolowLyon,auroc,AUROC,spatial_1lead_t000_exact_theta_1000000_s42_l0,0.7090537274586355
2. Heart Failure & Hard Clinical Substrates,"Cheung et al. (Europace 2025), Qeska et al. (Europace 2023)","Surrogate identification for HF hospitalization (HR 3.21, P=0.002) & adverse events",Left Ventricular Hypertrophy Clinical Sensitivity,LVH_SokolowLyon,sens,Sensitivity,conv15e_A0_wave_noSSL_gated_add_s42_l0,0.1652892561983471
2. Heart Failure & Hard Clinical Substrates,"Cheung et al. (Europace 2025), Qeska et al. (Europace 2023)","Surrogate identification for HF hospitalization (HR 3.21, P=0.002) & adverse events",Left Ventricular Hypertrophy Clinical Sensitivity,LVH_SokolowLyon,sens,Sensitivity,conv15e_A0_zscore_s42_l0,0.1115702479338843
2. Heart Failure & Hard Clinical Substrates,"Cheung et al. (Europace 2025), Qeska et al. (Europace 2023)","Surrogate identification for HF hospitalization (HR 3.21, P=0.002) & adverse events",Left Ventricular Hypertrophy Clinical Sensitivity,LVH_SokolowLyon,sens,Sensitivity,conv15e_C1_E1_morlet_mag_morlet_phase_s42_l0,0.1115702479338843
2. Heart Failure & Hard Clinical Substrates,"Cheung et al. (Europace 2025), Qeska et al. (Europace 2023)","Surrogate identification for HF hospitalization (HR 3.21, P=0.002) & adverse events",Left Ventricular Hypertrophy Clinical Sensitivity,LVH_SokolowLyon,sens,Sensitivity,conv15e_R5_morlet_mag_ueg_phase_wyatt_s42_l0,0.1487603305785124
2. Heart Failure & Hard Clinical Substrates,"Cheung et al. (Europace 2025), Qeska et al. (Europace 2023)","Surrogate identification for HF hospitalization (HR 3.21, P=0.002) & adverse events",Left Ventricular Hypertrophy Clinical Sensitivity,LVH_SokolowLyon,sens,Sensitivity,conv15e_R7_morlet_mag_ueg_real_s42_l0,0.1446280991735537
2. Heart Failure & Hard Clinical Substrates,"Cheung et al. (Europace 2025), Qeska et al. (Europace 2023)","Surrogate identification for HF hospitalization (HR 3.21, P=0.002) & adverse events",Left Ventricular Hypertrophy Clinical Sensitivity,LVH_SokolowLyon,sens,Sensitivity,conv15e_del_wave_ce_s42_l0,0.1446280991735537
2. Heart Failure & Hard Clinical Substrates,"Cheung et al. (Europace 2025), Qeska et al. (Europace 2023)","Surrogate identification for HF hospitalization (HR 3.21, P=0.002) & adverse events",Left Ventricular Hypertrophy Clinical Sensitivity,LVH_SokolowLyon,sens,Sensitivity,conv15e_ssl_log_magnitude_phase_sin_local_gated_add_s42_l0,0.14049586776859505
2. Heart Failure & Hard Clinical Substrates,"Cheung et al. (Europace 2025), Qeska et al. (Europace 2023)","Surrogate identification for HF hospitalization (HR 3.21, P=0.002) & adverse events",Left Ventricular Hypertrophy Clinical Sensitivity,LVH_SokolowLyon,sens,Sensitivity,conv15e_ssl_log_magnitude_real_both_gated_add_s42_l0,0.15289256198347106
2. Heart Failure & Hard Clinical Substrates,"Cheung et al. (Europace 2025), Qeska et al. (Europace 2023)","Surrogate identification for HF hospitalization (HR 3.21, P=0.002) & adverse events",Left Ventricular Hypertrophy Clinical Sensitivity,LVH_SokolowLyon,sens,Sensitivity,D1_theta_mul_currentloss_s42_l0,0.028925619834710745
2. Heart Failure & Hard Clinical Substrates,"Cheung et al. (Europace 2025), Qeska et al. (Europace 2023)","Surrogate identification for HF hospitalization (HR 3.21, P=0.002) & adverse events",Left Ventricular Hypertrophy Clinical Sensitivity,LVH_SokolowLyon,sens,Sensitivity,D2_current_id_l1_s42_l0,0.049586776859504134
2. Heart Failure & Hard Clinical Substrates,"Cheung et al. (Europace 2025), Qeska et al. (Europace 2023)","Surrogate identification for HF hospitalization (HR 3.21, P=0.002) & adverse events",Left Ventricular Hypertrophy Clinical Sensitivity,LVH_SokolowLyon,sens,Sensitivity,D3_theta_mul_l1_s42_l0,0.045454545454545456
2. Heart Failure & Hard Clinical Substrates,"Cheung et al. (Europace 2025), Qeska et al. (Europace 2023)","Surrogate identification for HF hospitalization (HR 3.21, P=0.002) & adverse events",Left Ventricular Hypertrophy Clinical Sensitivity,LVH_SokolowLyon,sens,Sensitivity,D4_learned12_mul_l1_s42_l0,0.024793388429752067
2. Heart Failure & Hard Clinical Substrates,"Cheung et al. (Europace 2025), Qeska et al. (Europace 2023)","Surrogate identification for HF hospitalization (HR 3.21, P=0.002) & adverse events",Left Ventricular Hypertrophy Clinical Sensitivity,LVH_SokolowLyon,sens,Sensitivity,D5_permuted_theta_mul_l1_s42_l0,0.01652892561983471
2. Heart Failure & Hard Clinical Substrates,"Cheung et al. (Europace 2025), Qeska et al. (Europace 2023)","Surrogate identification for HF hospitalization (HR 3.21, P=0.002) & adverse events",Left Ventricular Hypertrophy Clinical Sensitivity,LVH_SokolowLyon,sens,Sensitivity,D6_theta_add_l1_s42_l0,0.01652892561983471
2. Heart Failure & Hard Clinical Substrates,"Cheung et al. (Europace 2025), Qeska et al. (Europace 2023)","Surrogate identification for HF hospitalization (HR 3.21, P=0.002) & adverse events",Left Ventricular Hypertrophy Clinical Sensitivity,LVH_SokolowLyon,sens,Sensitivity,D7_learned12_add_l1_s42_l0,0.06198347107438017
2. Heart Failure & Hard Clinical Substrates,"Cheung et al. (Europace 2025), Qeska et al. (Europace 2023)","Surrogate identification for HF hospitalization (HR 3.21, P=0.002) & adverse events",Left Ventricular Hypertrophy Clinical Sensitivity,LVH_SokolowLyon,sens,Sensitivity,D8_random12_mul_l1_s42_l0,0.0743801652892562
2. Heart Failure & Hard Clinical Substrates,"Cheung et al. (Europace 2025), Qeska et al. (Europace 2023)","Surrogate identification for HF hospitalization (HR 3.21, P=0.002) & adverse events",Left Ventricular Hypertrophy Clinical Sensitivity,LVH_SokolowLyon,sens,Sensitivity,factorial_ecg_aim_1100013_s42,0.06611570247933884
2. Heart Failure & Hard Clinical Substrates,"Cheung et al. (Europace 2025), Qeska et al. (Europace 2023)","Surrogate identification for HF hospitalization (HR 3.21, P=0.002) & adverse events",Left Ventricular Hypertrophy Clinical Sensitivity,LVH_SokolowLyon,sens,Sensitivity,factorial_ecg_aim_1100110_s42,0.05371900826446281
2. Heart Failure & Hard Clinical Substrates,"Cheung et al. (Europace 2025), Qeska et al. (Europace 2023)","Surrogate identification for HF hospitalization (HR 3.21, P=0.002) & adverse events",Left Ventricular Hypertrophy Clinical Sensitivity,LVH_SokolowLyon,sens,Sensitivity,factorial_ecg_aim_1100111_s42,0.0743801652892562
2. Heart Failure & Hard Clinical Substrates,"Cheung et al. (Europace 2025), Qeska et al. (Europace 2023)","Surrogate identification for HF hospitalization (HR 3.21, P=0.002) & adverse events",Left Ventricular Hypertrophy Clinical Sensitivity,LVH_SokolowLyon,sens,Sensitivity,factorial_ecg_aim_1101113_s42,0.0
2. Heart Failure & Hard Clinical Substrates,"Cheung et al. (Europace 2025), Qeska et al. (Europace 2023)","Surrogate identification for HF hospitalization (HR 3.21, P=0.002) & adverse events",Left Ventricular Hypertrophy Clinical Sensitivity,LVH_SokolowLyon,sens,Sensitivity,spatial_1lead_a0_1110000_s42_l0,0.1322314049586777
2. Heart Failure & Hard Clinical Substrates,"Cheung et al. (Europace 2025), Qeska et al. (Europace 2023)","Surrogate identification for HF hospitalization (HR 3.21, P=0.002) & adverse events",Left Ventricular Hypertrophy Clinical Sensitivity,LVH_SokolowLyon,sens,Sensitivity,spatial_1lead_e1_panorama_film_1110000_s42_l0,0.1446280991735537
2. Heart Failure & Hard Clinical Substrates,"Cheung et al. (Europace 2025), Qeska et al. (Europace 2023)","Surrogate identification for HF hospitalization (HR 3.21, P=0.002) & adverse events",Left Ventricular Hypertrophy Clinical Sensitivity,LVH_SokolowLyon,sens,Sensitivity,spatial_1lead_pa1_panorama_author_1110000_s42_l0,0.14049586776859505
2. Heart Failure & Hard Clinical Substrates,"Cheung et al. (Europace 2025), Qeska et al. (Europace 2023)","Surrogate identification for HF hospitalization (HR 3.21, P=0.002) & adverse events",Left Ventricular Hypertrophy Clinical Sensitivity,LVH_SokolowLyon,sens,Sensitivity,spatial_1lead_b1_panorama_1110000_s42_l0,0.13636363636363635
2. Heart Failure & Hard Clinical Substrates,"Cheung et al. (Europace 2025), Qeska et al. (Europace 2023)","Surrogate identification for HF hospitalization (HR 3.21, P=0.002) & adverse events",Left Ventricular Hypertrophy Clinical Sensitivity,LVH_SokolowLyon,sens,Sensitivity,spatial_1lead_cm1_capacity_matched_1110000_s42_l0,0.1322314049586777
2. Heart Failure & Hard Clinical Substrates,"Cheung et al. (Europace 2025), Qeska et al. (Europace 2023)","Surrogate identification for HF hospitalization (HR 3.21, P=0.002) & adverse events",Left Ventricular Hypertrophy Clinical Sensitivity,LVH_SokolowLyon,sens,Sensitivity,spatial_1lead_pg1_permuted_geometry_1110000_s42_l0,0.1115702479338843
2. Heart Failure & Hard Clinical Substrates,"Cheung et al. (Europace 2025), Qeska et al. (Europace 2023)","Surrogate identification for HF hospitalization (HR 3.21, P=0.002) & adverse events",Left Ventricular Hypertrophy Clinical Sensitivity,LVH_SokolowLyon,sens,Sensitivity,spatial_1lead_t000_exact_theta_1110000_s42_l0,0.1322314049586777
2. Heart Failure & Hard Clinical Substrates,"Cheung et al. (Europace 2025), Qeska et al. (Europace 2023)","Surrogate identification for HF hospitalization (HR 3.21, P=0.002) & adverse events",Left Ventricular Hypertrophy Clinical Sensitivity,LVH_SokolowLyon,sens,Sensitivity,spatial_1lead_c1_panorama_hybrid_1110000_s42_l0,0.12396694214876033
2. Heart Failure & Hard Clinical Substrates,"Cheung et al. (Europace 2025), Qeska et al. (Europace 2023)","Surrogate identification for HF hospitalization (HR 3.21, P=0.002) & adverse events",Left Ventricular Hypertrophy Clinical Sensitivity,LVH_SokolowLyon,sens,Sensitivity,spatial_1lead_d1_panorama_relative_1110000_s42_l0,0.1446280991735537
2. Heart Failure & Hard Clinical Substrates,"Cheung et al. (Europace 2025), Qeska et al. (Europace 2023)","Surrogate identification for HF hospitalization (HR 3.21, P=0.002) & adverse events",Left Ventricular Hypertrophy Clinical Sensitivity,LVH_SokolowLyon,sens,Sensitivity,spatial_1lead_e1_panorama_film_1010010_s42_l0,0.128099173553719
2. Heart Failure & Hard Clinical Substrates,"Cheung et al. (Europace 2025), Qeska et al. (Europace 2023)","Surrogate identification for HF hospitalization (HR 3.21, P=0.002) & adverse events",Left Ventricular Hypertrophy Clinical Sensitivity,LVH_SokolowLyon,sens,Sensitivity,spatial_1lead_pa1_panorama_author_1010010_s42_l0,0.16115702479338842
2. Heart Failure & Hard Clinical Substrates,"Cheung et al. (Europace 2025), Qeska et al. (Europace 2023)","Surrogate identification for HF hospitalization (HR 3.21, P=0.002) & adverse events",Left Ventricular Hypertrophy Clinical Sensitivity,LVH_SokolowLyon,sens,Sensitivity,spatial_1lead_t000_exact_theta_1010010_s42_l0,0.16942148760330578
2. Heart Failure & Hard Clinical Substrates,"Cheung et al. (Europace 2025), Qeska et al. (Europace 2023)","Surrogate identification for HF hospitalization (HR 3.21, P=0.002) & adverse events",Left Ventricular Hypertrophy Clinical Sensitivity,LVH_SokolowLyon,sens,Sensitivity,spatial_1lead_a0_1010010_s42_l0,0.15702479338842976
2. Heart Failure & Hard Clinical Substrates,"Cheung et al. (Europace 2025), Qeska et al. (Europace 2023)","Surrogate identification for HF hospitalization (HR 3.21, P=0.002) & adverse events",Left Ventricular Hypertrophy Clinical Sensitivity,LVH_SokolowLyon,sens,Sensitivity,spatial_1lead_cm1_capacity_matched_1010010_s42_l0,0.17355371900826447
2. Heart Failure & Hard Clinical Substrates,"Cheung et al. (Europace 2025), Qeska et al. (Europace 2023)","Surrogate identification for HF hospitalization (HR 3.21, P=0.002) & adverse events",Left Ventricular Hypertrophy Clinical Sensitivity,LVH_SokolowLyon,sens,Sensitivity,spatial_1lead_d1_panorama_relative_1010010_s42_l0,0.1487603305785124
2. Heart Failure & Hard Clinical Substrates,"Cheung et al. (Europace 2025), Qeska et al. (Europace 2023)","Surrogate identification for HF hospitalization (HR 3.21, P=0.002) & adverse events",Left Ventricular Hypertrophy Clinical Sensitivity,LVH_SokolowLyon,sens,Sensitivity,spatial_1lead_b1_panorama_1010010_s42_l0,0.1487603305785124
2. Heart Failure & Hard Clinical Substrates,"Cheung et al. (Europace 2025), Qeska et al. (Europace 2023)","Surrogate identification for HF hospitalization (HR 3.21, P=0.002) & adverse events",Left Ventricular Hypertrophy Clinical Sensitivity,LVH_SokolowLyon,sens,Sensitivity,spatial_1lead_pg1_permuted_geometry_1010010_s42_l0,0.16115702479338842
2. Heart Failure & Hard Clinical Substrates,"Cheung et al. (Europace 2025), Qeska et al. (Europace 2023)","Surrogate identification for HF hospitalization (HR 3.21, P=0.002) & adverse events",Left Ventricular Hypertrophy Clinical Sensitivity,LVH_SokolowLyon,sens,Sensitivity,spatial_1lead_c1_panorama_hybrid_1010010_s42_l0,0.1487603305785124
2. Heart Failure & Hard Clinical Substrates,"Cheung et al. (Europace 2025), Qeska et al. (Europace 2023)","Surrogate identification for HF hospitalization (HR 3.21, P=0.002) & adverse events",Left Ventricular Hypertrophy Clinical Sensitivity,LVH_SokolowLyon,sens,Sensitivity,spatial_1lead_t111_exact_theta_1010010_s42_l0,0.128099173553719
2. Heart Failure & Hard Clinical Substrates,"Cheung et al. (Europace 2025), Qeska et al. (Europace 2023)","Surrogate identification for HF hospitalization (HR 3.21, P=0.002) & adverse events",Left Ventricular Hypertrophy Clinical Sensitivity,LVH_SokolowLyon,sens,Sensitivity,spatial_1lead_t111_exact_theta_1110000_s42_l0,0.08264462809917356
2. Heart Failure & Hard Clinical Substrates,"Cheung et al. (Europace 2025), Qeska et al. (Europace 2023)","Surrogate identification for HF hospitalization (HR 3.21, P=0.002) & adverse events",Left Ventricular Hypertrophy Clinical Sensitivity,LVH_SokolowLyon,sens,Sensitivity,spatial_1lead_e1_panorama_film_1000000_s42_l0,0.15702479338842976
2. Heart Failure & Hard Clinical Substrates,"Cheung et al. (Europace 2025), Qeska et al. (Europace 2023)","Surrogate identification for HF hospitalization (HR 3.21, P=0.002) & adverse events",Left Ventricular Hypertrophy Clinical Sensitivity,LVH_SokolowLyon,sens,Sensitivity,spatial_1lead_d1_panorama_relative_1000000_s42_l0,0.13636363636363635
2. Heart Failure & Hard Clinical Substrates,"Cheung et al. (Europace 2025), Qeska et al. (Europace 2023)","Surrogate identification for HF hospitalization (HR 3.21, P=0.002) & adverse events",Left Ventricular Hypertrophy Clinical Sensitivity,LVH_SokolowLyon,sens,Sensitivity,spatial_1lead_pg1_permuted_geometry_1000000_s42_l0,0.1487603305785124
2. Heart Failure & Hard Clinical Substrates,"Cheung et al. (Europace 2025), Qeska et al. (Europace 2023)","Surrogate identification for HF hospitalization (HR 3.21, P=0.002) & adverse events",Left Ventricular Hypertrophy Clinical Sensitivity,LVH_SokolowLyon,sens,Sensitivity,spatial_1lead_cm1_capacity_matched_1000000_s42_l0,0.128099173553719
2. Heart Failure & Hard Clinical Substrates,"Cheung et al. (Europace 2025), Qeska et al. (Europace 2023)","Surrogate identification for HF hospitalization (HR 3.21, P=0.002) & adverse events",Left Ventricular Hypertrophy Clinical Sensitivity,LVH_SokolowLyon,sens,Sensitivity,spatial_1lead_pa1_panorama_author_1000000_s42_l0,0.15702479338842976
2. Heart Failure & Hard Clinical Substrates,"Cheung et al. (Europace 2025), Qeska et al. (Europace 2023)","Surrogate identification for HF hospitalization (HR 3.21, P=0.002) & adverse events",Left Ventricular Hypertrophy Clinical Sensitivity,LVH_SokolowLyon,sens,Sensitivity,spatial_1lead_c1_panorama_hybrid_1000000_s42_l0,0.14049586776859505
2. Heart Failure & Hard Clinical Substrates,"Cheung et al. (Europace 2025), Qeska et al. (Europace 2023)","Surrogate identification for HF hospitalization (HR 3.21, P=0.002) & adverse events",Left Ventricular Hypertrophy Clinical Sensitivity,LVH_SokolowLyon,sens,Sensitivity,spatial_1lead_b1_panorama_1000000_s42_l0,0.12396694214876033
2. Heart Failure & Hard Clinical Substrates,"Cheung et al. (Europace 2025), Qeska et al. (Europace 2023)","Surrogate identification for HF hospitalization (HR 3.21, P=0.002) & adverse events",Left Ventricular Hypertrophy Clinical Sensitivity,LVH_SokolowLyon,sens,Sensitivity,spatial_1lead_t111_exact_theta_1000000_s42_l0,0.15289256198347106
2. Heart Failure & Hard Clinical Substrates,"Cheung et al. (Europace 2025), Qeska et al. (Europace 2023)","Surrogate identification for HF hospitalization (HR 3.21, P=0.002) & adverse events",Left Ventricular Hypertrophy Clinical Sensitivity,LVH_SokolowLyon,sens,Sensitivity,spatial_1lead_t000_exact_theta_1000000_s42_l0,0.12396694214876033
2. Heart Failure & Hard Clinical Substrates,"Cheung et al. (Europace 2025), Qeska et al. (Europace 2023)","Surrogate identification for HF hospitalization (HR 3.21, P=0.002) & adverse events",Chamber Hypertrophy Concept Preservation,ECGFounder_Category_Hypertrophy,auroc,AUROC,conv15e_A0_wave_noSSL_gated_add_s42_l0,0.7454616094998733
2. Heart Failure & Hard Clinical Substrates,"Cheung et al. (Europace 2025), Qeska et al. (Europace 2023)","Surrogate identification for HF hospitalization (HR 3.21, P=0.002) & adverse events",Chamber Hypertrophy Concept Preservation,ECGFounder_Category_Hypertrophy,auroc,AUROC,conv15e_A0_zscore_s42_l0,0.7001109596327414
2. Heart Failure & Hard Clinical Substrates,"Cheung et al. (Europace 2025), Qeska et al. (Europace 2023)","Surrogate identification for HF hospitalization (HR 3.21, P=0.002) & adverse events",Chamber Hypertrophy Concept Preservation,ECGFounder_Category_Hypertrophy,auroc,AUROC,conv15e_C1_E1_morlet_mag_morlet_phase_s42_l0,0.644480884498815
2. Heart Failure & Hard Clinical Substrates,"Cheung et al. (Europace 2025), Qeska et al. (Europace 2023)","Surrogate identification for HF hospitalization (HR 3.21, P=0.002) & adverse events",Chamber Hypertrophy Concept Preservation,ECGFounder_Category_Hypertrophy,auroc,AUROC,conv15e_R5_morlet_mag_ueg_phase_wyatt_s42_l0,0.7226308667011596
2. Heart Failure & Hard Clinical Substrates,"Cheung et al. (Europace 2025), Qeska et al. (Europace 2023)","Surrogate identification for HF hospitalization (HR 3.21, P=0.002) & adverse events",Chamber Hypertrophy Concept Preservation,ECGFounder_Category_Hypertrophy,auroc,AUROC,conv15e_R7_morlet_mag_ueg_real_s42_l0,0.7458197878414823
2. Heart Failure & Hard Clinical Substrates,"Cheung et al. (Europace 2025), Qeska et al. (Europace 2023)","Surrogate identification for HF hospitalization (HR 3.21, P=0.002) & adverse events",Chamber Hypertrophy Concept Preservation,ECGFounder_Category_Hypertrophy,auroc,AUROC,conv15e_del_wave_ce_s42_l0,0.7307226632990459
2. Heart Failure & Hard Clinical Substrates,"Cheung et al. (Europace 2025), Qeska et al. (Europace 2023)","Surrogate identification for HF hospitalization (HR 3.21, P=0.002) & adverse events",Chamber Hypertrophy Concept Preservation,ECGFounder_Category_Hypertrophy,auroc,AUROC,conv15e_ssl_log_magnitude_phase_sin_local_gated_add_s42_l0,0.7371212408840832
2. Heart Failure & Hard Clinical Substrates,"Cheung et al. (Europace 2025), Qeska et al. (Europace 2023)","Surrogate identification for HF hospitalization (HR 3.21, P=0.002) & adverse events",Chamber Hypertrophy Concept Preservation,ECGFounder_Category_Hypertrophy,auroc,AUROC,conv15e_ssl_log_magnitude_real_both_gated_add_s42_l0,0.7458863940992021
2. Heart Failure & Hard Clinical Substrates,"Cheung et al. (Europace 2025), Qeska et al. (Europace 2023)","Surrogate identification for HF hospitalization (HR 3.21, P=0.002) & adverse events",Chamber Hypertrophy Concept Preservation,ECGFounder_Category_Hypertrophy,auroc,AUROC,D1_theta_mul_currentloss_s42_l0,0.712953656717682
2. Heart Failure & Hard Clinical Substrates,"Cheung et al. (Europace 2025), Qeska et al. (Europace 2023)","Surrogate identification for HF hospitalization (HR 3.21, P=0.002) & adverse events",Chamber Hypertrophy Concept Preservation,ECGFounder_Category_Hypertrophy,auroc,AUROC,D2_current_id_l1_s42_l0,0.6797620416762197
2. Heart Failure & Hard Clinical Substrates,"Cheung et al. (Europace 2025), Qeska et al. (Europace 2023)","Surrogate identification for HF hospitalization (HR 3.21, P=0.002) & adverse events",Chamber Hypertrophy Concept Preservation,ECGFounder_Category_Hypertrophy,auroc,AUROC,D3_theta_mul_l1_s42_l0,0.7149604966087271
2. Heart Failure & Hard Clinical Substrates,"Cheung et al. (Europace 2025), Qeska et al. (Europace 2023)","Surrogate identification for HF hospitalization (HR 3.21, P=0.002) & adverse events",Chamber Hypertrophy Concept Preservation,ECGFounder_Category_Hypertrophy,auroc,AUROC,D4_learned12_mul_l1_s42_l0,0.7343951275118776
2. Heart Failure & Hard Clinical Substrates,"Cheung et al. (Europace 2025), Qeska et al. (Europace 2023)","Surrogate identification for HF hospitalization (HR 3.21, P=0.002) & adverse events",Chamber Hypertrophy Concept Preservation,ECGFounder_Category_Hypertrophy,auroc,AUROC,D5_permuted_theta_mul_l1_s42_l0,0.7240916107984614
2. Heart Failure & Hard Clinical Substrates,"Cheung et al. (Europace 2025), Qeska et al. (Europace 2023)","Surrogate identification for HF hospitalization (HR 3.21, P=0.002) & adverse events",Chamber Hypertrophy Concept Preservation,ECGFounder_Category_Hypertrophy,auroc,AUROC,D6_theta_add_l1_s42_l0,0.7290871991002617
2. Heart Failure & Hard Clinical Substrates,"Cheung et al. (Europace 2025), Qeska et al. (Europace 2023)","Surrogate identification for HF hospitalization (HR 3.21, P=0.002) & adverse events",Chamber Hypertrophy Concept Preservation,ECGFounder_Category_Hypertrophy,auroc,AUROC,D7_learned12_add_l1_s42_l0,0.6931751066060499
2. Heart Failure & Hard Clinical Substrates,"Cheung et al. (Europace 2025), Qeska et al. (Europace 2023)","Surrogate identification for HF hospitalization (HR 3.21, P=0.002) & adverse events",Chamber Hypertrophy Concept Preservation,ECGFounder_Category_Hypertrophy,auroc,AUROC,D8_random12_mul_l1_s42_l0,0.7515154949245051
2. Heart Failure & Hard Clinical Substrates,"Cheung et al. (Europace 2025), Qeska et al. (Europace 2023)","Surrogate identification for HF hospitalization (HR 3.21, P=0.002) & adverse events",Chamber Hypertrophy Concept Preservation,ECGFounder_Category_Hypertrophy,auroc,AUROC,factorial_ecg_aim_1100013_s42,0.7194743636993416
2. Heart Failure & Hard Clinical Substrates,"Cheung et al. (Europace 2025), Qeska et al. (Europace 2023)","Surrogate identification for HF hospitalization (HR 3.21, P=0.002) & adverse events",Chamber Hypertrophy Concept Preservation,ECGFounder_Category_Hypertrophy,auroc,AUROC,factorial_ecg_aim_1100110_s42,0.7166108732992545
2. Heart Failure & Hard Clinical Substrates,"Cheung et al. (Europace 2025), Qeska et al. (Europace 2023)","Surrogate identification for HF hospitalization (HR 3.21, P=0.002) & adverse events",Chamber Hypertrophy Concept Preservation,ECGFounder_Category_Hypertrophy,auroc,AUROC,factorial_ecg_aim_1100111_s42,0.7169940137121535
2. Heart Failure & Hard Clinical Substrates,"Cheung et al. (Europace 2025), Qeska et al. (Europace 2023)","Surrogate identification for HF hospitalization (HR 3.21, P=0.002) & adverse events",Chamber Hypertrophy Concept Preservation,ECGFounder_Category_Hypertrophy,auroc,AUROC,factorial_ecg_aim_1101113_s42,0.6909035597287003
2. Heart Failure & Hard Clinical Substrates,"Cheung et al. (Europace 2025), Qeska et al. (Europace 2023)","Surrogate identification for HF hospitalization (HR 3.21, P=0.002) & adverse events",Chamber Hypertrophy Concept Preservation,ECGFounder_Category_Hypertrophy,auroc,AUROC,spatial_1lead_a0_1110000_s42_l0,0.7131431365083389
2. Heart Failure & Hard Clinical Substrates,"Cheung et al. (Europace 2025), Qeska et al. (Europace 2023)","Surrogate identification for HF hospitalization (HR 3.21, P=0.002) & adverse events",Chamber Hypertrophy Concept Preservation,ECGFounder_Category_Hypertrophy,auroc,AUROC,spatial_1lead_e1_panorama_film_1110000_s42_l0,0.7286974868149347
2. Heart Failure & Hard Clinical Substrates,"Cheung et al. (Europace 2025), Qeska et al. (Europace 2023)","Surrogate identification for HF hospitalization (HR 3.21, P=0.002) & adverse events",Chamber Hypertrophy Concept Preservation,ECGFounder_Category_Hypertrophy,auroc,AUROC,spatial_1lead_pa1_panorama_author_1110000_s42_l0,0.7170197984515203
2. Heart Failure & Hard Clinical Substrates,"Cheung et al. (Europace 2025), Qeska et al. (Europace 2023)","Surrogate identification for HF hospitalization (HR 3.21, P=0.002) & adverse events",Chamber Hypertrophy Concept Preservation,ECGFounder_Category_Hypertrophy,auroc,AUROC,spatial_1lead_b1_panorama_1110000_s42_l0,0.7302589604251792
2. Heart Failure & Hard Clinical Substrates,"Cheung et al. (Europace 2025), Qeska et al. (Europace 2023)","Surrogate identification for HF hospitalization (HR 3.21, P=0.002) & adverse events",Chamber Hypertrophy Concept Preservation,ECGFounder_Category_Hypertrophy,auroc,AUROC,spatial_1lead_cm1_capacity_matched_1110000_s42_l0,0.7248464694398412
2. Heart Failure & Hard Clinical Substrates,"Cheung et al. (Europace 2025), Qeska et al. (Europace 2023)","Surrogate identification for HF hospitalization (HR 3.21, P=0.002) & adverse events",Chamber Hypertrophy Concept Preservation,ECGFounder_Category_Hypertrophy,auroc,AUROC,spatial_1lead_pg1_permuted_geometry_1110000_s42_l0,0.7325921352292974
2. Heart Failure & Hard Clinical Substrates,"Cheung et al. (Europace 2025), Qeska et al. (Europace 2023)","Surrogate identification for HF hospitalization (HR 3.21, P=0.002) & adverse events",Chamber Hypertrophy Concept Preservation,ECGFounder_Category_Hypertrophy,auroc,AUROC,spatial_1lead_t000_exact_theta_1110000_s42_l0,0.737891428276495
2. Heart Failure & Hard Clinical Substrates,"Cheung et al. (Europace 2025), Qeska et al. (Europace 2023)","Surrogate identification for HF hospitalization (HR 3.21, P=0.002) & adverse events",Chamber Hypertrophy Concept Preservation,ECGFounder_Category_Hypertrophy,auroc,AUROC,spatial_1lead_c1_panorama_hybrid_1110000_s42_l0,0.7336941019066403
2. Heart Failure & Hard Clinical Substrates,"Cheung et al. (Europace 2025), Qeska et al. (Europace 2023)","Surrogate identification for HF hospitalization (HR 3.21, P=0.002) & adverse events",Chamber Hypertrophy Concept Preservation,ECGFounder_Category_Hypertrophy,auroc,AUROC,spatial_1lead_d1_panorama_relative_1110000_s42_l0,0.7271497256270959
2. Heart Failure & Hard Clinical Substrates,"Cheung et al. (Europace 2025), Qeska et al. (Europace 2023)","Surrogate identification for HF hospitalization (HR 3.21, P=0.002) & adverse events",Chamber Hypertrophy Concept Preservation,ECGFounder_Category_Hypertrophy,auroc,AUROC,spatial_1lead_e1_panorama_film_1010010_s42_l0,0.7026684082250969
2. Heart Failure & Hard Clinical Substrates,"Cheung et al. (Europace 2025), Qeska et al. (Europace 2023)","Surrogate identification for HF hospitalization (HR 3.21, P=0.002) & adverse events",Chamber Hypertrophy Concept Preservation,ECGFounder_Category_Hypertrophy,auroc,AUROC,spatial_1lead_pa1_panorama_author_1010010_s42_l0,0.7166135939679567
2. Heart Failure & Hard Clinical Substrates,"Cheung et al. (Europace 2025), Qeska et al. (Europace 2023)","Surrogate identification for HF hospitalization (HR 3.21, P=0.002) & adverse events",Chamber Hypertrophy Concept Preservation,ECGFounder_Category_Hypertrophy,auroc,AUROC,spatial_1lead_t000_exact_theta_1010010_s42_l0,0.7214965839007687
2. Heart Failure & Hard Clinical Substrates,"Cheung et al. (Europace 2025), Qeska et al. (Europace 2023)","Surrogate identification for HF hospitalization (HR 3.21, P=0.002) & adverse events",Chamber Hypertrophy Concept Preservation,ECGFounder_Category_Hypertrophy,auroc,AUROC,spatial_1lead_a0_1010010_s42_l0,0.7196440221190818
2. Heart Failure & Hard Clinical Substrates,"Cheung et al. (Europace 2025), Qeska et al. (Europace 2023)","Surrogate identification for HF hospitalization (HR 3.21, P=0.002) & adverse events",Chamber Hypertrophy Concept Preservation,ECGFounder_Category_Hypertrophy,auroc,AUROC,spatial_1lead_cm1_capacity_matched_1010010_s42_l0,0.7056577484472004
2. Heart Failure & Hard Clinical Substrates,"Cheung et al. (Europace 2025), Qeska et al. (Europace 2023)","Surrogate identification for HF hospitalization (HR 3.21, P=0.002) & adverse events",Chamber Hypertrophy Concept Preservation,ECGFounder_Category_Hypertrophy,auroc,AUROC,spatial_1lead_d1_panorama_relative_1010010_s42_l0,0.7168857186248212
2. Heart Failure & Hard Clinical Substrates,"Cheung et al. (Europace 2025), Qeska et al. (Europace 2023)","Surrogate identification for HF hospitalization (HR 3.21, P=0.002) & adverse events",Chamber Hypertrophy Concept Preservation,ECGFounder_Category_Hypertrophy,auroc,AUROC,spatial_1lead_b1_panorama_1010010_s42_l0,0.7211464676311429
2. Heart Failure & Hard Clinical Substrates,"Cheung et al. (Europace 2025), Qeska et al. (Europace 2023)","Surrogate identification for HF hospitalization (HR 3.21, P=0.002) & adverse events",Chamber Hypertrophy Concept Preservation,ECGFounder_Category_Hypertrophy,auroc,AUROC,spatial_1lead_pg1_permuted_geometry_1010010_s42_l0,0.7166572744563332
2. Heart Failure & Hard Clinical Substrates,"Cheung et al. (Europace 2025), Qeska et al. (Europace 2023)","Surrogate identification for HF hospitalization (HR 3.21, P=0.002) & adverse events",Chamber Hypertrophy Concept Preservation,ECGFounder_Category_Hypertrophy,auroc,AUROC,spatial_1lead_c1_panorama_hybrid_1010010_s42_l0,0.7178305349735769
2. Heart Failure & Hard Clinical Substrates,"Cheung et al. (Europace 2025), Qeska et al. (Europace 2023)","Surrogate identification for HF hospitalization (HR 3.21, P=0.002) & adverse events",Chamber Hypertrophy Concept Preservation,ECGFounder_Category_Hypertrophy,auroc,AUROC,spatial_1lead_t111_exact_theta_1010010_s42_l0,0.7192005248239022
2. Heart Failure & Hard Clinical Substrates,"Cheung et al. (Europace 2025), Qeska et al. (Europace 2023)","Surrogate identification for HF hospitalization (HR 3.21, P=0.002) & adverse events",Chamber Hypertrophy Concept Preservation,ECGFounder_Category_Hypertrophy,auroc,AUROC,spatial_1lead_t111_exact_theta_1110000_s42_l0,0.7388651322117875
2. Heart Failure & Hard Clinical Substrates,"Cheung et al. (Europace 2025), Qeska et al. (Europace 2023)","Surrogate identification for HF hospitalization (HR 3.21, P=0.002) & adverse events",Chamber Hypertrophy Concept Preservation,ECGFounder_Category_Hypertrophy,auroc,AUROC,spatial_1lead_e1_panorama_film_1000000_s42_l0,0.7224729702565232
2. Heart Failure & Hard Clinical Substrates,"Cheung et al. (Europace 2025), Qeska et al. (Europace 2023)","Surrogate identification for HF hospitalization (HR 3.21, P=0.002) & adverse events",Chamber Hypertrophy Concept Preservation,ECGFounder_Category_Hypertrophy,auroc,AUROC,spatial_1lead_d1_panorama_relative_1000000_s42_l0,0.7313724471189834
2. Heart Failure & Hard Clinical Substrates,"Cheung et al. (Europace 2025), Qeska et al. (Europace 2023)","Surrogate identification for HF hospitalization (HR 3.21, P=0.002) & adverse events",Chamber Hypertrophy Concept Preservation,ECGFounder_Category_Hypertrophy,auroc,AUROC,spatial_1lead_pg1_permuted_geometry_1000000_s42_l0,0.6803278145154867
2. Heart Failure & Hard Clinical Substrates,"Cheung et al. (Europace 2025), Qeska et al. (Europace 2023)","Surrogate identification for HF hospitalization (HR 3.21, P=0.002) & adverse events",Chamber Hypertrophy Concept Preservation,ECGFounder_Category_Hypertrophy,auroc,AUROC,spatial_1lead_cm1_capacity_matched_1000000_s42_l0,0.6905993177472227
2. Heart Failure & Hard Clinical Substrates,"Cheung et al. (Europace 2025), Qeska et al. (Europace 2023)","Surrogate identification for HF hospitalization (HR 3.21, P=0.002) & adverse events",Chamber Hypertrophy Concept Preservation,ECGFounder_Category_Hypertrophy,auroc,AUROC,spatial_1lead_pa1_panorama_author_1000000_s42_l0,0.7062304869336775
2. Heart Failure & Hard Clinical Substrates,"Cheung et al. (Europace 2025), Qeska et al. (Europace 2023)","Surrogate identification for HF hospitalization (HR 3.21, P=0.002) & adverse events",Chamber Hypertrophy Concept Preservation,ECGFounder_Category_Hypertrophy,auroc,AUROC,spatial_1lead_c1_panorama_hybrid_1000000_s42_l0,0.7271682048134336
2. Heart Failure & Hard Clinical Substrates,"Cheung et al. (Europace 2025), Qeska et al. (Europace 2023)","Surrogate identification for HF hospitalization (HR 3.21, P=0.002) & adverse events",Chamber Hypertrophy Concept Preservation,ECGFounder_Category_Hypertrophy,auroc,AUROC,spatial_1lead_b1_panorama_1000000_s42_l0,0.7230882923899733
2. Heart Failure & Hard Clinical Substrates,"Cheung et al. (Europace 2025), Qeska et al. (Europace 2023)","Surrogate identification for HF hospitalization (HR 3.21, P=0.002) & adverse events",Chamber Hypertrophy Concept Preservation,ECGFounder_Category_Hypertrophy,auroc,AUROC,spatial_1lead_t111_exact_theta_1000000_s42_l0,0.6633452821924771
2. Heart Failure & Hard Clinical Substrates,"Cheung et al. (Europace 2025), Qeska et al. (Europace 2023)","Surrogate identification for HF hospitalization (HR 3.21, P=0.002) & adverse events",Chamber Hypertrophy Concept Preservation,ECGFounder_Category_Hypertrophy,auroc,AUROC,spatial_1lead_t000_exact_theta_1000000_s42_l0,0.6834657015488651
2. Heart Failure & Hard Clinical Substrates,"Cheung et al. (Europace 2025), Qeska et al. (Europace 2023)","Surrogate identification for HF hospitalization (HR 3.21, P=0.002) & adverse events",Myocardial Infarction / Ischemic Injury Detection,ECGFounder_Category_Infarct,auroc,AUROC,conv15e_A0_wave_noSSL_gated_add_s42_l0,0.7117227928996458
2. Heart Failure & Hard Clinical Substrates,"Cheung et al. (Europace 2025), Qeska et al. (Europace 2023)","Surrogate identification for HF hospitalization (HR 3.21, P=0.002) & adverse events",Myocardial Infarction / Ischemic Injury Detection,ECGFounder_Category_Infarct,auroc,AUROC,conv15e_A0_zscore_s42_l0,0.7008776944063904
2. Heart Failure & Hard Clinical Substrates,"Cheung et al. (Europace 2025), Qeska et al. (Europace 2023)","Surrogate identification for HF hospitalization (HR 3.21, P=0.002) & adverse events",Myocardial Infarction / Ischemic Injury Detection,ECGFounder_Category_Infarct,auroc,AUROC,conv15e_C1_E1_morlet_mag_morlet_phase_s42_l0,0.6438374044815878
2. Heart Failure & Hard Clinical Substrates,"Cheung et al. (Europace 2025), Qeska et al. (Europace 2023)","Surrogate identification for HF hospitalization (HR 3.21, P=0.002) & adverse events",Myocardial Infarction / Ischemic Injury Detection,ECGFounder_Category_Infarct,auroc,AUROC,conv15e_R5_morlet_mag_ueg_phase_wyatt_s42_l0,0.7164376338082699
2. Heart Failure & Hard Clinical Substrates,"Cheung et al. (Europace 2025), Qeska et al. (Europace 2023)","Surrogate identification for HF hospitalization (HR 3.21, P=0.002) & adverse events",Myocardial Infarction / Ischemic Injury Detection,ECGFounder_Category_Infarct,auroc,AUROC,conv15e_R7_morlet_mag_ueg_real_s42_l0,0.7083177353988347
2. Heart Failure & Hard Clinical Substrates,"Cheung et al. (Europace 2025), Qeska et al. (Europace 2023)","Surrogate identification for HF hospitalization (HR 3.21, P=0.002) & adverse events",Myocardial Infarction / Ischemic Injury Detection,ECGFounder_Category_Infarct,auroc,AUROC,conv15e_del_wave_ce_s42_l0,0.7115088220508977
2. Heart Failure & Hard Clinical Substrates,"Cheung et al. (Europace 2025), Qeska et al. (Europace 2023)","Surrogate identification for HF hospitalization (HR 3.21, P=0.002) & adverse events",Myocardial Infarction / Ischemic Injury Detection,ECGFounder_Category_Infarct,auroc,AUROC,conv15e_ssl_log_magnitude_phase_sin_local_gated_add_s42_l0,0.71397374778438
2. Heart Failure & Hard Clinical Substrates,"Cheung et al. (Europace 2025), Qeska et al. (Europace 2023)","Surrogate identification for HF hospitalization (HR 3.21, P=0.002) & adverse events",Myocardial Infarction / Ischemic Injury Detection,ECGFounder_Category_Infarct,auroc,AUROC,conv15e_ssl_log_magnitude_real_both_gated_add_s42_l0,0.7105168457862202
2. Heart Failure & Hard Clinical Substrates,"Cheung et al. (Europace 2025), Qeska et al. (Europace 2023)","Surrogate identification for HF hospitalization (HR 3.21, P=0.002) & adverse events",Myocardial Infarction / Ischemic Injury Detection,ECGFounder_Category_Infarct,auroc,AUROC,D1_theta_mul_currentloss_s42_l0,0.6900923694234828
2. Heart Failure & Hard Clinical Substrates,"Cheung et al. (Europace 2025), Qeska et al. (Europace 2023)","Surrogate identification for HF hospitalization (HR 3.21, P=0.002) & adverse events",Myocardial Infarction / Ischemic Injury Detection,ECGFounder_Category_Infarct,auroc,AUROC,D2_current_id_l1_s42_l0,0.6925634225498739
2. Heart Failure & Hard Clinical Substrates,"Cheung et al. (Europace 2025), Qeska et al. (Europace 2023)","Surrogate identification for HF hospitalization (HR 3.21, P=0.002) & adverse events",Myocardial Infarction / Ischemic Injury Detection,ECGFounder_Category_Infarct,auroc,AUROC,D3_theta_mul_l1_s42_l0,0.7034129108980766
2. Heart Failure & Hard Clinical Substrates,"Cheung et al. (Europace 2025), Qeska et al. (Europace 2023)","Surrogate identification for HF hospitalization (HR 3.21, P=0.002) & adverse events",Myocardial Infarction / Ischemic Injury Detection,ECGFounder_Category_Infarct,auroc,AUROC,D4_learned12_mul_l1_s42_l0,0.6862053568339372
2. Heart Failure & Hard Clinical Substrates,"Cheung et al. (Europace 2025), Qeska et al. (Europace 2023)","Surrogate identification for HF hospitalization (HR 3.21, P=0.002) & adverse events",Myocardial Infarction / Ischemic Injury Detection,ECGFounder_Category_Infarct,auroc,AUROC,D5_permuted_theta_mul_l1_s42_l0,0.6981643209437897
2. Heart Failure & Hard Clinical Substrates,"Cheung et al. (Europace 2025), Qeska et al. (Europace 2023)","Surrogate identification for HF hospitalization (HR 3.21, P=0.002) & adverse events",Myocardial Infarction / Ischemic Injury Detection,ECGFounder_Category_Infarct,auroc,AUROC,D6_theta_add_l1_s42_l0,0.7034682831943727
2. Heart Failure & Hard Clinical Substrates,"Cheung et al. (Europace 2025), Qeska et al. (Europace 2023)","Surrogate identification for HF hospitalization (HR 3.21, P=0.002) & adverse events",Myocardial Infarction / Ischemic Injury Detection,ECGFounder_Category_Infarct,auroc,AUROC,D7_learned12_add_l1_s42_l0,0.6964553667498611
2. Heart Failure & Hard Clinical Substrates,"Cheung et al. (Europace 2025), Qeska et al. (Europace 2023)","Surrogate identification for HF hospitalization (HR 3.21, P=0.002) & adverse events",Myocardial Infarction / Ischemic Injury Detection,ECGFounder_Category_Infarct,auroc,AUROC,D8_random12_mul_l1_s42_l0,0.7061741627550092
2. Heart Failure & Hard Clinical Substrates,"Cheung et al. (Europace 2025), Qeska et al. (Europace 2023)","Surrogate identification for HF hospitalization (HR 3.21, P=0.002) & adverse events",Myocardial Infarction / Ischemic Injury Detection,ECGFounder_Category_Infarct,auroc,AUROC,factorial_ecg_aim_1100013_s42,0.658942221233268
2. Heart Failure & Hard Clinical Substrates,"Cheung et al. (Europace 2025), Qeska et al. (Europace 2023)","Surrogate identification for HF hospitalization (HR 3.21, P=0.002) & adverse events",Myocardial Infarction / Ischemic Injury Detection,ECGFounder_Category_Infarct,auroc,AUROC,factorial_ecg_aim_1100110_s42,0.6994722138322961
2. Heart Failure & Hard Clinical Substrates,"Cheung et al. (Europace 2025), Qeska et al. (Europace 2023)","Surrogate identification for HF hospitalization (HR 3.21, P=0.002) & adverse events",Myocardial Infarction / Ischemic Injury Detection,ECGFounder_Category_Infarct,auroc,AUROC,factorial_ecg_aim_1100111_s42,0.658456343843432
2. Heart Failure & Hard Clinical Substrates,"Cheung et al. (Europace 2025), Qeska et al. (Europace 2023)","Surrogate identification for HF hospitalization (HR 3.21, P=0.002) & adverse events",Myocardial Infarction / Ischemic Injury Detection,ECGFounder_Category_Infarct,auroc,AUROC,factorial_ecg_aim_1101113_s42,0.5406902988460286
2. Heart Failure & Hard Clinical Substrates,"Cheung et al. (Europace 2025), Qeska et al. (Europace 2023)","Surrogate identification for HF hospitalization (HR 3.21, P=0.002) & adverse events",Myocardial Infarction / Ischemic Injury Detection,ECGFounder_Category_Infarct,auroc,AUROC,spatial_1lead_a0_1110000_s42_l0,0.7174862390364637
2. Heart Failure & Hard Clinical Substrates,"Cheung et al. (Europace 2025), Qeska et al. (Europace 2023)","Surrogate identification for HF hospitalization (HR 3.21, P=0.002) & adverse events",Myocardial Infarction / Ischemic Injury Detection,ECGFounder_Category_Infarct,auroc,AUROC,spatial_1lead_e1_panorama_film_1110000_s42_l0,0.7135974268805887
2. Heart Failure & Hard Clinical Substrates,"Cheung et al. (Europace 2025), Qeska et al. (Europace 2023)","Surrogate identification for HF hospitalization (HR 3.21, P=0.002) & adverse events",Myocardial Infarction / Ischemic Injury Detection,ECGFounder_Category_Infarct,auroc,AUROC,spatial_1lead_pa1_panorama_author_1110000_s42_l0,0.7146793083053425
2. Heart Failure & Hard Clinical Substrates,"Cheung et al. (Europace 2025), Qeska et al. (Europace 2023)","Surrogate identification for HF hospitalization (HR 3.21, P=0.002) & adverse events",Myocardial Infarction / Ischemic Injury Detection,ECGFounder_Category_Infarct,auroc,AUROC,spatial_1lead_b1_panorama_1110000_s42_l0,0.7108678262679579
2. Heart Failure & Hard Clinical Substrates,"Cheung et al. (Europace 2025), Qeska et al. (Europace 2023)","Surrogate identification for HF hospitalization (HR 3.21, P=0.002) & adverse events",Myocardial Infarction / Ischemic Injury Detection,ECGFounder_Category_Infarct,auroc,AUROC,spatial_1lead_cm1_capacity_matched_1110000_s42_l0,0.716762318212182
2. Heart Failure & Hard Clinical Substrates,"Cheung et al. (Europace 2025), Qeska et al. (Europace 2023)","Surrogate identification for HF hospitalization (HR 3.21, P=0.002) & adverse events",Myocardial Infarction / Ischemic Injury Detection,ECGFounder_Category_Infarct,auroc,AUROC,spatial_1lead_pg1_permuted_geometry_1110000_s42_l0,0.7153062648601106
2. Heart Failure & Hard Clinical Substrates,"Cheung et al. (Europace 2025), Qeska et al. (Europace 2023)","Surrogate identification for HF hospitalization (HR 3.21, P=0.002) & adverse events",Myocardial Infarction / Ischemic Injury Detection,ECGFounder_Category_Infarct,auroc,AUROC,spatial_1lead_t000_exact_theta_1110000_s42_l0,0.7110735180948865
2. Heart Failure & Hard Clinical Substrates,"Cheung et al. (Europace 2025), Qeska et al. (Europace 2023)","Surrogate identification for HF hospitalization (HR 3.21, P=0.002) & adverse events",Myocardial Infarction / Ischemic Injury Detection,ECGFounder_Category_Infarct,auroc,AUROC,spatial_1lead_c1_panorama_hybrid_1110000_s42_l0,0.7158581998269026
2. Heart Failure & Hard Clinical Substrates,"Cheung et al. (Europace 2025), Qeska et al. (Europace 2023)","Surrogate identification for HF hospitalization (HR 3.21, P=0.002) & adverse events",Myocardial Infarction / Ischemic Injury Detection,ECGFounder_Category_Infarct,auroc,AUROC,spatial_1lead_d1_panorama_relative_1110000_s42_l0,0.7169325243331595
2. Heart Failure & Hard Clinical Substrates,"Cheung et al. (Europace 2025), Qeska et al. (Europace 2023)","Surrogate identification for HF hospitalization (HR 3.21, P=0.002) & adverse events",Myocardial Infarction / Ischemic Injury Detection,ECGFounder_Category_Infarct,auroc,AUROC,spatial_1lead_e1_panorama_film_1010010_s42_l0,0.7018819834741131
2. Heart Failure & Hard Clinical Substrates,"Cheung et al. (Europace 2025), Qeska et al. (Europace 2023)","Surrogate identification for HF hospitalization (HR 3.21, P=0.002) & adverse events",Myocardial Infarction / Ischemic Injury Detection,ECGFounder_Category_Infarct,auroc,AUROC,spatial_1lead_pa1_panorama_author_1010010_s42_l0,0.7098274098742471
2. Heart Failure & Hard Clinical Substrates,"Cheung et al. (Europace 2025), Qeska et al. (Europace 2023)","Surrogate identification for HF hospitalization (HR 3.21, P=0.002) & adverse events",Myocardial Infarction / Ischemic Injury Detection,ECGFounder_Category_Infarct,auroc,AUROC,spatial_1lead_t000_exact_theta_1010010_s42_l0,0.7146126233376587
2. Heart Failure & Hard Clinical Substrates,"Cheung et al. (Europace 2025), Qeska et al. (Europace 2023)","Surrogate identification for HF hospitalization (HR 3.21, P=0.002) & adverse events",Myocardial Infarction / Ischemic Injury Detection,ECGFounder_Category_Infarct,auroc,AUROC,spatial_1lead_a0_1010010_s42_l0,0.7049969678681373
2. Heart Failure & Hard Clinical Substrates,"Cheung et al. (Europace 2025), Qeska et al. (Europace 2023)","Surrogate identification for HF hospitalization (HR 3.21, P=0.002) & adverse events",Myocardial Infarction / Ischemic Injury Detection,ECGFounder_Category_Infarct,auroc,AUROC,spatial_1lead_cm1_capacity_matched_1010010_s42_l0,0.710521306179854
2. Heart Failure & Hard Clinical Substrates,"Cheung et al. (Europace 2025), Qeska et al. (Europace 2023)","Surrogate identification for HF hospitalization (HR 3.21, P=0.002) & adverse events",Myocardial Infarction / Ischemic Injury Detection,ECGFounder_Category_Infarct,auroc,AUROC,spatial_1lead_d1_panorama_relative_1010010_s42_l0,0.7069267496912589
2. Heart Failure & Hard Clinical Substrates,"Cheung et al. (Europace 2025), Qeska et al. (Europace 2023)","Surrogate identification for HF hospitalization (HR 3.21, P=0.002) & adverse events",Myocardial Infarction / Ischemic Injury Detection,ECGFounder_Category_Infarct,auroc,AUROC,spatial_1lead_b1_panorama_1010010_s42_l0,0.71056731974143
2. Heart Failure & Hard Clinical Substrates,"Cheung et al. (Europace 2025), Qeska et al. (Europace 2023)","Surrogate identification for HF hospitalization (HR 3.21, P=0.002) & adverse events",Myocardial Infarction / Ischemic Injury Detection,ECGFounder_Category_Infarct,auroc,AUROC,spatial_1lead_pg1_permuted_geometry_1010010_s42_l0,0.7086202236724523
2. Heart Failure & Hard Clinical Substrates,"Cheung et al. (Europace 2025), Qeska et al. (Europace 2023)","Surrogate identification for HF hospitalization (HR 3.21, P=0.002) & adverse events",Myocardial Infarction / Ischemic Injury Detection,ECGFounder_Category_Infarct,auroc,AUROC,spatial_1lead_c1_panorama_hybrid_1010010_s42_l0,0.7083639661547729
2. Heart Failure & Hard Clinical Substrates,"Cheung et al. (Europace 2025), Qeska et al. (Europace 2023)","Surrogate identification for HF hospitalization (HR 3.21, P=0.002) & adverse events",Myocardial Infarction / Ischemic Injury Detection,ECGFounder_Category_Infarct,auroc,AUROC,spatial_1lead_t111_exact_theta_1010010_s42_l0,0.7048414471360079
2. Heart Failure & Hard Clinical Substrates,"Cheung et al. (Europace 2025), Qeska et al. (Europace 2023)","Surrogate identification for HF hospitalization (HR 3.21, P=0.002) & adverse events",Myocardial Infarction / Ischemic Injury Detection,ECGFounder_Category_Infarct,auroc,AUROC,spatial_1lead_t111_exact_theta_1110000_s42_l0,0.7031322470403193
2. Heart Failure & Hard Clinical Substrates,"Cheung et al. (Europace 2025), Qeska et al. (Europace 2023)","Surrogate identification for HF hospitalization (HR 3.21, P=0.002) & adverse events",Myocardial Infarction / Ischemic Injury Detection,ECGFounder_Category_Infarct,auroc,AUROC,spatial_1lead_e1_panorama_film_1000000_s42_l0,0.7021080785251925
2. Heart Failure & Hard Clinical Substrates,"Cheung et al. (Europace 2025), Qeska et al. (Europace 2023)","Surrogate identification for HF hospitalization (HR 3.21, P=0.002) & adverse events",Myocardial Infarction / Ischemic Injury Detection,ECGFounder_Category_Infarct,auroc,AUROC,spatial_1lead_d1_panorama_relative_1000000_s42_l0,0.6958274153853563
2. Heart Failure & Hard Clinical Substrates,"Cheung et al. (Europace 2025), Qeska et al. (Europace 2023)","Surrogate identification for HF hospitalization (HR 3.21, P=0.002) & adverse events",Myocardial Infarction / Ischemic Injury Detection,ECGFounder_Category_Infarct,auroc,AUROC,spatial_1lead_pg1_permuted_geometry_1000000_s42_l0,0.6916477120056518
2. Heart Failure & Hard Clinical Substrates,"Cheung et al. (Europace 2025), Qeska et al. (Europace 2023)","Surrogate identification for HF hospitalization (HR 3.21, P=0.002) & adverse events",Myocardial Infarction / Ischemic Injury Detection,ECGFounder_Category_Infarct,auroc,AUROC,spatial_1lead_cm1_capacity_matched_1000000_s42_l0,0.702712131094963
2. Heart Failure & Hard Clinical Substrates,"Cheung et al. (Europace 2025), Qeska et al. (Europace 2023)","Surrogate identification for HF hospitalization (HR 3.21, P=0.002) & adverse events",Myocardial Infarction / Ischemic Injury Detection,ECGFounder_Category_Infarct,auroc,AUROC,spatial_1lead_pa1_panorama_author_1000000_s42_l0,0.7017585922676289
2. Heart Failure & Hard Clinical Substrates,"Cheung et al. (Europace 2025), Qeska et al. (Europace 2023)","Surrogate identification for HF hospitalization (HR 3.21, P=0.002) & adverse events",Myocardial Infarction / Ischemic Injury Detection,ECGFounder_Category_Infarct,auroc,AUROC,spatial_1lead_c1_panorama_hybrid_1000000_s42_l0,0.6973421490501078
2. Heart Failure & Hard Clinical Substrates,"Cheung et al. (Europace 2025), Qeska et al. (Europace 2023)","Surrogate identification for HF hospitalization (HR 3.21, P=0.002) & adverse events",Myocardial Infarction / Ischemic Injury Detection,ECGFounder_Category_Infarct,auroc,AUROC,spatial_1lead_b1_panorama_1000000_s42_l0,0.7062425864674128
2. Heart Failure & Hard Clinical Substrates,"Cheung et al. (Europace 2025), Qeska et al. (Europace 2023)","Surrogate identification for HF hospitalization (HR 3.21, P=0.002) & adverse events",Myocardial Infarction / Ischemic Injury Detection,ECGFounder_Category_Infarct,auroc,AUROC,spatial_1lead_t111_exact_theta_1000000_s42_l0,0.6938071596655483
2. Heart Failure & Hard Clinical Substrates,"Cheung et al. (Europace 2025), Qeska et al. (Europace 2023)","Surrogate identification for HF hospitalization (HR 3.21, P=0.002) & adverse events",Myocardial Infarction / Ischemic Injury Detection,ECGFounder_Category_Infarct,auroc,AUROC,spatial_1lead_t000_exact_theta_1000000_s42_l0,0.7021344669609487
3. Electrophysiological Substrate & Conduction Block,"SHORT-AF (JACC EP 2023), Clinical Electrophysiology",Assessment of intraventricular conduction delay & exit/entrance conduction substrate,Continuous QRS Duration Measurement Error,QRS_Duration_SemiSeg,mae,MAE (ms),conv15e_A0_wave_noSSL_gated_add_s42_l0,10.049135577797998
3. Electrophysiological Substrate & Conduction Block,"SHORT-AF (JACC EP 2023), Clinical Electrophysiology",Assessment of intraventricular conduction delay & exit/entrance conduction substrate,Continuous QRS Duration Measurement Error,QRS_Duration_SemiSeg,mae,MAE (ms),conv15e_A0_zscore_s42_l0,10.021838034576888
3. Electrophysiological Substrate & Conduction Block,"SHORT-AF (JACC EP 2023), Clinical Electrophysiology",Assessment of intraventricular conduction delay & exit/entrance conduction substrate,Continuous QRS Duration Measurement Error,QRS_Duration_SemiSeg,mae,MAE (ms),conv15e_C1_E1_morlet_mag_morlet_phase_s42_l0,11.656050955414013
3. Electrophysiological Substrate & Conduction Block,"SHORT-AF (JACC EP 2023), Clinical Electrophysiology",Assessment of intraventricular conduction delay & exit/entrance conduction substrate,Continuous QRS Duration Measurement Error,QRS_Duration_SemiSeg,mae,MAE (ms),conv15e_R5_morlet_mag_ueg_phase_wyatt_s42_l0,9.959053685168335
3. Electrophysiological Substrate & Conduction Block,"SHORT-AF (JACC EP 2023), Clinical Electrophysiology",Assessment of intraventricular conduction delay & exit/entrance conduction substrate,Continuous QRS Duration Measurement Error,QRS_Duration_SemiSeg,mae,MAE (ms),conv15e_R7_morlet_mag_ueg_real_s42_l0,10.13466787989081
3. Electrophysiological Substrate & Conduction Block,"SHORT-AF (JACC EP 2023), Clinical Electrophysiology",Assessment of intraventricular conduction delay & exit/entrance conduction substrate,Continuous QRS Duration Measurement Error,QRS_Duration_SemiSeg,mae,MAE (ms),conv15e_del_wave_ce_s42_l0,9.757961783439491
3. Electrophysiological Substrate & Conduction Block,"SHORT-AF (JACC EP 2023), Clinical Electrophysiology",Assessment of intraventricular conduction delay & exit/entrance conduction substrate,Continuous QRS Duration Measurement Error,QRS_Duration_SemiSeg,mae,MAE (ms),conv15e_ssl_log_magnitude_phase_sin_local_gated_add_s42_l0,10.177434030937215
3. Electrophysiological Substrate & Conduction Block,"SHORT-AF (JACC EP 2023), Clinical Electrophysiology",Assessment of intraventricular conduction delay & exit/entrance conduction substrate,Continuous QRS Duration Measurement Error,QRS_Duration_SemiSeg,mae,MAE (ms),conv15e_ssl_log_magnitude_real_both_gated_add_s42_l0,10.070063694267516
3. Electrophysiological Substrate & Conduction Block,"SHORT-AF (JACC EP 2023), Clinical Electrophysiology",Assessment of intraventricular conduction delay & exit/entrance conduction substrate,Continuous QRS Duration Measurement Error,QRS_Duration_SemiSeg,mae,MAE (ms),D1_theta_mul_currentloss_s42_l0,10.92356687898089
3. Electrophysiological Substrate & Conduction Block,"SHORT-AF (JACC EP 2023), Clinical Electrophysiology",Assessment of intraventricular conduction delay & exit/entrance conduction substrate,Continuous QRS Duration Measurement Error,QRS_Duration_SemiSeg,mae,MAE (ms),D2_current_id_l1_s42_l0,10.21383075523203
3. Electrophysiological Substrate & Conduction Block,"SHORT-AF (JACC EP 2023), Clinical Electrophysiology",Assessment of intraventricular conduction delay & exit/entrance conduction substrate,Continuous QRS Duration Measurement Error,QRS_Duration_SemiSeg,mae,MAE (ms),D3_theta_mul_l1_s42_l0,10.361237488626024
3. Electrophysiological Substrate & Conduction Block,"SHORT-AF (JACC EP 2023), Clinical Electrophysiology",Assessment of intraventricular conduction delay & exit/entrance conduction substrate,Continuous QRS Duration Measurement Error,QRS_Duration_SemiSeg,mae,MAE (ms),D4_learned12_mul_l1_s42_l0,10.058234758871702
3. Electrophysiological Substrate & Conduction Block,"SHORT-AF (JACC EP 2023), Clinical Electrophysiology",Assessment of intraventricular conduction delay & exit/entrance conduction substrate,Continuous QRS Duration Measurement Error,QRS_Duration_SemiSeg,mae,MAE (ms),D5_permuted_theta_mul_l1_s42_l0,9.929026387625115
3. Electrophysiological Substrate & Conduction Block,"SHORT-AF (JACC EP 2023), Clinical Electrophysiology",Assessment of intraventricular conduction delay & exit/entrance conduction substrate,Continuous QRS Duration Measurement Error,QRS_Duration_SemiSeg,mae,MAE (ms),D6_theta_add_l1_s42_l0,9.864422202001819
3. Electrophysiological Substrate & Conduction Block,"SHORT-AF (JACC EP 2023), Clinical Electrophysiology",Assessment of intraventricular conduction delay & exit/entrance conduction substrate,Continuous QRS Duration Measurement Error,QRS_Duration_SemiSeg,mae,MAE (ms),D7_learned12_add_l1_s42_l0,10.117379435850774
3. Electrophysiological Substrate & Conduction Block,"SHORT-AF (JACC EP 2023), Clinical Electrophysiology",Assessment of intraventricular conduction delay & exit/entrance conduction substrate,Continuous QRS Duration Measurement Error,QRS_Duration_SemiSeg,mae,MAE (ms),D8_random12_mul_l1_s42_l0,10.579617834394904
3. Electrophysiological Substrate & Conduction Block,"SHORT-AF (JACC EP 2023), Clinical Electrophysiology",Assessment of intraventricular conduction delay & exit/entrance conduction substrate,Continuous QRS Duration Measurement Error,QRS_Duration_SemiSeg,mae,MAE (ms),factorial_ecg_aim_1100013_s42,11.308462238398544
3. Electrophysiological Substrate & Conduction Block,"SHORT-AF (JACC EP 2023), Clinical Electrophysiology",Assessment of intraventricular conduction delay & exit/entrance conduction substrate,Continuous QRS Duration Measurement Error,QRS_Duration_SemiSeg,mae,MAE (ms),factorial_ecg_aim_1100110_s42,11.24385805277525
3. Electrophysiological Substrate & Conduction Block,"SHORT-AF (JACC EP 2023), Clinical Electrophysiology",Assessment of intraventricular conduction delay & exit/entrance conduction substrate,Continuous QRS Duration Measurement Error,QRS_Duration_SemiSeg,mae,MAE (ms),factorial_ecg_aim_1100111_s42,10.688808007279345
3. Electrophysiological Substrate & Conduction Block,"SHORT-AF (JACC EP 2023), Clinical Electrophysiology",Assessment of intraventricular conduction delay & exit/entrance conduction substrate,Continuous QRS Duration Measurement Error,QRS_Duration_SemiSeg,mae,MAE (ms),factorial_ecg_aim_1101113_s42,22.13972602739726
3. Electrophysiological Substrate & Conduction Block,"SHORT-AF (JACC EP 2023), Clinical Electrophysiology",Assessment of intraventricular conduction delay & exit/entrance conduction substrate,Continuous QRS Duration Measurement Error,QRS_Duration_SemiSeg,mae,MAE (ms),spatial_1lead_a0_1110000_s42_l0,10.262056414922657
3. Electrophysiological Substrate & Conduction Block,"SHORT-AF (JACC EP 2023), Clinical Electrophysiology",Assessment of intraventricular conduction delay & exit/entrance conduction substrate,Continuous QRS Duration Measurement Error,QRS_Duration_SemiSeg,mae,MAE (ms),spatial_1lead_e1_panorama_film_1110000_s42_l0,10.202001819836214
3. Electrophysiological Substrate & Conduction Block,"SHORT-AF (JACC EP 2023), Clinical Electrophysiology",Assessment of intraventricular conduction delay & exit/entrance conduction substrate,Continuous QRS Duration Measurement Error,QRS_Duration_SemiSeg,mae,MAE (ms),spatial_1lead_pa1_panorama_author_1110000_s42_l0,10.230209281164695
3. Electrophysiological Substrate & Conduction Block,"SHORT-AF (JACC EP 2023), Clinical Electrophysiology",Assessment of intraventricular conduction delay & exit/entrance conduction substrate,Continuous QRS Duration Measurement Error,QRS_Duration_SemiSeg,mae,MAE (ms),spatial_1lead_b1_panorama_1110000_s42_l0,10.111919927206552
3. Electrophysiological Substrate & Conduction Block,"SHORT-AF (JACC EP 2023), Clinical Electrophysiology",Assessment of intraventricular conduction delay & exit/entrance conduction substrate,Continuous QRS Duration Measurement Error,QRS_Duration_SemiSeg,mae,MAE (ms),spatial_1lead_cm1_capacity_matched_1110000_s42_l0,10.174704276615104
3. Electrophysiological Substrate & Conduction Block,"SHORT-AF (JACC EP 2023), Clinical Electrophysiology",Assessment of intraventricular conduction delay & exit/entrance conduction substrate,Continuous QRS Duration Measurement Error,QRS_Duration_SemiSeg,mae,MAE (ms),spatial_1lead_pg1_permuted_geometry_1110000_s42_l0,10.192902638762511
3. Electrophysiological Substrate & Conduction Block,"SHORT-AF (JACC EP 2023), Clinical Electrophysiology",Assessment of intraventricular conduction delay & exit/entrance conduction substrate,Continuous QRS Duration Measurement Error,QRS_Duration_SemiSeg,mae,MAE (ms),spatial_1lead_t000_exact_theta_1110000_s42_l0,10.252047315741583
3. Electrophysiological Substrate & Conduction Block,"SHORT-AF (JACC EP 2023), Clinical Electrophysiology",Assessment of intraventricular conduction delay & exit/entrance conduction substrate,Continuous QRS Duration Measurement Error,QRS_Duration_SemiSeg,mae,MAE (ms),spatial_1lead_c1_panorama_hybrid_1110000_s42_l0,10.224749772520473
3. Electrophysiological Substrate & Conduction Block,"SHORT-AF (JACC EP 2023), Clinical Electrophysiology",Assessment of intraventricular conduction delay & exit/entrance conduction substrate,Continuous QRS Duration Measurement Error,QRS_Duration_SemiSeg,mae,MAE (ms),spatial_1lead_d1_panorama_relative_1110000_s42_l0,10.093721565059145
3. Electrophysiological Substrate & Conduction Block,"SHORT-AF (JACC EP 2023), Clinical Electrophysiology",Assessment of intraventricular conduction delay & exit/entrance conduction substrate,Continuous QRS Duration Measurement Error,QRS_Duration_SemiSeg,mae,MAE (ms),spatial_1lead_e1_panorama_film_1010010_s42_l0,9.984531392174704
3. Electrophysiological Substrate & Conduction Block,"SHORT-AF (JACC EP 2023), Clinical Electrophysiology",Assessment of intraventricular conduction delay & exit/entrance conduction substrate,Continuous QRS Duration Measurement Error,QRS_Duration_SemiSeg,mae,MAE (ms),spatial_1lead_pa1_panorama_author_1010010_s42_l0,9.731574158325751
3. Electrophysiological Substrate & Conduction Block,"SHORT-AF (JACC EP 2023), Clinical Electrophysiology",Assessment of intraventricular conduction delay & exit/entrance conduction substrate,Continuous QRS Duration Measurement Error,QRS_Duration_SemiSeg,mae,MAE (ms),spatial_1lead_t000_exact_theta_1010010_s42_l0,9.880800727934487
3. Electrophysiological Substrate & Conduction Block,"SHORT-AF (JACC EP 2023), Clinical Electrophysiology",Assessment of intraventricular conduction delay & exit/entrance conduction substrate,Continuous QRS Duration Measurement Error,QRS_Duration_SemiSeg,mae,MAE (ms),spatial_1lead_a0_1010010_s42_l0,9.83894449499545
3. Electrophysiological Substrate & Conduction Block,"SHORT-AF (JACC EP 2023), Clinical Electrophysiology",Assessment of intraventricular conduction delay & exit/entrance conduction substrate,Continuous QRS Duration Measurement Error,QRS_Duration_SemiSeg,mae,MAE (ms),spatial_1lead_cm1_capacity_matched_1010010_s42_l0,9.752502274795269
3. Electrophysiological Substrate & Conduction Block,"SHORT-AF (JACC EP 2023), Clinical Electrophysiology",Assessment of intraventricular conduction delay & exit/entrance conduction substrate,Continuous QRS Duration Measurement Error,QRS_Duration_SemiSeg,mae,MAE (ms),spatial_1lead_d1_panorama_relative_1010010_s42_l0,9.879890809827115
3. Electrophysiological Substrate & Conduction Block,"SHORT-AF (JACC EP 2023), Clinical Electrophysiology",Assessment of intraventricular conduction delay & exit/entrance conduction substrate,Continuous QRS Duration Measurement Error,QRS_Duration_SemiSeg,mae,MAE (ms),spatial_1lead_b1_panorama_1010010_s42_l0,9.861692447679708
3. Electrophysiological Substrate & Conduction Block,"SHORT-AF (JACC EP 2023), Clinical Electrophysiology",Assessment of intraventricular conduction delay & exit/entrance conduction substrate,Continuous QRS Duration Measurement Error,QRS_Duration_SemiSeg,mae,MAE (ms),spatial_1lead_pg1_permuted_geometry_1010010_s42_l0,10.103730664240219
3. Electrophysiological Substrate & Conduction Block,"SHORT-AF (JACC EP 2023), Clinical Electrophysiology",Assessment of intraventricular conduction delay & exit/entrance conduction substrate,Continuous QRS Duration Measurement Error,QRS_Duration_SemiSeg,mae,MAE (ms),spatial_1lead_c1_panorama_hybrid_1010010_s42_l0,9.898089171974522
3. Electrophysiological Substrate & Conduction Block,"SHORT-AF (JACC EP 2023), Clinical Electrophysiology",Assessment of intraventricular conduction delay & exit/entrance conduction substrate,Continuous QRS Duration Measurement Error,QRS_Duration_SemiSeg,mae,MAE (ms),spatial_1lead_t111_exact_theta_1010010_s42_l0,10.058234758871702
3. Electrophysiological Substrate & Conduction Block,"SHORT-AF (JACC EP 2023), Clinical Electrophysiology",Assessment of intraventricular conduction delay & exit/entrance conduction substrate,Continuous QRS Duration Measurement Error,QRS_Duration_SemiSeg,mae,MAE (ms),spatial_1lead_t111_exact_theta_1110000_s42_l0,10.788898999090081
3. Electrophysiological Substrate & Conduction Block,"SHORT-AF (JACC EP 2023), Clinical Electrophysiology",Assessment of intraventricular conduction delay & exit/entrance conduction substrate,Continuous QRS Duration Measurement Error,QRS_Duration_SemiSeg,mae,MAE (ms),spatial_1lead_e1_panorama_film_1000000_s42_l0,11.037306642402184
3. Electrophysiological Substrate & Conduction Block,"SHORT-AF (JACC EP 2023), Clinical Electrophysiology",Assessment of intraventricular conduction delay & exit/entrance conduction substrate,Continuous QRS Duration Measurement Error,QRS_Duration_SemiSeg,mae,MAE (ms),spatial_1lead_d1_panorama_relative_1000000_s42_l0,11.227479526842584
3. Electrophysiological Substrate & Conduction Block,"SHORT-AF (JACC EP 2023), Clinical Electrophysiology",Assessment of intraventricular conduction delay & exit/entrance conduction substrate,Continuous QRS Duration Measurement Error,QRS_Duration_SemiSeg,mae,MAE (ms),spatial_1lead_pg1_permuted_geometry_1000000_s42_l0,10.797998180163786
3. Electrophysiological Substrate & Conduction Block,"SHORT-AF (JACC EP 2023), Clinical Electrophysiology",Assessment of intraventricular conduction delay & exit/entrance conduction substrate,Continuous QRS Duration Measurement Error,QRS_Duration_SemiSeg,mae,MAE (ms),spatial_1lead_cm1_capacity_matched_1000000_s42_l0,11.34758871701547
3. Electrophysiological Substrate & Conduction Block,"SHORT-AF (JACC EP 2023), Clinical Electrophysiology",Assessment of intraventricular conduction delay & exit/entrance conduction substrate,Continuous QRS Duration Measurement Error,QRS_Duration_SemiSeg,mae,MAE (ms),spatial_1lead_pa1_panorama_author_1000000_s42_l0,11.210191082802547
3. Electrophysiological Substrate & Conduction Block,"SHORT-AF (JACC EP 2023), Clinical Electrophysiology",Assessment of intraventricular conduction delay & exit/entrance conduction substrate,Continuous QRS Duration Measurement Error,QRS_Duration_SemiSeg,mae,MAE (ms),spatial_1lead_c1_panorama_hybrid_1000000_s42_l0,12.470427661510463
3. Electrophysiological Substrate & Conduction Block,"SHORT-AF (JACC EP 2023), Clinical Electrophysiology",Assessment of intraventricular conduction delay & exit/entrance conduction substrate,Continuous QRS Duration Measurement Error,QRS_Duration_SemiSeg,mae,MAE (ms),spatial_1lead_b1_panorama_1000000_s42_l0,11.210191082802547
3. Electrophysiological Substrate & Conduction Block,"SHORT-AF (JACC EP 2023), Clinical Electrophysiology",Assessment of intraventricular conduction delay & exit/entrance conduction substrate,Continuous QRS Duration Measurement Error,QRS_Duration_SemiSeg,mae,MAE (ms),spatial_1lead_t111_exact_theta_1000000_s42_l0,11.829845313921748
3. Electrophysiological Substrate & Conduction Block,"SHORT-AF (JACC EP 2023), Clinical Electrophysiology",Assessment of intraventricular conduction delay & exit/entrance conduction substrate,Continuous QRS Duration Measurement Error,QRS_Duration_SemiSeg,mae,MAE (ms),spatial_1lead_t000_exact_theta_1000000_s42_l0,12.038216560509554
3. Electrophysiological Substrate & Conduction Block,"SHORT-AF (JACC EP 2023), Clinical Electrophysiology",Assessment of intraventricular conduction delay & exit/entrance conduction substrate,Continuous QRS Duration Correlation with Truth,QRS_Duration_SemiSeg,pearson_r,Pearson r,conv15e_A0_wave_noSSL_gated_add_s42_l0,0.6505066722734635
3. Electrophysiological Substrate & Conduction Block,"SHORT-AF (JACC EP 2023), Clinical Electrophysiology",Assessment of intraventricular conduction delay & exit/entrance conduction substrate,Continuous QRS Duration Correlation with Truth,QRS_Duration_SemiSeg,pearson_r,Pearson r,conv15e_A0_zscore_s42_l0,0.6453268326858478
3. Electrophysiological Substrate & Conduction Block,"SHORT-AF (JACC EP 2023), Clinical Electrophysiology",Assessment of intraventricular conduction delay & exit/entrance conduction substrate,Continuous QRS Duration Correlation with Truth,QRS_Duration_SemiSeg,pearson_r,Pearson r,conv15e_C1_E1_morlet_mag_morlet_phase_s42_l0,0.43815256578255674
3. Electrophysiological Substrate & Conduction Block,"SHORT-AF (JACC EP 2023), Clinical Electrophysiology",Assessment of intraventricular conduction delay & exit/entrance conduction substrate,Continuous QRS Duration Correlation with Truth,QRS_Duration_SemiSeg,pearson_r,Pearson r,conv15e_R5_morlet_mag_ueg_phase_wyatt_s42_l0,0.6402826036619296
3. Electrophysiological Substrate & Conduction Block,"SHORT-AF (JACC EP 2023), Clinical Electrophysiology",Assessment of intraventricular conduction delay & exit/entrance conduction substrate,Continuous QRS Duration Correlation with Truth,QRS_Duration_SemiSeg,pearson_r,Pearson r,conv15e_R7_morlet_mag_ueg_real_s42_l0,0.6460818375910481
3. Electrophysiological Substrate & Conduction Block,"SHORT-AF (JACC EP 2023), Clinical Electrophysiology",Assessment of intraventricular conduction delay & exit/entrance conduction substrate,Continuous QRS Duration Correlation with Truth,QRS_Duration_SemiSeg,pearson_r,Pearson r,conv15e_del_wave_ce_s42_l0,0.654557815927917
3. Electrophysiological Substrate & Conduction Block,"SHORT-AF (JACC EP 2023), Clinical Electrophysiology",Assessment of intraventricular conduction delay & exit/entrance conduction substrate,Continuous QRS Duration Correlation with Truth,QRS_Duration_SemiSeg,pearson_r,Pearson r,conv15e_ssl_log_magnitude_phase_sin_local_gated_add_s42_l0,0.6460077690746454
3. Electrophysiological Substrate & Conduction Block,"SHORT-AF (JACC EP 2023), Clinical Electrophysiology",Assessment of intraventricular conduction delay & exit/entrance conduction substrate,Continuous QRS Duration Correlation with Truth,QRS_Duration_SemiSeg,pearson_r,Pearson r,conv15e_ssl_log_magnitude_real_both_gated_add_s42_l0,0.6591928972677045
3. Electrophysiological Substrate & Conduction Block,"SHORT-AF (JACC EP 2023), Clinical Electrophysiology",Assessment of intraventricular conduction delay & exit/entrance conduction substrate,Continuous QRS Duration Correlation with Truth,QRS_Duration_SemiSeg,pearson_r,Pearson r,D1_theta_mul_currentloss_s42_l0,0.5623408481455225
3. Electrophysiological Substrate & Conduction Block,"SHORT-AF (JACC EP 2023), Clinical Electrophysiology",Assessment of intraventricular conduction delay & exit/entrance conduction substrate,Continuous QRS Duration Correlation with Truth,QRS_Duration_SemiSeg,pearson_r,Pearson r,D2_current_id_l1_s42_l0,0.563369123188977
3. Electrophysiological Substrate & Conduction Block,"SHORT-AF (JACC EP 2023), Clinical Electrophysiology",Assessment of intraventricular conduction delay & exit/entrance conduction substrate,Continuous QRS Duration Correlation with Truth,QRS_Duration_SemiSeg,pearson_r,Pearson r,D3_theta_mul_l1_s42_l0,0.6164701673319745
3. Electrophysiological Substrate & Conduction Block,"SHORT-AF (JACC EP 2023), Clinical Electrophysiology",Assessment of intraventricular conduction delay & exit/entrance conduction substrate,Continuous QRS Duration Correlation with Truth,QRS_Duration_SemiSeg,pearson_r,Pearson r,D4_learned12_mul_l1_s42_l0,0.5793153897483487
3. Electrophysiological Substrate & Conduction Block,"SHORT-AF (JACC EP 2023), Clinical Electrophysiology",Assessment of intraventricular conduction delay & exit/entrance conduction substrate,Continuous QRS Duration Correlation with Truth,QRS_Duration_SemiSeg,pearson_r,Pearson r,D5_permuted_theta_mul_l1_s42_l0,0.6234935473554721
3. Electrophysiological Substrate & Conduction Block,"SHORT-AF (JACC EP 2023), Clinical Electrophysiology",Assessment of intraventricular conduction delay & exit/entrance conduction substrate,Continuous QRS Duration Correlation with Truth,QRS_Duration_SemiSeg,pearson_r,Pearson r,D6_theta_add_l1_s42_l0,0.6207291979196523
3. Electrophysiological Substrate & Conduction Block,"SHORT-AF (JACC EP 2023), Clinical Electrophysiology",Assessment of intraventricular conduction delay & exit/entrance conduction substrate,Continuous QRS Duration Correlation with Truth,QRS_Duration_SemiSeg,pearson_r,Pearson r,D7_learned12_add_l1_s42_l0,0.6090091964362313
3. Electrophysiological Substrate & Conduction Block,"SHORT-AF (JACC EP 2023), Clinical Electrophysiology",Assessment of intraventricular conduction delay & exit/entrance conduction substrate,Continuous QRS Duration Correlation with Truth,QRS_Duration_SemiSeg,pearson_r,Pearson r,D8_random12_mul_l1_s42_l0,0.6123901061861279
3. Electrophysiological Substrate & Conduction Block,"SHORT-AF (JACC EP 2023), Clinical Electrophysiology",Assessment of intraventricular conduction delay & exit/entrance conduction substrate,Continuous QRS Duration Correlation with Truth,QRS_Duration_SemiSeg,pearson_r,Pearson r,factorial_ecg_aim_1100013_s42,0.4908623678363014
3. Electrophysiological Substrate & Conduction Block,"SHORT-AF (JACC EP 2023), Clinical Electrophysiology",Assessment of intraventricular conduction delay & exit/entrance conduction substrate,Continuous QRS Duration Correlation with Truth,QRS_Duration_SemiSeg,pearson_r,Pearson r,factorial_ecg_aim_1100110_s42,0.45482059440683875
3. Electrophysiological Substrate & Conduction Block,"SHORT-AF (JACC EP 2023), Clinical Electrophysiology",Assessment of intraventricular conduction delay & exit/entrance conduction substrate,Continuous QRS Duration Correlation with Truth,QRS_Duration_SemiSeg,pearson_r,Pearson r,factorial_ecg_aim_1100111_s42,0.5621849428726949
3. Electrophysiological Substrate & Conduction Block,"SHORT-AF (JACC EP 2023), Clinical Electrophysiology",Assessment of intraventricular conduction delay & exit/entrance conduction substrate,Continuous QRS Duration Correlation with Truth,QRS_Duration_SemiSeg,pearson_r,Pearson r,factorial_ecg_aim_1101113_s42,0.14024276843023156
3. Electrophysiological Substrate & Conduction Block,"SHORT-AF (JACC EP 2023), Clinical Electrophysiology",Assessment of intraventricular conduction delay & exit/entrance conduction substrate,Continuous QRS Duration Correlation with Truth,QRS_Duration_SemiSeg,pearson_r,Pearson r,spatial_1lead_a0_1110000_s42_l0,0.5894424355751913
3. Electrophysiological Substrate & Conduction Block,"SHORT-AF (JACC EP 2023), Clinical Electrophysiology",Assessment of intraventricular conduction delay & exit/entrance conduction substrate,Continuous QRS Duration Correlation with Truth,QRS_Duration_SemiSeg,pearson_r,Pearson r,spatial_1lead_e1_panorama_film_1110000_s42_l0,0.5622765230488556
3. Electrophysiological Substrate & Conduction Block,"SHORT-AF (JACC EP 2023), Clinical Electrophysiology",Assessment of intraventricular conduction delay & exit/entrance conduction substrate,Continuous QRS Duration Correlation with Truth,QRS_Duration_SemiSeg,pearson_r,Pearson r,spatial_1lead_pa1_panorama_author_1110000_s42_l0,0.5750863385074935
3. Electrophysiological Substrate & Conduction Block,"SHORT-AF (JACC EP 2023), Clinical Electrophysiology",Assessment of intraventricular conduction delay & exit/entrance conduction substrate,Continuous QRS Duration Correlation with Truth,QRS_Duration_SemiSeg,pearson_r,Pearson r,spatial_1lead_b1_panorama_1110000_s42_l0,0.5941643294894378
3. Electrophysiological Substrate & Conduction Block,"SHORT-AF (JACC EP 2023), Clinical Electrophysiology",Assessment of intraventricular conduction delay & exit/entrance conduction substrate,Continuous QRS Duration Correlation with Truth,QRS_Duration_SemiSeg,pearson_r,Pearson r,spatial_1lead_cm1_capacity_matched_1110000_s42_l0,0.5755724678189064
3. Electrophysiological Substrate & Conduction Block,"SHORT-AF (JACC EP 2023), Clinical Electrophysiology",Assessment of intraventricular conduction delay & exit/entrance conduction substrate,Continuous QRS Duration Correlation with Truth,QRS_Duration_SemiSeg,pearson_r,Pearson r,spatial_1lead_pg1_permuted_geometry_1110000_s42_l0,0.5819549787490989
3. Electrophysiological Substrate & Conduction Block,"SHORT-AF (JACC EP 2023), Clinical Electrophysiology",Assessment of intraventricular conduction delay & exit/entrance conduction substrate,Continuous QRS Duration Correlation with Truth,QRS_Duration_SemiSeg,pearson_r,Pearson r,spatial_1lead_t000_exact_theta_1110000_s42_l0,0.5699494023238264
3. Electrophysiological Substrate & Conduction Block,"SHORT-AF (JACC EP 2023), Clinical Electrophysiology",Assessment of intraventricular conduction delay & exit/entrance conduction substrate,Continuous QRS Duration Correlation with Truth,QRS_Duration_SemiSeg,pearson_r,Pearson r,spatial_1lead_c1_panorama_hybrid_1110000_s42_l0,0.5673344711851033
3. Electrophysiological Substrate & Conduction Block,"SHORT-AF (JACC EP 2023), Clinical Electrophysiology",Assessment of intraventricular conduction delay & exit/entrance conduction substrate,Continuous QRS Duration Correlation with Truth,QRS_Duration_SemiSeg,pearson_r,Pearson r,spatial_1lead_d1_panorama_relative_1110000_s42_l0,0.5763157687962955
3. Electrophysiological Substrate & Conduction Block,"SHORT-AF (JACC EP 2023), Clinical Electrophysiology",Assessment of intraventricular conduction delay & exit/entrance conduction substrate,Continuous QRS Duration Correlation with Truth,QRS_Duration_SemiSeg,pearson_r,Pearson r,spatial_1lead_e1_panorama_film_1010010_s42_l0,0.577541855350079
3. Electrophysiological Substrate & Conduction Block,"SHORT-AF (JACC EP 2023), Clinical Electrophysiology",Assessment of intraventricular conduction delay & exit/entrance conduction substrate,Continuous QRS Duration Correlation with Truth,QRS_Duration_SemiSeg,pearson_r,Pearson r,spatial_1lead_pa1_panorama_author_1010010_s42_l0,0.589244804487086
3. Electrophysiological Substrate & Conduction Block,"SHORT-AF (JACC EP 2023), Clinical Electrophysiology",Assessment of intraventricular conduction delay & exit/entrance conduction substrate,Continuous QRS Duration Correlation with Truth,QRS_Duration_SemiSeg,pearson_r,Pearson r,spatial_1lead_t000_exact_theta_1010010_s42_l0,0.5875771945623853
3. Electrophysiological Substrate & Conduction Block,"SHORT-AF (JACC EP 2023), Clinical Electrophysiology",Assessment of intraventricular conduction delay & exit/entrance conduction substrate,Continuous QRS Duration Correlation with Truth,QRS_Duration_SemiSeg,pearson_r,Pearson r,spatial_1lead_a0_1010010_s42_l0,0.5825006844852348
3. Electrophysiological Substrate & Conduction Block,"SHORT-AF (JACC EP 2023), Clinical Electrophysiology",Assessment of intraventricular conduction delay & exit/entrance conduction substrate,Continuous QRS Duration Correlation with Truth,QRS_Duration_SemiSeg,pearson_r,Pearson r,spatial_1lead_cm1_capacity_matched_1010010_s42_l0,0.6062029522090094
3. Electrophysiological Substrate & Conduction Block,"SHORT-AF (JACC EP 2023), Clinical Electrophysiology",Assessment of intraventricular conduction delay & exit/entrance conduction substrate,Continuous QRS Duration Correlation with Truth,QRS_Duration_SemiSeg,pearson_r,Pearson r,spatial_1lead_d1_panorama_relative_1010010_s42_l0,0.5642390406226402
3. Electrophysiological Substrate & Conduction Block,"SHORT-AF (JACC EP 2023), Clinical Electrophysiology",Assessment of intraventricular conduction delay & exit/entrance conduction substrate,Continuous QRS Duration Correlation with Truth,QRS_Duration_SemiSeg,pearson_r,Pearson r,spatial_1lead_b1_panorama_1010010_s42_l0,0.5778683773940476
3. Electrophysiological Substrate & Conduction Block,"SHORT-AF (JACC EP 2023), Clinical Electrophysiology",Assessment of intraventricular conduction delay & exit/entrance conduction substrate,Continuous QRS Duration Correlation with Truth,QRS_Duration_SemiSeg,pearson_r,Pearson r,spatial_1lead_pg1_permuted_geometry_1010010_s42_l0,0.5516183240827935
3. Electrophysiological Substrate & Conduction Block,"SHORT-AF (JACC EP 2023), Clinical Electrophysiology",Assessment of intraventricular conduction delay & exit/entrance conduction substrate,Continuous QRS Duration Correlation with Truth,QRS_Duration_SemiSeg,pearson_r,Pearson r,spatial_1lead_c1_panorama_hybrid_1010010_s42_l0,0.5714752178378937
3. Electrophysiological Substrate & Conduction Block,"SHORT-AF (JACC EP 2023), Clinical Electrophysiology",Assessment of intraventricular conduction delay & exit/entrance conduction substrate,Continuous QRS Duration Correlation with Truth,QRS_Duration_SemiSeg,pearson_r,Pearson r,spatial_1lead_t111_exact_theta_1010010_s42_l0,0.5752478235503065
3. Electrophysiological Substrate & Conduction Block,"SHORT-AF (JACC EP 2023), Clinical Electrophysiology",Assessment of intraventricular conduction delay & exit/entrance conduction substrate,Continuous QRS Duration Correlation with Truth,QRS_Duration_SemiSeg,pearson_r,Pearson r,spatial_1lead_t111_exact_theta_1110000_s42_l0,0.5238152278829703
3. Electrophysiological Substrate & Conduction Block,"SHORT-AF (JACC EP 2023), Clinical Electrophysiology",Assessment of intraventricular conduction delay & exit/entrance conduction substrate,Continuous QRS Duration Correlation with Truth,QRS_Duration_SemiSeg,pearson_r,Pearson r,spatial_1lead_e1_panorama_film_1000000_s42_l0,0.47691881913147377
3. Electrophysiological Substrate & Conduction Block,"SHORT-AF (JACC EP 2023), Clinical Electrophysiology",Assessment of intraventricular conduction delay & exit/entrance conduction substrate,Continuous QRS Duration Correlation with Truth,QRS_Duration_SemiSeg,pearson_r,Pearson r,spatial_1lead_d1_panorama_relative_1000000_s42_l0,0.4805392731337477
3. Electrophysiological Substrate & Conduction Block,"SHORT-AF (JACC EP 2023), Clinical Electrophysiology",Assessment of intraventricular conduction delay & exit/entrance conduction substrate,Continuous QRS Duration Correlation with Truth,QRS_Duration_SemiSeg,pearson_r,Pearson r,spatial_1lead_pg1_permuted_geometry_1000000_s42_l0,0.4615381820232065
3. Electrophysiological Substrate & Conduction Block,"SHORT-AF (JACC EP 2023), Clinical Electrophysiology",Assessment of intraventricular conduction delay & exit/entrance conduction substrate,Continuous QRS Duration Correlation with Truth,QRS_Duration_SemiSeg,pearson_r,Pearson r,spatial_1lead_cm1_capacity_matched_1000000_s42_l0,0.4287624883895331
3. Electrophysiological Substrate & Conduction Block,"SHORT-AF (JACC EP 2023), Clinical Electrophysiology",Assessment of intraventricular conduction delay & exit/entrance conduction substrate,Continuous QRS Duration Correlation with Truth,QRS_Duration_SemiSeg,pearson_r,Pearson r,spatial_1lead_pa1_panorama_author_1000000_s42_l0,0.48183945254139005
3. Electrophysiological Substrate & Conduction Block,"SHORT-AF (JACC EP 2023), Clinical Electrophysiology",Assessment of intraventricular conduction delay & exit/entrance conduction substrate,Continuous QRS Duration Correlation with Truth,QRS_Duration_SemiSeg,pearson_r,Pearson r,spatial_1lead_c1_panorama_hybrid_1000000_s42_l0,0.4439314106253235
3. Electrophysiological Substrate & Conduction Block,"SHORT-AF (JACC EP 2023), Clinical Electrophysiology",Assessment of intraventricular conduction delay & exit/entrance conduction substrate,Continuous QRS Duration Correlation with Truth,QRS_Duration_SemiSeg,pearson_r,Pearson r,spatial_1lead_b1_panorama_1000000_s42_l0,0.49628392946851413
3. Electrophysiological Substrate & Conduction Block,"SHORT-AF (JACC EP 2023), Clinical Electrophysiology",Assessment of intraventricular conduction delay & exit/entrance conduction substrate,Continuous QRS Duration Correlation with Truth,QRS_Duration_SemiSeg,pearson_r,Pearson r,spatial_1lead_t111_exact_theta_1000000_s42_l0,0.4329419851148431
3. Electrophysiological Substrate & Conduction Block,"SHORT-AF (JACC EP 2023), Clinical Electrophysiology",Assessment of intraventricular conduction delay & exit/entrance conduction substrate,Continuous QRS Duration Correlation with Truth,QRS_Duration_SemiSeg,pearson_r,Pearson r,spatial_1lead_t000_exact_theta_1000000_s42_l0,0.43109673139777555
3. Electrophysiological Substrate & Conduction Block,"SHORT-AF (JACC EP 2023), Clinical Electrophysiology",Assessment of intraventricular conduction delay & exit/entrance conduction substrate,Continuous QRS Duration Systematic Bias,QRS_Duration_SemiSeg,bland_bias,Bias (ms),conv15e_A0_wave_noSSL_gated_add_s42_l0,-1.2083712465878071
3. Electrophysiological Substrate & Conduction Block,"SHORT-AF (JACC EP 2023), Clinical Electrophysiology",Assessment of intraventricular conduction delay & exit/entrance conduction substrate,Continuous QRS Duration Systematic Bias,QRS_Duration_SemiSeg,bland_bias,Bias (ms),conv15e_A0_zscore_s42_l0,-1.521383075523203
3. Electrophysiological Substrate & Conduction Block,"SHORT-AF (JACC EP 2023), Clinical Electrophysiology",Assessment of intraventricular conduction delay & exit/entrance conduction substrate,Continuous QRS Duration Systematic Bias,QRS_Duration_SemiSeg,bland_bias,Bias (ms),conv15e_C1_E1_morlet_mag_morlet_phase_s42_l0,-2.535031847133758
3. Electrophysiological Substrate & Conduction Block,"SHORT-AF (JACC EP 2023), Clinical Electrophysiology",Assessment of intraventricular conduction delay & exit/entrance conduction substrate,Continuous QRS Duration Systematic Bias,QRS_Duration_SemiSeg,bland_bias,Bias (ms),conv15e_R5_morlet_mag_ueg_phase_wyatt_s42_l0,-1.7024567788898999
3. Electrophysiological Substrate & Conduction Block,"SHORT-AF (JACC EP 2023), Clinical Electrophysiology",Assessment of intraventricular conduction delay & exit/entrance conduction substrate,Continuous QRS Duration Systematic Bias,QRS_Duration_SemiSeg,bland_bias,Bias (ms),conv15e_R7_morlet_mag_ueg_real_s42_l0,-1.710646041856233
3. Electrophysiological Substrate & Conduction Block,"SHORT-AF (JACC EP 2023), Clinical Electrophysiology",Assessment of intraventricular conduction delay & exit/entrance conduction substrate,Continuous QRS Duration Systematic Bias,QRS_Duration_SemiSeg,bland_bias,Bias (ms),conv15e_del_wave_ce_s42_l0,-1.0609645131938126
3. Electrophysiological Substrate & Conduction Block,"SHORT-AF (JACC EP 2023), Clinical Electrophysiology",Assessment of intraventricular conduction delay & exit/entrance conduction substrate,Continuous QRS Duration Systematic Bias,QRS_Duration_SemiSeg,bland_bias,Bias (ms),conv15e_ssl_log_magnitude_phase_sin_local_gated_add_s42_l0,-1.3166515013648772
3. Electrophysiological Substrate & Conduction Block,"SHORT-AF (JACC EP 2023), Clinical Electrophysiology",Assessment of intraventricular conduction delay & exit/entrance conduction substrate,Continuous QRS Duration Systematic Bias,QRS_Duration_SemiSeg,bland_bias,Bias (ms),conv15e_ssl_log_magnitude_real_both_gated_add_s42_l0,-1.72975432211101
3. Electrophysiological Substrate & Conduction Block,"SHORT-AF (JACC EP 2023), Clinical Electrophysiology",Assessment of intraventricular conduction delay & exit/entrance conduction substrate,Continuous QRS Duration Systematic Bias,QRS_Duration_SemiSeg,bland_bias,Bias (ms),D1_theta_mul_currentloss_s42_l0,-0.2502274795268426
3. Electrophysiological Substrate & Conduction Block,"SHORT-AF (JACC EP 2023), Clinical Electrophysiology",Assessment of intraventricular conduction delay & exit/entrance conduction substrate,Continuous QRS Duration Systematic Bias,QRS_Duration_SemiSeg,bland_bias,Bias (ms),D2_current_id_l1_s42_l0,-0.45040946314831665
3. Electrophysiological Substrate & Conduction Block,"SHORT-AF (JACC EP 2023), Clinical Electrophysiology",Assessment of intraventricular conduction delay & exit/entrance conduction substrate,Continuous QRS Duration Systematic Bias,QRS_Duration_SemiSeg,bland_bias,Bias (ms),D3_theta_mul_l1_s42_l0,-0.2283894449499545
3. Electrophysiological Substrate & Conduction Block,"SHORT-AF (JACC EP 2023), Clinical Electrophysiology",Assessment of intraventricular conduction delay & exit/entrance conduction substrate,Continuous QRS Duration Systematic Bias,QRS_Duration_SemiSeg,bland_bias,Bias (ms),D4_learned12_mul_l1_s42_l0,0.8735213830755232
3. Electrophysiological Substrate & Conduction Block,"SHORT-AF (JACC EP 2023), Clinical Electrophysiology",Assessment of intraventricular conduction delay & exit/entrance conduction substrate,Continuous QRS Duration Systematic Bias,QRS_Duration_SemiSeg,bland_bias,Bias (ms),D5_permuted_theta_mul_l1_s42_l0,0.9335759781619655
3. Electrophysiological Substrate & Conduction Block,"SHORT-AF (JACC EP 2023), Clinical Electrophysiology",Assessment of intraventricular conduction delay & exit/entrance conduction substrate,Continuous QRS Duration Systematic Bias,QRS_Duration_SemiSeg,bland_bias,Bias (ms),D6_theta_add_l1_s42_l0,0.83803457688808
3. Electrophysiological Substrate & Conduction Block,"SHORT-AF (JACC EP 2023), Clinical Electrophysiology",Assessment of intraventricular conduction delay & exit/entrance conduction substrate,Continuous QRS Duration Systematic Bias,QRS_Duration_SemiSeg,bland_bias,Bias (ms),D7_learned12_add_l1_s42_l0,1.6715195632393085
3. Electrophysiological Substrate & Conduction Block,"SHORT-AF (JACC EP 2023), Clinical Electrophysiology",Assessment of intraventricular conduction delay & exit/entrance conduction substrate,Continuous QRS Duration Systematic Bias,QRS_Duration_SemiSeg,bland_bias,Bias (ms),D8_random12_mul_l1_s42_l0,-0.1665150136487716
3. Electrophysiological Substrate & Conduction Block,"SHORT-AF (JACC EP 2023), Clinical Electrophysiology",Assessment of intraventricular conduction delay & exit/entrance conduction substrate,Continuous QRS Duration Systematic Bias,QRS_Duration_SemiSeg,bland_bias,Bias (ms),factorial_ecg_aim_1100013_s42,-6.134667879890809
3. Electrophysiological Substrate & Conduction Block,"SHORT-AF (JACC EP 2023), Clinical Electrophysiology",Assessment of intraventricular conduction delay & exit/entrance conduction substrate,Continuous QRS Duration Systematic Bias,QRS_Duration_SemiSeg,bland_bias,Bias (ms),factorial_ecg_aim_1100110_s42,-1.4476797088262057
3. Electrophysiological Substrate & Conduction Block,"SHORT-AF (JACC EP 2023), Clinical Electrophysiology",Assessment of intraventricular conduction delay & exit/entrance conduction substrate,Continuous QRS Duration Systematic Bias,QRS_Duration_SemiSeg,bland_bias,Bias (ms),factorial_ecg_aim_1100111_s42,-2.5577797998180163
3. Electrophysiological Substrate & Conduction Block,"SHORT-AF (JACC EP 2023), Clinical Electrophysiology",Assessment of intraventricular conduction delay & exit/entrance conduction substrate,Continuous QRS Duration Systematic Bias,QRS_Duration_SemiSeg,bland_bias,Bias (ms),factorial_ecg_aim_1101113_s42,-2.453881278538813
3. Electrophysiological Substrate & Conduction Block,"SHORT-AF (JACC EP 2023), Clinical Electrophysiology",Assessment of intraventricular conduction delay & exit/entrance conduction substrate,Continuous QRS Duration Systematic Bias,QRS_Duration_SemiSeg,bland_bias,Bias (ms),spatial_1lead_a0_1110000_s42_l0,-3.2320291173794358
3. Electrophysiological Substrate & Conduction Block,"SHORT-AF (JACC EP 2023), Clinical Electrophysiology",Assessment of intraventricular conduction delay & exit/entrance conduction substrate,Continuous QRS Duration Systematic Bias,QRS_Duration_SemiSeg,bland_bias,Bias (ms),spatial_1lead_e1_panorama_film_1110000_s42_l0,-3.1665150136487714
3. Electrophysiological Substrate & Conduction Block,"SHORT-AF (JACC EP 2023), Clinical Electrophysiology",Assessment of intraventricular conduction delay & exit/entrance conduction substrate,Continuous QRS Duration Systematic Bias,QRS_Duration_SemiSeg,bland_bias,Bias (ms),spatial_1lead_pa1_panorama_author_1110000_s42_l0,-2.510464058234759
3. Electrophysiological Substrate & Conduction Block,"SHORT-AF (JACC EP 2023), Clinical Electrophysiology",Assessment of intraventricular conduction delay & exit/entrance conduction substrate,Continuous QRS Duration Systematic Bias,QRS_Duration_SemiSeg,bland_bias,Bias (ms),spatial_1lead_b1_panorama_1110000_s42_l0,-2.721565059144677
3. Electrophysiological Substrate & Conduction Block,"SHORT-AF (JACC EP 2023), Clinical Electrophysiology",Assessment of intraventricular conduction delay & exit/entrance conduction substrate,Continuous QRS Duration Systematic Bias,QRS_Duration_SemiSeg,bland_bias,Bias (ms),spatial_1lead_cm1_capacity_matched_1110000_s42_l0,-2.5605095541401273
3. Electrophysiological Substrate & Conduction Block,"SHORT-AF (JACC EP 2023), Clinical Electrophysiology",Assessment of intraventricular conduction delay & exit/entrance conduction substrate,Continuous QRS Duration Systematic Bias,QRS_Duration_SemiSeg,bland_bias,Bias (ms),spatial_1lead_pg1_permuted_geometry_1110000_s42_l0,-3.1992720655141036
3. Electrophysiological Substrate & Conduction Block,"SHORT-AF (JACC EP 2023), Clinical Electrophysiology",Assessment of intraventricular conduction delay & exit/entrance conduction substrate,Continuous QRS Duration Systematic Bias,QRS_Duration_SemiSeg,bland_bias,Bias (ms),spatial_1lead_t000_exact_theta_1110000_s42_l0,-2.910828025477707
3. Electrophysiological Substrate & Conduction Block,"SHORT-AF (JACC EP 2023), Clinical Electrophysiology",Assessment of intraventricular conduction delay & exit/entrance conduction substrate,Continuous QRS Duration Systematic Bias,QRS_Duration_SemiSeg,bland_bias,Bias (ms),spatial_1lead_c1_panorama_hybrid_1110000_s42_l0,-2.281164695177434
3. Electrophysiological Substrate & Conduction Block,"SHORT-AF (JACC EP 2023), Clinical Electrophysiology",Assessment of intraventricular conduction delay & exit/entrance conduction substrate,Continuous QRS Duration Systematic Bias,QRS_Duration_SemiSeg,bland_bias,Bias (ms),spatial_1lead_d1_panorama_relative_1110000_s42_l0,-2.0336669699727024
3. Electrophysiological Substrate & Conduction Block,"SHORT-AF (JACC EP 2023), Clinical Electrophysiology",Assessment of intraventricular conduction delay & exit/entrance conduction substrate,Continuous QRS Duration Systematic Bias,QRS_Duration_SemiSeg,bland_bias,Bias (ms),spatial_1lead_e1_panorama_film_1010010_s42_l0,-2.4194722474977253
3. Electrophysiological Substrate & Conduction Block,"SHORT-AF (JACC EP 2023), Clinical Electrophysiology",Assessment of intraventricular conduction delay & exit/entrance conduction substrate,Continuous QRS Duration Systematic Bias,QRS_Duration_SemiSeg,bland_bias,Bias (ms),spatial_1lead_pa1_panorama_author_1010010_s42_l0,-0.7961783439490446
3. Electrophysiological Substrate & Conduction Block,"SHORT-AF (JACC EP 2023), Clinical Electrophysiology",Assessment of intraventricular conduction delay & exit/entrance conduction substrate,Continuous QRS Duration Systematic Bias,QRS_Duration_SemiSeg,bland_bias,Bias (ms),spatial_1lead_t000_exact_theta_1010010_s42_l0,-2.3848953594176523
3. Electrophysiological Substrate & Conduction Block,"SHORT-AF (JACC EP 2023), Clinical Electrophysiology",Assessment of intraventricular conduction delay & exit/entrance conduction substrate,Continuous QRS Duration Systematic Bias,QRS_Duration_SemiSeg,bland_bias,Bias (ms),spatial_1lead_a0_1010010_s42_l0,-2.1974522292993632
3. Electrophysiological Substrate & Conduction Block,"SHORT-AF (JACC EP 2023), Clinical Electrophysiology",Assessment of intraventricular conduction delay & exit/entrance conduction substrate,Continuous QRS Duration Systematic Bias,QRS_Duration_SemiSeg,bland_bias,Bias (ms),spatial_1lead_cm1_capacity_matched_1010010_s42_l0,-1.1628753412192903
3. Electrophysiological Substrate & Conduction Block,"SHORT-AF (JACC EP 2023), Clinical Electrophysiology",Assessment of intraventricular conduction delay & exit/entrance conduction substrate,Continuous QRS Duration Systematic Bias,QRS_Duration_SemiSeg,bland_bias,Bias (ms),spatial_1lead_d1_panorama_relative_1010010_s42_l0,-2.138307552320291
3. Electrophysiological Substrate & Conduction Block,"SHORT-AF (JACC EP 2023), Clinical Electrophysiology",Assessment of intraventricular conduction delay & exit/entrance conduction substrate,Continuous QRS Duration Systematic Bias,QRS_Duration_SemiSeg,bland_bias,Bias (ms),spatial_1lead_b1_panorama_1010010_s42_l0,-1.2265696087352138
3. Electrophysiological Substrate & Conduction Block,"SHORT-AF (JACC EP 2023), Clinical Electrophysiology",Assessment of intraventricular conduction delay & exit/entrance conduction substrate,Continuous QRS Duration Systematic Bias,QRS_Duration_SemiSeg,bland_bias,Bias (ms),spatial_1lead_pg1_permuted_geometry_1010010_s42_l0,-2.300272975432211
3. Electrophysiological Substrate & Conduction Block,"SHORT-AF (JACC EP 2023), Clinical Electrophysiology",Assessment of intraventricular conduction delay & exit/entrance conduction substrate,Continuous QRS Duration Systematic Bias,QRS_Duration_SemiSeg,bland_bias,Bias (ms),spatial_1lead_c1_panorama_hybrid_1010010_s42_l0,-2.4258416742493174
3. Electrophysiological Substrate & Conduction Block,"SHORT-AF (JACC EP 2023), Clinical Electrophysiology",Assessment of intraventricular conduction delay & exit/entrance conduction substrate,Continuous QRS Duration Systematic Bias,QRS_Duration_SemiSeg,bland_bias,Bias (ms),spatial_1lead_t111_exact_theta_1010010_s42_l0,-2.200181983621474
3. Electrophysiological Substrate & Conduction Block,"SHORT-AF (JACC EP 2023), Clinical Electrophysiology",Assessment of intraventricular conduction delay & exit/entrance conduction substrate,Continuous QRS Duration Systematic Bias,QRS_Duration_SemiSeg,bland_bias,Bias (ms),spatial_1lead_t111_exact_theta_1110000_s42_l0,0.2411282984531392
3. Electrophysiological Substrate & Conduction Block,"SHORT-AF (JACC EP 2023), Clinical Electrophysiology",Assessment of intraventricular conduction delay & exit/entrance conduction substrate,Continuous QRS Duration Systematic Bias,QRS_Duration_SemiSeg,bland_bias,Bias (ms),spatial_1lead_e1_panorama_film_1000000_s42_l0,0.10555050045495905
3. Electrophysiological Substrate & Conduction Block,"SHORT-AF (JACC EP 2023), Clinical Electrophysiology",Assessment of intraventricular conduction delay & exit/entrance conduction substrate,Continuous QRS Duration Systematic Bias,QRS_Duration_SemiSeg,bland_bias,Bias (ms),spatial_1lead_d1_panorama_relative_1000000_s42_l0,-0.8853503184713376
3. Electrophysiological Substrate & Conduction Block,"SHORT-AF (JACC EP 2023), Clinical Electrophysiology",Assessment of intraventricular conduction delay & exit/entrance conduction substrate,Continuous QRS Duration Systematic Bias,QRS_Duration_SemiSeg,bland_bias,Bias (ms),spatial_1lead_pg1_permuted_geometry_1000000_s42_l0,-1.9153776160145586
3. Electrophysiological Substrate & Conduction Block,"SHORT-AF (JACC EP 2023), Clinical Electrophysiology",Assessment of intraventricular conduction delay & exit/entrance conduction substrate,Continuous QRS Duration Systematic Bias,QRS_Duration_SemiSeg,bland_bias,Bias (ms),spatial_1lead_cm1_capacity_matched_1000000_s42_l0,1.1656050955414012
3. Electrophysiological Substrate & Conduction Block,"SHORT-AF (JACC EP 2023), Clinical Electrophysiology",Assessment of intraventricular conduction delay & exit/entrance conduction substrate,Continuous QRS Duration Systematic Bias,QRS_Duration_SemiSeg,bland_bias,Bias (ms),spatial_1lead_pa1_panorama_author_1000000_s42_l0,-2.4604185623293904
3. Electrophysiological Substrate & Conduction Block,"SHORT-AF (JACC EP 2023), Clinical Electrophysiology",Assessment of intraventricular conduction delay & exit/entrance conduction substrate,Continuous QRS Duration Systematic Bias,QRS_Duration_SemiSeg,bland_bias,Bias (ms),spatial_1lead_c1_panorama_hybrid_1000000_s42_l0,-6.1610555050045495
3. Electrophysiological Substrate & Conduction Block,"SHORT-AF (JACC EP 2023), Clinical Electrophysiology",Assessment of intraventricular conduction delay & exit/entrance conduction substrate,Continuous QRS Duration Systematic Bias,QRS_Duration_SemiSeg,bland_bias,Bias (ms),spatial_1lead_b1_panorama_1000000_s42_l0,0.8989990900818926
3. Electrophysiological Substrate & Conduction Block,"SHORT-AF (JACC EP 2023), Clinical Electrophysiology",Assessment of intraventricular conduction delay & exit/entrance conduction substrate,Continuous QRS Duration Systematic Bias,QRS_Duration_SemiSeg,bland_bias,Bias (ms),spatial_1lead_t111_exact_theta_1000000_s42_l0,-3.724294813466788
3. Electrophysiological Substrate & Conduction Block,"SHORT-AF (JACC EP 2023), Clinical Electrophysiology",Assessment of intraventricular conduction delay & exit/entrance conduction substrate,Continuous QRS Duration Systematic Bias,QRS_Duration_SemiSeg,bland_bias,Bias (ms),spatial_1lead_t000_exact_theta_1000000_s42_l0,-2.969972702456779
3. Electrophysiological Substrate & Conduction Block,"SHORT-AF (JACC EP 2023), Clinical Electrophysiology",Assessment of intraventricular conduction delay & exit/entrance conduction substrate,Severe Conduction Delay Discrimination (QRS > 120ms),Conduction_Delay_120ms_SemiSeg,auroc,AUROC,conv15e_A0_wave_noSSL_gated_add_s42_l0,0.9324650099410091
3. Electrophysiological Substrate & Conduction Block,"SHORT-AF (JACC EP 2023), Clinical Electrophysiology",Assessment of intraventricular conduction delay & exit/entrance conduction substrate,Severe Conduction Delay Discrimination (QRS > 120ms),Conduction_Delay_120ms_SemiSeg,auroc,AUROC,conv15e_A0_zscore_s42_l0,0.9178990569962102
3. Electrophysiological Substrate & Conduction Block,"SHORT-AF (JACC EP 2023), Clinical Electrophysiology",Assessment of intraventricular conduction delay & exit/entrance conduction substrate,Severe Conduction Delay Discrimination (QRS > 120ms),Conduction_Delay_120ms_SemiSeg,auroc,AUROC,conv15e_C1_E1_morlet_mag_morlet_phase_s42_l0,0.8025358580548377
3. Electrophysiological Substrate & Conduction Block,"SHORT-AF (JACC EP 2023), Clinical Electrophysiology",Assessment of intraventricular conduction delay & exit/entrance conduction substrate,Severe Conduction Delay Discrimination (QRS > 120ms),Conduction_Delay_120ms_SemiSeg,auroc,AUROC,conv15e_R5_morlet_mag_ueg_phase_wyatt_s42_l0,0.9206782814337326
3. Electrophysiological Substrate & Conduction Block,"SHORT-AF (JACC EP 2023), Clinical Electrophysiology",Assessment of intraventricular conduction delay & exit/entrance conduction substrate,Severe Conduction Delay Discrimination (QRS > 120ms),Conduction_Delay_120ms_SemiSeg,auroc,AUROC,conv15e_R7_morlet_mag_ueg_real_s42_l0,0.9295023599660663
3. Electrophysiological Substrate & Conduction Block,"SHORT-AF (JACC EP 2023), Clinical Electrophysiology",Assessment of intraventricular conduction delay & exit/entrance conduction substrate,Severe Conduction Delay Discrimination (QRS > 120ms),Conduction_Delay_120ms_SemiSeg,auroc,AUROC,conv15e_del_wave_ce_s42_l0,0.9254309681265375
3. Electrophysiological Substrate & Conduction Block,"SHORT-AF (JACC EP 2023), Clinical Electrophysiology",Assessment of intraventricular conduction delay & exit/entrance conduction substrate,Severe Conduction Delay Discrimination (QRS > 120ms),Conduction_Delay_120ms_SemiSeg,auroc,AUROC,conv15e_ssl_log_magnitude_phase_sin_local_gated_add_s42_l0,0.9229907533876405
3. Electrophysiological Substrate & Conduction Block,"SHORT-AF (JACC EP 2023), Clinical Electrophysiology",Assessment of intraventricular conduction delay & exit/entrance conduction substrate,Severe Conduction Delay Discrimination (QRS > 120ms),Conduction_Delay_120ms_SemiSeg,auroc,AUROC,conv15e_ssl_log_magnitude_real_both_gated_add_s42_l0,0.9299019656011609
3. Electrophysiological Substrate & Conduction Block,"SHORT-AF (JACC EP 2023), Clinical Electrophysiology",Assessment of intraventricular conduction delay & exit/entrance conduction substrate,Severe Conduction Delay Discrimination (QRS > 120ms),Conduction_Delay_120ms_SemiSeg,auroc,AUROC,D1_theta_mul_currentloss_s42_l0,0.8609634426353009
3. Electrophysiological Substrate & Conduction Block,"SHORT-AF (JACC EP 2023), Clinical Electrophysiology",Assessment of intraventricular conduction delay & exit/entrance conduction substrate,Severe Conduction Delay Discrimination (QRS > 120ms),Conduction_Delay_120ms_SemiSeg,auroc,AUROC,D2_current_id_l1_s42_l0,0.8564646037844619
3. Electrophysiological Substrate & Conduction Block,"SHORT-AF (JACC EP 2023), Clinical Electrophysiology",Assessment of intraventricular conduction delay & exit/entrance conduction substrate,Severe Conduction Delay Discrimination (QRS > 120ms),Conduction_Delay_120ms_SemiSeg,auroc,AUROC,D3_theta_mul_l1_s42_l0,0.9008290179200199
3. Electrophysiological Substrate & Conduction Block,"SHORT-AF (JACC EP 2023), Clinical Electrophysiology",Assessment of intraventricular conduction delay & exit/entrance conduction substrate,Severe Conduction Delay Discrimination (QRS > 120ms),Conduction_Delay_120ms_SemiSeg,auroc,AUROC,D4_learned12_mul_l1_s42_l0,0.8726830242940573
3. Electrophysiological Substrate & Conduction Block,"SHORT-AF (JACC EP 2023), Clinical Electrophysiology",Assessment of intraventricular conduction delay & exit/entrance conduction substrate,Severe Conduction Delay Discrimination (QRS > 120ms),Conduction_Delay_120ms_SemiSeg,auroc,AUROC,D5_permuted_theta_mul_l1_s42_l0,0.9071244444007718
3. Electrophysiological Substrate & Conduction Block,"SHORT-AF (JACC EP 2023), Clinical Electrophysiology",Assessment of intraventricular conduction delay & exit/entrance conduction substrate,Severe Conduction Delay Discrimination (QRS > 120ms),Conduction_Delay_120ms_SemiSeg,auroc,AUROC,D6_theta_add_l1_s42_l0,0.8962237267483565
3. Electrophysiological Substrate & Conduction Block,"SHORT-AF (JACC EP 2023), Clinical Electrophysiology",Assessment of intraventricular conduction delay & exit/entrance conduction substrate,Severe Conduction Delay Discrimination (QRS > 120ms),Conduction_Delay_120ms_SemiSeg,auroc,AUROC,D7_learned12_add_l1_s42_l0,0.8943239622536447
3. Electrophysiological Substrate & Conduction Block,"SHORT-AF (JACC EP 2023), Clinical Electrophysiology",Assessment of intraventricular conduction delay & exit/entrance conduction substrate,Severe Conduction Delay Discrimination (QRS > 120ms),Conduction_Delay_120ms_SemiSeg,auroc,AUROC,D8_random12_mul_l1_s42_l0,0.8884527073281777
3. Electrophysiological Substrate & Conduction Block,"SHORT-AF (JACC EP 2023), Clinical Electrophysiology",Assessment of intraventricular conduction delay & exit/entrance conduction substrate,Severe Conduction Delay Discrimination (QRS > 120ms),Conduction_Delay_120ms_SemiSeg,auroc,AUROC,factorial_ecg_aim_1100013_s42,0.835228184644007
3. Electrophysiological Substrate & Conduction Block,"SHORT-AF (JACC EP 2023), Clinical Electrophysiology",Assessment of intraventricular conduction delay & exit/entrance conduction substrate,Severe Conduction Delay Discrimination (QRS > 120ms),Conduction_Delay_120ms_SemiSeg,auroc,AUROC,factorial_ecg_aim_1100110_s42,0.7919790632850859
3. Electrophysiological Substrate & Conduction Block,"SHORT-AF (JACC EP 2023), Clinical Electrophysiology",Assessment of intraventricular conduction delay & exit/entrance conduction substrate,Severe Conduction Delay Discrimination (QRS > 120ms),Conduction_Delay_120ms_SemiSeg,auroc,AUROC,factorial_ecg_aim_1100111_s42,0.8885968273932939
3. Electrophysiological Substrate & Conduction Block,"SHORT-AF (JACC EP 2023), Clinical Electrophysiology",Assessment of intraventricular conduction delay & exit/entrance conduction substrate,Severe Conduction Delay Discrimination (QRS > 120ms),Conduction_Delay_120ms_SemiSeg,auroc,AUROC,factorial_ecg_aim_1101113_s42,0.6411927960040644
3. Electrophysiological Substrate & Conduction Block,"SHORT-AF (JACC EP 2023), Clinical Electrophysiology",Assessment of intraventricular conduction delay & exit/entrance conduction substrate,Severe Conduction Delay Discrimination (QRS > 120ms),Conduction_Delay_120ms_SemiSeg,auroc,AUROC,spatial_1lead_a0_1110000_s42_l0,0.8710944281217552
3. Electrophysiological Substrate & Conduction Block,"SHORT-AF (JACC EP 2023), Clinical Electrophysiology",Assessment of intraventricular conduction delay & exit/entrance conduction substrate,Severe Conduction Delay Discrimination (QRS > 120ms),Conduction_Delay_120ms_SemiSeg,auroc,AUROC,spatial_1lead_e1_panorama_film_1110000_s42_l0,0.852986069485524
3. Electrophysiological Substrate & Conduction Block,"SHORT-AF (JACC EP 2023), Clinical Electrophysiology",Assessment of intraventricular conduction delay & exit/entrance conduction substrate,Severe Conduction Delay Discrimination (QRS > 120ms),Conduction_Delay_120ms_SemiSeg,auroc,AUROC,spatial_1lead_pa1_panorama_author_1110000_s42_l0,0.852424328777174
3. Electrophysiological Substrate & Conduction Block,"SHORT-AF (JACC EP 2023), Clinical Electrophysiology",Assessment of intraventricular conduction delay & exit/entrance conduction substrate,Severe Conduction Delay Discrimination (QRS > 120ms),Conduction_Delay_120ms_SemiSeg,auroc,AUROC,spatial_1lead_b1_panorama_1110000_s42_l0,0.8836623528910813
3. Electrophysiological Substrate & Conduction Block,"SHORT-AF (JACC EP 2023), Clinical Electrophysiology",Assessment of intraventricular conduction delay & exit/entrance conduction substrate,Severe Conduction Delay Discrimination (QRS > 120ms),Conduction_Delay_120ms_SemiSeg,auroc,AUROC,spatial_1lead_cm1_capacity_matched_1110000_s42_l0,0.8461976868729549
3. Electrophysiological Substrate & Conduction Block,"SHORT-AF (JACC EP 2023), Clinical Electrophysiology",Assessment of intraventricular conduction delay & exit/entrance conduction substrate,Severe Conduction Delay Discrimination (QRS > 120ms),Conduction_Delay_120ms_SemiSeg,auroc,AUROC,spatial_1lead_pg1_permuted_geometry_1110000_s42_l0,0.8720983553935296
3. Electrophysiological Substrate & Conduction Block,"SHORT-AF (JACC EP 2023), Clinical Electrophysiology",Assessment of intraventricular conduction delay & exit/entrance conduction substrate,Severe Conduction Delay Discrimination (QRS > 120ms),Conduction_Delay_120ms_SemiSeg,auroc,AUROC,spatial_1lead_t000_exact_theta_1110000_s42_l0,0.8638392930255715
3. Electrophysiological Substrate & Conduction Block,"SHORT-AF (JACC EP 2023), Clinical Electrophysiology",Assessment of intraventricular conduction delay & exit/entrance conduction substrate,Severe Conduction Delay Discrimination (QRS > 120ms),Conduction_Delay_120ms_SemiSeg,auroc,AUROC,spatial_1lead_c1_panorama_hybrid_1110000_s42_l0,0.8636951729604555
3. Electrophysiological Substrate & Conduction Block,"SHORT-AF (JACC EP 2023), Clinical Electrophysiology",Assessment of intraventricular conduction delay & exit/entrance conduction substrate,Severe Conduction Delay Discrimination (QRS > 120ms),Conduction_Delay_120ms_SemiSeg,auroc,AUROC,spatial_1lead_d1_panorama_relative_1110000_s42_l0,0.8604311810311791
3. Electrophysiological Substrate & Conduction Block,"SHORT-AF (JACC EP 2023), Clinical Electrophysiology",Assessment of intraventricular conduction delay & exit/entrance conduction substrate,Severe Conduction Delay Discrimination (QRS > 120ms),Conduction_Delay_120ms_SemiSeg,auroc,AUROC,spatial_1lead_e1_panorama_film_1010010_s42_l0,0.8682808113959666
3. Electrophysiological Substrate & Conduction Block,"SHORT-AF (JACC EP 2023), Clinical Electrophysiology",Assessment of intraventricular conduction delay & exit/entrance conduction substrate,Severe Conduction Delay Discrimination (QRS > 120ms),Conduction_Delay_120ms_SemiSeg,auroc,AUROC,spatial_1lead_pa1_panorama_author_1010010_s42_l0,0.8940897671478312
3. Electrophysiological Substrate & Conduction Block,"SHORT-AF (JACC EP 2023), Clinical Electrophysiology",Assessment of intraventricular conduction delay & exit/entrance conduction substrate,Severe Conduction Delay Discrimination (QRS > 120ms),Conduction_Delay_120ms_SemiSeg,auroc,AUROC,spatial_1lead_t000_exact_theta_1010010_s42_l0,0.8793584036737515
3. Electrophysiological Substrate & Conduction Block,"SHORT-AF (JACC EP 2023), Clinical Electrophysiology",Assessment of intraventricular conduction delay & exit/entrance conduction substrate,Severe Conduction Delay Discrimination (QRS > 120ms),Conduction_Delay_120ms_SemiSeg,auroc,AUROC,spatial_1lead_a0_1010010_s42_l0,0.8699218148646746
3. Electrophysiological Substrate & Conduction Block,"SHORT-AF (JACC EP 2023), Clinical Electrophysiology",Assessment of intraventricular conduction delay & exit/entrance conduction substrate,Severe Conduction Delay Discrimination (QRS > 120ms),Conduction_Delay_120ms_SemiSeg,auroc,AUROC,spatial_1lead_cm1_capacity_matched_1010010_s42_l0,0.8760780344643482
3. Electrophysiological Substrate & Conduction Block,"SHORT-AF (JACC EP 2023), Clinical Electrophysiology",Assessment of intraventricular conduction delay & exit/entrance conduction substrate,Severe Conduction Delay Discrimination (QRS > 120ms),Conduction_Delay_120ms_SemiSeg,auroc,AUROC,spatial_1lead_d1_panorama_relative_1010010_s42_l0,0.84595038994304
3. Electrophysiological Substrate & Conduction Block,"SHORT-AF (JACC EP 2023), Clinical Electrophysiology",Assessment of intraventricular conduction delay & exit/entrance conduction substrate,Severe Conduction Delay Discrimination (QRS > 120ms),Conduction_Delay_120ms_SemiSeg,auroc,AUROC,spatial_1lead_b1_panorama_1010010_s42_l0,0.8765546133160388
3. Electrophysiological Substrate & Conduction Block,"SHORT-AF (JACC EP 2023), Clinical Electrophysiology",Assessment of intraventricular conduction delay & exit/entrance conduction substrate,Severe Conduction Delay Discrimination (QRS > 120ms),Conduction_Delay_120ms_SemiSeg,auroc,AUROC,spatial_1lead_pg1_permuted_geometry_1010010_s42_l0,0.8362599532919971
3. Electrophysiological Substrate & Conduction Block,"SHORT-AF (JACC EP 2023), Clinical Electrophysiology",Assessment of intraventricular conduction delay & exit/entrance conduction substrate,Severe Conduction Delay Discrimination (QRS > 120ms),Conduction_Delay_120ms_SemiSeg,auroc,AUROC,spatial_1lead_c1_panorama_hybrid_1010010_s42_l0,0.8593093373424914
3. Electrophysiological Substrate & Conduction Block,"SHORT-AF (JACC EP 2023), Clinical Electrophysiology",Assessment of intraventricular conduction delay & exit/entrance conduction substrate,Severe Conduction Delay Discrimination (QRS > 120ms),Conduction_Delay_120ms_SemiSeg,auroc,AUROC,spatial_1lead_t111_exact_theta_1010010_s42_l0,0.8619411662588723
3. Electrophysiological Substrate & Conduction Block,"SHORT-AF (JACC EP 2023), Clinical Electrophysiology",Assessment of intraventricular conduction delay & exit/entrance conduction substrate,Severe Conduction Delay Discrimination (QRS > 120ms),Conduction_Delay_120ms_SemiSeg,auroc,AUROC,spatial_1lead_t111_exact_theta_1110000_s42_l0,0.8351594000674745
3. Electrophysiological Substrate & Conduction Block,"SHORT-AF (JACC EP 2023), Clinical Electrophysiology",Assessment of intraventricular conduction delay & exit/entrance conduction substrate,Severe Conduction Delay Discrimination (QRS > 120ms),Conduction_Delay_120ms_SemiSeg,auroc,AUROC,spatial_1lead_e1_panorama_film_1000000_s42_l0,0.8345436143347057
3. Electrophysiological Substrate & Conduction Block,"SHORT-AF (JACC EP 2023), Clinical Electrophysiology",Assessment of intraventricular conduction delay & exit/entrance conduction substrate,Severe Conduction Delay Discrimination (QRS > 120ms),Conduction_Delay_120ms_SemiSeg,auroc,AUROC,spatial_1lead_d1_panorama_relative_1000000_s42_l0,0.8277978126504661
3. Electrophysiological Substrate & Conduction Block,"SHORT-AF (JACC EP 2023), Clinical Electrophysiology",Assessment of intraventricular conduction delay & exit/entrance conduction substrate,Severe Conduction Delay Discrimination (QRS > 120ms),Conduction_Delay_120ms_SemiSeg,auroc,AUROC,spatial_1lead_pg1_permuted_geometry_1000000_s42_l0,0.7828962237267484
3. Electrophysiological Substrate & Conduction Block,"SHORT-AF (JACC EP 2023), Clinical Electrophysiology",Assessment of intraventricular conduction delay & exit/entrance conduction substrate,Severe Conduction Delay Discrimination (QRS > 120ms),Conduction_Delay_120ms_SemiSeg,auroc,AUROC,spatial_1lead_cm1_capacity_matched_1000000_s42_l0,0.780618144061107
3. Electrophysiological Substrate & Conduction Block,"SHORT-AF (JACC EP 2023), Clinical Electrophysiology",Assessment of intraventricular conduction delay & exit/entrance conduction substrate,Severe Conduction Delay Discrimination (QRS > 120ms),Conduction_Delay_120ms_SemiSeg,auroc,AUROC,spatial_1lead_pa1_panorama_author_1000000_s42_l0,0.830342841982175
3. Electrophysiological Substrate & Conduction Block,"SHORT-AF (JACC EP 2023), Clinical Electrophysiology",Assessment of intraventricular conduction delay & exit/entrance conduction substrate,Severe Conduction Delay Discrimination (QRS > 120ms),Conduction_Delay_120ms_SemiSeg,auroc,AUROC,spatial_1lead_c1_panorama_hybrid_1000000_s42_l0,0.7746944818392341
3. Electrophysiological Substrate & Conduction Block,"SHORT-AF (JACC EP 2023), Clinical Electrophysiology",Assessment of intraventricular conduction delay & exit/entrance conduction substrate,Severe Conduction Delay Discrimination (QRS > 120ms),Conduction_Delay_120ms_SemiSeg,auroc,AUROC,spatial_1lead_b1_panorama_1000000_s42_l0,0.8404476238204264
3. Electrophysiological Substrate & Conduction Block,"SHORT-AF (JACC EP 2023), Clinical Electrophysiology",Assessment of intraventricular conduction delay & exit/entrance conduction substrate,Severe Conduction Delay Discrimination (QRS > 120ms),Conduction_Delay_120ms_SemiSeg,auroc,AUROC,spatial_1lead_t111_exact_theta_1000000_s42_l0,0.799623977648288
3. Electrophysiological Substrate & Conduction Block,"SHORT-AF (JACC EP 2023), Clinical Electrophysiology",Assessment of intraventricular conduction delay & exit/entrance conduction substrate,Severe Conduction Delay Discrimination (QRS > 120ms),Conduction_Delay_120ms_SemiSeg,auroc,AUROC,spatial_1lead_t000_exact_theta_1000000_s42_l0,0.7733679221489612
3. Electrophysiological Substrate & Conduction Block,"SHORT-AF (JACC EP 2023), Clinical Electrophysiology",Assessment of intraventricular conduction delay & exit/entrance conduction substrate,Severe Conduction Delay Sensitivity,Conduction_Delay_120ms_SemiSeg,sens,Sensitivity,conv15e_A0_wave_noSSL_gated_add_s42_l0,0.6375838926174496
3. Electrophysiological Substrate & Conduction Block,"SHORT-AF (JACC EP 2023), Clinical Electrophysiology",Assessment of intraventricular conduction delay & exit/entrance conduction substrate,Severe Conduction Delay Sensitivity,Conduction_Delay_120ms_SemiSeg,sens,Sensitivity,conv15e_A0_zscore_s42_l0,0.6577181208053692
3. Electrophysiological Substrate & Conduction Block,"SHORT-AF (JACC EP 2023), Clinical Electrophysiology",Assessment of intraventricular conduction delay & exit/entrance conduction substrate,Severe Conduction Delay Sensitivity,Conduction_Delay_120ms_SemiSeg,sens,Sensitivity,conv15e_C1_E1_morlet_mag_morlet_phase_s42_l0,0.3825503355704698
3. Electrophysiological Substrate & Conduction Block,"SHORT-AF (JACC EP 2023), Clinical Electrophysiology",Assessment of intraventricular conduction delay & exit/entrance conduction substrate,Severe Conduction Delay Sensitivity,Conduction_Delay_120ms_SemiSeg,sens,Sensitivity,conv15e_R5_morlet_mag_ueg_phase_wyatt_s42_l0,0.6442953020134228
3. Electrophysiological Substrate & Conduction Block,"SHORT-AF (JACC EP 2023), Clinical Electrophysiology",Assessment of intraventricular conduction delay & exit/entrance conduction substrate,Severe Conduction Delay Sensitivity,Conduction_Delay_120ms_SemiSeg,sens,Sensitivity,conv15e_R7_morlet_mag_ueg_real_s42_l0,0.6241610738255033
3. Electrophysiological Substrate & Conduction Block,"SHORT-AF (JACC EP 2023), Clinical Electrophysiology",Assessment of intraventricular conduction delay & exit/entrance conduction substrate,Severe Conduction Delay Sensitivity,Conduction_Delay_120ms_SemiSeg,sens,Sensitivity,conv15e_del_wave_ce_s42_l0,0.6577181208053692
3. Electrophysiological Substrate & Conduction Block,"SHORT-AF (JACC EP 2023), Clinical Electrophysiology",Assessment of intraventricular conduction delay & exit/entrance conduction substrate,Severe Conduction Delay Sensitivity,Conduction_Delay_120ms_SemiSeg,sens,Sensitivity,conv15e_ssl_log_magnitude_phase_sin_local_gated_add_s42_l0,0.6375838926174496
3. Electrophysiological Substrate & Conduction Block,"SHORT-AF (JACC EP 2023), Clinical Electrophysiology",Assessment of intraventricular conduction delay & exit/entrance conduction substrate,Severe Conduction Delay Sensitivity,Conduction_Delay_120ms_SemiSeg,sens,Sensitivity,conv15e_ssl_log_magnitude_real_both_gated_add_s42_l0,0.6912751677852349
3. Electrophysiological Substrate & Conduction Block,"SHORT-AF (JACC EP 2023), Clinical Electrophysiology",Assessment of intraventricular conduction delay & exit/entrance conduction substrate,Severe Conduction Delay Sensitivity,Conduction_Delay_120ms_SemiSeg,sens,Sensitivity,D1_theta_mul_currentloss_s42_l0,0.5637583892617449
3. Electrophysiological Substrate & Conduction Block,"SHORT-AF (JACC EP 2023), Clinical Electrophysiology",Assessment of intraventricular conduction delay & exit/entrance conduction substrate,Severe Conduction Delay Sensitivity,Conduction_Delay_120ms_SemiSeg,sens,Sensitivity,D2_current_id_l1_s42_l0,0.4899328859060403
3. Electrophysiological Substrate & Conduction Block,"SHORT-AF (JACC EP 2023), Clinical Electrophysiology",Assessment of intraventricular conduction delay & exit/entrance conduction substrate,Severe Conduction Delay Sensitivity,Conduction_Delay_120ms_SemiSeg,sens,Sensitivity,D3_theta_mul_l1_s42_l0,0.6510067114093959
3. Electrophysiological Substrate & Conduction Block,"SHORT-AF (JACC EP 2023), Clinical Electrophysiology",Assessment of intraventricular conduction delay & exit/entrance conduction substrate,Severe Conduction Delay Sensitivity,Conduction_Delay_120ms_SemiSeg,sens,Sensitivity,D4_learned12_mul_l1_s42_l0,0.5704697986577181
3. Electrophysiological Substrate & Conduction Block,"SHORT-AF (JACC EP 2023), Clinical Electrophysiology",Assessment of intraventricular conduction delay & exit/entrance conduction substrate,Severe Conduction Delay Sensitivity,Conduction_Delay_120ms_SemiSeg,sens,Sensitivity,D5_permuted_theta_mul_l1_s42_l0,0.6308724832214765
3. Electrophysiological Substrate & Conduction Block,"SHORT-AF (JACC EP 2023), Clinical Electrophysiology",Assessment of intraventricular conduction delay & exit/entrance conduction substrate,Severe Conduction Delay Sensitivity,Conduction_Delay_120ms_SemiSeg,sens,Sensitivity,D6_theta_add_l1_s42_l0,0.6241610738255033
3. Electrophysiological Substrate & Conduction Block,"SHORT-AF (JACC EP 2023), Clinical Electrophysiology",Assessment of intraventricular conduction delay & exit/entrance conduction substrate,Severe Conduction Delay Sensitivity,Conduction_Delay_120ms_SemiSeg,sens,Sensitivity,D7_learned12_add_l1_s42_l0,0.5973154362416108
3. Electrophysiological Substrate & Conduction Block,"SHORT-AF (JACC EP 2023), Clinical Electrophysiology",Assessment of intraventricular conduction delay & exit/entrance conduction substrate,Severe Conduction Delay Sensitivity,Conduction_Delay_120ms_SemiSeg,sens,Sensitivity,D8_random12_mul_l1_s42_l0,0.6442953020134228
3. Electrophysiological Substrate & Conduction Block,"SHORT-AF (JACC EP 2023), Clinical Electrophysiology",Assessment of intraventricular conduction delay & exit/entrance conduction substrate,Severe Conduction Delay Sensitivity,Conduction_Delay_120ms_SemiSeg,sens,Sensitivity,factorial_ecg_aim_1100013_s42,0.2214765100671141
3. Electrophysiological Substrate & Conduction Block,"SHORT-AF (JACC EP 2023), Clinical Electrophysiology",Assessment of intraventricular conduction delay & exit/entrance conduction substrate,Severe Conduction Delay Sensitivity,Conduction_Delay_120ms_SemiSeg,sens,Sensitivity,factorial_ecg_aim_1100110_s42,0.3624161073825503
3. Electrophysiological Substrate & Conduction Block,"SHORT-AF (JACC EP 2023), Clinical Electrophysiology",Assessment of intraventricular conduction delay & exit/entrance conduction substrate,Severe Conduction Delay Sensitivity,Conduction_Delay_120ms_SemiSeg,sens,Sensitivity,factorial_ecg_aim_1100111_s42,0.47651006711409394
3. Electrophysiological Substrate & Conduction Block,"SHORT-AF (JACC EP 2023), Clinical Electrophysiology",Assessment of intraventricular conduction delay & exit/entrance conduction substrate,Severe Conduction Delay Sensitivity,Conduction_Delay_120ms_SemiSeg,sens,Sensitivity,factorial_ecg_aim_1101113_s42,0.3288590604026846
3. Electrophysiological Substrate & Conduction Block,"SHORT-AF (JACC EP 2023), Clinical Electrophysiology",Assessment of intraventricular conduction delay & exit/entrance conduction substrate,Severe Conduction Delay Sensitivity,Conduction_Delay_120ms_SemiSeg,sens,Sensitivity,spatial_1lead_a0_1110000_s42_l0,0.47651006711409394
3. Electrophysiological Substrate & Conduction Block,"SHORT-AF (JACC EP 2023), Clinical Electrophysiology",Assessment of intraventricular conduction delay & exit/entrance conduction substrate,Severe Conduction Delay Sensitivity,Conduction_Delay_120ms_SemiSeg,sens,Sensitivity,spatial_1lead_e1_panorama_film_1110000_s42_l0,0.44966442953020136
3. Electrophysiological Substrate & Conduction Block,"SHORT-AF (JACC EP 2023), Clinical Electrophysiology",Assessment of intraventricular conduction delay & exit/entrance conduction substrate,Severe Conduction Delay Sensitivity,Conduction_Delay_120ms_SemiSeg,sens,Sensitivity,spatial_1lead_pa1_panorama_author_1110000_s42_l0,0.5167785234899329
3. Electrophysiological Substrate & Conduction Block,"SHORT-AF (JACC EP 2023), Clinical Electrophysiology",Assessment of intraventricular conduction delay & exit/entrance conduction substrate,Severe Conduction Delay Sensitivity,Conduction_Delay_120ms_SemiSeg,sens,Sensitivity,spatial_1lead_b1_panorama_1110000_s42_l0,0.5369127516778524
3. Electrophysiological Substrate & Conduction Block,"SHORT-AF (JACC EP 2023), Clinical Electrophysiology",Assessment of intraventricular conduction delay & exit/entrance conduction substrate,Severe Conduction Delay Sensitivity,Conduction_Delay_120ms_SemiSeg,sens,Sensitivity,spatial_1lead_cm1_capacity_matched_1110000_s42_l0,0.4966442953020134
3. Electrophysiological Substrate & Conduction Block,"SHORT-AF (JACC EP 2023), Clinical Electrophysiology",Assessment of intraventricular conduction delay & exit/entrance conduction substrate,Severe Conduction Delay Sensitivity,Conduction_Delay_120ms_SemiSeg,sens,Sensitivity,spatial_1lead_pg1_permuted_geometry_1110000_s42_l0,0.4966442953020134
3. Electrophysiological Substrate & Conduction Block,"SHORT-AF (JACC EP 2023), Clinical Electrophysiology",Assessment of intraventricular conduction delay & exit/entrance conduction substrate,Severe Conduction Delay Sensitivity,Conduction_Delay_120ms_SemiSeg,sens,Sensitivity,spatial_1lead_t000_exact_theta_1110000_s42_l0,0.4899328859060403
3. Electrophysiological Substrate & Conduction Block,"SHORT-AF (JACC EP 2023), Clinical Electrophysiology",Assessment of intraventricular conduction delay & exit/entrance conduction substrate,Severe Conduction Delay Sensitivity,Conduction_Delay_120ms_SemiSeg,sens,Sensitivity,spatial_1lead_c1_panorama_hybrid_1110000_s42_l0,0.4697986577181208
3. Electrophysiological Substrate & Conduction Block,"SHORT-AF (JACC EP 2023), Clinical Electrophysiology",Assessment of intraventricular conduction delay & exit/entrance conduction substrate,Severe Conduction Delay Sensitivity,Conduction_Delay_120ms_SemiSeg,sens,Sensitivity,spatial_1lead_d1_panorama_relative_1110000_s42_l0,0.48322147651006714
3. Electrophysiological Substrate & Conduction Block,"SHORT-AF (JACC EP 2023), Clinical Electrophysiology",Assessment of intraventricular conduction delay & exit/entrance conduction substrate,Severe Conduction Delay Sensitivity,Conduction_Delay_120ms_SemiSeg,sens,Sensitivity,spatial_1lead_e1_panorama_film_1010010_s42_l0,0.44966442953020136
3. Electrophysiological Substrate & Conduction Block,"SHORT-AF (JACC EP 2023), Clinical Electrophysiology",Assessment of intraventricular conduction delay & exit/entrance conduction substrate,Severe Conduction Delay Sensitivity,Conduction_Delay_120ms_SemiSeg,sens,Sensitivity,spatial_1lead_pa1_panorama_author_1010010_s42_l0,0.5167785234899329
3. Electrophysiological Substrate & Conduction Block,"SHORT-AF (JACC EP 2023), Clinical Electrophysiology",Assessment of intraventricular conduction delay & exit/entrance conduction substrate,Severe Conduction Delay Sensitivity,Conduction_Delay_120ms_SemiSeg,sens,Sensitivity,spatial_1lead_t000_exact_theta_1010010_s42_l0,0.4966442953020134
3. Electrophysiological Substrate & Conduction Block,"SHORT-AF (JACC EP 2023), Clinical Electrophysiology",Assessment of intraventricular conduction delay & exit/entrance conduction substrate,Severe Conduction Delay Sensitivity,Conduction_Delay_120ms_SemiSeg,sens,Sensitivity,spatial_1lead_a0_1010010_s42_l0,0.47651006711409394
3. Electrophysiological Substrate & Conduction Block,"SHORT-AF (JACC EP 2023), Clinical Electrophysiology",Assessment of intraventricular conduction delay & exit/entrance conduction substrate,Severe Conduction Delay Sensitivity,Conduction_Delay_120ms_SemiSeg,sens,Sensitivity,spatial_1lead_cm1_capacity_matched_1010010_s42_l0,0.5503355704697986
3. Electrophysiological Substrate & Conduction Block,"SHORT-AF (JACC EP 2023), Clinical Electrophysiology",Assessment of intraventricular conduction delay & exit/entrance conduction substrate,Severe Conduction Delay Sensitivity,Conduction_Delay_120ms_SemiSeg,sens,Sensitivity,spatial_1lead_d1_panorama_relative_1010010_s42_l0,0.44966442953020136
3. Electrophysiological Substrate & Conduction Block,"SHORT-AF (JACC EP 2023), Clinical Electrophysiology",Assessment of intraventricular conduction delay & exit/entrance conduction substrate,Severe Conduction Delay Sensitivity,Conduction_Delay_120ms_SemiSeg,sens,Sensitivity,spatial_1lead_b1_panorama_1010010_s42_l0,0.5033557046979866
3. Electrophysiological Substrate & Conduction Block,"SHORT-AF (JACC EP 2023), Clinical Electrophysiology",Assessment of intraventricular conduction delay & exit/entrance conduction substrate,Severe Conduction Delay Sensitivity,Conduction_Delay_120ms_SemiSeg,sens,Sensitivity,spatial_1lead_pg1_permuted_geometry_1010010_s42_l0,0.4697986577181208
3. Electrophysiological Substrate & Conduction Block,"SHORT-AF (JACC EP 2023), Clinical Electrophysiology",Assessment of intraventricular conduction delay & exit/entrance conduction substrate,Severe Conduction Delay Sensitivity,Conduction_Delay_120ms_SemiSeg,sens,Sensitivity,spatial_1lead_c1_panorama_hybrid_1010010_s42_l0,0.4899328859060403
3. Electrophysiological Substrate & Conduction Block,"SHORT-AF (JACC EP 2023), Clinical Electrophysiology",Assessment of intraventricular conduction delay & exit/entrance conduction substrate,Severe Conduction Delay Sensitivity,Conduction_Delay_120ms_SemiSeg,sens,Sensitivity,spatial_1lead_t111_exact_theta_1010010_s42_l0,0.44966442953020136
3. Electrophysiological Substrate & Conduction Block,"SHORT-AF (JACC EP 2023), Clinical Electrophysiology",Assessment of intraventricular conduction delay & exit/entrance conduction substrate,Severe Conduction Delay Sensitivity,Conduction_Delay_120ms_SemiSeg,sens,Sensitivity,spatial_1lead_t111_exact_theta_1110000_s42_l0,0.47651006711409394
3. Electrophysiological Substrate & Conduction Block,"SHORT-AF (JACC EP 2023), Clinical Electrophysiology",Assessment of intraventricular conduction delay & exit/entrance conduction substrate,Severe Conduction Delay Sensitivity,Conduction_Delay_120ms_SemiSeg,sens,Sensitivity,spatial_1lead_e1_panorama_film_1000000_s42_l0,0.37583892617449666
3. Electrophysiological Substrate & Conduction Block,"SHORT-AF (JACC EP 2023), Clinical Electrophysiology",Assessment of intraventricular conduction delay & exit/entrance conduction substrate,Severe Conduction Delay Sensitivity,Conduction_Delay_120ms_SemiSeg,sens,Sensitivity,spatial_1lead_d1_panorama_relative_1000000_s42_l0,0.4161073825503356
3. Electrophysiological Substrate & Conduction Block,"SHORT-AF (JACC EP 2023), Clinical Electrophysiology",Assessment of intraventricular conduction delay & exit/entrance conduction substrate,Severe Conduction Delay Sensitivity,Conduction_Delay_120ms_SemiSeg,sens,Sensitivity,spatial_1lead_pg1_permuted_geometry_1000000_s42_l0,0.3691275167785235
3. Electrophysiological Substrate & Conduction Block,"SHORT-AF (JACC EP 2023), Clinical Electrophysiology",Assessment of intraventricular conduction delay & exit/entrance conduction substrate,Severe Conduction Delay Sensitivity,Conduction_Delay_120ms_SemiSeg,sens,Sensitivity,spatial_1lead_cm1_capacity_matched_1000000_s42_l0,0.37583892617449666
3. Electrophysiological Substrate & Conduction Block,"SHORT-AF (JACC EP 2023), Clinical Electrophysiology",Assessment of intraventricular conduction delay & exit/entrance conduction substrate,Severe Conduction Delay Sensitivity,Conduction_Delay_120ms_SemiSeg,sens,Sensitivity,spatial_1lead_pa1_panorama_author_1000000_s42_l0,0.3691275167785235
3. Electrophysiological Substrate & Conduction Block,"SHORT-AF (JACC EP 2023), Clinical Electrophysiology",Assessment of intraventricular conduction delay & exit/entrance conduction substrate,Severe Conduction Delay Sensitivity,Conduction_Delay_120ms_SemiSeg,sens,Sensitivity,spatial_1lead_c1_panorama_hybrid_1000000_s42_l0,0.348993288590604
3. Electrophysiological Substrate & Conduction Block,"SHORT-AF (JACC EP 2023), Clinical Electrophysiology",Assessment of intraventricular conduction delay & exit/entrance conduction substrate,Severe Conduction Delay Sensitivity,Conduction_Delay_120ms_SemiSeg,sens,Sensitivity,spatial_1lead_b1_panorama_1000000_s42_l0,0.5033557046979866
3. Electrophysiological Substrate & Conduction Block,"SHORT-AF (JACC EP 2023), Clinical Electrophysiology",Assessment of intraventricular conduction delay & exit/entrance conduction substrate,Severe Conduction Delay Sensitivity,Conduction_Delay_120ms_SemiSeg,sens,Sensitivity,spatial_1lead_t111_exact_theta_1000000_s42_l0,0.3422818791946309
3. Electrophysiological Substrate & Conduction Block,"SHORT-AF (JACC EP 2023), Clinical Electrophysiology",Assessment of intraventricular conduction delay & exit/entrance conduction substrate,Severe Conduction Delay Sensitivity,Conduction_Delay_120ms_SemiSeg,sens,Sensitivity,spatial_1lead_t000_exact_theta_1000000_s42_l0,0.3624161073825503
3. Electrophysiological Substrate & Conduction Block,"SHORT-AF (JACC EP 2023), Clinical Electrophysiology",Assessment of intraventricular conduction delay & exit/entrance conduction substrate,Severe Conduction Delay Specificity,Conduction_Delay_120ms_SemiSeg,spec,Specificity,conv15e_A0_wave_noSSL_gated_add_s42_l0,0.9653489507076622
3. Electrophysiological Substrate & Conduction Block,"SHORT-AF (JACC EP 2023), Clinical Electrophysiology",Assessment of intraventricular conduction delay & exit/entrance conduction substrate,Severe Conduction Delay Specificity,Conduction_Delay_120ms_SemiSeg,spec,Specificity,conv15e_A0_zscore_s42_l0,0.9658369936554417
3. Electrophysiological Substrate & Conduction Block,"SHORT-AF (JACC EP 2023), Clinical Electrophysiology",Assessment of intraventricular conduction delay & exit/entrance conduction substrate,Severe Conduction Delay Specificity,Conduction_Delay_120ms_SemiSeg,spec,Specificity,conv15e_C1_E1_morlet_mag_morlet_phase_s42_l0,0.9853587115666179
3. Electrophysiological Substrate & Conduction Block,"SHORT-AF (JACC EP 2023), Clinical Electrophysiology",Assessment of intraventricular conduction delay & exit/entrance conduction substrate,Severe Conduction Delay Specificity,Conduction_Delay_120ms_SemiSeg,spec,Specificity,conv15e_R5_morlet_mag_ueg_phase_wyatt_s42_l0,0.969741337237677
3. Electrophysiological Substrate & Conduction Block,"SHORT-AF (JACC EP 2023), Clinical Electrophysiology",Assessment of intraventricular conduction delay & exit/entrance conduction substrate,Severe Conduction Delay Specificity,Conduction_Delay_120ms_SemiSeg,spec,Specificity,conv15e_R7_morlet_mag_ueg_real_s42_l0,0.9648609077598829
3. Electrophysiological Substrate & Conduction Block,"SHORT-AF (JACC EP 2023), Clinical Electrophysiology",Assessment of intraventricular conduction delay & exit/entrance conduction substrate,Severe Conduction Delay Specificity,Conduction_Delay_120ms_SemiSeg,spec,Specificity,conv15e_del_wave_ce_s42_l0,0.9716935090287946
3. Electrophysiological Substrate & Conduction Block,"SHORT-AF (JACC EP 2023), Clinical Electrophysiology",Assessment of intraventricular conduction delay & exit/entrance conduction substrate,Severe Conduction Delay Specificity,Conduction_Delay_120ms_SemiSeg,spec,Specificity,conv15e_ssl_log_magnitude_phase_sin_local_gated_add_s42_l0,0.9677891654465594
3. Electrophysiological Substrate & Conduction Block,"SHORT-AF (JACC EP 2023), Clinical Electrophysiology",Assessment of intraventricular conduction delay & exit/entrance conduction substrate,Severe Conduction Delay Specificity,Conduction_Delay_120ms_SemiSeg,spec,Specificity,conv15e_ssl_log_magnitude_real_both_gated_add_s42_l0,0.9673011224987799
3. Electrophysiological Substrate & Conduction Block,"SHORT-AF (JACC EP 2023), Clinical Electrophysiology",Assessment of intraventricular conduction delay & exit/entrance conduction substrate,Severe Conduction Delay Specificity,Conduction_Delay_120ms_SemiSeg,spec,Specificity,D1_theta_mul_currentloss_s42_l0,0.9663250366032211
3. Electrophysiological Substrate & Conduction Block,"SHORT-AF (JACC EP 2023), Clinical Electrophysiology",Assessment of intraventricular conduction delay & exit/entrance conduction substrate,Severe Conduction Delay Specificity,Conduction_Delay_120ms_SemiSeg,spec,Specificity,D2_current_id_l1_s42_l0,0.9760858955588092
3. Electrophysiological Substrate & Conduction Block,"SHORT-AF (JACC EP 2023), Clinical Electrophysiology",Assessment of intraventricular conduction delay & exit/entrance conduction substrate,Severe Conduction Delay Specificity,Conduction_Delay_120ms_SemiSeg,spec,Specificity,D3_theta_mul_l1_s42_l0,0.9658369936554417
3. Electrophysiological Substrate & Conduction Block,"SHORT-AF (JACC EP 2023), Clinical Electrophysiology",Assessment of intraventricular conduction delay & exit/entrance conduction substrate,Severe Conduction Delay Specificity,Conduction_Delay_120ms_SemiSeg,spec,Specificity,D4_learned12_mul_l1_s42_l0,0.9755978526110298
3. Electrophysiological Substrate & Conduction Block,"SHORT-AF (JACC EP 2023), Clinical Electrophysiology",Assessment of intraventricular conduction delay & exit/entrance conduction substrate,Severe Conduction Delay Specificity,Conduction_Delay_120ms_SemiSeg,spec,Specificity,D5_permuted_theta_mul_l1_s42_l0,0.9682772083943387
3. Electrophysiological Substrate & Conduction Block,"SHORT-AF (JACC EP 2023), Clinical Electrophysiology",Assessment of intraventricular conduction delay & exit/entrance conduction substrate,Severe Conduction Delay Specificity,Conduction_Delay_120ms_SemiSeg,spec,Specificity,D6_theta_add_l1_s42_l0,0.9682772083943387
3. Electrophysiological Substrate & Conduction Block,"SHORT-AF (JACC EP 2023), Clinical Electrophysiology",Assessment of intraventricular conduction delay & exit/entrance conduction substrate,Severe Conduction Delay Specificity,Conduction_Delay_120ms_SemiSeg,spec,Specificity,D7_learned12_add_l1_s42_l0,0.9643728648121035
3. Electrophysiological Substrate & Conduction Block,"SHORT-AF (JACC EP 2023), Clinical Electrophysiology",Assessment of intraventricular conduction delay & exit/entrance conduction substrate,Severe Conduction Delay Specificity,Conduction_Delay_120ms_SemiSeg,spec,Specificity,D8_random12_mul_l1_s42_l0,0.9643728648121035
3. Electrophysiological Substrate & Conduction Block,"SHORT-AF (JACC EP 2023), Clinical Electrophysiology",Assessment of intraventricular conduction delay & exit/entrance conduction substrate,Severe Conduction Delay Specificity,Conduction_Delay_120ms_SemiSeg,spec,Specificity,factorial_ecg_aim_1100013_s42,0.9892630551488532
3. Electrophysiological Substrate & Conduction Block,"SHORT-AF (JACC EP 2023), Clinical Electrophysiology",Assessment of intraventricular conduction delay & exit/entrance conduction substrate,Severe Conduction Delay Specificity,Conduction_Delay_120ms_SemiSeg,spec,Specificity,factorial_ecg_aim_1100110_s42,0.9799902391410444
3. Electrophysiological Substrate & Conduction Block,"SHORT-AF (JACC EP 2023), Clinical Electrophysiology",Assessment of intraventricular conduction delay & exit/entrance conduction substrate,Severe Conduction Delay Specificity,Conduction_Delay_120ms_SemiSeg,spec,Specificity,factorial_ecg_aim_1100111_s42,0.9755978526110298
3. Electrophysiological Substrate & Conduction Block,"SHORT-AF (JACC EP 2023), Clinical Electrophysiology",Assessment of intraventricular conduction delay & exit/entrance conduction substrate,Severe Conduction Delay Specificity,Conduction_Delay_120ms_SemiSeg,spec,Specificity,factorial_ecg_aim_1101113_s42,0.8495835374816266
3. Electrophysiological Substrate & Conduction Block,"SHORT-AF (JACC EP 2023), Clinical Electrophysiology",Assessment of intraventricular conduction delay & exit/entrance conduction substrate,Severe Conduction Delay Specificity,Conduction_Delay_120ms_SemiSeg,spec,Specificity,spatial_1lead_a0_1110000_s42_l0,0.9765739385065886
3. Electrophysiological Substrate & Conduction Block,"SHORT-AF (JACC EP 2023), Clinical Electrophysiology",Assessment of intraventricular conduction delay & exit/entrance conduction substrate,Severe Conduction Delay Specificity,Conduction_Delay_120ms_SemiSeg,spec,Specificity,spatial_1lead_e1_panorama_film_1110000_s42_l0,0.9799902391410444
3. Electrophysiological Substrate & Conduction Block,"SHORT-AF (JACC EP 2023), Clinical Electrophysiology",Assessment of intraventricular conduction delay & exit/entrance conduction substrate,Severe Conduction Delay Specificity,Conduction_Delay_120ms_SemiSeg,spec,Specificity,spatial_1lead_pa1_panorama_author_1110000_s42_l0,0.9799902391410444
3. Electrophysiological Substrate & Conduction Block,"SHORT-AF (JACC EP 2023), Clinical Electrophysiology",Assessment of intraventricular conduction delay & exit/entrance conduction substrate,Severe Conduction Delay Specificity,Conduction_Delay_120ms_SemiSeg,spec,Specificity,spatial_1lead_b1_panorama_1110000_s42_l0,0.9755978526110298
3. Electrophysiological Substrate & Conduction Block,"SHORT-AF (JACC EP 2023), Clinical Electrophysiology",Assessment of intraventricular conduction delay & exit/entrance conduction substrate,Severe Conduction Delay Specificity,Conduction_Delay_120ms_SemiSeg,spec,Specificity,spatial_1lead_cm1_capacity_matched_1110000_s42_l0,0.9785261102977062
3. Electrophysiological Substrate & Conduction Block,"SHORT-AF (JACC EP 2023), Clinical Electrophysiology",Assessment of intraventricular conduction delay & exit/entrance conduction substrate,Severe Conduction Delay Specificity,Conduction_Delay_120ms_SemiSeg,spec,Specificity,spatial_1lead_pg1_permuted_geometry_1110000_s42_l0,0.9799902391410444
3. Electrophysiological Substrate & Conduction Block,"SHORT-AF (JACC EP 2023), Clinical Electrophysiology",Assessment of intraventricular conduction delay & exit/entrance conduction substrate,Severe Conduction Delay Specificity,Conduction_Delay_120ms_SemiSeg,spec,Specificity,spatial_1lead_t000_exact_theta_1110000_s42_l0,0.9785261102977062
3. Electrophysiological Substrate & Conduction Block,"SHORT-AF (JACC EP 2023), Clinical Electrophysiology",Assessment of intraventricular conduction delay & exit/entrance conduction substrate,Severe Conduction Delay Specificity,Conduction_Delay_120ms_SemiSeg,spec,Specificity,spatial_1lead_c1_panorama_hybrid_1110000_s42_l0,0.9795021961932651
3. Electrophysiological Substrate & Conduction Block,"SHORT-AF (JACC EP 2023), Clinical Electrophysiology",Assessment of intraventricular conduction delay & exit/entrance conduction substrate,Severe Conduction Delay Specificity,Conduction_Delay_120ms_SemiSeg,spec,Specificity,spatial_1lead_d1_panorama_relative_1110000_s42_l0,0.9726695949243533
3. Electrophysiological Substrate & Conduction Block,"SHORT-AF (JACC EP 2023), Clinical Electrophysiology",Assessment of intraventricular conduction delay & exit/entrance conduction substrate,Severe Conduction Delay Specificity,Conduction_Delay_120ms_SemiSeg,spec,Specificity,spatial_1lead_e1_panorama_film_1010010_s42_l0,0.9799902391410444
3. Electrophysiological Substrate & Conduction Block,"SHORT-AF (JACC EP 2023), Clinical Electrophysiology",Assessment of intraventricular conduction delay & exit/entrance conduction substrate,Severe Conduction Delay Specificity,Conduction_Delay_120ms_SemiSeg,spec,Specificity,spatial_1lead_pa1_panorama_author_1010010_s42_l0,0.9765739385065886
3. Electrophysiological Substrate & Conduction Block,"SHORT-AF (JACC EP 2023), Clinical Electrophysiology",Assessment of intraventricular conduction delay & exit/entrance conduction substrate,Severe Conduction Delay Specificity,Conduction_Delay_120ms_SemiSeg,spec,Specificity,spatial_1lead_t000_exact_theta_1010010_s42_l0,0.9814543679843827
3. Electrophysiological Substrate & Conduction Block,"SHORT-AF (JACC EP 2023), Clinical Electrophysiology",Assessment of intraventricular conduction delay & exit/entrance conduction substrate,Severe Conduction Delay Specificity,Conduction_Delay_120ms_SemiSeg,spec,Specificity,spatial_1lead_a0_1010010_s42_l0,0.9795021961932651
3. Electrophysiological Substrate & Conduction Block,"SHORT-AF (JACC EP 2023), Clinical Electrophysiology",Assessment of intraventricular conduction delay & exit/entrance conduction substrate,Severe Conduction Delay Specificity,Conduction_Delay_120ms_SemiSeg,spec,Specificity,spatial_1lead_cm1_capacity_matched_1010010_s42_l0,0.9760858955588092
3. Electrophysiological Substrate & Conduction Block,"SHORT-AF (JACC EP 2023), Clinical Electrophysiology",Assessment of intraventricular conduction delay & exit/entrance conduction substrate,Severe Conduction Delay Specificity,Conduction_Delay_120ms_SemiSeg,spec,Specificity,spatial_1lead_d1_panorama_relative_1010010_s42_l0,0.9834065397755003
3. Electrophysiological Substrate & Conduction Block,"SHORT-AF (JACC EP 2023), Clinical Electrophysiology",Assessment of intraventricular conduction delay & exit/entrance conduction substrate,Severe Conduction Delay Specificity,Conduction_Delay_120ms_SemiSeg,spec,Specificity,spatial_1lead_b1_panorama_1010010_s42_l0,0.974621766715471
3. Electrophysiological Substrate & Conduction Block,"SHORT-AF (JACC EP 2023), Clinical Electrophysiology",Assessment of intraventricular conduction delay & exit/entrance conduction substrate,Severe Conduction Delay Specificity,Conduction_Delay_120ms_SemiSeg,spec,Specificity,spatial_1lead_pg1_permuted_geometry_1010010_s42_l0,0.9785261102977062
3. Electrophysiological Substrate & Conduction Block,"SHORT-AF (JACC EP 2023), Clinical Electrophysiology",Assessment of intraventricular conduction delay & exit/entrance conduction substrate,Severe Conduction Delay Specificity,Conduction_Delay_120ms_SemiSeg,spec,Specificity,spatial_1lead_c1_panorama_hybrid_1010010_s42_l0,0.9819424109321621
3. Electrophysiological Substrate & Conduction Block,"SHORT-AF (JACC EP 2023), Clinical Electrophysiology",Assessment of intraventricular conduction delay & exit/entrance conduction substrate,Severe Conduction Delay Specificity,Conduction_Delay_120ms_SemiSeg,spec,Specificity,spatial_1lead_t111_exact_theta_1010010_s42_l0,0.9755978526110298
3. Electrophysiological Substrate & Conduction Block,"SHORT-AF (JACC EP 2023), Clinical Electrophysiology",Assessment of intraventricular conduction delay & exit/entrance conduction substrate,Severe Conduction Delay Specificity,Conduction_Delay_120ms_SemiSeg,spec,Specificity,spatial_1lead_t111_exact_theta_1110000_s42_l0,0.9790141532454856
3. Electrophysiological Substrate & Conduction Block,"SHORT-AF (JACC EP 2023), Clinical Electrophysiology",Assessment of intraventricular conduction delay & exit/entrance conduction substrate,Severe Conduction Delay Specificity,Conduction_Delay_120ms_SemiSeg,spec,Specificity,spatial_1lead_e1_panorama_film_1000000_s42_l0,0.9848706686188384
3. Electrophysiological Substrate & Conduction Block,"SHORT-AF (JACC EP 2023), Clinical Electrophysiology",Assessment of intraventricular conduction delay & exit/entrance conduction substrate,Severe Conduction Delay Specificity,Conduction_Delay_120ms_SemiSeg,spec,Specificity,spatial_1lead_d1_panorama_relative_1000000_s42_l0,0.9799902391410444
3. Electrophysiological Substrate & Conduction Block,"SHORT-AF (JACC EP 2023), Clinical Electrophysiology",Assessment of intraventricular conduction delay & exit/entrance conduction substrate,Severe Conduction Delay Specificity,Conduction_Delay_120ms_SemiSeg,spec,Specificity,spatial_1lead_pg1_permuted_geometry_1000000_s42_l0,0.9887750122010737
3. Electrophysiological Substrate & Conduction Block,"SHORT-AF (JACC EP 2023), Clinical Electrophysiology",Assessment of intraventricular conduction delay & exit/entrance conduction substrate,Severe Conduction Delay Specificity,Conduction_Delay_120ms_SemiSeg,spec,Specificity,spatial_1lead_cm1_capacity_matched_1000000_s42_l0,0.977061981454368
3. Electrophysiological Substrate & Conduction Block,"SHORT-AF (JACC EP 2023), Clinical Electrophysiology",Assessment of intraventricular conduction delay & exit/entrance conduction substrate,Severe Conduction Delay Specificity,Conduction_Delay_120ms_SemiSeg,spec,Specificity,spatial_1lead_pa1_panorama_author_1000000_s42_l0,0.9873108833577355
3. Electrophysiological Substrate & Conduction Block,"SHORT-AF (JACC EP 2023), Clinical Electrophysiology",Assessment of intraventricular conduction delay & exit/entrance conduction substrate,Severe Conduction Delay Specificity,Conduction_Delay_120ms_SemiSeg,spec,Specificity,spatial_1lead_c1_panorama_hybrid_1000000_s42_l0,0.9902391410444119
3. Electrophysiological Substrate & Conduction Block,"SHORT-AF (JACC EP 2023), Clinical Electrophysiology",Assessment of intraventricular conduction delay & exit/entrance conduction substrate,Severe Conduction Delay Specificity,Conduction_Delay_120ms_SemiSeg,spec,Specificity,spatial_1lead_b1_panorama_1000000_s42_l0,0.9780380673499268
3. Electrophysiological Substrate & Conduction Block,"SHORT-AF (JACC EP 2023), Clinical Electrophysiology",Assessment of intraventricular conduction delay & exit/entrance conduction substrate,Severe Conduction Delay Specificity,Conduction_Delay_120ms_SemiSeg,spec,Specificity,spatial_1lead_t111_exact_theta_1000000_s42_l0,0.9848706686188384
3. Electrophysiological Substrate & Conduction Block,"SHORT-AF (JACC EP 2023), Clinical Electrophysiology",Assessment of intraventricular conduction delay & exit/entrance conduction substrate,Severe Conduction Delay Specificity,Conduction_Delay_120ms_SemiSeg,spec,Specificity,spatial_1lead_t000_exact_theta_1000000_s42_l0,0.9804782820888238
3. Electrophysiological Substrate & Conduction Block,"SHORT-AF (JACC EP 2023), Clinical Electrophysiology",Assessment of intraventricular conduction delay & exit/entrance conduction substrate,Bundle Branch & Fascicular Block Preservation,ECGFounder_Category_Conduction,auroc,AUROC,conv15e_A0_wave_noSSL_gated_add_s42_l0,0.8439770026398022
3. Electrophysiological Substrate & Conduction Block,"SHORT-AF (JACC EP 2023), Clinical Electrophysiology",Assessment of intraventricular conduction delay & exit/entrance conduction substrate,Bundle Branch & Fascicular Block Preservation,ECGFounder_Category_Conduction,auroc,AUROC,conv15e_A0_zscore_s42_l0,0.8382750908497311
3. Electrophysiological Substrate & Conduction Block,"SHORT-AF (JACC EP 2023), Clinical Electrophysiology",Assessment of intraventricular conduction delay & exit/entrance conduction substrate,Bundle Branch & Fascicular Block Preservation,ECGFounder_Category_Conduction,auroc,AUROC,conv15e_C1_E1_morlet_mag_morlet_phase_s42_l0,0.8160074870323427
3. Electrophysiological Substrate & Conduction Block,"SHORT-AF (JACC EP 2023), Clinical Electrophysiology",Assessment of intraventricular conduction delay & exit/entrance conduction substrate,Bundle Branch & Fascicular Block Preservation,ECGFounder_Category_Conduction,auroc,AUROC,conv15e_R5_morlet_mag_ueg_phase_wyatt_s42_l0,0.8402172428768848
3. Electrophysiological Substrate & Conduction Block,"SHORT-AF (JACC EP 2023), Clinical Electrophysiology",Assessment of intraventricular conduction delay & exit/entrance conduction substrate,Bundle Branch & Fascicular Block Preservation,ECGFounder_Category_Conduction,auroc,AUROC,conv15e_R7_morlet_mag_ueg_real_s42_l0,0.8398635200780196
3. Electrophysiological Substrate & Conduction Block,"SHORT-AF (JACC EP 2023), Clinical Electrophysiology",Assessment of intraventricular conduction delay & exit/entrance conduction substrate,Bundle Branch & Fascicular Block Preservation,ECGFounder_Category_Conduction,auroc,AUROC,conv15e_del_wave_ce_s42_l0,0.8368716953386927
3. Electrophysiological Substrate & Conduction Block,"SHORT-AF (JACC EP 2023), Clinical Electrophysiology",Assessment of intraventricular conduction delay & exit/entrance conduction substrate,Bundle Branch & Fascicular Block Preservation,ECGFounder_Category_Conduction,auroc,AUROC,conv15e_ssl_log_magnitude_phase_sin_local_gated_add_s42_l0,0.8403488346647628
3. Electrophysiological Substrate & Conduction Block,"SHORT-AF (JACC EP 2023), Clinical Electrophysiology",Assessment of intraventricular conduction delay & exit/entrance conduction substrate,Bundle Branch & Fascicular Block Preservation,ECGFounder_Category_Conduction,auroc,AUROC,conv15e_ssl_log_magnitude_real_both_gated_add_s42_l0,0.8383216949983203
3. Electrophysiological Substrate & Conduction Block,"SHORT-AF (JACC EP 2023), Clinical Electrophysiology",Assessment of intraventricular conduction delay & exit/entrance conduction substrate,Bundle Branch & Fascicular Block Preservation,ECGFounder_Category_Conduction,auroc,AUROC,D1_theta_mul_currentloss_s42_l0,0.8166712421209325
3. Electrophysiological Substrate & Conduction Block,"SHORT-AF (JACC EP 2023), Clinical Electrophysiology",Assessment of intraventricular conduction delay & exit/entrance conduction substrate,Bundle Branch & Fascicular Block Preservation,ECGFounder_Category_Conduction,auroc,AUROC,D2_current_id_l1_s42_l0,0.8305732396158212
3. Electrophysiological Substrate & Conduction Block,"SHORT-AF (JACC EP 2023), Clinical Electrophysiology",Assessment of intraventricular conduction delay & exit/entrance conduction substrate,Bundle Branch & Fascicular Block Preservation,ECGFounder_Category_Conduction,auroc,AUROC,D3_theta_mul_l1_s42_l0,0.8231885790430363
3. Electrophysiological Substrate & Conduction Block,"SHORT-AF (JACC EP 2023), Clinical Electrophysiology",Assessment of intraventricular conduction delay & exit/entrance conduction substrate,Bundle Branch & Fascicular Block Preservation,ECGFounder_Category_Conduction,auroc,AUROC,D4_learned12_mul_l1_s42_l0,0.8233053219997978
3. Electrophysiological Substrate & Conduction Block,"SHORT-AF (JACC EP 2023), Clinical Electrophysiology",Assessment of intraventricular conduction delay & exit/entrance conduction substrate,Bundle Branch & Fascicular Block Preservation,ECGFounder_Category_Conduction,auroc,AUROC,D5_permuted_theta_mul_l1_s42_l0,0.8233823302975566
3. Electrophysiological Substrate & Conduction Block,"SHORT-AF (JACC EP 2023), Clinical Electrophysiology",Assessment of intraventricular conduction delay & exit/entrance conduction substrate,Bundle Branch & Fascicular Block Preservation,ECGFounder_Category_Conduction,auroc,AUROC,D6_theta_add_l1_s42_l0,0.8257366754427045
3. Electrophysiological Substrate & Conduction Block,"SHORT-AF (JACC EP 2023), Clinical Electrophysiology",Assessment of intraventricular conduction delay & exit/entrance conduction substrate,Bundle Branch & Fascicular Block Preservation,ECGFounder_Category_Conduction,auroc,AUROC,D7_learned12_add_l1_s42_l0,0.8329146448755211
3. Electrophysiological Substrate & Conduction Block,"SHORT-AF (JACC EP 2023), Clinical Electrophysiology",Assessment of intraventricular conduction delay & exit/entrance conduction substrate,Bundle Branch & Fascicular Block Preservation,ECGFounder_Category_Conduction,auroc,AUROC,D8_random12_mul_l1_s42_l0,0.8304730130596673
3. Electrophysiological Substrate & Conduction Block,"SHORT-AF (JACC EP 2023), Clinical Electrophysiology",Assessment of intraventricular conduction delay & exit/entrance conduction substrate,Bundle Branch & Fascicular Block Preservation,ECGFounder_Category_Conduction,auroc,AUROC,factorial_ecg_aim_1100013_s42,0.8238518483185514
3. Electrophysiological Substrate & Conduction Block,"SHORT-AF (JACC EP 2023), Clinical Electrophysiology",Assessment of intraventricular conduction delay & exit/entrance conduction substrate,Bundle Branch & Fascicular Block Preservation,ECGFounder_Category_Conduction,auroc,AUROC,factorial_ecg_aim_1100110_s42,0.8279520917250488
3. Electrophysiological Substrate & Conduction Block,"SHORT-AF (JACC EP 2023), Clinical Electrophysiology",Assessment of intraventricular conduction delay & exit/entrance conduction substrate,Bundle Branch & Fascicular Block Preservation,ECGFounder_Category_Conduction,auroc,AUROC,factorial_ecg_aim_1100111_s42,0.8225777954836534
3. Electrophysiological Substrate & Conduction Block,"SHORT-AF (JACC EP 2023), Clinical Electrophysiology",Assessment of intraventricular conduction delay & exit/entrance conduction substrate,Bundle Branch & Fascicular Block Preservation,ECGFounder_Category_Conduction,auroc,AUROC,factorial_ecg_aim_1101113_s42,0.7882945968697044
3. Electrophysiological Substrate & Conduction Block,"SHORT-AF (JACC EP 2023), Clinical Electrophysiology",Assessment of intraventricular conduction delay & exit/entrance conduction substrate,Bundle Branch & Fascicular Block Preservation,ECGFounder_Category_Conduction,auroc,AUROC,spatial_1lead_a0_1110000_s42_l0,0.8395399933087578
3. Electrophysiological Substrate & Conduction Block,"SHORT-AF (JACC EP 2023), Clinical Electrophysiology",Assessment of intraventricular conduction delay & exit/entrance conduction substrate,Bundle Branch & Fascicular Block Preservation,ECGFounder_Category_Conduction,auroc,AUROC,spatial_1lead_e1_panorama_film_1110000_s42_l0,0.8403452628408247
3. Electrophysiological Substrate & Conduction Block,"SHORT-AF (JACC EP 2023), Clinical Electrophysiology",Assessment of intraventricular conduction delay & exit/entrance conduction substrate,Bundle Branch & Fascicular Block Preservation,ECGFounder_Category_Conduction,auroc,AUROC,spatial_1lead_pa1_panorama_author_1110000_s42_l0,0.8397855061859573
3. Electrophysiological Substrate & Conduction Block,"SHORT-AF (JACC EP 2023), Clinical Electrophysiology",Assessment of intraventricular conduction delay & exit/entrance conduction substrate,Bundle Branch & Fascicular Block Preservation,ECGFounder_Category_Conduction,auroc,AUROC,spatial_1lead_b1_panorama_1110000_s42_l0,0.8331570953288926
3. Electrophysiological Substrate & Conduction Block,"SHORT-AF (JACC EP 2023), Clinical Electrophysiology",Assessment of intraventricular conduction delay & exit/entrance conduction substrate,Bundle Branch & Fascicular Block Preservation,ECGFounder_Category_Conduction,auroc,AUROC,spatial_1lead_cm1_capacity_matched_1110000_s42_l0,0.8359811142194267
3. Electrophysiological Substrate & Conduction Block,"SHORT-AF (JACC EP 2023), Clinical Electrophysiology",Assessment of intraventricular conduction delay & exit/entrance conduction substrate,Bundle Branch & Fascicular Block Preservation,ECGFounder_Category_Conduction,auroc,AUROC,spatial_1lead_pg1_permuted_geometry_1110000_s42_l0,0.8375231944365557
3. Electrophysiological Substrate & Conduction Block,"SHORT-AF (JACC EP 2023), Clinical Electrophysiology",Assessment of intraventricular conduction delay & exit/entrance conduction substrate,Bundle Branch & Fascicular Block Preservation,ECGFounder_Category_Conduction,auroc,AUROC,spatial_1lead_t000_exact_theta_1110000_s42_l0,0.8376560920112978
3. Electrophysiological Substrate & Conduction Block,"SHORT-AF (JACC EP 2023), Clinical Electrophysiology",Assessment of intraventricular conduction delay & exit/entrance conduction substrate,Bundle Branch & Fascicular Block Preservation,ECGFounder_Category_Conduction,auroc,AUROC,spatial_1lead_c1_panorama_hybrid_1110000_s42_l0,0.8412999621354085
3. Electrophysiological Substrate & Conduction Block,"SHORT-AF (JACC EP 2023), Clinical Electrophysiology",Assessment of intraventricular conduction delay & exit/entrance conduction substrate,Bundle Branch & Fascicular Block Preservation,ECGFounder_Category_Conduction,auroc,AUROC,spatial_1lead_d1_panorama_relative_1110000_s42_l0,0.8358026015069377
3. Electrophysiological Substrate & Conduction Block,"SHORT-AF (JACC EP 2023), Clinical Electrophysiology",Assessment of intraventricular conduction delay & exit/entrance conduction substrate,Bundle Branch & Fascicular Block Preservation,ECGFounder_Category_Conduction,auroc,AUROC,spatial_1lead_e1_panorama_film_1010010_s42_l0,0.8309184222453229
3. Electrophysiological Substrate & Conduction Block,"SHORT-AF (JACC EP 2023), Clinical Electrophysiology",Assessment of intraventricular conduction delay & exit/entrance conduction substrate,Bundle Branch & Fascicular Block Preservation,ECGFounder_Category_Conduction,auroc,AUROC,spatial_1lead_pa1_panorama_author_1010010_s42_l0,0.8343109827742526
3. Electrophysiological Substrate & Conduction Block,"SHORT-AF (JACC EP 2023), Clinical Electrophysiology",Assessment of intraventricular conduction delay & exit/entrance conduction substrate,Bundle Branch & Fascicular Block Preservation,ECGFounder_Category_Conduction,auroc,AUROC,spatial_1lead_t000_exact_theta_1010010_s42_l0,0.8350012949531694
3. Electrophysiological Substrate & Conduction Block,"SHORT-AF (JACC EP 2023), Clinical Electrophysiology",Assessment of intraventricular conduction delay & exit/entrance conduction substrate,Bundle Branch & Fascicular Block Preservation,ECGFounder_Category_Conduction,auroc,AUROC,spatial_1lead_a0_1010010_s42_l0,0.8344410419363021
3. Electrophysiological Substrate & Conduction Block,"SHORT-AF (JACC EP 2023), Clinical Electrophysiology",Assessment of intraventricular conduction delay & exit/entrance conduction substrate,Bundle Branch & Fascicular Block Preservation,ECGFounder_Category_Conduction,auroc,AUROC,spatial_1lead_cm1_capacity_matched_1010010_s42_l0,0.8338741071364536
3. Electrophysiological Substrate & Conduction Block,"SHORT-AF (JACC EP 2023), Clinical Electrophysiology",Assessment of intraventricular conduction delay & exit/entrance conduction substrate,Bundle Branch & Fascicular Block Preservation,ECGFounder_Category_Conduction,auroc,AUROC,spatial_1lead_d1_panorama_relative_1010010_s42_l0,0.8348987799376992
3. Electrophysiological Substrate & Conduction Block,"SHORT-AF (JACC EP 2023), Clinical Electrophysiology",Assessment of intraventricular conduction delay & exit/entrance conduction substrate,Bundle Branch & Fascicular Block Preservation,ECGFounder_Category_Conduction,auroc,AUROC,spatial_1lead_b1_panorama_1010010_s42_l0,0.8334182434232816
3. Electrophysiological Substrate & Conduction Block,"SHORT-AF (JACC EP 2023), Clinical Electrophysiology",Assessment of intraventricular conduction delay & exit/entrance conduction substrate,Bundle Branch & Fascicular Block Preservation,ECGFounder_Category_Conduction,auroc,AUROC,spatial_1lead_pg1_permuted_geometry_1010010_s42_l0,0.8326312246467303
3. Electrophysiological Substrate & Conduction Block,"SHORT-AF (JACC EP 2023), Clinical Electrophysiology",Assessment of intraventricular conduction delay & exit/entrance conduction substrate,Bundle Branch & Fascicular Block Preservation,ECGFounder_Category_Conduction,auroc,AUROC,spatial_1lead_c1_panorama_hybrid_1010010_s42_l0,0.8339274702593871
3. Electrophysiological Substrate & Conduction Block,"SHORT-AF (JACC EP 2023), Clinical Electrophysiology",Assessment of intraventricular conduction delay & exit/entrance conduction substrate,Bundle Branch & Fascicular Block Preservation,ECGFounder_Category_Conduction,auroc,AUROC,spatial_1lead_t111_exact_theta_1010010_s42_l0,0.8267949798489872
3. Electrophysiological Substrate & Conduction Block,"SHORT-AF (JACC EP 2023), Clinical Electrophysiology",Assessment of intraventricular conduction delay & exit/entrance conduction substrate,Bundle Branch & Fascicular Block Preservation,ECGFounder_Category_Conduction,auroc,AUROC,spatial_1lead_t111_exact_theta_1110000_s42_l0,0.8405620163874857
3. Electrophysiological Substrate & Conduction Block,"SHORT-AF (JACC EP 2023), Clinical Electrophysiology",Assessment of intraventricular conduction delay & exit/entrance conduction substrate,Bundle Branch & Fascicular Block Preservation,ECGFounder_Category_Conduction,auroc,AUROC,spatial_1lead_e1_panorama_film_1000000_s42_l0,0.834782188609318
3. Electrophysiological Substrate & Conduction Block,"SHORT-AF (JACC EP 2023), Clinical Electrophysiology",Assessment of intraventricular conduction delay & exit/entrance conduction substrate,Bundle Branch & Fascicular Block Preservation,ECGFounder_Category_Conduction,auroc,AUROC,spatial_1lead_d1_panorama_relative_1000000_s42_l0,0.8211965889982965
3. Electrophysiological Substrate & Conduction Block,"SHORT-AF (JACC EP 2023), Clinical Electrophysiology",Assessment of intraventricular conduction delay & exit/entrance conduction substrate,Bundle Branch & Fascicular Block Preservation,ECGFounder_Category_Conduction,auroc,AUROC,spatial_1lead_pg1_permuted_geometry_1000000_s42_l0,0.8180145049918801
3. Electrophysiological Substrate & Conduction Block,"SHORT-AF (JACC EP 2023), Clinical Electrophysiology",Assessment of intraventricular conduction delay & exit/entrance conduction substrate,Bundle Branch & Fascicular Block Preservation,ECGFounder_Category_Conduction,auroc,AUROC,spatial_1lead_cm1_capacity_matched_1000000_s42_l0,0.8260410974693575
3. Electrophysiological Substrate & Conduction Block,"SHORT-AF (JACC EP 2023), Clinical Electrophysiology",Assessment of intraventricular conduction delay & exit/entrance conduction substrate,Bundle Branch & Fascicular Block Preservation,ECGFounder_Category_Conduction,auroc,AUROC,spatial_1lead_pa1_panorama_author_1000000_s42_l0,0.8154429478050358
3. Electrophysiological Substrate & Conduction Block,"SHORT-AF (JACC EP 2023), Clinical Electrophysiology",Assessment of intraventricular conduction delay & exit/entrance conduction substrate,Bundle Branch & Fascicular Block Preservation,ECGFounder_Category_Conduction,auroc,AUROC,spatial_1lead_c1_panorama_hybrid_1000000_s42_l0,0.825624933500349
3. Electrophysiological Substrate & Conduction Block,"SHORT-AF (JACC EP 2023), Clinical Electrophysiology",Assessment of intraventricular conduction delay & exit/entrance conduction substrate,Bundle Branch & Fascicular Block Preservation,ECGFounder_Category_Conduction,auroc,AUROC,spatial_1lead_b1_panorama_1000000_s42_l0,0.8219608854991329
3. Electrophysiological Substrate & Conduction Block,"SHORT-AF (JACC EP 2023), Clinical Electrophysiology",Assessment of intraventricular conduction delay & exit/entrance conduction substrate,Bundle Branch & Fascicular Block Preservation,ECGFounder_Category_Conduction,auroc,AUROC,spatial_1lead_t111_exact_theta_1000000_s42_l0,0.8396267497914458
3. Electrophysiological Substrate & Conduction Block,"SHORT-AF (JACC EP 2023), Clinical Electrophysiology",Assessment of intraventricular conduction delay & exit/entrance conduction substrate,Bundle Branch & Fascicular Block Preservation,ECGFounder_Category_Conduction,auroc,AUROC,spatial_1lead_t000_exact_theta_1000000_s42_l0,0.8187558561352799
3. Electrophysiological Substrate & Conduction Block,"SHORT-AF (JACC EP 2023), Clinical Electrophysiology",Assessment of intraventricular conduction delay & exit/entrance conduction substrate,QRS Complex Morphological Delineation,Delineation_QRS_IoU_SemiSeg,r2,IoU,conv15e_A0_wave_noSSL_gated_add_s42_l0,0.7843290538233121
3. Electrophysiological Substrate & Conduction Block,"SHORT-AF (JACC EP 2023), Clinical Electrophysiology",Assessment of intraventricular conduction delay & exit/entrance conduction substrate,QRS Complex Morphological Delineation,Delineation_QRS_IoU_SemiSeg,r2,IoU,conv15e_A0_zscore_s42_l0,0.7821633971557681
3. Electrophysiological Substrate & Conduction Block,"SHORT-AF (JACC EP 2023), Clinical Electrophysiology",Assessment of intraventricular conduction delay & exit/entrance conduction substrate,QRS Complex Morphological Delineation,Delineation_QRS_IoU_SemiSeg,r2,IoU,conv15e_C1_E1_morlet_mag_morlet_phase_s42_l0,0.6725124856622867
3. Electrophysiological Substrate & Conduction Block,"SHORT-AF (JACC EP 2023), Clinical Electrophysiology",Assessment of intraventricular conduction delay & exit/entrance conduction substrate,QRS Complex Morphological Delineation,Delineation_QRS_IoU_SemiSeg,r2,IoU,conv15e_R5_morlet_mag_ueg_phase_wyatt_s42_l0,0.7841316547909941
3. Electrophysiological Substrate & Conduction Block,"SHORT-AF (JACC EP 2023), Clinical Electrophysiology",Assessment of intraventricular conduction delay & exit/entrance conduction substrate,QRS Complex Morphological Delineation,Delineation_QRS_IoU_SemiSeg,r2,IoU,conv15e_R7_morlet_mag_ueg_real_s42_l0,0.7839090763508069
3. Electrophysiological Substrate & Conduction Block,"SHORT-AF (JACC EP 2023), Clinical Electrophysiology",Assessment of intraventricular conduction delay & exit/entrance conduction substrate,QRS Complex Morphological Delineation,Delineation_QRS_IoU_SemiSeg,r2,IoU,conv15e_del_wave_ce_s42_l0,0.7866307229996005
3. Electrophysiological Substrate & Conduction Block,"SHORT-AF (JACC EP 2023), Clinical Electrophysiology",Assessment of intraventricular conduction delay & exit/entrance conduction substrate,QRS Complex Morphological Delineation,Delineation_QRS_IoU_SemiSeg,r2,IoU,conv15e_ssl_log_magnitude_phase_sin_local_gated_add_s42_l0,0.7845209051148673
3. Electrophysiological Substrate & Conduction Block,"SHORT-AF (JACC EP 2023), Clinical Electrophysiology",Assessment of intraventricular conduction delay & exit/entrance conduction substrate,QRS Complex Morphological Delineation,Delineation_QRS_IoU_SemiSeg,r2,IoU,conv15e_ssl_log_magnitude_real_both_gated_add_s42_l0,0.7832583770225505
3. Electrophysiological Substrate & Conduction Block,"SHORT-AF (JACC EP 2023), Clinical Electrophysiology",Assessment of intraventricular conduction delay & exit/entrance conduction substrate,QRS Complex Morphological Delineation,Delineation_QRS_IoU_SemiSeg,r2,IoU,D1_theta_mul_currentloss_s42_l0,0.7063270425638859
3. Electrophysiological Substrate & Conduction Block,"SHORT-AF (JACC EP 2023), Clinical Electrophysiology",Assessment of intraventricular conduction delay & exit/entrance conduction substrate,QRS Complex Morphological Delineation,Delineation_QRS_IoU_SemiSeg,r2,IoU,D2_current_id_l1_s42_l0,0.7381715162931454
3. Electrophysiological Substrate & Conduction Block,"SHORT-AF (JACC EP 2023), Clinical Electrophysiology",Assessment of intraventricular conduction delay & exit/entrance conduction substrate,QRS Complex Morphological Delineation,Delineation_QRS_IoU_SemiSeg,r2,IoU,D3_theta_mul_l1_s42_l0,0.7299869116112958
3. Electrophysiological Substrate & Conduction Block,"SHORT-AF (JACC EP 2023), Clinical Electrophysiology",Assessment of intraventricular conduction delay & exit/entrance conduction substrate,QRS Complex Morphological Delineation,Delineation_QRS_IoU_SemiSeg,r2,IoU,D4_learned12_mul_l1_s42_l0,0.7511742493922862
3. Electrophysiological Substrate & Conduction Block,"SHORT-AF (JACC EP 2023), Clinical Electrophysiology",Assessment of intraventricular conduction delay & exit/entrance conduction substrate,QRS Complex Morphological Delineation,Delineation_QRS_IoU_SemiSeg,r2,IoU,D5_permuted_theta_mul_l1_s42_l0,0.7518088211168825
3. Electrophysiological Substrate & Conduction Block,"SHORT-AF (JACC EP 2023), Clinical Electrophysiology",Assessment of intraventricular conduction delay & exit/entrance conduction substrate,QRS Complex Morphological Delineation,Delineation_QRS_IoU_SemiSeg,r2,IoU,D6_theta_add_l1_s42_l0,0.7649563963125049
3. Electrophysiological Substrate & Conduction Block,"SHORT-AF (JACC EP 2023), Clinical Electrophysiology",Assessment of intraventricular conduction delay & exit/entrance conduction substrate,QRS Complex Morphological Delineation,Delineation_QRS_IoU_SemiSeg,r2,IoU,D7_learned12_add_l1_s42_l0,0.7566802129072185
3. Electrophysiological Substrate & Conduction Block,"SHORT-AF (JACC EP 2023), Clinical Electrophysiology",Assessment of intraventricular conduction delay & exit/entrance conduction substrate,QRS Complex Morphological Delineation,Delineation_QRS_IoU_SemiSeg,r2,IoU,D8_random12_mul_l1_s42_l0,0.7310492941727275
3. Electrophysiological Substrate & Conduction Block,"SHORT-AF (JACC EP 2023), Clinical Electrophysiology",Assessment of intraventricular conduction delay & exit/entrance conduction substrate,QRS Complex Morphological Delineation,Delineation_QRS_IoU_SemiSeg,r2,IoU,factorial_ecg_aim_1100013_s42,0.7251802618881569
3. Electrophysiological Substrate & Conduction Block,"SHORT-AF (JACC EP 2023), Clinical Electrophysiology",Assessment of intraventricular conduction delay & exit/entrance conduction substrate,QRS Complex Morphological Delineation,Delineation_QRS_IoU_SemiSeg,r2,IoU,factorial_ecg_aim_1100110_s42,0.6914352622546992
3. Electrophysiological Substrate & Conduction Block,"SHORT-AF (JACC EP 2023), Clinical Electrophysiology",Assessment of intraventricular conduction delay & exit/entrance conduction substrate,QRS Complex Morphological Delineation,Delineation_QRS_IoU_SemiSeg,r2,IoU,factorial_ecg_aim_1100111_s42,0.7162644880530564
3. Electrophysiological Substrate & Conduction Block,"SHORT-AF (JACC EP 2023), Clinical Electrophysiology",Assessment of intraventricular conduction delay & exit/entrance conduction substrate,QRS Complex Morphological Delineation,Delineation_QRS_IoU_SemiSeg,r2,IoU,factorial_ecg_aim_1101113_s42,0.1458571709577335
3. Electrophysiological Substrate & Conduction Block,"SHORT-AF (JACC EP 2023), Clinical Electrophysiology",Assessment of intraventricular conduction delay & exit/entrance conduction substrate,QRS Complex Morphological Delineation,Delineation_QRS_IoU_SemiSeg,r2,IoU,spatial_1lead_a0_1110000_s42_l0,0.742712538615911
3. Electrophysiological Substrate & Conduction Block,"SHORT-AF (JACC EP 2023), Clinical Electrophysiology",Assessment of intraventricular conduction delay & exit/entrance conduction substrate,QRS Complex Morphological Delineation,Delineation_QRS_IoU_SemiSeg,r2,IoU,spatial_1lead_e1_panorama_film_1110000_s42_l0,0.7482609322033317
3. Electrophysiological Substrate & Conduction Block,"SHORT-AF (JACC EP 2023), Clinical Electrophysiology",Assessment of intraventricular conduction delay & exit/entrance conduction substrate,QRS Complex Morphological Delineation,Delineation_QRS_IoU_SemiSeg,r2,IoU,spatial_1lead_pa1_panorama_author_1110000_s42_l0,0.748431128591094
3. Electrophysiological Substrate & Conduction Block,"SHORT-AF (JACC EP 2023), Clinical Electrophysiology",Assessment of intraventricular conduction delay & exit/entrance conduction substrate,QRS Complex Morphological Delineation,Delineation_QRS_IoU_SemiSeg,r2,IoU,spatial_1lead_b1_panorama_1110000_s42_l0,0.7450403639922178
3. Electrophysiological Substrate & Conduction Block,"SHORT-AF (JACC EP 2023), Clinical Electrophysiology",Assessment of intraventricular conduction delay & exit/entrance conduction substrate,QRS Complex Morphological Delineation,Delineation_QRS_IoU_SemiSeg,r2,IoU,spatial_1lead_cm1_capacity_matched_1110000_s42_l0,0.7436267936831169
3. Electrophysiological Substrate & Conduction Block,"SHORT-AF (JACC EP 2023), Clinical Electrophysiology",Assessment of intraventricular conduction delay & exit/entrance conduction substrate,QRS Complex Morphological Delineation,Delineation_QRS_IoU_SemiSeg,r2,IoU,spatial_1lead_pg1_permuted_geometry_1110000_s42_l0,0.7418534814059888
3. Electrophysiological Substrate & Conduction Block,"SHORT-AF (JACC EP 2023), Clinical Electrophysiology",Assessment of intraventricular conduction delay & exit/entrance conduction substrate,QRS Complex Morphological Delineation,Delineation_QRS_IoU_SemiSeg,r2,IoU,spatial_1lead_t000_exact_theta_1110000_s42_l0,0.7425236801720827
3. Electrophysiological Substrate & Conduction Block,"SHORT-AF (JACC EP 2023), Clinical Electrophysiology",Assessment of intraventricular conduction delay & exit/entrance conduction substrate,QRS Complex Morphological Delineation,Delineation_QRS_IoU_SemiSeg,r2,IoU,spatial_1lead_c1_panorama_hybrid_1110000_s42_l0,0.7427859482987585
3. Electrophysiological Substrate & Conduction Block,"SHORT-AF (JACC EP 2023), Clinical Electrophysiology",Assessment of intraventricular conduction delay & exit/entrance conduction substrate,QRS Complex Morphological Delineation,Delineation_QRS_IoU_SemiSeg,r2,IoU,spatial_1lead_d1_panorama_relative_1110000_s42_l0,0.7425846201747376
3. Electrophysiological Substrate & Conduction Block,"SHORT-AF (JACC EP 2023), Clinical Electrophysiology",Assessment of intraventricular conduction delay & exit/entrance conduction substrate,QRS Complex Morphological Delineation,Delineation_QRS_IoU_SemiSeg,r2,IoU,spatial_1lead_e1_panorama_film_1010010_s42_l0,0.7550997882229401
3. Electrophysiological Substrate & Conduction Block,"SHORT-AF (JACC EP 2023), Clinical Electrophysiology",Assessment of intraventricular conduction delay & exit/entrance conduction substrate,QRS Complex Morphological Delineation,Delineation_QRS_IoU_SemiSeg,r2,IoU,spatial_1lead_pa1_panorama_author_1010010_s42_l0,0.7681601645889816
3. Electrophysiological Substrate & Conduction Block,"SHORT-AF (JACC EP 2023), Clinical Electrophysiology",Assessment of intraventricular conduction delay & exit/entrance conduction substrate,QRS Complex Morphological Delineation,Delineation_QRS_IoU_SemiSeg,r2,IoU,spatial_1lead_t000_exact_theta_1010010_s42_l0,0.76186317409605
3. Electrophysiological Substrate & Conduction Block,"SHORT-AF (JACC EP 2023), Clinical Electrophysiology",Assessment of intraventricular conduction delay & exit/entrance conduction substrate,QRS Complex Morphological Delineation,Delineation_QRS_IoU_SemiSeg,r2,IoU,spatial_1lead_a0_1010010_s42_l0,0.7588875964934921
3. Electrophysiological Substrate & Conduction Block,"SHORT-AF (JACC EP 2023), Clinical Electrophysiology",Assessment of intraventricular conduction delay & exit/entrance conduction substrate,QRS Complex Morphological Delineation,Delineation_QRS_IoU_SemiSeg,r2,IoU,spatial_1lead_cm1_capacity_matched_1010010_s42_l0,0.762460668921556
3. Electrophysiological Substrate & Conduction Block,"SHORT-AF (JACC EP 2023), Clinical Electrophysiology",Assessment of intraventricular conduction delay & exit/entrance conduction substrate,QRS Complex Morphological Delineation,Delineation_QRS_IoU_SemiSeg,r2,IoU,spatial_1lead_d1_panorama_relative_1010010_s42_l0,0.7594235508626022
3. Electrophysiological Substrate & Conduction Block,"SHORT-AF (JACC EP 2023), Clinical Electrophysiology",Assessment of intraventricular conduction delay & exit/entrance conduction substrate,QRS Complex Morphological Delineation,Delineation_QRS_IoU_SemiSeg,r2,IoU,spatial_1lead_b1_panorama_1010010_s42_l0,0.762579718291869
3. Electrophysiological Substrate & Conduction Block,"SHORT-AF (JACC EP 2023), Clinical Electrophysiology",Assessment of intraventricular conduction delay & exit/entrance conduction substrate,QRS Complex Morphological Delineation,Delineation_QRS_IoU_SemiSeg,r2,IoU,spatial_1lead_pg1_permuted_geometry_1010010_s42_l0,0.7580423175494078
3. Electrophysiological Substrate & Conduction Block,"SHORT-AF (JACC EP 2023), Clinical Electrophysiology",Assessment of intraventricular conduction delay & exit/entrance conduction substrate,QRS Complex Morphological Delineation,Delineation_QRS_IoU_SemiSeg,r2,IoU,spatial_1lead_c1_panorama_hybrid_1010010_s42_l0,0.7599202390503476
3. Electrophysiological Substrate & Conduction Block,"SHORT-AF (JACC EP 2023), Clinical Electrophysiology",Assessment of intraventricular conduction delay & exit/entrance conduction substrate,QRS Complex Morphological Delineation,Delineation_QRS_IoU_SemiSeg,r2,IoU,spatial_1lead_t111_exact_theta_1010010_s42_l0,0.7446446726558343
3. Electrophysiological Substrate & Conduction Block,"SHORT-AF (JACC EP 2023), Clinical Electrophysiology",Assessment of intraventricular conduction delay & exit/entrance conduction substrate,QRS Complex Morphological Delineation,Delineation_QRS_IoU_SemiSeg,r2,IoU,spatial_1lead_t111_exact_theta_1110000_s42_l0,0.6928902040050634
3. Electrophysiological Substrate & Conduction Block,"SHORT-AF (JACC EP 2023), Clinical Electrophysiology",Assessment of intraventricular conduction delay & exit/entrance conduction substrate,QRS Complex Morphological Delineation,Delineation_QRS_IoU_SemiSeg,r2,IoU,spatial_1lead_e1_panorama_film_1000000_s42_l0,0.6790697047909878
3. Electrophysiological Substrate & Conduction Block,"SHORT-AF (JACC EP 2023), Clinical Electrophysiology",Assessment of intraventricular conduction delay & exit/entrance conduction substrate,QRS Complex Morphological Delineation,Delineation_QRS_IoU_SemiSeg,r2,IoU,spatial_1lead_d1_panorama_relative_1000000_s42_l0,0.6499511441741636
3. Electrophysiological Substrate & Conduction Block,"SHORT-AF (JACC EP 2023), Clinical Electrophysiology",Assessment of intraventricular conduction delay & exit/entrance conduction substrate,QRS Complex Morphological Delineation,Delineation_QRS_IoU_SemiSeg,r2,IoU,spatial_1lead_pg1_permuted_geometry_1000000_s42_l0,0.694244227065948
3. Electrophysiological Substrate & Conduction Block,"SHORT-AF (JACC EP 2023), Clinical Electrophysiology",Assessment of intraventricular conduction delay & exit/entrance conduction substrate,QRS Complex Morphological Delineation,Delineation_QRS_IoU_SemiSeg,r2,IoU,spatial_1lead_cm1_capacity_matched_1000000_s42_l0,0.6895302963727288
3. Electrophysiological Substrate & Conduction Block,"SHORT-AF (JACC EP 2023), Clinical Electrophysiology",Assessment of intraventricular conduction delay & exit/entrance conduction substrate,QRS Complex Morphological Delineation,Delineation_QRS_IoU_SemiSeg,r2,IoU,spatial_1lead_pa1_panorama_author_1000000_s42_l0,0.6790751024686691
3. Electrophysiological Substrate & Conduction Block,"SHORT-AF (JACC EP 2023), Clinical Electrophysiology",Assessment of intraventricular conduction delay & exit/entrance conduction substrate,QRS Complex Morphological Delineation,Delineation_QRS_IoU_SemiSeg,r2,IoU,spatial_1lead_c1_panorama_hybrid_1000000_s42_l0,0.6359663409163944
3. Electrophysiological Substrate & Conduction Block,"SHORT-AF (JACC EP 2023), Clinical Electrophysiology",Assessment of intraventricular conduction delay & exit/entrance conduction substrate,QRS Complex Morphological Delineation,Delineation_QRS_IoU_SemiSeg,r2,IoU,spatial_1lead_b1_panorama_1000000_s42_l0,0.6683636748291323
3. Electrophysiological Substrate & Conduction Block,"SHORT-AF (JACC EP 2023), Clinical Electrophysiology",Assessment of intraventricular conduction delay & exit/entrance conduction substrate,QRS Complex Morphological Delineation,Delineation_QRS_IoU_SemiSeg,r2,IoU,spatial_1lead_t111_exact_theta_1000000_s42_l0,0.6191027890451116
3. Electrophysiological Substrate & Conduction Block,"SHORT-AF (JACC EP 2023), Clinical Electrophysiology",Assessment of intraventricular conduction delay & exit/entrance conduction substrate,QRS Complex Morphological Delineation,Delineation_QRS_IoU_SemiSeg,r2,IoU,spatial_1lead_t000_exact_theta_1000000_s42_l0,0.6043748464914402
4. Spatial Torso Physical Fidelity & Precordial Nullspace,PreSACAN / Helmholtz-Geselowitz Lead Field Theory,Verification of genuine precordial dipole recovery vs synthetic mean collapse,Precordial Lead V3 R-Wave Power Retention,PreSACAN_V3_Var_Ret_Pct,presacan_var_v3,Variance %,conv15e_A0_wave_noSSL_gated_add_s42_l0,20.228432115220496
4. Spatial Torso Physical Fidelity & Precordial Nullspace,PreSACAN / Helmholtz-Geselowitz Lead Field Theory,Verification of genuine precordial dipole recovery vs synthetic mean collapse,Precordial Lead V3 R-Wave Power Retention,PreSACAN_V3_Var_Ret_Pct,presacan_var_v3,Variance %,conv15e_A0_zscore_s42_l0,16.520579636929735
4. Spatial Torso Physical Fidelity & Precordial Nullspace,PreSACAN / Helmholtz-Geselowitz Lead Field Theory,Verification of genuine precordial dipole recovery vs synthetic mean collapse,Precordial Lead V3 R-Wave Power Retention,PreSACAN_V3_Var_Ret_Pct,presacan_var_v3,Variance %,conv15e_C1_E1_morlet_mag_morlet_phase_s42_l0,45.49187305140891
4. Spatial Torso Physical Fidelity & Precordial Nullspace,PreSACAN / Helmholtz-Geselowitz Lead Field Theory,Verification of genuine precordial dipole recovery vs synthetic mean collapse,Precordial Lead V3 R-Wave Power Retention,PreSACAN_V3_Var_Ret_Pct,presacan_var_v3,Variance %,conv15e_R5_morlet_mag_ueg_phase_wyatt_s42_l0,16.462395272560084
4. Spatial Torso Physical Fidelity & Precordial Nullspace,PreSACAN / Helmholtz-Geselowitz Lead Field Theory,Verification of genuine precordial dipole recovery vs synthetic mean collapse,Precordial Lead V3 R-Wave Power Retention,PreSACAN_V3_Var_Ret_Pct,presacan_var_v3,Variance %,conv15e_R7_morlet_mag_ueg_real_s42_l0,21.817291401814728
4. Spatial Torso Physical Fidelity & Precordial Nullspace,PreSACAN / Helmholtz-Geselowitz Lead Field Theory,Verification of genuine precordial dipole recovery vs synthetic mean collapse,Precordial Lead V3 R-Wave Power Retention,PreSACAN_V3_Var_Ret_Pct,presacan_var_v3,Variance %,conv15e_del_wave_ce_s42_l0,16.637026170525704
4. Spatial Torso Physical Fidelity & Precordial Nullspace,PreSACAN / Helmholtz-Geselowitz Lead Field Theory,Verification of genuine precordial dipole recovery vs synthetic mean collapse,Precordial Lead V3 R-Wave Power Retention,PreSACAN_V3_Var_Ret_Pct,presacan_var_v3,Variance %,conv15e_ssl_log_magnitude_phase_sin_local_gated_add_s42_l0,17.419605293018137
4. Spatial Torso Physical Fidelity & Precordial Nullspace,PreSACAN / Helmholtz-Geselowitz Lead Field Theory,Verification of genuine precordial dipole recovery vs synthetic mean collapse,Precordial Lead V3 R-Wave Power Retention,PreSACAN_V3_Var_Ret_Pct,presacan_var_v3,Variance %,conv15e_ssl_log_magnitude_real_both_gated_add_s42_l0,18.651954315006883
4. Spatial Torso Physical Fidelity & Precordial Nullspace,PreSACAN / Helmholtz-Geselowitz Lead Field Theory,Verification of genuine precordial dipole recovery vs synthetic mean collapse,Precordial Lead V3 R-Wave Power Retention,PreSACAN_V3_Var_Ret_Pct,presacan_var_v3,Variance %,D1_theta_mul_currentloss_s42_l0,11.039577606265032
4. Spatial Torso Physical Fidelity & Precordial Nullspace,PreSACAN / Helmholtz-Geselowitz Lead Field Theory,Verification of genuine precordial dipole recovery vs synthetic mean collapse,Precordial Lead V3 R-Wave Power Retention,PreSACAN_V3_Var_Ret_Pct,presacan_var_v3,Variance %,D2_current_id_l1_s42_l0,8.483934621882696
4. Spatial Torso Physical Fidelity & Precordial Nullspace,PreSACAN / Helmholtz-Geselowitz Lead Field Theory,Verification of genuine precordial dipole recovery vs synthetic mean collapse,Precordial Lead V3 R-Wave Power Retention,PreSACAN_V3_Var_Ret_Pct,presacan_var_v3,Variance %,D3_theta_mul_l1_s42_l0,9.614046485079383
4. Spatial Torso Physical Fidelity & Precordial Nullspace,PreSACAN / Helmholtz-Geselowitz Lead Field Theory,Verification of genuine precordial dipole recovery vs synthetic mean collapse,Precordial Lead V3 R-Wave Power Retention,PreSACAN_V3_Var_Ret_Pct,presacan_var_v3,Variance %,D4_learned12_mul_l1_s42_l0,8.555929874020059
4. Spatial Torso Physical Fidelity & Precordial Nullspace,PreSACAN / Helmholtz-Geselowitz Lead Field Theory,Verification of genuine precordial dipole recovery vs synthetic mean collapse,Precordial Lead V3 R-Wave Power Retention,PreSACAN_V3_Var_Ret_Pct,presacan_var_v3,Variance %,D5_permuted_theta_mul_l1_s42_l0,7.580329519128975
4. Spatial Torso Physical Fidelity & Precordial Nullspace,PreSACAN / Helmholtz-Geselowitz Lead Field Theory,Verification of genuine precordial dipole recovery vs synthetic mean collapse,Precordial Lead V3 R-Wave Power Retention,PreSACAN_V3_Var_Ret_Pct,presacan_var_v3,Variance %,D6_theta_add_l1_s42_l0,11.509810183065996
4. Spatial Torso Physical Fidelity & Precordial Nullspace,PreSACAN / Helmholtz-Geselowitz Lead Field Theory,Verification of genuine precordial dipole recovery vs synthetic mean collapse,Precordial Lead V3 R-Wave Power Retention,PreSACAN_V3_Var_Ret_Pct,presacan_var_v3,Variance %,D7_learned12_add_l1_s42_l0,9.880197974247517
4. Spatial Torso Physical Fidelity & Precordial Nullspace,PreSACAN / Helmholtz-Geselowitz Lead Field Theory,Verification of genuine precordial dipole recovery vs synthetic mean collapse,Precordial Lead V3 R-Wave Power Retention,PreSACAN_V3_Var_Ret_Pct,presacan_var_v3,Variance %,D8_random12_mul_l1_s42_l0,10.128919072687232
4. Spatial Torso Physical Fidelity & Precordial Nullspace,PreSACAN / Helmholtz-Geselowitz Lead Field Theory,Verification of genuine precordial dipole recovery vs synthetic mean collapse,Precordial Lead V3 R-Wave Power Retention,PreSACAN_V3_Var_Ret_Pct,presacan_var_v3,Variance %,factorial_ecg_aim_1100013_s42,33.20303963808377
4. Spatial Torso Physical Fidelity & Precordial Nullspace,PreSACAN / Helmholtz-Geselowitz Lead Field Theory,Verification of genuine precordial dipole recovery vs synthetic mean collapse,Precordial Lead V3 R-Wave Power Retention,PreSACAN_V3_Var_Ret_Pct,presacan_var_v3,Variance %,factorial_ecg_aim_1100110_s42,26.910569751927838
4. Spatial Torso Physical Fidelity & Precordial Nullspace,PreSACAN / Helmholtz-Geselowitz Lead Field Theory,Verification of genuine precordial dipole recovery vs synthetic mean collapse,Precordial Lead V3 R-Wave Power Retention,PreSACAN_V3_Var_Ret_Pct,presacan_var_v3,Variance %,factorial_ecg_aim_1100111_s42,26.145051972803124
4. Spatial Torso Physical Fidelity & Precordial Nullspace,PreSACAN / Helmholtz-Geselowitz Lead Field Theory,Verification of genuine precordial dipole recovery vs synthetic mean collapse,Precordial Lead V3 R-Wave Power Retention,PreSACAN_V3_Var_Ret_Pct,presacan_var_v3,Variance %,factorial_ecg_aim_1101113_s42,10.537051808277393
4. Spatial Torso Physical Fidelity & Precordial Nullspace,PreSACAN / Helmholtz-Geselowitz Lead Field Theory,Verification of genuine precordial dipole recovery vs synthetic mean collapse,Precordial Lead V3 R-Wave Power Retention,PreSACAN_V3_Var_Ret_Pct,presacan_var_v3,Variance %,spatial_1lead_a0_1110000_s42_l0,15.474587966507405
4. Spatial Torso Physical Fidelity & Precordial Nullspace,PreSACAN / Helmholtz-Geselowitz Lead Field Theory,Verification of genuine precordial dipole recovery vs synthetic mean collapse,Precordial Lead V3 R-Wave Power Retention,PreSACAN_V3_Var_Ret_Pct,presacan_var_v3,Variance %,spatial_1lead_e1_panorama_film_1110000_s42_l0,15.665977399749915
4. Spatial Torso Physical Fidelity & Precordial Nullspace,PreSACAN / Helmholtz-Geselowitz Lead Field Theory,Verification of genuine precordial dipole recovery vs synthetic mean collapse,Precordial Lead V3 R-Wave Power Retention,PreSACAN_V3_Var_Ret_Pct,presacan_var_v3,Variance %,spatial_1lead_pa1_panorama_author_1110000_s42_l0,16.54052186282827
4. Spatial Torso Physical Fidelity & Precordial Nullspace,PreSACAN / Helmholtz-Geselowitz Lead Field Theory,Verification of genuine precordial dipole recovery vs synthetic mean collapse,Precordial Lead V3 R-Wave Power Retention,PreSACAN_V3_Var_Ret_Pct,presacan_var_v3,Variance %,spatial_1lead_b1_panorama_1110000_s42_l0,15.769578772076182
4. Spatial Torso Physical Fidelity & Precordial Nullspace,PreSACAN / Helmholtz-Geselowitz Lead Field Theory,Verification of genuine precordial dipole recovery vs synthetic mean collapse,Precordial Lead V3 R-Wave Power Retention,PreSACAN_V3_Var_Ret_Pct,presacan_var_v3,Variance %,spatial_1lead_cm1_capacity_matched_1110000_s42_l0,16.40180106046758
4. Spatial Torso Physical Fidelity & Precordial Nullspace,PreSACAN / Helmholtz-Geselowitz Lead Field Theory,Verification of genuine precordial dipole recovery vs synthetic mean collapse,Precordial Lead V3 R-Wave Power Retention,PreSACAN_V3_Var_Ret_Pct,presacan_var_v3,Variance %,spatial_1lead_pg1_permuted_geometry_1110000_s42_l0,15.239036917184848
4. Spatial Torso Physical Fidelity & Precordial Nullspace,PreSACAN / Helmholtz-Geselowitz Lead Field Theory,Verification of genuine precordial dipole recovery vs synthetic mean collapse,Precordial Lead V3 R-Wave Power Retention,PreSACAN_V3_Var_Ret_Pct,presacan_var_v3,Variance %,spatial_1lead_t000_exact_theta_1110000_s42_l0,15.348376923399144
4. Spatial Torso Physical Fidelity & Precordial Nullspace,PreSACAN / Helmholtz-Geselowitz Lead Field Theory,Verification of genuine precordial dipole recovery vs synthetic mean collapse,Precordial Lead V3 R-Wave Power Retention,PreSACAN_V3_Var_Ret_Pct,presacan_var_v3,Variance %,spatial_1lead_c1_panorama_hybrid_1110000_s42_l0,15.968245062251455
4. Spatial Torso Physical Fidelity & Precordial Nullspace,PreSACAN / Helmholtz-Geselowitz Lead Field Theory,Verification of genuine precordial dipole recovery vs synthetic mean collapse,Precordial Lead V3 R-Wave Power Retention,PreSACAN_V3_Var_Ret_Pct,presacan_var_v3,Variance %,spatial_1lead_d1_panorama_relative_1110000_s42_l0,16.046737545629394
4. Spatial Torso Physical Fidelity & Precordial Nullspace,PreSACAN / Helmholtz-Geselowitz Lead Field Theory,Verification of genuine precordial dipole recovery vs synthetic mean collapse,Precordial Lead V3 R-Wave Power Retention,PreSACAN_V3_Var_Ret_Pct,presacan_var_v3,Variance %,spatial_1lead_e1_panorama_film_1010010_s42_l0,17.51922915490131
4. Spatial Torso Physical Fidelity & Precordial Nullspace,PreSACAN / Helmholtz-Geselowitz Lead Field Theory,Verification of genuine precordial dipole recovery vs synthetic mean collapse,Precordial Lead V3 R-Wave Power Retention,PreSACAN_V3_Var_Ret_Pct,presacan_var_v3,Variance %,spatial_1lead_pa1_panorama_author_1010010_s42_l0,19.440958646676624
4. Spatial Torso Physical Fidelity & Precordial Nullspace,PreSACAN / Helmholtz-Geselowitz Lead Field Theory,Verification of genuine precordial dipole recovery vs synthetic mean collapse,Precordial Lead V3 R-Wave Power Retention,PreSACAN_V3_Var_Ret_Pct,presacan_var_v3,Variance %,spatial_1lead_t000_exact_theta_1010010_s42_l0,20.00560321138074
4. Spatial Torso Physical Fidelity & Precordial Nullspace,PreSACAN / Helmholtz-Geselowitz Lead Field Theory,Verification of genuine precordial dipole recovery vs synthetic mean collapse,Precordial Lead V3 R-Wave Power Retention,PreSACAN_V3_Var_Ret_Pct,presacan_var_v3,Variance %,spatial_1lead_a0_1010010_s42_l0,19.71113916571997
4. Spatial Torso Physical Fidelity & Precordial Nullspace,PreSACAN / Helmholtz-Geselowitz Lead Field Theory,Verification of genuine precordial dipole recovery vs synthetic mean collapse,Precordial Lead V3 R-Wave Power Retention,PreSACAN_V3_Var_Ret_Pct,presacan_var_v3,Variance %,spatial_1lead_cm1_capacity_matched_1010010_s42_l0,21.11400278818961
4. Spatial Torso Physical Fidelity & Precordial Nullspace,PreSACAN / Helmholtz-Geselowitz Lead Field Theory,Verification of genuine precordial dipole recovery vs synthetic mean collapse,Precordial Lead V3 R-Wave Power Retention,PreSACAN_V3_Var_Ret_Pct,presacan_var_v3,Variance %,spatial_1lead_d1_panorama_relative_1010010_s42_l0,19.293627790649925
4. Spatial Torso Physical Fidelity & Precordial Nullspace,PreSACAN / Helmholtz-Geselowitz Lead Field Theory,Verification of genuine precordial dipole recovery vs synthetic mean collapse,Precordial Lead V3 R-Wave Power Retention,PreSACAN_V3_Var_Ret_Pct,presacan_var_v3,Variance %,spatial_1lead_b1_panorama_1010010_s42_l0,19.023323204402693
4. Spatial Torso Physical Fidelity & Precordial Nullspace,PreSACAN / Helmholtz-Geselowitz Lead Field Theory,Verification of genuine precordial dipole recovery vs synthetic mean collapse,Precordial Lead V3 R-Wave Power Retention,PreSACAN_V3_Var_Ret_Pct,presacan_var_v3,Variance %,spatial_1lead_pg1_permuted_geometry_1010010_s42_l0,19.85558913921585
4. Spatial Torso Physical Fidelity & Precordial Nullspace,PreSACAN / Helmholtz-Geselowitz Lead Field Theory,Verification of genuine precordial dipole recovery vs synthetic mean collapse,Precordial Lead V3 R-Wave Power Retention,PreSACAN_V3_Var_Ret_Pct,presacan_var_v3,Variance %,spatial_1lead_c1_panorama_hybrid_1010010_s42_l0,19.004204238001105
4. Spatial Torso Physical Fidelity & Precordial Nullspace,PreSACAN / Helmholtz-Geselowitz Lead Field Theory,Verification of genuine precordial dipole recovery vs synthetic mean collapse,Precordial Lead V3 R-Wave Power Retention,PreSACAN_V3_Var_Ret_Pct,presacan_var_v3,Variance %,spatial_1lead_t111_exact_theta_1010010_s42_l0,18.11268254491359
4. Spatial Torso Physical Fidelity & Precordial Nullspace,PreSACAN / Helmholtz-Geselowitz Lead Field Theory,Verification of genuine precordial dipole recovery vs synthetic mean collapse,Precordial Lead V3 R-Wave Power Retention,PreSACAN_V3_Var_Ret_Pct,presacan_var_v3,Variance %,spatial_1lead_t111_exact_theta_1110000_s42_l0,10.962580237835567
4. Spatial Torso Physical Fidelity & Precordial Nullspace,PreSACAN / Helmholtz-Geselowitz Lead Field Theory,Verification of genuine precordial dipole recovery vs synthetic mean collapse,Precordial Lead V3 R-Wave Power Retention,PreSACAN_V3_Var_Ret_Pct,presacan_var_v3,Variance %,spatial_1lead_e1_panorama_film_1000000_s42_l0,17.118362762074092
4. Spatial Torso Physical Fidelity & Precordial Nullspace,PreSACAN / Helmholtz-Geselowitz Lead Field Theory,Verification of genuine precordial dipole recovery vs synthetic mean collapse,Precordial Lead V3 R-Wave Power Retention,PreSACAN_V3_Var_Ret_Pct,presacan_var_v3,Variance %,spatial_1lead_d1_panorama_relative_1000000_s42_l0,20.50743822841117
4. Spatial Torso Physical Fidelity & Precordial Nullspace,PreSACAN / Helmholtz-Geselowitz Lead Field Theory,Verification of genuine precordial dipole recovery vs synthetic mean collapse,Precordial Lead V3 R-Wave Power Retention,PreSACAN_V3_Var_Ret_Pct,presacan_var_v3,Variance %,spatial_1lead_pg1_permuted_geometry_1000000_s42_l0,20.213806905000187
4. Spatial Torso Physical Fidelity & Precordial Nullspace,PreSACAN / Helmholtz-Geselowitz Lead Field Theory,Verification of genuine precordial dipole recovery vs synthetic mean collapse,Precordial Lead V3 R-Wave Power Retention,PreSACAN_V3_Var_Ret_Pct,presacan_var_v3,Variance %,spatial_1lead_cm1_capacity_matched_1000000_s42_l0,19.73943910520882
4. Spatial Torso Physical Fidelity & Precordial Nullspace,PreSACAN / Helmholtz-Geselowitz Lead Field Theory,Verification of genuine precordial dipole recovery vs synthetic mean collapse,Precordial Lead V3 R-Wave Power Retention,PreSACAN_V3_Var_Ret_Pct,presacan_var_v3,Variance %,spatial_1lead_pa1_panorama_author_1000000_s42_l0,19.824126537444997
4. Spatial Torso Physical Fidelity & Precordial Nullspace,PreSACAN / Helmholtz-Geselowitz Lead Field Theory,Verification of genuine precordial dipole recovery vs synthetic mean collapse,Precordial Lead V3 R-Wave Power Retention,PreSACAN_V3_Var_Ret_Pct,presacan_var_v3,Variance %,spatial_1lead_c1_panorama_hybrid_1000000_s42_l0,18.136743171130814
4. Spatial Torso Physical Fidelity & Precordial Nullspace,PreSACAN / Helmholtz-Geselowitz Lead Field Theory,Verification of genuine precordial dipole recovery vs synthetic mean collapse,Precordial Lead V3 R-Wave Power Retention,PreSACAN_V3_Var_Ret_Pct,presacan_var_v3,Variance %,spatial_1lead_b1_panorama_1000000_s42_l0,20.411513251470847
4. Spatial Torso Physical Fidelity & Precordial Nullspace,PreSACAN / Helmholtz-Geselowitz Lead Field Theory,Verification of genuine precordial dipole recovery vs synthetic mean collapse,Precordial Lead V3 R-Wave Power Retention,PreSACAN_V3_Var_Ret_Pct,presacan_var_v3,Variance %,spatial_1lead_t111_exact_theta_1000000_s42_l0,14.175221626082813
4. Spatial Torso Physical Fidelity & Precordial Nullspace,PreSACAN / Helmholtz-Geselowitz Lead Field Theory,Verification of genuine precordial dipole recovery vs synthetic mean collapse,Precordial Lead V3 R-Wave Power Retention,PreSACAN_V3_Var_Ret_Pct,presacan_var_v3,Variance %,spatial_1lead_t000_exact_theta_1000000_s42_l0,17.921526526241095
4. Spatial Torso Physical Fidelity & Precordial Nullspace,PreSACAN / Helmholtz-Geselowitz Lead Field Theory,Verification of genuine precordial dipole recovery vs synthetic mean collapse,Precordial Lead V3 R-Wave Dynamic Range Slope,PreSACAN_V3_Slope,presacan_slope_v3,Slope,conv15e_A0_wave_noSSL_gated_add_s42_l0,0.07458703029353451
4. Spatial Torso Physical Fidelity & Precordial Nullspace,PreSACAN / Helmholtz-Geselowitz Lead Field Theory,Verification of genuine precordial dipole recovery vs synthetic mean collapse,Precordial Lead V3 R-Wave Dynamic Range Slope,PreSACAN_V3_Slope,presacan_slope_v3,Slope,conv15e_A0_zscore_s42_l0,0.05727104802608252
4. Spatial Torso Physical Fidelity & Precordial Nullspace,PreSACAN / Helmholtz-Geselowitz Lead Field Theory,Verification of genuine precordial dipole recovery vs synthetic mean collapse,Precordial Lead V3 R-Wave Dynamic Range Slope,PreSACAN_V3_Slope,presacan_slope_v3,Slope,conv15e_C1_E1_morlet_mag_morlet_phase_s42_l0,0.08974803011121599
4. Spatial Torso Physical Fidelity & Precordial Nullspace,PreSACAN / Helmholtz-Geselowitz Lead Field Theory,Verification of genuine precordial dipole recovery vs synthetic mean collapse,Precordial Lead V3 R-Wave Dynamic Range Slope,PreSACAN_V3_Slope,presacan_slope_v3,Slope,conv15e_R5_morlet_mag_ueg_phase_wyatt_s42_l0,0.06916084086812371
4. Spatial Torso Physical Fidelity & Precordial Nullspace,PreSACAN / Helmholtz-Geselowitz Lead Field Theory,Verification of genuine precordial dipole recovery vs synthetic mean collapse,Precordial Lead V3 R-Wave Dynamic Range Slope,PreSACAN_V3_Slope,presacan_slope_v3,Slope,conv15e_R7_morlet_mag_ueg_real_s42_l0,0.08387316875785623
4. Spatial Torso Physical Fidelity & Precordial Nullspace,PreSACAN / Helmholtz-Geselowitz Lead Field Theory,Verification of genuine precordial dipole recovery vs synthetic mean collapse,Precordial Lead V3 R-Wave Dynamic Range Slope,PreSACAN_V3_Slope,presacan_slope_v3,Slope,conv15e_del_wave_ce_s42_l0,0.06528606580422211
4. Spatial Torso Physical Fidelity & Precordial Nullspace,PreSACAN / Helmholtz-Geselowitz Lead Field Theory,Verification of genuine precordial dipole recovery vs synthetic mean collapse,Precordial Lead V3 R-Wave Dynamic Range Slope,PreSACAN_V3_Slope,presacan_slope_v3,Slope,conv15e_ssl_log_magnitude_phase_sin_local_gated_add_s42_l0,0.07329092386032775
4. Spatial Torso Physical Fidelity & Precordial Nullspace,PreSACAN / Helmholtz-Geselowitz Lead Field Theory,Verification of genuine precordial dipole recovery vs synthetic mean collapse,Precordial Lead V3 R-Wave Dynamic Range Slope,PreSACAN_V3_Slope,presacan_slope_v3,Slope,conv15e_ssl_log_magnitude_real_both_gated_add_s42_l0,0.07195944111541885
4. Spatial Torso Physical Fidelity & Precordial Nullspace,PreSACAN / Helmholtz-Geselowitz Lead Field Theory,Verification of genuine precordial dipole recovery vs synthetic mean collapse,Precordial Lead V3 R-Wave Dynamic Range Slope,PreSACAN_V3_Slope,presacan_slope_v3,Slope,D1_theta_mul_currentloss_s42_l0,0.02522524084429957
4. Spatial Torso Physical Fidelity & Precordial Nullspace,PreSACAN / Helmholtz-Geselowitz Lead Field Theory,Verification of genuine precordial dipole recovery vs synthetic mean collapse,Precordial Lead V3 R-Wave Dynamic Range Slope,PreSACAN_V3_Slope,presacan_slope_v3,Slope,D2_current_id_l1_s42_l0,0.016696813309686233
4. Spatial Torso Physical Fidelity & Precordial Nullspace,PreSACAN / Helmholtz-Geselowitz Lead Field Theory,Verification of genuine precordial dipole recovery vs synthetic mean collapse,Precordial Lead V3 R-Wave Dynamic Range Slope,PreSACAN_V3_Slope,presacan_slope_v3,Slope,D3_theta_mul_l1_s42_l0,0.028689229709926614
4. Spatial Torso Physical Fidelity & Precordial Nullspace,PreSACAN / Helmholtz-Geselowitz Lead Field Theory,Verification of genuine precordial dipole recovery vs synthetic mean collapse,Precordial Lead V3 R-Wave Dynamic Range Slope,PreSACAN_V3_Slope,presacan_slope_v3,Slope,D4_learned12_mul_l1_s42_l0,0.03646058698450693
4. Spatial Torso Physical Fidelity & Precordial Nullspace,PreSACAN / Helmholtz-Geselowitz Lead Field Theory,Verification of genuine precordial dipole recovery vs synthetic mean collapse,Precordial Lead V3 R-Wave Dynamic Range Slope,PreSACAN_V3_Slope,presacan_slope_v3,Slope,D5_permuted_theta_mul_l1_s42_l0,0.018884966556561144
4. Spatial Torso Physical Fidelity & Precordial Nullspace,PreSACAN / Helmholtz-Geselowitz Lead Field Theory,Verification of genuine precordial dipole recovery vs synthetic mean collapse,Precordial Lead V3 R-Wave Dynamic Range Slope,PreSACAN_V3_Slope,presacan_slope_v3,Slope,D6_theta_add_l1_s42_l0,0.01869201460679269
4. Spatial Torso Physical Fidelity & Precordial Nullspace,PreSACAN / Helmholtz-Geselowitz Lead Field Theory,Verification of genuine precordial dipole recovery vs synthetic mean collapse,Precordial Lead V3 R-Wave Dynamic Range Slope,PreSACAN_V3_Slope,presacan_slope_v3,Slope,D7_learned12_add_l1_s42_l0,0.01574147633012203
4. Spatial Torso Physical Fidelity & Precordial Nullspace,PreSACAN / Helmholtz-Geselowitz Lead Field Theory,Verification of genuine precordial dipole recovery vs synthetic mean collapse,Precordial Lead V3 R-Wave Dynamic Range Slope,PreSACAN_V3_Slope,presacan_slope_v3,Slope,D8_random12_mul_l1_s42_l0,0.026455102621855808
4. Spatial Torso Physical Fidelity & Precordial Nullspace,PreSACAN / Helmholtz-Geselowitz Lead Field Theory,Verification of genuine precordial dipole recovery vs synthetic mean collapse,Precordial Lead V3 R-Wave Dynamic Range Slope,PreSACAN_V3_Slope,presacan_slope_v3,Slope,factorial_ecg_aim_1100013_s42,0.081610717834226
4. Spatial Torso Physical Fidelity & Precordial Nullspace,PreSACAN / Helmholtz-Geselowitz Lead Field Theory,Verification of genuine precordial dipole recovery vs synthetic mean collapse,Precordial Lead V3 R-Wave Dynamic Range Slope,PreSACAN_V3_Slope,presacan_slope_v3,Slope,factorial_ecg_aim_1100110_s42,0.07393632404912263
4. Spatial Torso Physical Fidelity & Precordial Nullspace,PreSACAN / Helmholtz-Geselowitz Lead Field Theory,Verification of genuine precordial dipole recovery vs synthetic mean collapse,Precordial Lead V3 R-Wave Dynamic Range Slope,PreSACAN_V3_Slope,presacan_slope_v3,Slope,factorial_ecg_aim_1100111_s42,0.08017107750690262
4. Spatial Torso Physical Fidelity & Precordial Nullspace,PreSACAN / Helmholtz-Geselowitz Lead Field Theory,Verification of genuine precordial dipole recovery vs synthetic mean collapse,Precordial Lead V3 R-Wave Dynamic Range Slope,PreSACAN_V3_Slope,presacan_slope_v3,Slope,factorial_ecg_aim_1101113_s42,0.062474122977463346
4. Spatial Torso Physical Fidelity & Precordial Nullspace,PreSACAN / Helmholtz-Geselowitz Lead Field Theory,Verification of genuine precordial dipole recovery vs synthetic mean collapse,Precordial Lead V3 R-Wave Dynamic Range Slope,PreSACAN_V3_Slope,presacan_slope_v3,Slope,spatial_1lead_a0_1110000_s42_l0,0.055489328710805315
4. Spatial Torso Physical Fidelity & Precordial Nullspace,PreSACAN / Helmholtz-Geselowitz Lead Field Theory,Verification of genuine precordial dipole recovery vs synthetic mean collapse,Precordial Lead V3 R-Wave Dynamic Range Slope,PreSACAN_V3_Slope,presacan_slope_v3,Slope,spatial_1lead_e1_panorama_film_1110000_s42_l0,0.055184873233419425
4. Spatial Torso Physical Fidelity & Precordial Nullspace,PreSACAN / Helmholtz-Geselowitz Lead Field Theory,Verification of genuine precordial dipole recovery vs synthetic mean collapse,Precordial Lead V3 R-Wave Dynamic Range Slope,PreSACAN_V3_Slope,presacan_slope_v3,Slope,spatial_1lead_pa1_panorama_author_1110000_s42_l0,0.048284896725411475
4. Spatial Torso Physical Fidelity & Precordial Nullspace,PreSACAN / Helmholtz-Geselowitz Lead Field Theory,Verification of genuine precordial dipole recovery vs synthetic mean collapse,Precordial Lead V3 R-Wave Dynamic Range Slope,PreSACAN_V3_Slope,presacan_slope_v3,Slope,spatial_1lead_b1_panorama_1110000_s42_l0,0.04586870585967769
4. Spatial Torso Physical Fidelity & Precordial Nullspace,PreSACAN / Helmholtz-Geselowitz Lead Field Theory,Verification of genuine precordial dipole recovery vs synthetic mean collapse,Precordial Lead V3 R-Wave Dynamic Range Slope,PreSACAN_V3_Slope,presacan_slope_v3,Slope,spatial_1lead_cm1_capacity_matched_1110000_s42_l0,0.049756086274994345
4. Spatial Torso Physical Fidelity & Precordial Nullspace,PreSACAN / Helmholtz-Geselowitz Lead Field Theory,Verification of genuine precordial dipole recovery vs synthetic mean collapse,Precordial Lead V3 R-Wave Dynamic Range Slope,PreSACAN_V3_Slope,presacan_slope_v3,Slope,spatial_1lead_pg1_permuted_geometry_1110000_s42_l0,0.044777122902897794
4. Spatial Torso Physical Fidelity & Precordial Nullspace,PreSACAN / Helmholtz-Geselowitz Lead Field Theory,Verification of genuine precordial dipole recovery vs synthetic mean collapse,Precordial Lead V3 R-Wave Dynamic Range Slope,PreSACAN_V3_Slope,presacan_slope_v3,Slope,spatial_1lead_t000_exact_theta_1110000_s42_l0,0.04773973657070519
4. Spatial Torso Physical Fidelity & Precordial Nullspace,PreSACAN / Helmholtz-Geselowitz Lead Field Theory,Verification of genuine precordial dipole recovery vs synthetic mean collapse,Precordial Lead V3 R-Wave Dynamic Range Slope,PreSACAN_V3_Slope,presacan_slope_v3,Slope,spatial_1lead_c1_panorama_hybrid_1110000_s42_l0,0.05031942419517098
4. Spatial Torso Physical Fidelity & Precordial Nullspace,PreSACAN / Helmholtz-Geselowitz Lead Field Theory,Verification of genuine precordial dipole recovery vs synthetic mean collapse,Precordial Lead V3 R-Wave Dynamic Range Slope,PreSACAN_V3_Slope,presacan_slope_v3,Slope,spatial_1lead_d1_panorama_relative_1110000_s42_l0,0.05006384672855447
4. Spatial Torso Physical Fidelity & Precordial Nullspace,PreSACAN / Helmholtz-Geselowitz Lead Field Theory,Verification of genuine precordial dipole recovery vs synthetic mean collapse,Precordial Lead V3 R-Wave Dynamic Range Slope,PreSACAN_V3_Slope,presacan_slope_v3,Slope,spatial_1lead_e1_panorama_film_1010010_s42_l0,0.05074534717641908
4. Spatial Torso Physical Fidelity & Precordial Nullspace,PreSACAN / Helmholtz-Geselowitz Lead Field Theory,Verification of genuine precordial dipole recovery vs synthetic mean collapse,Precordial Lead V3 R-Wave Dynamic Range Slope,PreSACAN_V3_Slope,presacan_slope_v3,Slope,spatial_1lead_pa1_panorama_author_1010010_s42_l0,0.05211851185991759
4. Spatial Torso Physical Fidelity & Precordial Nullspace,PreSACAN / Helmholtz-Geselowitz Lead Field Theory,Verification of genuine precordial dipole recovery vs synthetic mean collapse,Precordial Lead V3 R-Wave Dynamic Range Slope,PreSACAN_V3_Slope,presacan_slope_v3,Slope,spatial_1lead_t000_exact_theta_1010010_s42_l0,0.047779647117479764
4. Spatial Torso Physical Fidelity & Precordial Nullspace,PreSACAN / Helmholtz-Geselowitz Lead Field Theory,Verification of genuine precordial dipole recovery vs synthetic mean collapse,Precordial Lead V3 R-Wave Dynamic Range Slope,PreSACAN_V3_Slope,presacan_slope_v3,Slope,spatial_1lead_a0_1010010_s42_l0,0.04689412438940337
4. Spatial Torso Physical Fidelity & Precordial Nullspace,PreSACAN / Helmholtz-Geselowitz Lead Field Theory,Verification of genuine precordial dipole recovery vs synthetic mean collapse,Precordial Lead V3 R-Wave Dynamic Range Slope,PreSACAN_V3_Slope,presacan_slope_v3,Slope,spatial_1lead_cm1_capacity_matched_1010010_s42_l0,0.04191154547846652
4. Spatial Torso Physical Fidelity & Precordial Nullspace,PreSACAN / Helmholtz-Geselowitz Lead Field Theory,Verification of genuine precordial dipole recovery vs synthetic mean collapse,Precordial Lead V3 R-Wave Dynamic Range Slope,PreSACAN_V3_Slope,presacan_slope_v3,Slope,spatial_1lead_d1_panorama_relative_1010010_s42_l0,0.044305139748034364
4. Spatial Torso Physical Fidelity & Precordial Nullspace,PreSACAN / Helmholtz-Geselowitz Lead Field Theory,Verification of genuine precordial dipole recovery vs synthetic mean collapse,Precordial Lead V3 R-Wave Dynamic Range Slope,PreSACAN_V3_Slope,presacan_slope_v3,Slope,spatial_1lead_b1_panorama_1010010_s42_l0,0.04468620937006349
4. Spatial Torso Physical Fidelity & Precordial Nullspace,PreSACAN / Helmholtz-Geselowitz Lead Field Theory,Verification of genuine precordial dipole recovery vs synthetic mean collapse,Precordial Lead V3 R-Wave Dynamic Range Slope,PreSACAN_V3_Slope,presacan_slope_v3,Slope,spatial_1lead_pg1_permuted_geometry_1010010_s42_l0,0.04817397482500317
4. Spatial Torso Physical Fidelity & Precordial Nullspace,PreSACAN / Helmholtz-Geselowitz Lead Field Theory,Verification of genuine precordial dipole recovery vs synthetic mean collapse,Precordial Lead V3 R-Wave Dynamic Range Slope,PreSACAN_V3_Slope,presacan_slope_v3,Slope,spatial_1lead_c1_panorama_hybrid_1010010_s42_l0,0.04525995864561963
4. Spatial Torso Physical Fidelity & Precordial Nullspace,PreSACAN / Helmholtz-Geselowitz Lead Field Theory,Verification of genuine precordial dipole recovery vs synthetic mean collapse,Precordial Lead V3 R-Wave Dynamic Range Slope,PreSACAN_V3_Slope,presacan_slope_v3,Slope,spatial_1lead_t111_exact_theta_1010010_s42_l0,0.04568711644027739
4. Spatial Torso Physical Fidelity & Precordial Nullspace,PreSACAN / Helmholtz-Geselowitz Lead Field Theory,Verification of genuine precordial dipole recovery vs synthetic mean collapse,Precordial Lead V3 R-Wave Dynamic Range Slope,PreSACAN_V3_Slope,presacan_slope_v3,Slope,spatial_1lead_t111_exact_theta_1110000_s42_l0,0.04238641073155817
4. Spatial Torso Physical Fidelity & Precordial Nullspace,PreSACAN / Helmholtz-Geselowitz Lead Field Theory,Verification of genuine precordial dipole recovery vs synthetic mean collapse,Precordial Lead V3 R-Wave Dynamic Range Slope,PreSACAN_V3_Slope,presacan_slope_v3,Slope,spatial_1lead_e1_panorama_film_1000000_s42_l0,0.04408290357043709
4. Spatial Torso Physical Fidelity & Precordial Nullspace,PreSACAN / Helmholtz-Geselowitz Lead Field Theory,Verification of genuine precordial dipole recovery vs synthetic mean collapse,Precordial Lead V3 R-Wave Dynamic Range Slope,PreSACAN_V3_Slope,presacan_slope_v3,Slope,spatial_1lead_d1_panorama_relative_1000000_s42_l0,0.05425833872474911
4. Spatial Torso Physical Fidelity & Precordial Nullspace,PreSACAN / Helmholtz-Geselowitz Lead Field Theory,Verification of genuine precordial dipole recovery vs synthetic mean collapse,Precordial Lead V3 R-Wave Dynamic Range Slope,PreSACAN_V3_Slope,presacan_slope_v3,Slope,spatial_1lead_pg1_permuted_geometry_1000000_s42_l0,0.048622404797690345
4. Spatial Torso Physical Fidelity & Precordial Nullspace,PreSACAN / Helmholtz-Geselowitz Lead Field Theory,Verification of genuine precordial dipole recovery vs synthetic mean collapse,Precordial Lead V3 R-Wave Dynamic Range Slope,PreSACAN_V3_Slope,presacan_slope_v3,Slope,spatial_1lead_cm1_capacity_matched_1000000_s42_l0,0.0558063127136628
4. Spatial Torso Physical Fidelity & Precordial Nullspace,PreSACAN / Helmholtz-Geselowitz Lead Field Theory,Verification of genuine precordial dipole recovery vs synthetic mean collapse,Precordial Lead V3 R-Wave Dynamic Range Slope,PreSACAN_V3_Slope,presacan_slope_v3,Slope,spatial_1lead_pa1_panorama_author_1000000_s42_l0,0.05252341262164812
4. Spatial Torso Physical Fidelity & Precordial Nullspace,PreSACAN / Helmholtz-Geselowitz Lead Field Theory,Verification of genuine precordial dipole recovery vs synthetic mean collapse,Precordial Lead V3 R-Wave Dynamic Range Slope,PreSACAN_V3_Slope,presacan_slope_v3,Slope,spatial_1lead_c1_panorama_hybrid_1000000_s42_l0,0.051882867823905374
4. Spatial Torso Physical Fidelity & Precordial Nullspace,PreSACAN / Helmholtz-Geselowitz Lead Field Theory,Verification of genuine precordial dipole recovery vs synthetic mean collapse,Precordial Lead V3 R-Wave Dynamic Range Slope,PreSACAN_V3_Slope,presacan_slope_v3,Slope,spatial_1lead_b1_panorama_1000000_s42_l0,0.059421961118067024
4. Spatial Torso Physical Fidelity & Precordial Nullspace,PreSACAN / Helmholtz-Geselowitz Lead Field Theory,Verification of genuine precordial dipole recovery vs synthetic mean collapse,Precordial Lead V3 R-Wave Dynamic Range Slope,PreSACAN_V3_Slope,presacan_slope_v3,Slope,spatial_1lead_t111_exact_theta_1000000_s42_l0,0.03896582180948793
4. Spatial Torso Physical Fidelity & Precordial Nullspace,PreSACAN / Helmholtz-Geselowitz Lead Field Theory,Verification of genuine precordial dipole recovery vs synthetic mean collapse,Precordial Lead V3 R-Wave Dynamic Range Slope,PreSACAN_V3_Slope,presacan_slope_v3,Slope,spatial_1lead_t000_exact_theta_1000000_s42_l0,0.05345392776513823
4. Spatial Torso Physical Fidelity & Precordial Nullspace,PreSACAN / Helmholtz-Geselowitz Lead Field Theory,Verification of genuine precordial dipole recovery vs synthetic mean collapse,Precordial Lead V6 R-Wave Power Retention,PreSACAN_V6_Var_Ret_Pct,presacan_var_v6,Variance %,conv15e_A0_wave_noSSL_gated_add_s42_l0,39.97031468883949
4. Spatial Torso Physical Fidelity & Precordial Nullspace,PreSACAN / Helmholtz-Geselowitz Lead Field Theory,Verification of genuine precordial dipole recovery vs synthetic mean collapse,Precordial Lead V6 R-Wave Power Retention,PreSACAN_V6_Var_Ret_Pct,presacan_var_v6,Variance %,conv15e_A0_zscore_s42_l0,34.52638743102156
4. Spatial Torso Physical Fidelity & Precordial Nullspace,PreSACAN / Helmholtz-Geselowitz Lead Field Theory,Verification of genuine precordial dipole recovery vs synthetic mean collapse,Precordial Lead V6 R-Wave Power Retention,PreSACAN_V6_Var_Ret_Pct,presacan_var_v6,Variance %,conv15e_C1_E1_morlet_mag_morlet_phase_s42_l0,84.76571685588942
4. Spatial Torso Physical Fidelity & Precordial Nullspace,PreSACAN / Helmholtz-Geselowitz Lead Field Theory,Verification of genuine precordial dipole recovery vs synthetic mean collapse,Precordial Lead V6 R-Wave Power Retention,PreSACAN_V6_Var_Ret_Pct,presacan_var_v6,Variance %,conv15e_R5_morlet_mag_ueg_phase_wyatt_s42_l0,37.41874038781627
4. Spatial Torso Physical Fidelity & Precordial Nullspace,PreSACAN / Helmholtz-Geselowitz Lead Field Theory,Verification of genuine precordial dipole recovery vs synthetic mean collapse,Precordial Lead V6 R-Wave Power Retention,PreSACAN_V6_Var_Ret_Pct,presacan_var_v6,Variance %,conv15e_R7_morlet_mag_ueg_real_s42_l0,42.2029435244968
4. Spatial Torso Physical Fidelity & Precordial Nullspace,PreSACAN / Helmholtz-Geselowitz Lead Field Theory,Verification of genuine precordial dipole recovery vs synthetic mean collapse,Precordial Lead V6 R-Wave Power Retention,PreSACAN_V6_Var_Ret_Pct,presacan_var_v6,Variance %,conv15e_del_wave_ce_s42_l0,38.92152554763597
4. Spatial Torso Physical Fidelity & Precordial Nullspace,PreSACAN / Helmholtz-Geselowitz Lead Field Theory,Verification of genuine precordial dipole recovery vs synthetic mean collapse,Precordial Lead V6 R-Wave Power Retention,PreSACAN_V6_Var_Ret_Pct,presacan_var_v6,Variance %,conv15e_ssl_log_magnitude_phase_sin_local_gated_add_s42_l0,40.30673252448274
4. Spatial Torso Physical Fidelity & Precordial Nullspace,PreSACAN / Helmholtz-Geselowitz Lead Field Theory,Verification of genuine precordial dipole recovery vs synthetic mean collapse,Precordial Lead V6 R-Wave Power Retention,PreSACAN_V6_Var_Ret_Pct,presacan_var_v6,Variance %,conv15e_ssl_log_magnitude_real_both_gated_add_s42_l0,41.55924521899145
4. Spatial Torso Physical Fidelity & Precordial Nullspace,PreSACAN / Helmholtz-Geselowitz Lead Field Theory,Verification of genuine precordial dipole recovery vs synthetic mean collapse,Precordial Lead V6 R-Wave Power Retention,PreSACAN_V6_Var_Ret_Pct,presacan_var_v6,Variance %,D1_theta_mul_currentloss_s42_l0,15.704747936134108
4. Spatial Torso Physical Fidelity & Precordial Nullspace,PreSACAN / Helmholtz-Geselowitz Lead Field Theory,Verification of genuine precordial dipole recovery vs synthetic mean collapse,Precordial Lead V6 R-Wave Power Retention,PreSACAN_V6_Var_Ret_Pct,presacan_var_v6,Variance %,D2_current_id_l1_s42_l0,10.701664156660758
4. Spatial Torso Physical Fidelity & Precordial Nullspace,PreSACAN / Helmholtz-Geselowitz Lead Field Theory,Verification of genuine precordial dipole recovery vs synthetic mean collapse,Precordial Lead V6 R-Wave Power Retention,PreSACAN_V6_Var_Ret_Pct,presacan_var_v6,Variance %,D3_theta_mul_l1_s42_l0,13.64992896279546
4. Spatial Torso Physical Fidelity & Precordial Nullspace,PreSACAN / Helmholtz-Geselowitz Lead Field Theory,Verification of genuine precordial dipole recovery vs synthetic mean collapse,Precordial Lead V6 R-Wave Power Retention,PreSACAN_V6_Var_Ret_Pct,presacan_var_v6,Variance %,D4_learned12_mul_l1_s42_l0,16.24429695169946
4. Spatial Torso Physical Fidelity & Precordial Nullspace,PreSACAN / Helmholtz-Geselowitz Lead Field Theory,Verification of genuine precordial dipole recovery vs synthetic mean collapse,Precordial Lead V6 R-Wave Power Retention,PreSACAN_V6_Var_Ret_Pct,presacan_var_v6,Variance %,D5_permuted_theta_mul_l1_s42_l0,16.805966088527875
4. Spatial Torso Physical Fidelity & Precordial Nullspace,PreSACAN / Helmholtz-Geselowitz Lead Field Theory,Verification of genuine precordial dipole recovery vs synthetic mean collapse,Precordial Lead V6 R-Wave Power Retention,PreSACAN_V6_Var_Ret_Pct,presacan_var_v6,Variance %,D6_theta_add_l1_s42_l0,18.678047129014796
4. Spatial Torso Physical Fidelity & Precordial Nullspace,PreSACAN / Helmholtz-Geselowitz Lead Field Theory,Verification of genuine precordial dipole recovery vs synthetic mean collapse,Precordial Lead V6 R-Wave Power Retention,PreSACAN_V6_Var_Ret_Pct,presacan_var_v6,Variance %,D7_learned12_add_l1_s42_l0,13.961584797667994
4. Spatial Torso Physical Fidelity & Precordial Nullspace,PreSACAN / Helmholtz-Geselowitz Lead Field Theory,Verification of genuine precordial dipole recovery vs synthetic mean collapse,Precordial Lead V6 R-Wave Power Retention,PreSACAN_V6_Var_Ret_Pct,presacan_var_v6,Variance %,D8_random12_mul_l1_s42_l0,16.89639558779148
4. Spatial Torso Physical Fidelity & Precordial Nullspace,PreSACAN / Helmholtz-Geselowitz Lead Field Theory,Verification of genuine precordial dipole recovery vs synthetic mean collapse,Precordial Lead V6 R-Wave Power Retention,PreSACAN_V6_Var_Ret_Pct,presacan_var_v6,Variance %,factorial_ecg_aim_1100013_s42,47.79393805276502
4. Spatial Torso Physical Fidelity & Precordial Nullspace,PreSACAN / Helmholtz-Geselowitz Lead Field Theory,Verification of genuine precordial dipole recovery vs synthetic mean collapse,Precordial Lead V6 R-Wave Power Retention,PreSACAN_V6_Var_Ret_Pct,presacan_var_v6,Variance %,factorial_ecg_aim_1100110_s42,43.580698232622275
4. Spatial Torso Physical Fidelity & Precordial Nullspace,PreSACAN / Helmholtz-Geselowitz Lead Field Theory,Verification of genuine precordial dipole recovery vs synthetic mean collapse,Precordial Lead V6 R-Wave Power Retention,PreSACAN_V6_Var_Ret_Pct,presacan_var_v6,Variance %,factorial_ecg_aim_1100111_s42,46.398295784089214
4. Spatial Torso Physical Fidelity & Precordial Nullspace,PreSACAN / Helmholtz-Geselowitz Lead Field Theory,Verification of genuine precordial dipole recovery vs synthetic mean collapse,Precordial Lead V6 R-Wave Power Retention,PreSACAN_V6_Var_Ret_Pct,presacan_var_v6,Variance %,factorial_ecg_aim_1101113_s42,10.856258403636241
4. Spatial Torso Physical Fidelity & Precordial Nullspace,PreSACAN / Helmholtz-Geselowitz Lead Field Theory,Verification of genuine precordial dipole recovery vs synthetic mean collapse,Precordial Lead V6 R-Wave Power Retention,PreSACAN_V6_Var_Ret_Pct,presacan_var_v6,Variance %,spatial_1lead_a0_1110000_s42_l0,41.152276771230795
4. Spatial Torso Physical Fidelity & Precordial Nullspace,PreSACAN / Helmholtz-Geselowitz Lead Field Theory,Verification of genuine precordial dipole recovery vs synthetic mean collapse,Precordial Lead V6 R-Wave Power Retention,PreSACAN_V6_Var_Ret_Pct,presacan_var_v6,Variance %,spatial_1lead_e1_panorama_film_1110000_s42_l0,42.96063403838812
4. Spatial Torso Physical Fidelity & Precordial Nullspace,PreSACAN / Helmholtz-Geselowitz Lead Field Theory,Verification of genuine precordial dipole recovery vs synthetic mean collapse,Precordial Lead V6 R-Wave Power Retention,PreSACAN_V6_Var_Ret_Pct,presacan_var_v6,Variance %,spatial_1lead_pa1_panorama_author_1110000_s42_l0,40.468334099011194
4. Spatial Torso Physical Fidelity & Precordial Nullspace,PreSACAN / Helmholtz-Geselowitz Lead Field Theory,Verification of genuine precordial dipole recovery vs synthetic mean collapse,Precordial Lead V6 R-Wave Power Retention,PreSACAN_V6_Var_Ret_Pct,presacan_var_v6,Variance %,spatial_1lead_b1_panorama_1110000_s42_l0,38.90494173743325
4. Spatial Torso Physical Fidelity & Precordial Nullspace,PreSACAN / Helmholtz-Geselowitz Lead Field Theory,Verification of genuine precordial dipole recovery vs synthetic mean collapse,Precordial Lead V6 R-Wave Power Retention,PreSACAN_V6_Var_Ret_Pct,presacan_var_v6,Variance %,spatial_1lead_cm1_capacity_matched_1110000_s42_l0,40.508774160503776
4. Spatial Torso Physical Fidelity & Precordial Nullspace,PreSACAN / Helmholtz-Geselowitz Lead Field Theory,Verification of genuine precordial dipole recovery vs synthetic mean collapse,Precordial Lead V6 R-Wave Power Retention,PreSACAN_V6_Var_Ret_Pct,presacan_var_v6,Variance %,spatial_1lead_pg1_permuted_geometry_1110000_s42_l0,39.3799484994812
4. Spatial Torso Physical Fidelity & Precordial Nullspace,PreSACAN / Helmholtz-Geselowitz Lead Field Theory,Verification of genuine precordial dipole recovery vs synthetic mean collapse,Precordial Lead V6 R-Wave Power Retention,PreSACAN_V6_Var_Ret_Pct,presacan_var_v6,Variance %,spatial_1lead_t000_exact_theta_1110000_s42_l0,39.04022765332236
4. Spatial Torso Physical Fidelity & Precordial Nullspace,PreSACAN / Helmholtz-Geselowitz Lead Field Theory,Verification of genuine precordial dipole recovery vs synthetic mean collapse,Precordial Lead V6 R-Wave Power Retention,PreSACAN_V6_Var_Ret_Pct,presacan_var_v6,Variance %,spatial_1lead_c1_panorama_hybrid_1110000_s42_l0,39.62473886647449
4. Spatial Torso Physical Fidelity & Precordial Nullspace,PreSACAN / Helmholtz-Geselowitz Lead Field Theory,Verification of genuine precordial dipole recovery vs synthetic mean collapse,Precordial Lead V6 R-Wave Power Retention,PreSACAN_V6_Var_Ret_Pct,presacan_var_v6,Variance %,spatial_1lead_d1_panorama_relative_1110000_s42_l0,40.148240910215556
4. Spatial Torso Physical Fidelity & Precordial Nullspace,PreSACAN / Helmholtz-Geselowitz Lead Field Theory,Verification of genuine precordial dipole recovery vs synthetic mean collapse,Precordial Lead V6 R-Wave Power Retention,PreSACAN_V6_Var_Ret_Pct,presacan_var_v6,Variance %,spatial_1lead_e1_panorama_film_1010010_s42_l0,41.351533723446465
4. Spatial Torso Physical Fidelity & Precordial Nullspace,PreSACAN / Helmholtz-Geselowitz Lead Field Theory,Verification of genuine precordial dipole recovery vs synthetic mean collapse,Precordial Lead V6 R-Wave Power Retention,PreSACAN_V6_Var_Ret_Pct,presacan_var_v6,Variance %,spatial_1lead_pa1_panorama_author_1010010_s42_l0,44.85810383184127
4. Spatial Torso Physical Fidelity & Precordial Nullspace,PreSACAN / Helmholtz-Geselowitz Lead Field Theory,Verification of genuine precordial dipole recovery vs synthetic mean collapse,Precordial Lead V6 R-Wave Power Retention,PreSACAN_V6_Var_Ret_Pct,presacan_var_v6,Variance %,spatial_1lead_t000_exact_theta_1010010_s42_l0,45.78473976349704
4. Spatial Torso Physical Fidelity & Precordial Nullspace,PreSACAN / Helmholtz-Geselowitz Lead Field Theory,Verification of genuine precordial dipole recovery vs synthetic mean collapse,Precordial Lead V6 R-Wave Power Retention,PreSACAN_V6_Var_Ret_Pct,presacan_var_v6,Variance %,spatial_1lead_a0_1010010_s42_l0,42.654696986734116
4. Spatial Torso Physical Fidelity & Precordial Nullspace,PreSACAN / Helmholtz-Geselowitz Lead Field Theory,Verification of genuine precordial dipole recovery vs synthetic mean collapse,Precordial Lead V6 R-Wave Power Retention,PreSACAN_V6_Var_Ret_Pct,presacan_var_v6,Variance %,spatial_1lead_cm1_capacity_matched_1010010_s42_l0,49.143761298067794
4. Spatial Torso Physical Fidelity & Precordial Nullspace,PreSACAN / Helmholtz-Geselowitz Lead Field Theory,Verification of genuine precordial dipole recovery vs synthetic mean collapse,Precordial Lead V6 R-Wave Power Retention,PreSACAN_V6_Var_Ret_Pct,presacan_var_v6,Variance %,spatial_1lead_d1_panorama_relative_1010010_s42_l0,42.09046398385698
4. Spatial Torso Physical Fidelity & Precordial Nullspace,PreSACAN / Helmholtz-Geselowitz Lead Field Theory,Verification of genuine precordial dipole recovery vs synthetic mean collapse,Precordial Lead V6 R-Wave Power Retention,PreSACAN_V6_Var_Ret_Pct,presacan_var_v6,Variance %,spatial_1lead_b1_panorama_1010010_s42_l0,42.3527981232765
4. Spatial Torso Physical Fidelity & Precordial Nullspace,PreSACAN / Helmholtz-Geselowitz Lead Field Theory,Verification of genuine precordial dipole recovery vs synthetic mean collapse,Precordial Lead V6 R-Wave Power Retention,PreSACAN_V6_Var_Ret_Pct,presacan_var_v6,Variance %,spatial_1lead_pg1_permuted_geometry_1010010_s42_l0,43.214053487296816
4. Spatial Torso Physical Fidelity & Precordial Nullspace,PreSACAN / Helmholtz-Geselowitz Lead Field Theory,Verification of genuine precordial dipole recovery vs synthetic mean collapse,Precordial Lead V6 R-Wave Power Retention,PreSACAN_V6_Var_Ret_Pct,presacan_var_v6,Variance %,spatial_1lead_c1_panorama_hybrid_1010010_s42_l0,42.46076346139424
4. Spatial Torso Physical Fidelity & Precordial Nullspace,PreSACAN / Helmholtz-Geselowitz Lead Field Theory,Verification of genuine precordial dipole recovery vs synthetic mean collapse,Precordial Lead V6 R-Wave Power Retention,PreSACAN_V6_Var_Ret_Pct,presacan_var_v6,Variance %,spatial_1lead_t111_exact_theta_1010010_s42_l0,35.17165922832577
4. Spatial Torso Physical Fidelity & Precordial Nullspace,PreSACAN / Helmholtz-Geselowitz Lead Field Theory,Verification of genuine precordial dipole recovery vs synthetic mean collapse,Precordial Lead V6 R-Wave Power Retention,PreSACAN_V6_Var_Ret_Pct,presacan_var_v6,Variance %,spatial_1lead_t111_exact_theta_1110000_s42_l0,38.22542335391866
4. Spatial Torso Physical Fidelity & Precordial Nullspace,PreSACAN / Helmholtz-Geselowitz Lead Field Theory,Verification of genuine precordial dipole recovery vs synthetic mean collapse,Precordial Lead V6 R-Wave Power Retention,PreSACAN_V6_Var_Ret_Pct,presacan_var_v6,Variance %,spatial_1lead_e1_panorama_film_1000000_s42_l0,43.76164714496657
4. Spatial Torso Physical Fidelity & Precordial Nullspace,PreSACAN / Helmholtz-Geselowitz Lead Field Theory,Verification of genuine precordial dipole recovery vs synthetic mean collapse,Precordial Lead V6 R-Wave Power Retention,PreSACAN_V6_Var_Ret_Pct,presacan_var_v6,Variance %,spatial_1lead_d1_panorama_relative_1000000_s42_l0,42.222957282368625
4. Spatial Torso Physical Fidelity & Precordial Nullspace,PreSACAN / Helmholtz-Geselowitz Lead Field Theory,Verification of genuine precordial dipole recovery vs synthetic mean collapse,Precordial Lead V6 R-Wave Power Retention,PreSACAN_V6_Var_Ret_Pct,presacan_var_v6,Variance %,spatial_1lead_pg1_permuted_geometry_1000000_s42_l0,53.09437872567157
4. Spatial Torso Physical Fidelity & Precordial Nullspace,PreSACAN / Helmholtz-Geselowitz Lead Field Theory,Verification of genuine precordial dipole recovery vs synthetic mean collapse,Precordial Lead V6 R-Wave Power Retention,PreSACAN_V6_Var_Ret_Pct,presacan_var_v6,Variance %,spatial_1lead_cm1_capacity_matched_1000000_s42_l0,42.933358417525284
4. Spatial Torso Physical Fidelity & Precordial Nullspace,PreSACAN / Helmholtz-Geselowitz Lead Field Theory,Verification of genuine precordial dipole recovery vs synthetic mean collapse,Precordial Lead V6 R-Wave Power Retention,PreSACAN_V6_Var_Ret_Pct,presacan_var_v6,Variance %,spatial_1lead_pa1_panorama_author_1000000_s42_l0,44.856675788864166
4. Spatial Torso Physical Fidelity & Precordial Nullspace,PreSACAN / Helmholtz-Geselowitz Lead Field Theory,Verification of genuine precordial dipole recovery vs synthetic mean collapse,Precordial Lead V6 R-Wave Power Retention,PreSACAN_V6_Var_Ret_Pct,presacan_var_v6,Variance %,spatial_1lead_c1_panorama_hybrid_1000000_s42_l0,49.70236410928147
4. Spatial Torso Physical Fidelity & Precordial Nullspace,PreSACAN / Helmholtz-Geselowitz Lead Field Theory,Verification of genuine precordial dipole recovery vs synthetic mean collapse,Precordial Lead V6 R-Wave Power Retention,PreSACAN_V6_Var_Ret_Pct,presacan_var_v6,Variance %,spatial_1lead_b1_panorama_1000000_s42_l0,35.31730903389508
4. Spatial Torso Physical Fidelity & Precordial Nullspace,PreSACAN / Helmholtz-Geselowitz Lead Field Theory,Verification of genuine precordial dipole recovery vs synthetic mean collapse,Precordial Lead V6 R-Wave Power Retention,PreSACAN_V6_Var_Ret_Pct,presacan_var_v6,Variance %,spatial_1lead_t111_exact_theta_1000000_s42_l0,42.47998121753252
4. Spatial Torso Physical Fidelity & Precordial Nullspace,PreSACAN / Helmholtz-Geselowitz Lead Field Theory,Verification of genuine precordial dipole recovery vs synthetic mean collapse,Precordial Lead V6 R-Wave Power Retention,PreSACAN_V6_Var_Ret_Pct,presacan_var_v6,Variance %,spatial_1lead_t000_exact_theta_1000000_s42_l0,42.763950208055284
4. Spatial Torso Physical Fidelity & Precordial Nullspace,PreSACAN / Helmholtz-Geselowitz Lead Field Theory,Verification of genuine precordial dipole recovery vs synthetic mean collapse,Spurious Lead I -> V3 Mutual Info Coupling,PreSACAN_Spurious_Coupling,presacan_spurious_v3,Ratio,conv15e_A0_wave_noSSL_gated_add_s42_l0,8.057603838900961
4. Spatial Torso Physical Fidelity & Precordial Nullspace,PreSACAN / Helmholtz-Geselowitz Lead Field Theory,Verification of genuine precordial dipole recovery vs synthetic mean collapse,Spurious Lead I -> V3 Mutual Info Coupling,PreSACAN_Spurious_Coupling,presacan_spurious_v3,Ratio,conv15e_A0_zscore_s42_l0,7.625985444377105
4. Spatial Torso Physical Fidelity & Precordial Nullspace,PreSACAN / Helmholtz-Geselowitz Lead Field Theory,Verification of genuine precordial dipole recovery vs synthetic mean collapse,Spurious Lead I -> V3 Mutual Info Coupling,PreSACAN_Spurious_Coupling,presacan_spurious_v3,Ratio,conv15e_C1_E1_morlet_mag_morlet_phase_s42_l0,13.071319654004688
4. Spatial Torso Physical Fidelity & Precordial Nullspace,PreSACAN / Helmholtz-Geselowitz Lead Field Theory,Verification of genuine precordial dipole recovery vs synthetic mean collapse,Spurious Lead I -> V3 Mutual Info Coupling,PreSACAN_Spurious_Coupling,presacan_spurious_v3,Ratio,conv15e_R5_morlet_mag_ueg_phase_wyatt_s42_l0,9.294961765173074
4. Spatial Torso Physical Fidelity & Precordial Nullspace,PreSACAN / Helmholtz-Geselowitz Lead Field Theory,Verification of genuine precordial dipole recovery vs synthetic mean collapse,Spurious Lead I -> V3 Mutual Info Coupling,PreSACAN_Spurious_Coupling,presacan_spurious_v3,Ratio,conv15e_R7_morlet_mag_ueg_real_s42_l0,8.750676354026243
4. Spatial Torso Physical Fidelity & Precordial Nullspace,PreSACAN / Helmholtz-Geselowitz Lead Field Theory,Verification of genuine precordial dipole recovery vs synthetic mean collapse,Spurious Lead I -> V3 Mutual Info Coupling,PreSACAN_Spurious_Coupling,presacan_spurious_v3,Ratio,conv15e_del_wave_ce_s42_l0,9.86650911312356
4. Spatial Torso Physical Fidelity & Precordial Nullspace,PreSACAN / Helmholtz-Geselowitz Lead Field Theory,Verification of genuine precordial dipole recovery vs synthetic mean collapse,Spurious Lead I -> V3 Mutual Info Coupling,PreSACAN_Spurious_Coupling,presacan_spurious_v3,Ratio,conv15e_ssl_log_magnitude_phase_sin_local_gated_add_s42_l0,9.550422355145384
4. Spatial Torso Physical Fidelity & Precordial Nullspace,PreSACAN / Helmholtz-Geselowitz Lead Field Theory,Verification of genuine precordial dipole recovery vs synthetic mean collapse,Spurious Lead I -> V3 Mutual Info Coupling,PreSACAN_Spurious_Coupling,presacan_spurious_v3,Ratio,conv15e_ssl_log_magnitude_real_both_gated_add_s42_l0,8.59059381925191
4. Spatial Torso Physical Fidelity & Precordial Nullspace,PreSACAN / Helmholtz-Geselowitz Lead Field Theory,Verification of genuine precordial dipole recovery vs synthetic mean collapse,Spurious Lead I -> V3 Mutual Info Coupling,PreSACAN_Spurious_Coupling,presacan_spurious_v3,Ratio,D1_theta_mul_currentloss_s42_l0,5.393994588652541
4. Spatial Torso Physical Fidelity & Precordial Nullspace,PreSACAN / Helmholtz-Geselowitz Lead Field Theory,Verification of genuine precordial dipole recovery vs synthetic mean collapse,Spurious Lead I -> V3 Mutual Info Coupling,PreSACAN_Spurious_Coupling,presacan_spurious_v3,Ratio,D2_current_id_l1_s42_l0,1.2857135324897258
4. Spatial Torso Physical Fidelity & Precordial Nullspace,PreSACAN / Helmholtz-Geselowitz Lead Field Theory,Verification of genuine precordial dipole recovery vs synthetic mean collapse,Spurious Lead I -> V3 Mutual Info Coupling,PreSACAN_Spurious_Coupling,presacan_spurious_v3,Ratio,D3_theta_mul_l1_s42_l0,6.316072290086897
4. Spatial Torso Physical Fidelity & Precordial Nullspace,PreSACAN / Helmholtz-Geselowitz Lead Field Theory,Verification of genuine precordial dipole recovery vs synthetic mean collapse,Spurious Lead I -> V3 Mutual Info Coupling,PreSACAN_Spurious_Coupling,presacan_spurious_v3,Ratio,D4_learned12_mul_l1_s42_l0,8.569858189568695
4. Spatial Torso Physical Fidelity & Precordial Nullspace,PreSACAN / Helmholtz-Geselowitz Lead Field Theory,Verification of genuine precordial dipole recovery vs synthetic mean collapse,Spurious Lead I -> V3 Mutual Info Coupling,PreSACAN_Spurious_Coupling,presacan_spurious_v3,Ratio,D5_permuted_theta_mul_l1_s42_l0,4.269766554080056
4. Spatial Torso Physical Fidelity & Precordial Nullspace,PreSACAN / Helmholtz-Geselowitz Lead Field Theory,Verification of genuine precordial dipole recovery vs synthetic mean collapse,Spurious Lead I -> V3 Mutual Info Coupling,PreSACAN_Spurious_Coupling,presacan_spurious_v3,Ratio,D6_theta_add_l1_s42_l0,2.647564722586433
4. Spatial Torso Physical Fidelity & Precordial Nullspace,PreSACAN / Helmholtz-Geselowitz Lead Field Theory,Verification of genuine precordial dipole recovery vs synthetic mean collapse,Spurious Lead I -> V3 Mutual Info Coupling,PreSACAN_Spurious_Coupling,presacan_spurious_v3,Ratio,D7_learned12_add_l1_s42_l0,0.9062145371669257
4. Spatial Torso Physical Fidelity & Precordial Nullspace,PreSACAN / Helmholtz-Geselowitz Lead Field Theory,Verification of genuine precordial dipole recovery vs synthetic mean collapse,Spurious Lead I -> V3 Mutual Info Coupling,PreSACAN_Spurious_Coupling,presacan_spurious_v3,Ratio,D8_random12_mul_l1_s42_l0,5.411580464631701
4. Spatial Torso Physical Fidelity & Precordial Nullspace,PreSACAN / Helmholtz-Geselowitz Lead Field Theory,Verification of genuine precordial dipole recovery vs synthetic mean collapse,Spurious Lead I -> V3 Mutual Info Coupling,PreSACAN_Spurious_Coupling,presacan_spurious_v3,Ratio,factorial_ecg_aim_1100013_s42,32.260732035994764
4. Spatial Torso Physical Fidelity & Precordial Nullspace,PreSACAN / Helmholtz-Geselowitz Lead Field Theory,Verification of genuine precordial dipole recovery vs synthetic mean collapse,Spurious Lead I -> V3 Mutual Info Coupling,PreSACAN_Spurious_Coupling,presacan_spurious_v3,Ratio,factorial_ecg_aim_1100110_s42,22.136127148165155
4. Spatial Torso Physical Fidelity & Precordial Nullspace,PreSACAN / Helmholtz-Geselowitz Lead Field Theory,Verification of genuine precordial dipole recovery vs synthetic mean collapse,Spurious Lead I -> V3 Mutual Info Coupling,PreSACAN_Spurious_Coupling,presacan_spurious_v3,Ratio,factorial_ecg_aim_1100111_s42,28.58684890521513
4. Spatial Torso Physical Fidelity & Precordial Nullspace,PreSACAN / Helmholtz-Geselowitz Lead Field Theory,Verification of genuine precordial dipole recovery vs synthetic mean collapse,Spurious Lead I -> V3 Mutual Info Coupling,PreSACAN_Spurious_Coupling,presacan_spurious_v3,Ratio,factorial_ecg_aim_1101113_s42,24.99930960349509
4. Spatial Torso Physical Fidelity & Precordial Nullspace,PreSACAN / Helmholtz-Geselowitz Lead Field Theory,Verification of genuine precordial dipole recovery vs synthetic mean collapse,Spurious Lead I -> V3 Mutual Info Coupling,PreSACAN_Spurious_Coupling,presacan_spurious_v3,Ratio,spatial_1lead_a0_1110000_s42_l0,14.423931785697741
4. Spatial Torso Physical Fidelity & Precordial Nullspace,PreSACAN / Helmholtz-Geselowitz Lead Field Theory,Verification of genuine precordial dipole recovery vs synthetic mean collapse,Spurious Lead I -> V3 Mutual Info Coupling,PreSACAN_Spurious_Coupling,presacan_spurious_v3,Ratio,spatial_1lead_e1_panorama_film_1110000_s42_l0,15.07677869167281
4. Spatial Torso Physical Fidelity & Precordial Nullspace,PreSACAN / Helmholtz-Geselowitz Lead Field Theory,Verification of genuine precordial dipole recovery vs synthetic mean collapse,Spurious Lead I -> V3 Mutual Info Coupling,PreSACAN_Spurious_Coupling,presacan_spurious_v3,Ratio,spatial_1lead_pa1_panorama_author_1110000_s42_l0,13.96535261822311
4. Spatial Torso Physical Fidelity & Precordial Nullspace,PreSACAN / Helmholtz-Geselowitz Lead Field Theory,Verification of genuine precordial dipole recovery vs synthetic mean collapse,Spurious Lead I -> V3 Mutual Info Coupling,PreSACAN_Spurious_Coupling,presacan_spurious_v3,Ratio,spatial_1lead_b1_panorama_1110000_s42_l0,13.403133137058031
4. Spatial Torso Physical Fidelity & Precordial Nullspace,PreSACAN / Helmholtz-Geselowitz Lead Field Theory,Verification of genuine precordial dipole recovery vs synthetic mean collapse,Spurious Lead I -> V3 Mutual Info Coupling,PreSACAN_Spurious_Coupling,presacan_spurious_v3,Ratio,spatial_1lead_cm1_capacity_matched_1110000_s42_l0,14.101491823657433
4. Spatial Torso Physical Fidelity & Precordial Nullspace,PreSACAN / Helmholtz-Geselowitz Lead Field Theory,Verification of genuine precordial dipole recovery vs synthetic mean collapse,Spurious Lead I -> V3 Mutual Info Coupling,PreSACAN_Spurious_Coupling,presacan_spurious_v3,Ratio,spatial_1lead_pg1_permuted_geometry_1110000_s42_l0,14.73083616133543
4. Spatial Torso Physical Fidelity & Precordial Nullspace,PreSACAN / Helmholtz-Geselowitz Lead Field Theory,Verification of genuine precordial dipole recovery vs synthetic mean collapse,Spurious Lead I -> V3 Mutual Info Coupling,PreSACAN_Spurious_Coupling,presacan_spurious_v3,Ratio,spatial_1lead_t000_exact_theta_1110000_s42_l0,13.254989454568527
4. Spatial Torso Physical Fidelity & Precordial Nullspace,PreSACAN / Helmholtz-Geselowitz Lead Field Theory,Verification of genuine precordial dipole recovery vs synthetic mean collapse,Spurious Lead I -> V3 Mutual Info Coupling,PreSACAN_Spurious_Coupling,presacan_spurious_v3,Ratio,spatial_1lead_c1_panorama_hybrid_1110000_s42_l0,13.500085905135265
4. Spatial Torso Physical Fidelity & Precordial Nullspace,PreSACAN / Helmholtz-Geselowitz Lead Field Theory,Verification of genuine precordial dipole recovery vs synthetic mean collapse,Spurious Lead I -> V3 Mutual Info Coupling,PreSACAN_Spurious_Coupling,presacan_spurious_v3,Ratio,spatial_1lead_d1_panorama_relative_1110000_s42_l0,14.537474712466318
4. Spatial Torso Physical Fidelity & Precordial Nullspace,PreSACAN / Helmholtz-Geselowitz Lead Field Theory,Verification of genuine precordial dipole recovery vs synthetic mean collapse,Spurious Lead I -> V3 Mutual Info Coupling,PreSACAN_Spurious_Coupling,presacan_spurious_v3,Ratio,spatial_1lead_e1_panorama_film_1010010_s42_l0,12.9967878315046
4. Spatial Torso Physical Fidelity & Precordial Nullspace,PreSACAN / Helmholtz-Geselowitz Lead Field Theory,Verification of genuine precordial dipole recovery vs synthetic mean collapse,Spurious Lead I -> V3 Mutual Info Coupling,PreSACAN_Spurious_Coupling,presacan_spurious_v3,Ratio,spatial_1lead_pa1_panorama_author_1010010_s42_l0,12.47629987060309
4. Spatial Torso Physical Fidelity & Precordial Nullspace,PreSACAN / Helmholtz-Geselowitz Lead Field Theory,Verification of genuine precordial dipole recovery vs synthetic mean collapse,Spurious Lead I -> V3 Mutual Info Coupling,PreSACAN_Spurious_Coupling,presacan_spurious_v3,Ratio,spatial_1lead_t000_exact_theta_1010010_s42_l0,11.551255470451734
4. Spatial Torso Physical Fidelity & Precordial Nullspace,PreSACAN / Helmholtz-Geselowitz Lead Field Theory,Verification of genuine precordial dipole recovery vs synthetic mean collapse,Spurious Lead I -> V3 Mutual Info Coupling,PreSACAN_Spurious_Coupling,presacan_spurious_v3,Ratio,spatial_1lead_a0_1010010_s42_l0,13.38277273795412
4. Spatial Torso Physical Fidelity & Precordial Nullspace,PreSACAN / Helmholtz-Geselowitz Lead Field Theory,Verification of genuine precordial dipole recovery vs synthetic mean collapse,Spurious Lead I -> V3 Mutual Info Coupling,PreSACAN_Spurious_Coupling,presacan_spurious_v3,Ratio,spatial_1lead_cm1_capacity_matched_1010010_s42_l0,11.68097539022582
4. Spatial Torso Physical Fidelity & Precordial Nullspace,PreSACAN / Helmholtz-Geselowitz Lead Field Theory,Verification of genuine precordial dipole recovery vs synthetic mean collapse,Spurious Lead I -> V3 Mutual Info Coupling,PreSACAN_Spurious_Coupling,presacan_spurious_v3,Ratio,spatial_1lead_d1_panorama_relative_1010010_s42_l0,13.08647171234478
4. Spatial Torso Physical Fidelity & Precordial Nullspace,PreSACAN / Helmholtz-Geselowitz Lead Field Theory,Verification of genuine precordial dipole recovery vs synthetic mean collapse,Spurious Lead I -> V3 Mutual Info Coupling,PreSACAN_Spurious_Coupling,presacan_spurious_v3,Ratio,spatial_1lead_b1_panorama_1010010_s42_l0,13.419481469038466
4. Spatial Torso Physical Fidelity & Precordial Nullspace,PreSACAN / Helmholtz-Geselowitz Lead Field Theory,Verification of genuine precordial dipole recovery vs synthetic mean collapse,Spurious Lead I -> V3 Mutual Info Coupling,PreSACAN_Spurious_Coupling,presacan_spurious_v3,Ratio,spatial_1lead_pg1_permuted_geometry_1010010_s42_l0,12.311601979224811
4. Spatial Torso Physical Fidelity & Precordial Nullspace,PreSACAN / Helmholtz-Geselowitz Lead Field Theory,Verification of genuine precordial dipole recovery vs synthetic mean collapse,Spurious Lead I -> V3 Mutual Info Coupling,PreSACAN_Spurious_Coupling,presacan_spurious_v3,Ratio,spatial_1lead_c1_panorama_hybrid_1010010_s42_l0,11.822184530494312
4. Spatial Torso Physical Fidelity & Precordial Nullspace,PreSACAN / Helmholtz-Geselowitz Lead Field Theory,Verification of genuine precordial dipole recovery vs synthetic mean collapse,Spurious Lead I -> V3 Mutual Info Coupling,PreSACAN_Spurious_Coupling,presacan_spurious_v3,Ratio,spatial_1lead_t111_exact_theta_1010010_s42_l0,12.397746454760956
4. Spatial Torso Physical Fidelity & Precordial Nullspace,PreSACAN / Helmholtz-Geselowitz Lead Field Theory,Verification of genuine precordial dipole recovery vs synthetic mean collapse,Spurious Lead I -> V3 Mutual Info Coupling,PreSACAN_Spurious_Coupling,presacan_spurious_v3,Ratio,spatial_1lead_t111_exact_theta_1110000_s42_l0,16.24467140588519
4. Spatial Torso Physical Fidelity & Precordial Nullspace,PreSACAN / Helmholtz-Geselowitz Lead Field Theory,Verification of genuine precordial dipole recovery vs synthetic mean collapse,Spurious Lead I -> V3 Mutual Info Coupling,PreSACAN_Spurious_Coupling,presacan_spurious_v3,Ratio,spatial_1lead_e1_panorama_film_1000000_s42_l0,17.028967514019303
4. Spatial Torso Physical Fidelity & Precordial Nullspace,PreSACAN / Helmholtz-Geselowitz Lead Field Theory,Verification of genuine precordial dipole recovery vs synthetic mean collapse,Spurious Lead I -> V3 Mutual Info Coupling,PreSACAN_Spurious_Coupling,presacan_spurious_v3,Ratio,spatial_1lead_d1_panorama_relative_1000000_s42_l0,16.27491858976675
4. Spatial Torso Physical Fidelity & Precordial Nullspace,PreSACAN / Helmholtz-Geselowitz Lead Field Theory,Verification of genuine precordial dipole recovery vs synthetic mean collapse,Spurious Lead I -> V3 Mutual Info Coupling,PreSACAN_Spurious_Coupling,presacan_spurious_v3,Ratio,spatial_1lead_pg1_permuted_geometry_1000000_s42_l0,16.400608551143495
4. Spatial Torso Physical Fidelity & Precordial Nullspace,PreSACAN / Helmholtz-Geselowitz Lead Field Theory,Verification of genuine precordial dipole recovery vs synthetic mean collapse,Spurious Lead I -> V3 Mutual Info Coupling,PreSACAN_Spurious_Coupling,presacan_spurious_v3,Ratio,spatial_1lead_cm1_capacity_matched_1000000_s42_l0,15.143055820222846
4. Spatial Torso Physical Fidelity & Precordial Nullspace,PreSACAN / Helmholtz-Geselowitz Lead Field Theory,Verification of genuine precordial dipole recovery vs synthetic mean collapse,Spurious Lead I -> V3 Mutual Info Coupling,PreSACAN_Spurious_Coupling,presacan_spurious_v3,Ratio,spatial_1lead_pa1_panorama_author_1000000_s42_l0,15.446501374770886
4. Spatial Torso Physical Fidelity & Precordial Nullspace,PreSACAN / Helmholtz-Geselowitz Lead Field Theory,Verification of genuine precordial dipole recovery vs synthetic mean collapse,Spurious Lead I -> V3 Mutual Info Coupling,PreSACAN_Spurious_Coupling,presacan_spurious_v3,Ratio,spatial_1lead_c1_panorama_hybrid_1000000_s42_l0,15.193268178467704
4. Spatial Torso Physical Fidelity & Precordial Nullspace,PreSACAN / Helmholtz-Geselowitz Lead Field Theory,Verification of genuine precordial dipole recovery vs synthetic mean collapse,Spurious Lead I -> V3 Mutual Info Coupling,PreSACAN_Spurious_Coupling,presacan_spurious_v3,Ratio,spatial_1lead_b1_panorama_1000000_s42_l0,15.764726443355324
4. Spatial Torso Physical Fidelity & Precordial Nullspace,PreSACAN / Helmholtz-Geselowitz Lead Field Theory,Verification of genuine precordial dipole recovery vs synthetic mean collapse,Spurious Lead I -> V3 Mutual Info Coupling,PreSACAN_Spurious_Coupling,presacan_spurious_v3,Ratio,spatial_1lead_t111_exact_theta_1000000_s42_l0,17.43027781695555
4. Spatial Torso Physical Fidelity & Precordial Nullspace,PreSACAN / Helmholtz-Geselowitz Lead Field Theory,Verification of genuine precordial dipole recovery vs synthetic mean collapse,Spurious Lead I -> V3 Mutual Info Coupling,PreSACAN_Spurious_Coupling,presacan_spurious_v3,Ratio,spatial_1lead_t000_exact_theta_1000000_s42_l0,15.587077740455575
4. Spatial Torso Physical Fidelity & Precordial Nullspace,PreSACAN / Helmholtz-Geselowitz Lead Field Theory,Verification of genuine precordial dipole recovery vs synthetic mean collapse,Anterior Precordial Lead V3 Waveform Correlation,Signal_Lead_V3,pearson_r,Pearson r,conv15e_A0_wave_noSSL_gated_add_s42_l0,0.7388696670532227
4. Spatial Torso Physical Fidelity & Precordial Nullspace,PreSACAN / Helmholtz-Geselowitz Lead Field Theory,Verification of genuine precordial dipole recovery vs synthetic mean collapse,Anterior Precordial Lead V3 Waveform Correlation,Signal_Lead_V3,pearson_r,Pearson r,conv15e_A0_zscore_s42_l0,0.7366619110107422
4. Spatial Torso Physical Fidelity & Precordial Nullspace,PreSACAN / Helmholtz-Geselowitz Lead Field Theory,Verification of genuine precordial dipole recovery vs synthetic mean collapse,Anterior Precordial Lead V3 Waveform Correlation,Signal_Lead_V3,pearson_r,Pearson r,conv15e_C1_E1_morlet_mag_morlet_phase_s42_l0,0.5717616677284241
4. Spatial Torso Physical Fidelity & Precordial Nullspace,PreSACAN / Helmholtz-Geselowitz Lead Field Theory,Verification of genuine precordial dipole recovery vs synthetic mean collapse,Anterior Precordial Lead V3 Waveform Correlation,Signal_Lead_V3,pearson_r,Pearson r,conv15e_R5_morlet_mag_ueg_phase_wyatt_s42_l0,0.7383965253829956
4. Spatial Torso Physical Fidelity & Precordial Nullspace,PreSACAN / Helmholtz-Geselowitz Lead Field Theory,Verification of genuine precordial dipole recovery vs synthetic mean collapse,Anterior Precordial Lead V3 Waveform Correlation,Signal_Lead_V3,pearson_r,Pearson r,conv15e_R7_morlet_mag_ueg_real_s42_l0,0.7396366596221924
4. Spatial Torso Physical Fidelity & Precordial Nullspace,PreSACAN / Helmholtz-Geselowitz Lead Field Theory,Verification of genuine precordial dipole recovery vs synthetic mean collapse,Anterior Precordial Lead V3 Waveform Correlation,Signal_Lead_V3,pearson_r,Pearson r,conv15e_del_wave_ce_s42_l0,0.7378290891647339
4. Spatial Torso Physical Fidelity & Precordial Nullspace,PreSACAN / Helmholtz-Geselowitz Lead Field Theory,Verification of genuine precordial dipole recovery vs synthetic mean collapse,Anterior Precordial Lead V3 Waveform Correlation,Signal_Lead_V3,pearson_r,Pearson r,conv15e_ssl_log_magnitude_phase_sin_local_gated_add_s42_l0,0.7381089329719543
4. Spatial Torso Physical Fidelity & Precordial Nullspace,PreSACAN / Helmholtz-Geselowitz Lead Field Theory,Verification of genuine precordial dipole recovery vs synthetic mean collapse,Anterior Precordial Lead V3 Waveform Correlation,Signal_Lead_V3,pearson_r,Pearson r,conv15e_ssl_log_magnitude_real_both_gated_add_s42_l0,0.7381683588027954
4. Spatial Torso Physical Fidelity & Precordial Nullspace,PreSACAN / Helmholtz-Geselowitz Lead Field Theory,Verification of genuine precordial dipole recovery vs synthetic mean collapse,Anterior Precordial Lead V3 Waveform Correlation,Signal_Lead_V3,pearson_r,Pearson r,D1_theta_mul_currentloss_s42_l0,0.6621702909469604
4. Spatial Torso Physical Fidelity & Precordial Nullspace,PreSACAN / Helmholtz-Geselowitz Lead Field Theory,Verification of genuine precordial dipole recovery vs synthetic mean collapse,Anterior Precordial Lead V3 Waveform Correlation,Signal_Lead_V3,pearson_r,Pearson r,D2_current_id_l1_s42_l0,0.6600168943405151
4. Spatial Torso Physical Fidelity & Precordial Nullspace,PreSACAN / Helmholtz-Geselowitz Lead Field Theory,Verification of genuine precordial dipole recovery vs synthetic mean collapse,Anterior Precordial Lead V3 Waveform Correlation,Signal_Lead_V3,pearson_r,Pearson r,D3_theta_mul_l1_s42_l0,0.6791855692863464
4. Spatial Torso Physical Fidelity & Precordial Nullspace,PreSACAN / Helmholtz-Geselowitz Lead Field Theory,Verification of genuine precordial dipole recovery vs synthetic mean collapse,Anterior Precordial Lead V3 Waveform Correlation,Signal_Lead_V3,pearson_r,Pearson r,D4_learned12_mul_l1_s42_l0,0.6725012063980103
4. Spatial Torso Physical Fidelity & Precordial Nullspace,PreSACAN / Helmholtz-Geselowitz Lead Field Theory,Verification of genuine precordial dipole recovery vs synthetic mean collapse,Anterior Precordial Lead V3 Waveform Correlation,Signal_Lead_V3,pearson_r,Pearson r,D5_permuted_theta_mul_l1_s42_l0,0.6748759150505066
4. Spatial Torso Physical Fidelity & Precordial Nullspace,PreSACAN / Helmholtz-Geselowitz Lead Field Theory,Verification of genuine precordial dipole recovery vs synthetic mean collapse,Anterior Precordial Lead V3 Waveform Correlation,Signal_Lead_V3,pearson_r,Pearson r,D6_theta_add_l1_s42_l0,0.6738389134407043
4. Spatial Torso Physical Fidelity & Precordial Nullspace,PreSACAN / Helmholtz-Geselowitz Lead Field Theory,Verification of genuine precordial dipole recovery vs synthetic mean collapse,Anterior Precordial Lead V3 Waveform Correlation,Signal_Lead_V3,pearson_r,Pearson r,D7_learned12_add_l1_s42_l0,0.6711175441741943
4. Spatial Torso Physical Fidelity & Precordial Nullspace,PreSACAN / Helmholtz-Geselowitz Lead Field Theory,Verification of genuine precordial dipole recovery vs synthetic mean collapse,Anterior Precordial Lead V3 Waveform Correlation,Signal_Lead_V3,pearson_r,Pearson r,D8_random12_mul_l1_s42_l0,0.6788073778152466
4. Spatial Torso Physical Fidelity & Precordial Nullspace,PreSACAN / Helmholtz-Geselowitz Lead Field Theory,Verification of genuine precordial dipole recovery vs synthetic mean collapse,Anterior Precordial Lead V3 Waveform Correlation,Signal_Lead_V3,pearson_r,Pearson r,factorial_ecg_aim_1100013_s42,0.4414467513561249
4. Spatial Torso Physical Fidelity & Precordial Nullspace,PreSACAN / Helmholtz-Geselowitz Lead Field Theory,Verification of genuine precordial dipole recovery vs synthetic mean collapse,Anterior Precordial Lead V3 Waveform Correlation,Signal_Lead_V3,pearson_r,Pearson r,factorial_ecg_aim_1100110_s42,0.4428696930408478
4. Spatial Torso Physical Fidelity & Precordial Nullspace,PreSACAN / Helmholtz-Geselowitz Lead Field Theory,Verification of genuine precordial dipole recovery vs synthetic mean collapse,Anterior Precordial Lead V3 Waveform Correlation,Signal_Lead_V3,pearson_r,Pearson r,factorial_ecg_aim_1100111_s42,0.4362412691116333
4. Spatial Torso Physical Fidelity & Precordial Nullspace,PreSACAN / Helmholtz-Geselowitz Lead Field Theory,Verification of genuine precordial dipole recovery vs synthetic mean collapse,Anterior Precordial Lead V3 Waveform Correlation,Signal_Lead_V3,pearson_r,Pearson r,factorial_ecg_aim_1101113_s42,0.2067703902721405
4. Spatial Torso Physical Fidelity & Precordial Nullspace,PreSACAN / Helmholtz-Geselowitz Lead Field Theory,Verification of genuine precordial dipole recovery vs synthetic mean collapse,Anterior Precordial Lead V3 Waveform Correlation,Signal_Lead_V3,pearson_r,Pearson r,spatial_1lead_a0_1110000_s42_l0,0.6932911276817322
4. Spatial Torso Physical Fidelity & Precordial Nullspace,PreSACAN / Helmholtz-Geselowitz Lead Field Theory,Verification of genuine precordial dipole recovery vs synthetic mean collapse,Anterior Precordial Lead V3 Waveform Correlation,Signal_Lead_V3,pearson_r,Pearson r,spatial_1lead_e1_panorama_film_1110000_s42_l0,0.6874364018440247
4. Spatial Torso Physical Fidelity & Precordial Nullspace,PreSACAN / Helmholtz-Geselowitz Lead Field Theory,Verification of genuine precordial dipole recovery vs synthetic mean collapse,Anterior Precordial Lead V3 Waveform Correlation,Signal_Lead_V3,pearson_r,Pearson r,spatial_1lead_pa1_panorama_author_1110000_s42_l0,0.6799356341362
4. Spatial Torso Physical Fidelity & Precordial Nullspace,PreSACAN / Helmholtz-Geselowitz Lead Field Theory,Verification of genuine precordial dipole recovery vs synthetic mean collapse,Anterior Precordial Lead V3 Waveform Correlation,Signal_Lead_V3,pearson_r,Pearson r,spatial_1lead_b1_panorama_1110000_s42_l0,0.6804031133651733
4. Spatial Torso Physical Fidelity & Precordial Nullspace,PreSACAN / Helmholtz-Geselowitz Lead Field Theory,Verification of genuine precordial dipole recovery vs synthetic mean collapse,Anterior Precordial Lead V3 Waveform Correlation,Signal_Lead_V3,pearson_r,Pearson r,spatial_1lead_cm1_capacity_matched_1110000_s42_l0,0.6807700991630554
4. Spatial Torso Physical Fidelity & Precordial Nullspace,PreSACAN / Helmholtz-Geselowitz Lead Field Theory,Verification of genuine precordial dipole recovery vs synthetic mean collapse,Anterior Precordial Lead V3 Waveform Correlation,Signal_Lead_V3,pearson_r,Pearson r,spatial_1lead_pg1_permuted_geometry_1110000_s42_l0,0.6787421107292175
4. Spatial Torso Physical Fidelity & Precordial Nullspace,PreSACAN / Helmholtz-Geselowitz Lead Field Theory,Verification of genuine precordial dipole recovery vs synthetic mean collapse,Anterior Precordial Lead V3 Waveform Correlation,Signal_Lead_V3,pearson_r,Pearson r,spatial_1lead_t000_exact_theta_1110000_s42_l0,0.6790775060653687
4. Spatial Torso Physical Fidelity & Precordial Nullspace,PreSACAN / Helmholtz-Geselowitz Lead Field Theory,Verification of genuine precordial dipole recovery vs synthetic mean collapse,Anterior Precordial Lead V3 Waveform Correlation,Signal_Lead_V3,pearson_r,Pearson r,spatial_1lead_c1_panorama_hybrid_1110000_s42_l0,0.6796575784683228
4. Spatial Torso Physical Fidelity & Precordial Nullspace,PreSACAN / Helmholtz-Geselowitz Lead Field Theory,Verification of genuine precordial dipole recovery vs synthetic mean collapse,Anterior Precordial Lead V3 Waveform Correlation,Signal_Lead_V3,pearson_r,Pearson r,spatial_1lead_d1_panorama_relative_1110000_s42_l0,0.6806001663208008
4. Spatial Torso Physical Fidelity & Precordial Nullspace,PreSACAN / Helmholtz-Geselowitz Lead Field Theory,Verification of genuine precordial dipole recovery vs synthetic mean collapse,Anterior Precordial Lead V3 Waveform Correlation,Signal_Lead_V3,pearson_r,Pearson r,spatial_1lead_e1_panorama_film_1010010_s42_l0,0.6665899157524109
4. Spatial Torso Physical Fidelity & Precordial Nullspace,PreSACAN / Helmholtz-Geselowitz Lead Field Theory,Verification of genuine precordial dipole recovery vs synthetic mean collapse,Anterior Precordial Lead V3 Waveform Correlation,Signal_Lead_V3,pearson_r,Pearson r,spatial_1lead_pa1_panorama_author_1010010_s42_l0,0.6660811901092529
4. Spatial Torso Physical Fidelity & Precordial Nullspace,PreSACAN / Helmholtz-Geselowitz Lead Field Theory,Verification of genuine precordial dipole recovery vs synthetic mean collapse,Anterior Precordial Lead V3 Waveform Correlation,Signal_Lead_V3,pearson_r,Pearson r,spatial_1lead_t000_exact_theta_1010010_s42_l0,0.6641886830329895
4. Spatial Torso Physical Fidelity & Precordial Nullspace,PreSACAN / Helmholtz-Geselowitz Lead Field Theory,Verification of genuine precordial dipole recovery vs synthetic mean collapse,Anterior Precordial Lead V3 Waveform Correlation,Signal_Lead_V3,pearson_r,Pearson r,spatial_1lead_a0_1010010_s42_l0,0.6623305082321167
4. Spatial Torso Physical Fidelity & Precordial Nullspace,PreSACAN / Helmholtz-Geselowitz Lead Field Theory,Verification of genuine precordial dipole recovery vs synthetic mean collapse,Anterior Precordial Lead V3 Waveform Correlation,Signal_Lead_V3,pearson_r,Pearson r,spatial_1lead_cm1_capacity_matched_1010010_s42_l0,0.6634472608566284
4. Spatial Torso Physical Fidelity & Precordial Nullspace,PreSACAN / Helmholtz-Geselowitz Lead Field Theory,Verification of genuine precordial dipole recovery vs synthetic mean collapse,Anterior Precordial Lead V3 Waveform Correlation,Signal_Lead_V3,pearson_r,Pearson r,spatial_1lead_d1_panorama_relative_1010010_s42_l0,0.6641501784324646
4. Spatial Torso Physical Fidelity & Precordial Nullspace,PreSACAN / Helmholtz-Geselowitz Lead Field Theory,Verification of genuine precordial dipole recovery vs synthetic mean collapse,Anterior Precordial Lead V3 Waveform Correlation,Signal_Lead_V3,pearson_r,Pearson r,spatial_1lead_b1_panorama_1010010_s42_l0,0.6634501814842224
4. Spatial Torso Physical Fidelity & Precordial Nullspace,PreSACAN / Helmholtz-Geselowitz Lead Field Theory,Verification of genuine precordial dipole recovery vs synthetic mean collapse,Anterior Precordial Lead V3 Waveform Correlation,Signal_Lead_V3,pearson_r,Pearson r,spatial_1lead_pg1_permuted_geometry_1010010_s42_l0,0.6610379815101624
4. Spatial Torso Physical Fidelity & Precordial Nullspace,PreSACAN / Helmholtz-Geselowitz Lead Field Theory,Verification of genuine precordial dipole recovery vs synthetic mean collapse,Anterior Precordial Lead V3 Waveform Correlation,Signal_Lead_V3,pearson_r,Pearson r,spatial_1lead_c1_panorama_hybrid_1010010_s42_l0,0.6609227657318115
4. Spatial Torso Physical Fidelity & Precordial Nullspace,PreSACAN / Helmholtz-Geselowitz Lead Field Theory,Verification of genuine precordial dipole recovery vs synthetic mean collapse,Anterior Precordial Lead V3 Waveform Correlation,Signal_Lead_V3,pearson_r,Pearson r,spatial_1lead_t111_exact_theta_1010010_s42_l0,0.6566065549850464
4. Spatial Torso Physical Fidelity & Precordial Nullspace,PreSACAN / Helmholtz-Geselowitz Lead Field Theory,Verification of genuine precordial dipole recovery vs synthetic mean collapse,Anterior Precordial Lead V3 Waveform Correlation,Signal_Lead_V3,pearson_r,Pearson r,spatial_1lead_t111_exact_theta_1110000_s42_l0,0.6458995938301086
4. Spatial Torso Physical Fidelity & Precordial Nullspace,PreSACAN / Helmholtz-Geselowitz Lead Field Theory,Verification of genuine precordial dipole recovery vs synthetic mean collapse,Anterior Precordial Lead V3 Waveform Correlation,Signal_Lead_V3,pearson_r,Pearson r,spatial_1lead_e1_panorama_film_1000000_s42_l0,0.6556198000907898
4. Spatial Torso Physical Fidelity & Precordial Nullspace,PreSACAN / Helmholtz-Geselowitz Lead Field Theory,Verification of genuine precordial dipole recovery vs synthetic mean collapse,Anterior Precordial Lead V3 Waveform Correlation,Signal_Lead_V3,pearson_r,Pearson r,spatial_1lead_d1_panorama_relative_1000000_s42_l0,0.654234766960144
4. Spatial Torso Physical Fidelity & Precordial Nullspace,PreSACAN / Helmholtz-Geselowitz Lead Field Theory,Verification of genuine precordial dipole recovery vs synthetic mean collapse,Anterior Precordial Lead V3 Waveform Correlation,Signal_Lead_V3,pearson_r,Pearson r,spatial_1lead_pg1_permuted_geometry_1000000_s42_l0,0.6514186859130859
4. Spatial Torso Physical Fidelity & Precordial Nullspace,PreSACAN / Helmholtz-Geselowitz Lead Field Theory,Verification of genuine precordial dipole recovery vs synthetic mean collapse,Anterior Precordial Lead V3 Waveform Correlation,Signal_Lead_V3,pearson_r,Pearson r,spatial_1lead_cm1_capacity_matched_1000000_s42_l0,0.6508365869522095
4. Spatial Torso Physical Fidelity & Precordial Nullspace,PreSACAN / Helmholtz-Geselowitz Lead Field Theory,Verification of genuine precordial dipole recovery vs synthetic mean collapse,Anterior Precordial Lead V3 Waveform Correlation,Signal_Lead_V3,pearson_r,Pearson r,spatial_1lead_pa1_panorama_author_1000000_s42_l0,0.649474024772644
4. Spatial Torso Physical Fidelity & Precordial Nullspace,PreSACAN / Helmholtz-Geselowitz Lead Field Theory,Verification of genuine precordial dipole recovery vs synthetic mean collapse,Anterior Precordial Lead V3 Waveform Correlation,Signal_Lead_V3,pearson_r,Pearson r,spatial_1lead_c1_panorama_hybrid_1000000_s42_l0,0.6449117064476013
4. Spatial Torso Physical Fidelity & Precordial Nullspace,PreSACAN / Helmholtz-Geselowitz Lead Field Theory,Verification of genuine precordial dipole recovery vs synthetic mean collapse,Anterior Precordial Lead V3 Waveform Correlation,Signal_Lead_V3,pearson_r,Pearson r,spatial_1lead_b1_panorama_1000000_s42_l0,0.6464707255363464
4. Spatial Torso Physical Fidelity & Precordial Nullspace,PreSACAN / Helmholtz-Geselowitz Lead Field Theory,Verification of genuine precordial dipole recovery vs synthetic mean collapse,Anterior Precordial Lead V3 Waveform Correlation,Signal_Lead_V3,pearson_r,Pearson r,spatial_1lead_t111_exact_theta_1000000_s42_l0,0.627129852771759
4. Spatial Torso Physical Fidelity & Precordial Nullspace,PreSACAN / Helmholtz-Geselowitz Lead Field Theory,Verification of genuine precordial dipole recovery vs synthetic mean collapse,Anterior Precordial Lead V3 Waveform Correlation,Signal_Lead_V3,pearson_r,Pearson r,spatial_1lead_t000_exact_theta_1000000_s42_l0,0.6424986124038696
4. Spatial Torso Physical Fidelity & Precordial Nullspace,PreSACAN / Helmholtz-Geselowitz Lead Field Theory,Verification of genuine precordial dipole recovery vs synthetic mean collapse,Anterior Precordial Lead V3 Amplitude Error,Signal_Lead_V3,mae,MAE (mV),conv15e_A0_wave_noSSL_gated_add_s42_l0,0.1263275295495987
4. Spatial Torso Physical Fidelity & Precordial Nullspace,PreSACAN / Helmholtz-Geselowitz Lead Field Theory,Verification of genuine precordial dipole recovery vs synthetic mean collapse,Anterior Precordial Lead V3 Amplitude Error,Signal_Lead_V3,mae,MAE (mV),conv15e_A0_zscore_s42_l0,0.12590889632701874
4. Spatial Torso Physical Fidelity & Precordial Nullspace,PreSACAN / Helmholtz-Geselowitz Lead Field Theory,Verification of genuine precordial dipole recovery vs synthetic mean collapse,Anterior Precordial Lead V3 Amplitude Error,Signal_Lead_V3,mae,MAE (mV),conv15e_C1_E1_morlet_mag_morlet_phase_s42_l0,0.1605406552553177
4. Spatial Torso Physical Fidelity & Precordial Nullspace,PreSACAN / Helmholtz-Geselowitz Lead Field Theory,Verification of genuine precordial dipole recovery vs synthetic mean collapse,Anterior Precordial Lead V3 Amplitude Error,Signal_Lead_V3,mae,MAE (mV),conv15e_R5_morlet_mag_ueg_phase_wyatt_s42_l0,0.12590277194976807
4. Spatial Torso Physical Fidelity & Precordial Nullspace,PreSACAN / Helmholtz-Geselowitz Lead Field Theory,Verification of genuine precordial dipole recovery vs synthetic mean collapse,Anterior Precordial Lead V3 Amplitude Error,Signal_Lead_V3,mae,MAE (mV),conv15e_R7_morlet_mag_ueg_real_s42_l0,0.12604615092277527
4. Spatial Torso Physical Fidelity & Precordial Nullspace,PreSACAN / Helmholtz-Geselowitz Lead Field Theory,Verification of genuine precordial dipole recovery vs synthetic mean collapse,Anterior Precordial Lead V3 Amplitude Error,Signal_Lead_V3,mae,MAE (mV),conv15e_del_wave_ce_s42_l0,0.1262480616569519
4. Spatial Torso Physical Fidelity & Precordial Nullspace,PreSACAN / Helmholtz-Geselowitz Lead Field Theory,Verification of genuine precordial dipole recovery vs synthetic mean collapse,Anterior Precordial Lead V3 Amplitude Error,Signal_Lead_V3,mae,MAE (mV),conv15e_ssl_log_magnitude_phase_sin_local_gated_add_s42_l0,0.1261889934539795
4. Spatial Torso Physical Fidelity & Precordial Nullspace,PreSACAN / Helmholtz-Geselowitz Lead Field Theory,Verification of genuine precordial dipole recovery vs synthetic mean collapse,Anterior Precordial Lead V3 Amplitude Error,Signal_Lead_V3,mae,MAE (mV),conv15e_ssl_log_magnitude_real_both_gated_add_s42_l0,0.12607380747795105
4. Spatial Torso Physical Fidelity & Precordial Nullspace,PreSACAN / Helmholtz-Geselowitz Lead Field Theory,Verification of genuine precordial dipole recovery vs synthetic mean collapse,Anterior Precordial Lead V3 Amplitude Error,Signal_Lead_V3,mae,MAE (mV),D1_theta_mul_currentloss_s42_l0,0.14036057889461517
4. Spatial Torso Physical Fidelity & Precordial Nullspace,PreSACAN / Helmholtz-Geselowitz Lead Field Theory,Verification of genuine precordial dipole recovery vs synthetic mean collapse,Anterior Precordial Lead V3 Amplitude Error,Signal_Lead_V3,mae,MAE (mV),D2_current_id_l1_s42_l0,0.13855411112308502
4. Spatial Torso Physical Fidelity & Precordial Nullspace,PreSACAN / Helmholtz-Geselowitz Lead Field Theory,Verification of genuine precordial dipole recovery vs synthetic mean collapse,Anterior Precordial Lead V3 Amplitude Error,Signal_Lead_V3,mae,MAE (mV),D3_theta_mul_l1_s42_l0,0.13597239553928375
4. Spatial Torso Physical Fidelity & Precordial Nullspace,PreSACAN / Helmholtz-Geselowitz Lead Field Theory,Verification of genuine precordial dipole recovery vs synthetic mean collapse,Anterior Precordial Lead V3 Amplitude Error,Signal_Lead_V3,mae,MAE (mV),D4_learned12_mul_l1_s42_l0,0.13726165890693665
4. Spatial Torso Physical Fidelity & Precordial Nullspace,PreSACAN / Helmholtz-Geselowitz Lead Field Theory,Verification of genuine precordial dipole recovery vs synthetic mean collapse,Anterior Precordial Lead V3 Amplitude Error,Signal_Lead_V3,mae,MAE (mV),D5_permuted_theta_mul_l1_s42_l0,0.13660824298858643
4. Spatial Torso Physical Fidelity & Precordial Nullspace,PreSACAN / Helmholtz-Geselowitz Lead Field Theory,Verification of genuine precordial dipole recovery vs synthetic mean collapse,Anterior Precordial Lead V3 Amplitude Error,Signal_Lead_V3,mae,MAE (mV),D6_theta_add_l1_s42_l0,0.13615091145038605
4. Spatial Torso Physical Fidelity & Precordial Nullspace,PreSACAN / Helmholtz-Geselowitz Lead Field Theory,Verification of genuine precordial dipole recovery vs synthetic mean collapse,Anterior Precordial Lead V3 Amplitude Error,Signal_Lead_V3,mae,MAE (mV),D7_learned12_add_l1_s42_l0,0.1372789740562439
4. Spatial Torso Physical Fidelity & Precordial Nullspace,PreSACAN / Helmholtz-Geselowitz Lead Field Theory,Verification of genuine precordial dipole recovery vs synthetic mean collapse,Anterior Precordial Lead V3 Amplitude Error,Signal_Lead_V3,mae,MAE (mV),D8_random12_mul_l1_s42_l0,0.13574694097042084
4. Spatial Torso Physical Fidelity & Precordial Nullspace,PreSACAN / Helmholtz-Geselowitz Lead Field Theory,Verification of genuine precordial dipole recovery vs synthetic mean collapse,Anterior Precordial Lead V3 Amplitude Error,Signal_Lead_V3,mae,MAE (mV),factorial_ecg_aim_1100013_s42,0.16034309566020966
4. Spatial Torso Physical Fidelity & Precordial Nullspace,PreSACAN / Helmholtz-Geselowitz Lead Field Theory,Verification of genuine precordial dipole recovery vs synthetic mean collapse,Anterior Precordial Lead V3 Amplitude Error,Signal_Lead_V3,mae,MAE (mV),factorial_ecg_aim_1100110_s42,0.161394402384758
4. Spatial Torso Physical Fidelity & Precordial Nullspace,PreSACAN / Helmholtz-Geselowitz Lead Field Theory,Verification of genuine precordial dipole recovery vs synthetic mean collapse,Anterior Precordial Lead V3 Amplitude Error,Signal_Lead_V3,mae,MAE (mV),factorial_ecg_aim_1100111_s42,0.15984125435352325
4. Spatial Torso Physical Fidelity & Precordial Nullspace,PreSACAN / Helmholtz-Geselowitz Lead Field Theory,Verification of genuine precordial dipole recovery vs synthetic mean collapse,Anterior Precordial Lead V3 Amplitude Error,Signal_Lead_V3,mae,MAE (mV),factorial_ecg_aim_1101113_s42,0.18811465799808502
4. Spatial Torso Physical Fidelity & Precordial Nullspace,PreSACAN / Helmholtz-Geselowitz Lead Field Theory,Verification of genuine precordial dipole recovery vs synthetic mean collapse,Anterior Precordial Lead V3 Amplitude Error,Signal_Lead_V3,mae,MAE (mV),spatial_1lead_a0_1110000_s42_l0,0.13779009878635406
4. Spatial Torso Physical Fidelity & Precordial Nullspace,PreSACAN / Helmholtz-Geselowitz Lead Field Theory,Verification of genuine precordial dipole recovery vs synthetic mean collapse,Anterior Precordial Lead V3 Amplitude Error,Signal_Lead_V3,mae,MAE (mV),spatial_1lead_e1_panorama_film_1110000_s42_l0,0.13889122009277344
4. Spatial Torso Physical Fidelity & Precordial Nullspace,PreSACAN / Helmholtz-Geselowitz Lead Field Theory,Verification of genuine precordial dipole recovery vs synthetic mean collapse,Anterior Precordial Lead V3 Amplitude Error,Signal_Lead_V3,mae,MAE (mV),spatial_1lead_pa1_panorama_author_1110000_s42_l0,0.1400039792060852
4. Spatial Torso Physical Fidelity & Precordial Nullspace,PreSACAN / Helmholtz-Geselowitz Lead Field Theory,Verification of genuine precordial dipole recovery vs synthetic mean collapse,Anterior Precordial Lead V3 Amplitude Error,Signal_Lead_V3,mae,MAE (mV),spatial_1lead_b1_panorama_1110000_s42_l0,0.14011113345623016
4. Spatial Torso Physical Fidelity & Precordial Nullspace,PreSACAN / Helmholtz-Geselowitz Lead Field Theory,Verification of genuine precordial dipole recovery vs synthetic mean collapse,Anterior Precordial Lead V3 Amplitude Error,Signal_Lead_V3,mae,MAE (mV),spatial_1lead_cm1_capacity_matched_1110000_s42_l0,0.14000587165355682
4. Spatial Torso Physical Fidelity & Precordial Nullspace,PreSACAN / Helmholtz-Geselowitz Lead Field Theory,Verification of genuine precordial dipole recovery vs synthetic mean collapse,Anterior Precordial Lead V3 Amplitude Error,Signal_Lead_V3,mae,MAE (mV),spatial_1lead_pg1_permuted_geometry_1110000_s42_l0,0.14071689546108246
4. Spatial Torso Physical Fidelity & Precordial Nullspace,PreSACAN / Helmholtz-Geselowitz Lead Field Theory,Verification of genuine precordial dipole recovery vs synthetic mean collapse,Anterior Precordial Lead V3 Amplitude Error,Signal_Lead_V3,mae,MAE (mV),spatial_1lead_t000_exact_theta_1110000_s42_l0,0.14024843275547028
4. Spatial Torso Physical Fidelity & Precordial Nullspace,PreSACAN / Helmholtz-Geselowitz Lead Field Theory,Verification of genuine precordial dipole recovery vs synthetic mean collapse,Anterior Precordial Lead V3 Amplitude Error,Signal_Lead_V3,mae,MAE (mV),spatial_1lead_c1_panorama_hybrid_1110000_s42_l0,0.1403181254863739
4. Spatial Torso Physical Fidelity & Precordial Nullspace,PreSACAN / Helmholtz-Geselowitz Lead Field Theory,Verification of genuine precordial dipole recovery vs synthetic mean collapse,Anterior Precordial Lead V3 Amplitude Error,Signal_Lead_V3,mae,MAE (mV),spatial_1lead_d1_panorama_relative_1110000_s42_l0,0.1398690640926361
4. Spatial Torso Physical Fidelity & Precordial Nullspace,PreSACAN / Helmholtz-Geselowitz Lead Field Theory,Verification of genuine precordial dipole recovery vs synthetic mean collapse,Anterior Precordial Lead V3 Amplitude Error,Signal_Lead_V3,mae,MAE (mV),spatial_1lead_e1_panorama_film_1010010_s42_l0,0.14166845381259918
4. Spatial Torso Physical Fidelity & Precordial Nullspace,PreSACAN / Helmholtz-Geselowitz Lead Field Theory,Verification of genuine precordial dipole recovery vs synthetic mean collapse,Anterior Precordial Lead V3 Amplitude Error,Signal_Lead_V3,mae,MAE (mV),spatial_1lead_pa1_panorama_author_1010010_s42_l0,0.14191590249538422
4. Spatial Torso Physical Fidelity & Precordial Nullspace,PreSACAN / Helmholtz-Geselowitz Lead Field Theory,Verification of genuine precordial dipole recovery vs synthetic mean collapse,Anterior Precordial Lead V3 Amplitude Error,Signal_Lead_V3,mae,MAE (mV),spatial_1lead_t000_exact_theta_1010010_s42_l0,0.14178280532360077
4. Spatial Torso Physical Fidelity & Precordial Nullspace,PreSACAN / Helmholtz-Geselowitz Lead Field Theory,Verification of genuine precordial dipole recovery vs synthetic mean collapse,Anterior Precordial Lead V3 Amplitude Error,Signal_Lead_V3,mae,MAE (mV),spatial_1lead_a0_1010010_s42_l0,0.14241039752960205
4. Spatial Torso Physical Fidelity & Precordial Nullspace,PreSACAN / Helmholtz-Geselowitz Lead Field Theory,Verification of genuine precordial dipole recovery vs synthetic mean collapse,Anterior Precordial Lead V3 Amplitude Error,Signal_Lead_V3,mae,MAE (mV),spatial_1lead_cm1_capacity_matched_1010010_s42_l0,0.14355479180812836
4. Spatial Torso Physical Fidelity & Precordial Nullspace,PreSACAN / Helmholtz-Geselowitz Lead Field Theory,Verification of genuine precordial dipole recovery vs synthetic mean collapse,Anterior Precordial Lead V3 Amplitude Error,Signal_Lead_V3,mae,MAE (mV),spatial_1lead_d1_panorama_relative_1010010_s42_l0,0.1423759013414383
4. Spatial Torso Physical Fidelity & Precordial Nullspace,PreSACAN / Helmholtz-Geselowitz Lead Field Theory,Verification of genuine precordial dipole recovery vs synthetic mean collapse,Anterior Precordial Lead V3 Amplitude Error,Signal_Lead_V3,mae,MAE (mV),spatial_1lead_b1_panorama_1010010_s42_l0,0.14207248389720917
4. Spatial Torso Physical Fidelity & Precordial Nullspace,PreSACAN / Helmholtz-Geselowitz Lead Field Theory,Verification of genuine precordial dipole recovery vs synthetic mean collapse,Anterior Precordial Lead V3 Amplitude Error,Signal_Lead_V3,mae,MAE (mV),spatial_1lead_pg1_permuted_geometry_1010010_s42_l0,0.14224109053611755
4. Spatial Torso Physical Fidelity & Precordial Nullspace,PreSACAN / Helmholtz-Geselowitz Lead Field Theory,Verification of genuine precordial dipole recovery vs synthetic mean collapse,Anterior Precordial Lead V3 Amplitude Error,Signal_Lead_V3,mae,MAE (mV),spatial_1lead_c1_panorama_hybrid_1010010_s42_l0,0.14270064234733582
4. Spatial Torso Physical Fidelity & Precordial Nullspace,PreSACAN / Helmholtz-Geselowitz Lead Field Theory,Verification of genuine precordial dipole recovery vs synthetic mean collapse,Anterior Precordial Lead V3 Amplitude Error,Signal_Lead_V3,mae,MAE (mV),spatial_1lead_t111_exact_theta_1010010_s42_l0,0.14424951374530792
4. Spatial Torso Physical Fidelity & Precordial Nullspace,PreSACAN / Helmholtz-Geselowitz Lead Field Theory,Verification of genuine precordial dipole recovery vs synthetic mean collapse,Anterior Precordial Lead V3 Amplitude Error,Signal_Lead_V3,mae,MAE (mV),spatial_1lead_t111_exact_theta_1110000_s42_l0,0.14826349914073944
4. Spatial Torso Physical Fidelity & Precordial Nullspace,PreSACAN / Helmholtz-Geselowitz Lead Field Theory,Verification of genuine precordial dipole recovery vs synthetic mean collapse,Anterior Precordial Lead V3 Amplitude Error,Signal_Lead_V3,mae,MAE (mV),spatial_1lead_e1_panorama_film_1000000_s42_l0,0.14373505115509033
4. Spatial Torso Physical Fidelity & Precordial Nullspace,PreSACAN / Helmholtz-Geselowitz Lead Field Theory,Verification of genuine precordial dipole recovery vs synthetic mean collapse,Anterior Precordial Lead V3 Amplitude Error,Signal_Lead_V3,mae,MAE (mV),spatial_1lead_d1_panorama_relative_1000000_s42_l0,0.1439330130815506
4. Spatial Torso Physical Fidelity & Precordial Nullspace,PreSACAN / Helmholtz-Geselowitz Lead Field Theory,Verification of genuine precordial dipole recovery vs synthetic mean collapse,Anterior Precordial Lead V3 Amplitude Error,Signal_Lead_V3,mae,MAE (mV),spatial_1lead_pg1_permuted_geometry_1000000_s42_l0,0.1442953199148178
4. Spatial Torso Physical Fidelity & Precordial Nullspace,PreSACAN / Helmholtz-Geselowitz Lead Field Theory,Verification of genuine precordial dipole recovery vs synthetic mean collapse,Anterior Precordial Lead V3 Amplitude Error,Signal_Lead_V3,mae,MAE (mV),spatial_1lead_cm1_capacity_matched_1000000_s42_l0,0.14491160213947296
4. Spatial Torso Physical Fidelity & Precordial Nullspace,PreSACAN / Helmholtz-Geselowitz Lead Field Theory,Verification of genuine precordial dipole recovery vs synthetic mean collapse,Anterior Precordial Lead V3 Amplitude Error,Signal_Lead_V3,mae,MAE (mV),spatial_1lead_pa1_panorama_author_1000000_s42_l0,0.14498281478881836
4. Spatial Torso Physical Fidelity & Precordial Nullspace,PreSACAN / Helmholtz-Geselowitz Lead Field Theory,Verification of genuine precordial dipole recovery vs synthetic mean collapse,Anterior Precordial Lead V3 Amplitude Error,Signal_Lead_V3,mae,MAE (mV),spatial_1lead_c1_panorama_hybrid_1000000_s42_l0,0.14573659002780914
4. Spatial Torso Physical Fidelity & Precordial Nullspace,PreSACAN / Helmholtz-Geselowitz Lead Field Theory,Verification of genuine precordial dipole recovery vs synthetic mean collapse,Anterior Precordial Lead V3 Amplitude Error,Signal_Lead_V3,mae,MAE (mV),spatial_1lead_b1_panorama_1000000_s42_l0,0.14596307277679443
4. Spatial Torso Physical Fidelity & Precordial Nullspace,PreSACAN / Helmholtz-Geselowitz Lead Field Theory,Verification of genuine precordial dipole recovery vs synthetic mean collapse,Anterior Precordial Lead V3 Amplitude Error,Signal_Lead_V3,mae,MAE (mV),spatial_1lead_t111_exact_theta_1000000_s42_l0,0.14861410856246948
4. Spatial Torso Physical Fidelity & Precordial Nullspace,PreSACAN / Helmholtz-Geselowitz Lead Field Theory,Verification of genuine precordial dipole recovery vs synthetic mean collapse,Anterior Precordial Lead V3 Amplitude Error,Signal_Lead_V3,mae,MAE (mV),spatial_1lead_t000_exact_theta_1000000_s42_l0,0.14768892526626587
4. Spatial Torso Physical Fidelity & Precordial Nullspace,PreSACAN / Helmholtz-Geselowitz Lead Field Theory,Verification of genuine precordial dipole recovery vs synthetic mean collapse,Right Precordial Lead V1 Waveform Correlation,Signal_Lead_V1,pearson_r,Pearson r,conv15e_A0_wave_noSSL_gated_add_s42_l0,0.7901695966720581
4. Spatial Torso Physical Fidelity & Precordial Nullspace,PreSACAN / Helmholtz-Geselowitz Lead Field Theory,Verification of genuine precordial dipole recovery vs synthetic mean collapse,Right Precordial Lead V1 Waveform Correlation,Signal_Lead_V1,pearson_r,Pearson r,conv15e_A0_zscore_s42_l0,0.7868063449859619
4. Spatial Torso Physical Fidelity & Precordial Nullspace,PreSACAN / Helmholtz-Geselowitz Lead Field Theory,Verification of genuine precordial dipole recovery vs synthetic mean collapse,Right Precordial Lead V1 Waveform Correlation,Signal_Lead_V1,pearson_r,Pearson r,conv15e_C1_E1_morlet_mag_morlet_phase_s42_l0,-0.009402421303093433
4. Spatial Torso Physical Fidelity & Precordial Nullspace,PreSACAN / Helmholtz-Geselowitz Lead Field Theory,Verification of genuine precordial dipole recovery vs synthetic mean collapse,Right Precordial Lead V1 Waveform Correlation,Signal_Lead_V1,pearson_r,Pearson r,conv15e_R5_morlet_mag_ueg_phase_wyatt_s42_l0,0.7892956733703613
4. Spatial Torso Physical Fidelity & Precordial Nullspace,PreSACAN / Helmholtz-Geselowitz Lead Field Theory,Verification of genuine precordial dipole recovery vs synthetic mean collapse,Right Precordial Lead V1 Waveform Correlation,Signal_Lead_V1,pearson_r,Pearson r,conv15e_R7_morlet_mag_ueg_real_s42_l0,0.7897740602493286
4. Spatial Torso Physical Fidelity & Precordial Nullspace,PreSACAN / Helmholtz-Geselowitz Lead Field Theory,Verification of genuine precordial dipole recovery vs synthetic mean collapse,Right Precordial Lead V1 Waveform Correlation,Signal_Lead_V1,pearson_r,Pearson r,conv15e_del_wave_ce_s42_l0,0.7893412709236145
4. Spatial Torso Physical Fidelity & Precordial Nullspace,PreSACAN / Helmholtz-Geselowitz Lead Field Theory,Verification of genuine precordial dipole recovery vs synthetic mean collapse,Right Precordial Lead V1 Waveform Correlation,Signal_Lead_V1,pearson_r,Pearson r,conv15e_ssl_log_magnitude_phase_sin_local_gated_add_s42_l0,0.7894496917724609
4. Spatial Torso Physical Fidelity & Precordial Nullspace,PreSACAN / Helmholtz-Geselowitz Lead Field Theory,Verification of genuine precordial dipole recovery vs synthetic mean collapse,Right Precordial Lead V1 Waveform Correlation,Signal_Lead_V1,pearson_r,Pearson r,conv15e_ssl_log_magnitude_real_both_gated_add_s42_l0,0.7885724306106567
4. Spatial Torso Physical Fidelity & Precordial Nullspace,PreSACAN / Helmholtz-Geselowitz Lead Field Theory,Verification of genuine precordial dipole recovery vs synthetic mean collapse,Right Precordial Lead V1 Waveform Correlation,Signal_Lead_V1,pearson_r,Pearson r,D1_theta_mul_currentloss_s42_l0,0.7519974112510681
4. Spatial Torso Physical Fidelity & Precordial Nullspace,PreSACAN / Helmholtz-Geselowitz Lead Field Theory,Verification of genuine precordial dipole recovery vs synthetic mean collapse,Right Precordial Lead V1 Waveform Correlation,Signal_Lead_V1,pearson_r,Pearson r,D2_current_id_l1_s42_l0,0.7544275522232056
4. Spatial Torso Physical Fidelity & Precordial Nullspace,PreSACAN / Helmholtz-Geselowitz Lead Field Theory,Verification of genuine precordial dipole recovery vs synthetic mean collapse,Right Precordial Lead V1 Waveform Correlation,Signal_Lead_V1,pearson_r,Pearson r,D3_theta_mul_l1_s42_l0,0.7609779834747314
4. Spatial Torso Physical Fidelity & Precordial Nullspace,PreSACAN / Helmholtz-Geselowitz Lead Field Theory,Verification of genuine precordial dipole recovery vs synthetic mean collapse,Right Precordial Lead V1 Waveform Correlation,Signal_Lead_V1,pearson_r,Pearson r,D4_learned12_mul_l1_s42_l0,0.7549710273742676
4. Spatial Torso Physical Fidelity & Precordial Nullspace,PreSACAN / Helmholtz-Geselowitz Lead Field Theory,Verification of genuine precordial dipole recovery vs synthetic mean collapse,Right Precordial Lead V1 Waveform Correlation,Signal_Lead_V1,pearson_r,Pearson r,D5_permuted_theta_mul_l1_s42_l0,0.7599726915359497
4. Spatial Torso Physical Fidelity & Precordial Nullspace,PreSACAN / Helmholtz-Geselowitz Lead Field Theory,Verification of genuine precordial dipole recovery vs synthetic mean collapse,Right Precordial Lead V1 Waveform Correlation,Signal_Lead_V1,pearson_r,Pearson r,D6_theta_add_l1_s42_l0,0.7587816119194031
4. Spatial Torso Physical Fidelity & Precordial Nullspace,PreSACAN / Helmholtz-Geselowitz Lead Field Theory,Verification of genuine precordial dipole recovery vs synthetic mean collapse,Right Precordial Lead V1 Waveform Correlation,Signal_Lead_V1,pearson_r,Pearson r,D7_learned12_add_l1_s42_l0,0.7549152970314026
4. Spatial Torso Physical Fidelity & Precordial Nullspace,PreSACAN / Helmholtz-Geselowitz Lead Field Theory,Verification of genuine precordial dipole recovery vs synthetic mean collapse,Right Precordial Lead V1 Waveform Correlation,Signal_Lead_V1,pearson_r,Pearson r,D8_random12_mul_l1_s42_l0,0.7634753584861755
4. Spatial Torso Physical Fidelity & Precordial Nullspace,PreSACAN / Helmholtz-Geselowitz Lead Field Theory,Verification of genuine precordial dipole recovery vs synthetic mean collapse,Right Precordial Lead V1 Waveform Correlation,Signal_Lead_V1,pearson_r,Pearson r,factorial_ecg_aim_1100013_s42,0.68603515625
4. Spatial Torso Physical Fidelity & Precordial Nullspace,PreSACAN / Helmholtz-Geselowitz Lead Field Theory,Verification of genuine precordial dipole recovery vs synthetic mean collapse,Right Precordial Lead V1 Waveform Correlation,Signal_Lead_V1,pearson_r,Pearson r,factorial_ecg_aim_1100110_s42,0.5673919916152954
4. Spatial Torso Physical Fidelity & Precordial Nullspace,PreSACAN / Helmholtz-Geselowitz Lead Field Theory,Verification of genuine precordial dipole recovery vs synthetic mean collapse,Right Precordial Lead V1 Waveform Correlation,Signal_Lead_V1,pearson_r,Pearson r,factorial_ecg_aim_1100111_s42,0.6883826851844788
4. Spatial Torso Physical Fidelity & Precordial Nullspace,PreSACAN / Helmholtz-Geselowitz Lead Field Theory,Verification of genuine precordial dipole recovery vs synthetic mean collapse,Right Precordial Lead V1 Waveform Correlation,Signal_Lead_V1,pearson_r,Pearson r,factorial_ecg_aim_1101113_s42,0.5188913941383362
4. Spatial Torso Physical Fidelity & Precordial Nullspace,PreSACAN / Helmholtz-Geselowitz Lead Field Theory,Verification of genuine precordial dipole recovery vs synthetic mean collapse,Right Precordial Lead V1 Waveform Correlation,Signal_Lead_V1,pearson_r,Pearson r,spatial_1lead_a0_1110000_s42_l0,0.7637391686439514
4. Spatial Torso Physical Fidelity & Precordial Nullspace,PreSACAN / Helmholtz-Geselowitz Lead Field Theory,Verification of genuine precordial dipole recovery vs synthetic mean collapse,Right Precordial Lead V1 Waveform Correlation,Signal_Lead_V1,pearson_r,Pearson r,spatial_1lead_e1_panorama_film_1110000_s42_l0,0.7644526958465576
4. Spatial Torso Physical Fidelity & Precordial Nullspace,PreSACAN / Helmholtz-Geselowitz Lead Field Theory,Verification of genuine precordial dipole recovery vs synthetic mean collapse,Right Precordial Lead V1 Waveform Correlation,Signal_Lead_V1,pearson_r,Pearson r,spatial_1lead_pa1_panorama_author_1110000_s42_l0,0.761557936668396
4. Spatial Torso Physical Fidelity & Precordial Nullspace,PreSACAN / Helmholtz-Geselowitz Lead Field Theory,Verification of genuine precordial dipole recovery vs synthetic mean collapse,Right Precordial Lead V1 Waveform Correlation,Signal_Lead_V1,pearson_r,Pearson r,spatial_1lead_b1_panorama_1110000_s42_l0,0.7618048191070557
4. Spatial Torso Physical Fidelity & Precordial Nullspace,PreSACAN / Helmholtz-Geselowitz Lead Field Theory,Verification of genuine precordial dipole recovery vs synthetic mean collapse,Right Precordial Lead V1 Waveform Correlation,Signal_Lead_V1,pearson_r,Pearson r,spatial_1lead_cm1_capacity_matched_1110000_s42_l0,0.7614061832427979
4. Spatial Torso Physical Fidelity & Precordial Nullspace,PreSACAN / Helmholtz-Geselowitz Lead Field Theory,Verification of genuine precordial dipole recovery vs synthetic mean collapse,Right Precordial Lead V1 Waveform Correlation,Signal_Lead_V1,pearson_r,Pearson r,spatial_1lead_pg1_permuted_geometry_1110000_s42_l0,0.7614938020706177
4. Spatial Torso Physical Fidelity & Precordial Nullspace,PreSACAN / Helmholtz-Geselowitz Lead Field Theory,Verification of genuine precordial dipole recovery vs synthetic mean collapse,Right Precordial Lead V1 Waveform Correlation,Signal_Lead_V1,pearson_r,Pearson r,spatial_1lead_t000_exact_theta_1110000_s42_l0,0.7612839937210083
4. Spatial Torso Physical Fidelity & Precordial Nullspace,PreSACAN / Helmholtz-Geselowitz Lead Field Theory,Verification of genuine precordial dipole recovery vs synthetic mean collapse,Right Precordial Lead V1 Waveform Correlation,Signal_Lead_V1,pearson_r,Pearson r,spatial_1lead_c1_panorama_hybrid_1110000_s42_l0,0.7601853013038635
4. Spatial Torso Physical Fidelity & Precordial Nullspace,PreSACAN / Helmholtz-Geselowitz Lead Field Theory,Verification of genuine precordial dipole recovery vs synthetic mean collapse,Right Precordial Lead V1 Waveform Correlation,Signal_Lead_V1,pearson_r,Pearson r,spatial_1lead_d1_panorama_relative_1110000_s42_l0,0.7605410218238831
4. Spatial Torso Physical Fidelity & Precordial Nullspace,PreSACAN / Helmholtz-Geselowitz Lead Field Theory,Verification of genuine precordial dipole recovery vs synthetic mean collapse,Right Precordial Lead V1 Waveform Correlation,Signal_Lead_V1,pearson_r,Pearson r,spatial_1lead_e1_panorama_film_1010010_s42_l0,0.7510079741477966
4. Spatial Torso Physical Fidelity & Precordial Nullspace,PreSACAN / Helmholtz-Geselowitz Lead Field Theory,Verification of genuine precordial dipole recovery vs synthetic mean collapse,Right Precordial Lead V1 Waveform Correlation,Signal_Lead_V1,pearson_r,Pearson r,spatial_1lead_pa1_panorama_author_1010010_s42_l0,0.7503706812858582
4. Spatial Torso Physical Fidelity & Precordial Nullspace,PreSACAN / Helmholtz-Geselowitz Lead Field Theory,Verification of genuine precordial dipole recovery vs synthetic mean collapse,Right Precordial Lead V1 Waveform Correlation,Signal_Lead_V1,pearson_r,Pearson r,spatial_1lead_t000_exact_theta_1010010_s42_l0,0.7492165565490723
4. Spatial Torso Physical Fidelity & Precordial Nullspace,PreSACAN / Helmholtz-Geselowitz Lead Field Theory,Verification of genuine precordial dipole recovery vs synthetic mean collapse,Right Precordial Lead V1 Waveform Correlation,Signal_Lead_V1,pearson_r,Pearson r,spatial_1lead_a0_1010010_s42_l0,0.7496749758720398
4. Spatial Torso Physical Fidelity & Precordial Nullspace,PreSACAN / Helmholtz-Geselowitz Lead Field Theory,Verification of genuine precordial dipole recovery vs synthetic mean collapse,Right Precordial Lead V1 Waveform Correlation,Signal_Lead_V1,pearson_r,Pearson r,spatial_1lead_cm1_capacity_matched_1010010_s42_l0,0.7472684383392334
4. Spatial Torso Physical Fidelity & Precordial Nullspace,PreSACAN / Helmholtz-Geselowitz Lead Field Theory,Verification of genuine precordial dipole recovery vs synthetic mean collapse,Right Precordial Lead V1 Waveform Correlation,Signal_Lead_V1,pearson_r,Pearson r,spatial_1lead_d1_panorama_relative_1010010_s42_l0,0.7496771812438965
4. Spatial Torso Physical Fidelity & Precordial Nullspace,PreSACAN / Helmholtz-Geselowitz Lead Field Theory,Verification of genuine precordial dipole recovery vs synthetic mean collapse,Right Precordial Lead V1 Waveform Correlation,Signal_Lead_V1,pearson_r,Pearson r,spatial_1lead_b1_panorama_1010010_s42_l0,0.7440186738967896
4. Spatial Torso Physical Fidelity & Precordial Nullspace,PreSACAN / Helmholtz-Geselowitz Lead Field Theory,Verification of genuine precordial dipole recovery vs synthetic mean collapse,Right Precordial Lead V1 Waveform Correlation,Signal_Lead_V1,pearson_r,Pearson r,spatial_1lead_pg1_permuted_geometry_1010010_s42_l0,0.7490637302398682
4. Spatial Torso Physical Fidelity & Precordial Nullspace,PreSACAN / Helmholtz-Geselowitz Lead Field Theory,Verification of genuine precordial dipole recovery vs synthetic mean collapse,Right Precordial Lead V1 Waveform Correlation,Signal_Lead_V1,pearson_r,Pearson r,spatial_1lead_c1_panorama_hybrid_1010010_s42_l0,0.7489593625068665
4. Spatial Torso Physical Fidelity & Precordial Nullspace,PreSACAN / Helmholtz-Geselowitz Lead Field Theory,Verification of genuine precordial dipole recovery vs synthetic mean collapse,Right Precordial Lead V1 Waveform Correlation,Signal_Lead_V1,pearson_r,Pearson r,spatial_1lead_t111_exact_theta_1010010_s42_l0,0.7445918321609497
4. Spatial Torso Physical Fidelity & Precordial Nullspace,PreSACAN / Helmholtz-Geselowitz Lead Field Theory,Verification of genuine precordial dipole recovery vs synthetic mean collapse,Right Precordial Lead V1 Waveform Correlation,Signal_Lead_V1,pearson_r,Pearson r,spatial_1lead_t111_exact_theta_1110000_s42_l0,0.7378812432289124
4. Spatial Torso Physical Fidelity & Precordial Nullspace,PreSACAN / Helmholtz-Geselowitz Lead Field Theory,Verification of genuine precordial dipole recovery vs synthetic mean collapse,Right Precordial Lead V1 Waveform Correlation,Signal_Lead_V1,pearson_r,Pearson r,spatial_1lead_e1_panorama_film_1000000_s42_l0,0.7426603436470032
4. Spatial Torso Physical Fidelity & Precordial Nullspace,PreSACAN / Helmholtz-Geselowitz Lead Field Theory,Verification of genuine precordial dipole recovery vs synthetic mean collapse,Right Precordial Lead V1 Waveform Correlation,Signal_Lead_V1,pearson_r,Pearson r,spatial_1lead_d1_panorama_relative_1000000_s42_l0,0.7352946400642395
4. Spatial Torso Physical Fidelity & Precordial Nullspace,PreSACAN / Helmholtz-Geselowitz Lead Field Theory,Verification of genuine precordial dipole recovery vs synthetic mean collapse,Right Precordial Lead V1 Waveform Correlation,Signal_Lead_V1,pearson_r,Pearson r,spatial_1lead_pg1_permuted_geometry_1000000_s42_l0,0.7355211973190308
4. Spatial Torso Physical Fidelity & Precordial Nullspace,PreSACAN / Helmholtz-Geselowitz Lead Field Theory,Verification of genuine precordial dipole recovery vs synthetic mean collapse,Right Precordial Lead V1 Waveform Correlation,Signal_Lead_V1,pearson_r,Pearson r,spatial_1lead_cm1_capacity_matched_1000000_s42_l0,0.7232680320739746
4. Spatial Torso Physical Fidelity & Precordial Nullspace,PreSACAN / Helmholtz-Geselowitz Lead Field Theory,Verification of genuine precordial dipole recovery vs synthetic mean collapse,Right Precordial Lead V1 Waveform Correlation,Signal_Lead_V1,pearson_r,Pearson r,spatial_1lead_pa1_panorama_author_1000000_s42_l0,0.7283536791801453
4. Spatial Torso Physical Fidelity & Precordial Nullspace,PreSACAN / Helmholtz-Geselowitz Lead Field Theory,Verification of genuine precordial dipole recovery vs synthetic mean collapse,Right Precordial Lead V1 Waveform Correlation,Signal_Lead_V1,pearson_r,Pearson r,spatial_1lead_c1_panorama_hybrid_1000000_s42_l0,0.7308778762817383
4. Spatial Torso Physical Fidelity & Precordial Nullspace,PreSACAN / Helmholtz-Geselowitz Lead Field Theory,Verification of genuine precordial dipole recovery vs synthetic mean collapse,Right Precordial Lead V1 Waveform Correlation,Signal_Lead_V1,pearson_r,Pearson r,spatial_1lead_b1_panorama_1000000_s42_l0,0.7166485786437988
4. Spatial Torso Physical Fidelity & Precordial Nullspace,PreSACAN / Helmholtz-Geselowitz Lead Field Theory,Verification of genuine precordial dipole recovery vs synthetic mean collapse,Right Precordial Lead V1 Waveform Correlation,Signal_Lead_V1,pearson_r,Pearson r,spatial_1lead_t111_exact_theta_1000000_s42_l0,0.6993719339370728
4. Spatial Torso Physical Fidelity & Precordial Nullspace,PreSACAN / Helmholtz-Geselowitz Lead Field Theory,Verification of genuine precordial dipole recovery vs synthetic mean collapse,Right Precordial Lead V1 Waveform Correlation,Signal_Lead_V1,pearson_r,Pearson r,spatial_1lead_t000_exact_theta_1000000_s42_l0,0.6966320872306824
4. Spatial Torso Physical Fidelity & Precordial Nullspace,PreSACAN / Helmholtz-Geselowitz Lead Field Theory,Verification of genuine precordial dipole recovery vs synthetic mean collapse,Lateral Precordial Lead V6 Waveform Correlation,Signal_Lead_V6,pearson_r,Pearson r,conv15e_A0_wave_noSSL_gated_add_s42_l0,0.7793959379196167
4. Spatial Torso Physical Fidelity & Precordial Nullspace,PreSACAN / Helmholtz-Geselowitz Lead Field Theory,Verification of genuine precordial dipole recovery vs synthetic mean collapse,Lateral Precordial Lead V6 Waveform Correlation,Signal_Lead_V6,pearson_r,Pearson r,conv15e_A0_zscore_s42_l0,0.7771849632263184
4. Spatial Torso Physical Fidelity & Precordial Nullspace,PreSACAN / Helmholtz-Geselowitz Lead Field Theory,Verification of genuine precordial dipole recovery vs synthetic mean collapse,Lateral Precordial Lead V6 Waveform Correlation,Signal_Lead_V6,pearson_r,Pearson r,conv15e_C1_E1_morlet_mag_morlet_phase_s42_l0,0.7232800126075745
4. Spatial Torso Physical Fidelity & Precordial Nullspace,PreSACAN / Helmholtz-Geselowitz Lead Field Theory,Verification of genuine precordial dipole recovery vs synthetic mean collapse,Lateral Precordial Lead V6 Waveform Correlation,Signal_Lead_V6,pearson_r,Pearson r,conv15e_R5_morlet_mag_ueg_phase_wyatt_s42_l0,0.7794389128684998
4. Spatial Torso Physical Fidelity & Precordial Nullspace,PreSACAN / Helmholtz-Geselowitz Lead Field Theory,Verification of genuine precordial dipole recovery vs synthetic mean collapse,Lateral Precordial Lead V6 Waveform Correlation,Signal_Lead_V6,pearson_r,Pearson r,conv15e_R7_morlet_mag_ueg_real_s42_l0,0.7805660963058472
4. Spatial Torso Physical Fidelity & Precordial Nullspace,PreSACAN / Helmholtz-Geselowitz Lead Field Theory,Verification of genuine precordial dipole recovery vs synthetic mean collapse,Lateral Precordial Lead V6 Waveform Correlation,Signal_Lead_V6,pearson_r,Pearson r,conv15e_del_wave_ce_s42_l0,0.7797389626502991
4. Spatial Torso Physical Fidelity & Precordial Nullspace,PreSACAN / Helmholtz-Geselowitz Lead Field Theory,Verification of genuine precordial dipole recovery vs synthetic mean collapse,Lateral Precordial Lead V6 Waveform Correlation,Signal_Lead_V6,pearson_r,Pearson r,conv15e_ssl_log_magnitude_phase_sin_local_gated_add_s42_l0,0.779381513595581
4. Spatial Torso Physical Fidelity & Precordial Nullspace,PreSACAN / Helmholtz-Geselowitz Lead Field Theory,Verification of genuine precordial dipole recovery vs synthetic mean collapse,Lateral Precordial Lead V6 Waveform Correlation,Signal_Lead_V6,pearson_r,Pearson r,conv15e_ssl_log_magnitude_real_both_gated_add_s42_l0,0.7793659567832947
4. Spatial Torso Physical Fidelity & Precordial Nullspace,PreSACAN / Helmholtz-Geselowitz Lead Field Theory,Verification of genuine precordial dipole recovery vs synthetic mean collapse,Lateral Precordial Lead V6 Waveform Correlation,Signal_Lead_V6,pearson_r,Pearson r,D1_theta_mul_currentloss_s42_l0,0.7523289918899536
4. Spatial Torso Physical Fidelity & Precordial Nullspace,PreSACAN / Helmholtz-Geselowitz Lead Field Theory,Verification of genuine precordial dipole recovery vs synthetic mean collapse,Lateral Precordial Lead V6 Waveform Correlation,Signal_Lead_V6,pearson_r,Pearson r,D2_current_id_l1_s42_l0,0.753690779209137
4. Spatial Torso Physical Fidelity & Precordial Nullspace,PreSACAN / Helmholtz-Geselowitz Lead Field Theory,Verification of genuine precordial dipole recovery vs synthetic mean collapse,Lateral Precordial Lead V6 Waveform Correlation,Signal_Lead_V6,pearson_r,Pearson r,D3_theta_mul_l1_s42_l0,0.7599328756332397
4. Spatial Torso Physical Fidelity & Precordial Nullspace,PreSACAN / Helmholtz-Geselowitz Lead Field Theory,Verification of genuine precordial dipole recovery vs synthetic mean collapse,Lateral Precordial Lead V6 Waveform Correlation,Signal_Lead_V6,pearson_r,Pearson r,D4_learned12_mul_l1_s42_l0,0.7591398358345032
4. Spatial Torso Physical Fidelity & Precordial Nullspace,PreSACAN / Helmholtz-Geselowitz Lead Field Theory,Verification of genuine precordial dipole recovery vs synthetic mean collapse,Lateral Precordial Lead V6 Waveform Correlation,Signal_Lead_V6,pearson_r,Pearson r,D5_permuted_theta_mul_l1_s42_l0,0.7594338059425354
4. Spatial Torso Physical Fidelity & Precordial Nullspace,PreSACAN / Helmholtz-Geselowitz Lead Field Theory,Verification of genuine precordial dipole recovery vs synthetic mean collapse,Lateral Precordial Lead V6 Waveform Correlation,Signal_Lead_V6,pearson_r,Pearson r,D6_theta_add_l1_s42_l0,0.7578521370887756
4. Spatial Torso Physical Fidelity & Precordial Nullspace,PreSACAN / Helmholtz-Geselowitz Lead Field Theory,Verification of genuine precordial dipole recovery vs synthetic mean collapse,Lateral Precordial Lead V6 Waveform Correlation,Signal_Lead_V6,pearson_r,Pearson r,D7_learned12_add_l1_s42_l0,0.7564140558242798
4. Spatial Torso Physical Fidelity & Precordial Nullspace,PreSACAN / Helmholtz-Geselowitz Lead Field Theory,Verification of genuine precordial dipole recovery vs synthetic mean collapse,Lateral Precordial Lead V6 Waveform Correlation,Signal_Lead_V6,pearson_r,Pearson r,D8_random12_mul_l1_s42_l0,0.7581746578216553
4. Spatial Torso Physical Fidelity & Precordial Nullspace,PreSACAN / Helmholtz-Geselowitz Lead Field Theory,Verification of genuine precordial dipole recovery vs synthetic mean collapse,Lateral Precordial Lead V6 Waveform Correlation,Signal_Lead_V6,pearson_r,Pearson r,factorial_ecg_aim_1100013_s42,0.7353002429008484
4. Spatial Torso Physical Fidelity & Precordial Nullspace,PreSACAN / Helmholtz-Geselowitz Lead Field Theory,Verification of genuine precordial dipole recovery vs synthetic mean collapse,Lateral Precordial Lead V6 Waveform Correlation,Signal_Lead_V6,pearson_r,Pearson r,factorial_ecg_aim_1100110_s42,0.7333288192749023
4. Spatial Torso Physical Fidelity & Precordial Nullspace,PreSACAN / Helmholtz-Geselowitz Lead Field Theory,Verification of genuine precordial dipole recovery vs synthetic mean collapse,Lateral Precordial Lead V6 Waveform Correlation,Signal_Lead_V6,pearson_r,Pearson r,factorial_ecg_aim_1100111_s42,0.7331944704055786
4. Spatial Torso Physical Fidelity & Precordial Nullspace,PreSACAN / Helmholtz-Geselowitz Lead Field Theory,Verification of genuine precordial dipole recovery vs synthetic mean collapse,Lateral Precordial Lead V6 Waveform Correlation,Signal_Lead_V6,pearson_r,Pearson r,factorial_ecg_aim_1101113_s42,0.5235773324966431
4. Spatial Torso Physical Fidelity & Precordial Nullspace,PreSACAN / Helmholtz-Geselowitz Lead Field Theory,Verification of genuine precordial dipole recovery vs synthetic mean collapse,Lateral Precordial Lead V6 Waveform Correlation,Signal_Lead_V6,pearson_r,Pearson r,spatial_1lead_a0_1110000_s42_l0,0.767796516418457
4. Spatial Torso Physical Fidelity & Precordial Nullspace,PreSACAN / Helmholtz-Geselowitz Lead Field Theory,Verification of genuine precordial dipole recovery vs synthetic mean collapse,Lateral Precordial Lead V6 Waveform Correlation,Signal_Lead_V6,pearson_r,Pearson r,spatial_1lead_e1_panorama_film_1110000_s42_l0,0.7654532790184021
4. Spatial Torso Physical Fidelity & Precordial Nullspace,PreSACAN / Helmholtz-Geselowitz Lead Field Theory,Verification of genuine precordial dipole recovery vs synthetic mean collapse,Lateral Precordial Lead V6 Waveform Correlation,Signal_Lead_V6,pearson_r,Pearson r,spatial_1lead_pa1_panorama_author_1110000_s42_l0,0.7634001970291138
4. Spatial Torso Physical Fidelity & Precordial Nullspace,PreSACAN / Helmholtz-Geselowitz Lead Field Theory,Verification of genuine precordial dipole recovery vs synthetic mean collapse,Lateral Precordial Lead V6 Waveform Correlation,Signal_Lead_V6,pearson_r,Pearson r,spatial_1lead_b1_panorama_1110000_s42_l0,0.7628775835037231
4. Spatial Torso Physical Fidelity & Precordial Nullspace,PreSACAN / Helmholtz-Geselowitz Lead Field Theory,Verification of genuine precordial dipole recovery vs synthetic mean collapse,Lateral Precordial Lead V6 Waveform Correlation,Signal_Lead_V6,pearson_r,Pearson r,spatial_1lead_cm1_capacity_matched_1110000_s42_l0,0.7631998062133789
4. Spatial Torso Physical Fidelity & Precordial Nullspace,PreSACAN / Helmholtz-Geselowitz Lead Field Theory,Verification of genuine precordial dipole recovery vs synthetic mean collapse,Lateral Precordial Lead V6 Waveform Correlation,Signal_Lead_V6,pearson_r,Pearson r,spatial_1lead_pg1_permuted_geometry_1110000_s42_l0,0.7625285983085632
4. Spatial Torso Physical Fidelity & Precordial Nullspace,PreSACAN / Helmholtz-Geselowitz Lead Field Theory,Verification of genuine precordial dipole recovery vs synthetic mean collapse,Lateral Precordial Lead V6 Waveform Correlation,Signal_Lead_V6,pearson_r,Pearson r,spatial_1lead_t000_exact_theta_1110000_s42_l0,0.7632663249969482
4. Spatial Torso Physical Fidelity & Precordial Nullspace,PreSACAN / Helmholtz-Geselowitz Lead Field Theory,Verification of genuine precordial dipole recovery vs synthetic mean collapse,Lateral Precordial Lead V6 Waveform Correlation,Signal_Lead_V6,pearson_r,Pearson r,spatial_1lead_c1_panorama_hybrid_1110000_s42_l0,0.7617656588554382
4. Spatial Torso Physical Fidelity & Precordial Nullspace,PreSACAN / Helmholtz-Geselowitz Lead Field Theory,Verification of genuine precordial dipole recovery vs synthetic mean collapse,Lateral Precordial Lead V6 Waveform Correlation,Signal_Lead_V6,pearson_r,Pearson r,spatial_1lead_d1_panorama_relative_1110000_s42_l0,0.762614905834198
4. Spatial Torso Physical Fidelity & Precordial Nullspace,PreSACAN / Helmholtz-Geselowitz Lead Field Theory,Verification of genuine precordial dipole recovery vs synthetic mean collapse,Lateral Precordial Lead V6 Waveform Correlation,Signal_Lead_V6,pearson_r,Pearson r,spatial_1lead_e1_panorama_film_1010010_s42_l0,0.7520748972892761
4. Spatial Torso Physical Fidelity & Precordial Nullspace,PreSACAN / Helmholtz-Geselowitz Lead Field Theory,Verification of genuine precordial dipole recovery vs synthetic mean collapse,Lateral Precordial Lead V6 Waveform Correlation,Signal_Lead_V6,pearson_r,Pearson r,spatial_1lead_pa1_panorama_author_1010010_s42_l0,0.7541972398757935
4. Spatial Torso Physical Fidelity & Precordial Nullspace,PreSACAN / Helmholtz-Geselowitz Lead Field Theory,Verification of genuine precordial dipole recovery vs synthetic mean collapse,Lateral Precordial Lead V6 Waveform Correlation,Signal_Lead_V6,pearson_r,Pearson r,spatial_1lead_t000_exact_theta_1010010_s42_l0,0.7516738176345825
4. Spatial Torso Physical Fidelity & Precordial Nullspace,PreSACAN / Helmholtz-Geselowitz Lead Field Theory,Verification of genuine precordial dipole recovery vs synthetic mean collapse,Lateral Precordial Lead V6 Waveform Correlation,Signal_Lead_V6,pearson_r,Pearson r,spatial_1lead_a0_1010010_s42_l0,0.7516514658927917
4. Spatial Torso Physical Fidelity & Precordial Nullspace,PreSACAN / Helmholtz-Geselowitz Lead Field Theory,Verification of genuine precordial dipole recovery vs synthetic mean collapse,Lateral Precordial Lead V6 Waveform Correlation,Signal_Lead_V6,pearson_r,Pearson r,spatial_1lead_cm1_capacity_matched_1010010_s42_l0,0.7496252655982971
4. Spatial Torso Physical Fidelity & Precordial Nullspace,PreSACAN / Helmholtz-Geselowitz Lead Field Theory,Verification of genuine precordial dipole recovery vs synthetic mean collapse,Lateral Precordial Lead V6 Waveform Correlation,Signal_Lead_V6,pearson_r,Pearson r,spatial_1lead_d1_panorama_relative_1010010_s42_l0,0.7518703937530518
4. Spatial Torso Physical Fidelity & Precordial Nullspace,PreSACAN / Helmholtz-Geselowitz Lead Field Theory,Verification of genuine precordial dipole recovery vs synthetic mean collapse,Lateral Precordial Lead V6 Waveform Correlation,Signal_Lead_V6,pearson_r,Pearson r,spatial_1lead_b1_panorama_1010010_s42_l0,0.7506967782974243
4. Spatial Torso Physical Fidelity & Precordial Nullspace,PreSACAN / Helmholtz-Geselowitz Lead Field Theory,Verification of genuine precordial dipole recovery vs synthetic mean collapse,Lateral Precordial Lead V6 Waveform Correlation,Signal_Lead_V6,pearson_r,Pearson r,spatial_1lead_pg1_permuted_geometry_1010010_s42_l0,0.7501845359802246
4. Spatial Torso Physical Fidelity & Precordial Nullspace,PreSACAN / Helmholtz-Geselowitz Lead Field Theory,Verification of genuine precordial dipole recovery vs synthetic mean collapse,Lateral Precordial Lead V6 Waveform Correlation,Signal_Lead_V6,pearson_r,Pearson r,spatial_1lead_c1_panorama_hybrid_1010010_s42_l0,0.7505414485931396
4. Spatial Torso Physical Fidelity & Precordial Nullspace,PreSACAN / Helmholtz-Geselowitz Lead Field Theory,Verification of genuine precordial dipole recovery vs synthetic mean collapse,Lateral Precordial Lead V6 Waveform Correlation,Signal_Lead_V6,pearson_r,Pearson r,spatial_1lead_t111_exact_theta_1010010_s42_l0,0.7442414164543152
4. Spatial Torso Physical Fidelity & Precordial Nullspace,PreSACAN / Helmholtz-Geselowitz Lead Field Theory,Verification of genuine precordial dipole recovery vs synthetic mean collapse,Lateral Precordial Lead V6 Waveform Correlation,Signal_Lead_V6,pearson_r,Pearson r,spatial_1lead_t111_exact_theta_1110000_s42_l0,0.7483110427856445
4. Spatial Torso Physical Fidelity & Precordial Nullspace,PreSACAN / Helmholtz-Geselowitz Lead Field Theory,Verification of genuine precordial dipole recovery vs synthetic mean collapse,Lateral Precordial Lead V6 Waveform Correlation,Signal_Lead_V6,pearson_r,Pearson r,spatial_1lead_e1_panorama_film_1000000_s42_l0,0.7477982044219971
4. Spatial Torso Physical Fidelity & Precordial Nullspace,PreSACAN / Helmholtz-Geselowitz Lead Field Theory,Verification of genuine precordial dipole recovery vs synthetic mean collapse,Lateral Precordial Lead V6 Waveform Correlation,Signal_Lead_V6,pearson_r,Pearson r,spatial_1lead_d1_panorama_relative_1000000_s42_l0,0.7464361190795898
4. Spatial Torso Physical Fidelity & Precordial Nullspace,PreSACAN / Helmholtz-Geselowitz Lead Field Theory,Verification of genuine precordial dipole recovery vs synthetic mean collapse,Lateral Precordial Lead V6 Waveform Correlation,Signal_Lead_V6,pearson_r,Pearson r,spatial_1lead_pg1_permuted_geometry_1000000_s42_l0,0.7467008829116821
4. Spatial Torso Physical Fidelity & Precordial Nullspace,PreSACAN / Helmholtz-Geselowitz Lead Field Theory,Verification of genuine precordial dipole recovery vs synthetic mean collapse,Lateral Precordial Lead V6 Waveform Correlation,Signal_Lead_V6,pearson_r,Pearson r,spatial_1lead_cm1_capacity_matched_1000000_s42_l0,0.741460382938385
4. Spatial Torso Physical Fidelity & Precordial Nullspace,PreSACAN / Helmholtz-Geselowitz Lead Field Theory,Verification of genuine precordial dipole recovery vs synthetic mean collapse,Lateral Precordial Lead V6 Waveform Correlation,Signal_Lead_V6,pearson_r,Pearson r,spatial_1lead_pa1_panorama_author_1000000_s42_l0,0.7374255657196045
4. Spatial Torso Physical Fidelity & Precordial Nullspace,PreSACAN / Helmholtz-Geselowitz Lead Field Theory,Verification of genuine precordial dipole recovery vs synthetic mean collapse,Lateral Precordial Lead V6 Waveform Correlation,Signal_Lead_V6,pearson_r,Pearson r,spatial_1lead_c1_panorama_hybrid_1000000_s42_l0,0.7352513670921326
4. Spatial Torso Physical Fidelity & Precordial Nullspace,PreSACAN / Helmholtz-Geselowitz Lead Field Theory,Verification of genuine precordial dipole recovery vs synthetic mean collapse,Lateral Precordial Lead V6 Waveform Correlation,Signal_Lead_V6,pearson_r,Pearson r,spatial_1lead_b1_panorama_1000000_s42_l0,0.71753990650177
4. Spatial Torso Physical Fidelity & Precordial Nullspace,PreSACAN / Helmholtz-Geselowitz Lead Field Theory,Verification of genuine precordial dipole recovery vs synthetic mean collapse,Lateral Precordial Lead V6 Waveform Correlation,Signal_Lead_V6,pearson_r,Pearson r,spatial_1lead_t111_exact_theta_1000000_s42_l0,0.7344553470611572
4. Spatial Torso Physical Fidelity & Precordial Nullspace,PreSACAN / Helmholtz-Geselowitz Lead Field Theory,Verification of genuine precordial dipole recovery vs synthetic mean collapse,Lateral Precordial Lead V6 Waveform Correlation,Signal_Lead_V6,pearson_r,Pearson r,spatial_1lead_t000_exact_theta_1000000_s42_l0,0.7278509140014648
4. Spatial Torso Physical Fidelity & Precordial Nullspace,PreSACAN / Helmholtz-Geselowitz Lead Field Theory,Verification of genuine precordial dipole recovery vs synthetic mean collapse,Inferior Lead II Waveform Correlation,Signal_Lead_II,pearson_r,Pearson r,conv15e_A0_wave_noSSL_gated_add_s42_l0,0.707257091999054
4. Spatial Torso Physical Fidelity & Precordial Nullspace,PreSACAN / Helmholtz-Geselowitz Lead Field Theory,Verification of genuine precordial dipole recovery vs synthetic mean collapse,Inferior Lead II Waveform Correlation,Signal_Lead_II,pearson_r,Pearson r,conv15e_A0_zscore_s42_l0,0.7025929689407349
4. Spatial Torso Physical Fidelity & Precordial Nullspace,PreSACAN / Helmholtz-Geselowitz Lead Field Theory,Verification of genuine precordial dipole recovery vs synthetic mean collapse,Inferior Lead II Waveform Correlation,Signal_Lead_II,pearson_r,Pearson r,conv15e_C1_E1_morlet_mag_morlet_phase_s42_l0,0.6137606501579285
4. Spatial Torso Physical Fidelity & Precordial Nullspace,PreSACAN / Helmholtz-Geselowitz Lead Field Theory,Verification of genuine precordial dipole recovery vs synthetic mean collapse,Inferior Lead II Waveform Correlation,Signal_Lead_II,pearson_r,Pearson r,conv15e_R5_morlet_mag_ueg_phase_wyatt_s42_l0,0.7085534334182739
4. Spatial Torso Physical Fidelity & Precordial Nullspace,PreSACAN / Helmholtz-Geselowitz Lead Field Theory,Verification of genuine precordial dipole recovery vs synthetic mean collapse,Inferior Lead II Waveform Correlation,Signal_Lead_II,pearson_r,Pearson r,conv15e_R7_morlet_mag_ueg_real_s42_l0,0.7095324993133545
4. Spatial Torso Physical Fidelity & Precordial Nullspace,PreSACAN / Helmholtz-Geselowitz Lead Field Theory,Verification of genuine precordial dipole recovery vs synthetic mean collapse,Inferior Lead II Waveform Correlation,Signal_Lead_II,pearson_r,Pearson r,conv15e_del_wave_ce_s42_l0,0.7064129114151001
4. Spatial Torso Physical Fidelity & Precordial Nullspace,PreSACAN / Helmholtz-Geselowitz Lead Field Theory,Verification of genuine precordial dipole recovery vs synthetic mean collapse,Inferior Lead II Waveform Correlation,Signal_Lead_II,pearson_r,Pearson r,conv15e_ssl_log_magnitude_phase_sin_local_gated_add_s42_l0,0.7093181014060974
4. Spatial Torso Physical Fidelity & Precordial Nullspace,PreSACAN / Helmholtz-Geselowitz Lead Field Theory,Verification of genuine precordial dipole recovery vs synthetic mean collapse,Inferior Lead II Waveform Correlation,Signal_Lead_II,pearson_r,Pearson r,conv15e_ssl_log_magnitude_real_both_gated_add_s42_l0,0.7081460952758789
4. Spatial Torso Physical Fidelity & Precordial Nullspace,PreSACAN / Helmholtz-Geselowitz Lead Field Theory,Verification of genuine precordial dipole recovery vs synthetic mean collapse,Inferior Lead II Waveform Correlation,Signal_Lead_II,pearson_r,Pearson r,D1_theta_mul_currentloss_s42_l0,0.6639401912689209
4. Spatial Torso Physical Fidelity & Precordial Nullspace,PreSACAN / Helmholtz-Geselowitz Lead Field Theory,Verification of genuine precordial dipole recovery vs synthetic mean collapse,Inferior Lead II Waveform Correlation,Signal_Lead_II,pearson_r,Pearson r,D2_current_id_l1_s42_l0,0.6630328297615051
4. Spatial Torso Physical Fidelity & Precordial Nullspace,PreSACAN / Helmholtz-Geselowitz Lead Field Theory,Verification of genuine precordial dipole recovery vs synthetic mean collapse,Inferior Lead II Waveform Correlation,Signal_Lead_II,pearson_r,Pearson r,D3_theta_mul_l1_s42_l0,0.6747720837593079
4. Spatial Torso Physical Fidelity & Precordial Nullspace,PreSACAN / Helmholtz-Geselowitz Lead Field Theory,Verification of genuine precordial dipole recovery vs synthetic mean collapse,Inferior Lead II Waveform Correlation,Signal_Lead_II,pearson_r,Pearson r,D4_learned12_mul_l1_s42_l0,0.6706014275550842
4. Spatial Torso Physical Fidelity & Precordial Nullspace,PreSACAN / Helmholtz-Geselowitz Lead Field Theory,Verification of genuine precordial dipole recovery vs synthetic mean collapse,Inferior Lead II Waveform Correlation,Signal_Lead_II,pearson_r,Pearson r,D5_permuted_theta_mul_l1_s42_l0,0.6680138111114502
4. Spatial Torso Physical Fidelity & Precordial Nullspace,PreSACAN / Helmholtz-Geselowitz Lead Field Theory,Verification of genuine precordial dipole recovery vs synthetic mean collapse,Inferior Lead II Waveform Correlation,Signal_Lead_II,pearson_r,Pearson r,D6_theta_add_l1_s42_l0,0.6690290570259094
4. Spatial Torso Physical Fidelity & Precordial Nullspace,PreSACAN / Helmholtz-Geselowitz Lead Field Theory,Verification of genuine precordial dipole recovery vs synthetic mean collapse,Inferior Lead II Waveform Correlation,Signal_Lead_II,pearson_r,Pearson r,D7_learned12_add_l1_s42_l0,0.6671222448348999
4. Spatial Torso Physical Fidelity & Precordial Nullspace,PreSACAN / Helmholtz-Geselowitz Lead Field Theory,Verification of genuine precordial dipole recovery vs synthetic mean collapse,Inferior Lead II Waveform Correlation,Signal_Lead_II,pearson_r,Pearson r,D8_random12_mul_l1_s42_l0,0.6719233989715576
4. Spatial Torso Physical Fidelity & Precordial Nullspace,PreSACAN / Helmholtz-Geselowitz Lead Field Theory,Verification of genuine precordial dipole recovery vs synthetic mean collapse,Inferior Lead II Waveform Correlation,Signal_Lead_II,pearson_r,Pearson r,factorial_ecg_aim_1100013_s42,0.6280184388160706
4. Spatial Torso Physical Fidelity & Precordial Nullspace,PreSACAN / Helmholtz-Geselowitz Lead Field Theory,Verification of genuine precordial dipole recovery vs synthetic mean collapse,Inferior Lead II Waveform Correlation,Signal_Lead_II,pearson_r,Pearson r,factorial_ecg_aim_1100110_s42,0.6178935766220093
4. Spatial Torso Physical Fidelity & Precordial Nullspace,PreSACAN / Helmholtz-Geselowitz Lead Field Theory,Verification of genuine precordial dipole recovery vs synthetic mean collapse,Inferior Lead II Waveform Correlation,Signal_Lead_II,pearson_r,Pearson r,factorial_ecg_aim_1100111_s42,0.6158838272094727
4. Spatial Torso Physical Fidelity & Precordial Nullspace,PreSACAN / Helmholtz-Geselowitz Lead Field Theory,Verification of genuine precordial dipole recovery vs synthetic mean collapse,Inferior Lead II Waveform Correlation,Signal_Lead_II,pearson_r,Pearson r,factorial_ecg_aim_1101113_s42,0.4555625319480896
4. Spatial Torso Physical Fidelity & Precordial Nullspace,PreSACAN / Helmholtz-Geselowitz Lead Field Theory,Verification of genuine precordial dipole recovery vs synthetic mean collapse,Inferior Lead II Waveform Correlation,Signal_Lead_II,pearson_r,Pearson r,spatial_1lead_a0_1110000_s42_l0,0.6888535618782043
4. Spatial Torso Physical Fidelity & Precordial Nullspace,PreSACAN / Helmholtz-Geselowitz Lead Field Theory,Verification of genuine precordial dipole recovery vs synthetic mean collapse,Inferior Lead II Waveform Correlation,Signal_Lead_II,pearson_r,Pearson r,spatial_1lead_e1_panorama_film_1110000_s42_l0,0.685639500617981
4. Spatial Torso Physical Fidelity & Precordial Nullspace,PreSACAN / Helmholtz-Geselowitz Lead Field Theory,Verification of genuine precordial dipole recovery vs synthetic mean collapse,Inferior Lead II Waveform Correlation,Signal_Lead_II,pearson_r,Pearson r,spatial_1lead_pa1_panorama_author_1110000_s42_l0,0.683349609375
4. Spatial Torso Physical Fidelity & Precordial Nullspace,PreSACAN / Helmholtz-Geselowitz Lead Field Theory,Verification of genuine precordial dipole recovery vs synthetic mean collapse,Inferior Lead II Waveform Correlation,Signal_Lead_II,pearson_r,Pearson r,spatial_1lead_b1_panorama_1110000_s42_l0,0.6823493838310242
4. Spatial Torso Physical Fidelity & Precordial Nullspace,PreSACAN / Helmholtz-Geselowitz Lead Field Theory,Verification of genuine precordial dipole recovery vs synthetic mean collapse,Inferior Lead II Waveform Correlation,Signal_Lead_II,pearson_r,Pearson r,spatial_1lead_cm1_capacity_matched_1110000_s42_l0,0.6827802062034607
4. Spatial Torso Physical Fidelity & Precordial Nullspace,PreSACAN / Helmholtz-Geselowitz Lead Field Theory,Verification of genuine precordial dipole recovery vs synthetic mean collapse,Inferior Lead II Waveform Correlation,Signal_Lead_II,pearson_r,Pearson r,spatial_1lead_pg1_permuted_geometry_1110000_s42_l0,0.6823238730430603
4. Spatial Torso Physical Fidelity & Precordial Nullspace,PreSACAN / Helmholtz-Geselowitz Lead Field Theory,Verification of genuine precordial dipole recovery vs synthetic mean collapse,Inferior Lead II Waveform Correlation,Signal_Lead_II,pearson_r,Pearson r,spatial_1lead_t000_exact_theta_1110000_s42_l0,0.6829562783241272
4. Spatial Torso Physical Fidelity & Precordial Nullspace,PreSACAN / Helmholtz-Geselowitz Lead Field Theory,Verification of genuine precordial dipole recovery vs synthetic mean collapse,Inferior Lead II Waveform Correlation,Signal_Lead_II,pearson_r,Pearson r,spatial_1lead_c1_panorama_hybrid_1110000_s42_l0,0.6810939908027649
4. Spatial Torso Physical Fidelity & Precordial Nullspace,PreSACAN / Helmholtz-Geselowitz Lead Field Theory,Verification of genuine precordial dipole recovery vs synthetic mean collapse,Inferior Lead II Waveform Correlation,Signal_Lead_II,pearson_r,Pearson r,spatial_1lead_d1_panorama_relative_1110000_s42_l0,0.6830074787139893
4. Spatial Torso Physical Fidelity & Precordial Nullspace,PreSACAN / Helmholtz-Geselowitz Lead Field Theory,Verification of genuine precordial dipole recovery vs synthetic mean collapse,Inferior Lead II Waveform Correlation,Signal_Lead_II,pearson_r,Pearson r,spatial_1lead_e1_panorama_film_1010010_s42_l0,0.6650197505950928
4. Spatial Torso Physical Fidelity & Precordial Nullspace,PreSACAN / Helmholtz-Geselowitz Lead Field Theory,Verification of genuine precordial dipole recovery vs synthetic mean collapse,Inferior Lead II Waveform Correlation,Signal_Lead_II,pearson_r,Pearson r,spatial_1lead_pa1_panorama_author_1010010_s42_l0,0.6646742820739746
4. Spatial Torso Physical Fidelity & Precordial Nullspace,PreSACAN / Helmholtz-Geselowitz Lead Field Theory,Verification of genuine precordial dipole recovery vs synthetic mean collapse,Inferior Lead II Waveform Correlation,Signal_Lead_II,pearson_r,Pearson r,spatial_1lead_t000_exact_theta_1010010_s42_l0,0.6617802381515503
4. Spatial Torso Physical Fidelity & Precordial Nullspace,PreSACAN / Helmholtz-Geselowitz Lead Field Theory,Verification of genuine precordial dipole recovery vs synthetic mean collapse,Inferior Lead II Waveform Correlation,Signal_Lead_II,pearson_r,Pearson r,spatial_1lead_a0_1010010_s42_l0,0.6629083156585693
4. Spatial Torso Physical Fidelity & Precordial Nullspace,PreSACAN / Helmholtz-Geselowitz Lead Field Theory,Verification of genuine precordial dipole recovery vs synthetic mean collapse,Inferior Lead II Waveform Correlation,Signal_Lead_II,pearson_r,Pearson r,spatial_1lead_cm1_capacity_matched_1010010_s42_l0,0.6611899137496948
4. Spatial Torso Physical Fidelity & Precordial Nullspace,PreSACAN / Helmholtz-Geselowitz Lead Field Theory,Verification of genuine precordial dipole recovery vs synthetic mean collapse,Inferior Lead II Waveform Correlation,Signal_Lead_II,pearson_r,Pearson r,spatial_1lead_d1_panorama_relative_1010010_s42_l0,0.6620278358459473
4. Spatial Torso Physical Fidelity & Precordial Nullspace,PreSACAN / Helmholtz-Geselowitz Lead Field Theory,Verification of genuine precordial dipole recovery vs synthetic mean collapse,Inferior Lead II Waveform Correlation,Signal_Lead_II,pearson_r,Pearson r,spatial_1lead_b1_panorama_1010010_s42_l0,0.6624333262443542
4. Spatial Torso Physical Fidelity & Precordial Nullspace,PreSACAN / Helmholtz-Geselowitz Lead Field Theory,Verification of genuine precordial dipole recovery vs synthetic mean collapse,Inferior Lead II Waveform Correlation,Signal_Lead_II,pearson_r,Pearson r,spatial_1lead_pg1_permuted_geometry_1010010_s42_l0,0.6585416197776794
4. Spatial Torso Physical Fidelity & Precordial Nullspace,PreSACAN / Helmholtz-Geselowitz Lead Field Theory,Verification of genuine precordial dipole recovery vs synthetic mean collapse,Inferior Lead II Waveform Correlation,Signal_Lead_II,pearson_r,Pearson r,spatial_1lead_c1_panorama_hybrid_1010010_s42_l0,0.6621623635292053
4. Spatial Torso Physical Fidelity & Precordial Nullspace,PreSACAN / Helmholtz-Geselowitz Lead Field Theory,Verification of genuine precordial dipole recovery vs synthetic mean collapse,Inferior Lead II Waveform Correlation,Signal_Lead_II,pearson_r,Pearson r,spatial_1lead_t111_exact_theta_1010010_s42_l0,0.6585333347320557
4. Spatial Torso Physical Fidelity & Precordial Nullspace,PreSACAN / Helmholtz-Geselowitz Lead Field Theory,Verification of genuine precordial dipole recovery vs synthetic mean collapse,Inferior Lead II Waveform Correlation,Signal_Lead_II,pearson_r,Pearson r,spatial_1lead_t111_exact_theta_1110000_s42_l0,0.6635488867759705
4. Spatial Torso Physical Fidelity & Precordial Nullspace,PreSACAN / Helmholtz-Geselowitz Lead Field Theory,Verification of genuine precordial dipole recovery vs synthetic mean collapse,Inferior Lead II Waveform Correlation,Signal_Lead_II,pearson_r,Pearson r,spatial_1lead_e1_panorama_film_1000000_s42_l0,0.6571789979934692
4. Spatial Torso Physical Fidelity & Precordial Nullspace,PreSACAN / Helmholtz-Geselowitz Lead Field Theory,Verification of genuine precordial dipole recovery vs synthetic mean collapse,Inferior Lead II Waveform Correlation,Signal_Lead_II,pearson_r,Pearson r,spatial_1lead_d1_panorama_relative_1000000_s42_l0,0.6550580263137817
4. Spatial Torso Physical Fidelity & Precordial Nullspace,PreSACAN / Helmholtz-Geselowitz Lead Field Theory,Verification of genuine precordial dipole recovery vs synthetic mean collapse,Inferior Lead II Waveform Correlation,Signal_Lead_II,pearson_r,Pearson r,spatial_1lead_pg1_permuted_geometry_1000000_s42_l0,0.6545233726501465
4. Spatial Torso Physical Fidelity & Precordial Nullspace,PreSACAN / Helmholtz-Geselowitz Lead Field Theory,Verification of genuine precordial dipole recovery vs synthetic mean collapse,Inferior Lead II Waveform Correlation,Signal_Lead_II,pearson_r,Pearson r,spatial_1lead_cm1_capacity_matched_1000000_s42_l0,0.6527717113494873
4. Spatial Torso Physical Fidelity & Precordial Nullspace,PreSACAN / Helmholtz-Geselowitz Lead Field Theory,Verification of genuine precordial dipole recovery vs synthetic mean collapse,Inferior Lead II Waveform Correlation,Signal_Lead_II,pearson_r,Pearson r,spatial_1lead_pa1_panorama_author_1000000_s42_l0,0.6525776982307434
4. Spatial Torso Physical Fidelity & Precordial Nullspace,PreSACAN / Helmholtz-Geselowitz Lead Field Theory,Verification of genuine precordial dipole recovery vs synthetic mean collapse,Inferior Lead II Waveform Correlation,Signal_Lead_II,pearson_r,Pearson r,spatial_1lead_c1_panorama_hybrid_1000000_s42_l0,0.6500563621520996
4. Spatial Torso Physical Fidelity & Precordial Nullspace,PreSACAN / Helmholtz-Geselowitz Lead Field Theory,Verification of genuine precordial dipole recovery vs synthetic mean collapse,Inferior Lead II Waveform Correlation,Signal_Lead_II,pearson_r,Pearson r,spatial_1lead_b1_panorama_1000000_s42_l0,0.6475673317909241
4. Spatial Torso Physical Fidelity & Precordial Nullspace,PreSACAN / Helmholtz-Geselowitz Lead Field Theory,Verification of genuine precordial dipole recovery vs synthetic mean collapse,Inferior Lead II Waveform Correlation,Signal_Lead_II,pearson_r,Pearson r,spatial_1lead_t111_exact_theta_1000000_s42_l0,0.6393347978591919
4. Spatial Torso Physical Fidelity & Precordial Nullspace,PreSACAN / Helmholtz-Geselowitz Lead Field Theory,Verification of genuine precordial dipole recovery vs synthetic mean collapse,Inferior Lead II Waveform Correlation,Signal_Lead_II,pearson_r,Pearson r,spatial_1lead_t000_exact_theta_1000000_s42_l0,0.6435980796813965
4. Spatial Torso Physical Fidelity & Precordial Nullspace,PreSACAN / Helmholtz-Geselowitz Lead Field Theory,Verification of genuine precordial dipole recovery vs synthetic mean collapse,Inferior Lead aVF Waveform Correlation,Signal_Lead_aVF,pearson_r,Pearson r,conv15e_A0_wave_noSSL_gated_add_s42_l0,0.49537065625190735
4. Spatial Torso Physical Fidelity & Precordial Nullspace,PreSACAN / Helmholtz-Geselowitz Lead Field Theory,Verification of genuine precordial dipole recovery vs synthetic mean collapse,Inferior Lead aVF Waveform Correlation,Signal_Lead_aVF,pearson_r,Pearson r,conv15e_A0_zscore_s42_l0,0.4860645532608032
4. Spatial Torso Physical Fidelity & Precordial Nullspace,PreSACAN / Helmholtz-Geselowitz Lead Field Theory,Verification of genuine precordial dipole recovery vs synthetic mean collapse,Inferior Lead aVF Waveform Correlation,Signal_Lead_aVF,pearson_r,Pearson r,conv15e_C1_E1_morlet_mag_morlet_phase_s42_l0,0.3537607192993164
4. Spatial Torso Physical Fidelity & Precordial Nullspace,PreSACAN / Helmholtz-Geselowitz Lead Field Theory,Verification of genuine precordial dipole recovery vs synthetic mean collapse,Inferior Lead aVF Waveform Correlation,Signal_Lead_aVF,pearson_r,Pearson r,conv15e_R5_morlet_mag_ueg_phase_wyatt_s42_l0,0.49827447533607483
4. Spatial Torso Physical Fidelity & Precordial Nullspace,PreSACAN / Helmholtz-Geselowitz Lead Field Theory,Verification of genuine precordial dipole recovery vs synthetic mean collapse,Inferior Lead aVF Waveform Correlation,Signal_Lead_aVF,pearson_r,Pearson r,conv15e_R7_morlet_mag_ueg_real_s42_l0,0.4962465763092041
4. Spatial Torso Physical Fidelity & Precordial Nullspace,PreSACAN / Helmholtz-Geselowitz Lead Field Theory,Verification of genuine precordial dipole recovery vs synthetic mean collapse,Inferior Lead aVF Waveform Correlation,Signal_Lead_aVF,pearson_r,Pearson r,conv15e_del_wave_ce_s42_l0,0.4949834644794464
4. Spatial Torso Physical Fidelity & Precordial Nullspace,PreSACAN / Helmholtz-Geselowitz Lead Field Theory,Verification of genuine precordial dipole recovery vs synthetic mean collapse,Inferior Lead aVF Waveform Correlation,Signal_Lead_aVF,pearson_r,Pearson r,conv15e_ssl_log_magnitude_phase_sin_local_gated_add_s42_l0,0.49723759293556213
4. Spatial Torso Physical Fidelity & Precordial Nullspace,PreSACAN / Helmholtz-Geselowitz Lead Field Theory,Verification of genuine precordial dipole recovery vs synthetic mean collapse,Inferior Lead aVF Waveform Correlation,Signal_Lead_aVF,pearson_r,Pearson r,conv15e_ssl_log_magnitude_real_both_gated_add_s42_l0,0.4950609803199768
4. Spatial Torso Physical Fidelity & Precordial Nullspace,PreSACAN / Helmholtz-Geselowitz Lead Field Theory,Verification of genuine precordial dipole recovery vs synthetic mean collapse,Inferior Lead aVF Waveform Correlation,Signal_Lead_aVF,pearson_r,Pearson r,D1_theta_mul_currentloss_s42_l0,0.40322738885879517
4. Spatial Torso Physical Fidelity & Precordial Nullspace,PreSACAN / Helmholtz-Geselowitz Lead Field Theory,Verification of genuine precordial dipole recovery vs synthetic mean collapse,Inferior Lead aVF Waveform Correlation,Signal_Lead_aVF,pearson_r,Pearson r,D2_current_id_l1_s42_l0,0.41558676958084106
4. Spatial Torso Physical Fidelity & Precordial Nullspace,PreSACAN / Helmholtz-Geselowitz Lead Field Theory,Verification of genuine precordial dipole recovery vs synthetic mean collapse,Inferior Lead aVF Waveform Correlation,Signal_Lead_aVF,pearson_r,Pearson r,D3_theta_mul_l1_s42_l0,0.4298444390296936
4. Spatial Torso Physical Fidelity & Precordial Nullspace,PreSACAN / Helmholtz-Geselowitz Lead Field Theory,Verification of genuine precordial dipole recovery vs synthetic mean collapse,Inferior Lead aVF Waveform Correlation,Signal_Lead_aVF,pearson_r,Pearson r,D4_learned12_mul_l1_s42_l0,0.40399619936943054
4. Spatial Torso Physical Fidelity & Precordial Nullspace,PreSACAN / Helmholtz-Geselowitz Lead Field Theory,Verification of genuine precordial dipole recovery vs synthetic mean collapse,Inferior Lead aVF Waveform Correlation,Signal_Lead_aVF,pearson_r,Pearson r,D5_permuted_theta_mul_l1_s42_l0,0.4182571768760681
4. Spatial Torso Physical Fidelity & Precordial Nullspace,PreSACAN / Helmholtz-Geselowitz Lead Field Theory,Verification of genuine precordial dipole recovery vs synthetic mean collapse,Inferior Lead aVF Waveform Correlation,Signal_Lead_aVF,pearson_r,Pearson r,D6_theta_add_l1_s42_l0,0.421014666557312
4. Spatial Torso Physical Fidelity & Precordial Nullspace,PreSACAN / Helmholtz-Geselowitz Lead Field Theory,Verification of genuine precordial dipole recovery vs synthetic mean collapse,Inferior Lead aVF Waveform Correlation,Signal_Lead_aVF,pearson_r,Pearson r,D7_learned12_add_l1_s42_l0,0.4118695855140686
4. Spatial Torso Physical Fidelity & Precordial Nullspace,PreSACAN / Helmholtz-Geselowitz Lead Field Theory,Verification of genuine precordial dipole recovery vs synthetic mean collapse,Inferior Lead aVF Waveform Correlation,Signal_Lead_aVF,pearson_r,Pearson r,D8_random12_mul_l1_s42_l0,0.42698466777801514
4. Spatial Torso Physical Fidelity & Precordial Nullspace,PreSACAN / Helmholtz-Geselowitz Lead Field Theory,Verification of genuine precordial dipole recovery vs synthetic mean collapse,Inferior Lead aVF Waveform Correlation,Signal_Lead_aVF,pearson_r,Pearson r,factorial_ecg_aim_1100013_s42,0.26094624400138855
4. Spatial Torso Physical Fidelity & Precordial Nullspace,PreSACAN / Helmholtz-Geselowitz Lead Field Theory,Verification of genuine precordial dipole recovery vs synthetic mean collapse,Inferior Lead aVF Waveform Correlation,Signal_Lead_aVF,pearson_r,Pearson r,factorial_ecg_aim_1100110_s42,0.2654930353164673
4. Spatial Torso Physical Fidelity & Precordial Nullspace,PreSACAN / Helmholtz-Geselowitz Lead Field Theory,Verification of genuine precordial dipole recovery vs synthetic mean collapse,Inferior Lead aVF Waveform Correlation,Signal_Lead_aVF,pearson_r,Pearson r,factorial_ecg_aim_1100111_s42,0.24953648447990417
4. Spatial Torso Physical Fidelity & Precordial Nullspace,PreSACAN / Helmholtz-Geselowitz Lead Field Theory,Verification of genuine precordial dipole recovery vs synthetic mean collapse,Inferior Lead aVF Waveform Correlation,Signal_Lead_aVF,pearson_r,Pearson r,factorial_ecg_aim_1101113_s42,0.12256071716547012
4. Spatial Torso Physical Fidelity & Precordial Nullspace,PreSACAN / Helmholtz-Geselowitz Lead Field Theory,Verification of genuine precordial dipole recovery vs synthetic mean collapse,Inferior Lead aVF Waveform Correlation,Signal_Lead_aVF,pearson_r,Pearson r,spatial_1lead_a0_1110000_s42_l0,0.44384804368019104
4. Spatial Torso Physical Fidelity & Precordial Nullspace,PreSACAN / Helmholtz-Geselowitz Lead Field Theory,Verification of genuine precordial dipole recovery vs synthetic mean collapse,Inferior Lead aVF Waveform Correlation,Signal_Lead_aVF,pearson_r,Pearson r,spatial_1lead_e1_panorama_film_1110000_s42_l0,0.440378874540329
4. Spatial Torso Physical Fidelity & Precordial Nullspace,PreSACAN / Helmholtz-Geselowitz Lead Field Theory,Verification of genuine precordial dipole recovery vs synthetic mean collapse,Inferior Lead aVF Waveform Correlation,Signal_Lead_aVF,pearson_r,Pearson r,spatial_1lead_pa1_panorama_author_1110000_s42_l0,0.432331383228302
4. Spatial Torso Physical Fidelity & Precordial Nullspace,PreSACAN / Helmholtz-Geselowitz Lead Field Theory,Verification of genuine precordial dipole recovery vs synthetic mean collapse,Inferior Lead aVF Waveform Correlation,Signal_Lead_aVF,pearson_r,Pearson r,spatial_1lead_b1_panorama_1110000_s42_l0,0.43036141991615295
4. Spatial Torso Physical Fidelity & Precordial Nullspace,PreSACAN / Helmholtz-Geselowitz Lead Field Theory,Verification of genuine precordial dipole recovery vs synthetic mean collapse,Inferior Lead aVF Waveform Correlation,Signal_Lead_aVF,pearson_r,Pearson r,spatial_1lead_cm1_capacity_matched_1110000_s42_l0,0.4298662841320038
4. Spatial Torso Physical Fidelity & Precordial Nullspace,PreSACAN / Helmholtz-Geselowitz Lead Field Theory,Verification of genuine precordial dipole recovery vs synthetic mean collapse,Inferior Lead aVF Waveform Correlation,Signal_Lead_aVF,pearson_r,Pearson r,spatial_1lead_pg1_permuted_geometry_1110000_s42_l0,0.4333953261375427
4. Spatial Torso Physical Fidelity & Precordial Nullspace,PreSACAN / Helmholtz-Geselowitz Lead Field Theory,Verification of genuine precordial dipole recovery vs synthetic mean collapse,Inferior Lead aVF Waveform Correlation,Signal_Lead_aVF,pearson_r,Pearson r,spatial_1lead_t000_exact_theta_1110000_s42_l0,0.43137064576148987
4. Spatial Torso Physical Fidelity & Precordial Nullspace,PreSACAN / Helmholtz-Geselowitz Lead Field Theory,Verification of genuine precordial dipole recovery vs synthetic mean collapse,Inferior Lead aVF Waveform Correlation,Signal_Lead_aVF,pearson_r,Pearson r,spatial_1lead_c1_panorama_hybrid_1110000_s42_l0,0.4295538663864136
4. Spatial Torso Physical Fidelity & Precordial Nullspace,PreSACAN / Helmholtz-Geselowitz Lead Field Theory,Verification of genuine precordial dipole recovery vs synthetic mean collapse,Inferior Lead aVF Waveform Correlation,Signal_Lead_aVF,pearson_r,Pearson r,spatial_1lead_d1_panorama_relative_1110000_s42_l0,0.4291442334651947
4. Spatial Torso Physical Fidelity & Precordial Nullspace,PreSACAN / Helmholtz-Geselowitz Lead Field Theory,Verification of genuine precordial dipole recovery vs synthetic mean collapse,Inferior Lead aVF Waveform Correlation,Signal_Lead_aVF,pearson_r,Pearson r,spatial_1lead_e1_panorama_film_1010010_s42_l0,0.39078110456466675
4. Spatial Torso Physical Fidelity & Precordial Nullspace,PreSACAN / Helmholtz-Geselowitz Lead Field Theory,Verification of genuine precordial dipole recovery vs synthetic mean collapse,Inferior Lead aVF Waveform Correlation,Signal_Lead_aVF,pearson_r,Pearson r,spatial_1lead_pa1_panorama_author_1010010_s42_l0,0.38358965516090393
4. Spatial Torso Physical Fidelity & Precordial Nullspace,PreSACAN / Helmholtz-Geselowitz Lead Field Theory,Verification of genuine precordial dipole recovery vs synthetic mean collapse,Inferior Lead aVF Waveform Correlation,Signal_Lead_aVF,pearson_r,Pearson r,spatial_1lead_t000_exact_theta_1010010_s42_l0,0.3884798288345337
4. Spatial Torso Physical Fidelity & Precordial Nullspace,PreSACAN / Helmholtz-Geselowitz Lead Field Theory,Verification of genuine precordial dipole recovery vs synthetic mean collapse,Inferior Lead aVF Waveform Correlation,Signal_Lead_aVF,pearson_r,Pearson r,spatial_1lead_a0_1010010_s42_l0,0.3852435052394867
4. Spatial Torso Physical Fidelity & Precordial Nullspace,PreSACAN / Helmholtz-Geselowitz Lead Field Theory,Verification of genuine precordial dipole recovery vs synthetic mean collapse,Inferior Lead aVF Waveform Correlation,Signal_Lead_aVF,pearson_r,Pearson r,spatial_1lead_cm1_capacity_matched_1010010_s42_l0,0.382409930229187
4. Spatial Torso Physical Fidelity & Precordial Nullspace,PreSACAN / Helmholtz-Geselowitz Lead Field Theory,Verification of genuine precordial dipole recovery vs synthetic mean collapse,Inferior Lead aVF Waveform Correlation,Signal_Lead_aVF,pearson_r,Pearson r,spatial_1lead_d1_panorama_relative_1010010_s42_l0,0.3854583203792572
4. Spatial Torso Physical Fidelity & Precordial Nullspace,PreSACAN / Helmholtz-Geselowitz Lead Field Theory,Verification of genuine precordial dipole recovery vs synthetic mean collapse,Inferior Lead aVF Waveform Correlation,Signal_Lead_aVF,pearson_r,Pearson r,spatial_1lead_b1_panorama_1010010_s42_l0,0.3890935182571411
4. Spatial Torso Physical Fidelity & Precordial Nullspace,PreSACAN / Helmholtz-Geselowitz Lead Field Theory,Verification of genuine precordial dipole recovery vs synthetic mean collapse,Inferior Lead aVF Waveform Correlation,Signal_Lead_aVF,pearson_r,Pearson r,spatial_1lead_pg1_permuted_geometry_1010010_s42_l0,0.3828789293766022
4. Spatial Torso Physical Fidelity & Precordial Nullspace,PreSACAN / Helmholtz-Geselowitz Lead Field Theory,Verification of genuine precordial dipole recovery vs synthetic mean collapse,Inferior Lead aVF Waveform Correlation,Signal_Lead_aVF,pearson_r,Pearson r,spatial_1lead_c1_panorama_hybrid_1010010_s42_l0,0.3866818845272064
4. Spatial Torso Physical Fidelity & Precordial Nullspace,PreSACAN / Helmholtz-Geselowitz Lead Field Theory,Verification of genuine precordial dipole recovery vs synthetic mean collapse,Inferior Lead aVF Waveform Correlation,Signal_Lead_aVF,pearson_r,Pearson r,spatial_1lead_t111_exact_theta_1010010_s42_l0,0.35289266705513
4. Spatial Torso Physical Fidelity & Precordial Nullspace,PreSACAN / Helmholtz-Geselowitz Lead Field Theory,Verification of genuine precordial dipole recovery vs synthetic mean collapse,Inferior Lead aVF Waveform Correlation,Signal_Lead_aVF,pearson_r,Pearson r,spatial_1lead_t111_exact_theta_1110000_s42_l0,0.38374754786491394
4. Spatial Torso Physical Fidelity & Precordial Nullspace,PreSACAN / Helmholtz-Geselowitz Lead Field Theory,Verification of genuine precordial dipole recovery vs synthetic mean collapse,Inferior Lead aVF Waveform Correlation,Signal_Lead_aVF,pearson_r,Pearson r,spatial_1lead_e1_panorama_film_1000000_s42_l0,0.37894606590270996
4. Spatial Torso Physical Fidelity & Precordial Nullspace,PreSACAN / Helmholtz-Geselowitz Lead Field Theory,Verification of genuine precordial dipole recovery vs synthetic mean collapse,Inferior Lead aVF Waveform Correlation,Signal_Lead_aVF,pearson_r,Pearson r,spatial_1lead_d1_panorama_relative_1000000_s42_l0,0.3681889474391937
4. Spatial Torso Physical Fidelity & Precordial Nullspace,PreSACAN / Helmholtz-Geselowitz Lead Field Theory,Verification of genuine precordial dipole recovery vs synthetic mean collapse,Inferior Lead aVF Waveform Correlation,Signal_Lead_aVF,pearson_r,Pearson r,spatial_1lead_pg1_permuted_geometry_1000000_s42_l0,0.3589228093624115
4. Spatial Torso Physical Fidelity & Precordial Nullspace,PreSACAN / Helmholtz-Geselowitz Lead Field Theory,Verification of genuine precordial dipole recovery vs synthetic mean collapse,Inferior Lead aVF Waveform Correlation,Signal_Lead_aVF,pearson_r,Pearson r,spatial_1lead_cm1_capacity_matched_1000000_s42_l0,0.36586517095565796
4. Spatial Torso Physical Fidelity & Precordial Nullspace,PreSACAN / Helmholtz-Geselowitz Lead Field Theory,Verification of genuine precordial dipole recovery vs synthetic mean collapse,Inferior Lead aVF Waveform Correlation,Signal_Lead_aVF,pearson_r,Pearson r,spatial_1lead_pa1_panorama_author_1000000_s42_l0,0.35423988103866577
4. Spatial Torso Physical Fidelity & Precordial Nullspace,PreSACAN / Helmholtz-Geselowitz Lead Field Theory,Verification of genuine precordial dipole recovery vs synthetic mean collapse,Inferior Lead aVF Waveform Correlation,Signal_Lead_aVF,pearson_r,Pearson r,spatial_1lead_c1_panorama_hybrid_1000000_s42_l0,0.3650648891925812
4. Spatial Torso Physical Fidelity & Precordial Nullspace,PreSACAN / Helmholtz-Geselowitz Lead Field Theory,Verification of genuine precordial dipole recovery vs synthetic mean collapse,Inferior Lead aVF Waveform Correlation,Signal_Lead_aVF,pearson_r,Pearson r,spatial_1lead_b1_panorama_1000000_s42_l0,0.36846402287483215
4. Spatial Torso Physical Fidelity & Precordial Nullspace,PreSACAN / Helmholtz-Geselowitz Lead Field Theory,Verification of genuine precordial dipole recovery vs synthetic mean collapse,Inferior Lead aVF Waveform Correlation,Signal_Lead_aVF,pearson_r,Pearson r,spatial_1lead_t111_exact_theta_1000000_s42_l0,0.3402004539966583
4. Spatial Torso Physical Fidelity & Precordial Nullspace,PreSACAN / Helmholtz-Geselowitz Lead Field Theory,Verification of genuine precordial dipole recovery vs synthetic mean collapse,Inferior Lead aVF Waveform Correlation,Signal_Lead_aVF,pearson_r,Pearson r,spatial_1lead_t000_exact_theta_1000000_s42_l0,0.3495781421661377
5. Downstream Foundation AI Clinical Representation,ECGFounder Foundation Benchmark (150 Clinical Tasks),Preservation of high-dimensional multi-label diagnostic features,150-Task Clinical Diagnostic Macro Average,ECGFounder_Macro_150,auroc,Macro AUROC,conv15e_A0_wave_noSSL_gated_add_s42_l0,0.8208384576581194
5. Downstream Foundation AI Clinical Representation,ECGFounder Foundation Benchmark (150 Clinical Tasks),Preservation of high-dimensional multi-label diagnostic features,150-Task Clinical Diagnostic Macro Average,ECGFounder_Macro_150,auroc,Macro AUROC,conv15e_A0_zscore_s42_l0,0.8112160992990133
5. Downstream Foundation AI Clinical Representation,ECGFounder Foundation Benchmark (150 Clinical Tasks),Preservation of high-dimensional multi-label diagnostic features,150-Task Clinical Diagnostic Macro Average,ECGFounder_Macro_150,auroc,Macro AUROC,conv15e_C1_E1_morlet_mag_morlet_phase_s42_l0,0.7835642885148881
5. Downstream Foundation AI Clinical Representation,ECGFounder Foundation Benchmark (150 Clinical Tasks),Preservation of high-dimensional multi-label diagnostic features,150-Task Clinical Diagnostic Macro Average,ECGFounder_Macro_150,auroc,Macro AUROC,conv15e_R5_morlet_mag_ueg_phase_wyatt_s42_l0,0.8179700135290018
5. Downstream Foundation AI Clinical Representation,ECGFounder Foundation Benchmark (150 Clinical Tasks),Preservation of high-dimensional multi-label diagnostic features,150-Task Clinical Diagnostic Macro Average,ECGFounder_Macro_150,auroc,Macro AUROC,conv15e_R7_morlet_mag_ueg_real_s42_l0,0.8179398744786828
5. Downstream Foundation AI Clinical Representation,ECGFounder Foundation Benchmark (150 Clinical Tasks),Preservation of high-dimensional multi-label diagnostic features,150-Task Clinical Diagnostic Macro Average,ECGFounder_Macro_150,auroc,Macro AUROC,conv15e_del_wave_ce_s42_l0,0.8179043190514652
5. Downstream Foundation AI Clinical Representation,ECGFounder Foundation Benchmark (150 Clinical Tasks),Preservation of high-dimensional multi-label diagnostic features,150-Task Clinical Diagnostic Macro Average,ECGFounder_Macro_150,auroc,Macro AUROC,conv15e_ssl_log_magnitude_phase_sin_local_gated_add_s42_l0,0.8198949114972117
5. Downstream Foundation AI Clinical Representation,ECGFounder Foundation Benchmark (150 Clinical Tasks),Preservation of high-dimensional multi-label diagnostic features,150-Task Clinical Diagnostic Macro Average,ECGFounder_Macro_150,auroc,Macro AUROC,conv15e_ssl_log_magnitude_real_both_gated_add_s42_l0,0.8204562242171614
5. Downstream Foundation AI Clinical Representation,ECGFounder Foundation Benchmark (150 Clinical Tasks),Preservation of high-dimensional multi-label diagnostic features,150-Task Clinical Diagnostic Macro Average,ECGFounder_Macro_150,auroc,Macro AUROC,D1_theta_mul_currentloss_s42_l0,0.7992859928776651
5. Downstream Foundation AI Clinical Representation,ECGFounder Foundation Benchmark (150 Clinical Tasks),Preservation of high-dimensional multi-label diagnostic features,150-Task Clinical Diagnostic Macro Average,ECGFounder_Macro_150,auroc,Macro AUROC,D2_current_id_l1_s42_l0,0.801861361695382
5. Downstream Foundation AI Clinical Representation,ECGFounder Foundation Benchmark (150 Clinical Tasks),Preservation of high-dimensional multi-label diagnostic features,150-Task Clinical Diagnostic Macro Average,ECGFounder_Macro_150,auroc,Macro AUROC,D3_theta_mul_l1_s42_l0,0.8045988551227811
5. Downstream Foundation AI Clinical Representation,ECGFounder Foundation Benchmark (150 Clinical Tasks),Preservation of high-dimensional multi-label diagnostic features,150-Task Clinical Diagnostic Macro Average,ECGFounder_Macro_150,auroc,Macro AUROC,D4_learned12_mul_l1_s42_l0,0.8054459360361895
5. Downstream Foundation AI Clinical Representation,ECGFounder Foundation Benchmark (150 Clinical Tasks),Preservation of high-dimensional multi-label diagnostic features,150-Task Clinical Diagnostic Macro Average,ECGFounder_Macro_150,auroc,Macro AUROC,D5_permuted_theta_mul_l1_s42_l0,0.8059070149550539
5. Downstream Foundation AI Clinical Representation,ECGFounder Foundation Benchmark (150 Clinical Tasks),Preservation of high-dimensional multi-label diagnostic features,150-Task Clinical Diagnostic Macro Average,ECGFounder_Macro_150,auroc,Macro AUROC,D6_theta_add_l1_s42_l0,0.8074847113901087
5. Downstream Foundation AI Clinical Representation,ECGFounder Foundation Benchmark (150 Clinical Tasks),Preservation of high-dimensional multi-label diagnostic features,150-Task Clinical Diagnostic Macro Average,ECGFounder_Macro_150,auroc,Macro AUROC,D7_learned12_add_l1_s42_l0,0.803067551351458
5. Downstream Foundation AI Clinical Representation,ECGFounder Foundation Benchmark (150 Clinical Tasks),Preservation of high-dimensional multi-label diagnostic features,150-Task Clinical Diagnostic Macro Average,ECGFounder_Macro_150,auroc,Macro AUROC,D8_random12_mul_l1_s42_l0,0.8115642881815571
5. Downstream Foundation AI Clinical Representation,ECGFounder Foundation Benchmark (150 Clinical Tasks),Preservation of high-dimensional multi-label diagnostic features,150-Task Clinical Diagnostic Macro Average,ECGFounder_Macro_150,auroc,Macro AUROC,factorial_ecg_aim_1100013_s42,0.8007482698623998
5. Downstream Foundation AI Clinical Representation,ECGFounder Foundation Benchmark (150 Clinical Tasks),Preservation of high-dimensional multi-label diagnostic features,150-Task Clinical Diagnostic Macro Average,ECGFounder_Macro_150,auroc,Macro AUROC,factorial_ecg_aim_1100110_s42,0.8067378075711049
5. Downstream Foundation AI Clinical Representation,ECGFounder Foundation Benchmark (150 Clinical Tasks),Preservation of high-dimensional multi-label diagnostic features,150-Task Clinical Diagnostic Macro Average,ECGFounder_Macro_150,auroc,Macro AUROC,factorial_ecg_aim_1100111_s42,0.7967714173162198
5. Downstream Foundation AI Clinical Representation,ECGFounder Foundation Benchmark (150 Clinical Tasks),Preservation of high-dimensional multi-label diagnostic features,150-Task Clinical Diagnostic Macro Average,ECGFounder_Macro_150,auroc,Macro AUROC,factorial_ecg_aim_1101113_s42,0.7537372915734235
5. Downstream Foundation AI Clinical Representation,ECGFounder Foundation Benchmark (150 Clinical Tasks),Preservation of high-dimensional multi-label diagnostic features,150-Task Clinical Diagnostic Macro Average,ECGFounder_Macro_150,auroc,Macro AUROC,spatial_1lead_a0_1110000_s42_l0,0.812399387177936
5. Downstream Foundation AI Clinical Representation,ECGFounder Foundation Benchmark (150 Clinical Tasks),Preservation of high-dimensional multi-label diagnostic features,150-Task Clinical Diagnostic Macro Average,ECGFounder_Macro_150,auroc,Macro AUROC,spatial_1lead_e1_panorama_film_1110000_s42_l0,0.8124486705824421
5. Downstream Foundation AI Clinical Representation,ECGFounder Foundation Benchmark (150 Clinical Tasks),Preservation of high-dimensional multi-label diagnostic features,150-Task Clinical Diagnostic Macro Average,ECGFounder_Macro_150,auroc,Macro AUROC,spatial_1lead_pa1_panorama_author_1110000_s42_l0,0.812412147729317
5. Downstream Foundation AI Clinical Representation,ECGFounder Foundation Benchmark (150 Clinical Tasks),Preservation of high-dimensional multi-label diagnostic features,150-Task Clinical Diagnostic Macro Average,ECGFounder_Macro_150,auroc,Macro AUROC,spatial_1lead_b1_panorama_1110000_s42_l0,0.8100328406921342
5. Downstream Foundation AI Clinical Representation,ECGFounder Foundation Benchmark (150 Clinical Tasks),Preservation of high-dimensional multi-label diagnostic features,150-Task Clinical Diagnostic Macro Average,ECGFounder_Macro_150,auroc,Macro AUROC,spatial_1lead_cm1_capacity_matched_1110000_s42_l0,0.8119107860759309
5. Downstream Foundation AI Clinical Representation,ECGFounder Foundation Benchmark (150 Clinical Tasks),Preservation of high-dimensional multi-label diagnostic features,150-Task Clinical Diagnostic Macro Average,ECGFounder_Macro_150,auroc,Macro AUROC,spatial_1lead_pg1_permuted_geometry_1110000_s42_l0,0.8130540305477281
5. Downstream Foundation AI Clinical Representation,ECGFounder Foundation Benchmark (150 Clinical Tasks),Preservation of high-dimensional multi-label diagnostic features,150-Task Clinical Diagnostic Macro Average,ECGFounder_Macro_150,auroc,Macro AUROC,spatial_1lead_t000_exact_theta_1110000_s42_l0,0.8131301049033455
5. Downstream Foundation AI Clinical Representation,ECGFounder Foundation Benchmark (150 Clinical Tasks),Preservation of high-dimensional multi-label diagnostic features,150-Task Clinical Diagnostic Macro Average,ECGFounder_Macro_150,auroc,Macro AUROC,spatial_1lead_c1_panorama_hybrid_1110000_s42_l0,0.8140860384333173
5. Downstream Foundation AI Clinical Representation,ECGFounder Foundation Benchmark (150 Clinical Tasks),Preservation of high-dimensional multi-label diagnostic features,150-Task Clinical Diagnostic Macro Average,ECGFounder_Macro_150,auroc,Macro AUROC,spatial_1lead_d1_panorama_relative_1110000_s42_l0,0.8118077828522439
5. Downstream Foundation AI Clinical Representation,ECGFounder Foundation Benchmark (150 Clinical Tasks),Preservation of high-dimensional multi-label diagnostic features,150-Task Clinical Diagnostic Macro Average,ECGFounder_Macro_150,auroc,Macro AUROC,spatial_1lead_e1_panorama_film_1010010_s42_l0,0.8051971794654197
5. Downstream Foundation AI Clinical Representation,ECGFounder Foundation Benchmark (150 Clinical Tasks),Preservation of high-dimensional multi-label diagnostic features,150-Task Clinical Diagnostic Macro Average,ECGFounder_Macro_150,auroc,Macro AUROC,spatial_1lead_pa1_panorama_author_1010010_s42_l0,0.8080719160329867
5. Downstream Foundation AI Clinical Representation,ECGFounder Foundation Benchmark (150 Clinical Tasks),Preservation of high-dimensional multi-label diagnostic features,150-Task Clinical Diagnostic Macro Average,ECGFounder_Macro_150,auroc,Macro AUROC,spatial_1lead_t000_exact_theta_1010010_s42_l0,0.8101506792405094
5. Downstream Foundation AI Clinical Representation,ECGFounder Foundation Benchmark (150 Clinical Tasks),Preservation of high-dimensional multi-label diagnostic features,150-Task Clinical Diagnostic Macro Average,ECGFounder_Macro_150,auroc,Macro AUROC,spatial_1lead_a0_1010010_s42_l0,0.806808774547787
5. Downstream Foundation AI Clinical Representation,ECGFounder Foundation Benchmark (150 Clinical Tasks),Preservation of high-dimensional multi-label diagnostic features,150-Task Clinical Diagnostic Macro Average,ECGFounder_Macro_150,auroc,Macro AUROC,spatial_1lead_cm1_capacity_matched_1010010_s42_l0,0.8065152979871928
5. Downstream Foundation AI Clinical Representation,ECGFounder Foundation Benchmark (150 Clinical Tasks),Preservation of high-dimensional multi-label diagnostic features,150-Task Clinical Diagnostic Macro Average,ECGFounder_Macro_150,auroc,Macro AUROC,spatial_1lead_d1_panorama_relative_1010010_s42_l0,0.8076127663129672
5. Downstream Foundation AI Clinical Representation,ECGFounder Foundation Benchmark (150 Clinical Tasks),Preservation of high-dimensional multi-label diagnostic features,150-Task Clinical Diagnostic Macro Average,ECGFounder_Macro_150,auroc,Macro AUROC,spatial_1lead_b1_panorama_1010010_s42_l0,0.8086172271141041
5. Downstream Foundation AI Clinical Representation,ECGFounder Foundation Benchmark (150 Clinical Tasks),Preservation of high-dimensional multi-label diagnostic features,150-Task Clinical Diagnostic Macro Average,ECGFounder_Macro_150,auroc,Macro AUROC,spatial_1lead_pg1_permuted_geometry_1010010_s42_l0,0.8080917900746806
5. Downstream Foundation AI Clinical Representation,ECGFounder Foundation Benchmark (150 Clinical Tasks),Preservation of high-dimensional multi-label diagnostic features,150-Task Clinical Diagnostic Macro Average,ECGFounder_Macro_150,auroc,Macro AUROC,spatial_1lead_c1_panorama_hybrid_1010010_s42_l0,0.808207585055928
5. Downstream Foundation AI Clinical Representation,ECGFounder Foundation Benchmark (150 Clinical Tasks),Preservation of high-dimensional multi-label diagnostic features,150-Task Clinical Diagnostic Macro Average,ECGFounder_Macro_150,auroc,Macro AUROC,spatial_1lead_t111_exact_theta_1010010_s42_l0,0.8071544968930185
5. Downstream Foundation AI Clinical Representation,ECGFounder Foundation Benchmark (150 Clinical Tasks),Preservation of high-dimensional multi-label diagnostic features,150-Task Clinical Diagnostic Macro Average,ECGFounder_Macro_150,auroc,Macro AUROC,spatial_1lead_t111_exact_theta_1110000_s42_l0,0.8102565094227991
5. Downstream Foundation AI Clinical Representation,ECGFounder Foundation Benchmark (150 Clinical Tasks),Preservation of high-dimensional multi-label diagnostic features,150-Task Clinical Diagnostic Macro Average,ECGFounder_Macro_150,auroc,Macro AUROC,spatial_1lead_e1_panorama_film_1000000_s42_l0,0.8095829548706764
5. Downstream Foundation AI Clinical Representation,ECGFounder Foundation Benchmark (150 Clinical Tasks),Preservation of high-dimensional multi-label diagnostic features,150-Task Clinical Diagnostic Macro Average,ECGFounder_Macro_150,auroc,Macro AUROC,spatial_1lead_d1_panorama_relative_1000000_s42_l0,0.8063445808557004
5. Downstream Foundation AI Clinical Representation,ECGFounder Foundation Benchmark (150 Clinical Tasks),Preservation of high-dimensional multi-label diagnostic features,150-Task Clinical Diagnostic Macro Average,ECGFounder_Macro_150,auroc,Macro AUROC,spatial_1lead_pg1_permuted_geometry_1000000_s42_l0,0.7974289475777714
5. Downstream Foundation AI Clinical Representation,ECGFounder Foundation Benchmark (150 Clinical Tasks),Preservation of high-dimensional multi-label diagnostic features,150-Task Clinical Diagnostic Macro Average,ECGFounder_Macro_150,auroc,Macro AUROC,spatial_1lead_cm1_capacity_matched_1000000_s42_l0,0.8018469792792869
5. Downstream Foundation AI Clinical Representation,ECGFounder Foundation Benchmark (150 Clinical Tasks),Preservation of high-dimensional multi-label diagnostic features,150-Task Clinical Diagnostic Macro Average,ECGFounder_Macro_150,auroc,Macro AUROC,spatial_1lead_pa1_panorama_author_1000000_s42_l0,0.8045267140474823
5. Downstream Foundation AI Clinical Representation,ECGFounder Foundation Benchmark (150 Clinical Tasks),Preservation of high-dimensional multi-label diagnostic features,150-Task Clinical Diagnostic Macro Average,ECGFounder_Macro_150,auroc,Macro AUROC,spatial_1lead_c1_panorama_hybrid_1000000_s42_l0,0.8081551243894401
5. Downstream Foundation AI Clinical Representation,ECGFounder Foundation Benchmark (150 Clinical Tasks),Preservation of high-dimensional multi-label diagnostic features,150-Task Clinical Diagnostic Macro Average,ECGFounder_Macro_150,auroc,Macro AUROC,spatial_1lead_b1_panorama_1000000_s42_l0,0.8102693769926003
5. Downstream Foundation AI Clinical Representation,ECGFounder Foundation Benchmark (150 Clinical Tasks),Preservation of high-dimensional multi-label diagnostic features,150-Task Clinical Diagnostic Macro Average,ECGFounder_Macro_150,auroc,Macro AUROC,spatial_1lead_t111_exact_theta_1000000_s42_l0,0.7990508931348046
5. Downstream Foundation AI Clinical Representation,ECGFounder Foundation Benchmark (150 Clinical Tasks),Preservation of high-dimensional multi-label diagnostic features,150-Task Clinical Diagnostic Macro Average,ECGFounder_Macro_150,auroc,Macro AUROC,spatial_1lead_t000_exact_theta_1000000_s42_l0,0.8003568338755954
5. Downstream Foundation AI Clinical Representation,ECGFounder Foundation Benchmark (150 Clinical Tasks),Preservation of high-dimensional multi-label diagnostic features,150-Task Clinical Diagnostic Precision-Recall,ECGFounder_Macro_150,auprc,Macro AUPRC,conv15e_A0_wave_noSSL_gated_add_s42_l0,0.3675063472347303
5. Downstream Foundation AI Clinical Representation,ECGFounder Foundation Benchmark (150 Clinical Tasks),Preservation of high-dimensional multi-label diagnostic features,150-Task Clinical Diagnostic Precision-Recall,ECGFounder_Macro_150,auprc,Macro AUPRC,conv15e_A0_zscore_s42_l0,0.35254395684751183
5. Downstream Foundation AI Clinical Representation,ECGFounder Foundation Benchmark (150 Clinical Tasks),Preservation of high-dimensional multi-label diagnostic features,150-Task Clinical Diagnostic Precision-Recall,ECGFounder_Macro_150,auprc,Macro AUPRC,conv15e_C1_E1_morlet_mag_morlet_phase_s42_l0,0.30577159663311243
5. Downstream Foundation AI Clinical Representation,ECGFounder Foundation Benchmark (150 Clinical Tasks),Preservation of high-dimensional multi-label diagnostic features,150-Task Clinical Diagnostic Precision-Recall,ECGFounder_Macro_150,auprc,Macro AUPRC,conv15e_R5_morlet_mag_ueg_phase_wyatt_s42_l0,0.3681197453459124
5. Downstream Foundation AI Clinical Representation,ECGFounder Foundation Benchmark (150 Clinical Tasks),Preservation of high-dimensional multi-label diagnostic features,150-Task Clinical Diagnostic Precision-Recall,ECGFounder_Macro_150,auprc,Macro AUPRC,conv15e_R7_morlet_mag_ueg_real_s42_l0,0.3624997078832735
5. Downstream Foundation AI Clinical Representation,ECGFounder Foundation Benchmark (150 Clinical Tasks),Preservation of high-dimensional multi-label diagnostic features,150-Task Clinical Diagnostic Precision-Recall,ECGFounder_Macro_150,auprc,Macro AUPRC,conv15e_del_wave_ce_s42_l0,0.3597515086565555
5. Downstream Foundation AI Clinical Representation,ECGFounder Foundation Benchmark (150 Clinical Tasks),Preservation of high-dimensional multi-label diagnostic features,150-Task Clinical Diagnostic Precision-Recall,ECGFounder_Macro_150,auprc,Macro AUPRC,conv15e_ssl_log_magnitude_phase_sin_local_gated_add_s42_l0,0.3632769122076769
5. Downstream Foundation AI Clinical Representation,ECGFounder Foundation Benchmark (150 Clinical Tasks),Preservation of high-dimensional multi-label diagnostic features,150-Task Clinical Diagnostic Precision-Recall,ECGFounder_Macro_150,auprc,Macro AUPRC,conv15e_ssl_log_magnitude_real_both_gated_add_s42_l0,0.36380163047474706
5. Downstream Foundation AI Clinical Representation,ECGFounder Foundation Benchmark (150 Clinical Tasks),Preservation of high-dimensional multi-label diagnostic features,150-Task Clinical Diagnostic Precision-Recall,ECGFounder_Macro_150,auprc,Macro AUPRC,D1_theta_mul_currentloss_s42_l0,0.3259636235196471
5. Downstream Foundation AI Clinical Representation,ECGFounder Foundation Benchmark (150 Clinical Tasks),Preservation of high-dimensional multi-label diagnostic features,150-Task Clinical Diagnostic Precision-Recall,ECGFounder_Macro_150,auprc,Macro AUPRC,D2_current_id_l1_s42_l0,0.3424248471911843
5. Downstream Foundation AI Clinical Representation,ECGFounder Foundation Benchmark (150 Clinical Tasks),Preservation of high-dimensional multi-label diagnostic features,150-Task Clinical Diagnostic Precision-Recall,ECGFounder_Macro_150,auprc,Macro AUPRC,D3_theta_mul_l1_s42_l0,0.34575193601482573
5. Downstream Foundation AI Clinical Representation,ECGFounder Foundation Benchmark (150 Clinical Tasks),Preservation of high-dimensional multi-label diagnostic features,150-Task Clinical Diagnostic Precision-Recall,ECGFounder_Macro_150,auprc,Macro AUPRC,D4_learned12_mul_l1_s42_l0,0.33740825177014316
5. Downstream Foundation AI Clinical Representation,ECGFounder Foundation Benchmark (150 Clinical Tasks),Preservation of high-dimensional multi-label diagnostic features,150-Task Clinical Diagnostic Precision-Recall,ECGFounder_Macro_150,auprc,Macro AUPRC,D5_permuted_theta_mul_l1_s42_l0,0.3272996682647053
5. Downstream Foundation AI Clinical Representation,ECGFounder Foundation Benchmark (150 Clinical Tasks),Preservation of high-dimensional multi-label diagnostic features,150-Task Clinical Diagnostic Precision-Recall,ECGFounder_Macro_150,auprc,Macro AUPRC,D6_theta_add_l1_s42_l0,0.3307982797592051
5. Downstream Foundation AI Clinical Representation,ECGFounder Foundation Benchmark (150 Clinical Tasks),Preservation of high-dimensional multi-label diagnostic features,150-Task Clinical Diagnostic Precision-Recall,ECGFounder_Macro_150,auprc,Macro AUPRC,D7_learned12_add_l1_s42_l0,0.33734146682189675
5. Downstream Foundation AI Clinical Representation,ECGFounder Foundation Benchmark (150 Clinical Tasks),Preservation of high-dimensional multi-label diagnostic features,150-Task Clinical Diagnostic Precision-Recall,ECGFounder_Macro_150,auprc,Macro AUPRC,D8_random12_mul_l1_s42_l0,0.34978350834177757
5. Downstream Foundation AI Clinical Representation,ECGFounder Foundation Benchmark (150 Clinical Tasks),Preservation of high-dimensional multi-label diagnostic features,150-Task Clinical Diagnostic Precision-Recall,ECGFounder_Macro_150,auprc,Macro AUPRC,factorial_ecg_aim_1100013_s42,0.3311709979934892
5. Downstream Foundation AI Clinical Representation,ECGFounder Foundation Benchmark (150 Clinical Tasks),Preservation of high-dimensional multi-label diagnostic features,150-Task Clinical Diagnostic Precision-Recall,ECGFounder_Macro_150,auprc,Macro AUPRC,factorial_ecg_aim_1100110_s42,0.3276492911639851
5. Downstream Foundation AI Clinical Representation,ECGFounder Foundation Benchmark (150 Clinical Tasks),Preservation of high-dimensional multi-label diagnostic features,150-Task Clinical Diagnostic Precision-Recall,ECGFounder_Macro_150,auprc,Macro AUPRC,factorial_ecg_aim_1100111_s42,0.3219353438699412
5. Downstream Foundation AI Clinical Representation,ECGFounder Foundation Benchmark (150 Clinical Tasks),Preservation of high-dimensional multi-label diagnostic features,150-Task Clinical Diagnostic Precision-Recall,ECGFounder_Macro_150,auprc,Macro AUPRC,factorial_ecg_aim_1101113_s42,0.2841299456020026
5. Downstream Foundation AI Clinical Representation,ECGFounder Foundation Benchmark (150 Clinical Tasks),Preservation of high-dimensional multi-label diagnostic features,150-Task Clinical Diagnostic Precision-Recall,ECGFounder_Macro_150,auprc,Macro AUPRC,spatial_1lead_a0_1110000_s42_l0,0.3521181071660761
5. Downstream Foundation AI Clinical Representation,ECGFounder Foundation Benchmark (150 Clinical Tasks),Preservation of high-dimensional multi-label diagnostic features,150-Task Clinical Diagnostic Precision-Recall,ECGFounder_Macro_150,auprc,Macro AUPRC,spatial_1lead_e1_panorama_film_1110000_s42_l0,0.34929522936355245
5. Downstream Foundation AI Clinical Representation,ECGFounder Foundation Benchmark (150 Clinical Tasks),Preservation of high-dimensional multi-label diagnostic features,150-Task Clinical Diagnostic Precision-Recall,ECGFounder_Macro_150,auprc,Macro AUPRC,spatial_1lead_pa1_panorama_author_1110000_s42_l0,0.351530602842254
5. Downstream Foundation AI Clinical Representation,ECGFounder Foundation Benchmark (150 Clinical Tasks),Preservation of high-dimensional multi-label diagnostic features,150-Task Clinical Diagnostic Precision-Recall,ECGFounder_Macro_150,auprc,Macro AUPRC,spatial_1lead_b1_panorama_1110000_s42_l0,0.3531985081957513
5. Downstream Foundation AI Clinical Representation,ECGFounder Foundation Benchmark (150 Clinical Tasks),Preservation of high-dimensional multi-label diagnostic features,150-Task Clinical Diagnostic Precision-Recall,ECGFounder_Macro_150,auprc,Macro AUPRC,spatial_1lead_cm1_capacity_matched_1110000_s42_l0,0.3522024343179117
5. Downstream Foundation AI Clinical Representation,ECGFounder Foundation Benchmark (150 Clinical Tasks),Preservation of high-dimensional multi-label diagnostic features,150-Task Clinical Diagnostic Precision-Recall,ECGFounder_Macro_150,auprc,Macro AUPRC,spatial_1lead_pg1_permuted_geometry_1110000_s42_l0,0.3495297803845996
5. Downstream Foundation AI Clinical Representation,ECGFounder Foundation Benchmark (150 Clinical Tasks),Preservation of high-dimensional multi-label diagnostic features,150-Task Clinical Diagnostic Precision-Recall,ECGFounder_Macro_150,auprc,Macro AUPRC,spatial_1lead_t000_exact_theta_1110000_s42_l0,0.3519907238699899
5. Downstream Foundation AI Clinical Representation,ECGFounder Foundation Benchmark (150 Clinical Tasks),Preservation of high-dimensional multi-label diagnostic features,150-Task Clinical Diagnostic Precision-Recall,ECGFounder_Macro_150,auprc,Macro AUPRC,spatial_1lead_c1_panorama_hybrid_1110000_s42_l0,0.3491348686757071
5. Downstream Foundation AI Clinical Representation,ECGFounder Foundation Benchmark (150 Clinical Tasks),Preservation of high-dimensional multi-label diagnostic features,150-Task Clinical Diagnostic Precision-Recall,ECGFounder_Macro_150,auprc,Macro AUPRC,spatial_1lead_d1_panorama_relative_1110000_s42_l0,0.34914264308725856
5. Downstream Foundation AI Clinical Representation,ECGFounder Foundation Benchmark (150 Clinical Tasks),Preservation of high-dimensional multi-label diagnostic features,150-Task Clinical Diagnostic Precision-Recall,ECGFounder_Macro_150,auprc,Macro AUPRC,spatial_1lead_e1_panorama_film_1010010_s42_l0,0.3499960803474333
5. Downstream Foundation AI Clinical Representation,ECGFounder Foundation Benchmark (150 Clinical Tasks),Preservation of high-dimensional multi-label diagnostic features,150-Task Clinical Diagnostic Precision-Recall,ECGFounder_Macro_150,auprc,Macro AUPRC,spatial_1lead_pa1_panorama_author_1010010_s42_l0,0.34754671352965494
5. Downstream Foundation AI Clinical Representation,ECGFounder Foundation Benchmark (150 Clinical Tasks),Preservation of high-dimensional multi-label diagnostic features,150-Task Clinical Diagnostic Precision-Recall,ECGFounder_Macro_150,auprc,Macro AUPRC,spatial_1lead_t000_exact_theta_1010010_s42_l0,0.3482189031792803
5. Downstream Foundation AI Clinical Representation,ECGFounder Foundation Benchmark (150 Clinical Tasks),Preservation of high-dimensional multi-label diagnostic features,150-Task Clinical Diagnostic Precision-Recall,ECGFounder_Macro_150,auprc,Macro AUPRC,spatial_1lead_a0_1010010_s42_l0,0.34581553969388656
5. Downstream Foundation AI Clinical Representation,ECGFounder Foundation Benchmark (150 Clinical Tasks),Preservation of high-dimensional multi-label diagnostic features,150-Task Clinical Diagnostic Precision-Recall,ECGFounder_Macro_150,auprc,Macro AUPRC,spatial_1lead_cm1_capacity_matched_1010010_s42_l0,0.34614545133699887
5. Downstream Foundation AI Clinical Representation,ECGFounder Foundation Benchmark (150 Clinical Tasks),Preservation of high-dimensional multi-label diagnostic features,150-Task Clinical Diagnostic Precision-Recall,ECGFounder_Macro_150,auprc,Macro AUPRC,spatial_1lead_d1_panorama_relative_1010010_s42_l0,0.34557941942086884
5. Downstream Foundation AI Clinical Representation,ECGFounder Foundation Benchmark (150 Clinical Tasks),Preservation of high-dimensional multi-label diagnostic features,150-Task Clinical Diagnostic Precision-Recall,ECGFounder_Macro_150,auprc,Macro AUPRC,spatial_1lead_b1_panorama_1010010_s42_l0,0.3494387397992848
5. Downstream Foundation AI Clinical Representation,ECGFounder Foundation Benchmark (150 Clinical Tasks),Preservation of high-dimensional multi-label diagnostic features,150-Task Clinical Diagnostic Precision-Recall,ECGFounder_Macro_150,auprc,Macro AUPRC,spatial_1lead_pg1_permuted_geometry_1010010_s42_l0,0.35138814423669856
5. Downstream Foundation AI Clinical Representation,ECGFounder Foundation Benchmark (150 Clinical Tasks),Preservation of high-dimensional multi-label diagnostic features,150-Task Clinical Diagnostic Precision-Recall,ECGFounder_Macro_150,auprc,Macro AUPRC,spatial_1lead_c1_panorama_hybrid_1010010_s42_l0,0.34558616828435923
5. Downstream Foundation AI Clinical Representation,ECGFounder Foundation Benchmark (150 Clinical Tasks),Preservation of high-dimensional multi-label diagnostic features,150-Task Clinical Diagnostic Precision-Recall,ECGFounder_Macro_150,auprc,Macro AUPRC,spatial_1lead_t111_exact_theta_1010010_s42_l0,0.3485136276396073
5. Downstream Foundation AI Clinical Representation,ECGFounder Foundation Benchmark (150 Clinical Tasks),Preservation of high-dimensional multi-label diagnostic features,150-Task Clinical Diagnostic Precision-Recall,ECGFounder_Macro_150,auprc,Macro AUPRC,spatial_1lead_t111_exact_theta_1110000_s42_l0,0.3496879444015776
5. Downstream Foundation AI Clinical Representation,ECGFounder Foundation Benchmark (150 Clinical Tasks),Preservation of high-dimensional multi-label diagnostic features,150-Task Clinical Diagnostic Precision-Recall,ECGFounder_Macro_150,auprc,Macro AUPRC,spatial_1lead_e1_panorama_film_1000000_s42_l0,0.3361594554085675
5. Downstream Foundation AI Clinical Representation,ECGFounder Foundation Benchmark (150 Clinical Tasks),Preservation of high-dimensional multi-label diagnostic features,150-Task Clinical Diagnostic Precision-Recall,ECGFounder_Macro_150,auprc,Macro AUPRC,spatial_1lead_d1_panorama_relative_1000000_s42_l0,0.33232503137834357
5. Downstream Foundation AI Clinical Representation,ECGFounder Foundation Benchmark (150 Clinical Tasks),Preservation of high-dimensional multi-label diagnostic features,150-Task Clinical Diagnostic Precision-Recall,ECGFounder_Macro_150,auprc,Macro AUPRC,spatial_1lead_pg1_permuted_geometry_1000000_s42_l0,0.33855480287032497
5. Downstream Foundation AI Clinical Representation,ECGFounder Foundation Benchmark (150 Clinical Tasks),Preservation of high-dimensional multi-label diagnostic features,150-Task Clinical Diagnostic Precision-Recall,ECGFounder_Macro_150,auprc,Macro AUPRC,spatial_1lead_cm1_capacity_matched_1000000_s42_l0,0.3386161186591333
5. Downstream Foundation AI Clinical Representation,ECGFounder Foundation Benchmark (150 Clinical Tasks),Preservation of high-dimensional multi-label diagnostic features,150-Task Clinical Diagnostic Precision-Recall,ECGFounder_Macro_150,auprc,Macro AUPRC,spatial_1lead_pa1_panorama_author_1000000_s42_l0,0.3396981715991852
5. Downstream Foundation AI Clinical Representation,ECGFounder Foundation Benchmark (150 Clinical Tasks),Preservation of high-dimensional multi-label diagnostic features,150-Task Clinical Diagnostic Precision-Recall,ECGFounder_Macro_150,auprc,Macro AUPRC,spatial_1lead_c1_panorama_hybrid_1000000_s42_l0,0.3451682276705236
5. Downstream Foundation AI Clinical Representation,ECGFounder Foundation Benchmark (150 Clinical Tasks),Preservation of high-dimensional multi-label diagnostic features,150-Task Clinical Diagnostic Precision-Recall,ECGFounder_Macro_150,auprc,Macro AUPRC,spatial_1lead_b1_panorama_1000000_s42_l0,0.33654805164876084
5. Downstream Foundation AI Clinical Representation,ECGFounder Foundation Benchmark (150 Clinical Tasks),Preservation of high-dimensional multi-label diagnostic features,150-Task Clinical Diagnostic Precision-Recall,ECGFounder_Macro_150,auprc,Macro AUPRC,spatial_1lead_t111_exact_theta_1000000_s42_l0,0.33763996526189094
5. Downstream Foundation AI Clinical Representation,ECGFounder Foundation Benchmark (150 Clinical Tasks),Preservation of high-dimensional multi-label diagnostic features,150-Task Clinical Diagnostic Precision-Recall,ECGFounder_Macro_150,auprc,Macro AUPRC,spatial_1lead_t000_exact_theta_1000000_s42_l0,0.3376383488881199
5. Downstream Foundation AI Clinical Representation,ECGFounder Foundation Benchmark (150 Clinical Tasks),Preservation of high-dimensional multi-label diagnostic features,Mean Multi-Wave Semantic Segmentation Fidelity,Delineation_mIoU_SemiSeg,r2,Mean IoU,conv15e_A0_wave_noSSL_gated_add_s42_l0,0.6661457770047633
5. Downstream Foundation AI Clinical Representation,ECGFounder Foundation Benchmark (150 Clinical Tasks),Preservation of high-dimensional multi-label diagnostic features,Mean Multi-Wave Semantic Segmentation Fidelity,Delineation_mIoU_SemiSeg,r2,Mean IoU,conv15e_A0_zscore_s42_l0,0.6594172452274382
5. Downstream Foundation AI Clinical Representation,ECGFounder Foundation Benchmark (150 Clinical Tasks),Preservation of high-dimensional multi-label diagnostic features,Mean Multi-Wave Semantic Segmentation Fidelity,Delineation_mIoU_SemiSeg,r2,Mean IoU,conv15e_C1_E1_morlet_mag_morlet_phase_s42_l0,0.5298378844400673
5. Downstream Foundation AI Clinical Representation,ECGFounder Foundation Benchmark (150 Clinical Tasks),Preservation of high-dimensional multi-label diagnostic features,Mean Multi-Wave Semantic Segmentation Fidelity,Delineation_mIoU_SemiSeg,r2,Mean IoU,conv15e_R5_morlet_mag_ueg_phase_wyatt_s42_l0,0.6629370628401355
5. Downstream Foundation AI Clinical Representation,ECGFounder Foundation Benchmark (150 Clinical Tasks),Preservation of high-dimensional multi-label diagnostic features,Mean Multi-Wave Semantic Segmentation Fidelity,Delineation_mIoU_SemiSeg,r2,Mean IoU,conv15e_R7_morlet_mag_ueg_real_s42_l0,0.6638473660617624
5. Downstream Foundation AI Clinical Representation,ECGFounder Foundation Benchmark (150 Clinical Tasks),Preservation of high-dimensional multi-label diagnostic features,Mean Multi-Wave Semantic Segmentation Fidelity,Delineation_mIoU_SemiSeg,r2,Mean IoU,conv15e_del_wave_ce_s42_l0,0.6630335978178672
5. Downstream Foundation AI Clinical Representation,ECGFounder Foundation Benchmark (150 Clinical Tasks),Preservation of high-dimensional multi-label diagnostic features,Mean Multi-Wave Semantic Segmentation Fidelity,Delineation_mIoU_SemiSeg,r2,Mean IoU,conv15e_ssl_log_magnitude_phase_sin_local_gated_add_s42_l0,0.6643905421224716
5. Downstream Foundation AI Clinical Representation,ECGFounder Foundation Benchmark (150 Clinical Tasks),Preservation of high-dimensional multi-label diagnostic features,Mean Multi-Wave Semantic Segmentation Fidelity,Delineation_mIoU_SemiSeg,r2,Mean IoU,conv15e_ssl_log_magnitude_real_both_gated_add_s42_l0,0.663752816364778
5. Downstream Foundation AI Clinical Representation,ECGFounder Foundation Benchmark (150 Clinical Tasks),Preservation of high-dimensional multi-label diagnostic features,Mean Multi-Wave Semantic Segmentation Fidelity,Delineation_mIoU_SemiSeg,r2,Mean IoU,D1_theta_mul_currentloss_s42_l0,0.5496227165329627
5. Downstream Foundation AI Clinical Representation,ECGFounder Foundation Benchmark (150 Clinical Tasks),Preservation of high-dimensional multi-label diagnostic features,Mean Multi-Wave Semantic Segmentation Fidelity,Delineation_mIoU_SemiSeg,r2,Mean IoU,D2_current_id_l1_s42_l0,0.5957712639190577
5. Downstream Foundation AI Clinical Representation,ECGFounder Foundation Benchmark (150 Clinical Tasks),Preservation of high-dimensional multi-label diagnostic features,Mean Multi-Wave Semantic Segmentation Fidelity,Delineation_mIoU_SemiSeg,r2,Mean IoU,D3_theta_mul_l1_s42_l0,0.5874074284052754
5. Downstream Foundation AI Clinical Representation,ECGFounder Foundation Benchmark (150 Clinical Tasks),Preservation of high-dimensional multi-label diagnostic features,Mean Multi-Wave Semantic Segmentation Fidelity,Delineation_mIoU_SemiSeg,r2,Mean IoU,D4_learned12_mul_l1_s42_l0,0.607651357137029
5. Downstream Foundation AI Clinical Representation,ECGFounder Foundation Benchmark (150 Clinical Tasks),Preservation of high-dimensional multi-label diagnostic features,Mean Multi-Wave Semantic Segmentation Fidelity,Delineation_mIoU_SemiSeg,r2,Mean IoU,D5_permuted_theta_mul_l1_s42_l0,0.6074356435633981
5. Downstream Foundation AI Clinical Representation,ECGFounder Foundation Benchmark (150 Clinical Tasks),Preservation of high-dimensional multi-label diagnostic features,Mean Multi-Wave Semantic Segmentation Fidelity,Delineation_mIoU_SemiSeg,r2,Mean IoU,D6_theta_add_l1_s42_l0,0.61874242906108
5. Downstream Foundation AI Clinical Representation,ECGFounder Foundation Benchmark (150 Clinical Tasks),Preservation of high-dimensional multi-label diagnostic features,Mean Multi-Wave Semantic Segmentation Fidelity,Delineation_mIoU_SemiSeg,r2,Mean IoU,D7_learned12_add_l1_s42_l0,0.611366018711879
5. Downstream Foundation AI Clinical Representation,ECGFounder Foundation Benchmark (150 Clinical Tasks),Preservation of high-dimensional multi-label diagnostic features,Mean Multi-Wave Semantic Segmentation Fidelity,Delineation_mIoU_SemiSeg,r2,Mean IoU,D8_random12_mul_l1_s42_l0,0.5933522877139579
5. Downstream Foundation AI Clinical Representation,ECGFounder Foundation Benchmark (150 Clinical Tasks),Preservation of high-dimensional multi-label diagnostic features,Mean Multi-Wave Semantic Segmentation Fidelity,Delineation_mIoU_SemiSeg,r2,Mean IoU,factorial_ecg_aim_1100013_s42,0.5761312336347881
5. Downstream Foundation AI Clinical Representation,ECGFounder Foundation Benchmark (150 Clinical Tasks),Preservation of high-dimensional multi-label diagnostic features,Mean Multi-Wave Semantic Segmentation Fidelity,Delineation_mIoU_SemiSeg,r2,Mean IoU,factorial_ecg_aim_1100110_s42,0.5462521588936954
5. Downstream Foundation AI Clinical Representation,ECGFounder Foundation Benchmark (150 Clinical Tasks),Preservation of high-dimensional multi-label diagnostic features,Mean Multi-Wave Semantic Segmentation Fidelity,Delineation_mIoU_SemiSeg,r2,Mean IoU,factorial_ecg_aim_1100111_s42,0.5788924185020421
5. Downstream Foundation AI Clinical Representation,ECGFounder Foundation Benchmark (150 Clinical Tasks),Preservation of high-dimensional multi-label diagnostic features,Mean Multi-Wave Semantic Segmentation Fidelity,Delineation_mIoU_SemiSeg,r2,Mean IoU,factorial_ecg_aim_1101113_s42,0.12027206119220889
5. Downstream Foundation AI Clinical Representation,ECGFounder Foundation Benchmark (150 Clinical Tasks),Preservation of high-dimensional multi-label diagnostic features,Mean Multi-Wave Semantic Segmentation Fidelity,Delineation_mIoU_SemiSeg,r2,Mean IoU,spatial_1lead_a0_1110000_s42_l0,0.594254796211053
5. Downstream Foundation AI Clinical Representation,ECGFounder Foundation Benchmark (150 Clinical Tasks),Preservation of high-dimensional multi-label diagnostic features,Mean Multi-Wave Semantic Segmentation Fidelity,Delineation_mIoU_SemiSeg,r2,Mean IoU,spatial_1lead_e1_panorama_film_1110000_s42_l0,0.6014105128022773
5. Downstream Foundation AI Clinical Representation,ECGFounder Foundation Benchmark (150 Clinical Tasks),Preservation of high-dimensional multi-label diagnostic features,Mean Multi-Wave Semantic Segmentation Fidelity,Delineation_mIoU_SemiSeg,r2,Mean IoU,spatial_1lead_pa1_panorama_author_1110000_s42_l0,0.5936103055091554
5. Downstream Foundation AI Clinical Representation,ECGFounder Foundation Benchmark (150 Clinical Tasks),Preservation of high-dimensional multi-label diagnostic features,Mean Multi-Wave Semantic Segmentation Fidelity,Delineation_mIoU_SemiSeg,r2,Mean IoU,spatial_1lead_b1_panorama_1110000_s42_l0,0.5903063832769635
5. Downstream Foundation AI Clinical Representation,ECGFounder Foundation Benchmark (150 Clinical Tasks),Preservation of high-dimensional multi-label diagnostic features,Mean Multi-Wave Semantic Segmentation Fidelity,Delineation_mIoU_SemiSeg,r2,Mean IoU,spatial_1lead_cm1_capacity_matched_1110000_s42_l0,0.59297803446925
5. Downstream Foundation AI Clinical Representation,ECGFounder Foundation Benchmark (150 Clinical Tasks),Preservation of high-dimensional multi-label diagnostic features,Mean Multi-Wave Semantic Segmentation Fidelity,Delineation_mIoU_SemiSeg,r2,Mean IoU,spatial_1lead_pg1_permuted_geometry_1110000_s42_l0,0.5840185716669528
5. Downstream Foundation AI Clinical Representation,ECGFounder Foundation Benchmark (150 Clinical Tasks),Preservation of high-dimensional multi-label diagnostic features,Mean Multi-Wave Semantic Segmentation Fidelity,Delineation_mIoU_SemiSeg,r2,Mean IoU,spatial_1lead_t000_exact_theta_1110000_s42_l0,0.5923092703354889
5. Downstream Foundation AI Clinical Representation,ECGFounder Foundation Benchmark (150 Clinical Tasks),Preservation of high-dimensional multi-label diagnostic features,Mean Multi-Wave Semantic Segmentation Fidelity,Delineation_mIoU_SemiSeg,r2,Mean IoU,spatial_1lead_c1_panorama_hybrid_1110000_s42_l0,0.5890183530282093
5. Downstream Foundation AI Clinical Representation,ECGFounder Foundation Benchmark (150 Clinical Tasks),Preservation of high-dimensional multi-label diagnostic features,Mean Multi-Wave Semantic Segmentation Fidelity,Delineation_mIoU_SemiSeg,r2,Mean IoU,spatial_1lead_d1_panorama_relative_1110000_s42_l0,0.5914062266505171
5. Downstream Foundation AI Clinical Representation,ECGFounder Foundation Benchmark (150 Clinical Tasks),Preservation of high-dimensional multi-label diagnostic features,Mean Multi-Wave Semantic Segmentation Fidelity,Delineation_mIoU_SemiSeg,r2,Mean IoU,spatial_1lead_e1_panorama_film_1010010_s42_l0,0.5941748725199729
5. Downstream Foundation AI Clinical Representation,ECGFounder Foundation Benchmark (150 Clinical Tasks),Preservation of high-dimensional multi-label diagnostic features,Mean Multi-Wave Semantic Segmentation Fidelity,Delineation_mIoU_SemiSeg,r2,Mean IoU,spatial_1lead_pa1_panorama_author_1010010_s42_l0,0.6141745645882744
5. Downstream Foundation AI Clinical Representation,ECGFounder Foundation Benchmark (150 Clinical Tasks),Preservation of high-dimensional multi-label diagnostic features,Mean Multi-Wave Semantic Segmentation Fidelity,Delineation_mIoU_SemiSeg,r2,Mean IoU,spatial_1lead_t000_exact_theta_1010010_s42_l0,0.606018023570792
5. Downstream Foundation AI Clinical Representation,ECGFounder Foundation Benchmark (150 Clinical Tasks),Preservation of high-dimensional multi-label diagnostic features,Mean Multi-Wave Semantic Segmentation Fidelity,Delineation_mIoU_SemiSeg,r2,Mean IoU,spatial_1lead_a0_1010010_s42_l0,0.5989248071423631
5. Downstream Foundation AI Clinical Representation,ECGFounder Foundation Benchmark (150 Clinical Tasks),Preservation of high-dimensional multi-label diagnostic features,Mean Multi-Wave Semantic Segmentation Fidelity,Delineation_mIoU_SemiSeg,r2,Mean IoU,spatial_1lead_cm1_capacity_matched_1010010_s42_l0,0.6084498512563025
5. Downstream Foundation AI Clinical Representation,ECGFounder Foundation Benchmark (150 Clinical Tasks),Preservation of high-dimensional multi-label diagnostic features,Mean Multi-Wave Semantic Segmentation Fidelity,Delineation_mIoU_SemiSeg,r2,Mean IoU,spatial_1lead_d1_panorama_relative_1010010_s42_l0,0.6030054361496687
5. Downstream Foundation AI Clinical Representation,ECGFounder Foundation Benchmark (150 Clinical Tasks),Preservation of high-dimensional multi-label diagnostic features,Mean Multi-Wave Semantic Segmentation Fidelity,Delineation_mIoU_SemiSeg,r2,Mean IoU,spatial_1lead_b1_panorama_1010010_s42_l0,0.6103674817090983
5. Downstream Foundation AI Clinical Representation,ECGFounder Foundation Benchmark (150 Clinical Tasks),Preservation of high-dimensional multi-label diagnostic features,Mean Multi-Wave Semantic Segmentation Fidelity,Delineation_mIoU_SemiSeg,r2,Mean IoU,spatial_1lead_pg1_permuted_geometry_1010010_s42_l0,0.6019879447731802
5. Downstream Foundation AI Clinical Representation,ECGFounder Foundation Benchmark (150 Clinical Tasks),Preservation of high-dimensional multi-label diagnostic features,Mean Multi-Wave Semantic Segmentation Fidelity,Delineation_mIoU_SemiSeg,r2,Mean IoU,spatial_1lead_c1_panorama_hybrid_1010010_s42_l0,0.6038527636523646
5. Downstream Foundation AI Clinical Representation,ECGFounder Foundation Benchmark (150 Clinical Tasks),Preservation of high-dimensional multi-label diagnostic features,Mean Multi-Wave Semantic Segmentation Fidelity,Delineation_mIoU_SemiSeg,r2,Mean IoU,spatial_1lead_t111_exact_theta_1010010_s42_l0,0.5880679302827793
5. Downstream Foundation AI Clinical Representation,ECGFounder Foundation Benchmark (150 Clinical Tasks),Preservation of high-dimensional multi-label diagnostic features,Mean Multi-Wave Semantic Segmentation Fidelity,Delineation_mIoU_SemiSeg,r2,Mean IoU,spatial_1lead_t111_exact_theta_1110000_s42_l0,0.5185935125838063
5. Downstream Foundation AI Clinical Representation,ECGFounder Foundation Benchmark (150 Clinical Tasks),Preservation of high-dimensional multi-label diagnostic features,Mean Multi-Wave Semantic Segmentation Fidelity,Delineation_mIoU_SemiSeg,r2,Mean IoU,spatial_1lead_e1_panorama_film_1000000_s42_l0,0.525938930913247
5. Downstream Foundation AI Clinical Representation,ECGFounder Foundation Benchmark (150 Clinical Tasks),Preservation of high-dimensional multi-label diagnostic features,Mean Multi-Wave Semantic Segmentation Fidelity,Delineation_mIoU_SemiSeg,r2,Mean IoU,spatial_1lead_d1_panorama_relative_1000000_s42_l0,0.5035743909038305
5. Downstream Foundation AI Clinical Representation,ECGFounder Foundation Benchmark (150 Clinical Tasks),Preservation of high-dimensional multi-label diagnostic features,Mean Multi-Wave Semantic Segmentation Fidelity,Delineation_mIoU_SemiSeg,r2,Mean IoU,spatial_1lead_pg1_permuted_geometry_1000000_s42_l0,0.5640894547077656
5. Downstream Foundation AI Clinical Representation,ECGFounder Foundation Benchmark (150 Clinical Tasks),Preservation of high-dimensional multi-label diagnostic features,Mean Multi-Wave Semantic Segmentation Fidelity,Delineation_mIoU_SemiSeg,r2,Mean IoU,spatial_1lead_cm1_capacity_matched_1000000_s42_l0,0.5497244873075011
5. Downstream Foundation AI Clinical Representation,ECGFounder Foundation Benchmark (150 Clinical Tasks),Preservation of high-dimensional multi-label diagnostic features,Mean Multi-Wave Semantic Segmentation Fidelity,Delineation_mIoU_SemiSeg,r2,Mean IoU,spatial_1lead_pa1_panorama_author_1000000_s42_l0,0.542511773388021
5. Downstream Foundation AI Clinical Representation,ECGFounder Foundation Benchmark (150 Clinical Tasks),Preservation of high-dimensional multi-label diagnostic features,Mean Multi-Wave Semantic Segmentation Fidelity,Delineation_mIoU_SemiSeg,r2,Mean IoU,spatial_1lead_c1_panorama_hybrid_1000000_s42_l0,0.5238818242924075
5. Downstream Foundation AI Clinical Representation,ECGFounder Foundation Benchmark (150 Clinical Tasks),Preservation of high-dimensional multi-label diagnostic features,Mean Multi-Wave Semantic Segmentation Fidelity,Delineation_mIoU_SemiSeg,r2,Mean IoU,spatial_1lead_b1_panorama_1000000_s42_l0,0.5183340477971887
5. Downstream Foundation AI Clinical Representation,ECGFounder Foundation Benchmark (150 Clinical Tasks),Preservation of high-dimensional multi-label diagnostic features,Mean Multi-Wave Semantic Segmentation Fidelity,Delineation_mIoU_SemiSeg,r2,Mean IoU,spatial_1lead_t111_exact_theta_1000000_s42_l0,0.482713730422236
5. Downstream Foundation AI Clinical Representation,ECGFounder Foundation Benchmark (150 Clinical Tasks),Preservation of high-dimensional multi-label diagnostic features,Mean Multi-Wave Semantic Segmentation Fidelity,Delineation_mIoU_SemiSeg,r2,Mean IoU,spatial_1lead_t000_exact_theta_1000000_s42_l0,0.4857454135385049
