model_id,architecture_family,evaluation_version,n_ptbxl_ecgs,n_ptbxl_patients,n_echonext_patients,ecgfounder_macro_150_auroc,ecgfounder_macro_150_auprc,ecgfounder_arrhythmia_auroc,ecgfounder_conduction_auroc,ecgfounder_hypertrophy_auroc,ecgfounder_infarct_auroc,ecgfounder_delta_auroc_vs_gt,ecgfounder_ci_low_vs_gt,ecgfounder_ci_high_vs_gt,ecgfounder_pval_vs_gt,ecgfounder_delta_auprc_vs_gt,ecgfounder_brier_score,ecgfounder_ece,echonext_shd_macro_12_auroc,echonext_shd_macro_12_auprc,echonext_delta_auroc_vs_gt,echonext_ci_low_vs_gt,echonext_ci_high_vs_gt,echonext_pval_vs_gt,echonext_delta_auprc_vs_gt,echonext_brier_score,echonext_ece,semiseg_miou,semiseg_p_wave_iou,semiseg_qrs_wave_iou,semiseg_t_wave_iou,qrs_duration_mae_ms,qrs_duration_pearson_r,qrs_duration_r2,qrs_duration_bland_bias_ms,qrs_duration_loa_low_ms,qrs_duration_loa_high_ms,conduction_delay_120ms_auroc,conduction_delay_120ms_ci_low,conduction_delay_120ms_ci_high,conduction_delay_120ms_auprc,conduction_delay_120ms_sens,conduction_delay_120ms_spec,conduction_delay_120ms_ppv,conduction_delay_120ms_npv,conduction_delay_120ms_f1,conduction_delay_120ms_fisher_p,lvh_sokolowlyon_mae_mv,lvh_sokolowlyon_pearson_r,lvh_sokolowlyon_bland_bias_mv,lvh_sokolowlyon_loa_low_mv,lvh_sokolowlyon_loa_high_mv,lvh_sokolowlyon_auroc,lvh_sokolowlyon_ci_low,lvh_sokolowlyon_ci_high,lvh_sokolowlyon_auprc,lvh_sokolowlyon_sens,lvh_sokolowlyon_spec,lvh_sokolowlyon_ppv,lvh_sokolowlyon_npv,lvh_sokolowlyon_f1,v3_r_presacan_slope,v3_r_presacan_r2,v3_r_var_ret_pct,v3_r_direct_slope,v3_r_direct_r2,v6_r_presacan_slope,v6_r_presacan_r2,v6_r_var_ret_pct,v6_r_direct_slope,v6_r_direct_r2,v3_t_var_ret_pct,v3_t_presacan_slope,v3_t_presacan_r2,avg_precordial_var_ret_pct,spurious_coupling_ratio_v3,lead_I_pearson_r,lead_I_mae_mv,lead_I_bland_bias_mv,lead_II_pearson_r,lead_II_mae_mv,lead_II_bland_bias_mv,lead_III_pearson_r,lead_III_mae_mv,lead_III_bland_bias_mv,lead_aVR_pearson_r,lead_aVR_mae_mv,lead_aVR_bland_bias_mv,lead_aVL_pearson_r,lead_aVL_mae_mv,lead_aVL_bland_bias_mv,lead_aVF_pearson_r,lead_aVF_mae_mv,lead_aVF_bland_bias_mv,lead_V1_pearson_r,lead_V1_mae_mv,lead_V1_bland_bias_mv,lead_V2_pearson_r,lead_V2_mae_mv,lead_V2_bland_bias_mv,lead_V3_pearson_r,lead_V3_mae_mv,lead_V3_bland_bias_mv,lead_V3_loa_low_mv,lead_V3_loa_high_mv,lead_V4_pearson_r,lead_V4_mae_mv,lead_V4_bland_bias_mv,lead_V5_pearson_r,lead_V5_mae_mv,lead_V5_bland_bias_mv,lead_V6_pearson_r,lead_V6_mae_mv,lead_V6_bland_bias_mv
reference,Physiological Ground Truth Standard,1lead_clinical_v1,2198,1904,1000,0.884102,0.476884,0.9412,0.8924,0.9185,0.9035,0.0,0.0,0.0,1.0,0.0,0.02604,0.04466,0.802626,0.341847,0.0,0.0,0.0,1.0,0.0,0.03812,0.03154,1.0,1.0,1.0,1.0,0.0,1.0,1.0,0.0,0.0,0.0,1.0,1.0,1.0,1.0,1.0,1.0,1.0,1.0,1.0,0.0,0.0,1.0,0.0,0.0,0.0,1.0,1.0,1.0,1.0,1.0,1.0,1.0,1.0,1.0,0.0,0.0,100.0,1.0,1.0,0.0,0.0,100.0,1.0,1.0,100.0,0.0,0.0,100.0,1.0,1.0,0.0,0.0,1.0,0.0,0.0,1.0,0.0,0.0,1.0,0.0,0.0,1.0,0.0,0.0,1.0,0.0,0.0,1.0,0.0,0.0,1.0,0.0,0.0,1.0,0.0,0.0,0.0,0.0,1.0,0.0,0.0,1.0,0.0,0.0,1.0,0.0,0.0
conv15e_conv_control_s42_l0,Baseline / Other,1lead_clinical_v1,2198,1904,1000,0.8219022769879646,0.36797013250104194,0.9721502638799516,0.8438512752579079,0.737237613338437,0.7233905845912733,-0.06215358430636375,-0.0739290260816468,-0.05102807944441014,0.009950248756218905,-0.10896664050736227,0.03169005310110274,0.05238268330198985,0.7369126949667049,0.2709910703918656,-0.08155163793988651,-0.10876721421471656,-0.0538348491924339,0.009950248756218905,-0.08754614736363805,0.16386368605876564,0.2634151426285195,0.6614345997333563,0.5176238100131779,0.7817543669721249,0.6849256222147662,9.951774340309372,0.6583307755176441,0.4333994099936622,-1.283894449499545,-27.425090868582203,24.857301969583112,0.9259763315547607,0.8963467974839521,0.9487082499990728,0.6232614605228983,0.6375838926174496,0.9677891654465594,0.5900621118012422,0.9734904270986745,0.6129032258064516,1.0022020159796222e-82,0.7264594205056026,0.46966871647477576,-0.4505245451145111,-2.1011412945272743,1.2000922042982518,0.738691291047677,0.7049588451218934,0.7698428021151037,0.3169914261243754,0.15289256198347106,0.9856850715746421,0.5692307692307692,0.9038912330051571,0.24104234527687296,-0.9330412895514668,0.8511272254498571,15.675633613313058,0.06695871044853315,0.02860151770462354,-0.7607800624292211,0.6472137817554039,37.27136370805428,0.2392199375707788,0.15353926663711637,,,,26.47349866068367,8.509872653349875,1.0,0.0,0.0,0.7079863548278809,0.07206074893474579,-0.0003869627792099632,0.5406817197799683,0.07282153517007828,-0.0020508898022388042,0.8996763825416565,0.037413090467453,-0.0017521213097209595,0.8378536105155945,0.03756268694996834,0.001879068912108039,0.49190038442611694,0.07167045027017593,-0.0005903951150853033,0.7890809178352356,0.08013775944709778,-0.0023417568110812594,0.7647885084152222,0.1196213960647583,-0.0022384252667709123,0.7363713383674622,0.1259894222021103,-0.001458312225681458,-0.5006895436158415,0.49777291916447863,0.7799249291419983,0.10902491211891174,-0.001222312631475563,0.8045732975006104,0.09804964810609818,-0.0007078754708838882,0.7801167964935303,0.09674718230962753,-0.0009274824009192196
conv15e_K2_noart_s42_l0,Kill-Gate Ablation Suite (Round 1),1lead_clinical_v1,2198,1904,1000,0.8210181164555431,0.3515513551495197,0.9686193718158044,0.8508946458514192,0.7509063484461167,0.7043755028887849,-0.06303774483878521,-0.073708543944721,-0.05120224388258185,0.009950248756218905,-0.12538541785888452,0.032610516676151065,0.05341319110215483,0.7513645743867358,0.27803426371387446,-0.05653053471066993,-0.07876780590029862,-0.03527817616483566,0.009950248756218905,-0.08112722223224078,0.17106769650545994,0.2749644729550928,0.6653007019685324,0.516470424800287,0.7869510094847947,0.692480671620516,9.833484986351229,0.6510065146398731,0.42380948210355507,0.7415832575068244,-25.109522403894236,26.592688918907886,0.9273798644616297,0.9033876437868142,0.9487451538102826,0.626587925858511,0.6778523489932886,0.9682772083943387,0.608433734939759,0.9763779527559056,0.6412698412698413,2.3014471781358426e-91,0.6892116138401413,0.4727843107668608,-0.3184204115392513,-1.9833371495725751,1.3464963264940726,0.7539568862073044,0.728115901084046,0.7820466603111597,0.3202025678742687,0.16115702479338842,0.9729038854805726,0.42391304347826086,0.9036087369420702,0.23353293413173654,,,28.746724415534125,0.11904365386257994,0.049297415500840415,,,43.395081735362055,0.2480980742561805,0.14184245482585392,,,,36.070903075448086,5.9930445373719285,1.0,0.0,0.0,0.7093545198440552,0.0704028382897377,-0.0005830087986173424,0.5620580315589905,0.07073993980884552,-0.0006378147975115746,0.8994917869567871,0.03640458360314369,0.0011847732579328297,0.8432657718658447,0.03661923483014107,8.35302306923826e-05,0.49676087498664856,0.0697181299328804,-0.0003209821960249531,0.7883948087692261,0.07982145249843597,-0.0012195774727771524,0.7568998336791992,0.12018447369337082,-0.000672688597950246,0.7217206954956055,0.125653937458992,0.00044134149286066394,-0.5013139446763988,0.5021966276621201,0.77272629737854,0.10864946246147156,0.001052503780173911,0.7971001267433167,0.09821315854787827,0.00022611100004152427,0.7780672907829285,0.0968732163310051,0.0005405365319555026
conv15e_A0_wave_noSSL_gated_add_s42_l0,Wavelet / MTL / SSL,1lead_clinical_v1,2198,1904,1000,0.8208384576581194,0.3675063472347303,0.9731660598604309,0.8439770026398022,0.7454616094998733,0.7117227928996458,-0.06321744872417467,-0.07440140618360615,-0.051686857353513534,0.009950248756218905,-0.10943047499538783,0.031615230165778045,0.051611326055769055,0.7373752628124912,0.2740823630308007,-0.08526088394764841,-0.11186486833908536,-0.0545370448072421,0.009950248756218905,-0.08508199959820706,0.16293898566988202,0.26096598368200163,0.6661457770047633,0.5209696106410872,0.7843290538233121,0.6931386665498904,10.049135577797998,0.6505066722734635,0.4231589306722952,-1.2083712465878071,-27.93386141558591,25.517118922410297,0.9324650099410091,0.9126551370151141,0.9503177140766143,0.6009460219816944,0.6375838926174496,0.9653489507076622,0.572289156626506,0.9734251968503937,0.6031746031746031,6.661227788247831e-81,0.7184145985894902,0.4633747470126455,-0.41426824530869644,-2.0795005558944952,1.2509640652771026,0.7366209501597121,0.7081034483033812,0.7694895461068628,0.31181478469957336,0.1652892561983471,0.9826175869120655,0.5405405405405406,0.9048964218455744,0.25316455696202533,-0.9254129697064655,0.8131999056210485,20.228432115220496,0.07458703029353451,0.027502007359048987,-0.7577268822926377,0.6273787816602335,39.97031468883949,0.24227311770736226,0.1468496435263091,,,,30.09937340202999,8.057603838900961,1.0,0.0,0.0,0.707257091999054,0.07203403860330582,0.00194238497711574,0.5426459312438965,0.07280885428190231,-0.0009568767951514597,0.8987099528312683,0.037296704947948456,-0.0009796653156458762,0.837876558303833,0.03780851513147354,0.0011162581728128102,0.49537065625190735,0.07143928855657578,-0.00022838524548826248,0.7901695966720581,0.07987581938505173,-0.001654187112062698,0.7681654691696167,0.11933143436908722,0.000691183651401707,0.7388696670532227,0.1263275295495987,0.0017417018621220717,-0.5009872786888845,0.5044706824131286,0.779014527797699,0.10938776284456253,-4.40444115876702e-05,0.8030655980110168,0.09864013642072678,-0.0020250179688327216,0.7793959379196167,0.0969545915722847,-0.0015742410756468307
conv15e_ssl_log_magnitude_real_both_gated_add_s42_l0,Wavelet / MTL / SSL,1lead_clinical_v1,2198,1904,1000,0.8204562242171614,0.36380163047474706,0.9728394262107517,0.8383216949983203,0.7458863940992021,0.7105168457862202,-0.06359968216513268,-0.07454361056756534,-0.0530168191052795,0.009950248756218905,-0.11313519175537107,0.03208820792297282,0.05263033488199117,0.7364216848358031,0.28337621871640084,-0.0797054713748433,-0.10852574107811383,-0.04854520170751607,0.009950248756218905,-0.07543330026171924,0.15860695435522162,0.25362299613794304,0.663752816364778,0.5184532038345329,0.7832583770225505,0.6895468682372504,10.070063694267516,0.6591928972677045,0.4345352758081908,-1.72975432211101,-28.11458423116239,24.65507558694037,0.9299019656011609,0.904267210521473,0.9562653945366775,0.6329356414600417,0.6912751677852349,0.9673011224987799,0.6058823529411764,0.9773175542406312,0.64576802507837,2.0839777222860606e-93,0.7156551341179612,0.46298922989661034,-0.40906284333251625,-2.0760250207599493,1.2578993340949167,0.7393271814632661,0.7073663280664586,0.7716174659071401,0.30716003651887414,0.15289256198347106,0.983640081799591,0.5362318840579711,0.9037106622827619,0.2379421221864952,-0.9280405588845811,0.8260682265198566,18.651954315006883,0.07195944111541885,0.02776203136518728,-0.7545294351305394,0.6157074073810875,41.55924521899145,0.2454705648694606,0.14498772241762178,,,,30.105599766999166,8.59059381925191,1.0,0.0,0.0,0.7081460952758789,0.0719727873802185,0.0014977511315651594,0.545465350151062,0.07240770757198334,0.0007235409533190629,0.8989834785461426,0.037361063063144684,-0.0017481660967198908,0.8384442329406738,0.03756588324904442,0.0002603836761971151,0.4950609803199768,0.07141303271055222,0.00029265885637336887,0.7885724306106567,0.07995211333036423,-0.0019922779513129036,0.7656210660934448,0.1195414736866951,-0.0016878020864318007,0.7381683588027954,0.12607380747795105,0.00032126552455405877,-0.4999490425634046,0.5005915736125127,0.7792699337005615,0.10947978496551514,-0.0027733188919143326,0.8012644052505493,0.09864578396081924,-0.0021832748631783797,0.7793659567832947,0.09696153551340103,-0.0026904758767851275
conv15e_ssl_log_magnitude_phase_sin_local_gated_add_s42_l0,Wavelet / MTL / SSL,1lead_clinical_v1,2198,1904,1000,0.8198949114972117,0.3632769122076769,0.9736392298964849,0.8403488346647628,0.7371212408840832,0.71397374778438,-0.06416099488508231,-0.07604991074593406,-0.05405098733980995,0.009950248756218905,-0.11365991002244125,0.031704194035937557,0.05208808164326222,0.743489047635638,0.27558146906178327,-0.08203634071213572,-0.1043025833413549,-0.05027607301230072,0.009950248756218905,-0.08386128333514187,0.15820847412428773,0.24988079745702763,0.6643905421224716,0.5179086550484142,0.7845209051148673,0.6907420662041336,10.177434030937215,0.6460077690746454,0.41732603770480026,-1.3166515013648772,-27.81067448142316,25.177371478693406,0.9229907533876405,0.9009368756137619,0.9424406412208779,0.6247277447870693,0.6375838926174496,0.9677891654465594,0.5900621118012422,0.9734904270986745,0.6129032258064516,1.0022020159796222e-82,0.7242396896513513,0.4634410243697339,-0.43601810179644,-2.0928779401854904,1.2208417365926105,0.7449213270462575,0.712703027851177,0.7776605308447961,0.31797387915623065,0.14049586776859505,0.9846625766871165,0.53125,0.9025304592314901,0.2222222222222222,-0.9267090761396722,0.8357121840522881,17.419605293018137,0.07329092386032775,0.030836286497272283,-0.762400218875751,0.626440659889017,40.30673252448274,0.2375997811242489,0.14006011953354022,,,,28.86316890875044,9.550422355145384,1.0,0.0,0.0,0.7093181014060974,0.07189132273197174,0.0013155934069881724,0.5407795906066895,0.07263735681772232,3.679879462204537e-05,0.8990287184715271,0.03745098412036896,-0.0013975568929621978,0.8380151391029358,0.037577275186777115,0.001870448132616816,0.49723759293556213,0.07146062701940536,-0.000144179843559033,0.7894496917724609,0.0797039046883583,-0.002076005053922772,0.7669317722320557,0.11903542280197144,-0.0013525796115010397,0.7381089329719543,0.1261889934539795,0.00046734191795058606,-0.5001825548104738,0.501117238646375,0.7795202732086182,0.10918306559324265,-0.0012309340461732795,0.8023149371147156,0.09831507503986359,-0.0010033800780136302,0.779381513595581,0.09689050167798996,-0.0014728937653514364
conv15e_tf_sc16_cy8_s42_l0,Baseline / Other,1lead_clinical_v1,2198,1904,1000,0.8194048938737616,0.35724224357038037,0.9722216635282291,0.8438053964919131,0.7277486733790456,0.7114667122253886,-0.06465096742056675,-0.07659292422545219,-0.05371072900582388,0.009950248756218905,-0.11969452943802383,0.031213592945135447,0.05112150094964007,0.7403565539012994,0.2798465372863638,-0.08010652409686914,-0.10562758583617261,-0.05065714398616044,0.009950248756218905,-0.07977624670267136,0.1655679351378279,0.2667100987117738,0.6643945061907323,0.5182238357807248,0.784578690577645,0.6903809922138272,10.02638762511374,0.6577238532584043,0.4326006671450827,-1.0236578707916288,-27.281247425187363,25.23393168360411,0.932661537302531,0.9088153614910542,0.953799857180357,0.6321608222426753,0.6912751677852349,0.9643728648121035,0.5852272727272727,0.9772502472799208,0.6338461538461538,4.0452460549331696e-91,0.7189910637182577,0.45843754670555764,-0.38976604540961995,-2.0771900657195013,1.2976579749002612,0.7427580320776082,0.7118982845300699,0.7771783509083213,0.3185383058905239,0.15702479338842976,0.9800613496932515,0.4935064935064935,0.9038189533239038,0.23824451410658307,-0.9311998796806633,0.8042415883315753,21.58001602864161,0.06880012031933673,0.02193444709554948,-0.7537351298730954,0.6068517669401481,42.870011488870205,0.2462648701269045,0.14146576397487504,,,,32.22501375875591,9.643662807882368,1.0,0.0,0.0,0.7087535262107849,0.07176920771598816,0.0006512038577929403,0.5493166446685791,0.07245578616857529,-0.001388887392390533,0.899570643901825,0.03725023940205574,-0.0015824525579024378,0.8394020199775696,0.03742258995771408,0.0003105253447308214,0.4996196925640106,0.07131309807300568,-0.0004334087869591791,0.7895206809043884,0.0800452008843422,-0.0008504953547816901,0.7659183740615845,0.11948184669017792,-9.034876151294892e-06,0.7365713715553284,0.12603110074996948,0.0010275248519144543,-0.5008862064831678,0.5029412561869968,0.7797004580497742,0.10935908555984497,-0.0007381230317496937,0.8033150434494019,0.09844338893890381,-0.001021769762154141,0.7799633741378784,0.09695236384868622,-0.00217048922164886
conv15e_C3_width512_s42_l0,Kill-Gate Ablation Suite (Round 1),1lead_clinical_v1,2198,1904,1000,0.8190919794564552,0.3679852276576005,0.9714231773414589,0.8433979892869249,0.7431161973244074,0.7037871564419168,-0.06496388183787316,-0.075968540779976,-0.05394018678700211,0.009950248756218905,-0.1089515453508037,0.031613521945977094,0.05196601559392166,0.739532266254367,0.2852067369678806,-0.08190587528157378,-0.1120376088140543,-0.04957502954084045,0.009950248756218905,-0.07452131224687142,0.17405851876104547,0.28019211069843736,0.6672945769425489,0.5180786378658885,0.7880192454781167,0.6957858474836417,9.80891719745223,0.6576711676184446,0.43253136471660836,-0.4913557779799818,-26.759084324133514,25.776372768173548,0.9297070759676516,0.9089904015069596,0.9522385334140521,0.6224857421739214,0.6845637583892618,0.9663250366032211,0.5964912280701754,0.9768130241736557,0.6375,3.225588506475918e-91,0.6741945286221239,0.488049581783265,-0.391003225517338,-1.9881162309604425,1.2061097799257663,0.7608333755851882,0.7288796573840504,0.7906131280404561,0.33678389097569883,0.1322314049586777,0.9856850715746421,0.5333333333333333,0.90177736202058,0.2119205298013245,-0.9328104234799987,0.8544078405816707,15.27865956615339,0.06718957783736491,0.029547356294007492,-0.777579245037643,0.6863823921492457,32.57345403505179,0.22242075637352013,0.1518751713070854,17.1423216283643,-0.9213886167170683,0.8370702149077749,23.926056800602588,8.837802542888124,1.0,0.0,0.0,0.7182037234306335,0.07025564461946487,0.003064784271951054,0.5822445154190063,0.07051966339349747,-0.0011732781217621813,0.9012506008148193,0.036428213119506836,-0.0005652796813924826,0.8469504714012146,0.03668266162276268,0.0013026305990368736,0.5179919600486755,0.06973157078027725,-4.17374404454114e-06,0.7897115349769592,0.07952763885259628,-0.0012705722005069292,0.7668322920799255,0.11879857629537582,-0.0004293516510777996,0.7397388219833374,0.12470926344394684,0.0004844868690346242,-0.49495407478593967,0.4959230485240089,0.7814894318580627,0.10795419663190842,-0.0005680932755429436,0.8038589358329773,0.0973033532500267,-0.0007663881347365489,0.7805562019348145,0.096027672290802,-0.000739280187510251
conv15e_C1_enc4_s42_l0,Kill-Gate Ablation Suite (Round 1),1lead_clinical_v1,2198,1904,1000,0.8189458960133494,0.36943031013605077,0.973113830943953,0.8425079591950627,0.7203158266537646,0.7184858059882595,-0.0651099652809789,-0.07769269416134787,-0.054672179148405504,0.009950248756218905,-0.10750646287235344,0.031472572508395164,0.05164727603893528,0.746296780838026,0.27167894526069264,-0.07186405488249159,-0.09936101742141365,-0.04395543995027996,0.009950248756218905,-0.08696040756518189,0.16759016561013726,0.26909238973911853,0.6675755913593058,0.5217264974419591,0.7870935806643934,0.6939066959715653,9.882620564149226,0.6476836912229891,0.4194941638762363,-1.0855323020928116,-27.248962300332856,25.077897696147232,0.9303801821808642,0.9095942524783552,0.9490693575656977,0.6023104891266641,0.6442953020134228,0.9653489507076622,0.5748502994011976,0.9739044805514525,0.6075949367088608,3.0776123286491013e-82,0.7168875047301465,0.44554881728332196,-0.4047022631918983,-2.0807704544745715,1.2713659280907752,0.7303740134191892,0.698941716687187,0.7608551025571466,0.2957971387844686,0.14049586776859505,0.9821063394683026,0.4927536231884058,0.9023015500234852,0.21864951768488747,-0.9310465774070479,0.8364358830745029,17.426570930524214,0.06895342584201059,0.02728348174556252,-0.7697583892733509,0.642636921707688,38.250924499156234,0.23024160731694274,0.1385880100244477,19.20309368879459,-0.911194744092865,0.8184731391093968,27.838747714840224,10.26408731717367,1.0,0.0,0.0,0.7104461789131165,0.07155214250087738,0.0006242019365732234,0.551677405834198,0.07255108654499054,-0.0023125962230752693,0.8990186452865601,0.03712661191821098,-0.0009321313490154666,0.8392069339752197,0.03764374554157257,0.001625660907903513,0.5020129680633545,0.07125528156757355,-0.002024477062273586,0.7901753187179565,0.07972599565982819,-0.0017806304534718673,0.7666719555854797,0.1189587414264679,-0.0011096715676723772,0.740037202835083,0.12539000809192657,-0.0006232060854602485,-0.4976863876404772,0.4964399754695567,0.778952419757843,0.10914618521928787,-0.0014976461561456687,0.8035200834274292,0.09850449115037918,-0.0017006164505608764,0.779170572757721,0.09665898978710175,-0.0017645537098466557
conv15e_A0_raw_s42_l0,Baseline / Other,1lead_clinical_v1,2198,1904,1000,0.8187316416285921,0.3658573035126063,0.9743702575722631,0.8389125789188207,0.73337530444356,0.7120696439879115,-0.0653242196657362,-0.07718160798703032,-0.05503920270817,0.009950248756218905,-0.11107946949579789,0.03200938829401425,0.052212822164828095,0.734833027462582,0.27613207195038086,-0.08704851418072357,-0.11340511709921931,-0.056606670531998624,0.009950248756218905,-0.08318214595463502,0.16352872765933388,0.2601784294195628,0.6665619206556349,0.5185749260112817,0.7875465434671888,0.693564292488434,9.924476797088262,0.6526647134879164,0.42597122823226347,-1.5332120109190173,-27.535990005169335,24.469565983331304,0.9314872863174376,0.9026723278465285,0.9488991852180082,0.6437234203942396,0.6577181208053692,0.9682772083943387,0.6012269938650306,0.9749385749385749,0.6282051282051282,3.455265768938161e-87,0.6978118281753851,0.4601327418347438,-0.35820608277609395,-2.0183441635247723,1.3019319979725843,0.7369822035187344,0.7026670077665653,0.7682390139342055,0.3017609012107739,0.1446280991735537,0.9851738241308794,0.546875,0.9029990627928772,0.22875816993464052,-0.9134585800096525,0.7987379292391893,21.773909937135357,0.08654141999034747,0.03439629277632973,-0.7548842150604023,0.6227562249028227,40.527690440902454,0.24511578493959774,0.14824861662878372,,,,31.150800189018906,8.52818444039148,1.0,0.0,0.0,0.709757387638092,0.07156066596508026,0.0009613252475392254,0.5490995049476624,0.07253355532884598,-0.001132058432107217,0.8985545635223389,0.03747221827507019,-0.0014050352642339297,0.8384294509887695,0.03783967345952988,0.0004713283052066989,0.4986301362514496,0.0712168887257576,0.0001725275908650949,0.788419246673584,0.079948291182518,-0.0023865020520047516,0.7644296288490295,0.11939355731010437,0.00015340117831409998,0.7377156019210815,0.12594039738178253,0.0008489190492288959,-0.4997555878011818,0.5014534258996396,0.7790144681930542,0.10944724828004837,-0.0014472527227130565,0.8024467825889587,0.09850085526704788,-0.00267191594692757,0.7789484858512878,0.09680237621068954,-0.0014198599585408729
conv15e_R5_morlet_mag_ueg_phase_wyatt_s42_l0,Wavelet / MTL / SSL,1lead_clinical_v1,2198,1904,1000,0.8179700135290018,0.3681197453459124,0.9728209958918957,0.8402172428768848,0.7226308667011596,0.7164376338082699,-0.06608589285329225,-0.07896150486479143,-0.05506633029577986,0.009950248756218905,-0.10881707688420572,0.031760818409410856,0.05198878158532604,0.7441120998848857,0.2813845786071655,-0.0730316757495234,-0.09953756224806705,-0.048474132192744726,0.009950248756218905,-0.07787782223998946,0.15490953072273766,0.2455302907616521,0.6629370628401355,0.5119899042133246,0.7841316547909941,0.6926896295160881,9.959053685168335,0.6402826036619296,0.40996181255209957,-1.7024567788898999,-28.22628759461304,24.82137403683324,0.9206782814337326,0.8964650259282639,0.9379616707015898,0.5994282352230722,0.6442953020134228,0.969741337237677,0.6075949367088608,0.9740196078431372,0.6254071661237784,1.296422868266107e-85,0.720766427491989,0.4579066606152376,-0.43770612986441415,-2.094246801535699,1.2188345418068707,0.7342759722151803,0.7016737676909838,0.7645839707197566,0.31078830650324685,0.1487603305785124,0.9856850715746421,0.5625,0.9034676663542643,0.23529411764705882,-0.9308391591318763,0.8442556980188954,16.462395272560084,0.06916084086812371,0.029055442925156678,-0.7671411123150527,0.6477987460843028,37.41874038781627,0.23285888768494728,0.14490936381577624,,,,26.94056783018818,9.294961765173074,1.0,0.0,0.0,0.7085534334182739,0.07195749878883362,0.0008947975916234194,0.539088249206543,0.072684146463871,-0.00011157209882712797,0.899132490158081,0.03739737346768379,-0.002661962412451555,0.8384305238723755,0.03781285509467125,0.002602979987766773,0.49827447533607483,0.07143288850784302,-0.00041385834083883125,0.7892956733703613,0.07969485968351364,-0.0022296091723073034,0.7654940485954285,0.1192077100276947,0.00019161780879484272,0.7383965253829956,0.12590277194976807,0.00016323268480676202,-0.4992735458543902,0.49960001122400377,0.7790684103965759,0.1093597337603569,-0.0012934087143014858,0.803227424621582,0.09822870790958405,-0.0018383458862684383,0.7794389128684998,0.09670218080282211,-0.003732753422298005
conv15e_R7_morlet_mag_ueg_real_s42_l0,Wavelet / MTL / SSL,1lead_clinical_v1,2198,1904,1000,0.8179398744786828,0.3624997078832735,0.9718968702436154,0.8398635200780196,0.7458197878414823,0.7083177353988347,-0.06611603190361126,-0.07867904428295447,-0.05450040753587801,0.009950248756218905,-0.11443711434684462,0.03126472547675641,0.051154824212599335,0.7462005259832452,0.28275526988798494,-0.07195228849937407,-0.09351637761478912,-0.044775508206763376,0.009950248756218905,-0.07712466156584152,0.15201306584917842,0.2405653397144439,0.6638473660617624,0.5164613119534669,0.7839090763508069,0.6911717098810132,10.13466787989081,0.6460818375910481,0.41742174086502515,-1.710646041856233,-28.17793802802043,24.756645944307966,0.9295023599660663,0.9065351043845326,0.9491412596062135,0.6094050706425622,0.6241610738255033,0.9648609077598829,0.5636363636363636,0.9724545007378259,0.5923566878980892,6.507953688149284e-78,0.7313015646181723,0.44883085280031887,-0.4288708707817692,-2.1115377385663616,1.2537959970028232,0.7339147188561579,0.7016404799589838,0.7671506025475852,0.29289330455470547,0.1446280991735537,0.983640081799591,0.5223880597014925,0.9028625058657908,0.22653721682847897,-0.9161268312421438,0.7989976545676508,21.817291401814728,0.08387316875785623,0.032243732511323904,-0.7649027894586765,0.6146824487602573,42.2029435244968,0.23509721054132351,0.13096409079930882,,,,32.010117463155765,8.750676354026243,1.0,0.0,0.0,0.7095324993133545,0.07176639139652252,0.00014783934703900336,0.5445183515548706,0.07240057736635208,-0.0006080894835724653,0.8993510007858276,0.037195540964603424,1.771745116690279e-05,0.8389920592308044,0.037486378103494644,-0.0004080672230961805,0.4962465763092041,0.07137710601091385,-0.0001628053416019823,0.7897740602493286,0.07987465709447861,-0.0012936650450427476,0.7665649652481079,0.11937244981527328,0.00018647196157344694,0.7396366596221924,0.12604615092277527,0.0016049724885346822,-0.497582541509371,0.5007924864864404,0.7806729674339294,0.10940925031900406,-0.0013529703359634988,0.8027618527412415,0.09870929270982742,-0.0019997726201607907,0.7805660963058472,0.09685954451560974,-0.0027396704914044163
conv15e_del_wave_ce_s42_l0,Wavelet / MTL / SSL,1lead_clinical_v1,2198,1904,1000,0.8179043190514652,0.3597515086565555,0.972733890031274,0.8368716953386927,0.7307226632990459,0.7115088220508977,-0.06615158733082882,-0.07852643095301146,-0.0555276030622394,0.009950248756218905,-0.11718531357356265,0.031228914122760156,0.05155300226072216,0.7372962881538515,0.2749762376613377,-0.08316226870070043,-0.10737710550953336,-0.05374490961143272,0.009950248756218905,-0.08416249605709325,0.1656334457937119,0.26390010595841645,0.6630335978178672,0.5124240070348747,0.7866307229996005,0.6900460634191266,9.757961783439491,0.654557815927917,0.42844593439232437,-1.0609645131938126,-26.81294362790788,24.691014601520255,0.9254309681265375,0.9018021812286128,0.9456921004931403,0.6262758561633505,0.6577181208053692,0.9716935090287946,0.6282051282051282,0.975024485798237,0.6426229508196721,5.385421868169451e-90,0.7313076825820933,0.45017220463058266,-0.4502654807528547,-2.121160433620909,1.2206294721151996,0.7348696107759132,0.7047194865781177,0.7659897097910299,0.30551804918853964,0.1446280991735537,0.9867075664621677,0.5737704918032787,0.9031352363125877,0.23102310231023102,-0.9347139341957779,0.8434946090289276,16.637026170525704,0.06528606580422211,0.025619185752090587,-0.7681000573855422,0.6375274467262018,38.92152554763597,0.23189994261445776,0.1381692466804358,,,,27.77927585908084,9.86650911312356,1.0,0.0,0.0,0.7064129114151001,0.07205115258693695,0.0008073549143062488,0.5456180572509766,0.07253337651491165,-0.0009188595395934624,0.8983898758888245,0.037350691854953766,-0.001003469569006457,0.8387245535850525,0.037346772849559784,0.00045852625345865186,0.4949834644794464,0.07151554524898529,-0.00035989030860839033,0.7893412709236145,0.07986949384212494,-0.0022203964740425525,0.7666916847229004,0.11914942413568497,-0.0021756729370687013,0.7378290891647339,0.1262480616569519,0.00033534180754769155,-0.5024344594180977,0.5031051430331931,0.7795016765594482,0.10943754762411118,-0.001659156274501185,0.8037967085838318,0.0985870361328125,-0.0004946591537071737,0.7797389626502991,0.09702039510011673,-0.0018799768940380814
conv15e_C4_minimal_s42_l0,Kill-Gate Ablation Suite (Round 1),1lead_clinical_v1,2198,1904,1000,0.817214166722244,0.3574721070433574,0.9684796127371132,0.837102960962523,0.7487546771008236,0.7020222470659823,-0.06684169457208433,-0.07765615590150393,-0.05806565848862069,0.009950248756218905,-0.11946466596504679,0.02987340156750466,0.050471285984362464,0.7422436648215401,0.2754723812376088,-0.0792534259269958,-0.10833199482770531,-0.04932079143494793,0.009950248756218905,-0.08379469590505856,0.17182976588010726,0.27632421963661913,0.6568994775833542,0.5056467472858159,0.7821477197990631,0.6829039656651836,9.617834394904458,0.6466271964227958,0.41812673115360416,-1.6032757051865332,-27.035504137314277,23.82895272694121,0.9085148754835393,0.8769756284630321,0.9317400500884737,0.5965413279004421,0.6308724832214765,0.9741337237676916,0.6394557823129252,0.9731838127742565,0.6351351351351351,1.4520750563923216e-86,0.680850938626915,0.49021022643783985,-0.41040965011707753,-1.9986442954311139,1.1778249951969588,0.7557568152241882,0.7287054053332357,0.7871684941511364,0.32747615181923134,0.11570247933884298,0.9897750511247444,0.5833333333333334,0.9004651162790698,0.19310344827586207,-0.9424777582093491,0.8673004695987677,13.92158725608598,0.05752224035627945,0.023767463542617974,-0.7788675669664215,0.6957179258486195,31.42198067022182,0.2211324371868774,0.15562212402980752,15.89519168903559,-0.9232547360983967,0.8477693126645802,22.6717839631539,8.200727838875258,1.0,0.0,0.0,0.7118504643440247,0.07107491046190262,0.0007687470903926174,0.5833975076675415,0.07072993367910385,-0.0041069503559109195,0.8972339034080505,0.037298597395420074,-0.0008905905746785814,0.8462055325508118,0.03711629658937454,0.00045640517075464665,0.5150034427642822,0.06993413716554642,-0.001272855937210548,0.7853185534477234,0.08012757450342178,-0.0011090080415053433,0.7599283456802368,0.1201523020863533,-0.0011228152304563605,0.7314310669898987,0.12655778229236603,-0.0021891957591734807,-0.5035790336086415,0.4992006420902945,0.7726388573646545,0.10941360145807266,-0.0022618248202254656,0.8003431558609009,0.09814469516277313,-0.0017243385714485538,0.7778540849685669,0.09648241102695465,-0.0020379573933894746
conv15e_K5_adaptive_s42_l0,Kill-Gate Ablation Suite (Round 1),1lead_clinical_v1,2198,1904,1000,0.8165304512511173,0.3588981098677079,0.9703925873555369,0.838927081059588,0.7237140882567706,0.7120594095821202,-0.067525410043211,-0.07922335817531587,-0.05534524328997986,0.009950248756218905,-0.11803866314069628,0.03241392565540247,0.05255146184164306,0.7404516719066389,0.27774271249518845,-0.07997758242497399,-0.10757910005707824,-0.04912608626406762,0.009950248756218905,-0.08171776576307033,0.16739582004637363,0.27067854094140537,0.6680151713997529,0.5178377650690109,0.7896154651505519,0.6965922839796956,9.936305732484076,0.6466407674723996,0.41814428215729343,-1.4722474977252047,-27.845156852080258,24.900661856629846,0.9266707282321381,0.9042824454316963,0.9502792894481434,0.627551481133127,0.6577181208053692,0.9668130795510005,0.5903614457831325,0.9749015748031497,0.6222222222222222,4.786966366986602e-86,0.6883157166136298,0.4721482145061984,-0.35678936991233845,-1.9939640709275341,1.280385331102857,0.7465374604945156,0.7157003934427689,0.7788705644419236,0.32232527061863747,0.1487603305785124,0.9841513292433538,0.5373134328358209,0.9033317691224777,0.23300970873786409,-0.9229507109843056,0.8142499399144905,20.026139487874133,0.0770492867917377,0.02964421791543132,-0.7575030084975282,0.6380304568630915,38.43410274525924,0.24249699248270862,0.15300159668608795,22.41241822757093,-0.9072230177009898,0.7924872204112412,29.230121116566686,7.985120995483758,1.0,0.0,0.0,0.7080864310264587,0.07176149636507034,0.0011730405907792005,0.5399532318115234,0.07235680520534515,-0.0006816289222226012,0.8980351090431213,0.03723100200295448,0.00025997105440152436,0.8364563584327698,0.03751267120242119,0.0002429881059937382,0.49622198939323425,0.07141248136758804,6.111615056912728e-05,0.7894451022148132,0.07939694821834564,-0.00018707242027419906,0.767300546169281,0.11855361610651016,-0.0005620831512918753,0.7406019568443298,0.1247246190905571,0.0005052414002482395,-0.495471204620894,0.4964816874213904,0.7800768613815308,0.10864343494176865,-0.001225154083678947,0.8039148449897766,0.09786336123943329,-0.0012936598970617423,0.7795872092247009,0.09647691994905472,-0.0019247584747942128
conv15e_C2_dec2_s42_l0,Kill-Gate Ablation Suite (Round 1),1lead_clinical_v1,2198,1904,1000,0.8164719983714901,0.356578051968128,0.9727100345754464,0.8397995916301779,0.7262913014079349,0.7104378396150381,-0.06758386292283824,-0.07854933677661004,-0.05819548061017527,0.009950248756218905,-0.12035872104027623,0.0302132873920094,0.05045667962994293,0.7420171304423558,0.27245293600791115,-0.0773735740912147,-0.10089228382355443,-0.04911577623812301,0.009950248756218905,-0.08659518573356884,0.1679617198484952,0.2720078871814379,0.6621274905820298,0.5116615835707259,0.7863163178077298,0.6884045703676335,9.853503184713375,0.6490625872635105,0.42128224218520033,-1.9990900818926296,-27.890774177939814,23.892594014154557,0.9190683947972657,0.895653397887453,0.9443598937425216,0.629032316008383,0.6577181208053692,0.9702293801854563,0.6163522012578616,0.9749877390877881,0.6363636363636364,9.124792144856623e-89,0.7216201097288384,0.4372441582606903,-0.4166997723464428,-2.0974809919404485,1.264081447247563,0.7332534773276548,0.7082947917752842,0.7630672247459114,0.2909717079452662,0.1322314049586777,0.9877300613496932,0.5714285714285714,0.9019607843137255,0.21476510067114093,-0.9424314866615133,0.8508308036585263,15.903095060375726,0.05756851618122053,0.020839553735210545,-0.7889628088932934,0.6703472266391848,35.064138170245364,0.21103718991454565,0.12701494383671116,18.039185740669332,-0.9266941282855672,0.8307008411451053,25.483616615310545,10.845410058688373,1.0,0.0,0.0,0.7073582410812378,0.07227922976016998,0.0009794312718061351,0.5496797561645508,0.07297578454017639,1.5245347896478555e-05,0.8963938355445862,0.038062237203121185,0.0006207856056469525,0.8362646102905273,0.0380685031414032,0.0008105222976685021,0.49524441361427307,0.07193812727928162,0.0011902235828403428,0.7854548096656799,0.08059345185756683,-0.00017158302282165833,0.760403573513031,0.12116467207670212,-0.0008502536704137033,0.734274685382843,0.12768034636974335,0.001700423091427012,-0.502808388039191,0.5062092342220451,0.7751145958900452,0.1104525551199913,-0.001226922961380401,0.7992595434188843,0.09933716058731079,-0.0010829075991267915,0.7765386700630188,0.09732291847467422,-0.0010594333503237447
conv15e_tf_sc16_cy4_s42_l0,Baseline / Other,1lead_clinical_v1,2198,1904,1000,0.8160679851111234,0.3622624745972486,0.973469956991789,0.8366351318357635,0.731706923025794,0.7080248988044188,-0.0679878761832049,-0.0802319774099286,-0.0567110867511418,0.009950248756218905,-0.11467429841115562,0.03182537947209723,0.05185936997537785,0.7407978736561813,0.27177163554990336,-0.08087098566424589,-0.10652661796291754,-0.05158025452537344,0.009950248756218905,-0.0871433868032562,0.16252028551403072,0.2579225198886513,0.6651728716255798,0.5167032827988556,0.7865383631868533,0.6922769688910303,9.80891719745223,0.6628185045726782,0.4393283700039613,-0.6787989080982711,-26.8030796436943,25.445481827497755,0.9282593244044401,0.9062475413951188,0.9511759347487418,0.6394338611856711,0.6845637583892618,0.9663250366032211,0.5964912280701754,0.9768130241736557,0.6375,3.225588506475918e-91,0.7053945359720546,0.47058241526318784,-0.3828223207872276,-2.035836118070299,1.270191476495844,0.7443826158968379,0.7082448299003986,0.7750907015319897,0.3224442774153754,0.17355371900826447,0.9810838445807771,0.5316455696202531,0.9056158565361019,0.2616822429906542,-0.922140118736559,0.8142217168261162,20.00819810849244,0.07785988126344104,0.030298387808329923,-0.757649406768155,0.6346531985800772,38.91835476332198,0.2423505932318451,0.1509154423472426,,,,29.46327643590721,9.182579423499106,1.0,0.0,0.0,0.7090873718261719,0.07173182815313339,0.0016137389381766167,0.5439238548278809,0.07252693176269531,-0.0015088884220177813,0.8992002606391907,0.03728293254971504,-0.0034243124432491233,0.8392012715339661,0.03764556348323822,0.0007120795155187687,0.49941176176071167,0.0712975487112999,-0.0009808179148338369,0.7897650599479675,0.07984422892332077,-0.0015397543282976314,0.7670512795448303,0.11901336163282394,0.00015665108366604035,0.7391649484634399,0.1256013661623001,0.0001868572323855679,-0.5000833671389969,0.500457081603768,0.7803874611854553,0.10935014486312866,-0.0011599977049399437,0.8032110929489136,0.09845048934221268,-0.0022026850041302407,0.779778242111206,0.09667953848838806,-0.0028987139841703657
conv15e_K3_nodel_s42_l0,Kill-Gate Ablation Suite (Round 1),1lead_clinical_v1,2198,1904,1000,0.8159139331100431,0.3434539540200801,0.9663201039958521,0.8366720998642455,0.7279186567993556,0.7243997185879082,-0.06814192818428522,-0.07846263199319244,-0.0593046891910501,0.009950248756218905,-0.1334828189883241,0.030397941502295626,0.05435974247946335,0.7487227400340412,0.2719525793009808,-0.07172776730284458,-0.09634382422518689,-0.04321994880989394,0.009950248756218905,-0.08697713890259867,0.21204590323360306,0.3399434694477823,0.5935954552679282,0.410004640269393,0.7420082420991853,0.6287734834352062,10.150136487716106,0.5929222698911697,0.3515568181328959,-1.7479526842584168,-28.55894336202315,25.06303799350632,0.882399664593303,0.8425812241802332,0.9128607594686999,0.5596305787565415,0.5704697986577181,0.9712054660810151,0.5902777777777778,0.9688412852969815,0.5802047781569966,3.0374320124234853e-72,0.7563190838632202,0.42586304588776364,-0.45037695110603504,-2.174431925335411,1.2736780231233413,0.7226778380570907,0.6989268976206375,0.7575388029762133,0.28240513426625496,0.13636363636363635,0.9856850715746421,0.5409836065573771,0.9021993448759944,0.21782178217821782,-0.9486336840344965,0.8441706831269175,16.875623174845263,0.051366316242630675,0.01563496934480358,-0.7707340850794138,0.6221957653389936,41.32651652610669,0.22926591461634635,0.12718918909483995,19.176651842381414,-0.9349202066050946,0.8233516296880359,29.101069850475973,10.792278619693935,1.0,0.0,0.0,0.696039617061615,0.07399562001228333,-0.00010059607355045896,0.5058028101921082,0.07512477040290833,-0.000987329073945095,0.8927502632141113,0.03860890865325928,-0.0030241196257882416,0.8282361626625061,0.038757435977458954,0.0007957703612537948,0.45875149965286255,0.07394428551197052,-0.0019597824662099246,0.7699373364448547,0.08364620059728622,-0.001517852462819727,0.7258020639419556,0.13151133060455322,-0.0012582818575820394,0.7009367346763611,0.13591909408569336,-0.001712708121924552,-0.5230970409041008,0.5196716246602516,0.7596436142921448,0.11448171734809875,-0.0033676385285238137,0.7926778793334961,0.10119856894016266,-0.0024140605985678407,0.7728193998336792,0.09846905618906021,-0.0033448119641265816
conv15e_Z1_zscore_s42_l0,Kill-Gate Ablation Suite (Round 1),1lead_clinical_v1,2198,1904,1000,0.8156002905352979,0.3614040619356381,0.9708110533576025,0.8360867515664268,0.7145754749819753,0.7132076430551789,-0.06845557075903042,-0.08129163681936456,-0.058212937404198084,0.009950248756218905,-0.11553271107276608,0.032147060189706145,0.05308055633730834,0.739780366654232,0.2755862422224393,-0.08230470242004095,-0.1067895866626014,-0.051151242887491635,0.009950248756218905,-0.08374518589049312,0.16396780680779396,0.2599296992493328,0.6590835184714015,0.5028444076971397,0.7831757671862571,0.6912303805308074,10.048225659690628,0.6385898383162947,0.4077969816008311,-1.1492265696087351,-28.319789851856328,26.021336712638856,0.9197496896505415,0.8946500553236466,0.9409402890479647,0.5843791529472824,0.6577181208053692,0.9648609077598829,0.5764705882352941,0.9748520710059172,0.6144200626959248,1.4130898651725305e-84,0.695615273941854,0.4670301006141812,-0.42760737363699897,-2.050762185138214,1.1955474378642157,0.7410616201051226,0.7070327593961856,0.7760514326740753,0.3239221029775352,0.1115702479338843,0.9928425357873211,0.6585365853658537,0.9003245248029671,0.19081272084805653,-0.9381166353063115,0.8527922394520036,15.574472579802128,0.061883365739252384,0.024588640549740585,-0.7835178404848527,0.6771513980162147,33.95565418807453,0.21648215909569343,0.13801684404044784,17.581026423129938,-0.9226091101331471,0.8336766195360228,24.76506338393833,7.260906203704993,1.0,0.0,0.0,0.703170895576477,0.07204047590494156,0.00034851429654001907,0.5359749794006348,0.07222601026296616,0.0006329704462528609,0.8973276615142822,0.03726394101977348,0.002317373380761034,0.8352435231208801,0.03743380308151245,0.0005861340566836996,0.4867062270641327,0.07168328762054443,7.050781635843511e-05,0.7879296541213989,0.07970209419727325,-2.4909615669207783e-06,0.7659483551979065,0.11953074485063553,0.00014604825348709906,0.7379139065742493,0.125701904296875,0.0007912643481952255,-0.4998210728884178,0.5014036015848082,0.7775031328201294,0.10851442813873291,4.966397419943899e-05,0.8019079566001892,0.09798426181077957,0.0010158066138090014,0.7778668403625488,0.0966828316450119,0.0002567734504678253
spatial_1lead_c1_panorama_hybrid_1110000_s42_l0,Spatial Frontal (1110000),1lead_clinical_v1,2198,1904,1000,0.8140860384333173,0.3491348686757071,0.9642961818269259,0.8412999621354085,0.7336941019066403,0.7158581998269026,-0.06996986794897675,-0.08021982619010481,-0.05961958111281236,0.009950248756218905,-0.12780195355441104,0.029910450275326267,0.054763615675155725,0.7321289082010263,0.2688047978735084,-0.08902628816647484,-0.12345926416702785,-0.052507155694062335,0.009950248756218905,-0.08962621618041786,0.1923028137935641,0.31055613362230367,0.5890183530282093,0.39617569734048413,0.7427859482987585,0.6280934134453853,10.224749772520473,0.5673344711851033,0.3218684021948814,-2.281164695177434,-29.087650839741794,24.525321449386926,0.8636951729604555,0.8327734159901229,0.903395857587365,0.5312943134839206,0.4697986577181208,0.9795021961932651,0.625,0.9621284755512943,0.5363984674329502,3.566032672800638e-60,0.8063518133241551,0.41852178367017595,-0.5580869749310453,-2.2917624985225844,1.1755885486604936,0.7254094204735588,0.7007139533487814,0.7540536860495027,0.2924402834906237,0.12396694214876033,0.9882413087934561,0.5660377358490566,0.9011655011655012,0.2033898305084746,-0.949680575804829,0.8516110140878026,15.968245062251455,0.05031942419517098,0.01585674886855204,-0.7857807693931972,0.6379889666586068,39.62473886647449,0.21421923060680284,0.11581118477873831,,,,27.79649196436297,13.500085905135265,1.0,0.0,0.0,0.6810939908027649,0.07561258971691132,-0.0014101062710042806,0.4795389473438263,0.07721004635095596,-0.0007915788976527306,0.8878415822982788,0.039237700402736664,-0.0004573456145125842,0.8193544745445251,0.03966769948601723,-0.0016819668728318418,0.4295538663864136,0.07542197406291962,-0.0001832173378785999,0.7601853013038635,0.08523230254650116,-0.0029097988970261624,0.7057577967643738,0.13570405542850494,-0.0035760382318564517,0.6796575784683228,0.1403181254863739,-0.0027017696386576863,-0.5356506439096502,0.5302471046323349,0.7420117855072021,0.11812518537044525,-0.004409298861588564,0.7812462449073792,0.10414916276931763,-0.00382973502340076,0.7617656588554382,0.10042951256036758,-0.002724589100037224
spatial_1lead_t000_exact_theta_1110000_s42_l0,Spatial Frontal (1110000),1lead_clinical_v1,2198,1904,1000,0.8131301049033455,0.3519907238699899,0.9639880829861434,0.8376560920112978,0.737891428276495,0.7110735180948865,-0.07092580147894856,-0.08305882269876518,-0.060500499088246534,0.009950248756218905,-0.12494609836012821,0.03016886199838222,0.05498859632387513,0.7355483497933442,0.2709672621068086,-0.08685205388119888,-0.12062864665994566,-0.049711020917746034,0.009950248756218905,-0.08777851233935824,0.18326192819731213,0.29479941020937017,0.5923092703354889,0.40505564852809006,0.7425236801720827,0.6293484823062937,10.252047315741583,0.5699494023238264,0.3248423212092863,-2.910828025477707,-29.947184000298957,24.125527949343546,0.8638392930255715,0.8234012733596178,0.9014680926403201,0.5392213621648144,0.4899328859060403,0.9785261102977062,0.6239316239316239,0.9634790965881788,0.5488721804511278,4.931142378022715e-63,0.7949242989131816,0.41978874088617396,-0.5246583831049942,-2.262446245848844,1.2131294796388554,0.7241080633439809,0.7021689283216533,0.7529700247999012,0.2915557196118594,0.1322314049586777,0.9856850715746421,0.5333333333333333,0.90177736202058,0.2119205298013245,-0.9522602634292948,0.8570849973431706,15.348376923399144,0.04773973657070519,0.014849013434427242,-0.7873044694114966,0.6423224079586162,39.04022765332236,0.2126955305885034,0.11587890789875911,,,,27.194302288360753,13.254989454568527,1.0,0.0,0.0,0.6829562783241272,0.075511135160923,-0.0016909635511776562,0.48322615027427673,0.07739856094121933,-0.002408281102052391,0.8890666365623474,0.03929688781499863,-0.002669945751771157,0.8209311366081238,0.039435893297195435,-0.001517721981356,0.43137064576148987,0.07533640414476395,-0.0001644619013364807,0.7612839937210083,0.08516557514667511,-0.003964527413623302,0.7052688598632812,0.13587310910224915,-0.0016362745556864546,0.6790775060653687,0.14024843275547028,-0.0023408628600625975,-0.5343435813455916,0.5296618556254663,0.7430062294006348,0.11793548613786697,-0.0033403131429208498,0.7822290062904358,0.10407928377389908,-0.0032089221561995593,0.7632663249969482,0.10029440373182297,-0.001329483550468883
spatial_1lead_pg1_permuted_geometry_1110000_s42_l0,Spatial Frontal (1110000),1lead_clinical_v1,2198,1904,1000,0.8130540305477281,0.3495297803845996,0.9638838698683984,0.8375231944365557,0.7325921352292974,0.7153062648601106,-0.07100187583456596,-0.08191072108860484,-0.061143257425912555,0.009950248756218905,-0.12740704184551854,0.030347244728836837,0.05561310932692603,0.7366587584138493,0.27001901071389,-0.08562542847739918,-0.11960488378730981,-0.05302301565866506,0.009950248756218905,-0.08861210588014143,0.17723822633464037,0.28552181815930333,0.5840185716669528,0.38645234449980576,0.7418534814059888,0.6237498890950637,10.192902638762511,0.5819549787490989,0.3386715972908632,-3.1992720655141036,-29.701910024559133,23.303365893530923,0.8720983553935296,0.8300854389659378,0.9047542437142346,0.5087869260562368,0.4966442953020134,0.9799902391410444,0.6434782608695652,0.9639942390782525,0.5606060606060606,1.5872499737723847e-65,0.8056650545593822,0.41338189647565793,-0.5739808745743255,-2.295703685704007,1.1477419365553558,0.7223102469198397,0.6979594085429559,0.7519882804071403,0.2880433577896474,0.1115702479338843,0.9897750511247444,0.574468085106383,0.900046490004649,0.18685121107266436,-0.9552228770971022,0.8585055822519768,15.239036917184848,0.044777122902897794,0.013156939434225105,-0.7938783598448876,0.6420853408306748,39.3799484994812,0.20612164015511233,0.10788771849953517,,,,27.309492708333025,14.73083616133543,1.0,0.0,0.0,0.6823238730430603,0.0756237581372261,-0.0025172020076901923,0.48414647579193115,0.0765058770775795,-0.0002698651148976334,0.888184130191803,0.039648160338401794,-0.002336818672154519,0.8208075761795044,0.039403967559337616,-0.0020577463403648535,0.4333953261375427,0.07529522478580475,3.9117400121434546e-05,0.7614938020706177,0.08513700217008591,-0.0044585369866097365,0.7060327529907227,0.13596108555793762,-0.002257593912287339,0.6787421107292175,0.14071689546108246,-0.0011245310885928028,-0.5343479737012702,0.5320989115240846,0.7416264414787292,0.11816403269767761,-0.003926918436869244,0.7808396816253662,0.10431421548128128,-0.005687467108145962,0.7625285983085632,0.10038414597511292,-0.0033191518728656606
spatial_1lead_e1_panorama_film_1110000_s42_l0,Spatial Frontal (1110000),1lead_clinical_v1,2198,1904,1000,0.8124486705824421,0.34929522936355245,0.961932475126943,0.8403452628408247,0.7286974868149347,0.7135974268805887,-0.07160723579985195,-0.08217370876091996,-0.061613391484143645,0.009950248756218905,-0.12764159286656568,0.029925060075503628,0.054969687911535656,0.7214630953876543,0.2548667937611327,-0.10013928858942045,-0.13237051595439087,-0.06786281924852393,0.009950248756218905,-0.10258037645923929,0.20517912895859194,0.331326981837706,0.6014105128022773,0.4235576789338273,0.7482609322033317,0.6324129272696732,10.202001819836214,0.5622765230488556,0.3161548883719102,-3.1665150136487714,-29.966830262136227,23.63380023483868,0.852986069485524,0.8106820865961539,0.8915127325982758,0.50263891373968,0.44966442953020136,0.9799902391410444,0.6203703703703703,0.9607655502392345,0.5214007782101168,5.892623158769055e-57,0.7753004287187353,0.4255350317021566,-0.4708958068850693,-2.2142390756557475,1.2724474618856088,0.7247502915377985,0.7025261464332424,0.7559636752373787,0.28659012084216773,0.1446280991735537,0.9800613496932515,0.47297297297297297,0.902542372881356,0.22151898734177214,-0.9448151267665805,0.8531818141026272,15.665977399749915,0.055184873233419425,0.019439388695422728,-0.7738280252075865,0.612742103076786,42.96063403838812,0.2261719747924135,0.11907123421907816,,,,29.313305719069017,15.07677869167281,1.0,0.0,0.0,0.685639500617981,0.07565201818943024,-0.005294538609474533,0.4930630922317505,0.07639846950769424,0.0017315575188828886,0.8904039263725281,0.04151518642902374,0.001450754190742517,0.8252850770950317,0.039553865790367126,-0.0009758165111643204,0.440378874540329,0.07492784410715103,-0.000544259148754924,0.7644526958465576,0.08488468080759048,0.0018663842857098009,0.714172899723053,0.13459078967571259,0.004143546126226743,0.6874364018440247,0.13889122009277344,-0.0006017418251694487,-0.5272254802410595,0.5260219965907206,0.7487056255340576,0.11756273359060287,-0.007526005303396332,0.7853042483329773,0.10411310940980911,-0.00850262929029917,0.7654532790184021,0.10058221220970154,-0.006531388399200922
spatial_1lead_pa1_panorama_author_1110000_s42_l0,Spatial Frontal (1110000),1lead_clinical_v1,2198,1904,1000,0.812412147729317,0.351530602842254,0.9630740452702709,0.8397855061859573,0.7170197984515203,0.7146793083053425,-0.07164375865297701,-0.08313420371166069,-0.061223758000877496,0.009950248756218905,-0.12540621938786412,0.029488591150461728,0.05391597628368896,0.7252195060759512,0.2632637113697165,-0.09544340711512833,-0.12826072893013316,-0.06065416985367353,0.009950248756218905,-0.09470571936924882,0.1884731692034273,0.3023079985803148,0.5936103055091554,0.40260225911416286,0.748431128591094,0.6297975288222093,10.230209281164695,0.5750863385074935,0.3307242967379551,-2.510464058234759,-29.34410504296944,24.32317692649992,0.852424328777174,0.816367772566679,0.8858926982038265,0.5213090852061248,0.5167785234899329,0.9799902391410444,0.652542372881356,0.9653846153846154,0.5767790262172284,2.595884507996288e-69,0.7885134888709513,0.4147842112081197,-0.4854346892717646,-2.2467947718714636,1.2759253933279342,0.7204427149351856,0.6963737343721182,0.7508296595993456,0.2844849192878666,0.14049586776859505,0.9800613496932515,0.4657534246575342,0.9021176470588236,0.21587301587301588,-0.9517151032745885,0.8474285343318675,16.54052186282827,0.048284896725411475,0.014095270862696973,-0.7890490002318685,0.6335064561210075,40.468334099011194,0.21095099976813148,0.10996331022871478,,,,28.504427980919733,13.96535261822311,1.0,0.0,0.0,0.683349609375,0.07549834996461868,-0.0011444676128167072,0.4844386577606201,0.07667215168476105,0.0003395218980890903,0.8896228075027466,0.03963063657283783,0.002728549931341417,0.8210275769233704,0.03996644169092178,-0.003036710538562843,0.432331383228302,0.07512631267309189,-0.00023214273288356697,0.761557936668396,0.08524996787309647,-0.003535510990458302,0.706315815448761,0.13548094034194946,-0.0019827082528527276,0.6799356341362,0.1400039792060852,-0.004777988700822173,-0.5353333901650287,0.5257774127633844,0.7439374923706055,0.11806260794401169,-0.005509183954312021,0.782815158367157,0.10401362180709839,-0.003868428104683165,0.7634001970291138,0.10022260248661041,-0.0015807373372457036
spatial_1lead_a0_1110000_s42_l0,Spatial Frontal (1110000),1lead_clinical_v1,2198,1904,1000,0.812399387177936,0.3521181071660761,0.9652465576975047,0.8395399933087578,0.7131431365083389,0.7174862390364637,-0.071656519204358,-0.08526007933886112,-0.060782590139235794,0.009950248756218905,-0.12481871506404202,0.03009915309380928,0.054046721950871894,0.7322533848427014,0.2674166515323893,-0.08878693407727056,-0.12255932872541575,-0.056754278165496226,0.009950248756218905,-0.09095540318214149,0.1929705768825678,0.31180995167737513,0.594254796211053,0.4068396969414061,0.742712538615911,0.6332121530758422,10.262056414922657,0.5894424355751913,0.34744238485681195,-3.2320291173794358,-29.714105473981935,23.25004723922306,0.8710944281217552,0.8379417772701793,0.9062183426803567,0.5022809616660463,0.47651006711409394,0.9765739385065886,0.5966386554621849,0.9624819624819625,0.5298507462686567,4.8471870467759375e-59,0.8022303897158681,0.4228707458564268,-0.5436325748201063,-2.2781779743045996,1.190912824664387,0.7223503861819534,0.6965536781068045,0.7503450983829562,0.2921540493702649,0.1322314049586777,0.9882413087934561,0.5818181818181818,0.9020065328978069,0.21548821548821548,-0.9445106712891946,0.8546928751612243,15.474587966507405,0.055489328710805315,0.01989756251788299,-0.7807973809894851,0.6264860425983927,41.152276771230795,0.21920261901051485,0.11676093374565338,,,,28.3134323688691,14.423931785697741,1.0,0.0,0.0,0.6888535618782043,0.07490145415067673,-0.00016253736287929669,0.4899972379207611,0.07622698694467545,-0.0006238162947721792,0.8896896243095398,0.03893962502479553,-0.000924638241539556,0.8222329616546631,0.03922543302178383,9.991455551634646e-05,0.44384804368019104,0.07464942336082458,-0.0018238021785035637,0.7637391686439514,0.08489072322845459,-0.0029320793253205827,0.7168744206428528,0.13384227454662323,-0.0010331852000800706,0.6932911276817322,0.13779009878635406,-0.0016927736019635266,-0.5294751136391225,0.5260895664351954,0.7508107423782349,0.11594647169113159,-0.002297415011670184,0.7884872555732727,0.10231755673885345,-0.0017997029878032147,0.767796516418457,0.09928233176469803,-0.0004251935582669011
spatial_1lead_cm1_capacity_matched_1110000_s42_l0,Spatial Frontal (1110000),1lead_clinical_v1,2198,1904,1000,0.8119107860759309,0.3522024343179117,0.9640663771554813,0.8359811142194267,0.7248464694398412,0.716762318212182,-0.07214512030636311,-0.08388822250342393,-0.06254953059383493,0.009950248756218905,-0.12473438791220642,0.02997204843285364,0.0548752593609618,0.736103594472694,0.2729487407951536,-0.0852158250827767,-0.11985629985962441,-0.05097761126297936,0.009950248756218905,-0.0858474258811901,0.1768341295180428,0.2865244662867238,0.59297803446925,0.4064203538549994,0.7436267936831169,0.6288869558696338,10.174704276615104,0.5755724678189064,0.33128366571114715,-2.5605095541401273,-29.580074983928228,24.45905587564797,0.8461976868729549,0.8021419840830869,0.888635679748826,0.5334090026426146,0.4966442953020134,0.9785261102977062,0.6271186440677966,0.9639423076923077,0.5543071161048689,2.8699651802000592e-64,0.786119056002892,0.41906170744890064,-0.5083776414394379,-2.2493440799124214,1.2325887970335458,0.7235968159002181,0.7012960716326303,0.7517792570306655,0.2879569530703301,0.1322314049586777,0.9861963190184049,0.5423728813559322,0.9018232819074333,0.21262458471760798,-0.9502439137250056,0.8482466354723547,16.40180106046758,0.049756086274994345,0.015093880674780917,-0.7875262814973004,0.6327641472734526,40.508774160503776,0.2124737185026996,0.11144518258636021,,,,28.455287610485676,14.101491823657433,1.0,0.0,0.0,0.6827802062034607,0.07558603584766388,-0.004198658609276797,0.4836525619029999,0.07699886709451675,-0.00022072840601059407,0.8892321586608887,0.039962027221918106,0.0010197696694338083,0.821331799030304,0.03942381590604782,-0.0016832686365469576,0.4298662841320038,0.07530395686626434,-0.001889138860104118,0.7614061832427979,0.08504297584295273,-0.0005948882266612531,0.7076329588890076,0.13577917218208313,0.0014939360871981677,0.6807700991630554,0.14000587165355682,-0.0032906920682021015,-0.5331728133704022,0.526591429233998,0.742758572101593,0.11800994724035263,-0.004966757842788897,0.7819459438323975,0.10413867980241776,-0.0052404511775539465,0.7631998062133789,0.10045415163040161,-0.0034518309176589644
spatial_1lead_d1_panorama_relative_1110000_s42_l0,Spatial Frontal (1110000),1lead_clinical_v1,2198,1904,1000,0.8118077828522439,0.34914264308725856,0.9616154439776728,0.8358026015069377,0.7271497256270959,0.7169325243331595,-0.07224812353005017,-0.08332312059709429,-0.06253981844721627,0.009950248756218905,-0.12779417914285957,0.029631912138475342,0.054237178798318894,0.722220316873143,0.2665909340938512,-0.09919466789238507,-0.1329968998429276,-0.06488785876073767,0.009950248756218905,-0.09191499872153466,0.19249667343370236,0.31116068146765846,0.5914062266505171,0.4041412938469403,0.7425846201747376,0.6274927659298735,10.093721565059145,0.5763157687962955,0.3321398653632643,-2.0336669699727024,-29.102243605242325,25.03490966529692,0.8604311810311791,0.8085596510864197,0.8974096275869413,0.5471942281059659,0.48322147651006714,0.9726695949243533,0.5625,0.9628019323671497,0.51985559566787,2.2625507903524436e-57,0.7880763759577242,0.41992101951832456,-0.5044240926454239,-2.2509275650876677,1.2420793797968201,0.7222194054318986,0.6975444357883676,0.7504392512925473,0.28566925468508325,0.1446280991735537,0.9821063394683026,0.5,0.9027255639097744,0.22435897435897437,-0.9499361532714455,0.8510279400181816,16.046737545629394,0.05006384672855447,0.015619305923791087,-0.7824402552973166,0.6335226038072607,40.148240910215556,0.21755974470268336,0.11789368532448652,,,,28.097489227922473,14.537474712466318,1.0,0.0,0.0,0.6830074787139893,0.07543518394231796,-0.0013029864938267808,0.47873127460479736,0.07696741819381714,-0.0011226393482783922,0.8882281184196472,0.03984764218330383,-0.0010070102176239148,0.8185775279998779,0.04037981852889061,-0.0036731936026981227,0.4291442334651947,0.07532855123281479,-0.0006828434521892328,0.7605410218238831,0.08513322472572327,-0.0037663547030962713,0.7071737051010132,0.13544586300849915,-0.0032945743604880368,0.6806001663208008,0.1398690640926361,-0.00510865467695487,-0.5362929185630482,0.5260756092091384,0.7414788603782654,0.11797598749399185,-0.0059000500257227985,0.7802197933197021,0.10456977039575577,-0.00809406816848412,0.762614905834198,0.10092857480049133,-0.006338348594124032
D8_random12_mul_l1_s42_l0,Ansari 3DRECON-QT (D-Series),1lead_clinical_v1,2198,1904,1000,0.8115642881815571,0.34978350834177757,0.949792691417792,0.8304730130596673,0.7515154949245051,0.7061741627550092,-0.07249161820073691,-0.0823713440448662,-0.06053895350699582,0.009950248756218905,-0.12715331388834056,0.028918817854065425,0.05298016443263897,0.689556440773676,0.23797944223496614,-0.1166115042166963,-0.14581572332202786,-0.08580115145236589,0.009950248756218905,-0.11796747726309895,0.28343060270327813,0.4272157363781395,0.5933522877139579,0.4198969930266461,0.7310492941727275,0.6291105759424996,10.579617834394904,0.6123901061861279,0.37502164215465655,-0.1665150136487716,-28.299083120195142,27.966053092897596,0.8884527073281777,0.8512572733449918,0.9172964185906979,0.5902361355506487,0.6442953020134228,0.9643728648121035,0.5680473372781065,0.9738787580088714,0.6037735849056604,1.5777379437326778e-81,0.6198994160051016,0.46932007546505566,-0.32195982661054173,-1.8914359378228165,1.2475162846017331,0.7421221416620188,0.7106390276686387,0.7805220154835415,0.33848039281163855,0.0743801652892562,0.995398773006135,0.6666666666666666,0.8968217411331184,0.13382899628252787,-0.9735448973781442,0.9040525233089393,10.128919072687232,0.026455102621855808,0.006909646796637558,-0.8523001554639693,0.8315536504934881,16.89639558779148,0.14769984453603066,0.12911181675931374,,,,13.512657330239357,5.411580464631701,1.0,0.0,0.0,0.6719233989715576,0.07495758682489395,-0.000913858207407004,0.5028502345085144,0.07551503926515579,-0.0014547241663765771,0.8820619583129883,0.03933010622859001,-0.0004157958286016009,0.8175883889198303,0.03954620286822319,0.0009304956812130465,0.42698466777801514,0.07472580671310425,-0.0010628343068581144,0.7634753584861755,0.08331646025180817,-0.0019391742459387916,0.7088401913642883,0.13175345957279205,-0.006964455366986907,0.6788073778152466,0.13574694097042084,-0.005302961987569562,-0.5222378036385531,0.5116318796634141,0.7400062084197998,0.11395969241857529,-0.002978446784401859,0.776972234249115,0.1008097305893898,-0.0025425717729545003,0.7581746578216553,0.09833621978759766,-0.0019091055246785308
conv15e_A0_zscore_s42_l0,Normalization Baseline,1lead_clinical_v1,2198,1904,1000,0.8112160992990133,0.35254395684751183,0.9690670299777692,0.8382750908497311,0.7001109596327414,0.7008776944063904,-0.07283980708328075,-0.08558709683679128,-0.06216445584217596,0.009950248756218905,-0.1243928653826063,0.032100607586047415,0.053003105485974054,0.7431595243180574,0.26785431454204195,-0.07281936567709879,-0.09226676925446374,-0.04828745681348067,0.009950248756218905,-0.09067759350456492,0.16157998068419727,0.25774315872400383,0.6594172452274382,0.5066967952987598,0.7821633971557681,0.6893915432277865,10.021838034576888,0.6453268326858478,0.41644672098434804,-1.521383075523203,-27.893917421954043,24.851151270907636,0.9178990569962102,0.893923780637615,0.9374637105564247,0.6233672740435282,0.6577181208053692,0.9658369936554417,0.5833333333333334,0.9748768472906404,0.6182965299684543,2.644190369829187e-85,0.695757409664476,0.4644323156238087,-0.41601719889616945,-2.0483606348945185,1.2163262371021795,0.7380384998901451,0.7052228133597167,0.7692200098942298,0.3100776523039529,0.1115702479338843,0.9882413087934561,0.54,0.8999068901303539,0.18493150684931506,-0.9427289519739175,0.845882347149462,16.520579636929735,0.05727104802608252,0.019853862848205058,-0.7758128145785912,0.6710810205011648,34.52638743102156,0.22418718542140878,0.14556949566084892,,,,25.52348353397565,7.625985444377105,1.0,0.0,0.0,0.7025929689407349,0.07199842482805252,0.0003370267990036258,0.5343612432479858,0.07249574363231659,0.00048236141696192007,0.8963805437088013,0.037366192787885666,0.0020413370521743563,0.8352653980255127,0.037425003945827484,-0.00045890675327880985,0.4860645532608032,0.07178658992052078,-1.092713612335571e-05,0.7868063449859619,0.0799722671508789,0.0003862453606091154,0.7645924687385559,0.11960016936063766,-9.327563188936393e-05,0.7366619110107422,0.12590889632701874,0.00044857435022302525,-0.5012858915858371,0.5021830402862832,0.7769976258277893,0.10872585326433182,-0.0006243310801707134,0.8009080290794373,0.09800641983747482,-0.00015475175397633022,0.7771849632263184,0.09665180742740631,3.663593188598786e-05
spatial_1lead_b1_panorama_1000000_s42_l0,Spatial Single-Lead (1000000),1lead_clinical_v1,2198,1904,1000,0.8102693769926003,0.33654805164876084,0.9690464877657066,0.8219608854991329,0.7230882923899733,0.7062425864674128,-0.07378652938969377,-0.08257934430732687,-0.06303801832341639,0.009950248756218905,-0.1403887705813573,0.028512891324916734,0.05134556813946863,0.7441305621355319,0.2638477407605551,-0.07389150552677848,-0.10489272335258079,-0.04793338499363237,0.009950248756218905,-0.09437058540366508,0.16675956200092926,0.27174318815884174,0.5183340477971887,0.3037692869579267,0.6683636748291323,0.5828691816045072,11.210191082802547,0.49628392946851413,0.24629773864870888,0.8989990900818926,-28.15335320076841,29.9513513809322,0.8404476238204264,0.7977405144505014,0.8847980998554363,0.49525986515610027,0.5033557046979866,0.9780380673499268,0.625,0.9643888354186718,0.5576208178438662,4.222339219576602e-65,0.8096402104710101,0.3992675866380243,-0.5250091317352975,-2.2948211667378535,1.2448029032672587,0.7109613987054031,0.6872142318666405,0.7385661960427636,0.2796824753191044,0.12396694214876033,0.9851738241308794,0.5084745762711864,0.9008882655446471,0.19933554817275748,-0.9405780388819329,0.8151760028712829,20.411513251470847,0.059421961118067024,0.017298910951547796,-0.8066087238089684,0.6732450368352889,35.31730903389508,0.19339127619103158,0.10589760696991726,,,,27.86441114268296,15.764726443355324,1.0,0.0,0.0,0.6475673317909241,0.07818971574306488,-0.0027723703004208134,0.41380852460861206,0.07879544049501419,0.0009327046865349402,0.8603143692016602,0.0431487075984478,0.003162650704802785,0.786533772945404,0.04710274189710617,-0.019868889593961343,0.36846402287483215,0.07754635065793991,-0.0005686542694415447,0.7166485786437988,0.09011439234018326,0.0022804772379211207,0.6709397435188293,0.14173713326454163,0.0032049484556852005,0.6464707255363464,0.14596307277679443,0.00042728879323718547,-0.5477831896987629,0.5486377672852373,0.7054396867752075,0.12378416955471039,-0.005695300012484112,0.743071436882019,0.10936122387647629,-0.008850073628016614,0.71753990650177,0.10518889129161835,-0.009532729937921966
spatial_1lead_t111_exact_theta_1110000_s42_l0,Spatial Frontal (1110000),1lead_clinical_v1,2198,1904,1000,0.8102565094227991,0.3496879444015776,0.9559032300964176,0.8405620163874857,0.7388651322117875,0.7031322470403193,-0.07379939695949489,-0.08510871197883545,-0.06280833020046578,0.009950248756218905,-0.12724887782854055,0.029719430356293167,0.054606847711830185,0.746759763225421,0.2770420209340804,-0.07532241989177502,-0.09882844774963405,-0.04881523205874217,0.009950248756218905,-0.08250500855460263,0.1520416354897593,0.2333499169346178,0.5185935125838063,0.28106904158088014,0.6928902040050634,0.5818212921654751,10.788898999090081,0.5238152278829703,0.2743823929620881,0.2411282984531392,-27.797215705084504,28.27947230199078,0.8351594000674745,0.7939118365087047,0.8732609242308008,0.48192147515834705,0.47651006711409394,0.9790141532454856,0.6228070175438597,0.9625719769673704,0.5399239543726235,5.484894107011689e-61,0.8887995318174905,0.3994888055914553,-0.7056038907853661,-2.450512160012202,1.0393043784414697,0.7163421724213693,0.6895922098437631,0.741620956235149,0.27977980334694535,0.08264462809917356,0.9902862985685071,0.5128205128205128,0.8971746178786475,0.1423487544483986,-0.9576135892684419,0.8947856945605507,10.962580237835567,0.04238641073155817,0.016388550064417414,-0.7934695738993531,0.6496061331271868,38.22542335391866,0.20653042610064692,0.11158756489687467,,,,24.594001795877112,16.24467140588519,1.0,0.0,0.0,0.6635488867759705,0.08084489405155182,0.00022916220045567087,0.43750205636024475,0.08047069609165192,-7.625459213150358e-06,0.8814176321029663,0.04106290638446808,0.001307011229389268,0.809658944606781,0.042377639561891556,-0.0007691533540815878,0.38374754786491394,0.07805012911558151,-0.000332347201982846,0.7378812432289124,0.08878646790981293,-0.007349524506747555,0.6804825067520142,0.14313438534736633,-0.00042472043195516295,0.6458995938301086,0.14826349914073944,0.0010127836353612675,-0.5558896452619817,0.5579152125327043,0.7141144275665283,0.12462276220321655,0.002585258534112154,0.7672058343887329,0.10809071362018585,0.0035490652825250976,0.7483110427856445,0.10357101261615753,0.0020898025640574665
spatial_1lead_t000_exact_theta_1010010_s42_l0,Spatial Sparse (1010010),1lead_clinical_v1,2198,1904,1000,0.8101506792405094,0.3482189031792803,0.960343667054515,0.8350012949531694,0.7214965839007687,0.7146126233376587,-0.0739052271417846,-0.08543149731551263,-0.06414658638013597,0.009950248756218905,-0.12871791905083785,0.03432098344872907,0.06070120093189066,0.7126683848533838,0.24778163854828072,-0.10724085273815298,-0.13733952153159104,-0.07727538096461212,0.009950248756218905,-0.10922060570712261,0.2306359167722307,0.3654544512315963,0.606018023570792,0.4248312470181451,0.76186317409605,0.6313596495981811,9.880800727934487,0.5875771945623853,0.3452469595698041,-2.3848953594176523,-28.3965920224321,23.626801303596796,0.8793584036737515,0.8436604387294901,0.9148139452752543,0.5441741205784997,0.4966442953020134,0.9814543679843827,0.6607142857142857,0.964046021093001,0.5670498084291188,7.637122098970502e-67,0.7376157503381873,0.40459045367788404,-0.2965330683555898,-2.086024080364584,1.4929579436534044,0.7171174939579849,0.6944622288945879,0.7464957357296453,0.27760836289535246,0.16942148760330578,0.9667689161554193,0.3867924528301887,0.9039196940726577,0.23563218390804597,-0.9522203528825203,0.820938233085437,20.00560321138074,0.047779647117479764,0.011411276318042942,-0.7713497422125238,0.5946552185398167,45.78473976349704,0.2286502577874762,0.11418856236889029,,,,32.895171487438894,11.551255470451734,1.0,0.0,0.0,0.6617802381515503,0.07767122983932495,0.0029605600996517227,0.4470396935939789,0.07736658304929733,-0.0009609298135784222,0.8808854818344116,0.04105628654360771,-0.004668249002257083,0.8110560774803162,0.040154799818992615,0.001747755179361804,0.3884798288345337,0.07667698711156845,-0.00020520891581978418,0.7492165565490723,0.08684656769037247,-0.000871446070125423,0.6911202073097229,0.1372380554676056,-0.005902507463093264,0.6641886830329895,0.14178280532360077,-0.003290701640812073,-0.5380525398586028,0.5314711365769788,0.7276136875152588,0.1195058673620224,-0.004589423855073675,0.7712165117263794,0.10572424530982971,-0.00579046253276259,0.7516738176345825,0.10162528604269028,-0.004204930645738878
spatial_1lead_b1_panorama_1110000_s42_l0,Spatial Frontal (1110000),1lead_clinical_v1,2198,1904,1000,0.8100328406921342,0.3531985081957513,0.9625876576581657,0.8331570953288926,0.7302589604251792,0.7108678262679579,-0.07402306569015982,-0.08391199875217707,-0.06393294166158661,0.009950248756218905,-0.1237383140343668,0.02980908304421287,0.05456561647745692,0.7344638932586206,0.26563217572940206,-0.08780438887102804,-0.12104655919592254,-0.054382594984504845,0.009950248756218905,-0.09268795930056359,0.1875846916031081,0.3013007045628037,0.5903063832769635,0.39855585822416284,0.7450403639922178,0.6273229276145096,10.111919927206552,0.5941643294894378,0.353031250437633,-2.721565059144677,-29.253114198972163,23.80998408068281,0.8836623528910813,0.853528772883118,0.9218460349517424,0.5416977904075518,0.5369127516778524,0.9755978526110298,0.6153846153846154,0.9666344294003868,0.5734767025089605,2.353716763402801e-69,0.7981413753874417,0.4203965253267549,-0.5352108130084048,-2.272603048939293,1.2021814229224836,0.7237045581301019,0.6984481800107002,0.7554687215905534,0.2945579166184865,0.13636363636363635,0.9856850715746421,0.5409836065573771,0.9021993448759944,0.21782178217821782,-0.9541312941403223,0.8540357174845549,15.769578772076182,0.04586870585967769,0.013341753507298514,-0.7930286387804416,0.6449493426635716,38.90494173743325,0.20697136121955842,0.11010720798566338,,,,27.337260254754714,13.403133137058031,1.0,0.0,0.0,0.6823493838310242,0.07570668309926987,-0.003289225846732219,0.48216408491134644,0.07722248136997223,-0.0012936307258701498,0.8891074061393738,0.03946578875184059,-0.003117490054577497,0.8213987946510315,0.03961408510804176,-0.00013764497720707735,0.43036141991615295,0.0753527507185936,-0.00027486805291630203,0.7618048191070557,0.08548213541507721,-0.006982333558143932,0.7069352865219116,0.13553155958652496,-0.0036270934768189936,0.6804031133651733,0.14011113345623016,-0.00433583415369959,-0.5362410945772773,0.5275694262698782,0.7422839403152466,0.11819051206111908,-0.0032735509307883735,0.7815920114517212,0.10402452200651169,-0.0020129132615878485,0.7628775835037231,0.10031905770301819,-0.0015086159953409573
spatial_1lead_e1_panorama_film_1000000_s42_l0,Spatial Single-Lead (1000000),1lead_clinical_v1,2198,1904,1000,0.8095829548706764,0.3361594554085675,0.9609519154223793,0.834782188609318,0.7224729702565232,0.7021080785251925,-0.07447295151161759,-0.08665633297292957,-0.0622084023678849,0.009950248756218905,-0.14077736682155062,0.027932526738481324,0.049706499618388474,0.7329639518592131,0.25967225882132505,-0.08947158632282282,-0.11904667056387391,-0.05703324898588166,0.009950248756218905,-0.09828202243258241,0.1987081112862963,0.32292297008804355,0.525938930913247,0.3019008028113024,0.6790697047909878,0.5968462851374507,11.037306642402184,0.47691881913147377,0.22745156004175954,0.10555050045495905,-28.37812706832863,28.58922806923855,0.8345436143347057,0.8007076820992631,0.8678690149332661,0.44324247670836875,0.37583892617449666,0.9848706686188384,0.6436781609195402,0.9559450497394599,0.4745762711864407,4.333988831208252e-48,0.7719709043941029,0.3922040082753189,-0.40042803301607294,-2.2005491731736577,1.3996931071415117,0.7131479321942235,0.6878639301825004,0.7400327990735563,0.2803213785716544,0.15702479338842976,0.9769938650306749,0.4578313253012048,0.9035460992907801,0.23384615384615384,-0.9559170964295629,0.8437326496073752,17.118362762074092,0.04408290357043709,0.011352150994166822,-0.7800982894647623,0.6098871336609347,43.76164714496657,0.21990171053523766,0.11050031519229432,,,,30.44000495352033,17.028967514019303,1.0,0.0,0.0,0.6571789979934692,0.07734105736017227,-0.0024387222776701776,0.42543062567710876,0.07786884903907776,-0.0030785330156511,0.8764829039573669,0.040879447013139725,0.0017523084234294757,0.7978119254112244,0.041403163224458694,-0.0018128560906489532,0.37894606590270996,0.0770094022154808,-0.004225714193365808,0.7426603436470032,0.08725997805595398,2.3923358612041373e-05,0.6809861660003662,0.13948795199394226,-0.001499706943039267,0.6556198000907898,0.14373505115509033,-0.0025654159591681647,-0.5462866417054121,0.5411558097870758,0.7215505838394165,0.12078496068716049,-0.0019975134118587175,0.764630913734436,0.10597023367881775,-0.0006869692899212653,0.7477982044219971,0.10193619132041931,0.0009605100404271573
spatial_1lead_b1_panorama_1010010_s42_l0,Spatial Sparse (1010010),1lead_clinical_v1,2198,1904,1000,0.8086172271141041,0.3494387397992848,0.9588268188561027,0.8334182434232816,0.7211464676311429,0.71056731974143,-0.07543867926818992,-0.08748580418192896,-0.06522640128250093,0.009950248756218905,-0.12749808243083333,0.03426987760792827,0.06061408550347699,0.7260967137346769,0.260497553433848,-0.09367904625361456,-0.12526853546686445,-0.0642496302539636,0.009950248756218905,-0.09737178938709593,0.21020417915545367,0.338450209536124,0.6103674817090983,0.433452573787373,0.762579718291869,0.6350701530480527,9.861692447679708,0.5778683773940476,0.3339318615920288,-1.2265696087352138,-27.535265962072238,25.08212674460181,0.8765546133160388,0.8373363128028766,0.9087387315126825,0.4963631976103528,0.5033557046979866,0.974621766715471,0.5905511811023622,0.9642684693384839,0.5434782608695652,2.1949477800721165e-62,0.7426288087358249,0.3991072648799921,-0.3228013458660888,-2.106539453704104,1.4609367619719262,0.7160590849938312,0.691711344890913,0.7422501919666805,0.2697864957484356,0.1487603305785124,0.9698364008179959,0.37894736842105264,0.9020446980504042,0.21364985163204747,-0.9553137906299365,0.8290098326126656,19.023323204402693,0.04468620937006349,0.010496889366992796,-0.7801147805186374,0.6186270952278698,42.3527981232765,0.21988521948136266,0.11415895627596384,,,,30.688060663839597,13.419481469038466,1.0,0.0,0.0,0.6624333262443542,0.07748068869113922,-0.0005842733574577554,0.44497132301330566,0.07699446380138397,-0.0018871360847492618,0.8795637488365173,0.04146326705813408,-0.009082525416249222,0.8112319707870483,0.03995644301176071,0.004265009959736877,0.3890935182571411,0.07660484313964844,-0.00023633802991941905,0.7440186738967896,0.08685112744569778,-0.0002937987771872057,0.6890856027603149,0.1384316235780716,0.002204283504340762,0.6634501814842224,0.14207248389720917,-0.0002591370221641164,-0.535826841118039,0.5353085670737109,0.7276577949523926,0.11937160044908524,-0.0012742549236187633,0.7701407074928284,0.10538101196289062,0.0008014538330032545,0.7506967782974243,0.10134955495595932,0.00014184063096861921
spatial_1lead_c1_panorama_hybrid_1010010_s42_l0,Spatial Sparse (1010010),1lead_clinical_v1,2198,1904,1000,0.808207585055928,0.34558616828435923,0.9588891446986838,0.8339274702593871,0.7178305349735769,0.7083639661547729,-0.07584832132636599,-0.08696235811165733,-0.06527641396600278,0.009950248756218905,-0.1313506539457589,0.034426559761113376,0.06074437469062077,0.7278393054211065,0.26021989645543203,-0.09041166386102695,-0.11849206342846232,-0.06130620594583365,0.009950248756218905,-0.09770497462334668,0.2024659893644686,0.32539415327288834,0.6038527636523646,0.41838633301237627,0.7599202390503476,0.63325171889437,9.898089171974522,0.5714752178378937,0.3265839246028683,-2.4258416742493174,-28.632659824502227,23.780976476003595,0.8593093373424914,0.8111763425447551,0.9011882095898783,0.5061802870121023,0.4899328859060403,0.9819424109321621,0.6636363636363637,0.9636015325670498,0.5637065637065637,4.92278839716993e-66,0.746270873137259,0.4081964444350043,-0.3564910927077279,-2.127623374906218,1.4146411894907622,0.7188815088982407,0.6967318663134128,0.7461584417975292,0.2834948280897261,0.1487603305785124,0.9769938650306749,0.4444444444444444,0.9026924893717525,0.22291021671826625,-0.9547400413543804,0.8290224687301686,19.004204238001105,0.04525995864561963,0.010779004172153493,-0.7828819346736227,0.6188628420610485,42.46076346139424,0.21711806532637729,0.11102073745913608,,,,30.732483849697672,11.822184530494312,1.0,0.0,0.0,0.6621623635292053,0.07754376530647278,-0.001852295014120876,0.4450647830963135,0.07721522450447083,-0.002199185196144192,0.8798009157180786,0.04026234522461891,-0.004439736024851314,0.8114500045776367,0.03979041799902916,0.00047805553014378853,0.3866818845272064,0.07675497233867645,-0.0007144518686298537,0.7489593625068665,0.08635818213224411,-0.0022565594055717884,0.6892302632331848,0.13824601471424103,-0.001438769825245067,0.6609227657318115,0.14270064234733582,-0.0015875528964159739,-0.5382987132125372,0.5351236074197052,0.7266206741333008,0.1197807714343071,-0.001081271794258997,0.7687820792198181,0.1057240292429924,-0.0006269026160959965,0.7505414485931396,0.1015266478061676,0.0010026356857436268
spatial_1lead_c1_panorama_hybrid_1000000_s42_l0,Spatial Single-Lead (1000000),1lead_clinical_v1,2198,1904,1000,0.8081551243894401,0.3451682276705236,0.9620231851345072,0.825624933500349,0.7271682048134336,0.6973421490501078,-0.07590078199285388,-0.08730038915298965,-0.06441325259540831,0.009950248756218905,-0.13176859455959455,0.028388463805883196,0.050179143205402156,0.7333223066471537,0.26981246995652175,-0.0845505760638039,-0.1137101483583503,-0.05859753911676794,0.009950248756218905,-0.08889035193608244,0.19912728223417717,0.3267587197193255,0.5238818242924075,0.34822725633739104,0.6359663409163944,0.5874518756234368,12.470427661510463,0.4439314106253235,0.19707509733978928,-6.1610555050045495,-36.60561526102285,24.283504251013753,0.7746944818392341,0.7330912689022754,0.8251439390471701,0.4380366140513465,0.348993288590604,0.9902391410444119,0.7222222222222222,0.9543744120413923,0.47058823529411764,1.4956052300165757e-48,0.7882310461263097,0.3951098329709936,-0.43407931965220725,-2.244032989143812,1.3758743498393973,0.715256299751559,0.6906036563354984,0.7418539209603284,0.2828695202703776,0.14049586776859505,0.9775051124744376,0.4358974358974359,0.9018867924528302,0.2125,-0.9481171321760946,0.8341914267662947,18.136743171130814,0.051882867823905374,0.014841871287444418,-0.7615704567936472,0.5685254971852871,49.70236410928147,0.23842954320635285,0.11437815682272466,,,,33.91955364020614,15.193268178467704,1.0,0.0,0.0,0.6500563621520996,0.07807277143001556,0.0012668120728256114,0.4083218574523926,0.0784616470336914,-0.0010016923897296494,0.8650543093681335,0.042273152619600296,0.0024119929463169284,0.7867327332496643,0.04247572273015976,-0.001870294211997245,0.3650648891925812,0.07742819935083389,-0.0001890960932805606,0.7308778762817383,0.08901552855968475,0.002031779093199726,0.6742725372314453,0.14130330085754395,0.004590124527835667,0.6449117064476013,0.14573659002780914,0.0021039012923034935,-0.546338016869606,0.5505458194542131,0.7082295417785645,0.12350316345691681,-0.0007411427876610727,0.7476716637611389,0.10891827940940857,-0.0013723682446628697,0.7352513670921326,0.10377714782953262,0.0016765123836120673
spatial_1lead_pg1_permuted_geometry_1010010_s42_l0,Spatial Sparse (1010010),1lead_clinical_v1,2198,1904,1000,0.8080917900746806,0.35138814423669856,0.9632103387065555,0.8326312246467303,0.7166572744563332,0.7086202236724523,-0.07596411630761346,-0.08711741387096815,-0.06581776591940006,0.009950248756218905,-0.12554867799341957,0.03502843236935065,0.0616796994824026,0.7279222248829378,0.2554880592424682,-0.09338341654539739,-0.12322584282438548,-0.06047849762804882,0.009950248756218905,-0.1020496516772291,0.2129929288902558,0.3424579111376467,0.6019879447731802,0.418291293933195,0.7580423175494078,0.6296302228369378,10.103730664240219,0.5516183240827935,0.30428277546390997,-2.300272975432211,-29.41971481283936,24.819168861974937,0.8362599532919971,0.7891241451576313,0.887894613086558,0.49660827799938956,0.4697986577181208,0.9785261102977062,0.6140350877192983,0.9620921305182342,0.532319391634981,2.250133683959399e-59,0.7405801996507354,0.404874953020769,-0.3274393655136024,-2.105729064815985,1.4508503337887801,0.7108367557335766,0.6859919040067877,0.7410433076031496,0.27188676977074794,0.16115702479338842,0.9723926380368099,0.41935483870967744,0.903562945368171,0.23283582089552238,-0.9518260251749968,0.8219617622856438,19.85558913921585,0.04817397482500317,0.011688052907248824,-0.7882784194409547,0.6160250663116282,43.214053487296816,0.21172158055904539,0.1037302063161836,,,,31.534821313256334,12.311601979224811,1.0,0.0,0.0,0.6585416197776794,0.07778485119342804,-0.0013928837347354443,0.44468453526496887,0.07747583836317062,-0.002228179378790427,0.8789953589439392,0.04225798323750496,-0.01244438945253793,0.8086535930633545,0.039931681007146835,-0.00036781159335406733,0.3828789293766022,0.07688670605421066,-0.001655435443169901,0.7490637302398682,0.08646003901958466,-0.002754835633276192,0.6902220845222473,0.13774490356445312,-0.0021499012387443716,0.6610379815101624,0.14224109053611755,-0.001090977382651674,-0.5370095061204186,0.5348275513551154,0.7259101271629333,0.11972296983003616,-0.002105124399917032,0.7695066928863525,0.10570132732391357,-0.002261983799562951,0.7501845359802246,0.10156731307506561,-0.0020882773567929168
spatial_1lead_pa1_panorama_author_1010010_s42_l0,Spatial Sparse (1010010),1lead_clinical_v1,2198,1904,1000,0.8080719160329867,0.34754671352965494,0.9572576584070612,0.8343109827742526,0.7166135939679567,0.7098274098742471,-0.07598399034930736,-0.08709883271120286,-0.06547383468908155,0.009950248756218905,-0.1293901087004632,0.033923421656728056,0.05994020540913641,0.7328799529811103,0.2656843808715936,-0.08595807093235974,-0.11450968455491518,-0.05768363034163015,0.009950248756218905,-0.09260017847368249,0.19733972637959088,0.31572261595299156,0.6141745645882744,0.4353843132384734,0.7681601645889816,0.6389792159373681,9.731574158325751,0.589244804487086,0.3472094396150232,-0.7961783439490446,-26.911336442062098,25.31897975416401,0.8940897671478312,0.8538048475773066,0.9258740399357545,0.5272457643573224,0.5167785234899329,0.9765739385065886,0.616,0.9652677279305355,0.5620437956204379,2.2035282840880106e-66,0.7340882371728045,0.4139188644904439,-0.3126386479424606,-2.0848952842902033,1.4596179884052822,0.7191223444709223,0.6952496313215795,0.7491202264136914,0.2834821246164652,0.16115702479338842,0.971881390593047,0.4148936170212766,0.9035171102661597,0.23214285714285715,-0.9478814881400824,0.8241624732270966,19.440958646676624,0.05211851185991759,0.0139722500446251,-0.7755681502080957,0.601676026123508,44.85810383184127,0.22443184979190436,0.11228663074164891,,,,32.14953123925895,12.47629987060309,1.0,0.0,0.0,0.6646742820739746,0.07746994495391846,0.006541486750224844,0.45290735363960266,0.0773383304476738,-0.00177231422909947,0.8816494345664978,0.040919315069913864,-0.004989927130382519,0.8148439526557922,0.040018368512392044,0.005877796915104057,0.38358965516090393,0.0771791934967041,0.004818740220191934,0.7503706812858582,0.08649873733520508,-0.005912839621331605,0.6917107701301575,0.1378815770149231,-0.0005424204520472081,0.6660811901092529,0.14191590249538422,-0.0012750202604663169,-0.5348889144311042,0.5323388739101715,0.7330455183982849,0.11889082193374634,-0.001625369712698407,0.7724010348320007,0.10530860722064972,-0.0019633084334654454,0.7541972398757935,0.101206935942173,-1.1173098633822592e-05
spatial_1lead_d1_panorama_relative_1010010_s42_l0,Spatial Sparse (1010010),1lead_clinical_v1,2198,1904,1000,0.8076127663129672,0.34557941942086884,0.9606673966919749,0.8348987799376992,0.7168857186248212,0.7069267496912589,-0.07644314006932684,-0.08810865344608751,-0.06570482304033368,0.009950248756218905,-0.1313574028092493,0.03488041939414606,0.061284024529492435,0.7333067820967433,0.2651345309138965,-0.08598431257970285,-0.11514242772113349,-0.057752250129459864,0.009950248756218905,-0.09319192529049766,0.19710711724079003,0.3161356787153054,0.6030054361496687,0.4190639982382684,0.7594235508626022,0.6305287593481357,9.879890809827115,0.5642390406226402,0.31836569496275663,-2.138307552320291,-28.48024075221569,24.203625647575105,0.84595038994304,0.8007351198704039,0.8981440397963408,0.50943374284933,0.44966442953020136,0.9834065397755003,0.6633663366336634,0.960896518836433,0.536,6.256709235092156e-60,0.7473488615061393,0.40214736141546786,-0.36250332186339224,-2.1343268421044206,1.409320198377636,0.7156767057073806,0.6915623074922219,0.7416160896734024,0.2723929463685858,0.1487603305785124,0.9759713701431493,0.43373493975903615,0.9026004728132387,0.22153846153846155,-0.9556948602519656,0.8270679737920497,19.293627790649925,0.044305139748034364,0.010174060573535836,-0.7858888459097892,0.6221741421479128,42.09046398385698,0.21411115409021075,0.10891678966677727,,,,30.69204588725345,13.08647171234478,1.0,0.0,0.0,0.6620278358459473,0.07730173319578171,0.005846387355426805,0.4490637481212616,0.07728514075279236,-0.00298311529332022,0.881961464881897,0.03982317075133324,-0.0013891963983133787,0.8120512366294861,0.039631664752960205,0.003188650772446385,0.3854583203792572,0.0766521617770195,0.0007914332542792416,0.7496771812438965,0.0862150713801384,-0.0026704804647513392,0.6914929151535034,0.13809657096862793,0.0025656929083769987,0.6641501784324646,0.1423759013414383,0.0028262313462410114,-0.5310856417476338,0.5367381044401159,0.7292975187301636,0.11934911459684372,0.0037747542276045714,0.7711840271949768,0.10515844821929932,0.0028369284160914723,0.7518703937530518,0.10123749822378159,0.0024260382394714715
D6_theta_add_l1_s42_l0,Ansari 3DRECON-QT (D-Series),1lead_clinical_v1,2198,1904,1000,0.8074847113901087,0.3307982797592051,0.9614846260855998,0.8257366754427045,0.7290871991002617,0.7034682831943727,-0.07657119499218534,-0.08764061057108904,-0.06593363128105184,0.009950248756218905,-0.146138542470913,0.029970698088247504,0.05502194273490522,0.6599461159143563,0.2132256474867602,-0.1537743420845662,-0.18698045162480165,-0.11821571919389007,0.009950248756218905,-0.14078115127112806,0.2826703310008572,0.4281010871008038,0.61874242906108,0.4512696578854626,0.7649563963125049,0.6400012329852728,9.864422202001819,0.6207291979196523,0.38530473714997376,0.83803457688808,-25.13269014924158,26.80875930301774,0.8962237267483565,0.8653735644986571,0.9242539054777703,0.5958351389521812,0.6241610738255033,0.9682772083943387,0.5886075949367089,0.9725490196078431,0.6058631921824105,2.0022515922378748e-80,0.6358706204727415,0.4078055689280592,-0.3175086518842812,-1.9410464899075768,1.3060291861390145,0.7198617519309097,0.6921526639336837,0.7587746541930857,0.30671307499819844,0.01652892561983471,0.9989775051124744,0.6666666666666666,0.8914233576642335,0.03225806451612903,-0.9813079853932073,0.8935258308886677,11.509810183065996,0.01869201460679269,0.0030355966635236967,-0.8600868837363768,0.8156414248458278,18.678047129014796,0.1399131162636232,0.10480581475335744,,,,15.093928656040397,2.647564722586433,1.0,0.0,0.0,0.6690290570259094,0.0752175822854042,-0.008677991600186064,0.4924342930316925,0.07540218532085419,-0.0005249808836042077,0.8837358355522156,0.04009389877319336,0.00293515659718337,0.8146336078643799,0.04112662747502327,-0.006632473772679336,0.421014666557312,0.07464021444320679,-0.00388975788776054,0.7587816119194031,0.08402827382087708,0.0011199365948675337,0.7044640779495239,0.13242417573928833,-0.008961126343464024,0.6738389134407043,0.13615091145038605,-0.009167864622748056,-0.5293138425328877,0.5109781132873915,0.7375880479812622,0.11427789181470871,-0.00804818912844213,0.776412308216095,0.10129835456609726,-0.0070333513897950116,0.7578521370887756,0.09896744042634964,-0.007895173841034877
spatial_1lead_t111_exact_theta_1010010_s42_l0,Spatial Sparse (1010010),1lead_clinical_v1,2198,1904,1000,0.8071544968930185,0.3485136276396073,0.9611811855867719,0.8267949798489872,0.7192005248239022,0.7048414471360079,-0.07690140948927549,-0.08716232186994144,-0.06661626700871424,0.009950248756218905,-0.12842319459051083,0.03361010396026615,0.05948854860381251,0.7370450497219458,0.2705387458132769,-0.083267320095612,-0.11385343974104077,-0.05387470661470348,0.009950248756218905,-0.08813876057637929,0.18821082358764626,0.3029081919575886,0.5880679302827793,0.3970292316256778,0.7446446726558343,0.6225298865668253,10.058234758871702,0.5752478235503065,0.3309100584993636,-2.200181983621474,-28.769017862524933,24.368653895281987,0.8619411662588723,0.8234196847124591,0.8937094040312291,0.5040736055264794,0.44966442953020136,0.9755978526110298,0.5726495726495726,0.9605958673714561,0.5037593984962406,1.36164971747628e-53,0.763954326434161,0.38044740256392945,-0.40157203525948837,-2.1940141418977817,1.3908700713788047,0.7035821122547279,0.682707877132708,0.730767249656699,0.26517881549891903,0.128099173553719,0.9821063394683026,0.4696969696969697,0.901031894934334,0.2012987012987013,-0.9543128835597227,0.8357062749267314,18.11268254491359,0.04568711644027739,0.011524038926298092,-0.8019105041574848,0.6729828907568283,35.17165922832577,0.19808949584251528,0.11156552564113544,,,,26.64217088661968,12.397746454760956,1.0,0.0,0.0,0.6585333347320557,0.07766871154308319,0.0048239548360308315,0.43660783767700195,0.07813584059476852,-0.0019297718345567887,0.8809492588043213,0.04013752192258835,-0.006501246700927706,0.8081072568893433,0.04019429162144661,0.0035899126067332177,0.35289266705513,0.07813362777233124,0.0007141563718338558,0.7445918321609497,0.08799441158771515,-0.007497968564706948,0.6781172752380371,0.1392788290977478,-0.002779967879497027,0.6566065549850464,0.14424951374530792,0.0020279084618688927,-0.5382322481941295,0.5422880651178672,0.7245492935180664,0.12083708494901657,0.0032359758120115087,0.7688774466514587,0.10582555085420609,0.004729100255725272,0.7442414164543152,0.1032295823097229,0.006955887696299491
spatial_1lead_a0_1010010_s42_l0,Spatial Sparse (1010010),1lead_clinical_v1,2198,1904,1000,0.806808774547787,0.34581553969388656,0.9560879859517626,0.8344410419363021,0.7196440221190818,0.7049969678681373,-0.07724713183450704,-0.08948894681776537,-0.06655929430498221,0.009950248756218905,-0.13112128253623156,0.034949252164683066,0.06149515120742066,0.7313682636670765,0.2638487639923745,-0.0877612878068974,-0.1166656816965504,-0.05765898230992532,0.009950248756218905,-0.09437997580285326,0.20252571981332324,0.32567187191266567,0.5989248071423631,0.40930295372968584,0.7588875964934921,0.6285838712039112,9.83894449499545,0.5825006844852348,0.3393070474257675,-2.1974522292993632,-28.390551906278613,23.99564744767989,0.8699218148646746,0.8231936353682565,0.9040692671223626,0.538488525613076,0.47651006711409394,0.9795021961932651,0.6283185840707964,0.962589928057554,0.5419847328244275,2.1480582259342466e-61,0.7418518201859026,0.4001357544391264,-0.3117855161808099,-2.1059696679702276,1.4823986356086076,0.7126060521556896,0.6889644206574496,0.7405289603026701,0.2709643459354362,0.15702479338842976,0.9703476482617587,0.3958333333333333,0.9029495718363464,0.22485207100591717,-0.9531058756105967,0.823340664959425,19.71113916571997,0.04689412438940337,0.011156428039165256,-0.7862188594989777,0.6187683374140328,42.654696986734116,0.2137811405010223,0.10714499676388378,,,,31.182918076227043,13.38277273795412,1.0,0.0,0.0,0.6629083156585693,0.07718676328659058,0.0032619010580823772,0.4469444155693054,0.07706064730882645,-0.001334186764751934,0.8815575838088989,0.04001196473836899,-0.0016766584303672476,0.810841977596283,0.03973350673913956,0.003073432591487484,0.3852435052394867,0.07666709274053574,0.0019015798386334598,0.7496749758720398,0.08651047945022583,-0.0032286189036132974,0.690375566482544,0.1383134424686432,0.0010075076958244603,0.6623305082321167,0.14241039752960205,0.003054534656060234,-0.531224805000615,0.5373338743127354,0.7260137796401978,0.1198742538690567,0.003993403151726592,0.7692493200302124,0.1057538241147995,0.005210720993411426,0.7516514658927917,0.10165095329284668,0.004567426163420904
factorial_ecg_aim_1100110_s42,Factorial Baseline,1lead_clinical_v1,2198,1904,1000,0.8067378075711049,0.3276492911639851,0.9589918679057221,0.8279520917250488,0.7166108732992545,0.6994722138322961,-0.07731809881118912,-0.0873586795772321,-0.06654816949468305,0.009950248756218905,-0.14928753106613302,0.033466222656744066,0.060071995155213845,0.7415760378667968,0.26755042777826116,-0.07882166312716044,-0.10386699178401533,-0.053295553063577965,0.009950248756218905,-0.09104383058154716,0.18587789631883575,0.287956558814738,0.5462521588936954,0.3479576408124905,0.6914352622546992,0.5993635736138964,11.24385805277525,0.45482059440683875,0.20686177309659012,-1.4476797088262057,-31.2141552485906,28.318795830938186,0.7919790632850859,0.7462422909056834,0.8317129142147579,0.40086501616366377,0.3624161073825503,0.9799902391410444,0.5684210526315789,0.9548264384213029,0.4426229508196721,5.121367562552907e-42,0.9999030427676748,0.4074011183987158,-0.866077955741032,-2.6165064571281986,0.8843505456461346,0.7233623181057648,0.6982697158388717,0.7530633813424182,0.27154699724739084,0.05371900826446281,0.9933537832310838,0.5,0.8945672191528545,0.09701492537313433,-0.9260636759508774,0.764866797636512,26.910569751927838,0.07393632404912263,0.020313878063438727,-0.76402051924287,0.6056217798027917,43.580698232622275,0.23597948075713004,0.12777746427781303,,,,35.24563399227506,22.136127148165155,1.0,0.0,0.0,0.6178935766220093,0.08050137758255005,-0.0020132308384074493,0.32939961552619934,0.0816727727651596,-0.0013322642145173573,0.870558500289917,0.04127027466893196,-5.285504831128784e-05,0.7875104546546936,0.041642047464847565,-0.0016014601470230143,0.2654930353164673,0.08369015902280807,-8.308948060984202e-05,0.5673919916152954,0.09771344065666199,-0.0015035573466363143,0.5679657459259033,0.15722225606441498,-0.00142973820410141,0.4428696930408478,0.161394402384758,-7.408432820214915e-05,-0.640202895932498,0.6400547272760938,0.6430345773696899,0.1298661231994629,-0.000858764166525021,0.7431975603103638,0.10920391976833344,-0.001985244690977435,0.7333288192749023,0.10332930833101273,-0.001008928440596208
spatial_1lead_cm1_capacity_matched_1010010_s42_l0,Spatial Sparse (1010010),1lead_clinical_v1,2198,1904,1000,0.8065152979871928,0.34614545133699887,0.9574512024056521,0.8338741071364536,0.7056577484472004,0.710521306179854,-0.07754060839510124,-0.0891263418153752,-0.06691828051275409,0.009950248756218905,-0.13079137089311926,0.03334386509376891,0.05967015684268846,0.7388046506520556,0.2666876684773213,-0.08136210140734013,-0.11258875717334796,-0.05361896051293238,0.009950248756218905,-0.09168248043350294,0.19571195632033733,0.31319554729045673,0.6084498512563025,0.4286493003637989,0.762460668921556,0.6342395844835526,9.752502274795269,0.6062029522090094,0.36748201926691887,-1.1628753412192903,-27.26922733350234,24.943476651063758,0.8760780344643482,0.8423236843159336,0.9092349152972055,0.5721330407379489,0.5503355704697986,0.9760858955588092,0.6259541984732825,0.9675858732462506,0.5857142857142857,2.6290410265726064e-72,0.7450464900254227,0.4042804663392162,-0.30119433799068746,-2.1040691858814036,1.5016805099000285,0.7167858168973618,0.6932790335654015,0.7428922838933785,0.27750408363490464,0.17355371900826447,0.9657464212678937,0.3853211009174312,0.9042604116802297,0.23931623931623933,-0.9580884545215335,0.8142639009669612,21.11400278818961,0.04191154547846652,0.008319491390298238,-0.7666389574711695,0.5735594661117134,49.143761298067794,0.23336104252883053,0.11081238075402992,,,,35.1288820431287,11.68097539022582,1.0,0.0,0.0,0.6611899137496948,0.08071932941675186,0.02331675764583035,0.44492262601852417,0.07723820954561234,0.0011452102002649,0.8809559941291809,0.04264111816883087,-0.010555840654265784,0.8114216923713684,0.04327501729130745,0.017176657741555672,0.382409930229187,0.07742121815681458,0.00812917990789774,0.7472684383392334,0.08698226511478424,-0.010680441073914505,0.6897500157356262,0.1381283551454544,-0.0025788301826761843,0.6634472608566284,0.14355479180812836,0.008589567581660068,-0.526687040359323,0.5438661755226432,0.725898265838623,0.12132874131202698,0.01586540361262627,0.7676467895507812,0.10743146389722824,0.018904696711969378,0.7496252655982971,0.10329601168632507,0.015612854541201173
spatial_1lead_d1_panorama_relative_1000000_s42_l0,Spatial Single-Lead (1000000),1lead_clinical_v1,2198,1904,1000,0.8063445808557004,0.33232503137834357,0.9640023185941864,0.8211965889982965,0.7313724471189834,0.6958274153853563,-0.07771132552659366,-0.08935483110667129,-0.0663634508769787,0.009950248756218905,-0.14461179085177456,0.028086889936237387,0.04926621919028309,0.7420152952763331,0.2658155843691991,-0.07883651217175869,-0.10740356227284194,-0.05235602084752493,0.009950248756218905,-0.09255465724393999,0.18014242789287083,0.291052483922181,0.5035743909038305,0.2725646498673524,0.6499511441741636,0.5882073786699755,11.227479526842584,0.4805392731337477,0.2309179930239101,-0.8853503184713376,-30.359840872706396,28.58914023576372,0.8277978126504661,0.7876048564539702,0.8732024672841137,0.4620509597184061,0.4161073825503356,0.9799902391410444,0.6019417475728155,0.958472553699284,0.49206349206349204,4.6415817406993125e-51,0.774438177398978,0.3992592944482555,-0.42425176712114016,-2.207487363760514,1.3589838295182337,0.7141070492994643,0.6905899463916689,0.7416761853597219,0.2815995071967158,0.13636363636363635,0.9775051124744376,0.42857142857142855,0.9014615747289014,0.20689655172413793,-0.9457416612752509,0.8156682369996718,20.50743822841117,0.05425833872474911,0.01435560728768741,-0.7817125123551298,0.619968144521239,42.222957282368625,0.2182874876448702,0.11285193745575692,,,,31.3651977553899,16.27491858976675,1.0,0.0,0.0,0.6550580263137817,0.07761184126138687,0.004925898244461659,0.4129728674888611,0.07848247140645981,-0.0011983886227261182,0.8724345564842224,0.042110927402973175,-0.007673187882214753,0.7805812358856201,0.0441092848777771,0.0031083716465153404,0.3681889474391937,0.07735458016395569,0.0012465626173053777,0.7352946400642395,0.0885809138417244,-0.010825927336631062,0.6799334287643433,0.13991136848926544,-0.004917795701305977,0.654234766960144,0.1439330130815506,-0.00040701056447131823,-0.5420011768813278,0.5411871557523851,0.7191473841667175,0.12125539034605026,0.0028475554615657876,0.7644181847572327,0.10615476965904236,0.0053902599869809905,0.7464361190795898,0.1021496057510376,0.0076272045156783605
D5_permuted_theta_mul_l1_s42_l0,Ansari 3DRECON-QT (D-Series),1lead_clinical_v1,2198,1904,1000,0.8059070149550539,0.3272996682647053,0.9594175041400298,0.8233823302975566,0.7240916107984614,0.6981643209437897,-0.07814889142724013,-0.08884938617638008,-0.06753836626275724,0.009950248756218905,-0.14963715396541283,0.029958597850579926,0.055054199993289206,0.681689938794746,0.21918249792032982,-0.10131912435068857,-0.14275859587120604,-0.05557824350285106,0.009950248756218905,-0.13444046534098858,0.2883962138888573,0.43813749038055533,0.6074356435633981,0.4354208121623079,0.7518088211168825,0.6350772974110037,9.929026387625115,0.6234935473554721,0.3887442035939101,0.9335759781619655,-25.208404780708488,27.075556737032418,0.9071244444007718,0.8768449478190823,0.9292356139867842,0.5814610162535613,0.6308724832214765,0.9682772083943387,0.5911949685534591,0.9730259931338892,0.6103896103896104,9.291858863409924e-82,0.6286155473681555,0.42766698405170867,-0.31422521615972077,-1.9190900741803818,1.2906396418609403,0.7317429735165374,0.6993851993062574,0.767352618293594,0.3234832790547685,0.01652892561983471,0.9984662576687117,0.5714285714285714,0.8913738019169329,0.0321285140562249,-0.9811150334434389,0.9273176990387586,7.580329519128975,0.018884966556561144,0.004704835174126946,-0.8610642747488036,0.8328931753982084,16.805966088527875,0.13893572525119638,0.114858824427741,,,,12.193147803828424,4.269766554080056,1.0,0.0,0.0,0.6680138111114502,0.07559332996606827,-0.011342842091969273,0.4923318922519684,0.07560890167951584,-0.004052050505205629,0.8830339312553406,0.0403597392141819,0.006599235412675352,0.8152152299880981,0.03984283655881882,-0.0034012144805981555,0.4182571768760681,0.07510480284690857,-0.0045720052464399644,0.7599726915359497,0.08381813764572144,0.0010032041472796494,0.7035846710205078,0.13268323242664337,-0.010342371111965417,0.6748759150505066,0.13660824298858643,-0.011662777130445704,-0.5327958319961461,0.5094702777352547,0.7373191714286804,0.11493059247732162,-0.010142904619317484,0.7774084210395813,0.1016303226351738,-0.008529410438986518,0.7594338059425354,0.098939910531044,-0.009032258311875223
D4_learned12_mul_l1_s42_l0,Ansari 3DRECON-QT (D-Series),1lead_clinical_v1,2198,1904,1000,0.8054459360361895,0.33740825177014316,0.9594052875262955,0.8233053219997978,0.7343951275118776,0.6862053568339372,-0.07860997034610451,-0.0887687117081704,-0.06823340453149024,0.009950248756218905,-0.13952857045997497,0.029706484997007135,0.05449444776812392,0.647780928562674,0.19314700675839108,-0.15983224344952685,-0.1987038689743145,-0.11489515439531235,0.009950248756218905,-0.1571787884013948,0.2983742234234535,0.43971048169544275,0.607651357137029,0.4403587913067797,0.7511742493922862,0.6314210307120214,10.058234758871702,0.5793153897483487,0.3356063207992812,0.8735213830755232,-25.51764879732283,27.26469156347388,0.8726830242940573,0.8368392740589962,0.913050040952621,0.5631532870199275,0.5704697986577181,0.9755978526110298,0.6296296296296297,0.9689772176442074,0.5985915492957746,8.889205473233415e-76,0.6075624884449426,0.44804961426224676,-0.2420883568256307,-1.8283895714685525,1.3442128578172912,0.7504288563267927,0.7229441696190827,0.786344380327454,0.3325048091940711,0.024793388429752067,0.9984662576687117,0.6666666666666666,0.892188213796254,0.04780876494023904,-0.9635394130154931,0.9168212984703741,8.555929874020059,0.03646058698450693,0.015537462688078782,-0.866511362759737,0.8384932510008876,16.24429695169946,0.133488637240263,0.10969521288611093,,,,12.40011341285976,8.569858189568695,1.0,0.0,0.0,0.6706014275550842,0.07520230859518051,0.003609757764917066,0.47857505083084106,0.07594836503267288,0.00399403576393099,0.8849251866340637,0.04017737880349159,0.010523477701038574,0.8114120364189148,0.04120933264493942,0.009671176436388259,0.40399619936943054,0.07546012848615646,0.0034909406600558625,0.7549710273742676,0.08458885550498962,0.008248167057529324,0.7009217143058777,0.1331252008676529,0.0016598229774065247,0.6725012063980103,0.13726165890693665,0.001961947826622042,-0.5215764950438176,0.5255003906970618,0.735249400138855,0.11597161740064621,-0.0032252587202311386,0.7782726287841797,0.10180150717496872,0.0007942916774309979,0.7591398358345032,0.09890888631343842,0.0023763681903511426
spatial_1lead_e1_panorama_film_1010010_s42_l0,Spatial Sparse (1010010),1lead_clinical_v1,2198,1904,1000,0.8051971794654197,0.3499960803474333,0.9623909962614857,0.8309184222453229,0.7026684082250969,0.7018819834741131,-0.07885872691687434,-0.08985883197573392,-0.06821293193239492,0.009950248756218905,-0.12694074188268484,0.03479297193697234,0.06130595766046927,0.7217340059317908,0.2596543783195312,-0.09721894323591929,-0.1290284330245711,-0.06288209859239087,0.009950248756218905,-0.09805938097085135,0.20727804864636126,0.3333100564576065,0.5941748725199729,0.40360585174386465,0.7550997882229401,0.6238189775931141,9.984531392174704,0.577541855350079,0.3335545946812111,-2.4194722474977253,-28.66468850269508,23.825744007699626,0.8682808113959666,0.8240814868793731,0.907303433591651,0.5308495155458738,0.44966442953020136,0.9799902391410444,0.6203703703703703,0.9607655502392345,0.5214007782101168,5.892623158769055e-57,0.7423497917905137,0.40378124013703465,-0.3544072770260213,-2.119409725041261,1.4105951709892182,0.7170456658047288,0.6920442058183792,0.7461511879310542,0.26888367788579387,0.128099173553719,0.9749488752556237,0.3875,0.9003777148253069,0.19254658385093168,-0.9492546528235809,0.8392316806265694,17.51922915490131,0.05074534717641908,0.014698650120906745,-0.7912043376799986,0.6285663324174957,41.351533723446465,0.2087956623200013,0.10542686777141909,,,,29.435381439173888,12.9967878315046,1.0,0.0,0.0,0.6650197505950928,0.07709653675556183,-0.0015995294386987053,0.45639944076538086,0.0768282562494278,-0.00041393239771097087,0.8833692073822021,0.039871882647275925,-0.00013020052345637663,0.8150644898414612,0.03930181264877319,-0.00197964151581619,0.39078110456466675,0.07663113623857498,-0.0015530800449329461,0.7510079741477966,0.0861419066786766,0.00010168402167883555,0.6931921243667603,0.13753928244113922,0.0010707798668622307,0.6665899157524109,0.14166845381259918,-0.00031742204804967436,-0.5331611257824042,0.5325262816863049,0.7310751080513,0.11891119927167892,-0.0016987154203677722,0.7717545032501221,0.1051861122250557,-0.0007709627824515909,0.7520748972892761,0.101349838078022,-0.00046665917084893734
D3_theta_mul_l1_s42_l0,Ansari 3DRECON-QT (D-Series),1lead_clinical_v1,2198,1904,1000,0.8045988551227811,0.34575193601482573,0.9492391571403943,0.8231885790430363,0.7149604966087271,0.7034129108980766,-0.07945705125951297,-0.0905274143504047,-0.06856532981908145,0.009950248756218905,-0.1311848862152924,0.029396228335994565,0.05447126723770294,0.6772566011966308,0.2185448923525624,-0.12149858161121874,-0.14636042553128395,-0.09628560338962633,0.009950248756218905,-0.13574123952429612,0.3402162691997042,0.4891336441820799,0.5874074284052754,0.4088396222942249,0.7299869116112958,0.6233957513103053,10.361237488626024,0.6164701673319745,0.3800354672103126,-0.2283894449499545,-27.708548676380506,27.251769786480597,0.9008290179200199,0.8635846777082475,0.9276722183257531,0.5852780009926318,0.6510067114093959,0.9658369936554417,0.5808383233532934,0.9743968488429345,0.6139240506329114,6.0277826392865e-84,0.6227886042505963,0.4660009949605399,-0.3427333976866659,-1.9125412886530175,1.2270744932796855,0.7543371529010123,0.7253277936018663,0.7897847643758471,0.3282600758766463,0.045454545454545456,0.9984662576687117,0.7857142857142857,0.8942307692307693,0.0859375,-0.9713107702900734,0.9082394307338861,9.614046485079383,0.028689229709926614,0.008561139834617284,-0.8677906147312586,0.8635218131006865,13.64992896279546,0.1322093852687414,0.12805431250880253,,,,11.63198772393742,6.316072290086897,1.0,0.0,0.0,0.6747720837593079,0.0747627317905426,-0.0025976590114751325,0.5002260208129883,0.07530620694160461,-0.003902553414992281,0.8853593468666077,0.03913164511322975,-0.004361928399242157,0.8180160522460938,0.03935815393924713,-0.0014507182626112482,0.4298444390296936,0.07452768832445145,-0.0033171755228366133,0.7609779834747314,0.08370403200387955,-0.004194267623990628,0.7094067931175232,0.13206413388252258,-0.007808282421133899,0.6791855692863464,0.13597239553928375,-0.0052176089174699476,-0.5235151394566202,0.5130799216216804,0.7408730387687683,0.11408836394548416,-0.0030212317448902845,0.7787685990333557,0.10068222135305405,-0.0021000403337263873,0.7599328756332397,0.09827125817537308,-0.0024169805606966063
spatial_1lead_pa1_panorama_author_1000000_s42_l0,Spatial Single-Lead (1000000),1lead_clinical_v1,2198,1904,1000,0.8045267140474823,0.3396981715991852,0.9679661483384371,0.8154429478050358,0.7062304869336775,0.7017585922676289,-0.0795291923348117,-0.0910655591126834,-0.06803316947609128,0.009950248756218905,-0.13723865063093293,0.028066216472509512,0.04947258360467239,0.7513078185293427,0.2730231749492283,-0.06096632844835037,-0.08231612349485366,-0.037895678457173315,0.009950248756218905,-0.08589188646740398,0.18257899217248896,0.30218545412062664,0.542511773388021,0.35403181837842435,0.6790751024686691,0.5944283993169699,11.210191082802547,0.48183945254139005,0.2321692580253864,-2.4604185623293904,-31.505020133681388,26.584183009022606,0.830342841982175,0.7917582863108317,0.8574255330752687,0.4432611961435819,0.3691275167785235,0.9873108833577355,0.6790123456790124,0.9555975436939065,0.4782608695652174,3.824802015011414e-49,0.7846687139707658,0.39772909357608255,-0.4530118789805186,-2.2396801448364556,1.3336563868754183,0.7146204093359698,0.6907677965583737,0.7393144347693454,0.28999703988791126,0.15702479338842976,0.9821063394683026,0.5205479452054794,0.904,0.24126984126984127,-0.9474765873783518,0.8211822624359536,19.824126537444997,0.05252341262164812,0.01391591757991075,-0.7809157125553164,0.6035534904714015,44.856675788864166,0.21908428744468356,0.10700284579587677,,,,32.34040116315458,15.446501374770886,1.0,0.0,0.0,0.6525776982307434,0.07929845154285431,-0.013886461502682038,0.385256826877594,0.07950814068317413,-0.0022364175040961646,0.8694120645523071,0.04239384084939957,0.004097679736636602,0.7866239547729492,0.04521801695227623,-0.01386004759671225,0.35423988103866577,0.07839979976415634,-0.008362882872383823,0.7283536791801453,0.08844322711229324,-8.094992095144559e-06,0.6769625544548035,0.14084184169769287,0.008781644741587756,0.649474024772644,0.14498281478881836,0.004608989799109953,-0.5406415870854626,0.5498595666836825,0.714974582195282,0.12233147770166397,-0.011305187316444773,0.7557235956192017,0.10879473388195038,-0.015950039077271553,0.7374255657196045,0.10460736602544785,-0.014481730222118565
conv15e_K4_l1_s42_l0,Kill-Gate Ablation Suite (Round 1),1lead_clinical_v1,2198,1904,1000,0.8039247658781481,0.3413178177675952,0.9594213071459917,0.8337648520896731,0.6953894527937772,0.6948652471039086,-0.08013109541618024,-0.09283654994662609,-0.06903214755268064,0.009950248756218905,-0.13561895524080902,0.027552211797825372,0.049652725089939835,0.7424331815362339,0.27008152356746723,-0.08087495945288836,-0.11261690610488438,-0.051810027302265076,0.009950248756218905,-0.08874363849787906,0.1821813534679164,0.2935559022986175,0.5937192277747029,0.40917535417959444,0.7385540092113001,0.6334283199332144,9.716105550500455,0.5810222060874493,0.33758680396672675,-1.0336669699727024,-26.696599746855536,24.62926580691013,0.8722293736345442,0.8364968373531256,0.9161405882034689,0.5243022592470913,0.4697986577181208,0.9790141532454856,0.6194690265486725,0.9621103117505995,0.5343511450381679,9.021518242905403e-60,0.7411395592023504,0.39375808945045593,-0.29245159534349346,-2.089427940193787,1.5045247495068,0.7088847200392098,0.6829342257935087,0.7412796482451933,0.2721623830143706,0.1487603305785124,0.9677914110429447,0.36363636363636365,0.9018580276322058,0.21114369501466276,-0.9486624004289309,0.7614887753487936,28.451844008748463,0.05133759751670458,0.009263192457720277,-0.7733718548607285,0.5718633677832525,49.914253952796514,0.22662814551402544,0.1028970956658836,31.696554981722976,-0.9370464040310901,0.7372065068694609,39.18304898077249,12.99147420576403,1.0,0.0,0.0,0.6671106219291687,0.07591059803962708,-0.002669660393928179,0.45080435276031494,0.07655606418848038,-0.001460088936375665,0.8760908842086792,0.04009807109832764,0.0010708639706320103,0.7962652444839478,0.04076296463608742,0.0009306809142429415,0.4011225402355194,0.07560939341783524,-0.0015668253278395862,0.7388487458229065,0.08581382036209106,0.00046629467769016697,0.6868075728416443,0.13435088098049164,0.0009636971114672041,0.671474039554596,0.13846302032470703,-0.0014147080145118576,-0.5396300892002573,0.5368006731712337,0.7303978800773621,0.11771400272846222,-0.003356692958867337,0.7731066346168518,0.10332377254962921,-0.0017368619197039004,0.7548381090164185,0.1004420816898346,-0.0046306387956389665
D7_learned12_add_l1_s42_l0,Ansari 3DRECON-QT (D-Series),1lead_clinical_v1,2198,1904,1000,0.803067551351458,0.33734146682189675,0.9622059017926633,0.8329146448755211,0.6931751066060499,0.6964553667498611,-0.08098835503083601,-0.09354104366472694,-0.06869595067982637,0.009950248756218905,-0.13959535540822138,0.030337620867129947,0.05602031088406966,0.6729093662794772,0.21927254832630208,-0.14381187026523612,-0.172026895580092,-0.10680916606038614,0.009950248756218905,-0.13541736555011713,0.2623048005304695,0.4038343329878214,0.611366018711879,0.4461632978691762,0.7566802129072185,0.6312545453592422,10.117379435850774,0.6090091964362313,0.3708922013439035,1.6715195632393085,-25.041676389426158,28.384715515904773,0.8943239622536447,0.8587200789367234,0.9233849453905665,0.5426005780616786,0.5973154362416108,0.9643728648121035,0.5493827160493827,0.9705304518664047,0.572347266881029,2.0223451533548379e-72,0.6187399786585998,0.46346814275632214,-0.3181371869717651,-1.891611906292645,1.255337532349115,0.7507246193107877,0.7234012125105455,0.7918644421191676,0.3161295574987254,0.06198347107438017,0.995398773006135,0.625,0.8955841766329347,0.11278195488721804,-0.984258523669878,0.9076619237869747,9.880197974247517,0.01574147633012203,0.002507987268719212,-0.8773405941217121,0.8607056569776367,13.961584797667994,0.12265940587828796,0.10776233395168264,,,,11.920891385957756,0.9062145371669257,1.0,0.0,0.0,0.6671222448348999,0.07477916777133942,0.002654645049087799,0.4913327991962433,0.07489344477653503,0.00032178215904890247,0.8789729475975037,0.03966542333364487,-0.0009112472620455461,0.809363842010498,0.040639154613018036,0.007082671779056573,0.4118695855140686,0.0741700530052185,0.001504233390632641,0.7549152970314026,0.08504068106412888,0.001002001845483748,0.7007884383201599,0.134024977684021,0.00042856687031492106,0.6711175441741943,0.1372789740562439,0.003289704071605698,-0.5202446195608199,0.5268240277040313,0.735457181930542,0.1147138774394989,0.0025235440681373703,0.7785038352012634,0.10121124237775803,0.0037038127506218823,0.7564140558242798,0.09881197661161423,0.0027804526646788555
D2_current_id_l1_s42_l0,Ansari 3DRECON-QT (D-Series),1lead_clinical_v1,2198,1904,1000,0.801861361695382,0.3424248471911843,0.9630748596804404,0.8305732396158212,0.6797620416762197,0.6925634225498739,-0.08219454468691201,-0.09350524824529974,-0.07155151962778923,0.009950248756218905,-0.1345119750389338,0.030258865838361324,0.0558409956807359,0.6930088636273231,0.23900452269786748,-0.1081027618914342,-0.1404895407186632,-0.0789593045975008,0.009950248756218905,-0.11616399342746969,0.3111380256344454,0.4638278435797742,0.5957712639190577,0.4249472677729046,0.7381715162931454,0.6241950076911231,10.21383075523203,0.563369123188977,0.3173847689627168,-0.45040946314831665,-27.246974181736427,26.34615525543979,0.8564646037844619,0.8207507053852318,0.8935354885253883,0.5145585095820645,0.4899328859060403,0.9760858955588092,0.5983606557377049,0.9633911368015414,0.5387453874538746,4.461637570279242e-61,0.6409919848758812,0.46036105963570084,-0.38890538951068493,-1.9645585742947491,1.1867477952733794,0.7472282783214184,0.7212739207784289,0.7833878819098827,0.30961655094759866,0.049586776859504134,0.995398773006135,0.5714285714285714,0.8943500229673863,0.09125475285171103,-0.9833031866903138,0.919576863485391,8.483934621882696,0.016696813309686233,0.0032860175290099058,-0.8912275519647019,0.8929868243731235,10.701664156660758,0.10877244803529802,0.11055705833967297,,,,9.592799389271727,1.2857135324897258,1.0,0.0,0.0,0.6630328297615051,0.07539110630750656,-0.0032706731742224476,0.4855773150920868,0.07560078799724579,-0.002113373098156622,0.8827461004257202,0.03933263197541237,-0.0022367680243970188,0.8035141229629517,0.04023520275950432,-0.004980297610299579,0.41558676958084106,0.07476542890071869,-0.002616244895267528,0.7544275522232056,0.08434285968542099,-0.003876959489644985,0.6977626085281372,0.13389113545417786,-0.009101523452926336,0.6600168943405151,0.13855411112308502,-0.008254824494976979,-0.5388337090398567,0.5223240600499028,0.7331753969192505,0.11563326418399811,-0.004673657396762945,0.773762047290802,0.10179610550403595,-0.003100706689866464,0.753690779209137,0.09946995228528976,-0.00517129919649469
spatial_1lead_cm1_capacity_matched_1000000_s42_l0,Spatial Single-Lead (1000000),1lead_clinical_v1,2198,1904,1000,0.8018469792792869,0.3386161186591333,0.965350571215643,0.8260410974693575,0.6905993177472227,0.702712131094963,-0.08220892710300709,-0.09329683538594463,-0.07080391887334019,0.009950248756218905,-0.1383207035709848,0.028346775605957154,0.05126876576074997,0.7391576567948178,0.2690872966917883,-0.0895555465112774,-0.11737417463709605,-0.05731357139486701,0.009950248756218905,-0.08984677111789827,0.1966779828601687,0.32210760888596995,0.5497244873075011,0.353938488063863,0.6895302963727288,0.6057046774859116,11.34758871701547,0.4287624883895331,0.18383727144998444,1.1656050955414012,-28.833879252729524,31.165089443812327,0.780618144061107,0.7460295425995301,0.8216880577730626,0.3479836574183288,0.37583892617449666,0.977061981454368,0.5436893203883495,0.9556085918854416,0.4444444444444444,3.183360997284015e-42,0.7911737966906276,0.382412277978121,-0.4613438606045266,-2.259203345403804,1.336515624194751,0.704919383460934,0.6793519139802996,0.7303652449936642,0.2752274021082235,0.128099173553719,0.9821063394683026,0.4696969696969697,0.901031894934334,0.2012987012987013,-0.9441936872863372,0.8210689729142534,19.73943910520882,0.0558063127136628,0.015777271812147373,-0.7852882404732541,0.6167330864399976,42.933358417525284,0.21471175952674595,0.10737836665051836,,,,31.33639876136705,15.143055820222846,1.0,0.0,0.0,0.6527717113494873,0.07771559804677963,9.636529340567502e-05,0.4078933894634247,0.07897181063890457,0.004527707245964062,0.862945556640625,0.04309878125786781,0.011751930510063086,0.79131680727005,0.04206690192222595,0.0018248861604892967,0.36586517095565796,0.07739818096160889,0.0002465125317570785,0.7232680320739746,0.08906722813844681,0.009699017061237518,0.675747811794281,0.14086313545703888,0.008692961381499073,0.6508365869522095,0.14491160213947296,0.006400858900249181,-0.538881098409498,0.5516828162099965,0.7144826650619507,0.12199733406305313,-0.0013642630278349684,0.7571945786476135,0.10691789537668228,-0.0022301658428587755,0.741460382938385,0.10249510407447815,-0.0017489197333263662
factorial_ecg_aim_1100013_s42,Factorial Baseline,1lead_clinical_v1,2198,1904,1000,0.8007482698623998,0.3311709979934892,0.9629126587723128,0.8238518483185514,0.7194743636993416,0.658942221233268,-0.08330763651989426,-0.09406574812525455,-0.07206152954187309,0.009950248756218905,-0.14576582423662893,0.02961170468802218,0.05433394428001508,0.7559840664287395,0.27573296901830235,-0.06640755678505916,-0.09628004081020845,-0.03887831064543033,0.009950248756218905,-0.08347956816096258,0.16118240510214946,0.25638802061183374,0.5761312336347881,0.39684973265297324,0.7251802618881569,0.6063637063632344,11.308462238398544,0.4908623678363014,0.24094586415786012,-6.134667879890809,-33.54955382992344,21.280218070141824,0.835228184644007,0.8011663238816309,0.8680541656863597,0.3633364155809039,0.2214765100671141,0.9892630551488532,0.6,0.945870275314979,0.3235294117647059,2.9505144765726304e-26,0.9468146499256528,0.4146172956042928,-0.7882019754997485,-2.5280472575724717,0.951643306572975,0.7269600635467897,0.7013896905647214,0.7538032105201408,0.2829591905236267,0.06611570247933884,0.9902862985685071,0.45714285714285713,0.8955154877484974,0.11552346570397112,-0.918389282165774,0.7216225251063871,33.20303963808377,0.081610717834226,0.020059338448092896,-0.7692874272518948,0.5821887439765693,47.79393805276502,0.23071257274810517,0.11137038943720738,,,,40.4984888454244,32.260732035994764,1.0,0.0,0.0,0.6280184388160706,0.08121336996555328,0.005423030641534609,0.34495148062705994,0.08272617310285568,0.0044047306759731715,0.8662316203117371,0.043163616210222244,0.005055727150523636,0.7838051319122314,0.0446622297167778,-0.003203430351181901,0.26094624400138855,0.07987211644649506,0.0019739882768643763,0.68603515625,0.09358469396829605,-0.00871047411731901,0.638329267501831,0.15183506906032562,-0.0061614422205887856,0.4414467513561249,0.16034309566020966,0.008477905528358918,-0.6315577098507467,0.6485135209074645,0.6386157870292664,0.13029001653194427,0.0054025512248294895,0.7457377314567566,0.10982250422239304,0.004156706192876765,0.7353002429008484,0.10408329963684082,0.005695989670894042
spatial_1lead_t000_exact_theta_1000000_s42_l0,Spatial Single-Lead (1000000),1lead_clinical_v1,2198,1904,1000,0.8003568338755954,0.3376383488881199,0.9643643653525845,0.8187558561352799,0.6834657015488651,0.7021344669609487,-0.08369907250669861,-0.09658779478225098,-0.07227079819528245,0.009950248756218905,-0.13929847334199824,0.029196979083554158,0.05419740429342081,0.7394442892350803,0.2651626882470363,-0.08503428307363536,-0.11286926113071187,-0.05816010278531609,0.009950248756218905,-0.09335162592339127,0.19178290536152354,0.31193173073123515,0.4857454135385049,0.30003172133503536,0.6043748464914402,0.5528296727890392,12.038216560509554,0.43109673139777555,0.1858443918218454,-2.969972702456779,-34.21993719664382,28.27999179173026,0.7733679221489612,0.730550869243497,0.8195023221251228,0.4694359435011686,0.3624161073825503,0.9804782820888238,0.574468085106383,0.9548479087452472,0.4444444444444444,2.3126965214739568e-42,0.8164947673041133,0.3888375193012916,-0.5367271195253098,-2.315992243146675,1.2425380040960554,0.7090537274586355,0.6834109878728967,0.7348979054350832,0.27719833128713267,0.12396694214876033,0.9897750511247444,0.6,0.9013035381750466,0.2054794520547945,-0.9465460722348618,0.8355341562791396,17.921526526241095,0.05345392776513823,0.01594352090676876,-0.7830332568292823,0.6170246245757123,42.763950208055284,0.2169667431707177,0.11008003086347014,,,,30.34273836714819,15.587077740455575,1.0,0.0,0.0,0.6435980796813965,0.07909499853849411,0.00154386783104487,0.37297049164772034,0.08104512095451355,0.006908545690657674,0.8279659152030945,0.04862234741449356,0.01528639547011055,0.781590461730957,0.04373636469244957,0.0018313929258572444,0.3495781421661377,0.0781169906258583,0.0016181453578482208,0.6966320872306824,0.09319830685853958,0.01654985519656554,0.6703978180885315,0.14389877021312714,0.012654396738406227,0.6424986124038696,0.14768892526626587,0.005623371657666657,-0.5428399419957882,0.5540866853111216,0.7080889344215393,0.1258697807788849,0.009207518754906519,0.7507076263427734,0.11180487275123596,0.012440320669462455,0.7278509140014648,0.10700193792581558,0.008887072315607163
spatial_1lead_a0_1000000_s42_l0,Spatial Single-Lead (1000000),1lead_clinical_v1,2198,1904,1000,0.7998754974171384,0.32945160337365814,0.9604992877985198,0.817781292020262,0.7022398083865559,0.6902981171371713,-0.08418036387718997,-0.09530985744806278,-0.07369703767612026,0.009950248756218905,-0.14748516963474606,0.02979926450126636,0.05547959349791177,0.7319220952927608,0.2616678682612209,-0.08554185196965947,-0.10876075928956924,-0.06214488364716032,0.009950248756218905,-0.09651684969498617,0.17963321657578227,0.2912466718043822,0.5426755822415404,0.3627203376511729,0.672595874554286,0.5927105345191621,11.400363967242948,0.48141948005706114,0.2317647157784107,-0.14467697907188354,-29.575141937239344,29.28578797909558,0.8333398842453841,0.793608125019121,0.8775967760915849,0.49573968456789946,0.48322147651006714,0.9814543679843827,0.6545454545454545,0.9631226053639846,0.555984555984556,2.4737129958019482e-64,0.8264610339379831,0.3653275853354677,-0.5539427618678316,-2.348078997382661,1.2401934736469975,0.6944916256823676,0.6699815324149996,0.7216277049287876,0.258984609928643,0.09504132231404959,0.9897750511247444,0.5348837209302325,0.8983758700696056,0.16140350877192983,-0.9532091032506359,0.8353833738918384,18.12352265399852,0.04679089674936412,0.012080367345785025,-0.7888710554836169,0.6175288869690052,43.001243349418736,0.21112894451638312,0.10366079036202502,,,,30.56238300170863,11.787567481333454,1.0,0.0,0.0,0.6440936923027039,0.07861154526472092,-0.007273980499132845,0.3919346034526825,0.07990270107984543,0.002440629167818175,0.8280057907104492,0.04636920243501663,0.013814663895650206,0.7818212509155273,0.043636832386255264,-0.007436896580398516,0.35171231627464294,0.07808618992567062,-0.0028149790792722784,0.6982836723327637,0.09181620180606842,0.011051700749753412,0.6668364405632019,0.1425432711839676,0.008284408963660653,0.6414051651954651,0.1458946019411087,-0.0028164022059181805,-0.5549115911314743,0.5492787867196379,0.7062293887138367,0.12358151376247406,-0.006416533084395428,0.749744176864624,0.10876236855983734,-0.008808677382853035,0.7329553365707397,0.10378799587488174,-0.008555480014005152
D1_theta_mul_currentloss_s42_l0,Ansari 3DRECON-QT (D-Series),1lead_clinical_v1,2198,1904,1000,0.7992859928776651,0.3259636235196471,0.9482586939783535,0.8166712421209325,0.712953656717682,0.6900923694234828,-0.08476991350462892,-0.09603145934349383,-0.0729350616077765,0.009950248756218905,-0.15097319871047105,0.028392920755401847,0.052307085876789894,0.6979244074604488,0.23811790539839617,-0.11541214397225785,-0.1476263983853225,-0.0840867412704447,0.009950248756218905,-0.11760538369271176,0.2593955146148173,0.3967173896961225,0.5496227165329627,0.35281163378129665,0.7063270425638859,0.5897294732537056,10.92356687898089,0.5623408481455225,0.3162272294930248,-0.2502274795268426,-29.032980193327898,28.532525234274214,0.8609634426353009,0.8160594002859815,0.8998015930557456,0.5156584628673456,0.5637583892617449,0.9663250366032211,0.5490196078431373,0.9682151589242054,0.5562913907284768,1.7408726102151747e-67,0.6154819731282798,0.4181029876821942,-0.19998981114188794,-1.8118147582271902,1.4118351359434145,0.7266199361151955,0.7016104502902755,0.7606226387188072,0.31662772442029097,0.028925619834710745,0.9994887525562373,0.875,0.8926940639269406,0.056,-0.9747747591557004,0.8964479922968928,11.039577606265032,0.02522524084429957,0.00576392372952546,-0.8666168795169492,0.8435815374662925,15.704747936134108,0.13338312048305076,0.11328456632470253,,,,13.37216277119957,5.393994588652541,1.0,0.0,0.0,0.6639401912689209,0.07758641242980957,-0.007648326843316453,0.4766094982624054,0.07646504789590836,-0.003750007071115788,0.8766177892684937,0.04130977764725685,0.004078458092676571,0.8029764890670776,0.0412152037024498,-0.0001016430444755641,0.40322738885879517,0.07714025676250458,-0.009379101204688737,0.7519974112510681,0.08558903634548187,-0.006091682032023365,0.6932834386825562,0.1366042047739029,-0.00023530395283105082,0.6621702909469604,0.14036057889461517,0.0006877900308796178,-0.5232934774607645,0.5246690575225237,0.727542519569397,0.11830481886863708,-0.0021792666926918314,0.7695316672325134,0.10468742996454239,-0.004140105883491548,0.7523289918899536,0.10120607912540436,-0.003355893202670313
conv15e_B2_hardbasis_nodel_s42_l0,Kill-Gate Ablation Suite (Round 1),1lead_clinical_v1,2198,1904,1000,0.7991377503737356,0.3253516661537312,0.9641107374469237,0.8307318888150972,0.7073338849634,0.6632232816210352,-0.08491811092059276,-0.0962807428926375,-0.07409175242301716,0.009950248756218905,-0.15158510685467302,0.039364078310348584,0.06835345396084765,0.7215745576362443,0.2553374596304719,-0.08308654705927487,-0.10573498098323496,-0.055543186055858895,0.009950248756218905,-0.10161532054859515,0.22498766289220862,0.35033446889727693,0.571408014804974,0.3705640669931436,0.7304550239408821,0.6132049534808965,10.154686078252958,0.586033372572437,0.3434351137686244,-0.24385805277525022,-26.943384880956852,26.455668775406355,0.8802313127045113,0.8521971869529151,0.9082741424331418,0.5515427281909134,0.5302013422818792,0.9682772083943387,0.5486111111111112,0.9659201557935735,0.5392491467576792,1.0571909834897897e-62,0.7729581475827345,0.3995895215498121,-0.4514341350166878,-2.215997118312718,1.3131288482793426,0.7090748533860636,0.6828186741933862,0.7366435353478058,0.25745688044840886,0.1115702479338843,0.9805725971370143,0.4153846153846154,0.8992030004688233,0.1758957654723127,-0.952339561500698,0.8037448056602007,22.37270873108438,0.047660434132077184,0.010153070240769824,-0.7829474787910331,0.6239717775311653,41.65320780236139,0.21705251870444328,0.11310483985487277,25.217665864398743,-0.9396724444937299,0.780351297957435,32.01295826672289,8.945605474620299,1.0,0.0,0.0,0.6856625080108643,0.07594963163137436,-1.5653491354161633e-05,0.020171573385596275,0.1196305975317955,-1.6391253547657634e-05,-0.6177251935005188,0.15584155917167664,-6.771062925601053e-05,0.294810950756073,0.10121804475784302,-0.0001342071399732968,0.3805478811264038,0.09043285995721817,-0.0004425376479538631,0.7646797895431519,0.08452942222356796,-0.0032347105465122578,0.7175412774085999,0.13331960141658783,-7.543015238854063e-05,0.6955350041389465,0.13775348663330078,0.0019365434574653971,-0.5234440227961922,0.527317109711123,0.7554611563682556,0.11549077928066254,0.0008873231245925639,0.7907373905181885,0.10185211896896362,4.5769348484956456e-05,0.7692795395851135,0.09911859035491943,-0.002529226667496151
spatial_1lead_t111_exact_theta_1000000_s42_l0,Spatial Single-Lead (1000000),1lead_clinical_v1,2198,1904,1000,0.7990508931348046,0.33763996526189094,0.955091885811561,0.8396267497914458,0.6633452821924771,0.6938071596655483,-0.08500501324748944,-0.09540581580076322,-0.07473222625071946,0.009950248756218905,-0.1392968569682272,0.028180947837158837,0.05101871359424294,0.7552300427933656,0.2784605116745224,-0.0638839822584335,-0.08618227268917379,-0.0368246633373417,0.009950248756218905,-0.08092902261817408,0.15920848078864658,0.25420225484808906,0.482713730422236,0.2688117055643081,0.6191027890451116,0.5602266966572884,11.829845313921748,0.4329419851148431,0.18743876247518065,-3.724294813466788,-33.932048526350414,26.48345889941684,0.799623977648288,0.756120951295783,0.8454696677335015,0.42254679030250275,0.3422818791946309,0.9848706686188384,0.6219512195121951,0.9536862003780718,0.44155844155844154,2.330500816205553e-42,0.7957598993434377,0.37396121177201846,-0.41198433097706155,-2.2575609777459644,1.4335923157918415,0.7076847673612873,0.68388309158211,0.7377474015878961,0.27303729782695824,0.15289256198347106,0.9703476482617587,0.3894736842105263,0.9025202092249168,0.2195845697329377,-0.9610341781905121,0.8681790100710723,14.175221626082813,0.03896582180948793,0.01071119312953037,-0.7828060312092315,0.6187176246733311,42.47998121753252,0.21719396879076852,0.11104811353829587,,,,28.327601421807664,17.43027781695555,1.0,0.0,0.0,0.6393347978591919,0.07941208779811859,-0.003239855267690084,0.3798033893108368,0.07992138713598251,-0.003267569699282684,0.8688430190086365,0.04224885627627373,-0.004557687082291044,0.78383868932724,0.042717404663562775,-0.004050277320798527,0.3402004539966583,0.07900547981262207,-0.00602689317210792,0.6993719339370728,0.09372100979089737,-0.007851890185292242,0.6396393179893494,0.1446731835603714,-0.006163010328456271,0.627129852771759,0.14861410856246948,-0.0049394506811005785,-0.5635329016047362,0.5536540002425351,0.6918054223060608,0.12584999203681946,-0.001989958831942183,0.749304473400116,0.10830989480018616,-0.004366400790312732,0.7344553470611572,0.1038249135017395,-0.0009707128490356559
conv15e_B1_hardbasis_s42_l0,Kill-Gate Ablation Suite (Round 1),1lead_clinical_v1,2198,1904,1000,0.798618444049293,0.34117579641230356,0.9786206544252272,0.8224242997984255,0.7053373639681931,0.6584118746585679,-0.08543741724503529,-0.0962728704862809,-0.07052605011039906,0.009950248756218905,-0.13576097659610065,0.03875225263195124,0.06597625582050744,0.6824274728657245,0.2281623871438307,-0.10410831531334708,-0.14625550083530053,-0.0643820879266786,0.009950248756218905,-0.12661194947533563,0.19477708480256709,0.3090072944475493,0.6622718625932918,0.5112648567462229,0.785822891637125,0.6897278393965276,10.089171974522293,0.6454576018642865,0.41661551580439476,0.10373066424021839,-27.098068613981134,27.30552994246157,0.9324944890452374,0.9112804403228653,0.9545548308790794,0.6119567480664213,0.6778523489932886,0.9648609077598829,0.5838150289017341,0.9762962962962963,0.6273291925465838,1.0770668990001583e-88,0.7227551719890712,0.44006535247456013,-0.3849411341848972,-2.086689434115633,1.3168071657458387,0.7328964491541178,0.6976865126544416,0.7649502534216736,0.28696178698307734,0.1446280991735537,0.9815950920245399,0.49295774647887325,0.9026798307475318,0.22364217252396165,-0.9350646270476105,0.8188525212912685,19.76404015975482,0.06493537885285558,0.021334726351114327,-0.7664725472472694,0.6281126148141282,40.236512477869304,0.23352745151847862,0.13553626633857044,21.562514139863595,-0.9172864677502616,0.8011959908391028,30.000276318812062,9.704883325182822,1.0,0.0,0.0,0.7019864916801453,0.07339315116405487,0.00014072839076161592,0.01664014346897602,0.13816241919994354,-0.0024399814642761097,-0.37106749415397644,0.1696094423532486,-0.002451435134228296,0.22926898300647736,0.11988797038793564,-0.0013686237796756429,0.25426802039146423,0.12475122511386871,-0.0019107247430523889,0.7862721681594849,0.08061540126800537,-0.0012084653761950093,0.762703537940979,0.12040478736162186,0.00126463050002199,0.7348564267158508,0.1268628090620041,-0.00021312058845821235,-0.5037574056976862,0.5033311645207698,0.7765425443649292,0.11023996025323868,-0.0016329410155358297,0.8000451326370239,0.09897219389677048,-0.003172951092175293,0.7781083583831787,0.09690708667039871,-0.0033129713508441294
spatial_1lead_pg1_permuted_geometry_1000000_s42_l0,Spatial Single-Lead (1000000),1lead_clinical_v1,2198,1904,1000,0.7974289475777714,0.33855480287032497,0.9552342425749667,0.8180145049918801,0.6803278145154867,0.6916477120056518,-0.08662695880452265,-0.09905368627576033,-0.07501553383947045,0.009950248756218905,-0.13838201935979316,0.0282313271119041,0.05057766938869535,0.7357257828154111,0.2714814485759975,-0.08614665477329542,-0.11649637681175622,-0.05485191498572263,0.009950248756218905,-0.08729936946851863,0.19002099166927325,0.3112704179881451,0.5640894547077656,0.39287036596725905,0.694244227065948,0.6051537710900895,10.797998180163786,0.4615381820232065,0.2130174934652863,-1.9153776160145586,-30.56300433093263,26.73224909890351,0.7828962237267484,0.7392442861160871,0.8108053335521272,0.43107193900316926,0.3691275167785235,0.9887750122010737,0.7051282051282052,0.9556603773584905,0.4845814977973568,1.3320978278650962e-50,0.7846057642661408,0.3970220709957586,-0.43527523546841496,-2.2298214471511577,1.3592709762143276,0.7164076627963968,0.6905428223707385,0.742354332869791,0.27985925232473824,0.1487603305785124,0.9759713701431493,0.43373493975903615,0.9026004728132387,0.22153846153846155,-0.9513775952023097,0.8191916467106337,20.213806905000187,0.048622404797690345,0.011695661691084948,-0.7582280310546472,0.5488923331662214,53.09437872567157,0.24177196894535283,0.11009392817209455,,,,36.65409281533588,16.400608551143495,1.0,0.0,0.0,0.6545233726501465,0.07750541716814041,-0.0013649771805713563,0.41009461879730225,0.07869351655244827,-0.0022796958287268805,0.8730261325836182,0.04128643497824669,0.0025904755250639048,0.79270339012146,0.04271054267883301,0.0067917866898055635,0.3589228093624115,0.07766708731651306,-0.0005356462627764358,0.7355211973190308,0.08811080455780029,-0.0038071061930595195,0.6802957057952881,0.14036443829536438,0.0015220475482244794,0.6514186859130859,0.1442953199148178,0.002052133029625331,-0.5426498436673906,0.5467541097266413,0.7159674763679504,0.12145368754863739,-0.00020387162331274658,0.7610253095626831,0.10620495676994324,0.0009752823650780679,0.7467008829116821,0.1021600216627121,0.001286075773746635
factorial_ecg_aim_1100111_s42,Factorial Baseline,1lead_clinical_v1,2198,1904,1000,0.7967714173162198,0.3219353438699412,0.9583155142093087,0.8225777954836534,0.7169940137121535,0.658456343843432,-0.08728448906607422,-0.09882560494379117,-0.07777689562316228,0.009950248756218905,-0.15500147836017691,0.03271532573781135,0.05910193252295769,0.7542233749045746,0.27798696612347734,-0.06956628019456834,-0.09845176719577958,-0.04178543246656343,0.009950248756218905,-0.0814353390423097,0.18217708625027576,0.2970435272078806,0.5788924185020421,0.3981649572006788,0.7162644880530564,0.6222478102523908,10.688808007279345,0.5621849428726949,0.31605190999277427,-2.5577797998180163,-30.127093367938883,25.011533768302854,0.8885968273932939,0.8512570558062178,0.9196250604453314,0.5207795991801205,0.47651006711409394,0.9755978526110298,0.5867768595041323,0.9624458353394318,0.5259259259259259,2.6641656874724042e-58,0.9363860514920012,0.3896521298389488,-0.7479387361071563,-2.536636564833173,1.0407590926188603,0.7132408862749074,0.689294537839157,0.7389887239303997,0.2545251548576253,0.0743801652892562,0.9902862985685071,0.4864864864864865,0.8963442850532161,0.12903225806451613,-0.9198289224930973,0.7683941687915804,26.145051972803124,0.08017107750690262,0.024583626722397035,-0.7679395826496281,0.589812524098219,46.398295784089214,0.2320604173503719,0.11606467184445499,,,,36.271673878446165,28.58684890521513,1.0,0.0,0.0,0.6158838272094727,0.08041879534721375,-0.0010008391318585823,0.2984148859977722,0.0844615176320076,0.0013580539276138827,0.864837646484375,0.04327915981411934,0.004475749306934597,0.7632630467414856,0.04532056674361229,0.0015435183265670681,0.24953648447990417,0.08001824468374252,-0.0013320768083086789,0.6883826851844788,0.09460035711526871,0.0032458016934371597,0.38352882862091064,0.1592889130115509,0.0019007498235349934,0.4362412691116333,0.15984125435352325,0.0015269187775346902,-0.6335339072767769,0.6365877448318462,0.6052895188331604,0.13231317698955536,0.0010189248352413308,0.7369877696037292,0.10938932746648788,2.210614443792032e-05,0.7331944704055786,0.10357470065355301,0.0006029590968615123
D0_current_id_currentloss_s42_l0,Ansari 3DRECON-QT (D-Series),1lead_clinical_v1,2198,1904,1000,0.7964786551231915,0.32461253546442337,0.9541428269899743,0.8190584539697056,0.6766787219814955,0.69506887409685,-0.08757720617113685,-0.09762619382076894,-0.07519689797675595,0.009950248756218905,-0.15232423754398083,0.028296924482729018,0.05160443347905783,0.6643367827523368,0.2291338402590144,-0.1422345340896306,-0.1855034617609957,-0.09896656115434171,0.009950248756218905,-0.12246917837836696,0.38346291972151536,0.5213617408353215,0.5543226320313376,0.3657475103374312,0.7112413214325473,0.5859790643240342,10.317561419472247,0.5650371696409728,0.3192670030758815,0.12465878070973613,-27.042454517455354,27.29177207887483,0.8805080887386546,0.8497146791424572,0.9108571646162389,0.5451915294703178,0.5234899328859061,0.974621766715471,0.6,0.9656673114119922,0.5591397849462365,4.5172915880987834e-66,0.656915520189891,0.4435357416628162,-0.4158298045640864,-2.010820313697365,1.1791607045691919,0.7405102333992463,0.7127914723343127,0.779152119285935,0.3074401220169253,0.012396694214876033,0.9994887525562373,0.75,0.8910665451230629,0.024390243902439025,-0.9831809005135619,0.9242778576122372,7.94759577946083,0.016819099486438085,0.003559342147285241,-0.8997852218840506,0.9064650927757342,9.358413214707742,0.10021477811594941,0.10731521672956795,,,,8.653004497084286,2.2838171540542755,1.0,0.0,0.0,0.6438059210777283,0.07731331884860992,-0.0024070466854896697,0.43890145421028137,0.07875222712755203,-0.0002705056353506453,0.8707466721534729,0.04328040033578873,0.005677380802154553,0.7632365822792053,0.044167883694171906,-0.007477539114063254,0.3841860890388489,0.07684259861707687,-0.003045349039829448,0.7438095808029175,0.08699873089790344,0.0023781970060438896,0.6861493587493896,0.13832341134548187,-0.004196762315415269,0.6609845757484436,0.14157041907310486,-0.005068820015685904,-0.5365220381052891,0.5263843980739173,0.7219172120094299,0.11840976029634476,-0.0018069593018295686,0.7577130198478699,0.104359470307827,-0.001618866625676395,0.7439526915550232,0.1013316810131073,-0.0018520469364573795
conv15e_B3_hardbasis_adaptive_s42_l0,Kill-Gate Ablation Suite (Round 1),1lead_clinical_v1,2198,1904,1000,0.7951055676569865,0.33809738421633834,0.9746131221188624,0.823730645205537,0.7009284908236866,0.6484869251131085,-0.08895029363734186,-0.10072819471137144,-0.07494780842078337,0.009950248756218905,-0.13883938879206587,0.040035569195165786,0.06710553845127372,0.67857289889995,0.22985725490098846,-0.10947868213000322,-0.14839288293121938,-0.06744467476896723,0.009950248756218905,-0.1253420678028379,0.2051072670997517,0.3254406286729499,0.6651957633831321,0.5117725621663608,0.7898129078550674,0.694001820127968,10.13739763421292,0.6431693871948162,0.41366686062455554,-0.13557779799818018,-27.435269992003548,27.164114396007186,0.9218410683227372,0.8971898021038548,0.9401630666477191,0.6215698106302595,0.6845637583892618,0.9594924353343094,0.5513513513513514,0.9766517635370094,0.6107784431137725,3.354085716291674e-86,0.7018146041689188,0.45763394995257917,-0.3566639925860838,-2.0311913141362794,1.317863328964112,0.7316310061011678,0.6970438428490442,0.7629424559137109,0.320195362670068,0.16942148760330578,0.9790388548057259,0.5,0.9050094517958412,0.25308641975308643,-0.9310030952757402,0.8109030406763548,20.68845648454274,0.06899690957736848,0.023010771903653283,-0.7491224591898712,0.6053216875583461,42.88397722028156,0.2508775430786785,0.1467670402760622,22.756287650627836,-0.9137517447783503,0.7913646866334954,31.78621685241215,8.937452550267166,1.0,0.0,0.0,0.7054365873336792,0.07242896407842636,-0.00017527526710206192,0.009584730491042137,0.1417471319437027,-0.0034121274347198075,-0.4820415675640106,0.16902264952659607,-0.0034022278834943535,0.33393973112106323,0.1083325445652008,-0.0017812710279944616,0.2620636820793152,0.12311486899852753,-0.002937298197051112,0.7852152585983276,0.0806170403957367,-0.0012148602480906894,0.7616053223609924,0.1203070804476738,-0.00020658518002280798,0.7353891134262085,0.1264447271823883,-0.00034591434770712043,-0.5018371032246792,0.5011452745292649,0.7781066298484802,0.10943250358104706,-0.002567645450871693,0.8006641864776611,0.09881363809108734,-0.0020040777793562926,0.7777212858200073,0.09697307646274567,-0.0023702230977773737
conv15e_B4_hardbasis_l1_s42_l0,Kill-Gate Ablation Suite (Round 1),1lead_clinical_v1,2198,1904,1000,0.7892985748063129,0.31290173955249706,0.9621652288346846,0.8221957338636571,0.696434497024429,0.6564255265196174,-0.0947572864880154,-0.10479894634627704,-0.08441339957427144,0.009950248756218905,-0.16403503345590714,0.036272251669829565,0.06778197502053257,0.7275540177223399,0.2489194518015257,-0.0673348342315232,-0.09294394089146212,-0.044540999451234485,0.009950248756218905,-0.1074730143247333,0.20781951538426455,0.3274401848004199,0.6068193768305146,0.43471700208517305,0.744548211056906,0.6411929173494646,9.724294813466788,0.5712102512318094,0.32628115111230627,-1.5423111919927206,-27.716219928703676,24.631597544718236,0.8662221872840246,0.8345617186965912,0.9169529676456758,0.5223232840877321,0.5100671140939598,0.9799902391410444,0.6495726495726496,0.9649207111965401,0.5714285714285714,4.831350262596938e-68,0.7487708711157721,0.38729043251788703,-0.33510956846116563,-2.1242956028071553,1.4540764658848242,0.7025680677381737,0.6781320330171975,0.7332664229034129,0.26480828812946067,0.128099173553719,0.9754601226993865,0.3924050632911392,0.9004247286455875,0.19314641744548286,-0.9524590498837374,0.7547278396777143,29.70757864725196,0.04754095265231829,0.007607965209853659,-0.7679934922282694,0.568972225673603,50.06435713683518,0.2320065091256387,0.10751564888779826,33.87784209449332,-0.9321795448276259,0.7222438890372213,39.88596789204357,10.783197055555421,1.0,0.0,0.0,0.6720839142799377,0.07560396194458008,-0.0017749340021626923,0.03318871930241585,0.1379380077123642,-0.002522627005491649,-0.44324052333831787,0.16193579137325287,-0.002571192417813622,0.17267876863479614,0.11865776032209396,-0.0013299438364768397,0.10665721446275711,0.12263170629739761,-0.0023330770389934394,0.7431531548500061,0.08552128821611404,0.00019782886446316684,0.6938450932502747,0.1336502581834793,-0.0015131791368242099,0.6695863008499146,0.13839192688465118,-0.0011418709244461129,-0.5407706475056571,0.5384869056567649,0.7281193137168884,0.11803136765956879,-0.0016624835185801263,0.7724083065986633,0.10347222536802292,-0.002907866054906764,0.7565466165542603,0.10043943673372269,-0.00219520615549479
conv15e_C1_E1_morlet_mag_morlet_phase_s42_l0,Kill-Gate Ablation Suite (Round 1),1lead_clinical_v1,2198,1904,1000,0.7835642885148881,0.30577159663311243,0.9649966811783095,0.8160074870323427,0.644480884498815,0.6438374044815878,-0.1004916178674059,-0.11340964416201618,-0.08755935558661965,0.009950248756218905,-0.1711652255970057,0.031352897535184665,0.05972886919012802,0.6881704978193048,0.22769477479992287,-0.10535690182466917,-0.16003253966229802,-0.055527163994667644,0.009950248756218905,-0.12695324905574862,0.3219886709568543,0.4664619995562825,0.5298378844400673,0.3638707511873065,0.6725124856622867,0.5531304164706085,11.656050955414013,0.43815256578255674,0.1919776709018375,-2.535031847133758,-32.92301827287705,27.852954578609538,0.8025358580548377,0.76080910481544,0.8430936272510273,0.4602264131997689,0.3825503355704698,0.9853587115666179,0.6551724137931034,0.9564187588820464,0.4830508474576271,1.0840718536667139e-49,0.8395423612559894,0.29352192248726433,-0.5049986566490645,-2.400677006406713,1.3906796931085839,0.6595387787523872,0.6306634316108105,0.6926194754981458,0.2129464030948781,0.1115702479338843,0.9775051124744376,0.38028169014084506,0.8989186647860837,0.17252396166134185,-0.910251969888784,0.6496345627103299,45.49187305140891,0.08974803011121599,0.017705820941240274,-0.7107855355741974,0.39804982411801215,84.76571685588942,0.28921446442580256,0.09867788094037486,,,,65.12879495364916,13.071319654004688,1.0,0.0,0.0,0.6137606501579285,0.09276574105024338,0.022419604885708322,-0.017169835045933723,0.11875367164611816,0.03516875653425411,-0.5865432024002075,0.13360396027565002,0.03465944926259841,0.5095491409301758,0.08850276470184326,0.026641925750723737,0.3537607192993164,0.0968984067440033,0.02871968316945624,-0.009402421303093433,0.1261947602033615,0.031991973284911476,0.45527902245521545,0.16175323724746704,0.04747985413159593,0.5717616677284241,0.1605406552553177,0.04812129688966323,-0.5368709508961738,0.6331135446755003,0.6935521364212036,0.13229666650295258,0.03755919986661413,0.7558074593544006,0.11119464784860611,0.018079088521745456,0.7232800126075745,0.11353716254234314,0.02002831899023211
factorial_ecg_aim_1101113_s42,Factorial Baseline,1lead_clinical_v1,2198,1904,1000,0.7537372915734235,0.2841299456020026,0.9683870699444714,0.7882945968697044,0.6909035597287003,0.5406902988460286,-0.13031861480887053,-0.14238347805413537,-0.1167297380394815,0.009950248756218905,-0.19280687662811552,0.043085641492939086,0.0856385448426866,0.742517319903093,0.27084485424625576,-0.04898420536209214,-0.07281202394218601,-0.03059517034796415,0.009950248756218905,-0.08405830362962441,0.27402335365885727,0.43022153167178234,0.12027206119220889,0.06274982264742084,0.1458571709577335,0.1522091899714723,22.13972602739726,0.14024276843023156,0.019668034096975585,-2.453881278538813,-55.93565335622281,51.027890799145176,0.6411927960040644,0.6007948417932372,0.6873171427304834,0.12269769162419734,0.3288590604026846,0.8495835374816266,0.13764044943820225,0.945474372955289,0.19405940594059407,2.0565568775045258e-07,1.6363149915954895,0.38242049039304393,-1.6322038898683469,-3.271632948988529,0.0072251692518350286,0.7138091737227265,0.6871874036646485,0.7440766445438642,0.27962140339055586,0.0,1.0,0.0,0.8898999090081893,0.0,-0.9375258770225366,0.8965063269914825,10.537051808277393,0.062474122977463346,0.03704087325404529,-0.8968569967229402,0.8914699690138311,10.856258403636241,0.10314300327705987,0.09799396626422824,,,,10.696655105956818,24.99930960349509,1.0,0.0,0.0,0.4555625319480896,0.08770136535167694,-0.009778995831012324,0.18934398889541626,0.08779163658618927,-0.0072447404590748185,0.6438735127449036,0.05969684571027756,-0.0055888818378815016,0.6307828426361084,0.05881959944963455,-0.00742072238281778,0.12256071716547012,0.08700243383646011,-0.008330857513905028,0.5188913941383362,0.10323455184698105,-0.0102367709269115,0.4339524209499359,0.1666194498538971,-0.009642943072263748,0.2067703902721405,0.18811465799808502,-0.012188033231135686,-0.7262250057284553,0.7018489392661839,0.3505435287952423,0.15827485918998718,-0.01586691545430278,0.4809812009334564,0.13092100620269775,-0.015803460360850986,0.5235773324966431,0.11753372102975845,-0.01378443010365922
conv15e_K1_nold_s42_l0,Kill-Gate Ablation Suite (Round 1),1lead_clinical_v1,2198,1904,1000,0.6954903516012023,0.5193795078194134,,0.704040404040404,0.744773519163763,,-0.041192100158950695,-0.07248840354614625,-0.016092453876938636,0.18181818181818182,0.021312625356827097,0.031866523046788546,0.0524874118191252,0.7714431225867214,0.45744704689584065,0.0008820298245700853,-0.042158749604031605,0.03484658113194995,0.9090909090909091,-0.025940492217509936,0.19751620355064423,0.3155998553847894,0.6884579303481081,0.5364363577189166,0.8084144733046906,0.7205229600207174,9.770833333333334,0.7385103164326031,0.5453974874773843,-1.6875,-26.212966764161695,22.837966764161695,0.9972826086956522,0.9800157322654461,1.0,0.95,1.0,0.9782608695652174,0.6666666666666666,1.0,0.8,4.515406567207311e-06,0.7362775206565857,0.2878219361141945,-0.4715161348382632,-2.114364334541316,1.1713320648647896,0.7395348837209302,0.6192874751254864,0.8608616525789201,0.21143365004639098,0.0,0.9651162790697675,0.0,0.8924731182795699,0.0,-0.9558792546495185,0.8451300795839403,16.9382928618181,0.04412074535048155,0.011492539373950882,-0.8410236317416833,0.6413032326800134,42.08954835716077,0.1589763682583168,0.06004694340796881,,,,29.513920609489436,25.165589691738308,1.0,0.0,0.0,0.7134903073310852,0.07027366012334824,-0.0006069204828236174,0.5836593508720398,0.07008514553308487,-0.0027660045245228404,0.9005925059318542,0.0365043506026268,0.00047412892469396646,0.8416500091552734,0.036495789885520935,0.0014567914307238622,0.5122010707855225,0.06984018534421921,-0.0017506073030488472,0.7880941033363342,0.08869925141334534,-0.0007626694077310752,0.7605430483818054,0.12432108074426651,-0.001256969454927523,0.7489388585090637,0.12014143913984299,-0.0012196832618947473,-0.4318734709967032,0.4294341044729137,0.8244442343711853,0.09887780994176865,-0.00025450750441180145,0.8265355229377747,0.0942581295967102,0.00021647627819475375,0.814061164855957,0.079426109790802,-0.00036767223155765455
