model_id,architecture_family,has_clinical_evaluation,has_lead1_training_metrics,study_track,architecture,evaluation_version,n_ptbxl_ecgs,n_ptbxl_patients,n_echonext_patients,ecgfounder_macro_150_auroc,ecgfounder_macro_150_auprc,ecgfounder_arrhythmia_auroc,ecgfounder_conduction_auroc,ecgfounder_hypertrophy_auroc,ecgfounder_infarct_auroc,ecgfounder_delta_auroc_vs_gt,ecgfounder_ci_low_vs_gt,ecgfounder_ci_high_vs_gt,ecgfounder_pval_vs_gt,ecgfounder_delta_auprc_vs_gt,ecgfounder_brier_score,ecgfounder_ece,echonext_shd_macro_12_auroc,echonext_shd_macro_12_auprc,echonext_delta_auroc_vs_gt,echonext_ci_low_vs_gt,echonext_ci_high_vs_gt,echonext_pval_vs_gt,echonext_delta_auprc_vs_gt,echonext_brier_score,echonext_ece,semiseg_miou,semiseg_p_wave_iou,semiseg_qrs_wave_iou,semiseg_t_wave_iou,qrs_duration_mae_ms,qrs_duration_pearson_r,qrs_duration_r2,qrs_duration_bland_bias_ms,qrs_duration_loa_low_ms,qrs_duration_loa_high_ms,conduction_delay_120ms_auroc,conduction_delay_120ms_ci_low,conduction_delay_120ms_ci_high,conduction_delay_120ms_auprc,conduction_delay_120ms_sens,conduction_delay_120ms_spec,conduction_delay_120ms_ppv,conduction_delay_120ms_npv,conduction_delay_120ms_f1,conduction_delay_120ms_fisher_p,lvh_sokolowlyon_mae_mv,lvh_sokolowlyon_pearson_r,lvh_sokolowlyon_bland_bias_mv,lvh_sokolowlyon_loa_low_mv,lvh_sokolowlyon_loa_high_mv,lvh_sokolowlyon_auroc,lvh_sokolowlyon_ci_low,lvh_sokolowlyon_ci_high,lvh_sokolowlyon_auprc,lvh_sokolowlyon_sens,lvh_sokolowlyon_spec,lvh_sokolowlyon_ppv,lvh_sokolowlyon_npv,lvh_sokolowlyon_f1,v3_r_presacan_slope,v3_r_presacan_r2,v3_r_var_ret_pct,v3_r_direct_slope,v3_r_direct_r2,v6_r_presacan_slope,v6_r_presacan_r2,v6_r_var_ret_pct,v6_r_direct_slope,v6_r_direct_r2,v3_t_var_ret_pct,v3_t_presacan_slope,v3_t_presacan_r2,avg_precordial_var_ret_pct,spurious_coupling_ratio_v3,lead_I_pearson_r,lead_I_mae_mv,lead_I_bland_bias_mv,lead_II_pearson_r,lead_II_mae_mv,lead_II_bland_bias_mv,lead_III_pearson_r,lead_III_mae_mv,lead_III_bland_bias_mv,lead_aVR_pearson_r,lead_aVR_mae_mv,lead_aVR_bland_bias_mv,lead_aVL_pearson_r,lead_aVL_mae_mv,lead_aVL_bland_bias_mv,lead_aVF_pearson_r,lead_aVF_mae_mv,lead_aVF_bland_bias_mv,lead_V1_pearson_r,lead_V1_mae_mv,lead_V1_bland_bias_mv,lead_V2_pearson_r,lead_V2_mae_mv,lead_V2_bland_bias_mv,lead_V3_pearson_r,lead_V3_mae_mv,lead_V3_bland_bias_mv,lead_V3_loa_low_mv,lead_V3_loa_high_mv,lead_V4_pearson_r,lead_V4_mae_mv,lead_V4_bland_bias_mv,lead_V5_pearson_r,lead_V5_mae_mv,lead_V5_bland_bias_mv,lead_V6_pearson_r,lead_V6_mae_mv,lead_V6_bland_bias_mv,observed_lead,factorial_mask,seed,epochs_trained,status,val_missing_pearson,val_missing_pearson_p05,val_recon_loss,miou_wave,P_iou,QRS_iou,T_iou,macro_f1_wave,boundary_f1_smoke,train_recon,train_ssl,train_ce,train_dice,train_boundary,train_fid,train_total,train_grad_norm,train_consistency,mean_all_missing_r,p05_all_missing_r,mean_chest_r,p05_chest_r,mean_limb_r,p05_limb_r,mean_septal_r,mean_anterior_r,mean_lateral_chest_r,mean_high_lateral_r,mean_inferior_r,pearson_lead_I,p05_lead_I,p50_lead_I,p95_lead_I,rmse_lead_I,mae_lead_I,snr_lead_I,pearson_lead_II,p05_lead_II,p50_lead_II,p95_lead_II,rmse_lead_II,mae_lead_II,snr_lead_II,pearson_lead_III,p05_lead_III,p50_lead_III,p95_lead_III,rmse_lead_III,mae_lead_III,snr_lead_III,pearson_lead_aVR,p05_lead_aVR,p50_lead_aVR,p95_lead_aVR,rmse_lead_aVR,mae_lead_aVR,snr_lead_aVR,pearson_lead_aVL,p05_lead_aVL,p50_lead_aVL,p95_lead_aVL,rmse_lead_aVL,mae_lead_aVL,snr_lead_aVL,pearson_lead_aVF,p05_lead_aVF,p50_lead_aVF,p95_lead_aVF,rmse_lead_aVF,mae_lead_aVF,snr_lead_aVF,pearson_lead_V1,p05_lead_V1,p50_lead_V1,p95_lead_V1,rmse_lead_V1,mae_lead_V1,snr_lead_V1,pearson_lead_V2,p05_lead_V2,p50_lead_V2,p95_lead_V2,rmse_lead_V2,mae_lead_V2,snr_lead_V2,pearson_lead_V3,p05_lead_V3,p50_lead_V3,p95_lead_V3,rmse_lead_V3,mae_lead_V3,snr_lead_V3,pearson_lead_V4,p05_lead_V4,p50_lead_V4,p95_lead_V4,rmse_lead_V4,mae_lead_V4,snr_lead_V4,pearson_lead_V5,p05_lead_V5,p50_lead_V5,p95_lead_V5,rmse_lead_V5,mae_lead_V5,snr_lead_V5,pearson_lead_V6,p05_lead_V6,p50_lead_V6,p95_lead_V6,rmse_lead_V6,mae_lead_V6,snr_lead_V6,rdb_boundary_micro_f1_20ms,rdb_signal_pearson_p05,rdb_miou_wave,rdb_p_iou,rdb_qrs_iou,rdb_t_iou,rdb_p_dice,rdb_qrs_dice,rdb_t_dice,rdb_mae_P_onset_ms,rdb_f1_P_onset,rdb_mae_P_offset_ms,rdb_f1_P_offset,rdb_mae_QRS_onset_ms,rdb_f1_QRS_onset,rdb_mae_QRS_offset_ms,rdb_f1_QRS_offset,rdb_mae_T_onset_ms,rdb_f1_T_onset,rdb_mae_T_offset_ms,rdb_f1_T_offset
reference,Physiological Ground Truth Standard,True,True,Reference Standard,Ground Truth (True 12-Lead Human Acquisition),1lead_clinical_v1,2198.0,1904.0,1000.0,0.884102,0.476884,0.9412,0.8924,0.9185,0.9035,0.0,0.0,0.0,1.0,0.0,0.02604,0.04466,0.802626,0.341847,0.0,0.0,0.0,1.0,0.0,0.03812,0.03154,1.0,1.0,1.0,1.0,0.0,1.0,1.0,0.0,0.0,0.0,1.0,1.0,1.0,1.0,1.0,1.0,1.0,1.0,1.0,0.0,0.0,1.0,0.0,0.0,0.0,1.0,1.0,1.0,1.0,1.0,1.0,1.0,1.0,1.0,0.0,0.0,100.0,1.0,1.0,0.0,0.0,100.0,1.0,1.0,100.0,0.0,0.0,100.0,1.0,1.0,0.0,0.0,1.0,0.0,0.0,1.0,0.0,0.0,1.0,0.0,0.0,1.0,0.0,0.0,1.0,0.0,0.0,1.0,0.0,0.0,1.0,0.0,0.0,1.0,0.0,0.0,0.0,0.0,1.0,0.0,0.0,1.0,0.0,0.0,1.0,0.0,0.0,0,1111111,42.0,15.0,COMPLETED,1.0,1.0,0.0,1.0,1.0,1.0,1.0,1.0,1.0,0.0,0.0,0.0,0.0,0.0,0.0,0.0,0.0,0.0,1.0,1.0,1.0,1.0,1.0,1.0,1.0,1.0,1.0,1.0,1.0,1.0,1.0,1.0,1.0,0.0,0.0,100.0,1.0,1.0,1.0,1.0,0.0,0.0,100.0,1.0,1.0,1.0,1.0,0.0,0.0,100.0,1.0,1.0,1.0,1.0,0.0,0.0,100.0,1.0,1.0,1.0,1.0,0.0,0.0,100.0,1.0,1.0,1.0,1.0,0.0,0.0,100.0,1.0,1.0,1.0,1.0,0.0,0.0,100.0,1.0,1.0,1.0,1.0,0.0,0.0,100.0,1.0,1.0,1.0,1.0,0.0,0.0,100.0,1.0,1.0,1.0,1.0,0.0,0.0,100.0,1.0,1.0,1.0,1.0,0.0,0.0,100.0,1.0,1.0,1.0,1.0,0.0,0.0,100.0,1.0,1.0,1.0,1.0,1.0,1.0,1.0,1.0,1.0,0.0,1.0,0.0,1.0,0.0,1.0,0.0,1.0,0.0,1.0,0.0,1.0
conv15e_conv_control_s42_l0,Baseline / Other,True,True,15-Epoch Convergence,conv_control,1lead_clinical_v1,2198.0,1904.0,1000.0,0.8219022769879646,0.36797013250104194,0.9721502638799516,0.8438512752579079,0.737237613338437,0.7233905845912733,-0.06215358430636375,-0.0739290260816468,-0.05102807944441014,0.009950248756218905,-0.10896664050736227,0.03169005310110274,0.05238268330198985,0.7369126949667049,0.2709910703918656,-0.08155163793988651,-0.10876721421471656,-0.0538348491924339,0.009950248756218905,-0.08754614736363805,0.16386368605876564,0.2634151426285195,0.6614345997333563,0.5176238100131779,0.7817543669721249,0.6849256222147662,9.951774340309372,0.6583307755176441,0.4333994099936622,-1.283894449499545,-27.425090868582203,24.857301969583112,0.9259763315547607,0.8963467974839521,0.9487082499990728,0.6232614605228983,0.6375838926174496,0.9677891654465594,0.5900621118012422,0.9734904270986745,0.6129032258064516,1.0022020159796222e-82,0.7264594205056026,0.46966871647477576,-0.4505245451145111,-2.1011412945272743,1.2000922042982518,0.738691291047677,0.7049588451218934,0.7698428021151037,0.3169914261243754,0.15289256198347106,0.9856850715746421,0.5692307692307692,0.9038912330051571,0.24104234527687296,-0.9330412895514668,0.8511272254498571,15.675633613313058,0.06695871044853315,0.02860151770462354,-0.7607800624292211,0.6472137817554039,37.27136370805428,0.2392199375707788,0.15353926663711637,,,,26.47349866068367,8.509872653349875,1.0,0.0,0.0,0.7079863548278809,0.07206074893474579,-0.0003869627792099632,0.5406817197799683,0.07282153517007828,-0.0020508898022388042,0.8996763825416565,0.037413090467453,-0.0017521213097209595,0.8378536105155945,0.03756268694996834,0.001879068912108039,0.49190038442611694,0.07167045027017593,-0.0005903951150853033,0.7890809178352356,0.08013775944709778,-0.0023417568110812594,0.7647885084152222,0.1196213960647583,-0.0022384252667709123,0.7363713383674622,0.1259894222021103,-0.001458312225681458,-0.5006895436158415,0.49777291916447863,0.7799249291419983,0.10902491211891174,-0.001222312631475563,0.8045732975006104,0.09804964810609818,-0.0007078754708838882,0.7801167964935303,0.09674718230962753,-0.0009274824009192196,I,1110000,42.0,15.0,completed,0.746096775759962,0.4026222497224808,0.8425241052240565,0.8353404998779297,0.7880141735076904,0.8846120834350586,0.8333951830863953,0.9097806811332704,0.8737932784335792,1.5003778652870523,0.2450043858191958,0.1918368107540079,0.1390681760693413,0.0,0.0,1.7741030269328646,0.5548955240039521,0.0020808507184993,0.7460892519227174,0.403073188662529,0.7744174130670328,0.2834358322123686,0.6921888826858565,0.1924468979239464,0.7802261424305722,0.7518170750621125,0.791209021708414,0.8290729426213148,0.5789944941423446,0.9999568177864084,0.9999244928359984,0.9999631643295288,0.9999756753444672,0.0067419211652828,0.0016220200969266,37.747312338702784,0.7094558500874646,0.2040209636092186,0.7919455170631409,0.9478538453578949,0.1422551162702666,0.0724800990922594,3.380063174121795,0.5400665161953447,-0.1488538861274718,0.623343288898468,0.9403552651405336,0.1400398017608788,0.07263942744559,1.87823757393784,0.8948879883809342,0.6462901949882508,0.9403575658798218,0.9860020935535432,0.0759092249173971,0.0375364374241821,7.966223594432665,0.8290729426213148,0.4359995722770691,0.903855323791504,0.9849633753299714,0.067067718206431,0.0374308002210788,6.326496946956259,0.4874611161442247,-0.1752223551273345,0.5591810941696167,0.916139030456543,0.1466272572910975,0.0718298386803739,1.3620269986163258,0.7889010246563234,0.3223890960216522,0.8683704733848572,0.9712918519973756,0.1642472221833554,0.0796602864366193,4.455467685388996,0.771551260204821,0.3100891441106796,0.8553306460380554,0.9656946778297424,0.2527436535660413,0.1190454388328282,3.989725515356888,0.7374869521341039,0.2755428105592727,0.8104941248893738,0.9602939307689666,0.2610431082544455,0.1252473760430372,3.582821804347188,0.766147197990121,0.2102729007601738,0.8622464537620544,0.9690757274627686,0.343632160852062,0.1160083478099086,4.079071711805793,0.8020236888035204,0.3197203397750854,0.8886123299598694,0.977553242444992,0.1980127633134302,0.0967587504546152,4.802777593509148,0.7803943546133075,0.262600702047348,0.8746097683906555,0.9776748716831208,0.2036347683198434,0.0936736180952592,4.688419070259501,0.7222613730586458,0.4450413670531393,,,,,,,,,,,,,,,,,,,
conv15e_K2_noart_s42_l0,Kill-Gate Ablation Suite (Round 1),True,True,Kill-Gate Ablation Suite (Round 1),K2_noart,1lead_clinical_v1,2198.0,1904.0,1000.0,0.8210181164555431,0.3515513551495197,0.9686193718158044,0.8508946458514192,0.7509063484461167,0.7043755028887849,-0.06303774483878521,-0.073708543944721,-0.05120224388258185,0.009950248756218905,-0.12538541785888452,0.032610516676151065,0.05341319110215483,0.7513645743867358,0.27803426371387446,-0.05653053471066993,-0.07876780590029862,-0.03527817616483566,0.009950248756218905,-0.08112722223224078,0.17106769650545994,0.2749644729550928,0.6653007019685324,0.516470424800287,0.7869510094847947,0.692480671620516,9.833484986351229,0.6510065146398731,0.42380948210355507,0.7415832575068244,-25.109522403894236,26.592688918907886,0.9273798644616297,0.9033876437868142,0.9487451538102826,0.626587925858511,0.6778523489932886,0.9682772083943387,0.608433734939759,0.9763779527559056,0.6412698412698413,2.3014471781358426e-91,0.6892116138401413,0.4727843107668608,-0.3184204115392513,-1.9833371495725751,1.3464963264940726,0.7539568862073044,0.728115901084046,0.7820466603111597,0.3202025678742687,0.16115702479338842,0.9729038854805726,0.42391304347826086,0.9036087369420702,0.23353293413173654,,,28.746724415534125,0.11904365386257994,0.049297415500840415,,,43.395081735362055,0.2480980742561805,0.14184245482585392,,,,36.070903075448086,5.9930445373719285,1.0,0.0,0.0,0.7093545198440552,0.0704028382897377,-0.0005830087986173424,0.5620580315589905,0.07073993980884552,-0.0006378147975115746,0.8994917869567871,0.03640458360314369,0.0011847732579328297,0.8432657718658447,0.03661923483014107,8.35302306923826e-05,0.49676087498664856,0.0697181299328804,-0.0003209821960249531,0.7883948087692261,0.07982145249843597,-0.0012195774727771524,0.7568998336791992,0.12018447369337082,-0.000672688597950246,0.7217206954956055,0.125653937458992,0.00044134149286066394,-0.5013139446763988,0.5021966276621201,0.77272629737854,0.10864946246147156,0.001052503780173911,0.7971001267433167,0.09821315854787827,0.00022611100004152427,0.7780672907829285,0.0968732163310051,0.0005405365319555026,I,1110000,42.0,15.0,completed,0.7408648675595176,0.3951807975769043,0.8464636897695237,0.8272706866264343,0.7668497562408447,0.8847340941429138,0.8302281498908997,0.9047080874443054,0.8676001948232674,0.5689486715682718,0.0,0.0257672470523502,0.0165300426167986,0.0,0.0,0.6031829904459389,0.3550133904490068,0.0040410200412205,,,,,,,,,,,,,,,,,,,,,,,,,,,,,,,,,,,,,,,,,,,,,,,,,,,,,,,,,,,,,,,,,,,,,,,,,,,,,,,,,,,,,,,,,,,,,,,,,,,,,,,,,,,,,,,,,,,,
conv15e_A0_wave_noSSL_gated_add_s42_l0,Wavelet / MTL / SSL,True,True,15-Epoch Convergence,A0_wave_noSSL_gated_add,1lead_clinical_v1,2198.0,1904.0,1000.0,0.8208384576581194,0.3675063472347303,0.9731660598604309,0.8439770026398022,0.7454616094998733,0.7117227928996458,-0.06321744872417467,-0.07440140618360615,-0.051686857353513534,0.009950248756218905,-0.10943047499538783,0.031615230165778045,0.051611326055769055,0.7373752628124912,0.2740823630308007,-0.08526088394764841,-0.11186486833908536,-0.0545370448072421,0.009950248756218905,-0.08508199959820706,0.16293898566988202,0.26096598368200163,0.6661457770047633,0.5209696106410872,0.7843290538233121,0.6931386665498904,10.049135577797998,0.6505066722734635,0.4231589306722952,-1.2083712465878071,-27.93386141558591,25.517118922410297,0.9324650099410091,0.9126551370151141,0.9503177140766143,0.6009460219816944,0.6375838926174496,0.9653489507076622,0.572289156626506,0.9734251968503937,0.6031746031746031,6.661227788247831e-81,0.7184145985894902,0.4633747470126455,-0.41426824530869644,-2.0795005558944952,1.2509640652771026,0.7366209501597121,0.7081034483033812,0.7694895461068628,0.31181478469957336,0.1652892561983471,0.9826175869120655,0.5405405405405406,0.9048964218455744,0.25316455696202533,-0.9254129697064655,0.8131999056210485,20.228432115220496,0.07458703029353451,0.027502007359048987,-0.7577268822926377,0.6273787816602335,39.97031468883949,0.24227311770736226,0.1468496435263091,,,,30.09937340202999,8.057603838900961,1.0,0.0,0.0,0.707257091999054,0.07203403860330582,0.00194238497711574,0.5426459312438965,0.07280885428190231,-0.0009568767951514597,0.8987099528312683,0.037296704947948456,-0.0009796653156458762,0.837876558303833,0.03780851513147354,0.0011162581728128102,0.49537065625190735,0.07143928855657578,-0.00022838524548826248,0.7901695966720581,0.07987581938505173,-0.001654187112062698,0.7681654691696167,0.11933143436908722,0.000691183651401707,0.7388696670532227,0.1263275295495987,0.0017417018621220717,-0.5009872786888845,0.5044706824131286,0.779014527797699,0.10938776284456253,-4.40444115876702e-05,0.8030655980110168,0.09864013642072678,-0.0020250179688327216,0.7793959379196167,0.0969545915722847,-0.0015742410756468307,I,1110000,42.0,15.0,completed,0.7473844447153127,0.4080470204353332,0.8376972087915393,0.8377607464790344,0.7914786338806152,0.884173572063446,0.8376300930976868,0.9112573266029358,0.8736841193838587,1.4796582485937868,0.0,0.1856561970316794,0.1343339440872211,0.0,0.0,1.7325841899017371,0.4918532289810834,0.0020553704796899,0.7473752500418535,0.4087283700704575,0.7751285391217194,0.2823830053210258,0.6950125668763736,0.1891573691368103,0.7809674746087705,0.7518142013940375,0.7926039413623505,0.8282041307080126,0.5840705446188873,0.9999397363457394,0.9998709738254548,0.999954879283905,0.9999753177165984,0.0042552354549625,0.0017128864033684,37.2931625883458,0.7116583368028085,0.189508306980133,0.7920088768005371,0.9503946363925934,0.1378369358605865,0.0721932616506319,3.4349977839214447,0.5462720466844235,-0.1478045627474784,0.6339243054389954,0.9375099658966064,0.1400545162911848,0.0723817996783979,1.9327432274149168,0.894647069817193,0.6488977909088135,0.939695119857788,0.9857056736946106,0.0726477244417232,0.0374129613532087,8.006176138510462,0.8282041307080126,0.4286809951066971,0.9004217982292175,0.9851220071315766,0.0684341296757212,0.0375457696635421,6.299601187290853,0.4942812503694298,-0.1734956845641136,0.5773108005523682,0.9145090818405152,0.1384699826238842,0.0715382406419801,1.407373223510608,0.7903179041409897,0.3240500658750534,0.8681496381759644,0.972746878862381,0.1664372235199484,0.0798824347326966,4.477095682882485,0.7716170450765512,0.2961620539426803,0.8536336421966553,0.966795927286148,0.2503907004535481,0.1186388314719108,4.012956335546771,0.7374815165444498,0.2711866497993469,0.8097469210624695,0.9602470099925996,0.2614258541018671,0.1251145707416905,3.592943405872952,0.7661468862436253,0.2217235237360001,0.8612454533576965,0.9693863987922668,0.3447453589446363,0.1163952829588445,4.058386712278309,0.8030454123287538,0.3127635985612869,0.8911094069480896,0.978829151391983,0.1988073619540538,0.0968968097058236,4.788391671631532,0.7821624703959472,0.2684121400117874,0.8791866898536682,0.9779033660888672,0.2030896077001311,0.093535990507158,4.6903787169744575,0.7223644393084024,0.4710945119698821,,,,,,,,,,,,,,,,,,,
conv15e_ssl_log_magnitude_real_both_gated_add_s42_l0,Wavelet / MTL / SSL,True,True,15-Epoch Convergence,ssl_log_magnitude_real_both_gated_add,1lead_clinical_v1,2198.0,1904.0,1000.0,0.8204562242171614,0.36380163047474706,0.9728394262107517,0.8383216949983203,0.7458863940992021,0.7105168457862202,-0.06359968216513268,-0.07454361056756534,-0.0530168191052795,0.009950248756218905,-0.11313519175537107,0.03208820792297282,0.05263033488199117,0.7364216848358031,0.28337621871640084,-0.0797054713748433,-0.10852574107811383,-0.04854520170751607,0.009950248756218905,-0.07543330026171924,0.15860695435522162,0.25362299613794304,0.663752816364778,0.5184532038345329,0.7832583770225505,0.6895468682372504,10.070063694267516,0.6591928972677045,0.4345352758081908,-1.72975432211101,-28.11458423116239,24.65507558694037,0.9299019656011609,0.904267210521473,0.9562653945366775,0.6329356414600417,0.6912751677852349,0.9673011224987799,0.6058823529411764,0.9773175542406312,0.64576802507837,2.0839777222860606e-93,0.7156551341179612,0.46298922989661034,-0.40906284333251625,-2.0760250207599493,1.2578993340949167,0.7393271814632661,0.7073663280664586,0.7716174659071401,0.30716003651887414,0.15289256198347106,0.983640081799591,0.5362318840579711,0.9037106622827619,0.2379421221864952,-0.9280405588845811,0.8260682265198566,18.651954315006883,0.07195944111541885,0.02776203136518728,-0.7545294351305394,0.6157074073810875,41.55924521899145,0.2454705648694606,0.14498772241762178,,,,30.105599766999166,8.59059381925191,1.0,0.0,0.0,0.7081460952758789,0.0719727873802185,0.0014977511315651594,0.545465350151062,0.07240770757198334,0.0007235409533190629,0.8989834785461426,0.037361063063144684,-0.0017481660967198908,0.8384442329406738,0.03756588324904442,0.0002603836761971151,0.4950609803199768,0.07141303271055222,0.00029265885637336887,0.7885724306106567,0.07995211333036423,-0.0019922779513129036,0.7656210660934448,0.1195414736866951,-0.0016878020864318007,0.7381683588027954,0.12607380747795105,0.00032126552455405877,-0.4999490425634046,0.5005915736125127,0.7792699337005615,0.10947978496551514,-0.0027733188919143326,0.8012644052505493,0.09864578396081924,-0.0021832748631783797,0.7793659567832947,0.09696153551340103,-0.0026904758767851275,I,1110000,42.0,15.0,completed,0.7470307278639261,0.4096869558095932,0.8377618055412734,0.8360959887504578,0.7872705459594727,0.8845524787902832,0.8364647626876831,0.9102221131324768,0.8750443494860652,1.488743166590846,0.0581178520709239,0.1880269007919176,0.1360624994321143,0.0,0.0,1.7478098462232032,0.5647817010395092,0.0020527197620704,0.7470425162711822,0.4097917675971985,0.7747464956478539,0.2827044906715552,0.6966933020443126,0.1915834349393844,0.7812062866842452,0.7517513802470149,0.7912818200123017,0.830129251411258,0.586460609336202,0.99997042034178,0.9999452948570252,0.9999743700027466,0.9999845027923584,0.0020558367297233,0.0010760616120224,40.746112404970525,0.7111714116446555,0.173111392557621,0.7916429042816162,0.9494445323944092,0.144496994195977,0.0722692579575364,3.4369615027461813,0.5505151621029131,-0.1458303719758987,0.6353877782821655,0.940700387954712,0.1400658165474191,0.0724206857602536,1.9398430917665672,0.8939554308016984,0.643693333864212,0.940314531326294,0.9861383736133577,0.0746202866611554,0.0374450263389366,8.039757380829428,0.830129251411258,0.4384389221668243,0.9027802348136902,0.9850005388259888,0.0660882725378802,0.037197446447818,6.411977998994247,0.4976952542610376,-0.1514961019158363,0.566395103931427,0.9137266993522644,0.1397988610124937,0.0714790546277685,1.4260909880389447,0.7887569208826957,0.3184871912002563,0.8685141801834106,0.9712264835834504,0.164030603886924,0.0797401247516213,4.458029375875845,0.7736556524857947,0.3126655161380768,0.854464590549469,0.9673527538776396,0.250861126989231,0.1190982605942853,3.9949778043601,0.7389529826060162,0.2782778561115265,0.8128608465194702,0.9603695273399352,0.2617604540755012,0.1252834915003875,3.593397499831966,0.7645497778880137,0.2011738196015358,0.8630107045173645,0.9702123165130616,0.344867441024169,0.1164869496882972,4.081543635848671,0.8007909600348632,0.3146851420402527,0.8881697058677673,0.9780490636825562,0.1974175615533477,0.0971029314169412,4.797893038985523,0.7817726799897402,0.2709374189376831,0.8772841691970825,0.977662318944931,0.2015284958620088,0.0935398423331787,4.716606674430038,0.7294920134026787,0.4554664791474179,,,,,,,,,,,,,,,,,,,
conv15e_ssl_log_magnitude_phase_sin_local_gated_add_s42_l0,Wavelet / MTL / SSL,True,True,15-Epoch Convergence,ssl_log_magnitude_phase_sin_local_gated_add,1lead_clinical_v1,2198.0,1904.0,1000.0,0.8198949114972117,0.3632769122076769,0.9736392298964849,0.8403488346647628,0.7371212408840832,0.71397374778438,-0.06416099488508231,-0.07604991074593406,-0.05405098733980995,0.009950248756218905,-0.11365991002244125,0.031704194035937557,0.05208808164326222,0.743489047635638,0.27558146906178327,-0.08203634071213572,-0.1043025833413549,-0.05027607301230072,0.009950248756218905,-0.08386128333514187,0.15820847412428773,0.24988079745702763,0.6643905421224716,0.5179086550484142,0.7845209051148673,0.6907420662041336,10.177434030937215,0.6460077690746454,0.41732603770480026,-1.3166515013648772,-27.81067448142316,25.177371478693406,0.9229907533876405,0.9009368756137619,0.9424406412208779,0.6247277447870693,0.6375838926174496,0.9677891654465594,0.5900621118012422,0.9734904270986745,0.6129032258064516,1.0022020159796222e-82,0.7242396896513513,0.4634410243697339,-0.43601810179644,-2.0928779401854904,1.2208417365926105,0.7449213270462575,0.712703027851177,0.7776605308447961,0.31797387915623065,0.14049586776859505,0.9846625766871165,0.53125,0.9025304592314901,0.2222222222222222,-0.9267090761396722,0.8357121840522881,17.419605293018137,0.07329092386032775,0.030836286497272283,-0.762400218875751,0.626440659889017,40.30673252448274,0.2375997811242489,0.14006011953354022,,,,28.86316890875044,9.550422355145384,1.0,0.0,0.0,0.7093181014060974,0.07189132273197174,0.0013155934069881724,0.5407795906066895,0.07263735681772232,3.679879462204537e-05,0.8990287184715271,0.03745098412036896,-0.0013975568929621978,0.8380151391029358,0.037577275186777115,0.001870448132616816,0.49723759293556213,0.07146062701940536,-0.000144179843559033,0.7894496917724609,0.0797039046883583,-0.002076005053922772,0.7669317722320557,0.11903542280197144,-0.0013525796115010397,0.7381089329719543,0.1261889934539795,0.00046734191795058606,-0.5001825548104738,0.501117238646375,0.7795202732086182,0.10918306559324265,-0.0012309340461732795,0.8023149371147156,0.09831507503986359,-0.0010033800780136302,0.779381513595581,0.09689050167798996,-0.0014728937653514364,I,1110000,42.0,15.0,completed,0.7468112377954141,0.4047845751047134,0.8387162806331248,0.8368632197380066,0.7902225852012634,0.8833539485931396,0.8370130062103271,0.9107204079627992,0.8741427806402304,1.4848168199036085,0.1419503280261447,0.1870696078461561,0.1353620237498709,0.0,0.0,1.7467669031173538,0.4797006457168586,0.002038896463268,0.7467988107218635,0.4048397958278656,0.7749048279612561,0.2835272120932738,0.6944408821778363,0.1895791572332382,0.7819017260276906,0.7526817383965616,0.790131019459516,0.8292229792787478,0.5831381255925759,0.999963790710727,0.9999209821224212,0.9999732375144958,0.9999866485595704,0.0030807101150364,0.0011358902920452,40.690507238740175,0.7114603038206594,0.1947099700570106,0.7922067642211914,0.9501150965690612,0.1400531629239191,0.0723257379856368,3.4016743645917127,0.5442544792969731,-0.1368548870086669,0.6237217783927917,0.9408920407295228,0.1342673558376966,0.0726414635748463,1.8868864025356205,0.8935670548327057,0.6410235345363617,0.9398024082183838,0.9857086896896362,0.0730775900171578,0.0377312661474975,7.961283533325384,0.8292229792787478,0.4250694394111634,0.9021512269973756,0.9852993726730348,0.0679296520981923,0.0374180137054364,6.339164285413516,0.4936995936600953,-0.1760522708296776,0.57371985912323,0.9110181868076324,0.134890496605028,0.071710561015193,1.387544422211621,0.790220367739065,0.3165082573890686,0.8693440556526184,0.9726253092288972,0.1656366044599198,0.0796511437022052,4.500314535612588,0.7735830843163163,0.309749698638916,0.8544656038284302,0.9665492713451386,0.2516865362109614,0.1191799566644596,3.995921799786341,0.739603335597133,0.2788168609142303,0.8126536011695862,0.9611726641654968,0.2632816498298194,0.1253837599959591,3.5881854282305765,0.7657601411959903,0.2090609505772591,0.8620052933692932,0.9694483757019045,0.3435711797264617,0.1160075835946757,4.073671100066443,0.8008093688670295,0.3165157616138458,0.8876532912254333,0.9780433654785156,0.2010296665591721,0.0971364165053447,4.775512987631107,0.7794526700520026,0.2705117434263229,0.8763420581817627,0.9776879787445067,0.204435606401644,0.093837176581424,4.6772478752845466,0.7288339621180847,0.4290381521474865,,,,,,,,,,,,,,,,,,,
conv15e_tf_sc16_cy8_s42_l0,Baseline / Other,True,True,15-Epoch Convergence,tf_sc16_cy8,1lead_clinical_v1,2198.0,1904.0,1000.0,0.8194048938737616,0.35724224357038037,0.9722216635282291,0.8438053964919131,0.7277486733790456,0.7114667122253886,-0.06465096742056675,-0.07659292422545219,-0.05371072900582388,0.009950248756218905,-0.11969452943802383,0.031213592945135447,0.05112150094964007,0.7403565539012994,0.2798465372863638,-0.08010652409686914,-0.10562758583617261,-0.05065714398616044,0.009950248756218905,-0.07977624670267136,0.1655679351378279,0.2667100987117738,0.6643945061907323,0.5182238357807248,0.784578690577645,0.6903809922138272,10.02638762511374,0.6577238532584043,0.4326006671450827,-1.0236578707916288,-27.281247425187363,25.23393168360411,0.932661537302531,0.9088153614910542,0.953799857180357,0.6321608222426753,0.6912751677852349,0.9643728648121035,0.5852272727272727,0.9772502472799208,0.6338461538461538,4.0452460549331696e-91,0.7189910637182577,0.45843754670555764,-0.38976604540961995,-2.0771900657195013,1.2976579749002612,0.7427580320776082,0.7118982845300699,0.7771783509083213,0.3185383058905239,0.15702479338842976,0.9800613496932515,0.4935064935064935,0.9038189533239038,0.23824451410658307,-0.9311998796806633,0.8042415883315753,21.58001602864161,0.06880012031933673,0.02193444709554948,-0.7537351298730954,0.6068517669401481,42.870011488870205,0.2462648701269045,0.14146576397487504,,,,32.22501375875591,9.643662807882368,1.0,0.0,0.0,0.7087535262107849,0.07176920771598816,0.0006512038577929403,0.5493166446685791,0.07245578616857529,-0.001388887392390533,0.899570643901825,0.03725023940205574,-0.0015824525579024378,0.8394020199775696,0.03742258995771408,0.0003105253447308214,0.4996196925640106,0.07131309807300568,-0.0004334087869591791,0.7895206809043884,0.0800452008843422,-0.0008504953547816901,0.7659183740615845,0.11948184669017792,-9.034876151294892e-06,0.7365713715553284,0.12603110074996948,0.0010275248519144543,-0.5008862064831678,0.5029412561869968,0.7797004580497742,0.10935908555984497,-0.0007381230317496937,0.8033150434494019,0.09844338893890381,-0.001021769762154141,0.7799633741378784,0.09695236384868622,-0.00217048922164886,I,1110000,42.0,15.0,completed,0.747773056497445,0.4090964198112488,0.8336233539857726,0.8362969756126404,0.7883730530738831,0.8838370442390442,0.8366807103157043,0.9103603959083556,0.8739811109996785,1.478458008611509,0.1958274515927056,0.1855032127373367,0.1342218743689641,0.0,0.0,1.740966073521202,0.4978714487908666,0.0020508433774374,0.7477809992941814,0.4091593980789184,0.775230957887231,0.2834243136147658,0.6992187080105786,0.1970860846340656,0.7817845470570642,0.7520936794435149,0.7918146471611135,0.8302736162995997,0.5902788047640394,0.9999463285430004,0.9998922407627104,0.9999563097953796,0.9999746680259703,0.0031496778982016,0.0014333425597827,38.18153061650513,0.7140517240591548,0.1947570413351059,0.7954077124595642,0.9516856729984284,0.1349366389239419,0.071842108766983,3.462417150960243,0.5561190751388471,-0.122810248285532,0.6375598907470703,0.941171008348465,0.1368686190551298,0.0720211551799872,1.971521679689888,0.8949835094611749,0.6512207448482513,0.9401462078094482,0.9854275047779084,0.0713151459197929,0.037377205535051,8.002057233856043,0.8302736162995997,0.4295973151922226,0.903297245502472,0.9848299622535706,0.0680214902507884,0.0372466441933739,6.390633235908652,0.5006656150941164,-0.1673344299197197,0.577383816242218,0.9146460592746736,0.1355819295299606,0.0712395019955554,1.4380980718498957,0.7904468594478171,0.3451465457677842,0.8657585978507996,0.9725894093513489,0.1652197683264946,0.0797389867974499,4.4663662408005855,0.7731222346663114,0.3018354713916779,0.8510149717330933,0.96788050532341,0.2499814256904692,0.11868790269369,4.010120600205238,0.7388197904305709,0.2569700807332992,0.8147775530815125,0.9594383120536804,0.2620780638080683,0.1251079961879369,3.5778479841659627,0.765367568456459,0.2001212432980537,0.8639562129974365,0.9693386316299438,0.3452893551973695,0.1164991769511329,4.040732821094045,0.8022925802237333,0.3233410924673081,0.8888970017433167,0.978393304347992,0.1971932837574013,0.0968418941345446,4.7838186569313725,0.7813367140984937,0.2731314480304718,0.8796597719192505,0.977923446893692,0.201559444607153,0.0934723879710228,4.70945482281648,0.6048229984244756,0.2690363001971516,0.5901298191473504,0.4649877226154195,0.7545533091411785,0.5508484256854531,0.6348008456825621,0.8601087299086039,0.7103833186560264,24.19119461049436,0.4215881365610562,16.110099573257468,0.5487013548822481,9.731579234277616,0.8838341403414554,9.587221979938944,0.8672551040737309,28.68837405223252,0.4290713135978725,27.088025808614045,0.4772202393449506
conv15e_C1_enc4_s42_l0,Kill-Gate Ablation Suite (Round 1),True,True,Kill-Gate Ablation Suite (Round 1),C1_enc4,1lead_clinical_v1,2198.0,1904.0,1000.0,0.8189458960133494,0.36943031013605077,0.973113830943953,0.8425079591950627,0.7203158266537646,0.7184858059882595,-0.0651099652809789,-0.07769269416134787,-0.054672179148405504,0.009950248756218905,-0.10750646287235344,0.031472572508395164,0.05164727603893528,0.746296780838026,0.27167894526069264,-0.07186405488249159,-0.09936101742141365,-0.04395543995027996,0.009950248756218905,-0.08696040756518189,0.16759016561013726,0.26909238973911853,0.6675755913593058,0.5217264974419591,0.7870935806643934,0.6939066959715653,9.882620564149226,0.6476836912229891,0.4194941638762363,-1.0855323020928116,-27.248962300332856,25.077897696147232,0.9303801821808642,0.9095942524783552,0.9490693575656977,0.6023104891266641,0.6442953020134228,0.9653489507076622,0.5748502994011976,0.9739044805514525,0.6075949367088608,3.0776123286491013e-82,0.7168875047301465,0.44554881728332196,-0.4047022631918983,-2.0807704544745715,1.2713659280907752,0.7303740134191892,0.698941716687187,0.7608551025571466,0.2957971387844686,0.14049586776859505,0.9821063394683026,0.4927536231884058,0.9023015500234852,0.21864951768488747,-0.9310465774070479,0.8364358830745029,17.426570930524214,0.06895342584201059,0.02728348174556252,-0.7697583892733509,0.642636921707688,38.250924499156234,0.23024160731694274,0.1385880100244477,19.20309368879459,-0.911194744092865,0.8184731391093968,27.838747714840224,10.26408731717367,1.0,0.0,0.0,0.7104461789131165,0.07155214250087738,0.0006242019365732234,0.551677405834198,0.07255108654499054,-0.0023125962230752693,0.8990186452865601,0.03712661191821098,-0.0009321313490154666,0.8392069339752197,0.03764374554157257,0.001625660907903513,0.5020129680633545,0.07125528156757355,-0.002024477062273586,0.7901753187179565,0.07972599565982819,-0.0017806304534718673,0.7666719555854797,0.1189587414264679,-0.0011096715676723772,0.740037202835083,0.12539000809192657,-0.0006232060854602485,-0.4976863876404772,0.4964399754695567,0.778952419757843,0.10914618521928787,-0.0014976461561456687,0.8035200834274292,0.09850449115037918,-0.0017006164505608764,0.779170572757721,0.09665898978710175,-0.0017645537098466557,I,1110000,42.0,15.0,completed,0.7461050707971455,0.4045139193534851,0.8357273625290912,0.8327345848083496,0.7776859998703003,0.8843007683753967,0.8362170457839966,0.908114731311798,0.8695082193434874,1.479043724925019,0.0,0.1869590407194093,0.1352920354215138,0.0,0.0,1.73375497264115,0.5391046714534666,0.0021236893031124,,,,,,,,,,,,,,,,,,,,,,,,,,,,,,,,,,,,,,,,,,,,,,,,,,,,,,,,,,,,,,,,,,,,,,,,,,,,,,,,,,,,,,,,,,,,,,,,,,,,,,,,,,,,,,,,,,,,
conv15e_A0_raw_s42_l0,Baseline / Other,True,True,15-Epoch Convergence,A0_raw,1lead_clinical_v1,2198.0,1904.0,1000.0,0.8187316416285921,0.3658573035126063,0.9743702575722631,0.8389125789188207,0.73337530444356,0.7120696439879115,-0.0653242196657362,-0.07718160798703032,-0.05503920270817,0.009950248756218905,-0.11107946949579789,0.03200938829401425,0.052212822164828095,0.734833027462582,0.27613207195038086,-0.08704851418072357,-0.11340511709921931,-0.056606670531998624,0.009950248756218905,-0.08318214595463502,0.16352872765933388,0.2601784294195628,0.6665619206556349,0.5185749260112817,0.7875465434671888,0.693564292488434,9.924476797088262,0.6526647134879164,0.42597122823226347,-1.5332120109190173,-27.535990005169335,24.469565983331304,0.9314872863174376,0.9026723278465285,0.9488991852180082,0.6437234203942396,0.6577181208053692,0.9682772083943387,0.6012269938650306,0.9749385749385749,0.6282051282051282,3.455265768938161e-87,0.6978118281753851,0.4601327418347438,-0.35820608277609395,-2.0183441635247723,1.3019319979725843,0.7369822035187344,0.7026670077665653,0.7682390139342055,0.3017609012107739,0.1446280991735537,0.9851738241308794,0.546875,0.9029990627928772,0.22875816993464052,-0.9134585800096525,0.7987379292391893,21.773909937135357,0.08654141999034747,0.03439629277632973,-0.7548842150604023,0.6227562249028227,40.527690440902454,0.24511578493959774,0.14824861662878372,,,,31.150800189018906,8.52818444039148,1.0,0.0,0.0,0.709757387638092,0.07156066596508026,0.0009613252475392254,0.5490995049476624,0.07253355532884598,-0.001132058432107217,0.8985545635223389,0.03747221827507019,-0.0014050352642339297,0.8384294509887695,0.03783967345952988,0.0004713283052066989,0.4986301362514496,0.0712168887257576,0.0001725275908650949,0.788419246673584,0.079948291182518,-0.0023865020520047516,0.7644296288490295,0.11939355731010437,0.00015340117831409998,0.7377156019210815,0.12594039738178253,0.0008489190492288959,-0.4997555878011818,0.5014534258996396,0.7790144681930542,0.10944724828004837,-0.0014472527227130565,0.8024467825889587,0.09850085526704788,-0.00267191594692757,0.7789484858512878,0.09680237621068954,-0.0014198599585408729,I,1110000,42.0,15.0,completed,0.7455612604621076,0.4047018468379975,0.8392043597456338,0.8355143666267395,0.7881250977516174,0.8835763931274414,0.834841787815094,0.909895956516266,0.8724678408660801,1.4816865545299676,0.0,0.1871837034292583,0.135506996837065,0.0,0.0,1.7367276432610492,0.4728579123571715,0.0020776903107336,0.7455623356119461,0.4047704607248307,0.7734146232697968,0.2721929855644703,0.6970533884849696,0.1843152189254761,0.7791431322455449,0.7495213896276658,0.7915793479361797,0.8290105602958684,0.5876425339483103,0.9999327899063064,0.999876868724823,0.999945342540741,0.9999687016010284,0.0055404930669072,0.002782580209216,33.84065955088219,0.7121565826405719,0.1772260755300522,0.7956051826477051,0.9502244532108308,0.1367797670847739,0.0720299602380816,3.4796741113507803,0.5528861977357504,-0.1260913267731666,0.6359222531318665,0.9380616426467896,0.1320644321264958,0.0722198424983703,1.9423214016197248,0.8933287802840482,0.6286012291908264,0.9410874247550964,0.9857766449451446,0.0743949731472023,0.0376820271888912,7.976040998703287,0.8290105602958684,0.4259251356124878,0.9010469317436218,0.9847973704338072,0.0685156743443085,0.0376054173010344,6.269074854773315,0.4978848214686086,-0.1840850189328193,0.5713410973548889,0.9129865229129792,0.131727953620464,0.0713197656924632,1.4468405921280516,0.78798481050857,0.304325532913208,0.8658736944198608,0.9716127753257752,0.1697530261631397,0.0798469522786192,4.454155772300697,0.7703014539825196,0.2953593820333481,0.8511826992034912,0.9664722383022308,0.2528275155130354,0.1192147720313323,3.97192948215746,0.7351362432741001,0.2526308357715607,0.8101047873497009,0.959635716676712,0.2640681818124436,0.1259072475481746,3.5499070262189454,0.7639065359812315,0.1929747149348259,0.8626338243484497,0.9699423611164092,0.3445354218284614,0.1166528970424633,4.032479048132567,0.8013751798331143,0.3049052566289902,0.888980507850647,0.9789117753505708,0.1985129647219995,0.0970555054859193,4.772161954057378,0.781783516039245,0.2829621911048889,0.878530740737915,0.9769166707992554,0.2033050387100119,0.0934249643885722,4.742355680044854,0.7234161280900512,0.4532748629135774,,,,,,,,,,,,,,,,,,,
conv15e_R5_morlet_mag_ueg_phase_wyatt_s42_l0,Wavelet / MTL / SSL,True,True,15-Epoch Convergence,R5_morlet_mag_ueg_phase_wyatt,1lead_clinical_v1,2198.0,1904.0,1000.0,0.8179700135290018,0.3681197453459124,0.9728209958918957,0.8402172428768848,0.7226308667011596,0.7164376338082699,-0.06608589285329225,-0.07896150486479143,-0.05506633029577986,0.009950248756218905,-0.10881707688420572,0.031760818409410856,0.05198878158532604,0.7441120998848857,0.2813845786071655,-0.0730316757495234,-0.09953756224806705,-0.048474132192744726,0.009950248756218905,-0.07787782223998946,0.15490953072273766,0.2455302907616521,0.6629370628401355,0.5119899042133246,0.7841316547909941,0.6926896295160881,9.959053685168335,0.6402826036619296,0.40996181255209957,-1.7024567788898999,-28.22628759461304,24.82137403683324,0.9206782814337326,0.8964650259282639,0.9379616707015898,0.5994282352230722,0.6442953020134228,0.969741337237677,0.6075949367088608,0.9740196078431372,0.6254071661237784,1.296422868266107e-85,0.720766427491989,0.4579066606152376,-0.43770612986441415,-2.094246801535699,1.2188345418068707,0.7342759722151803,0.7016737676909838,0.7645839707197566,0.31078830650324685,0.1487603305785124,0.9856850715746421,0.5625,0.9034676663542643,0.23529411764705882,-0.9308391591318763,0.8442556980188954,16.462395272560084,0.06916084086812371,0.029055442925156678,-0.7671411123150527,0.6477987460843028,37.41874038781627,0.23285888768494728,0.14490936381577624,,,,26.94056783018818,9.294961765173074,1.0,0.0,0.0,0.7085534334182739,0.07195749878883362,0.0008947975916234194,0.539088249206543,0.072684146463871,-0.00011157209882712797,0.899132490158081,0.03739737346768379,-0.002661962412451555,0.8384305238723755,0.03781285509467125,0.002602979987766773,0.49827447533607483,0.07143288850784302,-0.00041385834083883125,0.7892956733703613,0.07969485968351364,-0.0022296091723073034,0.7654940485954285,0.1192077100276947,0.00019161780879484272,0.7383965253829956,0.12590277194976807,0.00016323268480676202,-0.4992735458543902,0.49960001122400377,0.7790684103965759,0.1093597337603569,-0.0012934087143014858,0.803227424621582,0.09822870790958405,-0.0018383458862684383,0.7794389128684998,0.09670218080282211,-0.003732753422298005,I,1110000,42.0,15.0,completed,0.7472216434711936,0.402539923787117,0.8390709308610447,0.8366556167602539,0.7882049679756165,0.8843302726745605,0.8374317288398743,0.9105663895606996,0.8745153654477859,1.487865081761429,0.2609357839698745,0.1875817067328398,0.1356244716095661,0.0,0.0,1.756408870584962,0.5490817514817017,0.0020611569688072,0.7472167105929763,0.4025851041078568,0.775164325743222,0.274440948665142,0.6942770383225398,0.1866971948742866,0.7822245730605937,0.7523929530216764,0.7908754511473959,0.8288912082942518,0.5825888608509578,0.9999461282681174,0.9998988807201384,0.999954879283905,0.9999690592288972,0.0028455251280891,0.0013733792026043,38.6660336159371,0.7110272875991366,0.1648178711533546,0.7927796244621277,0.9510497152805328,0.1369314694579393,0.0723350881810069,3.421222829676745,0.5435851865650545,-0.1347138673067092,0.624471127986908,0.9375993728637696,0.1382092948045951,0.0725427274470632,1.894078369355307,0.8947274007655738,0.6514059126377105,0.9395870566368104,0.9855183482170105,0.0744054428591547,0.0376781862285849,7.978024155643832,0.8288912082942518,0.4314377337694168,0.8999328017234802,0.9847571671009064,0.0679377929912024,0.0376467976776308,6.278356997449692,0.4931541083886824,-0.1794616758823393,0.5669848918914795,0.9112364411354066,0.1361630120143236,0.0718311916228743,1.36908619569792,0.7906885719399488,0.3157203018665314,0.8690164089202881,0.9724655508995056,0.1631227559714042,0.0794995336089858,4.49731481582992,0.7737605741812387,0.3035213589668274,0.8567891716957092,0.9673110663890838,0.2510158305077928,0.118631816423484,4.033461748171669,0.7378269509432399,0.2692893832921982,0.8124865889549255,0.9608471095561982,0.2614163582601521,0.1252666677933218,3.592014012749356,0.7669589551001129,0.1988630056381225,0.8627749681472778,0.9695082187652588,0.3460219562918265,0.116404995668647,4.0665934838768845,0.8004558931196136,0.299919843673706,0.8884486556053162,0.9792667031288148,0.2018108455237783,0.0969637950333675,4.813204162105252,0.7812950091751781,0.2593317985534668,0.8771932721138,0.977566933631897,0.2044672954861383,0.0933897747972615,4.72654394076873,0.728808429451814,0.4279715714809752,,,,,,,,,,,,,,,,,,,
conv15e_R7_morlet_mag_ueg_real_s42_l0,Wavelet / MTL / SSL,True,True,15-Epoch Convergence,R7_morlet_mag_ueg_real,1lead_clinical_v1,2198.0,1904.0,1000.0,0.8179398744786828,0.3624997078832735,0.9718968702436154,0.8398635200780196,0.7458197878414823,0.7083177353988347,-0.06611603190361126,-0.07867904428295447,-0.05450040753587801,0.009950248756218905,-0.11443711434684462,0.03126472547675641,0.051154824212599335,0.7462005259832452,0.28275526988798494,-0.07195228849937407,-0.09351637761478912,-0.044775508206763376,0.009950248756218905,-0.07712466156584152,0.15201306584917842,0.2405653397144439,0.6638473660617624,0.5164613119534669,0.7839090763508069,0.6911717098810132,10.13466787989081,0.6460818375910481,0.41742174086502515,-1.710646041856233,-28.17793802802043,24.756645944307966,0.9295023599660663,0.9065351043845326,0.9491412596062135,0.6094050706425622,0.6241610738255033,0.9648609077598829,0.5636363636363636,0.9724545007378259,0.5923566878980892,6.507953688149284e-78,0.7313015646181723,0.44883085280031887,-0.4288708707817692,-2.1115377385663616,1.2537959970028232,0.7339147188561579,0.7016404799589838,0.7671506025475852,0.29289330455470547,0.1446280991735537,0.983640081799591,0.5223880597014925,0.9028625058657908,0.22653721682847897,-0.9161268312421438,0.7989976545676508,21.817291401814728,0.08387316875785623,0.032243732511323904,-0.7649027894586765,0.6146824487602573,42.2029435244968,0.23509721054132351,0.13096409079930882,,,,32.010117463155765,8.750676354026243,1.0,0.0,0.0,0.7095324993133545,0.07176639139652252,0.00014783934703900336,0.5445183515548706,0.07240057736635208,-0.0006080894835724653,0.8993510007858276,0.037195540964603424,1.771745116690279e-05,0.8389920592308044,0.037486378103494644,-0.0004080672230961805,0.4962465763092041,0.07137710601091385,-0.0001628053416019823,0.7897740602493286,0.07987465709447861,-0.0012936650450427476,0.7665649652481079,0.11937244981527328,0.00018647196157344694,0.7396366596221924,0.12604615092277527,0.0016049724885346822,-0.497582541509371,0.5007924864864404,0.7806729674339294,0.10940925031900406,-0.0013529703359634988,0.8027618527412415,0.09870929270982742,-0.0019997726201607907,0.7805660963058472,0.09685954451560974,-0.0027396704914044163,I,1110000,42.0,15.0,completed,0.7468031945148166,0.4087526172399521,0.8380672629328741,0.8366022706031799,0.7864255905151367,0.885456919670105,0.8379243612289429,0.9105036854743958,0.8784085705166457,1.4822212284022769,0.201070721978219,0.1859739499401433,0.1343761485530522,0.0,0.0,1.7455389889246684,0.5218271928653577,0.0020439807817231,0.746805484790186,0.4085097104310989,0.7748692022059842,0.2842287411292394,0.6965615259336544,0.189746185541153,0.781420672005662,0.7512772170735549,0.7919097175387357,0.8305595272698064,0.5856634307485219,0.9999495996721174,0.9999071002006532,0.999963879585266,0.9999790787696838,0.0036790828487402,0.0021843297100234,35.86577882910889,0.7126012467787751,0.1811136037111282,0.7960116863250732,0.9500135123729706,0.1423466305446413,0.0720920763769883,3.427877390931266,0.5472141198167718,-0.1500986546277999,0.6309154629707336,0.938630884885788,0.1404541210787376,0.0724048912102818,1.9258310033745023,0.8952578101528998,0.6457649111747742,0.9400904178619384,0.986152309179306,0.0736434168451131,0.0373298243503886,8.014218199752404,0.8305595272698064,0.4358257085084915,0.902854025363922,0.9853099405765532,0.0676048507258279,0.0372579096651376,6.384665241200039,0.4971749256500188,-0.1638746410608291,0.5690616965293884,0.9137178301811218,0.1357742508573923,0.0715256068745454,1.3954889059888131,0.7902296219020335,0.322818723320961,0.867464542388916,0.9717164218425752,0.1619116038278112,0.0795387695174437,4.490454494338389,0.7726117221092906,0.3127518534660339,0.853729248046875,0.9670012176036836,0.251937116312271,0.1191048579938126,4.00647335794579,0.7367141763786873,0.2659183144569397,0.8109402656555176,0.959876435995102,0.2632604125045652,0.1258113807697826,3.565473186771814,0.7658402577684224,0.2068563491106033,0.8638935685157776,0.969270396232605,0.3453602188947298,0.1163474008290799,4.051486653836586,0.8021952388070069,0.3265932738780975,0.8885983228683472,0.9780669271945952,0.1986163460181889,0.0969700222989383,4.774601424517783,0.7816241962704645,0.2704339325428009,0.8786232471466064,0.9770124077796936,0.2032313432241056,0.0936085154766159,4.696549846761401,0.731753592687876,0.467651010063601,,,,,,,,,,,,,,,,,,,
conv15e_del_wave_ce_s42_l0,Wavelet / MTL / SSL,True,True,15-Epoch Convergence,del_wave_ce,1lead_clinical_v1,2198.0,1904.0,1000.0,0.8179043190514652,0.3597515086565555,0.972733890031274,0.8368716953386927,0.7307226632990459,0.7115088220508977,-0.06615158733082882,-0.07852643095301146,-0.0555276030622394,0.009950248756218905,-0.11718531357356265,0.031228914122760156,0.05155300226072216,0.7372962881538515,0.2749762376613377,-0.08316226870070043,-0.10737710550953336,-0.05374490961143272,0.009950248756218905,-0.08416249605709325,0.1656334457937119,0.26390010595841645,0.6630335978178672,0.5124240070348747,0.7866307229996005,0.6900460634191266,9.757961783439491,0.654557815927917,0.42844593439232437,-1.0609645131938126,-26.81294362790788,24.691014601520255,0.9254309681265375,0.9018021812286128,0.9456921004931403,0.6262758561633505,0.6577181208053692,0.9716935090287946,0.6282051282051282,0.975024485798237,0.6426229508196721,5.385421868169451e-90,0.7313076825820933,0.45017220463058266,-0.4502654807528547,-2.121160433620909,1.2206294721151996,0.7348696107759132,0.7047194865781177,0.7659897097910299,0.30551804918853964,0.1446280991735537,0.9867075664621677,0.5737704918032787,0.9031352363125877,0.23102310231023102,-0.9347139341957779,0.8434946090289276,16.637026170525704,0.06528606580422211,0.025619185752090587,-0.7681000573855422,0.6375274467262018,38.92152554763597,0.23189994261445776,0.1381692466804358,,,,27.77927585908084,9.86650911312356,1.0,0.0,0.0,0.7064129114151001,0.07205115258693695,0.0008073549143062488,0.5456180572509766,0.07253337651491165,-0.0009188595395934624,0.8983898758888245,0.037350691854953766,-0.001003469569006457,0.8387245535850525,0.037346772849559784,0.00045852625345865186,0.4949834644794464,0.07151554524898529,-0.00035989030860839033,0.7893412709236145,0.07986949384212494,-0.0022203964740425525,0.7666916847229004,0.11914942413568497,-0.0021756729370687013,0.7378290891647339,0.1262480616569519,0.00033534180754769155,-0.5024344594180977,0.5031051430331931,0.7795016765594482,0.10943754762411118,-0.001659156274501185,0.8037967085838318,0.0985870361328125,-0.0004946591537071737,0.7797389626502991,0.09702039510011673,-0.0018799768940380814,I,1110000,42.0,15.0,completed,0.7473064300220629,0.4087363779544831,0.8335691146228624,0.8298010230064392,0.7741606831550598,0.8829206824302673,0.8323217034339905,0.9063384532928468,0.8671058358608016,1.490336583906755,0.1337994123322289,0.1882333066428451,0.0,0.0,0.0,1.68536091857616,0.4720016600817187,0.0020211189941459,0.7473116954972014,0.4090469062328339,0.7752131388673799,0.2848732250432174,0.6963365844061089,0.1957526168227195,0.7817627261562089,0.7524706714699024,0.7914060189760284,0.8301917836023132,0.5855474817611733,0.999966584675038,0.9999436736106871,0.999970018863678,0.9999803841114044,0.002073569437693,0.0013153896805396,39.00096751242344,0.7113769537092737,0.1888529613614082,0.7898969650268555,0.9495295703411104,0.1424848958225051,0.0722713404101717,3.3964025606121826,0.5502675580593882,-0.1386947959661483,0.6327398419380188,0.9398572385311128,0.1303944509739253,0.0722495382263457,1.9462777380763547,0.8948486931447112,0.6460931360721588,0.9395256042480468,0.9854451537132264,0.0792937189562143,0.0374390289850406,8.020409631494653,0.8301917836023132,0.4412503033876419,0.9019904732704164,0.9850960433483124,0.0671286027278664,0.0372442080499796,6.400050997802543,0.4949979335148582,-0.1587385207414627,0.575310468673706,0.9127596318721772,0.134105090352086,0.0715150124718918,1.4019638786188495,0.7900432639582419,0.322217109799385,0.8694939613342285,0.9715323448181152,0.1606077316749452,0.079628092593902,4.489293839444216,0.7734821883541759,0.3074334144592285,0.853278398513794,0.9681548833847046,0.2501219639738085,0.1189167420104644,4.028849558084794,0.7393464819795657,0.282784515619278,0.8134620189666748,0.9606768190860748,0.2615409639104296,0.1254023599924295,3.596011926206107,0.7655948609602392,0.2103562250733375,0.8616694211959839,0.9695088386535644,0.3432952561759684,0.1159863759837345,4.078477657790567,0.8011941511906681,0.3083348751068115,0.8898271322250366,0.9779544591903686,0.1962073790501611,0.096865688068805,4.8015405234409965,0.7816178867613885,0.2781132102012634,0.8786317110061646,0.9771913945674896,0.2008193882239939,0.0935283195708617,4.6963043286261605,0.7224521236005822,0.4519096021932053,,,,,,,,,,,,,,,,,,,
conv15e_K5_adaptive_s42_l0,Kill-Gate Ablation Suite (Round 1),True,True,Kill-Gate Ablation Suite (Round 1),K5_adaptive,1lead_clinical_v1,2198.0,1904.0,1000.0,0.8165304512511173,0.3588981098677079,0.9703925873555369,0.838927081059588,0.7237140882567706,0.7120594095821202,-0.067525410043211,-0.07922335817531587,-0.05534524328997986,0.009950248756218905,-0.11803866314069628,0.03241392565540247,0.05255146184164306,0.7404516719066389,0.27774271249518845,-0.07997758242497399,-0.10757910005707824,-0.04912608626406762,0.009950248756218905,-0.08171776576307033,0.16739582004637363,0.27067854094140537,0.6680151713997529,0.5178377650690109,0.7896154651505519,0.6965922839796956,9.936305732484076,0.6466407674723996,0.41814428215729343,-1.4722474977252047,-27.845156852080258,24.900661856629846,0.9266707282321381,0.9042824454316963,0.9502792894481434,0.627551481133127,0.6577181208053692,0.9668130795510005,0.5903614457831325,0.9749015748031497,0.6222222222222222,4.786966366986602e-86,0.6883157166136298,0.4721482145061984,-0.35678936991233845,-1.9939640709275341,1.280385331102857,0.7465374604945156,0.7157003934427689,0.7788705644419236,0.32232527061863747,0.1487603305785124,0.9841513292433538,0.5373134328358209,0.9033317691224777,0.23300970873786409,-0.9229507109843056,0.8142499399144905,20.026139487874133,0.0770492867917377,0.02964421791543132,-0.7575030084975282,0.6380304568630915,38.43410274525924,0.24249699248270862,0.15300159668608795,22.41241822757093,-0.9072230177009898,0.7924872204112412,29.230121116566686,7.985120995483758,1.0,0.0,0.0,0.7080864310264587,0.07176149636507034,0.0011730405907792005,0.5399532318115234,0.07235680520534515,-0.0006816289222226012,0.8980351090431213,0.03723100200295448,0.00025997105440152436,0.8364563584327698,0.03751267120242119,0.0002429881059937382,0.49622198939323425,0.07141248136758804,6.111615056912728e-05,0.7894451022148132,0.07939694821834564,-0.00018707242027419906,0.767300546169281,0.11855361610651016,-0.0005620831512918753,0.7406019568443298,0.1247246190905571,0.0005052414002482395,-0.495471204620894,0.4964816874213904,0.7800768613815308,0.10864343494176865,-0.001225154083678947,0.8039148449897766,0.09786336123943329,-0.0012936598970617423,0.7795872092247009,0.09647691994905472,-0.0019247584747942128,I,1110000,42.0,15.0,completed,0.7469626884707824,0.4022426068782806,-3.196531952291295,0.8384933471679688,0.7924737930297852,0.883301317691803,0.8397049903869629,0.9117093086242676,0.8764463654278402,-2.688920013469757,0.0,0.184123967421974,0.1330943296559729,0.0,0.0,-2.4381488102740145,0.5431332400700162,0.0020013584227092,,,,,,,,,,,,,,,,,,,,,,,,,,,,,,,,,,,,,,,,,,,,,,,,,,,,,,,,,,,,,,,,,,,,,,,,,,,,,,,,,,,,,,,,,,,,,,,,,,,,,,,,,,,,,,,,,,,,
conv15e_tf_sc16_cy4_s42_l0,Baseline / Other,True,True,15-Epoch Convergence,tf_sc16_cy4,1lead_clinical_v1,2198.0,1904.0,1000.0,0.8160679851111234,0.3622624745972486,0.973469956991789,0.8366351318357635,0.731706923025794,0.7080248988044188,-0.0679878761832049,-0.0802319774099286,-0.0567110867511418,0.009950248756218905,-0.11467429841115562,0.03182537947209723,0.05185936997537785,0.7407978736561813,0.27177163554990336,-0.08087098566424589,-0.10652661796291754,-0.05158025452537344,0.009950248756218905,-0.0871433868032562,0.16252028551403072,0.2579225198886513,0.6651728716255798,0.5167032827988556,0.7865383631868533,0.6922769688910303,9.80891719745223,0.6628185045726782,0.4393283700039613,-0.6787989080982711,-26.8030796436943,25.445481827497755,0.9282593244044401,0.9062475413951188,0.9511759347487418,0.6394338611856711,0.6845637583892618,0.9663250366032211,0.5964912280701754,0.9768130241736557,0.6375,3.225588506475918e-91,0.7053945359720546,0.47058241526318784,-0.3828223207872276,-2.035836118070299,1.270191476495844,0.7443826158968379,0.7082448299003986,0.7750907015319897,0.3224442774153754,0.17355371900826447,0.9810838445807771,0.5316455696202531,0.9056158565361019,0.2616822429906542,-0.922140118736559,0.8142217168261162,20.00819810849244,0.07785988126344104,0.030298387808329923,-0.757649406768155,0.6346531985800772,38.91835476332198,0.2423505932318451,0.1509154423472426,,,,29.46327643590721,9.182579423499106,1.0,0.0,0.0,0.7090873718261719,0.07173182815313339,0.0016137389381766167,0.5439238548278809,0.07252693176269531,-0.0015088884220177813,0.8992002606391907,0.03728293254971504,-0.0034243124432491233,0.8392012715339661,0.03764556348323822,0.0007120795155187687,0.49941176176071167,0.0712975487112999,-0.0009808179148338369,0.7897650599479675,0.07984422892332077,-0.0015397543282976314,0.7670512795448303,0.11901336163282394,0.00015665108366604035,0.7391649484634399,0.1256013661623001,0.0001868572323855679,-0.5000833671389969,0.500457081603768,0.7803874611854553,0.10935014486312866,-0.0011599977049399437,0.8032110929489136,0.09845048934221268,-0.0022026850041302407,0.779778242111206,0.09667953848838806,-0.0028987139841703657,I,1110000,42.0,15.0,completed,0.7476769664490778,0.4086740076541901,0.8334944213646046,0.8388490080833435,0.7904500365257263,0.8849055171012878,0.8411914110183716,0.9118826985359192,0.8785176112598257,1.4767454912933902,0.2055467122771311,0.1845526319895409,0.1334637414431484,0.0,0.0,1.738410524157591,0.4969199531081257,0.0020638109025247,0.7476760336913363,0.4089544355869293,0.7754773151851039,0.286125856389602,0.6974658281272095,0.1939645352959633,0.7821798441273322,0.7525914847171586,0.7916606167108213,0.8300597759495278,0.5872512191411672,0.999945240451063,0.9998970866203308,0.9999535083770752,0.9999715566635132,0.002311003713333,0.0013104435213899,38.84132450870893,0.7144652885475302,0.1827342167496681,0.7970684170722961,0.951368898153305,0.1406995509726167,0.0718609579039743,3.461545992556503,0.5476337489359502,-0.1378761202096939,0.6222010850906372,0.9407678604125976,0.1342432148234624,0.0723107662926497,1.926858080837507,0.8955157072630173,0.6530227899551392,0.9400027990341188,0.985767251253128,0.072188771036055,0.037378133641939,8.023714974080606,0.8300597759495278,0.4315938651561737,0.90286785364151,0.9849229574203492,0.0663545415982091,0.0373674469116428,6.341963979055951,0.4996546199400212,-0.1596520751714706,0.5787565112113953,0.9153033375740052,0.1365078477095792,0.0711836805643937,1.4432901688882347,0.7901869438536571,0.3277403265237809,0.8692864775657654,0.972643542289734,0.1614741333841242,0.0795975976337329,4.49786568678953,0.7741727444010075,0.3176413714885712,0.8559662699699402,0.9673725187778474,0.2507870225967023,0.1188911996385918,4.026787091704854,0.7389373387701437,0.2554486274719238,0.8141162395477295,0.9614560961723329,0.2626917157462947,0.1253154434065752,3.597952692625696,0.7662456306641735,0.2160688206553459,0.864238977432251,0.9702506303787232,0.3443559047542657,0.1163808077674459,4.076246600619322,0.8018886170998912,0.3279530555009842,0.8893182277679443,0.977899032831192,0.1966493901203381,0.0968133005792675,4.807925612254553,0.7814326163217514,0.2719029366970062,0.876987636089325,0.9776830315589904,0.2010738161713371,0.0934059430801992,4.718804904804542,0.7011946088280991,0.4357416151303923,,,,,,,,,,,,,,,,,,,
conv15e_K3_nodel_s42_l0,Kill-Gate Ablation Suite (Round 1),True,True,Kill-Gate Ablation Suite (Round 1),K3_nodel,1lead_clinical_v1,2198.0,1904.0,1000.0,0.8159139331100431,0.3434539540200801,0.9663201039958521,0.8366720998642455,0.7279186567993556,0.7243997185879082,-0.06814192818428522,-0.07846263199319244,-0.0593046891910501,0.009950248756218905,-0.1334828189883241,0.030397941502295626,0.05435974247946335,0.7487227400340412,0.2719525793009808,-0.07172776730284458,-0.09634382422518689,-0.04321994880989394,0.009950248756218905,-0.08697713890259867,0.21204590323360306,0.3399434694477823,0.5935954552679282,0.410004640269393,0.7420082420991853,0.6287734834352062,10.150136487716106,0.5929222698911697,0.3515568181328959,-1.7479526842584168,-28.55894336202315,25.06303799350632,0.882399664593303,0.8425812241802332,0.9128607594686999,0.5596305787565415,0.5704697986577181,0.9712054660810151,0.5902777777777778,0.9688412852969815,0.5802047781569966,3.0374320124234853e-72,0.7563190838632202,0.42586304588776364,-0.45037695110603504,-2.174431925335411,1.2736780231233413,0.7226778380570907,0.6989268976206375,0.7575388029762133,0.28240513426625496,0.13636363636363635,0.9856850715746421,0.5409836065573771,0.9021993448759944,0.21782178217821782,-0.9486336840344965,0.8441706831269175,16.875623174845263,0.051366316242630675,0.01563496934480358,-0.7707340850794138,0.6221957653389936,41.32651652610669,0.22926591461634635,0.12718918909483995,19.176651842381414,-0.9349202066050946,0.8233516296880359,29.101069850475973,10.792278619693935,1.0,0.0,0.0,0.696039617061615,0.07399562001228333,-0.00010059607355045896,0.5058028101921082,0.07512477040290833,-0.000987329073945095,0.8927502632141113,0.03860890865325928,-0.0030241196257882416,0.8282361626625061,0.038757435977458954,0.0007957703612537948,0.45875149965286255,0.07394428551197052,-0.0019597824662099246,0.7699373364448547,0.08364620059728622,-0.001517852462819727,0.7258020639419556,0.13151133060455322,-0.0012582818575820394,0.7009367346763611,0.13591909408569336,-0.001712708121924552,-0.5230970409041008,0.5196716246602516,0.7596436142921448,0.11448171734809875,-0.0033676385285238137,0.7926778793334961,0.10119856894016266,-0.0024140605985678407,0.7728193998336792,0.09846905618906021,-0.0033448119641265816,I,1110000,42.0,15.0,completed,0.7260109485373194,0.3816875636577606,0.8891382994859115,0.0,0.0,0.0,0.0,0.0,0.0,1.643966323596903,0.0,0.0,0.0,0.0,0.0,1.6440701017764965,0.2066272634971827,0.0020755522648445,,,,,,,,,,,,,,,,,,,,,,,,,,,,,,,,,,,,,,,,,,,,,,,,,,,,,,,,,,,,,,,,,,,,,,,,,,,,,,,,,,,,,,,,,,,,,,,,,,,,,,,,,,,,,,,,,,,,
spatial_1lead_c1_panorama_hybrid_1110000_s42_l0,Spatial Frontal (1110000),True,True,3-Epoch Spatial Architecture Grid,c1_panorama_hybrid,1lead_clinical_v1,2198.0,1904.0,1000.0,0.8140860384333173,0.3491348686757071,0.9642961818269259,0.8412999621354085,0.7336941019066403,0.7158581998269026,-0.06996986794897675,-0.08021982619010481,-0.05961958111281236,0.009950248756218905,-0.12780195355441104,0.029910450275326267,0.054763615675155725,0.7321289082010263,0.2688047978735084,-0.08902628816647484,-0.12345926416702785,-0.052507155694062335,0.009950248756218905,-0.08962621618041786,0.1923028137935641,0.31055613362230367,0.5890183530282093,0.39617569734048413,0.7427859482987585,0.6280934134453853,10.224749772520473,0.5673344711851033,0.3218684021948814,-2.281164695177434,-29.087650839741794,24.525321449386926,0.8636951729604555,0.8327734159901229,0.903395857587365,0.5312943134839206,0.4697986577181208,0.9795021961932651,0.625,0.9621284755512943,0.5363984674329502,3.566032672800638e-60,0.8063518133241551,0.41852178367017595,-0.5580869749310453,-2.2917624985225844,1.1755885486604936,0.7254094204735588,0.7007139533487814,0.7540536860495027,0.2924402834906237,0.12396694214876033,0.9882413087934561,0.5660377358490566,0.9011655011655012,0.2033898305084746,-0.949680575804829,0.8516110140878026,15.968245062251455,0.05031942419517098,0.01585674886855204,-0.7857807693931972,0.6379889666586068,39.62473886647449,0.21421923060680284,0.11581118477873831,,,,27.79649196436297,13.500085905135265,1.0,0.0,0.0,0.6810939908027649,0.07561258971691132,-0.0014101062710042806,0.4795389473438263,0.07721004635095596,-0.0007915788976527306,0.8878415822982788,0.039237700402736664,-0.0004573456145125842,0.8193544745445251,0.03966769948601723,-0.0016819668728318418,0.4295538663864136,0.07542197406291962,-0.0001832173378785999,0.7601853013038635,0.08523230254650116,-0.0029097988970261624,0.7057577967643738,0.13570405542850494,-0.0035760382318564517,0.6796575784683228,0.1403181254863739,-0.0027017696386576863,-0.5356506439096502,0.5302471046323349,0.7420117855072021,0.11812518537044525,-0.004409298861588564,0.7812462449073792,0.10414916276931763,-0.00382973502340076,0.7617656588554382,0.10042951256036758,-0.002724589100037224,I,1110000,42.0,10.0,completed,0.7107,,0.9272,,,,,,,,,,,,,,,,0.7007916569709778,0.0621750764548778,0.7395988504091898,0.2232163747151692,0.6542230069637298,0.1093103051185608,0.7402641773223877,0.703851729631424,0.7746806442737579,0.8084872961044312,0.526316354672114,0.9999648928642272,0.9999358057975768,0.9999687671661376,0.999981164932251,0.0029439786449074,0.0014927750453352,38.37257385253906,0.6839042901992798,0.1371420919895172,0.7660552263259888,0.9394884705543518,0.1466539055109024,0.0762895941734314,2.918200969696045,0.4709564447402954,-0.26579749584198,0.5454861521720886,0.930342137813568,0.1363759785890579,0.0769873559474945,1.3296897411346436,0.883678674697876,0.6028923988342285,0.93392413854599,0.9839890599250792,0.0848427638411521,0.0396582260727882,7.486362457275391,0.8084872961044312,0.3718226253986358,0.8886281847953796,0.9814321994781494,0.0697599351406097,0.0396782234311103,5.801785945892334,0.4240883290767669,-0.2995080947875976,0.5085895657539368,0.8854191899299622,0.1385609954595565,0.0754001438617706,0.8971787095069885,0.7651180624961853,0.2845202982425689,0.8419697284698486,0.9602487087249756,0.165706068277359,0.0842046812176704,3.921560525894165,0.7154102921485901,0.2113748490810394,0.7934918403625488,0.936679184436798,0.2662216126918793,0.1341544091701507,3.035286903381348,0.6804071068763733,0.1860363185405731,0.7559894323348999,0.9368389844894408,0.2752124965190887,0.137926235795021,2.785286426544189,0.7272963523864746,0.1221372634172439,0.8296750783920288,0.9557466506958008,0.3507955372333526,0.124074250459671,3.39221453666687,0.7821147441864014,0.287045270204544,0.8721044063568115,0.9715033173561096,0.2052965462207794,0.1020459756255149,4.224708557128906,0.7672465443611145,0.248184248805046,0.8611449003219604,0.9724186658859252,0.2067605704069137,0.0967955514788627,4.25971269607544,0.6231729282481054,0.3782009558780058,,0.4395034302605727,0.7678116199253848,0.5895840055609829,0.6106320013159201,0.8686577362329957,0.7418091821487746,21.60867906013193,0.4508406291159835,16.144416548411744,0.5331990392810103,8.59435869001413,0.8923387884398168,9.745930086944076,0.8654510866334322,24.24842668344871,0.5086618210083269,26.948699322666144,0.4821512738458485
spatial_1lead_t000_exact_theta_1110000_s42_l0,Spatial Frontal (1110000),True,True,3-Epoch Spatial Architecture Grid,t000_exact_theta,1lead_clinical_v1,2198.0,1904.0,1000.0,0.8131301049033455,0.3519907238699899,0.9639880829861434,0.8376560920112978,0.737891428276495,0.7110735180948865,-0.07092580147894856,-0.08305882269876518,-0.060500499088246534,0.009950248756218905,-0.12494609836012821,0.03016886199838222,0.05498859632387513,0.7355483497933442,0.2709672621068086,-0.08685205388119888,-0.12062864665994566,-0.049711020917746034,0.009950248756218905,-0.08777851233935824,0.18326192819731213,0.29479941020937017,0.5923092703354889,0.40505564852809006,0.7425236801720827,0.6293484823062937,10.252047315741583,0.5699494023238264,0.3248423212092863,-2.910828025477707,-29.947184000298957,24.125527949343546,0.8638392930255715,0.8234012733596178,0.9014680926403201,0.5392213621648144,0.4899328859060403,0.9785261102977062,0.6239316239316239,0.9634790965881788,0.5488721804511278,4.931142378022715e-63,0.7949242989131816,0.41978874088617396,-0.5246583831049942,-2.262446245848844,1.2131294796388554,0.7241080633439809,0.7021689283216533,0.7529700247999012,0.2915557196118594,0.1322314049586777,0.9856850715746421,0.5333333333333333,0.90177736202058,0.2119205298013245,-0.9522602634292948,0.8570849973431706,15.348376923399144,0.04773973657070519,0.014849013434427242,-0.7873044694114966,0.6423224079586162,39.04022765332236,0.2126955305885034,0.11587890789875911,,,,27.194302288360753,13.254989454568527,1.0,0.0,0.0,0.6829562783241272,0.075511135160923,-0.0016909635511776562,0.48322615027427673,0.07739856094121933,-0.002408281102052391,0.8890666365623474,0.03929688781499863,-0.002669945751771157,0.8209311366081238,0.039435893297195435,-0.001517721981356,0.43137064576148987,0.07533640414476395,-0.0001644619013364807,0.7612839937210083,0.08516557514667511,-0.003964527413623302,0.7052688598632812,0.13587310910224915,-0.0016362745556864546,0.6790775060653687,0.14024843275547028,-0.0023408628600625975,-0.5343435813455916,0.5296618556254663,0.7430062294006348,0.11793548613786697,-0.0033403131429208498,0.7822290062904358,0.10407928377389908,-0.0032089221561995593,0.7632663249969482,0.10029440373182297,-0.001329483550468883,I,1110000,42.0,10.0,completed,0.7108,,0.9255,,,,,,,,,,,,,,,,0.7010810375213623,0.0634050220251083,0.7393738329410553,0.2223915544648965,0.6551298201084137,0.1031875371932983,0.7396386563777924,0.7042392790317535,0.77424356341362,0.8095918893814087,0.5273429850737253,0.9999678134918212,0.9999290704727172,0.9999746680259703,0.999984085559845,0.0025032071862369,0.0014662283938378,38.57086181640625,0.6853612065315247,0.1274504363536834,0.7685343623161316,0.9403339624404908,0.1487623453140258,0.0760339349508285,2.9578897953033447,0.4731782972812652,-0.28842493891716,0.5570790767669678,0.9312458038330078,0.138600692152977,0.0772013515233993,1.3473492860794067,0.8840282559394836,0.5983766317367554,0.933895468711853,0.9843184947967528,0.0844495296478271,0.0398244485259056,7.479132175445557,0.8095918893814087,0.3696876466274261,0.8901281952857971,0.9825373888015748,0.0701668187975883,0.039630439132452,5.851347923278809,0.4234894514083862,-0.2911520898342132,0.4981224238872528,0.8862319588661194,0.1385487616062164,0.07546416670084,0.9141272902488708,0.7643857598304749,0.2851291000843048,0.8420547842979431,0.95973938703537,0.1687177866697311,0.084472581744194,3.900856256484986,0.7148915529251099,0.2050461173057556,0.7958974242210388,0.9385824203491212,0.2657416462898254,0.1339694410562515,3.0602660179138184,0.6810312271118164,0.1945266723632812,0.7543940544128418,0.9355562925338744,0.2742319703102112,0.1376068294048309,2.7958076000213623,0.7274473309516907,0.1141004785895347,0.8325155973434448,0.9554284811019896,0.349784642457962,0.1237995103001594,3.4123876094818115,0.7817571759223938,0.2772288024425506,0.8711934685707092,0.9708458781242372,0.2043279558420181,0.1019946560263633,4.228462219238281,0.7667299509048462,0.258318156003952,0.8618464469909668,0.97258198261261,0.2069687992334365,0.0968306884169578,4.270579814910889,0.6275284176157849,0.3769076054203695,,0.4365158043634653,0.7694708958951122,0.5943220726446183,0.6077424321229656,0.8697186234372781,0.7455483215618698,21.672584045267943,0.4541123666286074,16.32946016567521,0.5309657860545691,8.557164021919569,0.8943014939808098,9.81016973353085,0.8656604990116481,23.93625466846561,0.5127671522478776,26.930271643541136,0.4862583820566181
spatial_1lead_pg1_permuted_geometry_1110000_s42_l0,Spatial Frontal (1110000),True,True,3-Epoch Spatial Architecture Grid,pg1_permuted_geometry,1lead_clinical_v1,2198.0,1904.0,1000.0,0.8130540305477281,0.3495297803845996,0.9638838698683984,0.8375231944365557,0.7325921352292974,0.7153062648601106,-0.07100187583456596,-0.08191072108860484,-0.061143257425912555,0.009950248756218905,-0.12740704184551854,0.030347244728836837,0.05561310932692603,0.7366587584138493,0.27001901071389,-0.08562542847739918,-0.11960488378730981,-0.05302301565866506,0.009950248756218905,-0.08861210588014143,0.17723822633464037,0.28552181815930333,0.5840185716669528,0.38645234449980576,0.7418534814059888,0.6237498890950637,10.192902638762511,0.5819549787490989,0.3386715972908632,-3.1992720655141036,-29.701910024559133,23.303365893530923,0.8720983553935296,0.8300854389659378,0.9047542437142346,0.5087869260562368,0.4966442953020134,0.9799902391410444,0.6434782608695652,0.9639942390782525,0.5606060606060606,1.5872499737723847e-65,0.8056650545593822,0.41338189647565793,-0.5739808745743255,-2.295703685704007,1.1477419365553558,0.7223102469198397,0.6979594085429559,0.7519882804071403,0.2880433577896474,0.1115702479338843,0.9897750511247444,0.574468085106383,0.900046490004649,0.18685121107266436,-0.9552228770971022,0.8585055822519768,15.239036917184848,0.044777122902897794,0.013156939434225105,-0.7938783598448876,0.6420853408306748,39.3799484994812,0.20612164015511233,0.10788771849953517,,,,27.309492708333025,14.73083616133543,1.0,0.0,0.0,0.6823238730430603,0.0756237581372261,-0.0025172020076901923,0.48414647579193115,0.0765058770775795,-0.0002698651148976334,0.888184130191803,0.039648160338401794,-0.002336818672154519,0.8208075761795044,0.039403967559337616,-0.0020577463403648535,0.4333953261375427,0.07529522478580475,3.9117400121434546e-05,0.7614938020706177,0.08513700217008591,-0.0044585369866097365,0.7060327529907227,0.13596108555793762,-0.002257593912287339,0.6787421107292175,0.14071689546108246,-0.0011245310885928028,-0.5343479737012702,0.5320989115240846,0.7416264414787292,0.11816403269767761,-0.003926918436869244,0.7808396816253662,0.10431421548128128,-0.005687467108145962,0.7625285983085632,0.10038414597511292,-0.0033191518728656606,I,1110000,42.0,10.0,completed,0.7111,,0.9245,,,,,,,,,,,,,,,,0.7017630934715271,0.0676696524024009,0.7403384149074554,0.224039706091086,0.6554727375507354,0.1049455553293228,0.7408494353294373,0.7053713500499725,0.7747944593429565,0.8092136383056641,0.5283601383368174,0.999957263469696,0.9999077916145324,0.999964714050293,0.9999813437461852,0.0034482663031667,0.0022745651658624,35.53609848022461,0.6847680807113647,0.1265557259321212,0.7692739367485046,0.9387738108634948,0.1475725024938583,0.0761504471302032,2.936975479125977,0.4740172028541565,-0.2803431451320648,0.5547357797622681,0.9326797723770142,0.1406493186950683,0.0766935795545578,1.392815351486206,0.883069634437561,0.603760302066803,0.9326735138893129,0.9844253063201904,0.0810841619968414,0.0400056093931198,7.399966239929199,0.8092136383056641,0.3653804063796997,0.89012211561203,0.9825472235679626,0.0692811608314514,0.0394858494400978,5.870988845825195,0.426295131444931,-0.290625512599945,0.5024128556251526,0.8903799057006836,0.138515368103981,0.0753596276044845,0.9136869311332704,0.764905571937561,0.2852976024150848,0.8426146507263184,0.960517942905426,0.167938157916069,0.0844772607088089,3.913713216781616,0.7167932987213135,0.2113228589296341,0.7970271110534668,0.937464952468872,0.2665580213069916,0.1343360543251037,3.063962936401367,0.6817032098770142,0.1914920508861541,0.7555292248725891,0.9359297752380372,0.2755692601203918,0.138116180896759,2.7792325019836426,0.7290394902229309,0.1219376027584075,0.831904947757721,0.956941783428192,0.3506679534912109,0.1239432469010353,3.4000673294067383,0.782591700553894,0.2813222706317901,0.8708409070968628,0.9720503091812134,0.2041552662849426,0.1020492017269134,4.219064235687256,0.766997218132019,0.2528658509254455,0.8615515232086182,0.9731038808822632,0.2056943774223327,0.0967020466923713,4.25812292098999,0.6136167407354596,0.3814547144292943,,0.4228719851267179,0.7681912380047256,0.5865787433266955,0.5943921723767129,0.8689006273683079,0.7394259450328611,21.73680331122073,0.443605455623641,16.57880403948712,0.5176517098240759,8.669130248500428,0.8926181895272419,9.78184025422216,0.8647869408522366,23.57117336421995,0.5137242952555856,28.02980737133544,0.4697143139499452
spatial_1lead_e1_panorama_film_1110000_s42_l0,Spatial Frontal (1110000),True,True,3-Epoch Spatial Architecture Grid,e1_panorama_film,1lead_clinical_v1,2198.0,1904.0,1000.0,0.8124486705824421,0.34929522936355245,0.961932475126943,0.8403452628408247,0.7286974868149347,0.7135974268805887,-0.07160723579985195,-0.08217370876091996,-0.061613391484143645,0.009950248756218905,-0.12764159286656568,0.029925060075503628,0.054969687911535656,0.7214630953876543,0.2548667937611327,-0.10013928858942045,-0.13237051595439087,-0.06786281924852393,0.009950248756218905,-0.10258037645923929,0.20517912895859194,0.331326981837706,0.6014105128022773,0.4235576789338273,0.7482609322033317,0.6324129272696732,10.202001819836214,0.5622765230488556,0.3161548883719102,-3.1665150136487714,-29.966830262136227,23.63380023483868,0.852986069485524,0.8106820865961539,0.8915127325982758,0.50263891373968,0.44966442953020136,0.9799902391410444,0.6203703703703703,0.9607655502392345,0.5214007782101168,5.892623158769055e-57,0.7753004287187353,0.4255350317021566,-0.4708958068850693,-2.2142390756557475,1.2724474618856088,0.7247502915377985,0.7025261464332424,0.7559636752373787,0.28659012084216773,0.1446280991735537,0.9800613496932515,0.47297297297297297,0.902542372881356,0.22151898734177214,-0.9448151267665805,0.8531818141026272,15.665977399749915,0.055184873233419425,0.019439388695422728,-0.7738280252075865,0.612742103076786,42.96063403838812,0.2261719747924135,0.11907123421907816,,,,29.313305719069017,15.07677869167281,1.0,0.0,0.0,0.685639500617981,0.07565201818943024,-0.005294538609474533,0.4930630922317505,0.07639846950769424,0.0017315575188828886,0.8904039263725281,0.04151518642902374,0.001450754190742517,0.8252850770950317,0.039553865790367126,-0.0009758165111643204,0.440378874540329,0.07492784410715103,-0.000544259148754924,0.7644526958465576,0.08488468080759048,0.0018663842857098009,0.714172899723053,0.13459078967571259,0.004143546126226743,0.6874364018440247,0.13889122009277344,-0.0006017418251694487,-0.5272254802410595,0.5260219965907206,0.7487056255340576,0.11756273359060287,-0.007526005303396332,0.7853042483329773,0.10411310940980911,-0.00850262929029917,0.7654532790184021,0.10058221220970154,-0.006531388399200922,I,1110000,42.0,10.0,completed,0.7161,,0.9161,,,,,,,,,,,,,,,,0.7071568965911865,0.0840196758508682,0.7449521124362946,0.2347611039876938,0.6618028104305267,0.1199362516403198,0.7453054785728455,0.7117705345153809,0.7777803242206573,0.814473569393158,0.536313404639562,0.9999608397483826,0.9999273419380188,0.9999656081199646,0.999981164932251,0.0024544508196413,0.0013238406972959,39.16154861450195,0.6892010569572449,0.1434199213981628,0.7722913026809692,0.9401935935020448,0.1440716534852981,0.0759468525648117,2.993342161178589,0.4845967292785644,-0.259500503540039,0.5684391856193542,0.9313787221908568,0.1363992244005203,0.0763259157538414,1.4571099281311035,0.8856002688407898,0.6015223264694214,0.9344289898872375,0.9839335083961488,0.0777070522308349,0.0415116921067237,7.085089683532715,0.814473569393158,0.3884432315826416,0.8935894966125488,0.9823561310768129,0.0704067051410675,0.0397089049220085,5.865570545196533,0.4351424276828766,-0.2742037177085876,0.5107792615890503,0.8892804980278015,0.138403445482254,0.0750489830970764,0.9680748581886292,0.7677329182624817,0.2896101772785187,0.8457607626914978,0.9607203006744384,0.1677113473415374,0.0843056812882423,3.968858242034912,0.7228780388832092,0.2326512932777404,0.8034757375717163,0.9402965903282166,0.2646380066871643,0.1331386268138885,3.147067308425904,0.6890484690666199,0.1994883865118026,0.7641221284866333,0.939342439174652,0.2740808427333832,0.1370423287153244,2.873461961746216,0.7344925999641418,0.1412683278322219,0.8338737487792969,0.9568520784378052,0.3500703871250152,0.1238776892423629,3.45166540145874,0.7858825325965881,0.2858402729034424,0.8748340010643005,0.9725673198699952,0.2043450325727462,0.1021044477820396,4.263628959655762,0.7696781158447266,0.2597081661224365,0.8642709851264954,0.973508894443512,0.2067049741744995,0.0970367789268493,4.271254539489746,0.6317474634094826,0.4010419213125191,,,,,,,,,,,,,,,,,,,
spatial_1lead_pa1_panorama_author_1110000_s42_l0,Spatial Frontal (1110000),True,True,3-Epoch Spatial Architecture Grid,pa1_panorama_author,1lead_clinical_v1,2198.0,1904.0,1000.0,0.812412147729317,0.351530602842254,0.9630740452702709,0.8397855061859573,0.7170197984515203,0.7146793083053425,-0.07164375865297701,-0.08313420371166069,-0.061223758000877496,0.009950248756218905,-0.12540621938786412,0.029488591150461728,0.05391597628368896,0.7252195060759512,0.2632637113697165,-0.09544340711512833,-0.12826072893013316,-0.06065416985367353,0.009950248756218905,-0.09470571936924882,0.1884731692034273,0.3023079985803148,0.5936103055091554,0.40260225911416286,0.748431128591094,0.6297975288222093,10.230209281164695,0.5750863385074935,0.3307242967379551,-2.510464058234759,-29.34410504296944,24.32317692649992,0.852424328777174,0.816367772566679,0.8858926982038265,0.5213090852061248,0.5167785234899329,0.9799902391410444,0.652542372881356,0.9653846153846154,0.5767790262172284,2.595884507996288e-69,0.7885134888709513,0.4147842112081197,-0.4854346892717646,-2.2467947718714636,1.2759253933279342,0.7204427149351856,0.6963737343721182,0.7508296595993456,0.2844849192878666,0.14049586776859505,0.9800613496932515,0.4657534246575342,0.9021176470588236,0.21587301587301588,-0.9517151032745885,0.8474285343318675,16.54052186282827,0.048284896725411475,0.014095270862696973,-0.7890490002318685,0.6335064561210075,40.468334099011194,0.21095099976813148,0.10996331022871478,,,,28.504427980919733,13.96535261822311,1.0,0.0,0.0,0.683349609375,0.07549834996461868,-0.0011444676128167072,0.4844386577606201,0.07667215168476105,0.0003395218980890903,0.8896228075027466,0.03963063657283783,0.002728549931341417,0.8210275769233704,0.03996644169092178,-0.003036710538562843,0.432331383228302,0.07512631267309189,-0.00023214273288356697,0.761557936668396,0.08524996787309647,-0.003535510990458302,0.706315815448761,0.13548094034194946,-0.0019827082528527276,0.6799356341362,0.1400039792060852,-0.004777988700822173,-0.5353333901650287,0.5257774127633844,0.7439374923706055,0.11806260794401169,-0.005509183954312021,0.782815158367157,0.10401362180709839,-0.003868428104683165,0.7634001970291138,0.10022260248661041,-0.0015807373372457036,I,1110000,42.0,10.0,completed,0.7117,,0.9249,,,,,,,,,,,,,,,,0.7019254565238953,0.0674468576908111,0.7401668628056844,0.2240800733367602,0.6560357272624969,0.1087271720170974,0.7405640780925751,0.7056806087493896,0.7742559015750885,0.8094332218170166,0.5286551217238108,0.999967098236084,0.9999417662620544,0.9999711513519288,0.9999834895133972,0.0021680120844393,0.001451940042898,38.57432556152344,0.686075747013092,0.1366534680128097,0.7646988034248352,0.939062476158142,0.1499163955450058,0.0760748237371444,2.963596105575561,0.4739643633365631,-0.2790242731571197,0.5621241927146912,0.92963308095932,0.1368749290704727,0.076652206480503,1.371663212776184,0.8847800493240356,0.6111822128295898,0.9326737523078918,0.9834175705909728,0.0830651149153709,0.0401069447398185,7.411032199859619,0.8094332218170166,0.3716894686222076,0.8899958729743958,0.9822967648506165,0.0702942907810211,0.0402571074664592,5.715438365936279,0.4259252548217773,-0.2968650162220001,0.5072476863861084,0.888214111328125,0.1389291733503341,0.0752194374799728,0.932245910167694,0.7642776370048523,0.2839353680610657,0.8408927917480469,0.960558533668518,0.1669994443655014,0.0844586491584777,3.8744380474090576,0.7168505191802979,0.2132984697818756,0.798631489276886,0.937575101852417,0.2655804753303528,0.133858636021614,3.0642952919006348,0.6814145445823669,0.1797608435153961,0.7541334629058838,0.9371951818466188,0.2745435833930969,0.1377212852239608,2.792298078536988,0.7299466729164124,0.1391854584217071,0.8315582275390625,0.9557136297225952,0.3501150012016296,0.1241492256522178,3.4053683280944824,0.7820224761962891,0.2865545451641083,0.8726543188095093,0.97210294008255,0.2051694393157959,0.1020109355449676,4.235509395599365,0.7664893269538879,0.2417457550764084,0.8601226806640625,0.9724037647247314,0.2057305425405502,0.0966703593730926,4.266132354736328,0.6250084402886494,0.3962207485215349,,0.4351926262330508,0.7687942424465444,0.5910946007286995,0.6064588380380697,0.8692862335227536,0.7430037163824027,21.739140034222,0.4490536585365853,16.223976156308645,0.530419512195122,8.59184583816576,0.8953410431108358,9.829229122055674,0.864388803570368,24.1285885520033,0.5069065794256634,26.69174824075166,0.4848650077657711
spatial_1lead_a0_1110000_s42_l0,Spatial Frontal (1110000),True,True,3-Epoch Spatial Architecture Grid,a0,1lead_clinical_v1,2198.0,1904.0,1000.0,0.812399387177936,0.3521181071660761,0.9652465576975047,0.8395399933087578,0.7131431365083389,0.7174862390364637,-0.071656519204358,-0.08526007933886112,-0.060782590139235794,0.009950248756218905,-0.12481871506404202,0.03009915309380928,0.054046721950871894,0.7322533848427014,0.2674166515323893,-0.08878693407727056,-0.12255932872541575,-0.056754278165496226,0.009950248756218905,-0.09095540318214149,0.1929705768825678,0.31180995167737513,0.594254796211053,0.4068396969414061,0.742712538615911,0.6332121530758422,10.262056414922657,0.5894424355751913,0.34744238485681195,-3.2320291173794358,-29.714105473981935,23.25004723922306,0.8710944281217552,0.8379417772701793,0.9062183426803567,0.5022809616660463,0.47651006711409394,0.9765739385065886,0.5966386554621849,0.9624819624819625,0.5298507462686567,4.8471870467759375e-59,0.8022303897158681,0.4228707458564268,-0.5436325748201063,-2.2781779743045996,1.190912824664387,0.7223503861819534,0.6965536781068045,0.7503450983829562,0.2921540493702649,0.1322314049586777,0.9882413087934561,0.5818181818181818,0.9020065328978069,0.21548821548821548,-0.9445106712891946,0.8546928751612243,15.474587966507405,0.055489328710805315,0.01989756251788299,-0.7807973809894851,0.6264860425983927,41.152276771230795,0.21920261901051485,0.11676093374565338,,,,28.3134323688691,14.423931785697741,1.0,0.0,0.0,0.6888535618782043,0.07490145415067673,-0.00016253736287929669,0.4899972379207611,0.07622698694467545,-0.0006238162947721792,0.8896896243095398,0.03893962502479553,-0.000924638241539556,0.8222329616546631,0.03922543302178383,9.991455551634646e-05,0.44384804368019104,0.07464942336082458,-0.0018238021785035637,0.7637391686439514,0.08489072322845459,-0.0029320793253205827,0.7168744206428528,0.13384227454662323,-0.0010331852000800706,0.6932911276817322,0.13779009878635406,-0.0016927736019635266,-0.5294751136391225,0.5260895664351954,0.7508107423782349,0.11594647169113159,-0.002297415011670184,0.7884872555732727,0.10231755673885345,-0.0017997029878032147,0.767796516418457,0.09928233176469803,-0.0004251935582669011,I,1110000,42.0,10.0,completed,0.718,,0.9116,,,,,,,,,,,,,,,,0.7083311080932617,0.0822543352842331,0.7478340268135071,0.2380950624744097,0.6609275639057159,0.1163070619106292,0.7468434274196625,0.716113269329071,0.7805453836917877,0.811044454574585,0.5362429320812225,0.9999511241912842,0.999896228313446,0.9999603033065796,0.999976933002472,0.0026729013770818,0.0013447515666484,38.814414978027344,0.689583420753479,0.1592010855674743,0.7741617560386658,0.9438032507896424,0.1501671820878982,0.0756469890475273,2.9865403175354004,0.4813917279243469,-0.272131085395813,0.5635537505149841,0.930490493774414,0.1398706138134002,0.0762144550681114,1.4041929244995115,0.8848645687103271,0.6154375076293945,0.9349052309989928,0.9842183589935304,0.0819796398282051,0.0393151342868804,7.506933689117432,0.811044454574585,0.3697539269924164,0.8930701017379761,0.9819899201393129,0.069714069366455,0.0394009873270988,5.86185884475708,0.4377536475658417,-0.2907261252403259,0.52320396900177,0.8888137936592102,0.1394839137792587,0.0748523101210594,0.9450901746749878,0.7669009566307068,0.2905608713626861,0.8447105288505554,0.9618816375732422,0.1664268672466278,0.0840312242507934,3.9437856674194336,0.7267858982086182,0.2354862242937088,0.8069474697113037,0.9443272948265076,0.2639864683151245,0.1321943402290344,3.174548864364624,0.6948803663253784,0.2056418359279632,0.7699096202850342,0.9406720995903016,0.2726317644119262,0.1356076002120971,2.937487363815308,0.7373461723327637,0.1513043344020843,0.840015172958374,0.9581982493400574,0.349221408367157,0.1220694184303283,3.5407497882843018,0.7888854146003723,0.2883159220218658,0.8776021003723145,0.9734010100364684,0.2026115506887436,0.1003646925091743,4.38927173614502,0.7722053527832031,0.25726118683815,0.8673215508460999,0.9741687774658204,0.2042401283979416,0.0956629067659378,4.379366874694824,0.6385908263408061,0.3922377151043865,,,,,,,,,,,,,,,,,,,
spatial_1lead_cm1_capacity_matched_1110000_s42_l0,Spatial Frontal (1110000),True,True,3-Epoch Spatial Architecture Grid,cm1_capacity_matched,1lead_clinical_v1,2198.0,1904.0,1000.0,0.8119107860759309,0.3522024343179117,0.9640663771554813,0.8359811142194267,0.7248464694398412,0.716762318212182,-0.07214512030636311,-0.08388822250342393,-0.06254953059383493,0.009950248756218905,-0.12473438791220642,0.02997204843285364,0.0548752593609618,0.736103594472694,0.2729487407951536,-0.0852158250827767,-0.11985629985962441,-0.05097761126297936,0.009950248756218905,-0.0858474258811901,0.1768341295180428,0.2865244662867238,0.59297803446925,0.4064203538549994,0.7436267936831169,0.6288869558696338,10.174704276615104,0.5755724678189064,0.33128366571114715,-2.5605095541401273,-29.580074983928228,24.45905587564797,0.8461976868729549,0.8021419840830869,0.888635679748826,0.5334090026426146,0.4966442953020134,0.9785261102977062,0.6271186440677966,0.9639423076923077,0.5543071161048689,2.8699651802000592e-64,0.786119056002892,0.41906170744890064,-0.5083776414394379,-2.2493440799124214,1.2325887970335458,0.7235968159002181,0.7012960716326303,0.7517792570306655,0.2879569530703301,0.1322314049586777,0.9861963190184049,0.5423728813559322,0.9018232819074333,0.21262458471760798,-0.9502439137250056,0.8482466354723547,16.40180106046758,0.049756086274994345,0.015093880674780917,-0.7875262814973004,0.6327641472734526,40.508774160503776,0.2124737185026996,0.11144518258636021,,,,28.455287610485676,14.101491823657433,1.0,0.0,0.0,0.6827802062034607,0.07558603584766388,-0.004198658609276797,0.4836525619029999,0.07699886709451675,-0.00022072840601059407,0.8892321586608887,0.039962027221918106,0.0010197696694338083,0.821331799030304,0.03942381590604782,-0.0016832686365469576,0.4298662841320038,0.07530395686626434,-0.001889138860104118,0.7614061832427979,0.08504297584295273,-0.0005948882266612531,0.7076329588890076,0.13577917218208313,0.0014939360871981677,0.6807700991630554,0.14000587165355682,-0.0032906920682021015,-0.5331728133704022,0.526591429233998,0.742758572101593,0.11800994724035263,-0.004966757842788897,0.7819459438323975,0.10413867980241776,-0.0052404511775539465,0.7631998062133789,0.10045415163040161,-0.0034518309176589644,I,1110000,42.0,10.0,completed,0.7114,,0.9272,,,,,,,,,,,,,,,,0.7017741799354553,0.0650216937065124,0.7404392262299856,0.2284812207023302,0.6553761482238769,0.103852903842926,0.7410410046577454,0.7057008743286133,0.774575799703598,0.8102325201034546,0.5275314847628275,0.9999539256095886,0.9998828172683716,0.9999698400497437,0.9999859929084778,0.0054735345765948,0.0023622165899723,36.32820129394531,0.6845962405204773,0.1304547786712646,0.769806444644928,0.9409334063529968,0.1462793946266174,0.0761154517531395,2.9587652683258057,0.4744841158390045,-0.2675076425075531,0.5561837553977966,0.9282354712486268,0.1383452862501144,0.0770649537444114,1.3461835384368896,0.8840537667274475,0.599830687046051,0.933822751045227,0.9838305115699768,0.0839902684092521,0.0401703156530857,7.3698930740356445,0.8102325201034546,0.3699564039707184,0.8871335387229919,0.9822010397911072,0.071164071559906,0.0398073308169841,5.846114158630371,0.4235140979290008,-0.3134697079658508,0.508914053440094,0.8887326121330261,0.1389426738023758,0.0753169059753418,0.9287124872207642,0.7652832269668579,0.2812754213809967,0.841075599193573,0.9598352909088136,0.1657939255237579,0.0841448977589607,3.91477108001709,0.7167987823486328,0.2170323729515075,0.7948096394538879,0.937905728816986,0.2659770250320434,0.1343249678611755,3.0391440391540527,0.6828955411911011,0.2072833776473999,0.7548112273216248,0.9358397722244264,0.2750173807144165,0.1379111260175705,2.785386562347412,0.7285062074661255,0.1330393999814987,0.8295072913169861,0.9550287127494812,0.3503594100475311,0.1241138279438018,3.3831441402435303,0.7820056676864624,0.2770634293556213,0.8705011606216431,0.9708844423294068,0.2077807933092117,0.1021485552191734,4.221726894378662,0.7671459317207336,0.2551933228969574,0.8608883023262024,0.9732311367988586,0.2086092382669448,0.0968885272741317,4.255064010620117,0.6223966378106166,0.3751530948442907,,0.4277142033555718,0.7675444322585843,0.5890315167961917,0.5991594148889331,0.8684867189197717,0.7413717230527914,21.865881032547698,0.4488491805218626,16.21555068308315,0.5278188667337238,8.699503695504696,0.891285196354149,9.798553700562447,0.8633652966489344,23.778297345619585,0.5103137830395568,27.16154616305777,0.4804359655053011
spatial_1lead_d1_panorama_relative_1110000_s42_l0,Spatial Frontal (1110000),True,True,3-Epoch Spatial Architecture Grid,d1_panorama_relative,1lead_clinical_v1,2198.0,1904.0,1000.0,0.8118077828522439,0.34914264308725856,0.9616154439776728,0.8358026015069377,0.7271497256270959,0.7169325243331595,-0.07224812353005017,-0.08332312059709429,-0.06253981844721627,0.009950248756218905,-0.12779417914285957,0.029631912138475342,0.054237178798318894,0.722220316873143,0.2665909340938512,-0.09919466789238507,-0.1329968998429276,-0.06488785876073767,0.009950248756218905,-0.09191499872153466,0.19249667343370236,0.31116068146765846,0.5914062266505171,0.4041412938469403,0.7425846201747376,0.6274927659298735,10.093721565059145,0.5763157687962955,0.3321398653632643,-2.0336669699727024,-29.102243605242325,25.03490966529692,0.8604311810311791,0.8085596510864197,0.8974096275869413,0.5471942281059659,0.48322147651006714,0.9726695949243533,0.5625,0.9628019323671497,0.51985559566787,2.2625507903524436e-57,0.7880763759577242,0.41992101951832456,-0.5044240926454239,-2.2509275650876677,1.2420793797968201,0.7222194054318986,0.6975444357883676,0.7504392512925473,0.28566925468508325,0.1446280991735537,0.9821063394683026,0.5,0.9027255639097744,0.22435897435897437,-0.9499361532714455,0.8510279400181816,16.046737545629394,0.05006384672855447,0.015619305923791087,-0.7824402552973166,0.6335226038072607,40.148240910215556,0.21755974470268336,0.11789368532448652,,,,28.097489227922473,14.537474712466318,1.0,0.0,0.0,0.6830074787139893,0.07543518394231796,-0.0013029864938267808,0.47873127460479736,0.07696741819381714,-0.0011226393482783922,0.8882281184196472,0.03984764218330383,-0.0010070102176239148,0.8185775279998779,0.04037981852889061,-0.0036731936026981227,0.4291442334651947,0.07532855123281479,-0.0006828434521892328,0.7605410218238831,0.08513322472572327,-0.0037663547030962713,0.7071737051010132,0.13544586300849915,-0.0032945743604880368,0.6806001663208008,0.1398690640926361,-0.00510865467695487,-0.5362929185630482,0.5260756092091384,0.7414788603782654,0.11797598749399185,-0.0059000500257227985,0.7802197933197021,0.10456977039575577,-0.00809406816848412,0.762614905834198,0.10092857480049133,-0.006338348594124032,I,1110000,42.0,10.0,completed,0.7097,,0.929,,,,,,,,,,,,,,,,0.7002301812171936,0.0620476529002189,0.7389394640922546,0.2275046681364377,0.6537790417671203,0.1081096142530441,0.7402288913726807,0.7038358449935913,0.7727536559104919,0.8069990277290344,0.5263237357139587,0.9999772906303406,0.9999502301216124,0.9999818801879884,0.9999891519546508,0.0022306623868644,0.0012287575518712,40.3565673828125,0.684042751789093,0.1401980072259903,0.7652599811553955,0.9400749802589417,0.1512840539216995,0.0761054828763008,2.9479126930236816,0.4701392352581024,-0.2701112926006317,0.5582851767539978,0.9300695061683656,0.1403409838676452,0.0771822705864906,1.3167556524276731,0.8829249739646912,0.5939958095550537,0.933363676071167,0.9842161536216736,0.0828102231025695,0.0400670543313026,7.305393218994141,0.8069990277290344,0.3681973814964294,0.8865044713020325,0.9804654717445374,0.070726454257965,0.0405841693282127,5.693968296051025,0.4247892200946808,-0.2917318344116211,0.5081891417503357,0.890166699886322,0.1398952752351761,0.07539002597332,0.903880774974823,0.7638654708862305,0.2863166630268097,0.8417181372642517,0.9602574706077576,0.1657421886920929,0.0843211188912391,3.902662754058838,0.7165923118591309,0.2123006135225296,0.7948600649833679,0.9382869005203248,0.2662760615348816,0.1338748931884765,3.04268479347229,0.6820130348205566,0.2094457596540451,0.7514673471450806,0.9361234307289124,0.274785041809082,0.1375635713338852,2.791980028152466,0.725658655166626,0.1390424072742462,0.8276185989379883,0.9545426964759828,0.3499798476696014,0.1239676028490066,3.375239133834839,0.7799504399299622,0.2778959572315216,0.8700754642486572,0.9704291820526124,0.2029886990785598,0.1025161445140838,4.1658244132995605,0.7655568718910217,0.2400266081094741,0.8595505356788635,0.9715394377708436,0.20498688519001,0.09731475263834,4.200684070587158,0.6203792416281259,0.3840835239921095,,0.428952376477222,0.768146811908206,0.5949053500483825,0.6003732294210011,0.8688722075959432,0.746007090678247,21.92106874478152,0.4460595137814171,16.506797414753734,0.5240660567712109,8.619265236174087,0.892206623775654,9.861192431274544,0.8647405320069939,23.664854894727547,0.5163822440817746,26.77757060705384,0.4855470270180755
D8_random12_mul_l1_s42_l0,Ansari 3DRECON-QT (D-Series),True,True,Stage A 3D Theta Spatial Benchmark,D8_random12_mul_l1,1lead_clinical_v1,2198.0,1904.0,1000.0,0.8115642881815571,0.34978350834177757,0.949792691417792,0.8304730130596673,0.7515154949245051,0.7061741627550092,-0.07249161820073691,-0.0823713440448662,-0.06053895350699582,0.009950248756218905,-0.12715331388834056,0.028918817854065425,0.05298016443263897,0.689556440773676,0.23797944223496614,-0.1166115042166963,-0.14581572332202786,-0.08580115145236589,0.009950248756218905,-0.11796747726309895,0.28343060270327813,0.4272157363781395,0.5933522877139579,0.4198969930266461,0.7310492941727275,0.6291105759424996,10.579617834394904,0.6123901061861279,0.37502164215465655,-0.1665150136487716,-28.299083120195142,27.966053092897596,0.8884527073281777,0.8512572733449918,0.9172964185906979,0.5902361355506487,0.6442953020134228,0.9643728648121035,0.5680473372781065,0.9738787580088714,0.6037735849056604,1.5777379437326778e-81,0.6198994160051016,0.46932007546505566,-0.32195982661054173,-1.8914359378228165,1.2475162846017331,0.7421221416620188,0.7106390276686387,0.7805220154835415,0.33848039281163855,0.0743801652892562,0.995398773006135,0.6666666666666666,0.8968217411331184,0.13382899628252787,-0.9735448973781442,0.9040525233089393,10.128919072687232,0.026455102621855808,0.006909646796637558,-0.8523001554639693,0.8315536504934881,16.89639558779148,0.14769984453603066,0.12911181675931374,,,,13.512657330239357,5.411580464631701,1.0,0.0,0.0,0.6719233989715576,0.07495758682489395,-0.000913858207407004,0.5028502345085144,0.07551503926515579,-0.0014547241663765771,0.8820619583129883,0.03933010622859001,-0.0004157958286016009,0.8175883889198303,0.03954620286822319,0.0009304956812130465,0.42698466777801514,0.07472580671310425,-0.0010628343068581144,0.7634753584861755,0.08331646025180817,-0.0019391742459387916,0.7088401913642883,0.13175345957279205,-0.006964455366986907,0.6788073778152466,0.13574694097042084,-0.005302961987569562,-0.5222378036385531,0.5116318796634141,0.7400062084197998,0.11395969241857529,-0.002978446784401859,0.776972234249115,0.1008097305893898,-0.0025425717729545003,0.7581746578216553,0.09833621978759766,-0.0019091055246785308,I,1110000,42.0,10.0,completed,0.7138424733695474,0.3638964295387268,,,,,,,,,,,,,,,,,0.7016080617904663,0.4135988652706146,0.7392323017120361,0.4086689054965973,0.6564589142799377,0.3170654773712158,0.74177086353302,0.7050174474716187,0.7709085941314697,0.9019507169723512,0.5333083271980286,0.9999986290931702,0.9999983906745912,0.9999986290931702,0.999998927116394,0.000232471327763,0.0001192481577163,55.60304641723633,0.6776500940322876,0.0872961953282356,0.7667372822761536,0.9434360265731812,0.1128704324364662,0.0750659480690956,3.021043539047241,0.4960424304008484,-0.2620129585266113,0.583702027797699,0.929380178451538,0.1117208823561668,0.0750517025589943,1.539358615875244,0.8784668445587158,0.596686840057373,0.9297159910202026,0.9824364185333252,0.0600017234683036,0.0395344756543636,7.39326810836792,0.8039027452468872,0.3614638745784759,0.8856217861175537,0.9798288345336914,0.059295654296875,0.0393444783985614,5.737061023712158,0.426232635974884,-0.3133087456226349,0.5149782299995422,0.8972773551940918,0.1116731390357017,0.0745656639337539,0.9856228828430176,0.7656732201576233,0.2809022665023803,0.8446769714355469,0.9603258371353148,0.121793694794178,0.0821695476770401,4.101747512817383,0.7178685069084167,0.2052988111972808,0.7993663549423218,0.941508650779724,0.2073083519935608,0.1300336122512817,3.161165237426758,0.6820181608200073,0.1866571903228759,0.7562180757522583,0.936570167541504,0.2129525244235992,0.1332396268844604,2.9908580780029297,0.7280167937278748,0.1386139541864395,0.8279085159301758,0.9579924941062928,0.1902991682291031,0.1201478317379951,3.737265110015869,0.778475821018219,0.2681816816329956,0.8674916625022888,0.971612513065338,0.1535138338804245,0.0990268290042877,4.588845729827881,0.7633413672447205,0.2515371143817901,0.8581696152687073,0.9723361730575562,0.1380905508995056,0.0947735160589218,4.518249034881592,,,,,,,,,,,,,,,,,,,,,
conv15e_A0_zscore_s42_l0,Normalization Baseline,True,True,15-Epoch Normalization Control,A0_zscore,1lead_clinical_v1,2198.0,1904.0,1000.0,0.8112160992990133,0.35254395684751183,0.9690670299777692,0.8382750908497311,0.7001109596327414,0.7008776944063904,-0.07283980708328075,-0.08558709683679128,-0.06216445584217596,0.009950248756218905,-0.1243928653826063,0.032100607586047415,0.053003105485974054,0.7431595243180574,0.26785431454204195,-0.07281936567709879,-0.09226676925446374,-0.04828745681348067,0.009950248756218905,-0.09067759350456492,0.16157998068419727,0.25774315872400383,0.6594172452274382,0.5066967952987598,0.7821633971557681,0.6893915432277865,10.021838034576888,0.6453268326858478,0.41644672098434804,-1.521383075523203,-27.893917421954043,24.851151270907636,0.9178990569962102,0.893923780637615,0.9374637105564247,0.6233672740435282,0.6577181208053692,0.9658369936554417,0.5833333333333334,0.9748768472906404,0.6182965299684543,2.644190369829187e-85,0.695757409664476,0.4644323156238087,-0.41601719889616945,-2.0483606348945185,1.2163262371021795,0.7380384998901451,0.7052228133597167,0.7692200098942298,0.3100776523039529,0.1115702479338843,0.9882413087934561,0.54,0.8999068901303539,0.18493150684931506,-0.9427289519739175,0.845882347149462,16.520579636929735,0.05727104802608252,0.019853862848205058,-0.7758128145785912,0.6710810205011648,34.52638743102156,0.22418718542140878,0.14556949566084892,,,,25.52348353397565,7.625985444377105,1.0,0.0,0.0,0.7025929689407349,0.07199842482805252,0.0003370267990036258,0.5343612432479858,0.07249574363231659,0.00048236141696192007,0.8963805437088013,0.037366192787885666,0.0020413370521743563,0.8352653980255127,0.037425003945827484,-0.00045890675327880985,0.4860645532608032,0.07178658992052078,-1.092713612335571e-05,0.7868063449859619,0.0799722671508789,0.0003862453606091154,0.7645924687385559,0.11960016936063766,-9.327563188936393e-05,0.7366619110107422,0.12590889632701874,0.00044857435022302525,-0.5012858915858371,0.5021830402862832,0.7769976258277893,0.10872585326433182,-0.0006243310801707134,0.8009080290794373,0.09800641983747482,-0.00015475175397633022,0.7771849632263184,0.09665180742740631,3.663593188598786e-05,I,1110000,42.0,15.0,completed,0.7465665354604603,0.4082818180322647,4.063589970270793,0.80882328748703,0.7281746864318848,0.8786646127700806,0.8196306228637695,0.8929998278617859,0.8396788396788397,6.373193346301374,0.0,0.2003426745880482,0.1473007639881446,0.0,0.0,6.647529124629979,1.7732690350953924,0.0068543936214848,0.5665642562894743,0.25261350274086,0.6224399966341253,0.1073063627700321,0.5684715412280685,0.0128768274188041,0.6106940157483742,0.5772981870593444,0.6793277870946575,0.7305733464647914,0.4434427390203614,0.9996041115194192,0.9994345426559448,0.999608874320984,0.9997515022754668,0.0064781206087535,0.0042240447064243,28.36599373304129,0.608024927737301,0.0168312802910805,0.6990964412689209,0.8803644776344299,0.1671370415678544,0.0849228360098447,1.317239343584398,0.3643380863812753,-0.4091170638799667,0.4590094089508056,0.8665968775749209,0.1524178839526309,0.0814062455627236,0.64287257588246,0.7814561426144672,0.5256034672260285,0.8215603828430176,0.9053494811058044,0.1263143802034116,0.0559437801840446,2.3837059087485186,0.7305733464647914,0.2647186368703842,0.8102070093154907,0.9213562071323396,0.1103699446380149,0.0514859347636212,2.298426427045347,0.3579652029425077,-0.3336521834135055,0.4298198521137237,0.8224192023277284,0.1462656490006957,0.0787983403745501,0.4035739912389238,0.6703723044844154,0.2275278717279434,0.7304313778877258,0.9021713614463808,0.2069025241864089,0.0995183502286809,1.0106529856589537,0.5510157270123329,0.07334119156003,0.6019358038902283,0.8442493617534638,0.3218776302954932,0.1582816567415294,0.6938014153495219,0.5485137909217191,-0.0052089465549215,0.6186293363571167,0.8535322904586792,0.3160360852405449,0.1597625519824353,0.760775386762551,0.6060825831969697,-0.0047791947610676,0.6964908838272095,0.8659645557403565,0.3812904884993666,0.1451666647695479,0.84051282274489,0.6748122122050267,0.1706483796238899,0.7532626986503601,0.8864216148853302,0.2516976255897735,0.1222043097961183,0.962724245318258,0.6838433619842882,0.1823088750243187,0.7690779566764832,0.9004987359046936,0.2356646835611352,0.1119076085093026,1.131353848074918,0.5505406616585824,0.3155726538501411,0.5334281223427138,0.3491798126652501,0.7003972950180436,0.5507072593448474,0.5176179029472129,0.823804292173508,0.7102659203098252,26.660436527847462,0.3519891302175955,20.222515391380828,0.4305552780386437,12.762262753448756,0.7958860759493671,11.32493796066521,0.8107285360484314,27.3288212069938,0.4440337279618431,28.24926521168157,0.4535559151690657
spatial_1lead_b1_panorama_1000000_s42_l0,Spatial Single-Lead (1000000),True,True,3-Epoch Spatial Architecture Grid,b1_panorama,1lead_clinical_v1,2198.0,1904.0,1000.0,0.8102693769926003,0.33654805164876084,0.9690464877657066,0.8219608854991329,0.7230882923899733,0.7062425864674128,-0.07378652938969377,-0.08257934430732687,-0.06303801832341639,0.009950248756218905,-0.1403887705813573,0.028512891324916734,0.05134556813946863,0.7441305621355319,0.2638477407605551,-0.07389150552677848,-0.10489272335258079,-0.04793338499363237,0.009950248756218905,-0.09437058540366508,0.16675956200092926,0.27174318815884174,0.5183340477971887,0.3037692869579267,0.6683636748291323,0.5828691816045072,11.210191082802547,0.49628392946851413,0.24629773864870888,0.8989990900818926,-28.15335320076841,29.9513513809322,0.8404476238204264,0.7977405144505014,0.8847980998554363,0.49525986515610027,0.5033557046979866,0.9780380673499268,0.625,0.9643888354186718,0.5576208178438662,4.222339219576602e-65,0.8096402104710101,0.3992675866380243,-0.5250091317352975,-2.2948211667378535,1.2448029032672587,0.7109613987054031,0.6872142318666405,0.7385661960427636,0.2796824753191044,0.12396694214876033,0.9851738241308794,0.5084745762711864,0.9008882655446471,0.19933554817275748,-0.9405780388819329,0.8151760028712829,20.411513251470847,0.059421961118067024,0.017298910951547796,-0.8066087238089684,0.6732450368352889,35.31730903389508,0.19339127619103158,0.10589760696991726,,,,27.86441114268296,15.764726443355324,1.0,0.0,0.0,0.6475673317909241,0.07818971574306488,-0.0027723703004208134,0.41380852460861206,0.07879544049501419,0.0009327046865349402,0.8603143692016602,0.0431487075984478,0.003162650704802785,0.786533772945404,0.04710274189710617,-0.019868889593961343,0.36846402287483215,0.07754635065793991,-0.0005686542694415447,0.7166485786437988,0.09011439234018326,0.0022804772379211207,0.6709397435188293,0.14173713326454163,0.0032049484556852005,0.6464707255363464,0.14596307277679443,0.00042728879323718547,-0.5477831896987629,0.5486377672852373,0.7054396867752075,0.12378416955471039,-0.005695300012484112,0.743071436882019,0.10936122387647629,-0.008850073628016614,0.71753990650177,0.10518889129161835,-0.009532729937921966,I,1000000,42.0,10.0,completed,0.6729,,0.2222,,,,,,,,,,,,,,,,0.6584388613700867,-0.0101128770038485,0.7001480062802633,0.172420850644509,0.6083879172801971,0.0350070387125015,0.6963122487068176,0.6694046258926392,0.734727144241333,0.7721049785614014,0.4712675114472707,0.99947327375412,0.9989701509475708,0.9995360970497132,0.999756157398224,0.0052078454755246,0.0033384428825229,29.80703926086425,0.6476112008094788,0.0848729014396667,0.7335768938064575,0.9128769040107728,0.157697707414627,0.0787417665123939,2.4899206161499023,0.4001365303993225,-0.4017471671104431,0.4826232492923736,0.9085689783096312,0.1391480863094329,0.0788089111447334,1.0800068378448486,0.8560320734977722,0.5802932977676392,0.9069001078605652,0.963710069656372,0.0999036878347396,0.0436685793101787,6.264427661895752,0.7721049785614014,0.2409663647413253,0.8690866827964783,0.9662465453147888,0.0873003080487251,0.0472708381712436,4.310938358306885,0.3660548031330108,-0.3293502032756805,0.432266354560852,0.8506565093994141,0.1444633603096008,0.0777362659573555,0.5807735323905945,0.7198911905288696,0.2446023225784301,0.7926053404808044,0.9342626333236694,0.1726330667734146,0.0893763676285743,3.1791579723358154,0.6727333068847656,0.1102273985743522,0.7563470602035522,0.9162370562553406,0.2753675878047943,0.1405072063207626,2.530845642089844,0.6446114182472229,0.1217870861291885,0.7210081815719604,0.9190762042999268,0.2815925776958465,0.1435970515012741,2.3680169582366943,0.6941978335380554,0.0992586314678192,0.7895862460136414,0.932450234889984,0.3541449010372162,0.129474252462387,2.86417007446289,0.7463814616203308,0.2472662478685379,0.8280371427536011,0.9412306547164916,0.2097115814685821,0.1073167622089386,3.488825559616089,0.7230728268623352,0.2113834172487259,0.8118431568145752,0.9330904483795166,0.2112761288881302,0.1019050851464271,3.282601356506348,0.5992222831795889,0.3124950401751088,,0.4477091604508349,0.7236749686839039,0.5401136845566381,0.6185070491802547,0.8396884352697414,0.7013945658331371,23.134223541048467,0.4384368589912165,17.53926753323778,0.5103876295166465,10.148495578502438,0.8478668235499194,11.332876128338675,0.8212315335337953,28.26625494715783,0.4513644287899811,27.96498130174445,0.4616109865869712
spatial_1lead_t111_exact_theta_1110000_s42_l0,Spatial Frontal (1110000),True,True,3-Epoch Spatial Architecture Grid,t111_exact_theta,1lead_clinical_v1,2198.0,1904.0,1000.0,0.8102565094227991,0.3496879444015776,0.9559032300964176,0.8405620163874857,0.7388651322117875,0.7031322470403193,-0.07379939695949489,-0.08510871197883545,-0.06280833020046578,0.009950248756218905,-0.12724887782854055,0.029719430356293167,0.054606847711830185,0.746759763225421,0.2770420209340804,-0.07532241989177502,-0.09882844774963405,-0.04881523205874217,0.009950248756218905,-0.08250500855460263,0.1520416354897593,0.2333499169346178,0.5185935125838063,0.28106904158088014,0.6928902040050634,0.5818212921654751,10.788898999090081,0.5238152278829703,0.2743823929620881,0.2411282984531392,-27.797215705084504,28.27947230199078,0.8351594000674745,0.7939118365087047,0.8732609242308008,0.48192147515834705,0.47651006711409394,0.9790141532454856,0.6228070175438597,0.9625719769673704,0.5399239543726235,5.484894107011689e-61,0.8887995318174905,0.3994888055914553,-0.7056038907853661,-2.450512160012202,1.0393043784414697,0.7163421724213693,0.6895922098437631,0.741620956235149,0.27977980334694535,0.08264462809917356,0.9902862985685071,0.5128205128205128,0.8971746178786475,0.1423487544483986,-0.9576135892684419,0.8947856945605507,10.962580237835567,0.04238641073155817,0.016388550064417414,-0.7934695738993531,0.6496061331271868,38.22542335391866,0.20653042610064692,0.11158756489687467,,,,24.594001795877112,16.24467140588519,1.0,0.0,0.0,0.6635488867759705,0.08084489405155182,0.00022916220045567087,0.43750205636024475,0.08047069609165192,-7.625459213150358e-06,0.8814176321029663,0.04106290638446808,0.001307011229389268,0.809658944606781,0.042377639561891556,-0.0007691533540815878,0.38374754786491394,0.07805012911558151,-0.000332347201982846,0.7378812432289124,0.08878646790981293,-0.007349524506747555,0.6804825067520142,0.14313438534736633,-0.00042472043195516295,0.6458995938301086,0.14826349914073944,0.0010127836353612675,-0.5558896452619817,0.5579152125327043,0.7141144275665283,0.12462276220321655,0.002585258534112154,0.7672058343887329,0.10809071362018585,0.0035490652825250976,0.7483110427856445,0.10357101261615753,0.0020898025640574665,I,1110000,42.0,10.0,completed,0.6922,,0.9693,,,,,,,,,,,,,,,,0.6823676824569702,0.0169077143073081,0.7236611644426981,0.1888535469770431,0.6328154385089875,0.064905460178852,0.7224460542201996,0.6846518516540527,0.7638855874538422,0.7986229658126831,0.4957989354928334,0.9999687075614928,0.9999424815177916,0.9999715089797974,0.9999848008155824,0.0015016358811408,0.0009363177232444,41.07599258422852,0.6666563153266907,0.1026609018445015,0.7543647885322571,0.9363927841186525,0.1561301052570343,0.0793678611516952,2.5162272453308105,0.4311989843845367,-0.3375955820083618,0.5124211311340332,0.9181066155433656,0.1443492621183395,0.0795071125030517,1.0309032201766968,0.8780574202537537,0.5875909924507141,0.930950403213501,0.983497679233551,0.0848968252539634,0.0420885309576988,6.872008323669434,0.7986229658126831,0.3217456340789795,0.8848245143890381,0.980692982673645,0.0736783370375633,0.0414095148444175,5.366520881652832,0.3895415067672729,-0.3498746454715729,0.4673205316066742,0.8635219931602478,0.1449805051088333,0.0780498161911964,0.5629302859306335,0.7526075839996338,0.2809832990169525,0.8299804329872131,0.9580634236335754,0.1724304556846618,0.0872144177556037,3.571822166442871,0.6922845244407654,0.1392252445220947,0.7754650115966797,0.9305634498596193,0.2769281268119812,0.1404239684343338,2.60874891281128,0.657046377658844,0.127246618270874,0.7313731908798218,0.93043714761734,0.2828026413917541,0.1435991674661636,2.451643466949463,0.7122573256492615,0.1102352291345596,0.8174311518669128,0.951451301574707,0.3538239300251007,0.1284270882606506,3.098097085952759,0.7705402374267578,0.2498882114887237,0.8607199192047119,0.9681979417800904,0.2076509147882461,0.1053911224007606,3.8893425464630127,0.7572309374809265,0.2255426794290542,0.8550338745117188,0.9706997275352478,0.2084124535322189,0.0993668437004089,3.934162855148315,0.6216326783169723,0.3527920723813201,,,,,,,,,,,,,,,,,,,
spatial_1lead_t000_exact_theta_1010010_s42_l0,Spatial Sparse (1010010),True,True,3-Epoch Spatial Architecture Grid,t000_exact_theta,1lead_clinical_v1,2198.0,1904.0,1000.0,0.8101506792405094,0.3482189031792803,0.960343667054515,0.8350012949531694,0.7214965839007687,0.7146126233376587,-0.0739052271417846,-0.08543149731551263,-0.06414658638013597,0.009950248756218905,-0.12871791905083785,0.03432098344872907,0.06070120093189066,0.7126683848533838,0.24778163854828072,-0.10724085273815298,-0.13733952153159104,-0.07727538096461212,0.009950248756218905,-0.10922060570712261,0.2306359167722307,0.3654544512315963,0.606018023570792,0.4248312470181451,0.76186317409605,0.6313596495981811,9.880800727934487,0.5875771945623853,0.3452469595698041,-2.3848953594176523,-28.3965920224321,23.626801303596796,0.8793584036737515,0.8436604387294901,0.9148139452752543,0.5441741205784997,0.4966442953020134,0.9814543679843827,0.6607142857142857,0.964046021093001,0.5670498084291188,7.637122098970502e-67,0.7376157503381873,0.40459045367788404,-0.2965330683555898,-2.086024080364584,1.4929579436534044,0.7171174939579849,0.6944622288945879,0.7464957357296453,0.27760836289535246,0.16942148760330578,0.9667689161554193,0.3867924528301887,0.9039196940726577,0.23563218390804597,-0.9522203528825203,0.820938233085437,20.00560321138074,0.047779647117479764,0.011411276318042942,-0.7713497422125238,0.5946552185398167,45.78473976349704,0.2286502577874762,0.11418856236889029,,,,32.895171487438894,11.551255470451734,1.0,0.0,0.0,0.6617802381515503,0.07767122983932495,0.0029605600996517227,0.4470396935939789,0.07736658304929733,-0.0009609298135784222,0.8808854818344116,0.04105628654360771,-0.004668249002257083,0.8110560774803162,0.040154799818992615,0.001747755179361804,0.3884798288345337,0.07667698711156845,-0.00020520891581978418,0.7492165565490723,0.08684656769037247,-0.000871446070125423,0.6911202073097229,0.1372380554676056,-0.005902507463093264,0.6641886830329895,0.14178280532360077,-0.003290701640812073,-0.5380525398586028,0.5314711365769788,0.7276136875152588,0.1195058673620224,-0.004589423855073675,0.7712165117263794,0.10572424530982971,-0.00579046253276259,0.7516738176345825,0.10162528604269028,-0.004204930645738878,I,1010010,42.0,10.0,completed,0.7009,,0.4664,,,,,,,,,,,,,,,,0.6847407817840576,-0.0032233416568487,0.7273595233758291,0.1803291297207276,0.633598119020462,0.0436453983187675,0.7265831232070923,0.6899336278438568,0.7655618190765381,0.7990130186080933,0.4971669018268585,0.9999517798423768,0.9999238848686218,0.9999667406082152,0.9999861121177672,0.0028163865208625,0.0012284454423934,39.60282516479492,0.6669582724571228,0.088265024125576,0.7619746923446655,0.941480040550232,0.143573597073555,0.0775225013494491,2.7506818771362305,0.4351051747798919,-0.3799453675746918,0.5294237732887268,0.9301315546035768,0.1383881866931915,0.0775356739759445,1.3261114358901978,0.8774768710136414,0.5821439623832703,0.932745635509491,0.983762800693512,0.0794052705168724,0.040882721543312,7.172435760498047,0.7990130186080933,0.3094068765640259,0.891871988773346,0.9831443428993224,0.0716545954346656,0.0405535846948623,5.669324398040772,0.3894372582435608,-0.3816435039043426,0.4797276854515075,0.8914797306060791,0.1407305002212524,0.0766549631953239,0.7621092796325684,0.7540726661682129,0.26307013630867,0.8307480216026306,0.9578622579574584,0.1689327508211136,0.0859922692179679,3.675150394439697,0.6990935802459717,0.1409828662872314,0.7854443192481995,0.9341241121292114,0.2691635191440582,0.1360671818256378,2.8994503021240234,0.6648472547531128,0.1562319546937942,0.7370102405548096,0.9323228001594543,0.2775971889495849,0.1397044211626052,2.6670286655426025,0.7150200009346008,0.0537563003599643,0.8238896131515503,0.957876443862915,0.3528007566928863,0.1254549473524093,3.287872552871704,0.772105872631073,0.248008981347084,0.8642301559448242,0.9711456298828124,0.2101388126611709,0.1036740690469741,4.073090553283691,0.7590177655220032,0.2199245393276214,0.8561720252037048,0.9716763496398926,0.2120677530765533,0.0981423333287239,4.116055011749268,0.6495124529118415,0.3297595319608934,,0.5134394098333036,0.7802784515177321,0.6255427001356009,0.6785067264633421,0.8765802347970062,0.7696416711580923,19.23232519692697,0.5174758701374671,14.628955311070005,0.594106463878327,8.240857234246722,0.9075406931679768,9.564121703277172,0.8778480958748924,22.355998199855204,0.5530338197685705,24.40350018597185,0.5296883044538787
spatial_1lead_b1_panorama_1110000_s42_l0,Spatial Frontal (1110000),True,True,3-Epoch Spatial Architecture Grid,b1_panorama,1lead_clinical_v1,2198.0,1904.0,1000.0,0.8100328406921342,0.3531985081957513,0.9625876576581657,0.8331570953288926,0.7302589604251792,0.7108678262679579,-0.07402306569015982,-0.08391199875217707,-0.06393294166158661,0.009950248756218905,-0.1237383140343668,0.02980908304421287,0.05456561647745692,0.7344638932586206,0.26563217572940206,-0.08780438887102804,-0.12104655919592254,-0.054382594984504845,0.009950248756218905,-0.09268795930056359,0.1875846916031081,0.3013007045628037,0.5903063832769635,0.39855585822416284,0.7450403639922178,0.6273229276145096,10.111919927206552,0.5941643294894378,0.353031250437633,-2.721565059144677,-29.253114198972163,23.80998408068281,0.8836623528910813,0.853528772883118,0.9218460349517424,0.5416977904075518,0.5369127516778524,0.9755978526110298,0.6153846153846154,0.9666344294003868,0.5734767025089605,2.353716763402801e-69,0.7981413753874417,0.4203965253267549,-0.5352108130084048,-2.272603048939293,1.2021814229224836,0.7237045581301019,0.6984481800107002,0.7554687215905534,0.2945579166184865,0.13636363636363635,0.9856850715746421,0.5409836065573771,0.9021993448759944,0.21782178217821782,-0.9541312941403223,0.8540357174845549,15.769578772076182,0.04586870585967769,0.013341753507298514,-0.7930286387804416,0.6449493426635716,38.90494173743325,0.20697136121955842,0.11010720798566338,,,,27.337260254754714,13.403133137058031,1.0,0.0,0.0,0.6823493838310242,0.07570668309926987,-0.003289225846732219,0.48216408491134644,0.07722248136997223,-0.0012936307258701498,0.8891074061393738,0.03946578875184059,-0.003117490054577497,0.8213987946510315,0.03961408510804176,-0.00013764497720707735,0.43036141991615295,0.0753527507185936,-0.00027486805291630203,0.7618048191070557,0.08548213541507721,-0.006982333558143932,0.7069352865219116,0.13553155958652496,-0.0036270934768189936,0.6804031133651733,0.14011113345623016,-0.00433583415369959,-0.5362410945772773,0.5275694262698782,0.7422839403152466,0.11819051206111908,-0.0032735509307883735,0.7815920114517212,0.10402452200651169,-0.0020129132615878485,0.7628775835037231,0.10031905770301819,-0.0015086159953409573,I,1110000,42.0,10.0,completed,0.7114,,0.925,,,,,,,,,,,,,,,,0.7016526460647583,0.065101258456707,0.7405119836330414,0.2319266721606254,0.655021470785141,0.1067709863185882,0.740905225276947,0.7058320939540863,0.7747986316680908,0.8095497488975525,0.5270405113697052,0.9999625086784364,0.9999087452888488,0.9999717473983764,0.9999868869781494,0.0031785543542355,0.0016881391638889,37.63170623779297,0.6836429834365845,0.1267449557781219,0.766299843788147,0.939293086528778,0.1505358219146728,0.0761823877692222,2.940232515335083,0.4736420512199402,-0.2624439597129822,0.5548925399780273,0.928159773349762,0.1385419219732284,0.0771834850311279,1.3450932502746582,0.8844360709190369,0.609860360622406,0.9338224530220032,0.9840145111083984,0.084794282913208,0.0398686192929744,7.458136081695557,0.8095497488975525,0.3626320958137512,0.8883798122406006,0.9825199842453004,0.0700190886855125,0.0396261028945446,5.878750801086426,0.4238364994525909,-0.3029385209083557,0.5118473172187805,0.8868379592895508,0.140283852815628,0.0754616558551788,0.9209992289543152,0.7643093466758728,0.2892604172229767,0.8422333598136902,0.9599702954292296,0.1667292267084121,0.0846717283129692,3.874415874481201,0.7175011038780212,0.2162012755870819,0.7971693277359009,0.9372016191482544,0.2655485868453979,0.133721575140953,3.0638697147369385,0.6829536557197571,0.203741580247879,0.7570044994354248,0.9358534812927246,0.2746769487857818,0.1376637518405914,2.802929162979126,0.7287105321884155,0.1376126855611801,0.8308164477348328,0.9551762342453004,0.3504909574985504,0.1238922551274299,3.3982598781585693,0.782456636428833,0.2924761176109314,0.8722429871559143,0.9718310832977296,0.2041993588209152,0.1019041687250137,4.242607116699219,0.7671406269073486,0.2522679567337036,0.8623225688934326,0.9731193780899048,0.2056086063385009,0.0967311933636665,4.26617956161499,0.6248086205886584,0.3947904675075765,,0.4360022576724505,0.7679631985724995,0.5916946707451999,0.6072445295164736,0.8687547333480397,0.7434776048702609,21.992238740708352,0.4491382158055302,16.21806239737274,0.5297009501972291,8.563963255531329,0.8937174285762787,9.867200486157037,0.8640954692831316,23.810617099200567,0.5143330708987693,26.921240486912744,0.4873326979654415
spatial_1lead_e1_panorama_film_1000000_s42_l0,Spatial Single-Lead (1000000),True,True,3-Epoch Spatial Architecture Grid,e1_panorama_film,1lead_clinical_v1,2198.0,1904.0,1000.0,0.8095829548706764,0.3361594554085675,0.9609519154223793,0.834782188609318,0.7224729702565232,0.7021080785251925,-0.07447295151161759,-0.08665633297292957,-0.0622084023678849,0.009950248756218905,-0.14077736682155062,0.027932526738481324,0.049706499618388474,0.7329639518592131,0.25967225882132505,-0.08947158632282282,-0.11904667056387391,-0.05703324898588166,0.009950248756218905,-0.09828202243258241,0.1987081112862963,0.32292297008804355,0.525938930913247,0.3019008028113024,0.6790697047909878,0.5968462851374507,11.037306642402184,0.47691881913147377,0.22745156004175954,0.10555050045495905,-28.37812706832863,28.58922806923855,0.8345436143347057,0.8007076820992631,0.8678690149332661,0.44324247670836875,0.37583892617449666,0.9848706686188384,0.6436781609195402,0.9559450497394599,0.4745762711864407,4.333988831208252e-48,0.7719709043941029,0.3922040082753189,-0.40042803301607294,-2.2005491731736577,1.3996931071415117,0.7131479321942235,0.6878639301825004,0.7400327990735563,0.2803213785716544,0.15702479338842976,0.9769938650306749,0.4578313253012048,0.9035460992907801,0.23384615384615384,-0.9559170964295629,0.8437326496073752,17.118362762074092,0.04408290357043709,0.011352150994166822,-0.7800982894647623,0.6098871336609347,43.76164714496657,0.21990171053523766,0.11050031519229432,,,,30.44000495352033,17.028967514019303,1.0,0.0,0.0,0.6571789979934692,0.07734105736017227,-0.0024387222776701776,0.42543062567710876,0.07786884903907776,-0.0030785330156511,0.8764829039573669,0.040879447013139725,0.0017523084234294757,0.7978119254112244,0.041403163224458694,-0.0018128560906489532,0.37894606590270996,0.0770094022154808,-0.004225714193365808,0.7426603436470032,0.08725997805595398,2.3923358612041373e-05,0.6809861660003662,0.13948795199394226,-0.001499706943039267,0.6556198000907898,0.14373505115509033,-0.0025654159591681647,-0.5462866417054121,0.5411558097870758,0.7215505838394165,0.12078496068716049,-0.0019975134118587175,0.764630913734436,0.10597023367881775,-0.0006869692899212653,0.7477982044219971,0.10193619132041931,0.0009605100404271573,I,1000000,42.0,10.0,completed,0.6914,,0.2181,,,,,,,,,,,,,,,,0.674736738204956,-0.0035245711915194,0.7195127904415131,0.1764182349046071,0.6210053861141205,0.0315783306956291,0.7154544293880463,0.6815857291221619,0.761498212814331,0.7836775183677673,0.4829559624195099,0.999103844165802,0.9980072975158693,0.999286949634552,0.9995834827423096,0.0075791184790432,0.0036760226357728,27.60487365722656,0.6600626111030579,0.0648151561617851,0.7469609379768372,0.9353253841400146,0.1503266394138336,0.0776829347014427,2.6713812351226807,0.4122724533081054,-0.3919604122638702,0.497095376253128,0.9195088148117064,0.1408425271511078,0.0781324952840805,1.1490391492843628,0.8724815249443054,0.5748040676116943,0.926462173461914,0.980196177959442,0.0887350663542747,0.0410564728081226,7.062435150146484,0.7836775183677673,0.249251127243042,0.8792874813079834,0.9765862822532654,0.0727901011705398,0.0413951091468334,5.28712272644043,0.3765328228473663,-0.3390182852745056,0.4466305077075958,0.8605987429618835,0.1444505006074905,0.0772033482789993,0.641620397567749,0.7452701926231384,0.2542171478271484,0.8219500780105591,0.9553189873695374,0.175324946641922,0.0866379216313362,3.6061644554138175,0.6856386661529541,0.1127755865454673,0.7750424146652222,0.9279769659042358,0.2753374576568603,0.1383665651082992,2.719589233398437,0.6538528203964233,0.1360677629709243,0.7292156219482422,0.9294406175613404,0.2812391817569732,0.1416268944740295,2.5198447704315186,0.7093186378479004,0.0770530626177787,0.8113390207290649,0.950640082359314,0.3522400557994842,0.1264116913080215,3.195427894592285,0.7681559920310974,0.2542746663093567,0.8589301109313965,0.9663287997245787,0.2075064182281494,0.1036857664585113,4.040548801422119,0.7548404335975647,0.2241211831569671,0.8507895469665527,0.9692298769950868,0.2084753066301345,0.0982386320829391,4.049452304840088,0.6145822259544472,0.3104330934746052,,0.4557914535475019,0.7555971255135673,0.5646322664682717,0.6261768503130309,0.8607864692106184,0.7217443722322999,22.3555692181576,0.4575968444163286,17.040771321606236,0.5320209876083801,9.042240770581738,0.8825768315419578,10.19617571433745,0.8531759328470414,25.65577853246887,0.4895153973878361,28.292739998768447,0.4614936921207141
spatial_1lead_b1_panorama_1010010_s42_l0,Spatial Sparse (1010010),True,True,3-Epoch Spatial Architecture Grid,b1_panorama,1lead_clinical_v1,2198.0,1904.0,1000.0,0.8086172271141041,0.3494387397992848,0.9588268188561027,0.8334182434232816,0.7211464676311429,0.71056731974143,-0.07543867926818992,-0.08748580418192896,-0.06522640128250093,0.009950248756218905,-0.12749808243083333,0.03426987760792827,0.06061408550347699,0.7260967137346769,0.260497553433848,-0.09367904625361456,-0.12526853546686445,-0.0642496302539636,0.009950248756218905,-0.09737178938709593,0.21020417915545367,0.338450209536124,0.6103674817090983,0.433452573787373,0.762579718291869,0.6350701530480527,9.861692447679708,0.5778683773940476,0.3339318615920288,-1.2265696087352138,-27.535265962072238,25.08212674460181,0.8765546133160388,0.8373363128028766,0.9087387315126825,0.4963631976103528,0.5033557046979866,0.974621766715471,0.5905511811023622,0.9642684693384839,0.5434782608695652,2.1949477800721165e-62,0.7426288087358249,0.3991072648799921,-0.3228013458660888,-2.106539453704104,1.4609367619719262,0.7160590849938312,0.691711344890913,0.7422501919666805,0.2697864957484356,0.1487603305785124,0.9698364008179959,0.37894736842105264,0.9020446980504042,0.21364985163204747,-0.9553137906299365,0.8290098326126656,19.023323204402693,0.04468620937006349,0.010496889366992796,-0.7801147805186374,0.6186270952278698,42.3527981232765,0.21988521948136266,0.11415895627596384,,,,30.688060663839597,13.419481469038466,1.0,0.0,0.0,0.6624333262443542,0.07748068869113922,-0.0005842733574577554,0.44497132301330566,0.07699446380138397,-0.0018871360847492618,0.8795637488365173,0.04146326705813408,-0.009082525416249222,0.8112319707870483,0.03995644301176071,0.004265009959736877,0.3890935182571411,0.07660484313964844,-0.00023633802991941905,0.7440186738967896,0.08685112744569778,-0.0002937987771872057,0.6890856027603149,0.1384316235780716,0.002204283504340762,0.6634501814842224,0.14207248389720917,-0.0002591370221641164,-0.535826841118039,0.5353085670737109,0.7276577949523926,0.11937160044908524,-0.0012742549236187633,0.7701407074928284,0.10538101196289062,0.0008014538330032545,0.7506967782974243,0.10134955495595932,0.00014184063096861921,I,1010010,42.0,10.0,completed,0.6999,,0.4642,,,,,,,,,,,,,,,,0.683319628238678,0.0004947574343532,0.7256751358509064,0.1853503783543904,0.6324929773807526,0.0448879286646842,0.7233250439167023,0.6890493035316467,0.7646510601043701,0.7992968559265137,0.4956892033418019,0.9998095631599426,0.9996817708015442,0.9998276233673096,0.9999220967292786,0.0095598129555583,0.003022976918146,31.704635620117188,0.6663072109222412,0.0770437940955162,0.758735179901123,0.9400038719177246,0.1453120708465576,0.077407494187355,2.769242286682129,0.431712806224823,-0.3852896690368652,0.5355116128921509,0.9286428093910216,0.1378392726182937,0.0772003307938575,1.3408608436584473,0.8761004209518433,0.5754448175430298,0.9309486746788024,0.9832969307899476,0.0831724032759666,0.0414123125374317,7.060806274414063,0.7992968559265137,0.3067859709262848,0.8913805484771729,0.9834913611412048,0.0695729181170463,0.0400551818311214,5.748443126678467,0.3890475928783417,-0.349545270204544,0.4725454449653625,0.8868294358253479,0.1403971314430236,0.0766947343945503,0.7573422193527222,0.7483862042427063,0.2624387443065643,0.8266923427581787,0.9557304978370668,0.1688996404409408,0.0860600769519805,3.6731691360473633,0.6982638835906982,0.1503885835409164,0.7847185730934143,0.936224639415741,0.2683760523796081,0.1367199569940567,2.8882603645324707,0.6633138060569763,0.1426045149564743,0.7369725704193115,0.9356957674026488,0.2770646214485168,0.1395911127328872,2.664902448654175,0.7147848010063171,0.0882683247327804,0.8229464888572693,0.9578937292099,0.3534748554229736,0.1252679377794265,3.296462297439575,0.7709748148918152,0.2423570156097412,0.8645827174186707,0.9710274338722228,0.2097634971141815,0.1032515615224838,4.1083598136901855,0.758327305316925,0.226045086979866,0.8554463982582092,0.97138512134552,0.2109347879886627,0.0978577211499214,4.141763210296631,0.6585197127611123,0.3385775309003456,,0.5182588444491627,0.7815759491050236,0.6276768014899209,0.6827015648141229,0.8773984061669098,0.7712548350082357,19.330420168067228,0.5203305184781621,14.668911119661407,0.5952238263869972,8.189378579304949,0.9084180998098615,9.485728512742082,0.8795307077752104,22.06189282356628,0.5611952413565685,24.35505529999021,0.5329714464483508
spatial_1lead_c1_panorama_hybrid_1010010_s42_l0,Spatial Sparse (1010010),True,True,3-Epoch Spatial Architecture Grid,c1_panorama_hybrid,1lead_clinical_v1,2198.0,1904.0,1000.0,0.808207585055928,0.34558616828435923,0.9588891446986838,0.8339274702593871,0.7178305349735769,0.7083639661547729,-0.07584832132636599,-0.08696235811165733,-0.06527641396600278,0.009950248756218905,-0.1313506539457589,0.034426559761113376,0.06074437469062077,0.7278393054211065,0.26021989645543203,-0.09041166386102695,-0.11849206342846232,-0.06130620594583365,0.009950248756218905,-0.09770497462334668,0.2024659893644686,0.32539415327288834,0.6038527636523646,0.41838633301237627,0.7599202390503476,0.63325171889437,9.898089171974522,0.5714752178378937,0.3265839246028683,-2.4258416742493174,-28.632659824502227,23.780976476003595,0.8593093373424914,0.8111763425447551,0.9011882095898783,0.5061802870121023,0.4899328859060403,0.9819424109321621,0.6636363636363637,0.9636015325670498,0.5637065637065637,4.92278839716993e-66,0.746270873137259,0.4081964444350043,-0.3564910927077279,-2.127623374906218,1.4146411894907622,0.7188815088982407,0.6967318663134128,0.7461584417975292,0.2834948280897261,0.1487603305785124,0.9769938650306749,0.4444444444444444,0.9026924893717525,0.22291021671826625,-0.9547400413543804,0.8290224687301686,19.004204238001105,0.04525995864561963,0.010779004172153493,-0.7828819346736227,0.6188628420610485,42.46076346139424,0.21711806532637729,0.11102073745913608,,,,30.732483849697672,11.822184530494312,1.0,0.0,0.0,0.6621623635292053,0.07754376530647278,-0.001852295014120876,0.4450647830963135,0.07721522450447083,-0.002199185196144192,0.8798009157180786,0.04026234522461891,-0.004439736024851314,0.8114500045776367,0.03979041799902916,0.00047805553014378853,0.3866818845272064,0.07675497233867645,-0.0007144518686298537,0.7489593625068665,0.08635818213224411,-0.0022565594055717884,0.6892302632331848,0.13824601471424103,-0.001438769825245067,0.6609227657318115,0.14270064234733582,-0.0015875528964159739,-0.5382987132125372,0.5351236074197052,0.7266206741333008,0.1197807714343071,-0.001081271794258997,0.7687820792198181,0.1057240292429924,-0.0006269026160959965,0.7505414485931396,0.1015266478061676,0.0010026356857436268,I,1010010,42.0,10.0,completed,0.6989,,0.4614,,,,,,,,,,,,,,,,0.6832841634750366,-0.0073645845986902,0.725244532028834,0.1778415441513061,0.6329317033290863,0.0381048262119293,0.7252376973628998,0.6868250668048859,0.7636708319187164,0.7990133762359619,0.496239572763443,0.9999642372131348,0.9999261498451232,0.9999786615371704,0.9999902844429016,0.0155043601989746,0.0014131889911368,38.86539840698242,0.6675273180007935,0.090299516916275,0.7594677209854126,0.9433878660202026,0.1481877267360687,0.0773838609457016,2.75834584236145,0.4333726167678833,-0.3883299231529236,0.5304880738258362,0.9291175007820128,0.1390089094638824,0.0772367119789123,1.335493564605713,0.8769264221191406,0.5712069869041443,0.9331879615783693,0.9842809438705444,0.0805531740188598,0.040157001465559,7.3020405769348145,0.7990133762359619,0.2990716993808746,0.8916100859642029,0.9832891821861268,0.0702248737215995,0.0398987121880054,5.768482208251953,0.3878187835216522,-0.3817241489887237,0.473136693239212,0.8927926421165466,0.1422122716903686,0.0766620188951492,0.7584303021430969,0.7532780170440674,0.2699765264987945,0.8299118876457214,0.9566066861152648,0.1689345687627792,0.0856065973639488,3.766369342803955,0.6971973776817322,0.145914688706398,0.7805612087249756,0.9350091814994812,0.268959641456604,0.1369232237339019,2.89493989944458,0.6617608070373535,0.1405554264783859,0.7351264953613281,0.9319852590560912,0.2773200571537018,0.1402086764574051,2.645593881607056,0.7118893265724182,0.0566774010658264,0.8223305344581604,0.9570536017417908,0.3517411649227142,0.1257169544696808,3.275818347930908,0.7702265381813049,0.2302574068307876,0.8636184334754944,0.9698399901390076,0.2072426378726959,0.1035542339086532,4.087806701660156,0.7571151256561279,0.2236678153276443,0.8552983999252319,0.9710546731948853,0.2087482810020446,0.0980986580252647,4.111574172973633,0.6426447338120372,0.3393330055412656,,0.5068028827010499,0.7837737868298719,0.6140182959238409,0.6726863726097606,0.878781595084203,0.7608566736505123,20.03186322129396,0.5025603644646924,14.630550017020862,0.5923280182232347,8.104765963491726,0.9096299830455044,9.372344959863607,0.881071455956651,23.12193775990855,0.5321190988032568,24.86572396407752,0.5231308292567327
spatial_1lead_c1_panorama_hybrid_1000000_s42_l0,Spatial Single-Lead (1000000),True,True,3-Epoch Spatial Architecture Grid,c1_panorama_hybrid,1lead_clinical_v1,2198.0,1904.0,1000.0,0.8081551243894401,0.3451682276705236,0.9620231851345072,0.825624933500349,0.7271682048134336,0.6973421490501078,-0.07590078199285388,-0.08730038915298965,-0.06441325259540831,0.009950248756218905,-0.13176859455959455,0.028388463805883196,0.050179143205402156,0.7333223066471537,0.26981246995652175,-0.0845505760638039,-0.1137101483583503,-0.05859753911676794,0.009950248756218905,-0.08889035193608244,0.19912728223417717,0.3267587197193255,0.5238818242924075,0.34822725633739104,0.6359663409163944,0.5874518756234368,12.470427661510463,0.4439314106253235,0.19707509733978928,-6.1610555050045495,-36.60561526102285,24.283504251013753,0.7746944818392341,0.7330912689022754,0.8251439390471701,0.4380366140513465,0.348993288590604,0.9902391410444119,0.7222222222222222,0.9543744120413923,0.47058823529411764,1.4956052300165757e-48,0.7882310461263097,0.3951098329709936,-0.43407931965220725,-2.244032989143812,1.3758743498393973,0.715256299751559,0.6906036563354984,0.7418539209603284,0.2828695202703776,0.14049586776859505,0.9775051124744376,0.4358974358974359,0.9018867924528302,0.2125,-0.9481171321760946,0.8341914267662947,18.136743171130814,0.051882867823905374,0.014841871287444418,-0.7615704567936472,0.5685254971852871,49.70236410928147,0.23842954320635285,0.11437815682272466,,,,33.91955364020614,15.193268178467704,1.0,0.0,0.0,0.6500563621520996,0.07807277143001556,0.0012668120728256114,0.4083218574523926,0.0784616470336914,-0.0010016923897296494,0.8650543093681335,0.042273152619600296,0.0024119929463169284,0.7867327332496643,0.04247572273015976,-0.001870294211997245,0.3650648891925812,0.07742819935083389,-0.0001890960932805606,0.7308778762817383,0.08901552855968475,0.002031779093199726,0.6742725372314453,0.14130330085754395,0.004590124527835667,0.6449117064476013,0.14573659002780914,0.0021039012923034935,-0.546338016869606,0.5505458194542131,0.7082295417785645,0.12350316345691681,-0.0007411427876610727,0.7476716637611389,0.10891827940940857,-0.0013723682446628697,0.7352513670921326,0.10377714782953262,0.0016765123836120673,I,1000000,42.0,10.0,completed,0.68,,0.2197,,,,,,,,,,,,,,,,0.6631837487220764,-0.0237169619649648,0.7084841827551523,0.1690194470187028,0.6088231563568115,0.0249621108174324,0.7049574851989746,0.6730337142944336,0.747461348772049,0.7714685201644897,0.4703221917152405,0.9986714720726012,0.9971630573272704,0.9989224076271056,0.9993508458137512,0.009679383598268,0.0053674583323299,25.61884498596192,0.6516129374504089,0.0719829574227333,0.7371655702590942,0.928234875202179,0.1546713709831237,0.0785702541470527,2.55293869972229,0.3946714699268341,-0.4128991067409515,0.4821557998657226,0.9147011637687684,0.1392954289913177,0.0783431306481361,1.096629977226257,0.8616806864738464,0.5682389140129089,0.9139099717140198,0.9699782133102416,0.0960387960076332,0.0425946339964866,6.506286144256592,0.7714685201644897,0.2338156104087829,0.8731454014778137,0.969081163406372,0.0749384760856628,0.042591206729412,4.954076290130615,0.3646821677684784,-0.3363278210163116,0.4343185126781463,0.8495595455169678,0.1444093883037567,0.077627845108509,0.5674183368682861,0.7330952882766724,0.2375970929861068,0.8124727606773376,0.9453958868980408,0.1729796230792999,0.0881905406713485,3.3858084678649902,0.6768196821212769,0.094902716577053,0.7653886675834656,0.9222187995910645,0.2747953236103058,0.1397153437137603,2.6165335178375244,0.6471803188323975,0.1329189240932464,0.7207493185997009,0.9218873977661132,0.2811624705791473,0.1429313421249389,2.407814741134644,0.6988871097564697,0.0875166356563568,0.7960037589073181,0.937341570854187,0.3536732494831085,0.1286613494157791,2.971184015274048,0.7527908682823181,0.2439249753952026,0.8394687175750732,0.9482540488243104,0.2089613527059555,0.1064823344349861,3.621177673339844,0.7421318292617798,0.2172563374042511,0.838767409324646,0.9570909142494202,0.2098373472690582,0.1002098992466926,3.716346263885498,0.575538148095397,0.290192878819017,,0.4147837873578418,0.7186035675135685,0.5446188013230557,0.586356432783931,0.8362644894927405,0.7051821470210748,24.57682843830166,0.4051104216097828,19.062630917469622,0.4745026464683336,10.261055449188616,0.8462007987304023,11.164523083785593,0.822169128546764,28.735870221762017,0.4427105884016223,27.15824222936763,0.4754574935274938
spatial_1lead_pg1_permuted_geometry_1010010_s42_l0,Spatial Sparse (1010010),True,True,3-Epoch Spatial Architecture Grid,pg1_permuted_geometry,1lead_clinical_v1,2198.0,1904.0,1000.0,0.8080917900746806,0.35138814423669856,0.9632103387065555,0.8326312246467303,0.7166572744563332,0.7086202236724523,-0.07596411630761346,-0.08711741387096815,-0.06581776591940006,0.009950248756218905,-0.12554867799341957,0.03502843236935065,0.0616796994824026,0.7279222248829378,0.2554880592424682,-0.09338341654539739,-0.12322584282438548,-0.06047849762804882,0.009950248756218905,-0.1020496516772291,0.2129929288902558,0.3424579111376467,0.6019879447731802,0.418291293933195,0.7580423175494078,0.6296302228369378,10.103730664240219,0.5516183240827935,0.30428277546390997,-2.300272975432211,-29.41971481283936,24.819168861974937,0.8362599532919971,0.7891241451576313,0.887894613086558,0.49660827799938956,0.4697986577181208,0.9785261102977062,0.6140350877192983,0.9620921305182342,0.532319391634981,2.250133683959399e-59,0.7405801996507354,0.404874953020769,-0.3274393655136024,-2.105729064815985,1.4508503337887801,0.7108367557335766,0.6859919040067877,0.7410433076031496,0.27188676977074794,0.16115702479338842,0.9723926380368099,0.41935483870967744,0.903562945368171,0.23283582089552238,-0.9518260251749968,0.8219617622856438,19.85558913921585,0.04817397482500317,0.011688052907248824,-0.7882784194409547,0.6160250663116282,43.214053487296816,0.21172158055904539,0.1037302063161836,,,,31.534821313256334,12.311601979224811,1.0,0.0,0.0,0.6585416197776794,0.07778485119342804,-0.0013928837347354443,0.44468453526496887,0.07747583836317062,-0.002228179378790427,0.8789953589439392,0.04225798323750496,-0.01244438945253793,0.8086535930633545,0.039931681007146835,-0.00036781159335406733,0.3828789293766022,0.07688670605421066,-0.001655435443169901,0.7490637302398682,0.08646003901958466,-0.002754835633276192,0.6902220845222473,0.13774490356445312,-0.0021499012387443716,0.6610379815101624,0.14224109053611755,-0.001090977382651674,-0.5370095061204186,0.5348275513551154,0.7259101271629333,0.11972296983003616,-0.002105124399917032,0.7695066928863525,0.10570132732391357,-0.002261983799562951,0.7501845359802246,0.10156731307506561,-0.0020882773567929168,I,1010010,42.0,10.0,completed,0.699,,0.4631,,,,,,,,,,,,,,,,0.6827837824821472,-0.002884108107537,0.7255985538164774,0.1806470490992069,0.631406044960022,0.0468911126255989,0.7263043224811554,0.6867097616195679,0.7637815773487091,0.796118438243866,0.4949853022893269,0.9999226331710817,0.999849021434784,0.9999518990516664,0.9999776482582092,0.0096062906086444,0.0019152257591485,35.774105072021484,0.6640951633453369,0.0851170495152473,0.7571398019790649,0.94256192445755,0.1449429094791412,0.0775156691670417,2.746920108795166,0.4332585036754608,-0.368175059556961,0.5270364880561829,0.9254408478736876,0.1415405124425888,0.0775120556354522,1.3133602142333984,0.8759558796882629,0.5824972987174988,0.9308341145515442,0.9837052822113036,0.0797342434525489,0.0421856045722961,6.952833652496338,0.796118438243866,0.2843586206436157,0.8900856971740723,0.9830360412597656,0.0707659274339675,0.0400983542203903,5.736167907714844,0.3876022398471832,-0.3493423461914062,0.4724062085151672,0.8851670026779175,0.1396275609731674,0.0767057612538337,0.7531786561012268,0.7537286281585693,0.2707286179065704,0.8312180638313293,0.9573772549629213,0.1685166209936142,0.0857645869255065,3.734986066818237,0.6988800168037415,0.164444237947464,0.7810021042823792,0.9335639476776124,0.2679290175437927,0.1363691538572311,2.9063565731048584,0.6612818241119385,0.1321968883275985,0.7408637404441833,0.9320815205574036,0.2780612111091614,0.1401247233152389,2.6286771297454834,0.7121376991271973,0.0567158386111259,0.8213808536529541,0.955764651298523,0.3533776700496673,0.125648021697998,3.2478835582733154,0.7706551551818848,0.2350500375032425,0.8644804358482361,0.9690913558006288,0.2088003009557724,0.1033258214592933,4.085726737976074,0.7569079995155334,0.2247466742992401,0.854745626449585,0.9715635776519777,0.2089176177978515,0.0980052351951599,4.10227108001709,0.6365123505151898,0.3519174408704576,,,,,,,,,,,,,,,,,,,
spatial_1lead_pa1_panorama_author_1010010_s42_l0,Spatial Sparse (1010010),True,True,3-Epoch Spatial Architecture Grid,pa1_panorama_author,1lead_clinical_v1,2198.0,1904.0,1000.0,0.8080719160329867,0.34754671352965494,0.9572576584070612,0.8343109827742526,0.7166135939679567,0.7098274098742471,-0.07598399034930736,-0.08709883271120286,-0.06547383468908155,0.009950248756218905,-0.1293901087004632,0.033923421656728056,0.05994020540913641,0.7328799529811103,0.2656843808715936,-0.08595807093235974,-0.11450968455491518,-0.05768363034163015,0.009950248756218905,-0.09260017847368249,0.19733972637959088,0.31572261595299156,0.6141745645882744,0.4353843132384734,0.7681601645889816,0.6389792159373681,9.731574158325751,0.589244804487086,0.3472094396150232,-0.7961783439490446,-26.911336442062098,25.31897975416401,0.8940897671478312,0.8538048475773066,0.9258740399357545,0.5272457643573224,0.5167785234899329,0.9765739385065886,0.616,0.9652677279305355,0.5620437956204379,2.2035282840880106e-66,0.7340882371728045,0.4139188644904439,-0.3126386479424606,-2.0848952842902033,1.4596179884052822,0.7191223444709223,0.6952496313215795,0.7491202264136914,0.2834821246164652,0.16115702479338842,0.971881390593047,0.4148936170212766,0.9035171102661597,0.23214285714285715,-0.9478814881400824,0.8241624732270966,19.440958646676624,0.05211851185991759,0.0139722500446251,-0.7755681502080957,0.601676026123508,44.85810383184127,0.22443184979190436,0.11228663074164891,,,,32.14953123925895,12.47629987060309,1.0,0.0,0.0,0.6646742820739746,0.07746994495391846,0.006541486750224844,0.45290735363960266,0.0773383304476738,-0.00177231422909947,0.8816494345664978,0.040919315069913864,-0.004989927130382519,0.8148439526557922,0.040018368512392044,0.005877796915104057,0.38358965516090393,0.0771791934967041,0.004818740220191934,0.7503706812858582,0.08649873733520508,-0.005912839621331605,0.6917107701301575,0.1378815770149231,-0.0005424204520472081,0.6660811901092529,0.14191590249538422,-0.0012750202604663169,-0.5348889144311042,0.5323388739101715,0.7330455183982849,0.11889082193374634,-0.001625369712698407,0.7724010348320007,0.10530860722064972,-0.0019633084334654454,0.7541972398757935,0.101206935942173,-1.1173098633822592e-05,I,1010010,42.0,10.0,completed,0.7029,,0.4625,,,,,,,,,,,,,,,,0.6867990493774414,0.0080434130504727,0.728663812081019,0.1934580703576406,0.6365613877773285,0.0478485912084579,0.7266426980495453,0.6917120516300201,0.7676366865634918,0.8034242987632751,0.5004688799381256,0.9999313354492188,0.9998467564582824,0.999951183795929,0.9999754428863524,0.0048991376534104,0.0026663525495678,33.691673278808594,0.6695537567138672,0.0958016663789749,0.7609505653381348,0.9430747032165528,0.1431556791067123,0.0773390382528305,2.783267021179199,0.4441557228565216,-0.3870616257190704,0.53468918800354,0.9298425316810608,0.1390582025051117,0.0772741809487342,1.3460088968276978,0.8779760003089905,0.5948286652565002,0.9322558045387268,0.9834634065628052,0.0759093612432479,0.0407644473016262,7.239697933197021,0.8034242987632751,0.3210211992263794,0.8915392756462097,0.983363926410675,0.0700104162096977,0.0400148183107376,5.755967617034912,0.387697160243988,-0.3853469491004944,0.4704273641109466,0.8896548748016357,0.1402577608823776,0.0770387649536132,0.7341189980506897,0.7538963556289673,0.2708688080310821,0.8311938047409058,0.9577047228813172,0.1726863086223602,0.0858175829052925,3.728785514831543,0.6993890404701233,0.1617667526006698,0.7835763096809387,0.932788610458374,0.2706496715545654,0.1366110891103744,2.891444683074951,0.6652019023895264,0.1476992815732956,0.7404677271842957,0.9325233101844788,0.2793937623500824,0.1398898214101791,2.6631529331207275,0.7182222008705139,0.0914381891489029,0.8229697942733765,0.9573018550872804,0.351532518863678,0.1250620037317276,3.332653760910034,0.7749460935592651,0.2578130662441253,0.8687239289283752,0.9707534313201904,0.209290325641632,0.1029727235436439,4.148102760314941,0.7603272795677185,0.2311623245477676,0.8552232980728149,0.9720369577407836,0.2108887434005737,0.0976272597908973,4.177372455596924,0.6566310953192589,0.3367488718172881,,0.5065720590201345,0.7810442739002273,0.6218095024256975,0.6724830133244418,0.877063288482834,0.7668095439022568,19.825379820802493,0.5062608220176797,14.821774940299235,0.5917433700902215,8.255625979205242,0.9086728326466414,9.57042654703411,0.8789085873523328,23.03370786516854,0.5435520601407008,24.774045532090124,0.5271623646537931
spatial_1lead_d1_panorama_relative_1010010_s42_l0,Spatial Sparse (1010010),True,True,3-Epoch Spatial Architecture Grid,d1_panorama_relative,1lead_clinical_v1,2198.0,1904.0,1000.0,0.8076127663129672,0.34557941942086884,0.9606673966919749,0.8348987799376992,0.7168857186248212,0.7069267496912589,-0.07644314006932684,-0.08810865344608751,-0.06570482304033368,0.009950248756218905,-0.1313574028092493,0.03488041939414606,0.061284024529492435,0.7333067820967433,0.2651345309138965,-0.08598431257970285,-0.11514242772113349,-0.057752250129459864,0.009950248756218905,-0.09319192529049766,0.19710711724079003,0.3161356787153054,0.6030054361496687,0.4190639982382684,0.7594235508626022,0.6305287593481357,9.879890809827115,0.5642390406226402,0.31836569496275663,-2.138307552320291,-28.48024075221569,24.203625647575105,0.84595038994304,0.8007351198704039,0.8981440397963408,0.50943374284933,0.44966442953020136,0.9834065397755003,0.6633663366336634,0.960896518836433,0.536,6.256709235092156e-60,0.7473488615061393,0.40214736141546786,-0.36250332186339224,-2.1343268421044206,1.409320198377636,0.7156767057073806,0.6915623074922219,0.7416160896734024,0.2723929463685858,0.1487603305785124,0.9759713701431493,0.43373493975903615,0.9026004728132387,0.22153846153846155,-0.9556948602519656,0.8270679737920497,19.293627790649925,0.044305139748034364,0.010174060573535836,-0.7858888459097892,0.6221741421479128,42.09046398385698,0.21411115409021075,0.10891678966677727,,,,30.69204588725345,13.08647171234478,1.0,0.0,0.0,0.6620278358459473,0.07730173319578171,0.005846387355426805,0.4490637481212616,0.07728514075279236,-0.00298311529332022,0.881961464881897,0.03982317075133324,-0.0013891963983133787,0.8120512366294861,0.039631664752960205,0.003188650772446385,0.3854583203792572,0.0766521617770195,0.0007914332542792416,0.7496771812438965,0.0862150713801384,-0.0026704804647513392,0.6914929151535034,0.13809657096862793,0.0025656929083769987,0.6641501784324646,0.1423759013414383,0.0028262313462410114,-0.5310856417476338,0.5367381044401159,0.7292975187301636,0.11934911459684372,0.0037747542276045714,0.7711840271949768,0.10515844821929932,0.0028369284160914723,0.7518703937530518,0.10123749822378159,0.0024260382394714715,I,1010010,42.0,15.0,completed,0.7004,,0.4595,,,,,,,,,,,,,,,,0.6847392320632935,-0.0001251065550604,0.7268957098325094,0.1858193359027306,0.6341514170169831,0.0405061349272728,0.7266422510147095,0.6886173784732819,0.7654275000095367,0.7994311451911926,0.4975840946038564,0.9999678134918212,0.9999317526817322,0.9999769926071168,0.9999908208847046,0.0102980323135852,0.0010682217543944,40.6845932006836,0.6664542555809021,0.0910388454794883,0.7609981298446655,0.9430145621299744,0.1464451849460601,0.0772388130426406,2.765810012817383,0.4381811320781708,-0.3921658396720886,0.5388383865356445,0.9298333525657654,0.1387051045894622,0.0772944763302803,1.3391642570495603,0.8785736560821533,0.5832496285438538,0.9341602325439452,0.9845085144042968,0.0775550156831741,0.039867166429758,7.419732570648193,0.7994311451911926,0.2974551320075989,0.8915058374404907,0.9833025932312012,0.0698618739843368,0.0396711267530918,5.806601047515869,0.3881168961524963,-0.3770470917224884,0.481331318616867,0.8930327296257019,0.1401692330837249,0.0765653625130653,0.7633160948753357,0.7555579543113708,0.2806271910667419,0.8317993879318237,0.9576951265335084,0.1685619056224823,0.085345059633255,3.794938325881958,0.6977265477180481,0.1541377604007721,0.7836518287658691,0.934633493423462,0.269317626953125,0.1367349177598953,2.9138457775115967,0.6639740467071533,0.1424932330846786,0.7387695908546448,0.933552861213684,0.2769093215465545,0.1400617510080337,2.666054964065552,0.7132607102394104,0.0610217340290546,0.823548436164856,0.9578184485435486,0.3519462347030639,0.1257068365812301,3.279000759124756,0.7718824148178101,0.2434674501419067,0.8653466701507568,0.97067528963089,0.2063309103250503,0.1030345931649208,4.119957447052002,0.7589725852012634,0.2331686466932296,0.8558205962181091,0.971721649169922,0.2087816298007965,0.0976366028189659,4.153375625610352,0.6443440690855388,0.3557684638604996,,0.5018152424201093,0.7817467915458824,0.6156422998551395,0.6682782651898725,0.8775060466000579,0.7621022300670622,20.002857424376785,0.5004127910176674,14.656573626590394,0.5881813345074944,8.154800191901064,0.9089623565690724,9.46638237384506,0.8793859835932908,22.917387108844206,0.5349549716832235,24.999980338569827,0.5207417223014661
D6_theta_add_l1_s42_l0,Ansari 3DRECON-QT (D-Series),True,True,Stage A 3D Theta Spatial Benchmark,D6_theta_add_l1,1lead_clinical_v1,2198.0,1904.0,1000.0,0.8074847113901087,0.3307982797592051,0.9614846260855998,0.8257366754427045,0.7290871991002617,0.7034682831943727,-0.07657119499218534,-0.08764061057108904,-0.06593363128105184,0.009950248756218905,-0.146138542470913,0.029970698088247504,0.05502194273490522,0.6599461159143563,0.2132256474867602,-0.1537743420845662,-0.18698045162480165,-0.11821571919389007,0.009950248756218905,-0.14078115127112806,0.2826703310008572,0.4281010871008038,0.61874242906108,0.4512696578854626,0.7649563963125049,0.6400012329852728,9.864422202001819,0.6207291979196523,0.38530473714997376,0.83803457688808,-25.13269014924158,26.80875930301774,0.8962237267483565,0.8653735644986571,0.9242539054777703,0.5958351389521812,0.6241610738255033,0.9682772083943387,0.5886075949367089,0.9725490196078431,0.6058631921824105,2.0022515922378748e-80,0.6358706204727415,0.4078055689280592,-0.3175086518842812,-1.9410464899075768,1.3060291861390145,0.7198617519309097,0.6921526639336837,0.7587746541930857,0.30671307499819844,0.01652892561983471,0.9989775051124744,0.6666666666666666,0.8914233576642335,0.03225806451612903,-0.9813079853932073,0.8935258308886677,11.509810183065996,0.01869201460679269,0.0030355966635236967,-0.8600868837363768,0.8156414248458278,18.678047129014796,0.1399131162636232,0.10480581475335744,,,,15.093928656040397,2.647564722586433,1.0,0.0,0.0,0.6690290570259094,0.0752175822854042,-0.008677991600186064,0.4924342930316925,0.07540218532085419,-0.0005249808836042077,0.8837358355522156,0.04009389877319336,0.00293515659718337,0.8146336078643799,0.04112662747502327,-0.006632473772679336,0.421014666557312,0.07464021444320679,-0.00388975788776054,0.7587816119194031,0.08402827382087708,0.0011199365948675337,0.7044640779495239,0.13242417573928833,-0.008961126343464024,0.6738389134407043,0.13615091145038605,-0.009167864622748056,-0.5293138425328877,0.5109781132873915,0.7375880479812622,0.11427789181470871,-0.00804818912844213,0.776412308216095,0.10129835456609726,-0.0070333513897950116,0.7578521370887756,0.09896744042634964,-0.007895173841034877,I,1110000,42.0,10.0,completed,0.7130164162512226,0.3557524800300598,,,,,,,,,,,,,,,,,0.7003755569458008,0.4161093533039093,0.739262044429779,0.3963397741317749,0.65371173620224,0.3169147670269012,0.740232527256012,0.705206036567688,0.7723475694656372,0.9009539484977722,0.5289660096168518,0.9999986290931702,0.9999983906745912,0.9999986290931702,0.999998927116394,0.000232471327763,0.0001192481577163,55.60304641723633,0.6761801242828369,0.1073540449142456,0.7613371014595032,0.941716194152832,0.1128398403525352,0.0752087756991386,3.002479076385498,0.4917465150356293,-0.2921870350837707,0.5758892297744751,0.931277334690094,0.1113509461283683,0.074913814663887,1.571759819984436,0.8797515034675598,0.5923762917518616,0.9304327964782716,0.9813372492790222,0.0607795789837837,0.0402920767664909,7.235659599304199,0.8019092679023743,0.3490237593650818,0.8891251683235168,0.9792464971542358,0.0608109086751937,0.0407983213663101,5.510855197906494,0.4189714193344116,-0.3116972148418426,0.5009453892707825,0.8965619802474976,0.1111238226294517,0.0742820352315902,1.0093533992767334,0.7635909914970398,0.2894530892372131,0.8410158157348633,0.9583908915519714,0.1222296804189682,0.0825560167431831,4.056965827941895,0.7168740630149841,0.2180802524089813,0.7979665398597717,0.9409832954406738,0.2071751058101654,0.1300892829895019,3.212414503097534,0.6813820600509644,0.1567741781473159,0.753126859664917,0.9369405508041382,0.2131909430027008,0.1334159523248672,2.9914584159851074,0.7290300726890564,0.1374492943286895,0.828637421131134,0.957639753818512,0.1903561651706695,0.120218776166439,3.7262215614318848,0.7793383598327637,0.2788036167621612,0.8657935261726379,0.9713456630706788,0.1538019180297851,0.0991878509521484,4.546250343322754,0.765356719493866,0.2749131321907043,0.8584341406822205,0.9715844392776488,0.1384573429822921,0.0951171666383743,4.452877044677734,,,,,,,,,,,,,,,,,,,,,
spatial_1lead_t111_exact_theta_1010010_s42_l0,Spatial Sparse (1010010),True,True,3-Epoch Spatial Architecture Grid,t111_exact_theta,1lead_clinical_v1,2198.0,1904.0,1000.0,0.8071544968930185,0.3485136276396073,0.9611811855867719,0.8267949798489872,0.7192005248239022,0.7048414471360079,-0.07690140948927549,-0.08716232186994144,-0.06661626700871424,0.009950248756218905,-0.12842319459051083,0.03361010396026615,0.05948854860381251,0.7370450497219458,0.2705387458132769,-0.083267320095612,-0.11385343974104077,-0.05387470661470348,0.009950248756218905,-0.08813876057637929,0.18821082358764626,0.3029081919575886,0.5880679302827793,0.3970292316256778,0.7446446726558343,0.6225298865668253,10.058234758871702,0.5752478235503065,0.3309100584993636,-2.200181983621474,-28.769017862524933,24.368653895281987,0.8619411662588723,0.8234196847124591,0.8937094040312291,0.5040736055264794,0.44966442953020136,0.9755978526110298,0.5726495726495726,0.9605958673714561,0.5037593984962406,1.36164971747628e-53,0.763954326434161,0.38044740256392945,-0.40157203525948837,-2.1940141418977817,1.3908700713788047,0.7035821122547279,0.682707877132708,0.730767249656699,0.26517881549891903,0.128099173553719,0.9821063394683026,0.4696969696969697,0.901031894934334,0.2012987012987013,-0.9543128835597227,0.8357062749267314,18.11268254491359,0.04568711644027739,0.011524038926298092,-0.8019105041574848,0.6729828907568283,35.17165922832577,0.19808949584251528,0.11156552564113544,,,,26.64217088661968,12.397746454760956,1.0,0.0,0.0,0.6585333347320557,0.07766871154308319,0.0048239548360308315,0.43660783767700195,0.07813584059476852,-0.0019297718345567887,0.8809492588043213,0.04013752192258835,-0.006501246700927706,0.8081072568893433,0.04019429162144661,0.0035899126067332177,0.35289266705513,0.07813362777233124,0.0007141563718338558,0.7445918321609497,0.08799441158771515,-0.007497968564706948,0.6781172752380371,0.1392788290977478,-0.002779967879497027,0.6566065549850464,0.14424951374530792,0.0020279084618688927,-0.5382322481941295,0.5422880651178672,0.7245492935180664,0.12083708494901657,0.0032359758120115087,0.7688774466514587,0.10582555085420609,0.004729100255725272,0.7442414164543152,0.1032295823097229,0.006955887696299491,I,1010010,42.0,10.0,completed,0.6964,,0.4616,,,,,,,,,,,,,,,,0.6801167726516724,-0.0179541576653718,0.7236207723617554,0.1783857395251592,0.627911913394928,0.0284962132573127,0.7224313914775848,0.6848490536212921,0.7635818719863892,0.7968168258666992,0.4882397055625915,0.9999520182609558,0.999907374382019,0.9999573826789856,0.9999812841415404,0.004018269944936,0.003183705965057,32.23649597167969,0.6622090339660645,0.0879626050591468,0.7529282569885254,0.941329300403595,0.1430283337831497,0.0777035951614379,2.729343175888061,0.4225120842456817,-0.3927919864654541,0.5213717222213745,0.9305119514465332,0.1418723911046981,0.0778107270598411,1.2585259675979614,0.878023624420166,0.5761008262634277,0.933947503566742,0.9845876097679138,0.0741815418004989,0.0400147028267383,7.383630752563477,0.7968168258666992,0.2627587914466858,0.8921189308166504,0.9836041927337646,0.0707655847072601,0.0398054607212543,5.789615631103516,0.3799979984760284,-0.3915491700172424,0.4671642184257507,0.8868333101272583,0.1411062330007553,0.0771175697445869,0.7004604935646057,0.7525816559791565,0.2771707475185394,0.8300198316574097,0.9563211798667908,0.1731564998626709,0.0864201337099075,3.677090167999268,0.6922811269760132,0.1286253333091735,0.7783875465393066,0.9346547722816468,0.2712789475917816,0.1380943804979324,2.823584794998169,0.6581845879554749,0.1211567223072052,0.7346867322921753,0.9323776960372924,0.2792335748672485,0.1414438486099243,2.594659805297852,0.7115135192871094,0.0624103397130966,0.8212984800338745,0.9570034742355348,0.3534093201160431,0.1259790360927581,3.2666189670562744,0.770413339138031,0.252295047044754,0.864814043045044,0.9699990749359132,0.209172636270523,0.1037263646721839,4.087549686431885,0.7567504048347473,0.2286562472581863,0.8550505638122559,0.971323311328888,0.210782915353775,0.0984325185418129,4.086026191711426,0.6410928746840824,0.3295974300617481,,0.5018772624294902,0.7779249369823611,0.6117376778025717,0.6683332586281193,0.8750931164762429,0.7591032786881413,20.57196969696969,0.4911752435197446,14.82840754423488,0.5877850133323659,8.230770602607315,0.9050043928111432,9.48961138556473,0.8781869205114426,23.219812647297644,0.5302261892686885,24.975450535103164,0.5144707035872469
spatial_1lead_a0_1010010_s42_l0,Spatial Sparse (1010010),True,True,3-Epoch Spatial Architecture Grid,a0,1lead_clinical_v1,2198.0,1904.0,1000.0,0.806808774547787,0.34581553969388656,0.9560879859517626,0.8344410419363021,0.7196440221190818,0.7049969678681373,-0.07724713183450704,-0.08948894681776537,-0.06655929430498221,0.009950248756218905,-0.13112128253623156,0.034949252164683066,0.06149515120742066,0.7313682636670765,0.2638487639923745,-0.0877612878068974,-0.1166656816965504,-0.05765898230992532,0.009950248756218905,-0.09437997580285326,0.20252571981332324,0.32567187191266567,0.5989248071423631,0.40930295372968584,0.7588875964934921,0.6285838712039112,9.83894449499545,0.5825006844852348,0.3393070474257675,-2.1974522292993632,-28.390551906278613,23.99564744767989,0.8699218148646746,0.8231936353682565,0.9040692671223626,0.538488525613076,0.47651006711409394,0.9795021961932651,0.6283185840707964,0.962589928057554,0.5419847328244275,2.1480582259342466e-61,0.7418518201859026,0.4001357544391264,-0.3117855161808099,-2.1059696679702276,1.4823986356086076,0.7126060521556896,0.6889644206574496,0.7405289603026701,0.2709643459354362,0.15702479338842976,0.9703476482617587,0.3958333333333333,0.9029495718363464,0.22485207100591717,-0.9531058756105967,0.823340664959425,19.71113916571997,0.04689412438940337,0.011156428039165256,-0.7862188594989777,0.6187683374140328,42.654696986734116,0.2137811405010223,0.10714499676388378,,,,31.182918076227043,13.38277273795412,1.0,0.0,0.0,0.6629083156585693,0.07718676328659058,0.0032619010580823772,0.4469444155693054,0.07706064730882645,-0.001334186764751934,0.8815575838088989,0.04001196473836899,-0.0016766584303672476,0.810841977596283,0.03973350673913956,0.003073432591487484,0.3852435052394867,0.07666709274053574,0.0019015798386334598,0.7496749758720398,0.08651047945022583,-0.0032286189036132974,0.690375566482544,0.1383134424686432,0.0010075076958244603,0.6623305082321167,0.14241039752960205,0.003054534656060234,-0.531224805000615,0.5373338743127354,0.7260137796401978,0.1198742538690567,0.003993403151726592,0.7692493200302124,0.1057538241147995,0.005210720993411426,0.7516514658927917,0.10165095329284668,0.004567426163420904,I,1010010,42.0,10.0,completed,0.7007,,0.462,,,,,,,,,,,,,,,,0.6841586232185364,-0.0054502999410033,0.7264130910237631,0.1838918787737687,0.6334533035755158,0.0460545271635055,0.72687166929245,0.6883865594863892,0.76398104429245,0.7988349795341492,0.4967120389143626,0.9999335408210754,0.9998989105224608,0.9999526143074036,0.9999796748161316,0.0243559964001178,0.0017109417822211,36.106204986572266,0.6673125624656677,0.103518858551979,0.7608051300048828,0.9431238174438475,0.1446015834808349,0.0771979242563247,2.777929306030273,0.436081200838089,-0.3846181631088257,0.5300329327583313,0.9309511780738832,0.1388695389032364,0.0772823467850685,1.3421015739440918,0.8782954216003418,0.5838807225227356,0.9331130981445312,0.9838454723358154,0.0814014598727226,0.039967093616724,7.361968517303467,0.7988349795341492,0.3052379488945007,0.8895840048789978,0.9832869172096252,0.0708047151565551,0.0398720018565654,5.757081508636475,0.386742353439331,-0.3777467310428619,0.4754581749439239,0.8915780782699585,0.1398858278989792,0.076689139008522,0.7535008788108826,0.7551202178001404,0.2736627757549286,0.8319169878959656,0.958048701286316,0.167700245976448,0.0856661796569824,3.728452682495117,0.6986231207847595,0.1635472476482391,0.7847711443901062,0.9349707365036012,0.2692970037460327,0.1371042281389236,2.854175567626953,0.6642705202102661,0.148092895746231,0.7415428757667542,0.9317948818206788,0.2770024240016937,0.1402282267808914,2.644316911697388,0.7125025987625122,0.0527548268437385,0.8203801512718201,0.9578052163124084,0.3522684574127197,0.1258816421031952,3.256489515304565,0.770704984664917,0.2390897572040558,0.863925576210022,0.9697203636169434,0.2085888534784317,0.1035826876759529,4.094260215759277,0.7572571039199829,0.2262037694454193,0.8535344004631042,0.9709941744804382,0.2111304700374603,0.0982279479503631,4.108970642089844,0.6451545811248022,0.3454947714183926,,,,,,,,,,,,,,,,,,,
factorial_ecg_aim_1100110_s42,Factorial Baseline,True,False,,,1lead_clinical_v1,2198.0,1904.0,1000.0,0.8067378075711049,0.3276492911639851,0.9589918679057221,0.8279520917250488,0.7166108732992545,0.6994722138322961,-0.07731809881118912,-0.0873586795772321,-0.06654816949468305,0.009950248756218905,-0.14928753106613302,0.033466222656744066,0.060071995155213845,0.7415760378667968,0.26755042777826116,-0.07882166312716044,-0.10386699178401533,-0.053295553063577965,0.009950248756218905,-0.09104383058154716,0.18587789631883575,0.287956558814738,0.5462521588936954,0.3479576408124905,0.6914352622546992,0.5993635736138964,11.24385805277525,0.45482059440683875,0.20686177309659012,-1.4476797088262057,-31.2141552485906,28.318795830938186,0.7919790632850859,0.7462422909056834,0.8317129142147579,0.40086501616366377,0.3624161073825503,0.9799902391410444,0.5684210526315789,0.9548264384213029,0.4426229508196721,5.121367562552907e-42,0.9999030427676748,0.4074011183987158,-0.866077955741032,-2.6165064571281986,0.8843505456461346,0.7233623181057648,0.6982697158388717,0.7530633813424182,0.27154699724739084,0.05371900826446281,0.9933537832310838,0.5,0.8945672191528545,0.09701492537313433,-0.9260636759508774,0.764866797636512,26.910569751927838,0.07393632404912263,0.020313878063438727,-0.76402051924287,0.6056217798027917,43.580698232622275,0.23597948075713004,0.12777746427781303,,,,35.24563399227506,22.136127148165155,1.0,0.0,0.0,0.6178935766220093,0.08050137758255005,-0.0020132308384074493,0.32939961552619934,0.0816727727651596,-0.0013322642145173573,0.870558500289917,0.04127027466893196,-5.285504831128784e-05,0.7875104546546936,0.041642047464847565,-0.0016014601470230143,0.2654930353164673,0.08369015902280807,-8.308948060984202e-05,0.5673919916152954,0.09771344065666199,-0.0015035573466363143,0.5679657459259033,0.15722225606441498,-0.00142973820410141,0.4428696930408478,0.161394402384758,-7.408432820214915e-05,-0.640202895932498,0.6400547272760938,0.6430345773696899,0.1298661231994629,-0.000858764166525021,0.7431975603103638,0.10920391976833344,-0.001985244690977435,0.7333288192749023,0.10332930833101273,-0.001008928440596208,,,,,,,,,,,,,,,,,,,,,,,,,,,,,,,,,,,,,,,,,,,,,,,,,,,,,,,,,,,,,,,,,,,,,,,,,,,,,,,,,,,,,,,,,,,,,,,,,,,,,,,,,,,,,,,,,,,,,,,,,,,,,,,,,,,,,,,,,,,
spatial_1lead_cm1_capacity_matched_1010010_s42_l0,Spatial Sparse (1010010),True,True,3-Epoch Spatial Architecture Grid,cm1_capacity_matched,1lead_clinical_v1,2198.0,1904.0,1000.0,0.8065152979871928,0.34614545133699887,0.9574512024056521,0.8338741071364536,0.7056577484472004,0.710521306179854,-0.07754060839510124,-0.0891263418153752,-0.06691828051275409,0.009950248756218905,-0.13079137089311926,0.03334386509376891,0.05967015684268846,0.7388046506520556,0.2666876684773213,-0.08136210140734013,-0.11258875717334796,-0.05361896051293238,0.009950248756218905,-0.09168248043350294,0.19571195632033733,0.31319554729045673,0.6084498512563025,0.4286493003637989,0.762460668921556,0.6342395844835526,9.752502274795269,0.6062029522090094,0.36748201926691887,-1.1628753412192903,-27.26922733350234,24.943476651063758,0.8760780344643482,0.8423236843159336,0.9092349152972055,0.5721330407379489,0.5503355704697986,0.9760858955588092,0.6259541984732825,0.9675858732462506,0.5857142857142857,2.6290410265726064e-72,0.7450464900254227,0.4042804663392162,-0.30119433799068746,-2.1040691858814036,1.5016805099000285,0.7167858168973618,0.6932790335654015,0.7428922838933785,0.27750408363490464,0.17355371900826447,0.9657464212678937,0.3853211009174312,0.9042604116802297,0.23931623931623933,-0.9580884545215335,0.8142639009669612,21.11400278818961,0.04191154547846652,0.008319491390298238,-0.7666389574711695,0.5735594661117134,49.143761298067794,0.23336104252883053,0.11081238075402992,,,,35.1288820431287,11.68097539022582,1.0,0.0,0.0,0.6611899137496948,0.08071932941675186,0.02331675764583035,0.44492262601852417,0.07723820954561234,0.0011452102002649,0.8809559941291809,0.04264111816883087,-0.010555840654265784,0.8114216923713684,0.04327501729130745,0.017176657741555672,0.382409930229187,0.07742121815681458,0.00812917990789774,0.7472684383392334,0.08698226511478424,-0.010680441073914505,0.6897500157356262,0.1381283551454544,-0.0025788301826761843,0.6634472608566284,0.14355479180812836,0.008589567581660068,-0.526687040359323,0.5438661755226432,0.725898265838623,0.12132874131202698,0.01586540361262627,0.7676467895507812,0.10743146389722824,0.018904696711969378,0.7496252655982971,0.10329601168632507,0.015612854541201173,I,1010010,42.0,10.0,completed,0.7007,,0.4728,,,,,,,,,,,,,,,,0.6840062737464905,-0.004318824969232,0.7269476254781088,0.1905916146934032,0.6324767947196961,0.0442790076136589,0.7260518670082092,0.6903111040592194,0.7644799053668976,0.7990902662277222,0.4952871402104695,0.999891757965088,0.9997763633728028,0.999915897846222,0.9999688863754272,0.0100557962432503,0.0021106877829879,34.26649475097656,0.6672202944755554,0.0975976213812828,0.7576932311058044,0.940783441066742,0.1474595814943313,0.0805866941809654,2.394578218460083,0.4316689670085907,-0.393729031085968,0.5292243361473083,0.9288214445114136,0.1387316882610321,0.0773733481764793,1.3156343698501587,0.8774322867393494,0.5815061926841736,0.9323247075080872,0.9830685257911682,0.0799627900123596,0.0426371060311794,6.728037357330322,0.7990902662277222,0.3026023209095001,0.8922276496887207,0.9817031025886536,0.0729391947388649,0.0431816913187503,5.110755443572998,0.3869721591472626,-0.3665820658206939,0.4672570526599884,0.8888236284255981,0.1402983218431472,0.0771961063146591,0.6866760849952698,0.7516716718673706,0.2734660506248474,0.8297134637832642,0.9565847516059875,0.1701326966285705,0.0863080024719238,3.643341064453125,0.7004320621490479,0.1655807942152023,0.7890431880950928,0.9344515800476074,0.269713431596756,0.1364616602659225,2.8684353828430176,0.6666436195373535,0.1512674540281295,0.7415401339530945,0.9331862926483154,0.2782210111618042,0.1407780796289444,2.621915578842163,0.7139785885810852,0.0678572580218315,0.8241733312606812,0.9557843208312988,0.3540924787521362,0.126938447356224,3.165954828262329,0.7713115215301514,0.2625190615653991,0.865791916847229,0.9693069458007812,0.2106982320547104,0.1051836088299751,3.9097979068756095,0.7576482892036438,0.2228590697050094,0.8553914427757263,0.970421552658081,0.21085225045681,0.099483236670494,3.912142515182495,0.655409037809267,0.3431264107234318,,0.5148406655153732,0.7803799584477628,0.6284816042272096,0.6797291322255548,0.8766442856705068,0.7718620862474567,19.486329345057904,0.5173592893456118,15.051465986230802,0.5886780163913665,8.294881588999235,0.9061145965455892,9.530132897448654,0.8782273373456028,22.514705021369608,0.5555518010407515,24.45035564649713,0.5338244238697033
spatial_1lead_d1_panorama_relative_1000000_s42_l0,Spatial Single-Lead (1000000),True,True,3-Epoch Spatial Architecture Grid,d1_panorama_relative,1lead_clinical_v1,2198.0,1904.0,1000.0,0.8063445808557004,0.33232503137834357,0.9640023185941864,0.8211965889982965,0.7313724471189834,0.6958274153853563,-0.07771132552659366,-0.08935483110667129,-0.0663634508769787,0.009950248756218905,-0.14461179085177456,0.028086889936237387,0.04926621919028309,0.7420152952763331,0.2658155843691991,-0.07883651217175869,-0.10740356227284194,-0.05235602084752493,0.009950248756218905,-0.09255465724393999,0.18014242789287083,0.291052483922181,0.5035743909038305,0.2725646498673524,0.6499511441741636,0.5882073786699755,11.227479526842584,0.4805392731337477,0.2309179930239101,-0.8853503184713376,-30.359840872706396,28.58914023576372,0.8277978126504661,0.7876048564539702,0.8732024672841137,0.4620509597184061,0.4161073825503356,0.9799902391410444,0.6019417475728155,0.958472553699284,0.49206349206349204,4.6415817406993125e-51,0.774438177398978,0.3992592944482555,-0.42425176712114016,-2.207487363760514,1.3589838295182337,0.7141070492994643,0.6905899463916689,0.7416761853597219,0.2815995071967158,0.13636363636363635,0.9775051124744376,0.42857142857142855,0.9014615747289014,0.20689655172413793,-0.9457416612752509,0.8156682369996718,20.50743822841117,0.05425833872474911,0.01435560728768741,-0.7817125123551298,0.619968144521239,42.222957282368625,0.2182874876448702,0.11285193745575692,,,,31.3651977553899,16.27491858976675,1.0,0.0,0.0,0.6550580263137817,0.07761184126138687,0.004925898244461659,0.4129728674888611,0.07848247140645981,-0.0011983886227261182,0.8724345564842224,0.042110927402973175,-0.007673187882214753,0.7805812358856201,0.0441092848777771,0.0031083716465153404,0.3681889474391937,0.07735458016395569,0.0012465626173053777,0.7352946400642395,0.0885809138417244,-0.010825927336631062,0.6799334287643433,0.13991136848926544,-0.004917795701305977,0.654234766960144,0.1439330130815506,-0.00040701056447131823,-0.5420011768813278,0.5411871557523851,0.7191473841667175,0.12125539034605026,0.0028475554615657876,0.7644181847572327,0.10615476965904236,0.0053902599869809905,0.7464361190795898,0.1021496057510376,0.0076272045156783605,I,1000000,42.0,10.0,completed,0.6882,,0.2182,,,,,,,,,,,,,,,,0.6698098182678223,-0.0226662140339612,0.7170446117719015,0.171295054256916,0.6131279647350312,0.0156892627477645,0.7098256051540375,0.6801280081272125,0.7611802220344543,0.7665511965751648,0.4768469830354054,0.999056875705719,0.9978328347206116,0.9992478489875792,0.9996342062950134,0.0071483380161225,0.004170402418822,27.389881134033203,0.6578395366668701,0.0872691869735717,0.7458868622779846,0.9347670078277588,0.1507600843906402,0.0779723972082138,2.6390419006347656,0.4004387259483337,-0.4211712181568146,0.4931597709655761,0.9127257466316224,0.1413829624652862,0.0784756541252136,1.091810941696167,0.8685476779937744,0.5758472681045532,0.9231886267662048,0.9782223105430604,0.0906489789485931,0.0424560531973838,6.786135196685791,0.7665511965751648,0.195987120270729,0.8703020811080933,0.9727337956428528,0.079668790102005,0.0436085276305675,4.842186450958252,0.3722626864910126,-0.3594860434532165,0.4454471468925476,0.8639005422592163,0.1486725658178329,0.0774569362401962,0.6003540754318237,0.7369236350059509,0.237320601940155,0.8183749318122864,0.9553318619728088,0.1740040779113769,0.0881995782256126,3.4504714012146,0.682727575302124,0.1104036346077919,0.769784688949585,0.9259195923805236,0.2727752923965454,0.1385404914617538,2.691722869873047,0.652577817440033,0.1330452710390091,0.7271871566772461,0.927079141139984,0.2796999216079712,0.1417416930198669,2.493744373321533,0.7076781988143921,0.0761578306555748,0.8084371089935303,0.9486269354820251,0.3526348769664764,0.1268938332796096,3.141146183013916,0.7676393389701843,0.2452561408281326,0.8571740388870239,0.9669404029846193,0.2070269286632537,0.103922426700592,4.008350372314453,0.7547211050987244,0.2255868464708328,0.8520880937576294,0.9694644212722778,0.2083310186862945,0.0985659509897232,4.026762962341309,0.6174209235313652,0.2849218553617232,,0.458890161470781,0.7501119751083972,0.5630631585440072,0.6290948744326997,0.8572159790654964,0.7204611732625064,22.763239254014163,0.4520451467268623,17.133240251321432,0.5312144469525959,9.409371303794014,0.8763442719319479,10.395626387221192,0.8493205159237871,26.49460251046025,0.4821381916987441,27.482242368793145,0.4747008517234772
D5_permuted_theta_mul_l1_s42_l0,Ansari 3DRECON-QT (D-Series),True,True,Stage A 3D Theta Spatial Benchmark,D5_permuted_theta_mul_l1,1lead_clinical_v1,2198.0,1904.0,1000.0,0.8059070149550539,0.3272996682647053,0.9594175041400298,0.8233823302975566,0.7240916107984614,0.6981643209437897,-0.07814889142724013,-0.08884938617638008,-0.06753836626275724,0.009950248756218905,-0.14963715396541283,0.029958597850579926,0.055054199993289206,0.681689938794746,0.21918249792032982,-0.10131912435068857,-0.14275859587120604,-0.05557824350285106,0.009950248756218905,-0.13444046534098858,0.2883962138888573,0.43813749038055533,0.6074356435633981,0.4354208121623079,0.7518088211168825,0.6350772974110037,9.929026387625115,0.6234935473554721,0.3887442035939101,0.9335759781619655,-25.208404780708488,27.075556737032418,0.9071244444007718,0.8768449478190823,0.9292356139867842,0.5814610162535613,0.6308724832214765,0.9682772083943387,0.5911949685534591,0.9730259931338892,0.6103896103896104,9.291858863409924e-82,0.6286155473681555,0.42766698405170867,-0.31422521615972077,-1.9190900741803818,1.2906396418609403,0.7317429735165374,0.6993851993062574,0.767352618293594,0.3234832790547685,0.01652892561983471,0.9984662576687117,0.5714285714285714,0.8913738019169329,0.0321285140562249,-0.9811150334434389,0.9273176990387586,7.580329519128975,0.018884966556561144,0.004704835174126946,-0.8610642747488036,0.8328931753982084,16.805966088527875,0.13893572525119638,0.114858824427741,,,,12.193147803828424,4.269766554080056,1.0,0.0,0.0,0.6680138111114502,0.07559332996606827,-0.011342842091969273,0.4923318922519684,0.07560890167951584,-0.004052050505205629,0.8830339312553406,0.0403597392141819,0.006599235412675352,0.8152152299880981,0.03984283655881882,-0.0034012144805981555,0.4182571768760681,0.07510480284690857,-0.0045720052464399644,0.7599726915359497,0.08381813764572144,0.0010032041472796494,0.7035846710205078,0.13268323242664337,-0.010342371111965417,0.6748759150505066,0.13660824298858643,-0.011662777130445704,-0.5327958319961461,0.5094702777352547,0.7373191714286804,0.11493059247732162,-0.010142904619317484,0.7774084210395813,0.1016303226351738,-0.008529410438986518,0.7594338059425354,0.098939910531044,-0.009032258311875223,I,1110000,42.0,10.0,completed,0.7117885764119989,0.3513331055641174,,,,,,,,,,,,,,,,,0.699411928653717,0.4104291498661041,0.7393503189086914,0.4045712649822235,0.6514859795570374,0.3048558235168457,0.7401608824729919,0.7054933309555054,0.7723968029022217,0.9007153511047363,0.5257492661476135,0.9999986290931702,0.9999983906745912,0.9999986290931702,0.999998927116394,0.000232471327763,0.0001192481577163,55.60304641723633,0.6736226677894592,0.095608577132225,0.7655495405197144,0.9427186846733092,0.1134879663586616,0.0757776200771331,2.949751138687134,0.4887189865112304,-0.3091282844543457,0.5802526473999023,0.928590714931488,0.1121309548616409,0.0755167305469513,1.492540955543518,0.878749668598175,0.5872973799705505,0.9303776621818542,0.9822883009910583,0.0609397999942302,0.0406090468168258,7.284210681915283,0.8014320135116577,0.3407545089721679,0.8859540224075317,0.9793910384178162,0.0597015731036663,0.0397655554115772,5.682804584503174,0.4149062037467956,-0.3285575807094574,0.5024307370185852,0.898354172706604,0.1120375469326973,0.0748872831463813,0.939723014831543,0.7632054686546326,0.2798550128936767,0.8418980240821838,0.9597495794296264,0.1218829974532127,0.0824986547231674,4.125526428222656,0.7171162962913513,0.2168924808502197,0.7978658676147461,0.9416950345039368,0.2079538851976394,0.1305626034736633,3.1651358604431152,0.6821840405464172,0.1639370918273925,0.756283700466156,0.9378436803817748,0.2136581093072891,0.1339766979217529,2.9661927223205566,0.7288026213645935,0.1391083747148513,0.8281967043876648,0.9585455656051636,0.1913860738277435,0.1210683658719062,3.648306846618652,0.7799986600875854,0.2824593484401703,0.8675404191017151,0.972164273262024,0.1540036648511886,0.0995271503925323,4.494112491607666,0.7647949457168579,0.2681171596050262,0.8580082654953003,0.9724316596984864,0.1385062485933303,0.0953084826469421,4.440535068511963,,,,,,,,,,,,,,,,,,,,,
D4_learned12_mul_l1_s42_l0,Ansari 3DRECON-QT (D-Series),True,True,Stage A 3D Theta Spatial Benchmark,D4_learned12_mul_l1,1lead_clinical_v1,2198.0,1904.0,1000.0,0.8054459360361895,0.33740825177014316,0.9594052875262955,0.8233053219997978,0.7343951275118776,0.6862053568339372,-0.07860997034610451,-0.0887687117081704,-0.06823340453149024,0.009950248756218905,-0.13952857045997497,0.029706484997007135,0.05449444776812392,0.647780928562674,0.19314700675839108,-0.15983224344952685,-0.1987038689743145,-0.11489515439531235,0.009950248756218905,-0.1571787884013948,0.2983742234234535,0.43971048169544275,0.607651357137029,0.4403587913067797,0.7511742493922862,0.6314210307120214,10.058234758871702,0.5793153897483487,0.3356063207992812,0.8735213830755232,-25.51764879732283,27.26469156347388,0.8726830242940573,0.8368392740589962,0.913050040952621,0.5631532870199275,0.5704697986577181,0.9755978526110298,0.6296296296296297,0.9689772176442074,0.5985915492957746,8.889205473233415e-76,0.6075624884449426,0.44804961426224676,-0.2420883568256307,-1.8283895714685525,1.3442128578172912,0.7504288563267927,0.7229441696190827,0.786344380327454,0.3325048091940711,0.024793388429752067,0.9984662576687117,0.6666666666666666,0.892188213796254,0.04780876494023904,-0.9635394130154931,0.9168212984703741,8.555929874020059,0.03646058698450693,0.015537462688078782,-0.866511362759737,0.8384932510008876,16.24429695169946,0.133488637240263,0.10969521288611093,,,,12.40011341285976,8.569858189568695,1.0,0.0,0.0,0.6706014275550842,0.07520230859518051,0.003609757764917066,0.47857505083084106,0.07594836503267288,0.00399403576393099,0.8849251866340637,0.04017737880349159,0.010523477701038574,0.8114120364189148,0.04120933264493942,0.009671176436388259,0.40399619936943054,0.07546012848615646,0.0034909406600558625,0.7549710273742676,0.08458885550498962,0.008248167057529324,0.7009217143058777,0.1331252008676529,0.0016598229774065247,0.6725012063980103,0.13726165890693665,0.001961947826622042,-0.5215764950438176,0.5255003906970618,0.735249400138855,0.11597161740064621,-0.0032252587202311386,0.7782726287841797,0.10180150717496872,0.0007942916774309979,0.7591398358345032,0.09890888631343842,0.0023763681903511426,I,1110000,42.0,10.0,completed,0.7071373025962228,0.3562596797943115,,,,,,,,,,,,,,,,,0.6944594383239746,0.4232686161994934,0.7350504398345947,0.388704776763916,0.6457502841949463,0.3397639393806457,0.7344015836715698,0.6982617378234863,0.7724878787994385,0.8990025520324707,0.5166404843330383,0.9999986290931702,0.9999983906745912,0.9999986290931702,0.999998927116394,0.000232471327763,0.0001192481577163,55.60304641723633,0.6752001643180847,0.1291995048522949,0.7575370669364929,0.9376218914985656,0.1137678101658821,0.0755140632390976,2.926969051361084,0.4721372127532959,-0.2541424632072449,0.5543661713600159,0.9259490966796876,0.1132420822978019,0.0760062262415885,1.3816074132919312,0.8808233737945557,0.6058511734008789,0.9289592504501344,0.9817367196083068,0.0609715059399604,0.0405225157737731,7.2421555519104,0.798006534576416,0.3438762724399566,0.8849961161613464,0.9783411026000975,0.0611593499779701,0.0412952862679958,5.402612209320068,0.402584046125412,-0.2980993688106537,0.4780504703521728,0.8809671998023987,0.1134311258792877,0.0755411088466644,0.7627848982810974,0.7588626742362976,0.2726790606975555,0.8375980854034424,0.9594297409057616,0.1232190355658531,0.0834907218813896,4.036606788635254,0.7099405527114868,0.1953138262033462,0.7958608865737915,0.9381118416786194,0.2091646641492843,0.131478726863861,3.1345455646514893,0.6725299954414368,0.144057497382164,0.7497847080230713,0.936534345149994,0.2159964442253112,0.1351241916418075,2.892188549041748,0.7239935398101807,0.1215655282139778,0.828352689743042,0.9590920209884644,0.1934568732976913,0.1222186088562011,3.513113021850586,0.7804424166679382,0.2692575454711914,0.8694196343421936,0.97184956073761,0.1549519449472427,0.0998216569423675,4.422642230987549,0.7645333409309387,0.254067063331604,0.8585882782936096,0.9719961881637572,0.1391292959451675,0.0953798294067382,4.390023231506348,,,,,,,,,,,,,,,,,,,,,
spatial_1lead_e1_panorama_film_1010010_s42_l0,Spatial Sparse (1010010),True,True,3-Epoch Spatial Architecture Grid,e1_panorama_film,1lead_clinical_v1,2198.0,1904.0,1000.0,0.8051971794654197,0.3499960803474333,0.9623909962614857,0.8309184222453229,0.7026684082250969,0.7018819834741131,-0.07885872691687434,-0.08985883197573392,-0.06821293193239492,0.009950248756218905,-0.12694074188268484,0.03479297193697234,0.06130595766046927,0.7217340059317908,0.2596543783195312,-0.09721894323591929,-0.1290284330245711,-0.06288209859239087,0.009950248756218905,-0.09805938097085135,0.20727804864636126,0.3333100564576065,0.5941748725199729,0.40360585174386465,0.7550997882229401,0.6238189775931141,9.984531392174704,0.577541855350079,0.3335545946812111,-2.4194722474977253,-28.66468850269508,23.825744007699626,0.8682808113959666,0.8240814868793731,0.907303433591651,0.5308495155458738,0.44966442953020136,0.9799902391410444,0.6203703703703703,0.9607655502392345,0.5214007782101168,5.892623158769055e-57,0.7423497917905137,0.40378124013703465,-0.3544072770260213,-2.119409725041261,1.4105951709892182,0.7170456658047288,0.6920442058183792,0.7461511879310542,0.26888367788579387,0.128099173553719,0.9749488752556237,0.3875,0.9003777148253069,0.19254658385093168,-0.9492546528235809,0.8392316806265694,17.51922915490131,0.05074534717641908,0.014698650120906745,-0.7912043376799986,0.6285663324174957,41.351533723446465,0.2087956623200013,0.10542686777141909,,,,29.435381439173888,12.9967878315046,1.0,0.0,0.0,0.6650197505950928,0.07709653675556183,-0.0015995294386987053,0.45639944076538086,0.0768282562494278,-0.00041393239771097087,0.8833692073822021,0.039871882647275925,-0.00013020052345637663,0.8150644898414612,0.03930181264877319,-0.00197964151581619,0.39078110456466675,0.07663113623857498,-0.0015530800449329461,0.7510079741477966,0.0861419066786766,0.00010168402167883555,0.6931921243667603,0.13753928244113922,0.0010707798668622307,0.6665899157524109,0.14166845381259918,-0.00031742204804967436,-0.5331611257824042,0.5325262816863049,0.7310751080513,0.11891119927167892,-0.0016987154203677722,0.7717545032501221,0.1051861122250557,-0.0007709627824515909,0.7520748972892761,0.101349838078022,-0.00046665917084893734,I,1010010,42.0,10.0,completed,0.704,,0.4573,,,,,,,,,,,,,,,,0.6885238885879517,0.0076872580684721,0.7299998998641968,0.1954554058611393,0.638752418756485,0.0509182870388031,0.7299917638301849,0.6929041147232056,0.7671038210391998,0.8033846020698547,0.50343985358874,0.999966561794281,0.9999492168426514,0.9999731183052064,0.9999836087226868,0.0037034235429018,0.0009261396480724,41.767391204833984,0.6718696355819702,0.1090754568576812,0.7632421851158142,0.943181812763214,0.1387710571289062,0.0768918767571449,2.849867820739746,0.4452628493309021,-0.3824700117111206,0.5392469763755798,0.9326687455177308,0.1396124958992004,0.0768340080976486,1.3971599340438845,0.8800579309463501,0.5857402682304382,0.9346826076507568,0.9846131801605223,0.0718268901109695,0.0396635420620441,7.477347373962402,0.8033846020698547,0.3193406164646148,0.8922345638275146,0.9836809039115906,0.0695027038455009,0.0393691919744014,5.913074970245361,0.3931870758533478,-0.3770948946475982,0.4766090810298919,0.8933057188987732,0.1385508775711059,0.0764612257480621,0.8086488246917725,0.7561402916908264,0.2683570981025696,0.8325712084770203,0.9582546949386596,0.1742552369832992,0.0857728719711303,3.770371437072754,0.7038432359695435,0.1771267205476761,0.7868073582649231,0.9375678896903992,0.2701615989208221,0.1365908831357956,2.959124803543091,0.6675080060958862,0.1454515159130096,0.7456340789794922,0.936767578125,0.2787910997867584,0.1398274004459381,2.68802547454834,0.7183002233505249,0.1031223759055137,0.8284198641777039,0.9579481482505798,0.3524892628192901,0.1252170652151107,3.347007751464844,0.7743510007858276,0.2422732859849929,0.8666922450065613,0.9715603590011596,0.2089600563049316,0.1029577702283859,4.174973487854004,0.759856641292572,0.2364014387130737,0.8560580015182495,0.9722344279289246,0.2107092291116714,0.0977362394332885,4.180042743682861,0.6485408472044507,0.3640422914904291,,,,,,,,,,,,,,,,,,,
D3_theta_mul_l1_s42_l0,Ansari 3DRECON-QT (D-Series),True,True,Stage A 3D Theta Spatial Benchmark,D3_theta_mul_l1,1lead_clinical_v1,2198.0,1904.0,1000.0,0.8045988551227811,0.34575193601482573,0.9492391571403943,0.8231885790430363,0.7149604966087271,0.7034129108980766,-0.07945705125951297,-0.0905274143504047,-0.06856532981908145,0.009950248756218905,-0.1311848862152924,0.029396228335994565,0.05447126723770294,0.6772566011966308,0.2185448923525624,-0.12149858161121874,-0.14636042553128395,-0.09628560338962633,0.009950248756218905,-0.13574123952429612,0.3402162691997042,0.4891336441820799,0.5874074284052754,0.4088396222942249,0.7299869116112958,0.6233957513103053,10.361237488626024,0.6164701673319745,0.3800354672103126,-0.2283894449499545,-27.708548676380506,27.251769786480597,0.9008290179200199,0.8635846777082475,0.9276722183257531,0.5852780009926318,0.6510067114093959,0.9658369936554417,0.5808383233532934,0.9743968488429345,0.6139240506329114,6.0277826392865e-84,0.6227886042505963,0.4660009949605399,-0.3427333976866659,-1.9125412886530175,1.2270744932796855,0.7543371529010123,0.7253277936018663,0.7897847643758471,0.3282600758766463,0.045454545454545456,0.9984662576687117,0.7857142857142857,0.8942307692307693,0.0859375,-0.9713107702900734,0.9082394307338861,9.614046485079383,0.028689229709926614,0.008561139834617284,-0.8677906147312586,0.8635218131006865,13.64992896279546,0.1322093852687414,0.12805431250880253,,,,11.63198772393742,6.316072290086897,1.0,0.0,0.0,0.6747720837593079,0.0747627317905426,-0.0025976590114751325,0.5002260208129883,0.07530620694160461,-0.003902553414992281,0.8853593468666077,0.03913164511322975,-0.004361928399242157,0.8180160522460938,0.03935815393924713,-0.0014507182626112482,0.4298444390296936,0.07452768832445145,-0.0033171755228366133,0.7609779834747314,0.08370403200387955,-0.004194267623990628,0.7094067931175232,0.13206413388252258,-0.007808282421133899,0.6791855692863464,0.13597239553928375,-0.0052176089174699476,-0.5235151394566202,0.5130799216216804,0.7408730387687683,0.11408836394548416,-0.0030212317448902845,0.7787685990333557,0.10068222135305405,-0.0021000403337263873,0.7599328756332397,0.09827125817537308,-0.0024169805606966063,I,1110000,42.0,10.0,completed,0.7134446805164703,0.3623262524604797,,,,,,,,,,,,,,,,,0.7015672326087952,0.4087320566177368,0.7398306131362915,0.4046765565872192,0.6556510925292969,0.3123289048671722,0.7406591176986694,0.7066289782524109,0.7722040414810181,0.9022153615951538,0.5309745669364929,0.9999986290931702,0.9999983906745912,0.9999986290931702,0.999998927116394,0.000232471327763,0.0001192481577163,55.60304641723633,0.6779633164405823,0.1104308366775512,0.7676258087158203,0.9432367086410522,0.1128493100404739,0.0751550942659378,3.0363857746124268,0.4919176399707794,-0.2446583062410354,0.5779560804367065,0.9282585382461548,0.1118728443980217,0.0751678571105003,1.5145328044891355,0.880899965763092,0.5922585129737854,0.9306015372276306,0.9820085763931274,0.0596790611743927,0.0395306907594203,7.438150405883789,0.8044321537017822,0.3659569025039673,0.8860278129577637,0.9789075255393982,0.059458665549755,0.0394724830985069,5.716235160827637,0.423042744398117,-0.3137886524200439,0.5064918994903564,0.8954466581344604,0.1115323081612587,0.0745912492275238,0.995381772518158,0.7641517519950867,0.2751721739768982,0.8431450724601746,0.958230197429657,0.1225691884756088,0.0825109779834747,4.015124320983887,0.7171664237976074,0.197140097618103,0.7980297803878784,0.9402352571487428,0.208339512348175,0.1305212974548339,3.1260011196136475,0.6817751526832581,0.1774792671203613,0.7572255730628967,0.9356361031532288,0.213327094912529,0.1334696859121322,2.986602783203125,0.7314828038215637,0.1486954391002655,0.8295883536338806,0.9573716521263124,0.1898529082536697,0.1200325563549995,3.7466824054718018,0.7796770334243774,0.2780812978744507,0.8675920963287354,0.9727681279182434,0.1530735194683075,0.0988213717937469,4.626289367675781,0.7647309899330139,0.2514116168022156,0.8608874678611755,0.9730754494667052,0.1378180533647537,0.0947017967700958,4.5463409423828125,,,,,,,,,,,,,,,,,,,,,
spatial_1lead_pa1_panorama_author_1000000_s42_l0,Spatial Single-Lead (1000000),True,True,3-Epoch Spatial Architecture Grid,pa1_panorama_author,1lead_clinical_v1,2198.0,1904.0,1000.0,0.8045267140474823,0.3396981715991852,0.9679661483384371,0.8154429478050358,0.7062304869336775,0.7017585922676289,-0.0795291923348117,-0.0910655591126834,-0.06803316947609128,0.009950248756218905,-0.13723865063093293,0.028066216472509512,0.04947258360467239,0.7513078185293427,0.2730231749492283,-0.06096632844835037,-0.08231612349485366,-0.037895678457173315,0.009950248756218905,-0.08589188646740398,0.18257899217248896,0.30218545412062664,0.542511773388021,0.35403181837842435,0.6790751024686691,0.5944283993169699,11.210191082802547,0.48183945254139005,0.2321692580253864,-2.4604185623293904,-31.505020133681388,26.584183009022606,0.830342841982175,0.7917582863108317,0.8574255330752687,0.4432611961435819,0.3691275167785235,0.9873108833577355,0.6790123456790124,0.9555975436939065,0.4782608695652174,3.824802015011414e-49,0.7846687139707658,0.39772909357608255,-0.4530118789805186,-2.2396801448364556,1.3336563868754183,0.7146204093359698,0.6907677965583737,0.7393144347693454,0.28999703988791126,0.15702479338842976,0.9821063394683026,0.5205479452054794,0.904,0.24126984126984127,-0.9474765873783518,0.8211822624359536,19.824126537444997,0.05252341262164812,0.01391591757991075,-0.7809157125553164,0.6035534904714015,44.856675788864166,0.21908428744468356,0.10700284579587677,,,,32.34040116315458,15.446501374770886,1.0,0.0,0.0,0.6525776982307434,0.07929845154285431,-0.013886461502682038,0.385256826877594,0.07950814068317413,-0.0022364175040961646,0.8694120645523071,0.04239384084939957,0.004097679736636602,0.7866239547729492,0.04521801695227623,-0.01386004759671225,0.35423988103866577,0.07839979976415634,-0.008362882872383823,0.7283536791801453,0.08844322711229324,-8.094992095144559e-06,0.6769625544548035,0.14084184169769287,0.008781644741587756,0.649474024772644,0.14498281478881836,0.004608989799109953,-0.5406415870854626,0.5498595666836825,0.714974582195282,0.12233147770166397,-0.011305187316444773,0.7557235956192017,0.10879473388195038,-0.015950039077271553,0.7374255657196045,0.10460736602544785,-0.014481730222118565,I,1000000,42.0,10.0,completed,0.6824,,0.2198,,,,,,,,,,,,,,,,0.662257969379425,-0.0380366817116737,0.710953156153361,0.1684176127115885,0.6038237690925599,0.0162531316280365,0.7051022052764893,0.6756458282470703,0.7521114349365234,0.7713404297828674,0.4608080585797627,0.9979732036590576,0.9954595565795898,0.99836665391922,0.9991867542266846,0.0109487790614366,0.0063033527694642,23.88114356994629,0.6560234427452087,0.0860406160354614,0.7376590967178345,0.926659107208252,0.1546330153942108,0.0795573145151138,2.4738190174102783,0.368096262216568,-0.4630467295646667,0.4551955759525299,0.90892094373703,0.1411935985088348,0.0795024186372757,0.9494437575340272,0.8653542399406433,0.5694544911384583,0.9183324575424194,0.9740427732467652,0.0947423577308654,0.0427862703800201,6.624736785888672,0.7713404297828674,0.2127725183963775,0.8753249049186707,0.9756194353103638,0.0786151960492134,0.0454499721527099,4.633311748504639,0.3583044707775116,-0.323955237865448,0.421254426240921,0.8440787196159363,0.1450533121824264,0.0782476440072059,0.505855917930603,0.7295219898223877,0.2224337756633758,0.8097559809684753,0.950947403907776,0.1726471036672592,0.0881601497530937,3.447943687438965,0.6806824207305908,0.1200728416442871,0.7671428918838501,0.9234356880187988,0.2740859389305115,0.1398347616195678,2.651296138763428,0.6486576795578003,0.1307595819234848,0.7241592407226562,0.9238100647926332,0.2814367413520813,0.1428876370191574,2.4467194080352783,0.7026339769363403,0.064932569861412,0.8030276894569397,0.9444153308868408,0.3531534969806671,0.128041386604309,3.024364233016968,0.7593368291854858,0.242727056145668,0.8465134501457214,0.9574201703071594,0.2086344361305236,0.1066110432147979,3.707910060882568,0.744886040687561,0.2295798510313034,0.8399976491928101,0.9591403007507324,0.2098097950220108,0.1009394824504852,3.6671957969665527,0.6063992210606332,0.2923074136560606,,0.4511223019111696,0.734291066830964,0.5632363824932746,0.6217564175218432,0.846791038568537,0.7206029603724345,23.45875012379915,0.4362490601167245,17.528998416468724,0.518887178201869,9.762184098874746,0.8672740575569646,10.741717700878034,0.8383910528883005,27.663336642237105,0.4639754996435832,26.296344565194545,0.494037718580317
conv15e_K4_l1_s42_l0,Kill-Gate Ablation Suite (Round 1),True,True,Kill-Gate Ablation Suite (Round 1),K4_l1,1lead_clinical_v1,2198.0,1904.0,1000.0,0.8039247658781481,0.3413178177675952,0.9594213071459917,0.8337648520896731,0.6953894527937772,0.6948652471039086,-0.08013109541618024,-0.09283654994662609,-0.06903214755268064,0.009950248756218905,-0.13561895524080902,0.027552211797825372,0.049652725089939835,0.7424331815362339,0.27008152356746723,-0.08087495945288836,-0.11261690610488438,-0.051810027302265076,0.009950248756218905,-0.08874363849787906,0.1821813534679164,0.2935559022986175,0.5937192277747029,0.40917535417959444,0.7385540092113001,0.6334283199332144,9.716105550500455,0.5810222060874493,0.33758680396672675,-1.0336669699727024,-26.696599746855536,24.62926580691013,0.8722293736345442,0.8364968373531256,0.9161405882034689,0.5243022592470913,0.4697986577181208,0.9790141532454856,0.6194690265486725,0.9621103117505995,0.5343511450381679,9.021518242905403e-60,0.7411395592023504,0.39375808945045593,-0.29245159534349346,-2.089427940193787,1.5045247495068,0.7088847200392098,0.6829342257935087,0.7412796482451933,0.2721623830143706,0.1487603305785124,0.9677914110429447,0.36363636363636365,0.9018580276322058,0.21114369501466276,-0.9486624004289309,0.7614887753487936,28.451844008748463,0.05133759751670458,0.009263192457720277,-0.7733718548607285,0.5718633677832525,49.914253952796514,0.22662814551402544,0.1028970956658836,31.696554981722976,-0.9370464040310901,0.7372065068694609,39.18304898077249,12.99147420576403,1.0,0.0,0.0,0.6671106219291687,0.07591059803962708,-0.002669660393928179,0.45080435276031494,0.07655606418848038,-0.001460088936375665,0.8760908842086792,0.04009807109832764,0.0010708639706320103,0.7962652444839478,0.04076296463608742,0.0009306809142429415,0.4011225402355194,0.07560939341783524,-0.0015668253278395862,0.7388487458229065,0.08581382036209106,0.00046629467769016697,0.6868075728416443,0.13435088098049164,0.0009636971114672041,0.671474039554596,0.13846302032470703,-0.0014147080145118576,-0.5396300892002573,0.5368006731712337,0.7303978800773621,0.11771400272846222,-0.003356692958867337,0.7731066346168518,0.10332377254962921,-0.0017368619197039004,0.7548381090164185,0.1004420816898346,-0.0046306387956389665,I,1110000,42.0,15.0,completed,0.6943384582689608,0.3274815320968628,0.0820366515629533,0.7017319798469543,0.5330056548118591,0.8757479786872864,0.6964422464370728,0.8167313933372498,0.6918239730884412,0.0997876244320134,0.0,0.2363927165910401,0.1786635572061106,0.0,0.0,0.425615037596503,0.0885198713859344,0.0020583190264602,,,,,,,,,,,,,,,,,,,,,,,,,,,,,,,,,,,,,,,,,,,,,,,,,,,,,,,,,,,,,,,,,,,,,,,,,,,,,,,,,,,,,,,,,,,,,,,,,,,,,,,,,,,,,,,,,,,,
D7_learned12_add_l1_s42_l0,Ansari 3DRECON-QT (D-Series),True,True,Stage A 3D Theta Spatial Benchmark,D7_learned12_add_l1,1lead_clinical_v1,2198.0,1904.0,1000.0,0.803067551351458,0.33734146682189675,0.9622059017926633,0.8329146448755211,0.6931751066060499,0.6964553667498611,-0.08098835503083601,-0.09354104366472694,-0.06869595067982637,0.009950248756218905,-0.13959535540822138,0.030337620867129947,0.05602031088406966,0.6729093662794772,0.21927254832630208,-0.14381187026523612,-0.172026895580092,-0.10680916606038614,0.009950248756218905,-0.13541736555011713,0.2623048005304695,0.4038343329878214,0.611366018711879,0.4461632978691762,0.7566802129072185,0.6312545453592422,10.117379435850774,0.6090091964362313,0.3708922013439035,1.6715195632393085,-25.041676389426158,28.384715515904773,0.8943239622536447,0.8587200789367234,0.9233849453905665,0.5426005780616786,0.5973154362416108,0.9643728648121035,0.5493827160493827,0.9705304518664047,0.572347266881029,2.0223451533548379e-72,0.6187399786585998,0.46346814275632214,-0.3181371869717651,-1.891611906292645,1.255337532349115,0.7507246193107877,0.7234012125105455,0.7918644421191676,0.3161295574987254,0.06198347107438017,0.995398773006135,0.625,0.8955841766329347,0.11278195488721804,-0.984258523669878,0.9076619237869747,9.880197974247517,0.01574147633012203,0.002507987268719212,-0.8773405941217121,0.8607056569776367,13.961584797667994,0.12265940587828796,0.10776233395168264,,,,11.920891385957756,0.9062145371669257,1.0,0.0,0.0,0.6671222448348999,0.07477916777133942,0.002654645049087799,0.4913327991962433,0.07489344477653503,0.00032178215904890247,0.8789729475975037,0.03966542333364487,-0.0009112472620455461,0.809363842010498,0.040639154613018036,0.007082671779056573,0.4118695855140686,0.0741700530052185,0.001504233390632641,0.7549152970314026,0.08504068106412888,0.001002001845483748,0.7007884383201599,0.134024977684021,0.00042856687031492106,0.6711175441741943,0.1372789740562439,0.003289704071605698,-0.5202446195608199,0.5268240277040313,0.735457181930542,0.1147138774394989,0.0025235440681373703,0.7785038352012634,0.10121124237775803,0.0037038127506218823,0.7564140558242798,0.09881197661161423,0.0027804526646788555,I,1110000,42.0,10.0,completed,0.7037343511590841,0.3552320629358291,,,,,,,,,,,,,,,,,0.6949360966682434,0.4024473130702972,0.7353395819664001,0.3802697956562042,0.6464519500732422,0.2951782643795013,0.7333688139915466,0.7029006481170654,0.7697492837905884,0.8982295393943787,0.5203339457511902,0.9999986290931702,0.9999983906745912,0.9999986290931702,0.999998927116394,0.000232471327763,0.0001192481577163,55.60304641723633,0.6673793792724609,0.0693998038768768,0.7631272673606873,0.9409066438674928,0.1134714856743812,0.0755049884319305,2.999183654785156,0.4857152998447418,-0.2764603197574615,0.5727748870849609,0.9253966212272644,0.1119010001420974,0.0751720070838928,1.5389260053634644,0.8747974634170532,0.5673965215682983,0.9292392134666444,0.981671929359436,0.0607145465910434,0.0400834903120994,7.299863815307617,0.7964604496955872,0.3479860424995422,0.8823885917663574,0.9773517847061156,0.0613665357232093,0.0408181510865688,5.429156303405762,0.4079072177410126,-0.3619992733001709,0.4826214015483856,0.8946710824966431,0.111770398914814,0.0746465250849723,0.995595395565033,0.7569516897201538,0.2736636400222778,0.8377895355224609,0.9585581421852112,0.1254794150590896,0.0843619853258133,3.8640694618225098,0.7097859382629395,0.1654240787029266,0.7916154861450195,0.9391693472862244,0.2123951911926269,0.1330220252275467,2.9516594409942627,0.678061306476593,0.1691918224096298,0.7553006410598755,0.9378995895385742,0.2156912982463836,0.1349122524261474,2.8946118354797363,0.7277399301528931,0.1505541205406189,0.8271439075469971,0.9545384645462036,0.190541997551918,0.120478868484497,3.73520565032959,0.7785749435424805,0.262967586517334,0.8676840662956238,0.970012068748474,0.1537597030401229,0.099277414381504,4.591309070587158,0.7609236240386963,0.2252222299575805,0.8591921925544739,0.9713670611381532,0.1389878839254379,0.0954278409481048,4.484588623046875,,,,,,,,,,,,,,,,,,,,,
D2_current_id_l1_s42_l0,Ansari 3DRECON-QT (D-Series),True,True,Stage A 3D Theta Spatial Benchmark,D2_current_id_l1,1lead_clinical_v1,2198.0,1904.0,1000.0,0.801861361695382,0.3424248471911843,0.9630748596804404,0.8305732396158212,0.6797620416762197,0.6925634225498739,-0.08219454468691201,-0.09350524824529974,-0.07155151962778923,0.009950248756218905,-0.1345119750389338,0.030258865838361324,0.0558409956807359,0.6930088636273231,0.23900452269786748,-0.1081027618914342,-0.1404895407186632,-0.0789593045975008,0.009950248756218905,-0.11616399342746969,0.3111380256344454,0.4638278435797742,0.5957712639190577,0.4249472677729046,0.7381715162931454,0.6241950076911231,10.21383075523203,0.563369123188977,0.3173847689627168,-0.45040946314831665,-27.246974181736427,26.34615525543979,0.8564646037844619,0.8207507053852318,0.8935354885253883,0.5145585095820645,0.4899328859060403,0.9760858955588092,0.5983606557377049,0.9633911368015414,0.5387453874538746,4.461637570279242e-61,0.6409919848758812,0.46036105963570084,-0.38890538951068493,-1.9645585742947491,1.1867477952733794,0.7472282783214184,0.7212739207784289,0.7833878819098827,0.30961655094759866,0.049586776859504134,0.995398773006135,0.5714285714285714,0.8943500229673863,0.09125475285171103,-0.9833031866903138,0.919576863485391,8.483934621882696,0.016696813309686233,0.0032860175290099058,-0.8912275519647019,0.8929868243731235,10.701664156660758,0.10877244803529802,0.11055705833967297,,,,9.592799389271727,1.2857135324897258,1.0,0.0,0.0,0.6630328297615051,0.07539110630750656,-0.0032706731742224476,0.4855773150920868,0.07560078799724579,-0.002113373098156622,0.8827461004257202,0.03933263197541237,-0.0022367680243970188,0.8035141229629517,0.04023520275950432,-0.004980297610299579,0.41558676958084106,0.07476542890071869,-0.002616244895267528,0.7544275522232056,0.08434285968542099,-0.003876959489644985,0.6977626085281372,0.13389113545417786,-0.009101523452926336,0.6600168943405151,0.13855411112308502,-0.008254824494976979,-0.5388337090398567,0.5223240600499028,0.7331753969192505,0.11563326418399811,-0.004673657396762945,0.773762047290802,0.10179610550403595,-0.003100706689866464,0.753690779209137,0.09946995228528976,-0.00517129919649469,I,1110000,42.0,10.0,completed,0.7034972159800333,0.3495311826467514,,,,,,,,,,,,,,,,,0.6930890679359436,0.4221657216548919,0.7322118282318115,0.3898103535175323,0.6461418271064758,0.3165707886219024,0.7314349412918091,0.6964733600616455,0.76872718334198,0.8943678140640259,0.5209861397743225,0.9999986290931702,0.9999983906745912,0.9999986290931702,0.999998927116394,0.000232471327763,0.0001192481577163,55.60304641723633,0.6705804467201233,0.078152984380722,0.7568201422691345,0.9384695887565612,0.1138969361782074,0.0756128951907157,2.9747891426086426,0.4829578101634979,-0.3013305068016052,0.5699623227119446,0.9300329685211182,0.112263798713684,0.0755236446857452,1.5291978120803833,0.8790134191513062,0.5915534496307373,0.9303417801856996,0.9814628958702089,0.0601627714931964,0.0398272424936294,7.431965351104736,0.7887369394302368,0.2783843278884887,0.8815978765487671,0.9794086217880248,0.0606427192687988,0.0401729606091976,5.558227062225342,0.4094202816486358,-0.3303669095039367,0.4885455965995788,0.8945388793945312,0.1120584681630134,0.0747986659407615,0.9787511825561525,0.7579681873321533,0.2718516588211059,0.8333379030227661,0.9589073061943054,0.1239465922117233,0.0837659463286399,4.049681663513184,0.7049017548561096,0.1540304273366928,0.7968956828117371,0.9397074580192566,0.2107074409723281,0.132376492023468,3.1025216579437256,0.6670728921890259,0.1364961415529251,0.7442330121994019,0.93499356508255,0.2189495712518692,0.1361385434865951,2.765410661697388,0.7258738279342651,0.133155956864357,0.8196391463279724,0.9521241188049316,0.1931994408369064,0.1213698461651802,3.621706962585449,0.7758885622024536,0.2459704726934433,0.867493748664856,0.9702042937278748,0.1547341793775558,0.099714457988739,4.5299835205078125,0.7615657448768616,0.2399333715438842,0.8602120876312256,0.9715669751167296,0.1396129429340362,0.095742329955101,4.442334175109863,,,,,,,,,,,,,,,,,,,,,
spatial_1lead_cm1_capacity_matched_1000000_s42_l0,Spatial Single-Lead (1000000),True,True,3-Epoch Spatial Architecture Grid,cm1_capacity_matched,1lead_clinical_v1,2198.0,1904.0,1000.0,0.8018469792792869,0.3386161186591333,0.965350571215643,0.8260410974693575,0.6905993177472227,0.702712131094963,-0.08220892710300709,-0.09329683538594463,-0.07080391887334019,0.009950248756218905,-0.1383207035709848,0.028346775605957154,0.05126876576074997,0.7391576567948178,0.2690872966917883,-0.0895555465112774,-0.11737417463709605,-0.05731357139486701,0.009950248756218905,-0.08984677111789827,0.1966779828601687,0.32210760888596995,0.5497244873075011,0.353938488063863,0.6895302963727288,0.6057046774859116,11.34758871701547,0.4287624883895331,0.18383727144998444,1.1656050955414012,-28.833879252729524,31.165089443812327,0.780618144061107,0.7460295425995301,0.8216880577730626,0.3479836574183288,0.37583892617449666,0.977061981454368,0.5436893203883495,0.9556085918854416,0.4444444444444444,3.183360997284015e-42,0.7911737966906276,0.382412277978121,-0.4613438606045266,-2.259203345403804,1.336515624194751,0.704919383460934,0.6793519139802996,0.7303652449936642,0.2752274021082235,0.128099173553719,0.9821063394683026,0.4696969696969697,0.901031894934334,0.2012987012987013,-0.9441936872863372,0.8210689729142534,19.73943910520882,0.0558063127136628,0.015777271812147373,-0.7852882404732541,0.6167330864399976,42.933358417525284,0.21471175952674595,0.10737836665051836,,,,31.33639876136705,15.143055820222846,1.0,0.0,0.0,0.6527717113494873,0.07771559804677963,9.636529340567502e-05,0.4078933894634247,0.07897181063890457,0.004527707245964062,0.862945556640625,0.04309878125786781,0.011751930510063086,0.79131680727005,0.04206690192222595,0.0018248861604892967,0.36586517095565796,0.07739818096160889,0.0002465125317570785,0.7232680320739746,0.08906722813844681,0.009699017061237518,0.675747811794281,0.14086313545703888,0.008692961381499073,0.6508365869522095,0.14491160213947296,0.006400858900249181,-0.538881098409498,0.5516828162099965,0.7144826650619507,0.12199733406305313,-0.0013642630278349684,0.7571945786476135,0.10691789537668228,-0.0022301658428587755,0.741460382938385,0.10249510407447815,-0.0017489197333263662,I,1000000,42.0,10.0,completed,0.6832,,0.2185,,,,,,,,,,,,,,,,0.6658331751823425,-0.0017136750975623,0.7119449774424235,0.1765457838773727,0.6104990184307099,0.0276300832629203,0.7047998011112213,0.6772620677947998,0.7537730634212494,0.7770441174507141,0.4724786579608917,0.9993423819541932,0.9989060759544371,0.9993990063667296,0.999626398086548,0.0061096008867025,0.0036761558149009,28.7703857421875,0.6546334028244019,0.0623052641749382,0.7404648065567017,0.9318785071372986,0.1535039991140365,0.0780963376164436,2.612821578979492,0.3955104947090149,-0.3906455338001251,0.4713209867477417,0.9073501825332642,0.1405478566884994,0.0790303796529769,1.0218714475631714,0.8580150008201599,0.5796038508415222,0.906896948814392,0.9667556881904602,0.0995540171861648,0.0436895117163658,6.129964828491211,0.7770441174507141,0.2414379119873047,0.8765372037887573,0.9727451801300048,0.0749313309788703,0.0421165414154529,5.065672874450684,0.3672920763492584,-0.3545510768890381,0.4428831934928894,0.8509400486946106,0.1437010914087295,0.0776011273264885,0.5821861028671265,0.7276129722595215,0.2451495677232742,0.8013463616371155,0.9430102109909058,0.1729113161563873,0.0883838236331939,3.312762498855591,0.6819866299629211,0.1283732205629348,0.7644424438476562,0.9233558177947998,0.2735352218151092,0.1392830908298492,2.6510114669799805,0.6523171067237854,0.1395315527915954,0.7257230877876282,0.9261101484298706,0.2806345522403717,0.1421854346990585,2.4880075454711914,0.7022070288658142,0.0821147263050079,0.8048527240753174,0.9413855671882628,0.3530068397521972,0.1273219883441925,3.0513405799865723,0.7593934535980225,0.2385213524103164,0.8482915163040161,0.9574115872383118,0.2071311771869659,0.104862205684185,3.819108247756958,0.7481526732444763,0.2255842834711074,0.8439798355102539,0.963634192943573,0.2077350318431854,0.0989819914102554,3.888582468032837,0.6115931712645089,0.2955201281023366,,0.4556618235137297,0.7418303796141983,0.5626988009251687,0.6260545082014125,0.8517825711347483,0.7201628369997246,22.239270987120094,0.4563080033079114,17.275031814711124,0.5302582008637324,9.340245327102805,0.8705127209669488,10.856600536584477,0.8377634564450311,26.78254676469972,0.4797916448904219,27.09570226888476,0.479948433852479
factorial_ecg_aim_1100013_s42,Factorial Baseline,True,False,,,1lead_clinical_v1,2198.0,1904.0,1000.0,0.8007482698623998,0.3311709979934892,0.9629126587723128,0.8238518483185514,0.7194743636993416,0.658942221233268,-0.08330763651989426,-0.09406574812525455,-0.07206152954187309,0.009950248756218905,-0.14576582423662893,0.02961170468802218,0.05433394428001508,0.7559840664287395,0.27573296901830235,-0.06640755678505916,-0.09628004081020845,-0.03887831064543033,0.009950248756218905,-0.08347956816096258,0.16118240510214946,0.25638802061183374,0.5761312336347881,0.39684973265297324,0.7251802618881569,0.6063637063632344,11.308462238398544,0.4908623678363014,0.24094586415786012,-6.134667879890809,-33.54955382992344,21.280218070141824,0.835228184644007,0.8011663238816309,0.8680541656863597,0.3633364155809039,0.2214765100671141,0.9892630551488532,0.6,0.945870275314979,0.3235294117647059,2.9505144765726304e-26,0.9468146499256528,0.4146172956042928,-0.7882019754997485,-2.5280472575724717,0.951643306572975,0.7269600635467897,0.7013896905647214,0.7538032105201408,0.2829591905236267,0.06611570247933884,0.9902862985685071,0.45714285714285713,0.8955154877484974,0.11552346570397112,-0.918389282165774,0.7216225251063871,33.20303963808377,0.081610717834226,0.020059338448092896,-0.7692874272518948,0.5821887439765693,47.79393805276502,0.23071257274810517,0.11137038943720738,,,,40.4984888454244,32.260732035994764,1.0,0.0,0.0,0.6280184388160706,0.08121336996555328,0.005423030641534609,0.34495148062705994,0.08272617310285568,0.0044047306759731715,0.8662316203117371,0.043163616210222244,0.005055727150523636,0.7838051319122314,0.0446622297167778,-0.003203430351181901,0.26094624400138855,0.07987211644649506,0.0019739882768643763,0.68603515625,0.09358469396829605,-0.00871047411731901,0.638329267501831,0.15183506906032562,-0.0061614422205887856,0.4414467513561249,0.16034309566020966,0.008477905528358918,-0.6315577098507467,0.6485135209074645,0.6386157870292664,0.13029001653194427,0.0054025512248294895,0.7457377314567566,0.10982250422239304,0.004156706192876765,0.7353002429008484,0.10408329963684082,0.005695989670894042,,,,,,,,,,,,,,,,,,,,,,,,,,,,,,,,,,,,,,,,,,,,,,,,,,,,,,,,,,,,,,,,,,,,,,,,,,,,,,,,,,,,,,,,,,,,,,,,,,,,,,,,,,,,,,,,,,,,,,,,,,,,,,,,,,,,,,,,,,,
spatial_1lead_t000_exact_theta_1000000_s42_l0,Spatial Single-Lead (1000000),True,True,3-Epoch Spatial Architecture Grid,t000_exact_theta,1lead_clinical_v1,2198.0,1904.0,1000.0,0.8003568338755954,0.3376383488881199,0.9643643653525845,0.8187558561352799,0.6834657015488651,0.7021344669609487,-0.08369907250669861,-0.09658779478225098,-0.07227079819528245,0.009950248756218905,-0.13929847334199824,0.029196979083554158,0.05419740429342081,0.7394442892350803,0.2651626882470363,-0.08503428307363536,-0.11286926113071187,-0.05816010278531609,0.009950248756218905,-0.09335162592339127,0.19178290536152354,0.31193173073123515,0.4857454135385049,0.30003172133503536,0.6043748464914402,0.5528296727890392,12.038216560509554,0.43109673139777555,0.1858443918218454,-2.969972702456779,-34.21993719664382,28.27999179173026,0.7733679221489612,0.730550869243497,0.8195023221251228,0.4694359435011686,0.3624161073825503,0.9804782820888238,0.574468085106383,0.9548479087452472,0.4444444444444444,2.3126965214739568e-42,0.8164947673041133,0.3888375193012916,-0.5367271195253098,-2.315992243146675,1.2425380040960554,0.7090537274586355,0.6834109878728967,0.7348979054350832,0.27719833128713267,0.12396694214876033,0.9897750511247444,0.6,0.9013035381750466,0.2054794520547945,-0.9465460722348618,0.8355341562791396,17.921526526241095,0.05345392776513823,0.01594352090676876,-0.7830332568292823,0.6170246245757123,42.763950208055284,0.2169667431707177,0.11008003086347014,,,,30.34273836714819,15.587077740455575,1.0,0.0,0.0,0.6435980796813965,0.07909499853849411,0.00154386783104487,0.37297049164772034,0.08104512095451355,0.006908545690657674,0.8279659152030945,0.04862234741449356,0.01528639547011055,0.781590461730957,0.04373636469244957,0.0018313929258572444,0.3495781421661377,0.0781169906258583,0.0016181453578482208,0.6966320872306824,0.09319830685853958,0.01654985519656554,0.6703978180885315,0.14389877021312714,0.012654396738406227,0.6424986124038696,0.14768892526626587,0.005623371657666657,-0.5428399419957882,0.5540866853111216,0.7080889344215393,0.1258697807788849,0.009207518754906519,0.7507076263427734,0.11180487275123596,0.012440320669462455,0.7278509140014648,0.10700193792581558,0.008887072315607163,I,1000000,42.0,10.0,completed,0.6686,,0.2246,,,,,,,,,,,,,,,,0.648361325263977,-0.0176489576697349,0.6985919872919718,0.1617305278778076,0.5880845367908478,0.0422007873654365,0.6834540665149689,0.6687553822994232,0.7435665130615234,0.7666419148445129,0.4501263995965321,0.9984685182571412,0.99739670753479,0.998622477054596,0.9991174936294556,0.0105452658608555,0.0072573600336909,23.382343292236328,0.6441860198974609,0.0934979394078254,0.72672438621521,0.9130439162254332,0.1566438674926757,0.0795480459928512,2.444913625717163,0.358210802078247,-0.3622440695762634,0.4288505613803863,0.850249707698822,0.1444741636514663,0.0807413160800933,0.7223065495491028,0.8234015703201294,0.5520838499069214,0.8683384656906128,0.9481399655342102,0.111838661134243,0.0489200949668884,4.967494010925293,0.7666419148445129,0.2457276880741119,0.8574111461639404,0.9630429148674012,0.0771669298410415,0.0435791090130806,4.661456108093262,0.3479823768138885,-0.3180614709854126,0.4087806940078735,0.8299562931060791,0.143616497516632,0.0782924816012382,0.4946314692497253,0.6968843340873718,0.2177016288042068,0.7693718075752258,0.9180142879486084,0.1788158565759658,0.0921495780348777,2.757661819458008,0.6700237989425659,0.0900566130876541,0.7571378946304321,0.9165831804275512,0.2760440707206726,0.1421967595815658,2.5233819484710693,0.6402741074562073,0.1116211339831352,0.7157614231109619,0.91680645942688,0.2831075191497803,0.1451626718044281,2.3390841484069824,0.6972366571426392,0.0852644518017768,0.7962986826896667,0.932953953742981,0.3547664880752563,0.1310435086488723,2.8964757919311523,0.75336754322052,0.2440163046121597,0.8389411568641663,0.9503055810928344,0.2098358422517776,0.1097825318574905,3.5949668884277344,0.7337654829025269,0.2217230349779129,0.8265763521194458,0.9474745988845824,0.210139125585556,0.1034810245037078,3.4862637519836426,0.5488449039819739,0.2763093991401582,,0.3953965809679798,0.6842434635093595,0.520951160864714,0.5667157084385217,0.8125232228405286,0.6850333847255622,24.71197198511709,0.394863385964589,18.77202185792349,0.4698491073567072,11.388665280506649,0.8108089064261556,12.194541397264976,0.7827297068771139,30.808695458493887,0.4053395011923332,27.62496688156849,0.4573001273017409
spatial_1lead_a0_1000000_s42_l0,Spatial Single-Lead (1000000),True,True,3-Epoch Spatial Architecture Grid,a0,1lead_clinical_v1,2198.0,1904.0,1000.0,0.7998754974171384,0.32945160337365814,0.9604992877985198,0.817781292020262,0.7022398083865559,0.6902981171371713,-0.08418036387718997,-0.09530985744806278,-0.07369703767612026,0.009950248756218905,-0.14748516963474606,0.02979926450126636,0.05547959349791177,0.7319220952927608,0.2616678682612209,-0.08554185196965947,-0.10876075928956924,-0.06214488364716032,0.009950248756218905,-0.09651684969498617,0.17963321657578227,0.2912466718043822,0.5426755822415404,0.3627203376511729,0.672595874554286,0.5927105345191621,11.400363967242948,0.48141948005706114,0.2317647157784107,-0.14467697907188354,-29.575141937239344,29.28578797909558,0.8333398842453841,0.793608125019121,0.8775967760915849,0.49573968456789946,0.48322147651006714,0.9814543679843827,0.6545454545454545,0.9631226053639846,0.555984555984556,2.4737129958019482e-64,0.8264610339379831,0.3653275853354677,-0.5539427618678316,-2.348078997382661,1.2401934736469975,0.6944916256823676,0.6699815324149996,0.7216277049287876,0.258984609928643,0.09504132231404959,0.9897750511247444,0.5348837209302325,0.8983758700696056,0.16140350877192983,-0.9532091032506359,0.8353833738918384,18.12352265399852,0.04679089674936412,0.012080367345785025,-0.7888710554836169,0.6175288869690052,43.001243349418736,0.21112894451638312,0.10366079036202502,,,,30.56238300170863,11.787567481333454,1.0,0.0,0.0,0.6440936923027039,0.07861154526472092,-0.007273980499132845,0.3919346034526825,0.07990270107984543,0.002440629167818175,0.8280057907104492,0.04636920243501663,0.013814663895650206,0.7818212509155273,0.043636832386255264,-0.007436896580398516,0.35171231627464294,0.07808618992567062,-0.0028149790792722784,0.6982836723327637,0.09181620180606842,0.011051700749753412,0.6668364405632019,0.1425432711839676,0.008284408963660653,0.6414051651954651,0.1458946019411087,-0.0028164022059181805,-0.5549115911314743,0.5492787867196379,0.7062293887138367,0.12358151376247406,-0.006416533084395428,0.749744176864624,0.10876236855983734,-0.008808677382853035,0.7329553365707397,0.10378799587488174,-0.008555480014005152,I,1000000,42.0,10.0,completed,0.67,,0.2231,,,,,,,,,,,,,,,,0.6516528725624084,-0.004594522062689,0.6995860040187836,0.1640290406843026,0.5941331386566162,0.0549552336335182,0.6835851073265076,0.6690190732479095,0.7461538314819336,0.7676646113395691,0.4591328104337056,0.9988911151885986,0.99771386384964,0.99912428855896,0.9995097517967224,0.0081166708841919,0.0043449932709336,26.7585563659668,0.6442878842353821,0.1129631176590919,0.7273935079574585,0.9086127281188964,0.1557939201593399,0.0790885463356971,2.392190456390381,0.379996657371521,-0.3625192642211914,0.4578939378261566,0.8744070529937744,0.1422576308250427,0.079849474132061,0.838819146156311,0.825602650642395,0.5710673332214355,0.8684700727462769,0.9430824518203736,0.1083774790167808,0.0465453937649726,5.03846549987793,0.7676646113395691,0.2530697882175445,0.8587098717689514,0.963793933391571,0.077434703707695,0.0434437170624733,4.582566261291504,0.3531138896942138,-0.2998048067092895,0.4091252386569977,0.815140962600708,0.1433376967906952,0.0783587843179702,0.4726175665855407,0.6984466314315796,0.2090020328760147,0.772740364074707,0.9165863990783693,0.1789306849241256,0.0911252051591873,2.86722183227539,0.6687235832214355,0.1006741151213646,0.7538408041000366,0.9150415658950806,0.2769609689712524,0.1409710198640823,2.5085339546203613,0.6423174142837524,0.1223871931433677,0.7166028618812561,0.915915548801422,0.2812486886978149,0.1430785655975341,2.361326217651367,0.6957207322120667,0.0832838788628578,0.7929585576057434,0.9326128959655762,0.3541917502880096,0.1291281133890152,2.895810842514038,0.7524272203445435,0.2421292960643768,0.8394292593002319,0.946406900882721,0.2087503969669342,0.1067548692226409,3.599709987640381,0.7398804426193237,0.2266977280378341,0.8317136168479919,0.9528635740280152,0.2097588032484054,0.1003978550434112,3.6209115982055664,0.6057420846764936,0.3008265537293025,,0.4485040364927378,0.7393417203301181,0.5612125135820183,0.6192651524516293,0.8501396955967857,0.7189444213387481,21.751125536593023,0.4564493810538913,17.555613741097613,0.5177082164628445,9.876232101384344,0.8628673581304569,10.784197530864198,0.8348518476937293,26.35465982453236,0.4789876824345306,28.616405059119185,0.4586481730669703
D1_theta_mul_currentloss_s42_l0,Ansari 3DRECON-QT (D-Series),True,True,Stage A 3D Theta Spatial Benchmark,D1_theta_mul_currentloss,1lead_clinical_v1,2198.0,1904.0,1000.0,0.7992859928776651,0.3259636235196471,0.9482586939783535,0.8166712421209325,0.712953656717682,0.6900923694234828,-0.08476991350462892,-0.09603145934349383,-0.0729350616077765,0.009950248756218905,-0.15097319871047105,0.028392920755401847,0.052307085876789894,0.6979244074604488,0.23811790539839617,-0.11541214397225785,-0.1476263983853225,-0.0840867412704447,0.009950248756218905,-0.11760538369271176,0.2593955146148173,0.3967173896961225,0.5496227165329627,0.35281163378129665,0.7063270425638859,0.5897294732537056,10.92356687898089,0.5623408481455225,0.3162272294930248,-0.2502274795268426,-29.032980193327898,28.532525234274214,0.8609634426353009,0.8160594002859815,0.8998015930557456,0.5156584628673456,0.5637583892617449,0.9663250366032211,0.5490196078431373,0.9682151589242054,0.5562913907284768,1.7408726102151747e-67,0.6154819731282798,0.4181029876821942,-0.19998981114188794,-1.8118147582271902,1.4118351359434145,0.7266199361151955,0.7016104502902755,0.7606226387188072,0.31662772442029097,0.028925619834710745,0.9994887525562373,0.875,0.8926940639269406,0.056,-0.9747747591557004,0.8964479922968928,11.039577606265032,0.02522524084429957,0.00576392372952546,-0.8666168795169492,0.8435815374662925,15.704747936134108,0.13338312048305076,0.11328456632470253,,,,13.37216277119957,5.393994588652541,1.0,0.0,0.0,0.6639401912689209,0.07758641242980957,-0.007648326843316453,0.4766094982624054,0.07646504789590836,-0.003750007071115788,0.8766177892684937,0.04130977764725685,0.004078458092676571,0.8029764890670776,0.0412152037024498,-0.0001016430444755641,0.40322738885879517,0.07714025676250458,-0.009379101204688737,0.7519974112510681,0.08558903634548187,-0.006091682032023365,0.6932834386825562,0.1366042047739029,-0.00023530395283105082,0.6621702909469604,0.14036057889461517,0.0006877900308796178,-0.5232934774607645,0.5246690575225237,0.727542519569397,0.11830481886863708,-0.0021792666926918314,0.7695316672325134,0.10468742996454239,-0.004140105883491548,0.7523289918899536,0.10120607912540436,-0.003355893202670313,I,1110000,42.0,10.0,completed,0.7055873809872085,0.357312673330307,,,,,,,,,,,,,,,,,0.6905788779258728,0.4230282604694366,0.7317414879798889,0.4025266170501709,0.6411837935447693,0.3066951930522918,0.7315434217453003,0.6972835063934326,0.7663975954055786,0.8947675228118896,0.5145881175994873,0.9999986290931702,0.9999983906745912,0.9999986290931702,0.999998927116394,0.000232471327763,0.0001192481577163,55.60304641723633,0.6691321730613708,0.0998856574296951,0.7561834454536438,0.937427818775177,0.1161093339323997,0.0777789652347564,2.6647539138793945,0.4702557623386383,-0.297610342502594,0.5571528673171997,0.9261361360549928,0.1131429374217987,0.0763661786913871,1.402121901512146,0.8726184368133545,0.5792936086654663,0.924526035785675,0.9783393740653992,0.0620310194790363,0.0414742156863212,6.9654412269592285,0.7895363569259644,0.3266870081424713,0.8776864409446716,0.9776493310928344,0.0612464733421802,0.0413217656314373,5.399162769317627,0.4043763279914856,-0.3260623812675476,0.4885748326778412,0.8867348432540894,0.1140688508749008,0.0769369304180145,0.7110410332679749,0.7562912702560425,0.281726598739624,0.83323073387146,0.9546704888343812,0.1244968026876449,0.0844984725117683,3.859353542327881,0.7067956328392029,0.1929012537002563,0.7915698885917664,0.9341782331466676,0.2114532887935638,0.1343949437141418,2.917268991470337,0.6723840832710266,0.1670808941125869,0.7477468848228455,0.9288214445114136,0.2166886925697326,0.137421429157257,2.7476327419281006,0.7221829891204834,0.1572418808937072,0.8169832825660706,0.950551450252533,0.1953798234462738,0.1243529394268989,3.340870380401612,0.7736322283744812,0.259154736995697,0.8627181053161621,0.9675511717796326,0.1582668423652649,0.102442517876625,4.141721248626709,0.759162962436676,0.2349402159452438,0.8559454083442688,0.9698214530944824,0.1416198760271072,0.0973615869879722,4.132809162139893,,,,,,,,,,,,,,,,,,,,,
conv15e_B2_hardbasis_nodel_s42_l0,Kill-Gate Ablation Suite (Round 1),True,True,Kill-Gate Ablation Suite (Round 1),B2_hardbasis_nodel,1lead_clinical_v1,2198.0,1904.0,1000.0,0.7991377503737356,0.3253516661537312,0.9641107374469237,0.8307318888150972,0.7073338849634,0.6632232816210352,-0.08491811092059276,-0.0962807428926375,-0.07409175242301716,0.009950248756218905,-0.15158510685467302,0.039364078310348584,0.06835345396084765,0.7215745576362443,0.2553374596304719,-0.08308654705927487,-0.10573498098323496,-0.055543186055858895,0.009950248756218905,-0.10161532054859515,0.22498766289220862,0.35033446889727693,0.571408014804974,0.3705640669931436,0.7304550239408821,0.6132049534808965,10.154686078252958,0.586033372572437,0.3434351137686244,-0.24385805277525022,-26.943384880956852,26.455668775406355,0.8802313127045113,0.8521971869529151,0.9082741424331418,0.5515427281909134,0.5302013422818792,0.9682772083943387,0.5486111111111112,0.9659201557935735,0.5392491467576792,1.0571909834897897e-62,0.7729581475827345,0.3995895215498121,-0.4514341350166878,-2.215997118312718,1.3131288482793426,0.7090748533860636,0.6828186741933862,0.7366435353478058,0.25745688044840886,0.1115702479338843,0.9805725971370143,0.4153846153846154,0.8992030004688233,0.1758957654723127,-0.952339561500698,0.8037448056602007,22.37270873108438,0.047660434132077184,0.010153070240769824,-0.7829474787910331,0.6239717775311653,41.65320780236139,0.21705251870444328,0.11310483985487277,25.217665864398743,-0.9396724444937299,0.780351297957435,32.01295826672289,8.945605474620299,1.0,0.0,0.0,0.6856625080108643,0.07594963163137436,-1.5653491354161633e-05,0.020171573385596275,0.1196305975317955,-1.6391253547657634e-05,-0.6177251935005188,0.15584155917167664,-6.771062925601053e-05,0.294810950756073,0.10121804475784302,-0.0001342071399732968,0.3805478811264038,0.09043285995721817,-0.0004425376479538631,0.7646797895431519,0.08452942222356796,-0.0032347105465122578,0.7175412774085999,0.13331960141658783,-7.543015238854063e-05,0.6955350041389465,0.13775348663330078,0.0019365434574653971,-0.5234440227961922,0.527317109711123,0.7554611563682556,0.11549077928066254,0.0008873231245925639,0.7907373905181885,0.10185211896896362,4.5769348484956456e-05,0.7692795395851135,0.09911859035491943,-0.002529226667496151,I,1110000,42.0,15.0,completed,0.7155786358994106,0.3703106850385666,0.9037298974783524,0.0,0.0,0.0,0.0,0.0,0.0,1.5733084369318575,0.0,0.0,0.0,0.0,0.0,1.573815235747264,0.2284509105062981,0.0101359672961252,,,,,,,,,,,,,,,,,,,,,,,,,,,,,,,,,,,,,,,,,,,,,,,,,,,,,,,,,,,,,,,,,,,,,,,,,,,,,,,,,,,,,,,,,,,,,,,,,,,,,,,,,,,,,,,,,,,,
spatial_1lead_t111_exact_theta_1000000_s42_l0,Spatial Single-Lead (1000000),True,True,3-Epoch Spatial Architecture Grid,t111_exact_theta,1lead_clinical_v1,2198.0,1904.0,1000.0,0.7990508931348046,0.33763996526189094,0.955091885811561,0.8396267497914458,0.6633452821924771,0.6938071596655483,-0.08500501324748944,-0.09540581580076322,-0.07473222625071946,0.009950248756218905,-0.1392968569682272,0.028180947837158837,0.05101871359424294,0.7552300427933656,0.2784605116745224,-0.0638839822584335,-0.08618227268917379,-0.0368246633373417,0.009950248756218905,-0.08092902261817408,0.15920848078864658,0.25420225484808906,0.482713730422236,0.2688117055643081,0.6191027890451116,0.5602266966572884,11.829845313921748,0.4329419851148431,0.18743876247518065,-3.724294813466788,-33.932048526350414,26.48345889941684,0.799623977648288,0.756120951295783,0.8454696677335015,0.42254679030250275,0.3422818791946309,0.9848706686188384,0.6219512195121951,0.9536862003780718,0.44155844155844154,2.330500816205553e-42,0.7957598993434377,0.37396121177201846,-0.41198433097706155,-2.2575609777459644,1.4335923157918415,0.7076847673612873,0.68388309158211,0.7377474015878961,0.27303729782695824,0.15289256198347106,0.9703476482617587,0.3894736842105263,0.9025202092249168,0.2195845697329377,-0.9610341781905121,0.8681790100710723,14.175221626082813,0.03896582180948793,0.01071119312953037,-0.7828060312092315,0.6187176246733311,42.47998121753252,0.21719396879076852,0.11104811353829587,,,,28.327601421807664,17.43027781695555,1.0,0.0,0.0,0.6393347978591919,0.07941208779811859,-0.003239855267690084,0.3798033893108368,0.07992138713598251,-0.003267569699282684,0.8688430190086365,0.04224885627627373,-0.004557687082291044,0.78383868932724,0.042717404663562775,-0.004050277320798527,0.3402004539966583,0.07900547981262207,-0.00602689317210792,0.6993719339370728,0.09372100979089737,-0.007851890185292242,0.6396393179893494,0.1446731835603714,-0.006163010328456271,0.627129852771759,0.14861410856246948,-0.0049394506811005785,-0.5635329016047362,0.5536540002425351,0.6918054223060608,0.12584999203681946,-0.001989958831942183,0.749304473400116,0.10830989480018616,-0.004366400790312732,0.7344553470611572,0.1038249135017395,-0.0009707128490356559,I,1000000,42.0,10.0,completed,0.6717,,0.2274,,,,,,,,,,,,,,,,0.6538188457489014,-0.0791880264878273,0.7012592057387034,0.1389523341010014,0.5968904554843902,-0.0089970640838146,0.6931425034999847,0.6605928540229797,0.7500422596931458,0.7726922035217285,0.4483799437681834,0.9997996091842652,0.9996997714042664,0.9998016357421876,0.999889612197876,0.0036301298532634,0.0019963709637522,32.71552276611328,0.6453125476837158,0.0523286052048206,0.7363115549087524,0.9300199151039124,0.154929831624031,0.0793932303786277,2.4776711463928223,0.3607650697231293,-0.4790151715278625,0.4374702572822571,0.9078933000564576,0.1435762494802475,0.0798556059598922,0.9180411100387572,0.8666202425956726,0.5673396587371826,0.9221038818359376,0.978160560131073,0.0913040712475776,0.0422704368829727,6.766959190368652,0.7726922035217285,0.2157662063837051,0.8744061589241028,0.9761787056922911,0.0743246078491211,0.042191132903099,5.068652629852295,0.3390622138977051,-0.4014046192169189,0.4037647843360901,0.8493956327438354,0.1485766619443893,0.0790595859289169,0.4161266982555389,0.7247710824012756,0.215439572930336,0.8082084059715271,0.9530007243156432,0.1808238625526428,0.0894737392663955,3.340150594711304,0.6615139245986938,0.0606571026146411,0.7575921416282654,0.9213430285453796,0.2861157357692718,0.1433381736278534,2.448674440383911,0.6301678419113159,0.0888119637966156,0.7099629640579224,0.919352889060974,0.2893953025341034,0.1461838334798813,2.296931743621826,0.6910178661346436,0.0418570712208747,0.7959510087966919,0.9462550282478333,0.355393499135971,0.1293480992317199,2.975125312805176,0.754930317401886,0.2169573158025741,0.8468935489654541,0.9636849761009216,0.2095492333173751,0.1056936010718345,3.795099973678589,0.7451542019844055,0.2099909782409668,0.8446443676948547,0.9662327170372008,0.2099445015192031,0.0995718240737915,3.845932960510254,0.6151439669409703,0.2474656235982133,,0.4636361634445799,0.7486590522705118,0.5607463169582872,0.6335401857705402,0.8562664646357794,0.7185617686429868,22.450326504162305,0.4554322355633867,17.05228497305927,0.5374289295380648,9.240883391579604,0.8800512594054948,10.15960774986736,0.8535037362218701,26.73525679695463,0.4719823849648046,28.10817991240997,0.4610423384999479
conv15e_B1_hardbasis_s42_l0,Kill-Gate Ablation Suite (Round 1),True,True,Kill-Gate Ablation Suite (Round 1),B1_hardbasis,1lead_clinical_v1,2198.0,1904.0,1000.0,0.798618444049293,0.34117579641230356,0.9786206544252272,0.8224242997984255,0.7053373639681931,0.6584118746585679,-0.08543741724503529,-0.0962728704862809,-0.07052605011039906,0.009950248756218905,-0.13576097659610065,0.03875225263195124,0.06597625582050744,0.6824274728657245,0.2281623871438307,-0.10410831531334708,-0.14625550083530053,-0.0643820879266786,0.009950248756218905,-0.12661194947533563,0.19477708480256709,0.3090072944475493,0.6622718625932918,0.5112648567462229,0.785822891637125,0.6897278393965276,10.089171974522293,0.6454576018642865,0.41661551580439476,0.10373066424021839,-27.098068613981134,27.30552994246157,0.9324944890452374,0.9112804403228653,0.9545548308790794,0.6119567480664213,0.6778523489932886,0.9648609077598829,0.5838150289017341,0.9762962962962963,0.6273291925465838,1.0770668990001583e-88,0.7227551719890712,0.44006535247456013,-0.3849411341848972,-2.086689434115633,1.3168071657458387,0.7328964491541178,0.6976865126544416,0.7649502534216736,0.28696178698307734,0.1446280991735537,0.9815950920245399,0.49295774647887325,0.9026798307475318,0.22364217252396165,-0.9350646270476105,0.8188525212912685,19.76404015975482,0.06493537885285558,0.021334726351114327,-0.7664725472472694,0.6281126148141282,40.236512477869304,0.23352745151847862,0.13553626633857044,21.562514139863595,-0.9172864677502616,0.8011959908391028,30.000276318812062,9.704883325182822,1.0,0.0,0.0,0.7019864916801453,0.07339315116405487,0.00014072839076161592,0.01664014346897602,0.13816241919994354,-0.0024399814642761097,-0.37106749415397644,0.1696094423532486,-0.002451435134228296,0.22926898300647736,0.11988797038793564,-0.0013686237796756429,0.25426802039146423,0.12475122511386871,-0.0019107247430523889,0.7862721681594849,0.08061540126800537,-0.0012084653761950093,0.762703537940979,0.12040478736162186,0.00126463050002199,0.7348564267158508,0.1268628090620041,-0.00021312058845821235,-0.5037574056976862,0.5033311645207698,0.7765425443649292,0.11023996025323868,-0.0016329410155358297,0.8000451326370239,0.09897219389677048,-0.003172951092175293,0.7781083583831787,0.09690708667039871,-0.0033129713508441294,I,1110000,42.0,15.0,completed,0.741424595159822,0.3953057259321212,0.8418253081432288,0.8295062184333801,0.7746394872665405,0.882082998752594,0.8317962884902954,0.906177818775177,0.8648610588754536,1.418120524947471,0.0,0.189931241432923,0.137744056259258,0.0,0.0,1.677364915718793,0.5034713544489559,0.0088224759259269,,,,,,,,,,,,,,,,,,,,,,,,,,,,,,,,,,,,,,,,,,,,,,,,,,,,,,,,,,,,,,,,,,,,,,,,,,,,,,,,,,,,,,,,,,,,,,,,,,,,,,,,,,,,,,,,,,,,
spatial_1lead_pg1_permuted_geometry_1000000_s42_l0,Spatial Single-Lead (1000000),True,True,3-Epoch Spatial Architecture Grid,pg1_permuted_geometry,1lead_clinical_v1,2198.0,1904.0,1000.0,0.7974289475777714,0.33855480287032497,0.9552342425749667,0.8180145049918801,0.6803278145154867,0.6916477120056518,-0.08662695880452265,-0.09905368627576033,-0.07501553383947045,0.009950248756218905,-0.13838201935979316,0.0282313271119041,0.05057766938869535,0.7357257828154111,0.2714814485759975,-0.08614665477329542,-0.11649637681175622,-0.05485191498572263,0.009950248756218905,-0.08729936946851863,0.19002099166927325,0.3112704179881451,0.5640894547077656,0.39287036596725905,0.694244227065948,0.6051537710900895,10.797998180163786,0.4615381820232065,0.2130174934652863,-1.9153776160145586,-30.56300433093263,26.73224909890351,0.7828962237267484,0.7392442861160871,0.8108053335521272,0.43107193900316926,0.3691275167785235,0.9887750122010737,0.7051282051282052,0.9556603773584905,0.4845814977973568,1.3320978278650962e-50,0.7846057642661408,0.3970220709957586,-0.43527523546841496,-2.2298214471511577,1.3592709762143276,0.7164076627963968,0.6905428223707385,0.742354332869791,0.27985925232473824,0.1487603305785124,0.9759713701431493,0.43373493975903615,0.9026004728132387,0.22153846153846155,-0.9513775952023097,0.8191916467106337,20.213806905000187,0.048622404797690345,0.011695661691084948,-0.7582280310546472,0.5488923331662214,53.09437872567157,0.24177196894535283,0.11009392817209455,,,,36.65409281533588,16.400608551143495,1.0,0.0,0.0,0.6545233726501465,0.07750541716814041,-0.0013649771805713563,0.41009461879730225,0.07869351655244827,-0.0022796958287268805,0.8730261325836182,0.04128643497824669,0.0025904755250639048,0.79270339012146,0.04271054267883301,0.0067917866898055635,0.3589228093624115,0.07766708731651306,-0.0005356462627764358,0.7355211973190308,0.08811080455780029,-0.0038071061930595195,0.6802957057952881,0.14036443829536438,0.0015220475482244794,0.6514186859130859,0.1442953199148178,0.002052133029625331,-0.5426498436673906,0.5467541097266413,0.7159674763679504,0.12145368754863739,-0.00020387162331274658,0.7610253095626831,0.10620495676994324,0.0009752823650780679,0.7467008829116821,0.1021600216627121,0.001286075773746635,I,1000000,42.0,10.0,completed,0.6869,,0.2185,,,,,,,,,,,,,,,,0.6686844825744629,-0.0267992001026868,0.7161861062049866,0.173176302264134,0.6116825759410858,0.0249931618571281,0.7106596529483795,0.6779656708240509,0.7599329948425293,0.7793130874633789,0.4697949588298797,0.9990719556808472,0.9981116652488708,0.999198079109192,0.999563694000244,0.0079550975933671,0.0043891100212931,27.168664932250977,0.6570260524749756,0.0924219712615013,0.7439948320388794,0.9339486956596376,0.1544145047664642,0.0778992399573326,2.641907930374145,0.3919347524642944,-0.4285587668418884,0.484257698059082,0.9140064120292664,0.1443420499563217,0.0792073905467987,1.0509228706359863,0.8697149157524109,0.5742320418357849,0.9228432774543762,0.9790028929710388,0.0970780402421951,0.0417403802275657,6.92023229598999,0.7793130874633789,0.250551700592041,0.8762038946151733,0.9744026064872742,0.0754084140062332,0.0427375622093677,5.046344757080078,0.3604240715503692,-0.3636811375617981,0.4321848750114441,0.8486109375953674,0.1458637118339538,0.0779743865132331,0.5357906818389893,0.7381657361984253,0.2524949610233307,0.8150604963302612,0.9522508978843688,0.1703267842531204,0.0876019075512886,3.5178067684173584,0.6831535696983337,0.1156016588211059,0.7701178789138794,0.9275431632995604,0.2737449109554291,0.1393533796072006,2.6764698028564453,0.6507439613342285,0.1369805186986923,0.7260535359382629,0.9267761707305908,0.2803969085216522,0.1421164721250534,2.4866886138916016,0.7051873803138733,0.0759754553437233,0.8098521828651428,0.9478052258491516,0.3523167073726654,0.1267314404249191,3.132352590560913,0.7657865881919861,0.2385146170854568,0.8577460646629333,0.9666149616241456,0.2064106315374374,0.1040151044726371,3.98656964302063,0.7540794014930725,0.2194906026124954,0.8515802025794983,0.9676784873008728,0.2079085260629654,0.0987022519111633,3.9510421752929688,0.6299133967884326,0.2901529343900468,,0.4693371388350472,0.7503953474476688,0.5740152616919925,0.6388420008319637,0.8574009849167554,0.7293642897400539,22.28047443436659,0.4667740046838407,16.61766171633609,0.545777224824356,9.32936906043084,0.8781154095526259,10.182405312705248,0.853390966068727,26.1688081706614,0.4907601085622418,26.78025837458153,0.4869742596850312
factorial_ecg_aim_1100111_s42,Factorial Baseline,True,False,,,1lead_clinical_v1,2198.0,1904.0,1000.0,0.7967714173162198,0.3219353438699412,0.9583155142093087,0.8225777954836534,0.7169940137121535,0.658456343843432,-0.08728448906607422,-0.09882560494379117,-0.07777689562316228,0.009950248756218905,-0.15500147836017691,0.03271532573781135,0.05910193252295769,0.7542233749045746,0.27798696612347734,-0.06956628019456834,-0.09845176719577958,-0.04178543246656343,0.009950248756218905,-0.0814353390423097,0.18217708625027576,0.2970435272078806,0.5788924185020421,0.3981649572006788,0.7162644880530564,0.6222478102523908,10.688808007279345,0.5621849428726949,0.31605190999277427,-2.5577797998180163,-30.127093367938883,25.011533768302854,0.8885968273932939,0.8512570558062178,0.9196250604453314,0.5207795991801205,0.47651006711409394,0.9755978526110298,0.5867768595041323,0.9624458353394318,0.5259259259259259,2.6641656874724042e-58,0.9363860514920012,0.3896521298389488,-0.7479387361071563,-2.536636564833173,1.0407590926188603,0.7132408862749074,0.689294537839157,0.7389887239303997,0.2545251548576253,0.0743801652892562,0.9902862985685071,0.4864864864864865,0.8963442850532161,0.12903225806451613,-0.9198289224930973,0.7683941687915804,26.145051972803124,0.08017107750690262,0.024583626722397035,-0.7679395826496281,0.589812524098219,46.398295784089214,0.2320604173503719,0.11606467184445499,,,,36.271673878446165,28.58684890521513,1.0,0.0,0.0,0.6158838272094727,0.08041879534721375,-0.0010008391318585823,0.2984148859977722,0.0844615176320076,0.0013580539276138827,0.864837646484375,0.04327915981411934,0.004475749306934597,0.7632630467414856,0.04532056674361229,0.0015435183265670681,0.24953648447990417,0.08001824468374252,-0.0013320768083086789,0.6883826851844788,0.09460035711526871,0.0032458016934371597,0.38352882862091064,0.1592889130115509,0.0019007498235349934,0.4362412691116333,0.15984125435352325,0.0015269187775346902,-0.6335339072767769,0.6365877448318462,0.6052895188331604,0.13231317698955536,0.0010189248352413308,0.7369877696037292,0.10938932746648788,2.210614443792032e-05,0.7331944704055786,0.10357470065355301,0.0006029590968615123,,,,,,,,,,,,,,,,,,,,,,,,,,,,,,,,,,,,,,,,,,,,,,,,,,,,,,,,,,,,,,,,,,,,,,,,,,,,,,,,,,,,,,,,,,,,,,,,,,,,,,,,,,,,,,,,,,,,,,,,,,,,,,,,,,,,,,,,,,,
D0_current_id_currentloss_s42_l0,Ansari 3DRECON-QT (D-Series),True,True,Stage A 3D Theta Spatial Benchmark,D0_current_id_currentloss,1lead_clinical_v1,2198.0,1904.0,1000.0,0.7964786551231915,0.32461253546442337,0.9541428269899743,0.8190584539697056,0.6766787219814955,0.69506887409685,-0.08757720617113685,-0.09762619382076894,-0.07519689797675595,0.009950248756218905,-0.15232423754398083,0.028296924482729018,0.05160443347905783,0.6643367827523368,0.2291338402590144,-0.1422345340896306,-0.1855034617609957,-0.09896656115434171,0.009950248756218905,-0.12246917837836696,0.38346291972151536,0.5213617408353215,0.5543226320313376,0.3657475103374312,0.7112413214325473,0.5859790643240342,10.317561419472247,0.5650371696409728,0.3192670030758815,0.12465878070973613,-27.042454517455354,27.29177207887483,0.8805080887386546,0.8497146791424572,0.9108571646162389,0.5451915294703178,0.5234899328859061,0.974621766715471,0.6,0.9656673114119922,0.5591397849462365,4.5172915880987834e-66,0.656915520189891,0.4435357416628162,-0.4158298045640864,-2.010820313697365,1.1791607045691919,0.7405102333992463,0.7127914723343127,0.779152119285935,0.3074401220169253,0.012396694214876033,0.9994887525562373,0.75,0.8910665451230629,0.024390243902439025,-0.9831809005135619,0.9242778576122372,7.94759577946083,0.016819099486438085,0.003559342147285241,-0.8997852218840506,0.9064650927757342,9.358413214707742,0.10021477811594941,0.10731521672956795,,,,8.653004497084286,2.2838171540542755,1.0,0.0,0.0,0.6438059210777283,0.07731331884860992,-0.0024070466854896697,0.43890145421028137,0.07875222712755203,-0.0002705056353506453,0.8707466721534729,0.04328040033578873,0.005677380802154553,0.7632365822792053,0.044167883694171906,-0.007477539114063254,0.3841860890388489,0.07684259861707687,-0.003045349039829448,0.7438095808029175,0.08699873089790344,0.0023781970060438896,0.6861493587493896,0.13832341134548187,-0.004196762315415269,0.6609845757484436,0.14157041907310486,-0.005068820015685904,-0.5365220381052891,0.5263843980739173,0.7219172120094299,0.11840976029634476,-0.0018069593018295686,0.7577130198478699,0.104359470307827,-0.001618866625676395,0.7439526915550232,0.1013316810131073,-0.0018520469364573795,I,1110000,42.0,10.0,completed,0.6936497642945343,0.3387956202030182,,,,,,,,,,,,,,,,,0.6748064756393433,0.3954897820949554,0.7226675748825073,0.3850009143352508,0.6173731684684753,0.2964175939559936,0.7191087007522583,0.6903536915779114,0.7585402131080627,0.8723598718643188,0.4917452335357666,0.9999986290931702,0.9999983906745912,0.9999986290931702,0.999998927116394,0.000232471327763,0.0001192481577163,55.60304641723633,0.6551644802093506,0.0455683432519435,0.7466083765029907,0.9398791790008544,0.11609748005867,0.0772258043289184,2.7556843757629395,0.4337562918663025,-0.3543116152286529,0.5241420269012451,0.9142627120018004,0.1157522797584533,0.0780081301927566,1.1833415031433103,0.8669089078903198,0.5682331919670105,0.92186439037323,0.9739707708358764,0.0648665651679039,0.0436987020075321,6.685194969177246,0.7447211742401123,0.1222541555762291,0.8603278398513794,0.9705228209495544,0.0666038393974304,0.0439807213842868,4.650963306427002,0.3863148987293243,-0.384384423494339,0.4703702926635742,0.8938153982162476,0.1143896281719207,0.07660523802042,0.739651620388031,0.7438386678695679,0.2458489090204239,0.8212904334068298,0.9559535384178162,0.1277595609426498,0.0865479111671447,3.740829944610596,0.6943787336349487,0.1524453312158584,0.78303062915802,0.9300698041915894,0.2149383723735809,0.1370066255331039,2.877971172332764,0.6655488610267639,0.1415105015039444,0.7419082522392273,0.927670121192932,0.2196682691574096,0.1392164379358291,2.728841543197632,0.7151585221290588,0.0987319648265838,0.8126981854438782,0.9499481320381165,0.1956607401371002,0.1240264028310775,3.463252305984497,0.763298749923706,0.2313883006572723,0.8587315678596497,0.9691227078437804,0.1579112112522125,0.101880669593811,4.2803826332092285,0.7537816762924194,0.2135476320981979,0.8521717190742493,0.9698525071144104,0.1411420851945877,0.097132883965969,4.270913600921631,,,,,,,,,,,,,,,,,,,,,
conv15e_B3_hardbasis_adaptive_s42_l0,Kill-Gate Ablation Suite (Round 1),True,True,Kill-Gate Ablation Suite (Round 1),B3_hardbasis_adaptive,1lead_clinical_v1,2198.0,1904.0,1000.0,0.7951055676569865,0.33809738421633834,0.9746131221188624,0.823730645205537,0.7009284908236866,0.6484869251131085,-0.08895029363734186,-0.10072819471137144,-0.07494780842078337,0.009950248756218905,-0.13883938879206587,0.040035569195165786,0.06710553845127372,0.67857289889995,0.22985725490098846,-0.10947868213000322,-0.14839288293121938,-0.06744467476896723,0.009950248756218905,-0.1253420678028379,0.2051072670997517,0.3254406286729499,0.6651957633831321,0.5117725621663608,0.7898129078550674,0.694001820127968,10.13739763421292,0.6431693871948162,0.41366686062455554,-0.13557779799818018,-27.435269992003548,27.164114396007186,0.9218410683227372,0.8971898021038548,0.9401630666477191,0.6215698106302595,0.6845637583892618,0.9594924353343094,0.5513513513513514,0.9766517635370094,0.6107784431137725,3.354085716291674e-86,0.7018146041689188,0.45763394995257917,-0.3566639925860838,-2.0311913141362794,1.317863328964112,0.7316310061011678,0.6970438428490442,0.7629424559137109,0.320195362670068,0.16942148760330578,0.9790388548057259,0.5,0.9050094517958412,0.25308641975308643,-0.9310030952757402,0.8109030406763548,20.68845648454274,0.06899690957736848,0.023010771903653283,-0.7491224591898712,0.6053216875583461,42.88397722028156,0.2508775430786785,0.1467670402760622,22.756287650627836,-0.9137517447783503,0.7913646866334954,31.78621685241215,8.937452550267166,1.0,0.0,0.0,0.7054365873336792,0.07242896407842636,-0.00017527526710206192,0.009584730491042137,0.1417471319437027,-0.0034121274347198075,-0.4820415675640106,0.16902264952659607,-0.0034022278834943535,0.33393973112106323,0.1083325445652008,-0.0017812710279944616,0.2620636820793152,0.12311486899852753,-0.002937298197051112,0.7852152585983276,0.0806170403957367,-0.0012148602480906894,0.7616053223609924,0.1203070804476738,-0.00020658518002280798,0.7353891134262085,0.1264447271823883,-0.00034591434770712043,-0.5018371032246792,0.5011452745292649,0.7781066298484802,0.10943250358104706,-0.002567645450871693,0.8006641864776611,0.09881363809108734,-0.0020040777793562926,0.7777212858200073,0.09697307646274567,-0.0023702230977773737,I,1110000,42.0,15.0,completed,0.743079550253706,0.4016203582286834,-3.2286502934884336,0.8375635147094727,0.7940155863761902,0.8825682997703552,0.8361067771911621,0.9111809134483336,0.8717478778524971,-2.727049807002232,0.0,0.1867039576811189,0.1351983957220612,0.0,0.0,-2.4723129853916284,0.6026116102897406,0.0086733095836341,,,,,,,,,,,,,,,,,,,,,,,,,,,,,,,,,,,,,,,,,,,,,,,,,,,,,,,,,,,,,,,,,,,,,,,,,,,,,,,,,,,,,,,,,,,,,,,,,,,,,,,,,,,,,,,,,,,,
conv15e_B4_hardbasis_l1_s42_l0,Kill-Gate Ablation Suite (Round 1),True,True,Kill-Gate Ablation Suite (Round 1),B4_hardbasis_l1,1lead_clinical_v1,2198.0,1904.0,1000.0,0.7892985748063129,0.31290173955249706,0.9621652288346846,0.8221957338636571,0.696434497024429,0.6564255265196174,-0.0947572864880154,-0.10479894634627704,-0.08441339957427144,0.009950248756218905,-0.16403503345590714,0.036272251669829565,0.06778197502053257,0.7275540177223399,0.2489194518015257,-0.0673348342315232,-0.09294394089146212,-0.044540999451234485,0.009950248756218905,-0.1074730143247333,0.20781951538426455,0.3274401848004199,0.6068193768305146,0.43471700208517305,0.744548211056906,0.6411929173494646,9.724294813466788,0.5712102512318094,0.32628115111230627,-1.5423111919927206,-27.716219928703676,24.631597544718236,0.8662221872840246,0.8345617186965912,0.9169529676456758,0.5223232840877321,0.5100671140939598,0.9799902391410444,0.6495726495726496,0.9649207111965401,0.5714285714285714,4.831350262596938e-68,0.7487708711157721,0.38729043251788703,-0.33510956846116563,-2.1242956028071553,1.4540764658848242,0.7025680677381737,0.6781320330171975,0.7332664229034129,0.26480828812946067,0.128099173553719,0.9754601226993865,0.3924050632911392,0.9004247286455875,0.19314641744548286,-0.9524590498837374,0.7547278396777143,29.70757864725196,0.04754095265231829,0.007607965209853659,-0.7679934922282694,0.568972225673603,50.06435713683518,0.2320065091256387,0.10751564888779826,33.87784209449332,-0.9321795448276259,0.7222438890372213,39.88596789204357,10.783197055555421,1.0,0.0,0.0,0.6720839142799377,0.07560396194458008,-0.0017749340021626923,0.03318871930241585,0.1379380077123642,-0.002522627005491649,-0.44324052333831787,0.16193579137325287,-0.002571192417813622,0.17267876863479614,0.11865776032209396,-0.0013299438364768397,0.10665721446275711,0.12263170629739761,-0.0023330770389934394,0.7431531548500061,0.08552128821611404,0.00019782886446316684,0.6938450932502747,0.1336502581834793,-0.0015131791368242099,0.6695863008499146,0.13839192688465118,-0.0011418709244461129,-0.5407706475056571,0.5384869056567649,0.7281193137168884,0.11803136765956879,-0.0016624835185801263,0.7724083065986633,0.10347222536802292,-0.002907866054906764,0.7565466165542603,0.10043943673372269,-0.00219520615549479,I,1110000,42.0,15.0,completed,0.6992380020878032,0.3322835028171539,0.0816229431741479,0.7317068576812744,0.6086577773094177,0.8762836456298828,0.7101791501045227,0.8404409289360046,0.7135544736055266,0.0988855287523865,0.0,0.233019401058281,0.1741591379721278,0.0,0.0,0.4195160505748291,0.0996779956726067,0.0106310637977266,,,,,,,,,,,,,,,,,,,,,,,,,,,,,,,,,,,,,,,,,,,,,,,,,,,,,,,,,,,,,,,,,,,,,,,,,,,,,,,,,,,,,,,,,,,,,,,,,,,,,,,,,,,,,,,,,,,,
conv15e_C1_E1_morlet_mag_morlet_phase_s42_l0,Kill-Gate Ablation Suite (Round 1),True,True,15-Epoch Convergence,C1_E1_morlet_mag_morlet_phase,1lead_clinical_v1,2198.0,1904.0,1000.0,0.7835642885148881,0.30577159663311243,0.9649966811783095,0.8160074870323427,0.644480884498815,0.6438374044815878,-0.1004916178674059,-0.11340964416201618,-0.08755935558661965,0.009950248756218905,-0.1711652255970057,0.031352897535184665,0.05972886919012802,0.6881704978193048,0.22769477479992287,-0.10535690182466917,-0.16003253966229802,-0.055527163994667644,0.009950248756218905,-0.12695324905574862,0.3219886709568543,0.4664619995562825,0.5298378844400673,0.3638707511873065,0.6725124856622867,0.5531304164706085,11.656050955414013,0.43815256578255674,0.1919776709018375,-2.535031847133758,-32.92301827287705,27.852954578609538,0.8025358580548377,0.76080910481544,0.8430936272510273,0.4602264131997689,0.3825503355704698,0.9853587115666179,0.6551724137931034,0.9564187588820464,0.4830508474576271,1.0840718536667139e-49,0.8395423612559894,0.29352192248726433,-0.5049986566490645,-2.400677006406713,1.3906796931085839,0.6595387787523872,0.6306634316108105,0.6926194754981458,0.2129464030948781,0.1115702479338843,0.9775051124744376,0.38028169014084506,0.8989186647860837,0.17252396166134185,-0.910251969888784,0.6496345627103299,45.49187305140891,0.08974803011121599,0.017705820941240274,-0.7107855355741974,0.39804982411801215,84.76571685588942,0.28921446442580256,0.09867788094037486,,,,65.12879495364916,13.071319654004688,1.0,0.0,0.0,0.6137606501579285,0.09276574105024338,0.022419604885708322,-0.017169835045933723,0.11875367164611816,0.03516875653425411,-0.5865432024002075,0.13360396027565002,0.03465944926259841,0.5095491409301758,0.08850276470184326,0.026641925750723737,0.3537607192993164,0.0968984067440033,0.02871968316945624,-0.009402421303093433,0.1261947602033615,0.031991973284911476,0.45527902245521545,0.16175323724746704,0.04747985413159593,0.5717616677284241,0.1605406552553177,0.04812129688966323,-0.5368709508961738,0.6331135446755003,0.6935521364212036,0.13229666650295258,0.03755919986661413,0.7558074593544006,0.11119464784860611,0.018079088521745456,0.7232800126075745,0.11353716254234314,0.02002831899023211,I,1110000,42.0,15.0,completed,0.7448087907078421,0.3972105979919433,0.8461834192276001,0.8233032822608948,0.76735919713974,0.8796874284744263,0.8228633403778076,0.902395486831665,0.8520411993966158,1.5249493367231317,0.1570628019120439,0.2006106619224991,0.1462641534198308,0.0,0.0,1.8066450468329496,6.1296921942925655,0.0019965849446785,0.7448165717624738,0.3970144778490067,0.7724725867305081,0.2741650941471259,0.6939744045533164,0.1878534349799156,0.7784929669928392,0.7490596143531538,0.789865178845531,0.8302538638854874,0.5817449857450746,0.9999792074261594,0.9999545872211456,0.9999848008155824,0.9999901056289672,0.0026965044645899,0.0011494458909461,41.10885368133978,0.7099873887635665,0.1831135928630829,0.7934452891349792,0.9520960986614228,0.1426618398719494,0.0722665610649391,3.4360529558576163,0.5438308084839936,-0.149603410065174,0.6297857761383057,0.9406498312950134,0.1367608400943547,0.0726386578574408,1.8977416389384163,0.8943832016458707,0.6406233310699463,0.9405091404914856,0.9855991184711456,0.073557546327785,0.0375289576620023,7.981914763611051,0.8302538638854874,0.4466921329498291,0.9006181359291077,0.984873765707016,0.0677997770444144,0.0372335800134836,6.369242372155528,0.491416759987664,-0.181558471918106,0.5730158686637878,0.9093953311443328,0.1396963069212065,0.0717754377614479,1.3908631512095837,0.7872052411023511,0.3078891724348068,0.8671438694000244,0.9703681349754334,0.1681261442534933,0.0798766881362306,4.461330295934994,0.7697806928833273,0.3017573416233063,0.8524245619773865,0.965553706884384,0.2536949211278391,0.1198874757084628,3.959455884324875,0.7346127660760222,0.254195237159729,0.8114858865737915,0.9585112273693084,0.264514950248688,0.1265297127009612,3.5251456663874072,0.7635064626302855,0.201204077899456,0.8628374934196472,0.9701204001903534,0.3448890943156166,0.1170234695338037,4.013510337961216,0.7993878368667975,0.3034797191619873,0.8871498107910156,0.9784356534481048,0.2007144886001344,0.0976267110853295,4.73495415256382,0.7803425208242645,0.2764650166034698,0.8773671388626099,0.9777743518352509,0.203004114320302,0.093795692750376,4.69167306930437,0.7164188386523195,0.4696914252136878,,,,,,,,,,,,,,,,,,,
factorial_ecg_aim_1101113_s42,Factorial Baseline,True,False,,,1lead_clinical_v1,2198.0,1904.0,1000.0,0.7537372915734235,0.2841299456020026,0.9683870699444714,0.7882945968697044,0.6909035597287003,0.5406902988460286,-0.13031861480887053,-0.14238347805413537,-0.1167297380394815,0.009950248756218905,-0.19280687662811552,0.043085641492939086,0.0856385448426866,0.742517319903093,0.27084485424625576,-0.04898420536209214,-0.07281202394218601,-0.03059517034796415,0.009950248756218905,-0.08405830362962441,0.27402335365885727,0.43022153167178234,0.12027206119220889,0.06274982264742084,0.1458571709577335,0.1522091899714723,22.13972602739726,0.14024276843023156,0.019668034096975585,-2.453881278538813,-55.93565335622281,51.027890799145176,0.6411927960040644,0.6007948417932372,0.6873171427304834,0.12269769162419734,0.3288590604026846,0.8495835374816266,0.13764044943820225,0.945474372955289,0.19405940594059407,2.0565568775045258e-07,1.6363149915954895,0.38242049039304393,-1.6322038898683469,-3.271632948988529,0.0072251692518350286,0.7138091737227265,0.6871874036646485,0.7440766445438642,0.27962140339055586,0.0,1.0,0.0,0.8898999090081893,0.0,-0.9375258770225366,0.8965063269914825,10.537051808277393,0.062474122977463346,0.03704087325404529,-0.8968569967229402,0.8914699690138311,10.856258403636241,0.10314300327705987,0.09799396626422824,,,,10.696655105956818,24.99930960349509,1.0,0.0,0.0,0.4555625319480896,0.08770136535167694,-0.009778995831012324,0.18934398889541626,0.08779163658618927,-0.0072447404590748185,0.6438735127449036,0.05969684571027756,-0.0055888818378815016,0.6307828426361084,0.05881959944963455,-0.00742072238281778,0.12256071716547012,0.08700243383646011,-0.008330857513905028,0.5188913941383362,0.10323455184698105,-0.0102367709269115,0.4339524209499359,0.1666194498538971,-0.009642943072263748,0.2067703902721405,0.18811465799808502,-0.012188033231135686,-0.7262250057284553,0.7018489392661839,0.3505435287952423,0.15827485918998718,-0.01586691545430278,0.4809812009334564,0.13092100620269775,-0.015803460360850986,0.5235773324966431,0.11753372102975845,-0.01378443010365922,,,,,,,,,,,,,,,,,,,,,,,,,,,,,,,,,,,,,,,,,,,,,,,,,,,,,,,,,,,,,,,,,,,,,,,,,,,,,,,,,,,,,,,,,,,,,,,,,,,,,,,,,,,,,,,,,,,,,,,,,,,,,,,,,,,,,,,,,,,
conv15e_K1_nold_s42_l0,Kill-Gate Ablation Suite (Round 1),True,True,Kill-Gate Ablation Suite (Round 1),K1_nold,1lead_clinical_v1,2198.0,1904.0,1000.0,0.6954903516012023,0.5193795078194134,,0.704040404040404,0.744773519163763,,-0.041192100158950695,-0.07248840354614625,-0.016092453876938636,0.18181818181818182,0.021312625356827097,0.031866523046788546,0.0524874118191252,0.7714431225867214,0.45744704689584065,0.0008820298245700853,-0.042158749604031605,0.03484658113194995,0.9090909090909091,-0.025940492217509936,0.19751620355064423,0.3155998553847894,0.6884579303481081,0.5364363577189166,0.8084144733046906,0.7205229600207174,9.770833333333334,0.7385103164326031,0.5453974874773843,-1.6875,-26.212966764161695,22.837966764161695,0.9972826086956522,0.9800157322654461,1.0,0.95,1.0,0.9782608695652174,0.6666666666666666,1.0,0.8,4.515406567207311e-06,0.7362775206565857,0.2878219361141945,-0.4715161348382632,-2.114364334541316,1.1713320648647896,0.7395348837209302,0.6192874751254864,0.8608616525789201,0.21143365004639098,0.0,0.9651162790697675,0.0,0.8924731182795699,0.0,-0.9558792546495185,0.8451300795839403,16.9382928618181,0.04412074535048155,0.011492539373950882,-0.8410236317416833,0.6413032326800134,42.08954835716077,0.1589763682583168,0.06004694340796881,,,,29.513920609489436,25.165589691738308,1.0,0.0,0.0,0.7134903073310852,0.07027366012334824,-0.0006069204828236174,0.5836593508720398,0.07008514553308487,-0.0027660045245228404,0.9005925059318542,0.0365043506026268,0.00047412892469396646,0.8416500091552734,0.036495789885520935,0.0014567914307238622,0.5122010707855225,0.06984018534421921,-0.0017506073030488472,0.7880941033363342,0.08869925141334534,-0.0007626694077310752,0.7605430483818054,0.12432108074426651,-0.001256969454927523,0.7489388585090637,0.12014143913984299,-0.0012196832618947473,-0.4318734709967032,0.4294341044729137,0.8244442343711853,0.09887780994176865,-0.00025450750441180145,0.8265355229377747,0.0942581295967102,0.00021647627819475375,0.814061164855957,0.079426109790802,-0.00036767223155765455,I,1110000,42.0,15.0,completed,0.7560823951061582,0.4226445853710175,0.8029190474662228,0.843059778213501,0.7968971133232117,0.8897196650505066,0.8425625562667847,0.9143890738487244,0.8858212365732067,0.8905156955870741,0.0,0.0739857310399577,0.0500635301176745,0.0,0.0,0.98965550395529,0.5383876983071775,0.0024463305094637,,,,,,,,,,,,,,,,,,,,,,,,,,,,,,,,,,,,,,,,,,,,,,,,,,,,,,,,,,,,,,,,,,,,,,,,,,,,,,,,,,,,,,,,,,,,,,,,,,,,,,,,,,,,,,,,,,,,
__original_l0__,Baseline / Other,False,True,Ground Truth Ceiling (Original Waveforms),Original 12-Lead Ground Truth (Upper Bound),,,,,,,,,,,,,,,,,,,,,,,,,,,,,,,,,,,,,,,,,,,,,,,,,,,,,,,,,,,,,,,,,,,,,,,,,,,,,,,,,,,,,,,,,,,,,,,,,,,,,,,,,,,,,,,,,,All 12 Leads,original,42.0,0.0,reference_ceiling,1.0,1.0,0.0,,,,,,,,,,,,,,,,,,,,,,,,,,,,,,,,,,,,,,,,,,,,,,,,,,,,,,,,,,,,,,,,,,,,,,,,,,,,,,,,,,,,,,,,,,,,,,,,,,,,,,,,,,,,,,,0.7356487798131158,1.0,,,,,,,,,,,,,,,,,,,
lean2_T_patch10_s42_l0,Lean Ablation Suite (Round 2),False,True,Lean Ablation Suite (Round 2),T_patch10,,,,,,,,,,,,,,,,,,,,,,,,,,,,,,,,,,,,,,,,,,,,,,,,,,,,,,,,,,,,,,,,,,,,,,,,,,,,,,,,,,,,,,,,,,,,,,,,,,,,,,,,,,,,,,,,,,I,1110000,42.0,15.0,completed,0.7635296617207543,0.4205598622560501,3.717782742735269,0.8264951705932617,0.7618705630302429,0.884612500667572,0.8330023884773254,0.9041702151298524,0.8687140334673946,4.183836784035952,0.0,0.0907525437333446,0.0631097188923904,0.0,0.0,4.306559806062658,2.5940513149761077,0.0083123879351013,,,,,,,,,,,,,,,,,,,,,,,,,,,,,,,,,,,,,,,,,,,,,,,,,,,,,,,,,,,,,,,,,,,,,,,,,,,,,,,,,,,,,,,,,,,,,,,,,,,,,,,,,,,,,,,,,,,,
lean2_LE2_adaptive_s42_l0,Lean Ablation Suite (Round 2),False,True,Lean Ablation Suite (Round 2),LE2_adaptive,,,,,,,,,,,,,,,,,,,,,,,,,,,,,,,,,,,,,,,,,,,,,,,,,,,,,,,,,,,,,,,,,,,,,,,,,,,,,,,,,,,,,,,,,,,,,,,,,,,,,,,,,,,,,,,,,,I,1110000,42.0,15.0,completed,0.7606607264500159,0.4185033082962036,-1.3768559227819028,0.8405281901359558,0.7914776802062988,0.8869422674179077,0.8431646227836609,0.9128656387329102,0.8864581039178054,-1.205608585692094,0.0,0.0800738366209016,0.0550482383264614,0.0,0.0,-1.0973545949418222,1.066663268219447,0.0131206598675455,,,,,,,,,,,,,,,,,,,,,,,,,,,,,,,,,,,,,,,,,,,,,,,,,,,,,,,,,,,,,,,,,,,,,,,,,,,,,,,,,,,,,,,,,,,,,,,,,,,,,,,,,,,,,,,,,,,,
lean2_T_heads16_s42_l0,Lean Ablation Suite (Round 2),False,True,Lean Ablation Suite (Round 2),T_heads16,,,,,,,,,,,,,,,,,,,,,,,,,,,,,,,,,,,,,,,,,,,,,,,,,,,,,,,,,,,,,,,,,,,,,,,,,,,,,,,,,,,,,,,,,,,,,,,,,,,,,,,,,,,,,,,,,,I,1110000,42.0,15.0,completed,0.7575680692264221,0.4163151681423187,3.894687441812045,0.8292336463928223,0.7679457068443298,0.8828797340393066,0.836875319480896,0.9059117436408995,0.8749513158626828,4.237406042827387,0.0,0.0911922167206919,0.0630253306800907,0.0,0.0,4.360634124410342,2.840250318461853,0.0104640141332401,,,,,,,,,,,,,,,,,,,,,,,,,,,,,,,,,,,,,,,,,,,,,,,,,,,,,,,,,,,,,,,,,,,,,,,,,,,,,,,,,,,,,,,,,,,,,,,,,,,,,,,,,,,,,,,,,,,,
lean2_D_boundary_s42_l0,Lean Ablation Suite (Round 2),False,True,Lean Ablation Suite (Round 2),D_boundary,,,,,,,,,,,,,,,,,,,,,,,,,,,,,,,,,,,,,,,,,,,,,,,,,,,,,,,,,,,,,,,,,,,,,,,,,,,,,,,,,,,,,,,,,,,,,,,,,,,,,,,,,,,,,,,,,,I,1110000,42.0,15.0,completed,0.7565745424101257,0.4123049408197403,3.902904178785241,0.8282411098480225,0.7705376148223877,0.8813086152076721,0.8328771591186523,0.905376434326172,0.8782685120309199,4.34414249067645,0.0,0.0954084672863655,0.0663368934662864,0.0224108114574136,0.0,4.477759514473643,2.4843158583308376,0.0111587409909262,,,,,,,,,,,,,,,,,,,,,,,,,,,,,,,,,,,,,,,,,,,,,,,,,,,,,,,,,,,,,,,,,,,,,,,,,,,,,,,,,,,,,,,,,,,,,,,,,,,,,,,,,,,,,,,,,,,,
lean2_W_timesformer_dim256_s42_l0,Lean Ablation Suite (Round 2),False,True,Lean Ablation Suite (Round 2),W_timesformer_dim256,,,,,,,,,,,,,,,,,,,,,,,,,,,,,,,,,,,,,,,,,,,,,,,,,,,,,,,,,,,,,,,,,,,,,,,,,,,,,,,,,,,,,,,,,,,,,,,,,,,,,,,,,,,,,,,,,,I,1110000,42.0,15.0,completed,0.7562849424204324,0.4146255254745483,3.926973225413889,0.8307194709777832,0.7737808227539062,0.8826609253883362,0.835716724395752,0.9068820476531982,0.8740026572619073,4.47138452646636,0.0,0.0984537306183554,0.0684105024343605,0.0,0.0,4.604550283716825,2.837049210523888,0.0101352962642461,,,,,,,,,,,,,,,,,,,,,,,,,,,,,,,,,,,,,,,,,,,,,,,,,,,,,,,,,,,,,,,,,,,,,,,,,,,,,,,,,,,,,,,,,,,,,,,,,,,,,,,,,,,,,,,,,,,,
lean2_W_fusion_gated_s42_l0,Lean Ablation Suite (Round 2),False,True,Lean Ablation Suite (Round 2),W_fusion_gated,,,,,,,,,,,,,,,,,,,,,,,,,,,,,,,,,,,,,,,,,,,,,,,,,,,,,,,,,,,,,,,,,,,,,,,,,,,,,,,,,,,,,,,,,,,,,,,,,,,,,,,,,,,,,,,,,,I,1110000,42.0,15.0,completed,0.7561848483880725,0.4200177758932114,3.9024465878804526,0.8270812034606934,0.7646522521972656,0.8817618489265442,0.8348294496536255,0.904592990875244,0.8724327140128495,4.420064295520105,0.0,0.09884269349505,0.0690163233143025,0.0,0.0,4.55392395180617,3.116789705750408,0.0101760233532423,,,,,,,,,,,,,,,,,,,,,,,,,,,,,,,,,,,,,,,,,,,,,,,,,,,,,,,,,,,,,,,,,,,,,,,,,,,,,,,,,,,,,,,,,,,,,,,,,,,,,,,,,,,,,,,,,,,,
lean2_W_fusion_crossattn_s42_l0,Lean Ablation Suite (Round 2),False,True,Lean Ablation Suite (Round 2),W_fusion_crossattn,,,,,,,,,,,,,,,,,,,,,,,,,,,,,,,,,,,,,,,,,,,,,,,,,,,,,,,,,,,,,,,,,,,,,,,,,,,,,,,,,,,,,,,,,,,,,,,,,,,,,,,,,,,,,,,,,,I,1110000,42.0,15.0,completed,0.7560290990007399,0.4125756025314331,3.908112819643988,0.8315408229827881,0.7744691967964172,0.8830456137657166,0.8371075987815857,0.9073750972747804,0.8750119155942633,4.339874585664112,0.0,0.0934934903351154,0.0650396909532815,0.0,0.0,4.466436553906052,2.6544920273189008,0.0109728538400449,,,,,,,,,,,,,,,,,,,,,,,,,,,,,,,,,,,,,,,,,,,,,,,,,,,,,,,,,,,,,,,,,,,,,,,,,,,,,,,,,,,,,,,,,,,,,,,,,,,,,,,,,,,,,,,,,,,,
lean2_D_fiducial_s42_l0,Lean Ablation Suite (Round 2),False,True,Lean Ablation Suite (Round 2),D_fiducial,,,,,,,,,,,,,,,,,,,,,,,,,,,,,,,,,,,,,,,,,,,,,,,,,,,,,,,,,,,,,,,,,,,,,,,,,,,,,,,,,,,,,,,,,,,,,,,,,,,,,,,,,,,,,,,,,,I,1110000,42.0,15.0,completed,0.755845067151867,0.410689553618431,3.906002231266188,0.8315329551696777,0.7758491635322571,0.8809813857078552,0.8377683162689209,0.9074089527130128,0.8782509253651569,4.3510820567972655,0.0,0.0945212160541494,0.06552061186864,0.0,0.107814654507281,4.500465893541147,2.789780806298647,0.010787627416933,,,,,,,,,,,,,,,,,,,,,,,,,,,,,,,,,,,,,,,,,,,,,,,,,,,,,,,,,,,,,,,,,,,,,,,,,,,,,,,,,,,,,,,,,,,,,,,,,,,,,,,,,,,,,,,,,,,,
lean2_L1_clean_lean_best_s42_l0,Lean Ablation Suite (Round 2),False,True,Lean Ablation Suite (Round 2),L1_clean_lean_best,,,,,,,,,,,,,,,,,,,,,,,,,,,,,,,,,,,,,,,,,,,,,,,,,,,,,,,,,,,,,,,,,,,,,,,,,,,,,,,,,,,,,,,,,,,,,,,,,,,,,,,,,,,,,,,,,,I,1110000,42.0,15.0,completed,0.7552237417378245,0.4091659784317016,3.916015569714532,0.8268365859985352,0.7643279433250427,0.8823451995849609,0.8338364958763123,0.9044365882873536,0.8700176369895616,4.403571001027176,0.0,0.0980990429476104,0.0683694871432048,0.0,0.0,4.53640169233558,2.6196439887785705,0.0109378013331237,,,,,,,,,,,,,,,,,,,,,,,,,,,,,,,,,,,,,,,,,,,,,,,,,,,,,,,,,,,,,,,,,,,,,,,,,,,,,,,,,,,,,,,,,,,,,,,,,,,,,,,,,,,,,,,,,,,,
lean2_D_cadence1_s42_l0,Lean Ablation Suite (Round 2),False,True,Lean Ablation Suite (Round 2),D_cadence1,,,,,,,,,,,,,,,,,,,,,,,,,,,,,,,,,,,,,,,,,,,,,,,,,,,,,,,,,,,,,,,,,,,,,,,,,,,,,,,,,,,,,,,,,,,,,,,,,,,,,,,,,,,,,,,,,,I,1110000,42.0,15.0,completed,0.7550529948616186,0.4052635699510574,3.917957641076351,0.8330333232879639,0.7719607949256897,0.886221170425415,0.8409180641174316,0.9081904292106628,0.8756998180125865,3.9325251684276337,0.0,0.117453673755357,0.0810441861458874,0.0,0.0,4.0910357271859406,2.3405447261049117,0.0106959198524645,,,,,,,,,,,,,,,,,,,,,,,,,,,,,,,,,,,,,,,,,,,,,,,,,,,,,,,,,,,,,,,,,,,,,,,,,,,,,,,,,,,,,,,,,,,,,,,,,,,,,,,,,,,,,,,,,,,,
lean2_LE1_nodice_s42_l0,Lean Ablation Suite (Round 2),False,True,Lean Ablation Suite (Round 2),LE1_nodice,,,,,,,,,,,,,,,,,,,,,,,,,,,,,,,,,,,,,,,,,,,,,,,,,,,,,,,,,,,,,,,,,,,,,,,,,,,,,,,,,,,,,,,,,,,,,,,,,,,,,,,,,,,,,,,,,,I,1110000,42.0,15.0,completed,0.7550480246302415,0.4146811127662659,3.9168045348015386,0.8239924311637878,0.7587717175483704,0.8819244503974915,0.8312809467315674,0.9026563763618468,0.8648934296283248,4.374130126458195,0.0,0.0982228629701432,0.0,0.0,0.0,4.4728833940358905,2.5671960738472723,0.0106082833822328,,,,,,,,,,,,,,,,,,,,,,,,,,,,,,,,,,,,,,,,,,,,,,,,,,,,,,,,,,,,,,,,,,,,,,,,,,,,,,,,,,,,,,,,,,,,,,,,,,,,,,,,,,,,,,,,,,,,
lean2_W_conv_c128_s42_l0,Lean Ablation Suite (Round 2),False,True,Lean Ablation Suite (Round 2),W_conv_c128,,,,,,,,,,,,,,,,,,,,,,,,,,,,,,,,,,,,,,,,,,,,,,,,,,,,,,,,,,,,,,,,,,,,,,,,,,,,,,,,,,,,,,,,,,,,,,,,,,,,,,,,,,,,,,,,,,I,1110000,42.0,15.0,completed,0.7548863279282965,0.4171242207288742,3.9403300665426944,0.831545889377594,0.7758083939552307,0.8845902681350708,0.8342390060424805,0.9073811173439026,0.8762287981863347,4.445317479650715,0.0,0.1009096249190217,0.0703096648032983,0.0,0.0,4.581867124634536,2.781047694831904,0.0097037946173836,,,,,,,,,,,,,,,,,,,,,,,,,,,,,,,,,,,,,,,,,,,,,,,,,,,,,,,,,,,,,,,,,,,,,,,,,,,,,,,,,,,,,,,,,,,,,,,,,,,,,,,,,,,,,,,,,,,,
lean2_LD1_enc3_s42_l0,Lean Ablation Suite (Round 2),False,True,Lean Ablation Suite (Round 2),LD1_enc3,,,,,,,,,,,,,,,,,,,,,,,,,,,,,,,,,,,,,,,,,,,,,,,,,,,,,,,,,,,,,,,,,,,,,,,,,,,,,,,,,,,,,,,,,,,,,,,,,,,,,,,,,,,,,,,,,,I,1110000,42.0,15.0,completed,0.7547331313690938,0.4040333449840546,3.9181799784950586,0.8285794854164124,0.7714455127716064,0.8810305595397949,0.8332625031471252,0.9055934548377992,0.8700468094227299,4.384328795179743,0.0,0.0977436456569405,0.0679215772791037,0.0,0.0,4.516558443464001,2.7932441217079305,0.0105044035100796,,,,,,,,,,,,,,,,,,,,,,,,,,,,,,,,,,,,,,,,,,,,,,,,,,,,,,,,,,,,,,,,,,,,,,,,,,,,,,,,,,,,,,,,,,,,,,,,,,,,,,,,,,,,,,,,,,,,
lean2_LC1_width384_s42_l0,Lean Ablation Suite (Round 2),False,True,Lean Ablation Suite (Round 2),LC1_width384,,,,,,,,,,,,,,,,,,,,,,,,,,,,,,,,,,,,,,,,,,,,,,,,,,,,,,,,,,,,,,,,,,,,,,,,,,,,,,,,,,,,,,,,,,,,,,,,,,,,,,,,,,,,,,,,,,I,1110000,42.0,15.0,completed,0.7537542414457712,0.4074525058269501,3.927692264750384,0.823797881603241,0.7560833692550659,0.8820616006851196,0.8332486152648926,0.9024927020072936,0.8671442859891592,4.483080148405078,0.0,0.1011784906012337,0.0708065196379307,0.0,0.0,4.620184831841048,3.416123291853738,0.010458484232184,,,,,,,,,,,,,,,,,,,,,,,,,,,,,,,,,,,,,,,,,,,,,,,,,,,,,,,,,,,,,,,,,,,,,,,,,,,,,,,,,,,,,,,,,,,,,,,,,,,,,,,,,,,,,,,,,,,,
lean2_L_mse_deriv_s42_l0,Lean Ablation Suite (Round 2),False,True,Lean Ablation Suite (Round 2),L_mse_deriv,,,,,,,,,,,,,,,,,,,,,,,,,,,,,,,,,,,,,,,,,,,,,,,,,,,,,,,,,,,,,,,,,,,,,,,,,,,,,,,,,,,,,,,,,,,,,,,,,,,,,,,,,,,,,,,,,,I,1110000,42.0,15.0,completed,0.7537342764955974,0.4087358444929123,3.5293074690777324,0.8259778022766113,0.7643095850944519,0.8822333812713623,0.8313902616500854,0.9039260745048524,0.866604345191725,4.003505134232333,0.0,0.0988327018196171,0.0688326038520514,0.0,0.0,4.137279795608147,2.7405081279712618,0.0105129811579915,,,,,,,,,,,,,,,,,,,,,,,,,,,,,,,,,,,,,,,,,,,,,,,,,,,,,,,,,,,,,,,,,,,,,,,,,,,,,,,,,,,,,,,,,,,,,,,,,,,,,,,,,,,,,,,,,,,,
lean2_W_conv_c256_s42_l0,Lean Ablation Suite (Round 2),False,True,Lean Ablation Suite (Round 2),W_conv_c256,,,,,,,,,,,,,,,,,,,,,,,,,,,,,,,,,,,,,,,,,,,,,,,,,,,,,,,,,,,,,,,,,,,,,,,,,,,,,,,,,,,,,,,,,,,,,,,,,,,,,,,,,,,,,,,,,,I,1110000,42.0,15.0,completed,0.7532350356301077,0.4164268732070923,3.94390606880188,0.8266527056694031,0.7679650187492371,0.8827294111251831,0.8292637467384338,0.9043774604797364,0.8682392557106158,4.501952008489004,0.0,0.1049964222213483,0.0732258652385912,0.0,0.0,4.644072498218812,2.7316082050633983,0.0102225683402666,,,,,,,,,,,,,,,,,,,,,,,,,,,,,,,,,,,,,,,,,,,,,,,,,,,,,,,,,,,,,,,,,,,,,,,,,,,,,,,,,,,,,,,,,,,,,,,,,,,,,,,,,,,,,,,,,,,,
lean2_T_heads4_s42_l0,Lean Ablation Suite (Round 2),False,True,Lean Ablation Suite (Round 2),T_heads4,,,,,,,,,,,,,,,,,,,,,,,,,,,,,,,,,,,,,,,,,,,,,,,,,,,,,,,,,,,,,,,,,,,,,,,,,,,,,,,,,,,,,,,,,,,,,,,,,,,,,,,,,,,,,,,,,,I,1110000,42.0,15.0,completed,0.7528449840386335,0.4142885476350784,3.936504726824553,0.8249037861824036,0.763472855091095,0.8810237050056458,0.83021479845047,0.9032852053642272,0.865503232978808,4.5271722768482405,0.0,0.1012101815044515,0.0708446292573702,0.0,0.0,4.664304229299763,2.7950108725408884,0.0099889899716875,,,,,,,,,,,,,,,,,,,,,,,,,,,,,,,,,,,,,,,,,,,,,,,,,,,,,,,,,,,,,,,,,,,,,,,,,,,,,,,,,,,,,,,,,,,,,,,,,,,,,,,,,,,,,,,,,,,,
lean2_D_cadence4_s42_l0,Lean Ablation Suite (Round 2),False,True,Lean Ablation Suite (Round 2),D_cadence4,,,,,,,,,,,,,,,,,,,,,,,,,,,,,,,,,,,,,,,,,,,,,,,,,,,,,,,,,,,,,,,,,,,,,,,,,,,,,,,,,,,,,,,,,,,,,,,,,,,,,,,,,,,,,,,,,,I,1110000,42.0,15.0,completed,0.7524805684256965,0.4056403249502182,3.93229769969332,0.8071024417877197,0.7283755540847778,0.8781655430793762,0.8147661685943604,0.891968309879303,0.8421690023759063,4.690138505944072,0.0,0.0702907590526491,0.0496918901297839,0.0,0.0,4.785774126977122,2.55346109390959,0.0099783487694554,,,,,,,,,,,,,,,,,,,,,,,,,,,,,,,,,,,,,,,,,,,,,,,,,,,,,,,,,,,,,,,,,,,,,,,,,,,,,,,,,,,,,,,,,,,,,,,,,,,,,,,,,,,,,,,,,,,,
lean2_L_mse_corr_s42_l0,Lean Ablation Suite (Round 2),False,True,Lean Ablation Suite (Round 2),L_mse_corr,,,,,,,,,,,,,,,,,,,,,,,,,,,,,,,,,,,,,,,,,,,,,,,,,,,,,,,,,,,,,,,,,,,,,,,,,,,,,,,,,,,,,,,,,,,,,,,,,,,,,,,,,,,,,,,,,,I,1110000,42.0,15.0,completed,0.7523084092122451,0.4092065215110779,2.8235540217247563,0.8179829716682434,0.7454243302345276,0.8800023794174194,0.8285223245620728,0.8988463282585144,0.8530658822162773,3.068451535307792,0.0,0.1028920866029207,0.0723821730917203,0.0,0.0,3.208118716535253,2.77819661746848,0.0116801407373985,,,,,,,,,,,,,,,,,,,,,,,,,,,,,,,,,,,,,,,,,,,,,,,,,,,,,,,,,,,,,,,,,,,,,,,,,,,,,,,,,,,,,,,,,,,,,,,,,,,,,,,,,,,,,,,,,,,,
lean2_LB1_dec3_s42_l0,Lean Ablation Suite (Round 2),False,True,Lean Ablation Suite (Round 2),LB1_dec3,,,,,,,,,,,,,,,,,,,,,,,,,,,,,,,,,,,,,,,,,,,,,,,,,,,,,,,,,,,,,,,,,,,,,,,,,,,,,,,,,,,,,,,,,,,,,,,,,,,,,,,,,,,,,,,,,,I,1110000,42.0,15.0,completed,0.7517519922994429,0.4013831049203873,3.953019200891689,0.8153212070465088,0.7428377270698547,0.8796412944793701,0.8234845995903015,0.8972041010856628,0.8530189090746729,4.595204235436429,0.0,0.1075494500969147,0.0757789393679456,0.0,0.0,4.741197896558185,3.219845766099022,0.0110950535550859,,,,,,,,,,,,,,,,,,,,,,,,,,,,,,,,,,,,,,,,,,,,,,,,,,,,,,,,,,,,,,,,,,,,,,,,,,,,,,,,,,,,,,,,,,,,,,,,,,,,,,,,,,,,,,,,,,,,
conv15e_C3_width512_s42_l0,Kill-Gate Ablation Suite (Round 1),False,True,Kill-Gate Ablation Suite (Round 1),C3_width512,,,,,,,,,,,,,,,,,,,,,,,,,,,,,,,,,,,,,,,,,,,,,,,,,,,,,,,,,,,,,,,,,,,,,,,,,,,,,,,,,,,,,,,,,,,,,,,,,,,,,,,,,,,,,,,,,,I,1110000,42.0,15.0,completed,0.7501850685346197,0.4054092079401016,0.8234594049661056,0.8312057852745056,0.7750082015991211,0.8841819763183594,0.8344270586967468,0.9071723818778992,0.871601682242019,1.4616183913614933,0.0,0.1850241275647862,0.1339232799764654,0.0,0.0,1.713706589168259,0.5386717176495742,0.0020485902241088,,,,,,,,,,,,,,,,,,,,,,,,,,,,,,,,,,,,,,,,,,,,,,,,,,,,,,,,,,,,,,,,,,,,,,,,,,,,,,,,,,,,,,,,,,,,,,,,,,,,,,,,,,,,,,,,,,,,
lean2_LA1_nodel_s42_l0,Lean Ablation Suite (Round 2),False,True,Lean Ablation Suite (Round 2),LA1_nodel,,,,,,,,,,,,,,,,,,,,,,,,,,,,,,,,,,,,,,,,,,,,,,,,,,,,,,,,,,,,,,,,,,,,,,,,,,,,,,,,,,,,,,,,,,,,,,,,,,,,,,,,,,,,,,,,,,I,1110000,42.0,15.0,completed,0.7474419565212649,0.3982110559940338,4.033676185469696,0.0,0.0,0.0,0.0,0.0,0.0,4.680153439357202,0.0,0.0,0.0,0.0,0.0,4.680681989417666,3.016981975393167,0.0105709968262432,,,,,,,,,,,,,,,,,,,,,,,,,,,,,,,,,,,,,,,,,,,,,,,,,,,,,,,,,,,,,,,,,,,,,,,,,,,,,,,,,,,,,,,,,,,,,,,,,,,,,,,,,,,,,,,,,,,,
conv15e_Z1_zscore_s42_l0,Kill-Gate Ablation Suite (Round 1),False,True,Kill-Gate Ablation Suite (Round 1),Z1_zscore,,,,,,,,,,,,,,,,,,,,,,,,,,,,,,,,,,,,,,,,,,,,,,,,,,,,,,,,,,,,,,,,,,,,,,,,,,,,,,,,,,,,,,,,,,,,,,,,,,,,,,,,,,,,,,,,,,I,1110000,42.0,15.0,completed,0.7473788974287037,0.410045713186264,4.051769104556761,0.8109254837036133,0.7323223948478699,0.879018247127533,0.8214359283447266,0.8943533301353455,0.8418322898198964,6.351792456908209,0.0,0.1993046567081091,0.1465420788621377,0.0,0.0,6.624697848662023,1.7792483560895975,0.0065940102343441,,,,,,,,,,,,,,,,,,,,,,,,,,,,,,,,,,,,,,,,,,,,,,,,,,,,,,,,,,,,,,,,,,,,,,,,,,,,,,,,,,,,,,,,,,,,,,,,,,,,,,,,,,,,,,,,,,,,
lean2_L_mse_only_s42_l0,Lean Ablation Suite (Round 2),False,True,Lean Ablation Suite (Round 2),L_mse_only,,,,,,,,,,,,,,,,,,,,,,,,,,,,,,,,,,,,,,,,,,,,,,,,,,,,,,,,,,,,,,,,,,,,,,,,,,,,,,,,,,,,,,,,,,,,,,,,,,,,,,,,,,,,,,,,,,I,1110000,42.0,15.0,completed,0.746919978241062,0.4002192199230194,2.4602378606796265,0.8019630908966064,0.7130725383758545,0.8790274858474731,0.8137893080711365,0.8884875774383545,0.8214323762850904,2.783776791909917,0.0,0.1175535292053456,0.0836686607965495,0.0,0.0,2.94370514789147,2.0129355148411148,0.0108098271006497,,,,,,,,,,,,,,,,,,,,,,,,,,,,,,,,,,,,,,,,,,,,,,,,,,,,,,,,,,,,,,,,,,,,,,,,,,,,,,,,,,,,,,,,,,,,,,,,,,,,,,,,,,,,,,,,,,,,
lean2_T_patch50_s42_l0,Lean Ablation Suite (Round 2),False,True,Lean Ablation Suite (Round 2),T_patch50,,,,,,,,,,,,,,,,,,,,,,,,,,,,,,,,,,,,,,,,,,,,,,,,,,,,,,,,,,,,,,,,,,,,,,,,,,,,,,,,,,,,,,,,,,,,,,,,,,,,,,,,,,,,,,,,,,I,1110000,42.0,15.0,completed,0.7462219194890065,0.4063046097755432,4.09708086995111,0.8226497173309326,0.7661053538322449,0.8770556449890137,0.8247880339622498,0.9020161628723145,0.8633968620506952,4.599616995056227,0.0,0.1053247838081607,0.0730663864090218,0.0,0.0,4.742077434077549,2.473020726201584,0.0120491860776391,,,,,,,,,,,,,,,,,,,,,,,,,,,,,,,,,,,,,,,,,,,,,,,,,,,,,,,,,,,,,,,,,,,,,,,,,,,,,,,,,,,,,,,,,,,,,,,,,,,,,,,,,,,,,,,,,,,,
lean2_L_l1_direct_s42_l0,Lean Ablation Suite (Round 2),False,True,Lean Ablation Suite (Round 2),L_l1_direct,,,,,,,,,,,,,,,,,,,,,,,,,,,,,,,,,,,,,,,,,,,,,,,,,,,,,,,,,,,,,,,,,,,,,,,,,,,,,,,,,,,,,,,,,,,,,,,,,,,,,,,,,,,,,,,,,,I,1110000,42.0,15.0,completed,0.7456169098503017,0.4025188624858856,0.3414742018001667,0.8405277132987976,0.7975056171417236,0.8853157758712769,0.838761568069458,0.9129427075386048,0.8803025240501748,0.3418930111272828,0.0,0.067693279616106,0.0458397514379447,0.0,0.0,0.4329808144265902,0.2263836847524748,0.009493001241401,,,,,,,,,,,,,,,,,,,,,,,,,,,,,,,,,,,,,,,,,,,,,,,,,,,,,,,,,,,,,,,,,,,,,,,,,,,,,,,,,,,,,,,,,,,,,,,,,,,,,,,,,,,,,,,,,,,,
conv15e_C4_minimal_s42_l0,Kill-Gate Ablation Suite (Round 1),False,True,Kill-Gate Ablation Suite (Round 1),C4_minimal,,,,,,,,,,,,,,,,,,,,,,,,,,,,,,,,,,,,,,,,,,,,,,,,,,,,,,,,,,,,,,,,,,,,,,,,,,,,,,,,,,,,,,,,,,,,,,,,,,,,,,,,,,,,,,,,,,I,1110000,42.0,15.0,completed,0.7451582742676623,0.3992208063602447,0.8315561975257985,0.8186680674552917,0.7529977560043335,0.8796663284301758,0.8233400583267212,0.8993967175483704,0.8457674525768673,1.505376356468061,0.0,0.1941651255439515,0.1409829552199878,0.0,0.0,1.7701464997948748,0.5249283710264372,0.0022708723846316,,,,,,,,,,,,,,,,,,,,,,,,,,,,,,,,,,,,,,,,,,,,,,,,,,,,,,,,,,,,,,,,,,,,,,,,,,,,,,,,,,,,,,,,,,,,,,,,,,,,,,,,,,,,,,,,,,,,
lean2_L_corr_only_s42_l0,Lean Ablation Suite (Round 2),False,True,Lean Ablation Suite (Round 2),L_corr_only,,,,,,,,,,,,,,,,,,,,,,,,,,,,,,,,,,,,,,,,,,,,,,,,,,,,,,,,,,,,,,,,,,,,,,,,,,,,,,,,,,,,,,,,,,,,,,,,,,,,,,,,,,,,,,,,,,I,1110000,42.0,15.0,completed,0.7450161640060041,0.4265367239713669,0.3628700997518456,0.8409951329231262,0.7954422235488892,0.8884724378585815,0.8390709161758423,0.913168489933014,0.8810905438770243,0.4084506000197211,0.0,0.0740246078229738,0.0506388296258055,0.0,0.0,0.5085194377522719,0.5577913824391336,0.0144963113812221,,,,,,,,,,,,,,,,,,,,,,,,,,,,,,,,,,,,,,,,,,,,,,,,,,,,,,,,,,,,,,,,,,,,,,,,,,,,,,,,,,,,,,,,,,,,,,,,,,,,,,,,,,,,,,,,,,,,
conv15e_C2_dec2_s42_l0,Kill-Gate Ablation Suite (Round 1),False,True,Kill-Gate Ablation Suite (Round 1),C2_dec2,,,,,,,,,,,,,,,,,,,,,,,,,,,,,,,,,,,,,,,,,,,,,,,,,,,,,,,,,,,,,,,,,,,,,,,,,,,,,,,,,,,,,,,,,,,,,,,,,,,,,,,,,,,,,,,,,,I,1110000,42.0,15.0,completed,0.740489986036152,0.3930906474590301,0.8488861322402954,0.824303150177002,0.7660007476806641,0.8801528215408325,0.8267557621002197,0.902972400188446,0.8534591707774472,1.521937838090969,0.0,0.1940847462364626,0.1410887121716502,0.0,0.0,1.7866686001839516,0.4043959674665948,0.0020332021129059,,,,,,,,,,,,,,,,,,,,,,,,,,,,,,,,,,,,,,,,,,,,,,,,,,,,,,,,,,,,,,,,,,,,,,,,,,,,,,,,,,,,,,,,,,,,,,,,,,,,,,,,,,,,,,,,,,,,
conv10e_C1_E1_morlet_mag_morlet_phase_s42_l0,Wavelet / MTL / SSL,False,True,10-Epoch Convergence,C1_E1_morlet_mag_morlet_phase,,,,,,,,,,,,,,,,,,,,,,,,,,,,,,,,,,,,,,,,,,,,,,,,,,,,,,,,,,,,,,,,,,,,,,,,,,,,,,,,,,,,,,,,,,,,,,,,,,,,,,,,,,,,,,,,,,I,1110000,42.0,10.0,completed,0.7396415556638928,0.3977116912603378,0.8557783650315326,0.8062424063682556,0.7391656041145325,0.8771870732307434,0.8023744225502014,0.8916506767272949,0.824128464543159,1.6307860459662709,0.1681737660486228,0.220511025358151,0.1630914290065135,0.0,0.0,1.94136007763035,2.1609157254711944,0.0021720728953262,,,,,,,,,,,,,,,,,,,,,,,,,,,,,,,,,,,,,,,,,,,,,,,,,,,,,,,,,,,,,,,,,,,,,,,,,,,,,,,,,,,,,,,,,,,,,,,,0.7025823180357795,0.4434674058781435,,,,,,,,,,,,,,,,,,,
conv10e_A0_wave_noSSL_gated_add_s42_l0,Wavelet / MTL / SSL,False,True,10-Epoch Convergence,A0_wave_noSSL_gated_add,,,,,,,,,,,,,,,,,,,,,,,,,,,,,,,,,,,,,,,,,,,,,,,,,,,,,,,,,,,,,,,,,,,,,,,,,,,,,,,,,,,,,,,,,,,,,,,,,,,,,,,,,,,,,,,,,,I,1110000,42.0,10.0,completed,0.7392314544550825,0.3986804962158203,0.8613001384596893,0.8127846717834473,0.7514480948448181,0.879031240940094,0.8078746795654297,0.8958127498626709,0.8311120352545829,1.5860044859906013,0.0,0.2097165550275123,0.1534730802259363,0.0,0.0,1.8725728930283057,0.5481610870127871,0.0023062305564023,,,,,,,,,,,,,,,,,,,,,,,,,,,,,,,,,,,,,,,,,,,,,,,,,,,,,,,,,,,,,,,,,,,,,,,,,,,,,,,,,,,,,,,,,,,,,,,,0.7073065253646681,0.4349611700886747,,,,,,,,,,,,,,,,,,,
conv10e_ssl_magnitude_phase_both_cross_attn_s42_l0,Wavelet / MTL / SSL,False,True,10-Epoch Convergence,ssl_magnitude_phase_both_cross_attn,,,,,,,,,,,,,,,,,,,,,,,,,,,,,,,,,,,,,,,,,,,,,,,,,,,,,,,,,,,,,,,,,,,,,,,,,,,,,,,,,,,,,,,,,,,,,,,,,,,,,,,,,,,,,,,,,,I,1110000,42.0,10.0,completed,0.7387077657832665,0.3927460134029388,0.8608645503071771,0.8169577121734619,0.7522712349891663,0.8798128366470337,0.8187889456748962,0.8983518481254578,0.8422261403303745,1.5406092090151446,6.229108520937374e-05,0.1993643375184282,0.1452369026046342,0.0,0.0,1.8127087452420407,0.543319555562596,0.002272594446257,,,,,,,,,,,,,,,,,,,,,,,,,,,,,,,,,,,,,,,,,,,,,,,,,,,,,,,,,,,,,,,,,,,,,,,,,,,,,,,,,,,,,,,,,,,,,,,,0.7175431540795122,0.4437267353193604,,,,,,,,,,,,,,,,,,,
conv10e_tf_sc16_cy4_s42_l0,Baseline / Other,False,True,10-Epoch Convergence,tf_sc16_cy4,,,,,,,,,,,,,,,,,,,,,,,,,,,,,,,,,,,,,,,,,,,,,,,,,,,,,,,,,,,,,,,,,,,,,,,,,,,,,,,,,,,,,,,,,,,,,,,,,,,,,,,,,,,,,,,,,,I,1110000,42.0,10.0,completed,0.7386707626095453,0.3957810431718826,0.8622655212015345,0.8142574429512024,0.7572673559188843,0.8780560493469238,0.8074489831924438,0.8968021273612976,0.8350473485485835,1.5689668054242174,0.2150942987444351,0.2064803442946262,0.1504513873026741,0.0,0.0,1.861544457614203,0.4974265319444558,0.0023379324976129,,,,,,,,,,,,,,,,,,,,,,,,,,,,,,,,,,,,,,,,,,,,,,,,,,,,,,,,,,,,,,,,,,,,,,,,,,,,,,,,,,,,,,,,,,,,,,,,0.7148073678594437,0.4707631184020886,,,,,,,,,,,,,,,,,,,
conv10e_R5_morlet_mag_ueg_phase_wyatt_s42_l0,Wavelet / MTL / SSL,False,True,10-Epoch Convergence,R5_morlet_mag_ueg_phase_wyatt,,,,,,,,,,,,,,,,,,,,,,,,,,,,,,,,,,,,,,,,,,,,,,,,,,,,,,,,,,,,,,,,,,,,,,,,,,,,,,,,,,,,,,,,,,,,,,,,,,,,,,,,,,,,,,,,,,I,1110000,42.0,10.0,completed,0.7382612143785267,0.3977524816989898,0.8619002673936926,0.8138254284858704,0.7543571591377258,0.87925124168396,0.8078680038452148,0.8964840769767761,0.8354773348412025,1.615693211263659,0.2780535559613381,0.2134676473158226,0.1562435028018974,0.0,0.0,1.921295359347704,0.4024139148259542,0.0022013100386391,,,,,,,,,,,,,,,,,,,,,,,,,,,,,,,,,,,,,,,,,,,,,,,,,,,,,,,,,,,,,,,,,,,,,,,,,,,,,,,,,,,,,,,,,,,,,,,,0.7069223103905534,0.4648518597500508,,,,,,,,,,,,,,,,,,,
conv10e_ssl_log_magnitude_phase_sin_local_gated_add_s42_l0,Wavelet / MTL / SSL,False,True,10-Epoch Convergence,ssl_log_magnitude_phase_sin_local_gated_add,,,,,,,,,,,,,,,,,,,,,,,,,,,,,,,,,,,,,,,,,,,,,,,,,,,,,,,,,,,,,,,,,,,,,,,,,,,,,,,,,,,,,,,,,,,,,,,,,,,,,,,,,,,,,,,,,,I,1110000,42.0,10.0,completed,0.7379335894262605,0.3973324358463287,0.8605556246163188,0.815873920917511,0.7641506195068359,0.8794496655464172,0.8040216565132141,0.8978447914123535,0.8366927162737887,1.5943330962625828,0.1667789045716732,0.2112065107542269,0.1543509687320984,0.0,0.0,1.891165597640169,0.4990172097995202,0.0022311135601972,,,,,,,,,,,,,,,,,,,,,,,,,,,,,,,,,,,,,,,,,,,,,,,,,,,,,,,,,,,,,,,,,,,,,,,,,,,,,,,,,,,,,,,,,,,,,,,,0.7042044832341325,0.4737116709035791,,,,,,,,,,,,,,,,,,,
conv10e_ssl_log_magnitude_real_both_gated_add_s42_l0,Wavelet / MTL / SSL,False,True,10-Epoch Convergence,ssl_log_magnitude_real_both_gated_add,,,,,,,,,,,,,,,,,,,,,,,,,,,,,,,,,,,,,,,,,,,,,,,,,,,,,,,,,,,,,,,,,,,,,,,,,,,,,,,,,,,,,,,,,,,,,,,,,,,,,,,,,,,,,,,,,,I,1110000,42.0,10.0,completed,0.737609177442166,0.3903487473726272,0.8643732209136521,0.8170281052589417,0.763916552066803,0.8770054578781128,0.810162365436554,0.8985864520072937,0.8385014094753114,1.574617762752379,0.0484510514260505,0.2083688337843742,0.1518333739574857,0.0,0.0,1.861442632161564,0.4504087241035926,0.002335929880904,,,,,,,,,,,,,,,,,,,,,,,,,,,,,,,,,,,,,,,,,,,,,,,,,,,,,,,,,,,,,,,,,,,,,,,,,,,,,,,,,,,,,,,,,,,,,,,,0.7069910447612479,0.4475533538191282,,,,,,,,,,,,,,,,,,,
conv10e_del_wave_ce_s42_l0,Wavelet / MTL / SSL,False,True,10-Epoch Convergence,del_wave_ce,,,,,,,,,,,,,,,,,,,,,,,,,,,,,,,,,,,,,,,,,,,,,,,,,,,,,,,,,,,,,,,,,,,,,,,,,,,,,,,,,,,,,,,,,,,,,,,,,,,,,,,,,,,,,,,,,,I,1110000,42.0,10.0,completed,0.737467889880921,0.3928472936153412,0.8628022748491039,0.7998926043510437,0.7294349670410156,0.876190185546875,0.7940526604652405,0.8875894546508789,0.821872862139852,1.6147058697342145,0.143465519389149,0.2165224751687837,0.0,0.0,0.0,1.8385183796596645,0.3477227621446186,0.0023352202809457,,,,,,,,,,,,,,,,,,,,,,,,,,,,,,,,,,,,,,,,,,,,,,,,,,,,,,,,,,,,,,,,,,,,,,,,,,,,,,,,,,,,,,,,,,,,,,,,0.6897685239670847,0.4442679295792929,,,,,,,,,,,,,,,,,,,
conv10e_tf_sc16_cy8_s42_l0,Baseline / Other,False,True,10-Epoch Convergence,tf_sc16_cy8,,,,,,,,,,,,,,,,,,,,,,,,,,,,,,,,,,,,,,,,,,,,,,,,,,,,,,,,,,,,,,,,,,,,,,,,,,,,,,,,,,,,,,,,,,,,,,,,,,,,,,,,,,,,,,,,,,I,1110000,42.0,10.0,completed,0.7365993423258568,0.3908524036407471,0.8638860531475233,0.8102110028266907,0.7544881701469421,0.8779557347297668,0.7981892824172974,0.894282877445221,0.8245586819924905,1.6290530175007103,0.1964470248035585,0.2186622970544868,0.1610483066104762,0.0,0.0,1.938171852028939,0.3185004309056876,0.0022006349912685,,,,,,,,,,,,,,,,,,,,,,,,,,,,,,,,,,,,,,,,,,,,,,,,,,,,,,,,,,,,,,,,,,,,,,,,,,,,,,,,,,,,,,,,,,,,,,,,0.698004902830092,0.4275666738105647,,,,,,,,,,,,,,,,,,,
conv10e_R7_morlet_mag_ueg_real_s42_l0,Wavelet / MTL / SSL,False,True,10-Epoch Convergence,R7_morlet_mag_ueg_real,,,,,,,,,,,,,,,,,,,,,,,,,,,,,,,,,,,,,,,,,,,,,,,,,,,,,,,,,,,,,,,,,,,,,,,,,,,,,,,,,,,,,,,,,,,,,,,,,,,,,,,,,,,,,,,,,,I,1110000,42.0,10.0,completed,0.7358725783144232,0.3939708620309829,0.8671636322270269,0.8069760203361511,0.7503160834312439,0.8785718083381653,0.7920399904251099,0.8922213912010193,0.8217468567534706,1.633714661020398,0.241869031215677,0.2198511523672241,0.1624824920511887,0.0,0.0,1.9470102360957693,0.3337054920896906,0.0021944545775311,,,,,,,,,,,,,,,,,,,,,,,,,,,,,,,,,,,,,,,,,,,,,,,,,,,,,,,,,,,,,,,,,,,,,,,,,,,,,,,,,,,,,,,,,,,,,,,,0.7024574834314659,0.4682066195787613,,,,,,,,,,,,,,,,,,,
lean2_L0_lean_best_s42_l0,Lean Ablation Suite (Round 2),False,True,Lean Ablation Suite (Round 2),L0_lean_best,,,,,,,,,,,,,,,,,,,,,,,,,,,,,,,,,,,,,,,,,,,,,,,,,,,,,,,,,,,,,,,,,,,,,,,,,,,,,,,,,,,,,,,,,,,,,,,,,,,,,,,,,,,,,,,,,,I,1110000,42.0,15.0,completed,0.7325295639914203,0.3970420956611633,8.207732732745184,0.7280288338661194,0.6050503253936768,0.8727341294288635,0.7063022255897522,0.8379502296447754,0.749931752531505,9.871406540001036,0.0,0.159532849871835,0.1160131361668375,0.0,0.0,10.090942757511955,4.231502779840402,0.0399361571737062,,,,,,,,,,,,,,,,,,,,,,,,,,,,,,,,,,,,,,,,,,,,,,,,,,,,,,,,,,,,,,,,,,,,,,,,,,,,,,,,,,,,,,,,,,,,,,,,,,,,,,,,,,,,,,,,,,,,
conv10e_A0_raw_s42_l0,Baseline / Other,False,True,10-Epoch Convergence,A0_raw,,,,,,,,,,,,,,,,,,,,,,,,,,,,,,,,,,,,,,,,,,,,,,,,,,,,,,,,,,,,,,,,,,,,,,,,,,,,,,,,,,,,,,,,,,,,,,,,,,,,,,,,,,,,,,,,,,I,1110000,42.0,10.0,completed,0.7315404193695128,0.393294158577919,0.8787883459657863,0.7806310653686523,0.7102569937705994,0.877127468585968,0.7545086145401001,0.8750690817832947,0.7831636431547561,1.594957195413886,0.0,0.2158906621769563,0.1582515694957905,0.0,0.0,1.8900917447474184,0.4785035883271417,0.002362030906875,,,,,,,,,,,,,,,,,,,,,,,,,,,,,,,,,,,,,,,,,,,,,,,,,,,,,,,,,,,,,,,,,,,,,,,,,,,,,,,,,,,,,,,,,,,,,,,,0.6796713716574311,0.4289817848212718,,,,,,,,,,,,,,,,,,,
conv_control_1110000_s42_l0,Baseline / Other,False,True,3-Epoch Wavelet & SSL Screening,conv_control_1110000,,,,,,,,,,,,,,,,,,,,,,,,,,,,,,,,,,,,,,,,,,,,,,,,,,,,,,,,,,,,,,,,,,,,,,,,,,,,,,,,,,,,,,,,,,,,,,,,,,,,,,,,,,,,,,,,,,I,1110000,42.0,3.0,completed,0.7225563754022558,0.3831822097301483,0.9037303665409916,0.773502767086029,0.6859155893325806,0.8692053556442261,0.7653872966766357,0.8702772259712219,0.7942007402378396,1.7018808459126673,0.2068882367893998,0.2386634739405376,0.1771897693304858,0.0,0.0,2.039522793185025,0.7654094913087539,0.0007834664123181,,,,,,,,,,,,,,,,,,,,,,,,,,,,,,,,,,,,,,,,,,,,,,,,,,,,,,,,,,,,,,,,,,,,,,,,,,,,,,,,,,,,,,,,,,,,,,,,,,,,,,,,,,,,,,,,,,,,
conv15e_Z2_hardbasis_zscore_s42_l0,Kill-Gate Ablation Suite (Round 1),False,True,Kill-Gate Ablation Suite (Round 1),Z2_hardbasis_zscore,,,,,,,,,,,,,,,,,,,,,,,,,,,,,,,,,,,,,,,,,,,,,,,,,,,,,,,,,,,,,,,,,,,,,,,,,,,,,,,,,,,,,,,,,,,,,,,,,,,,,,,,,,,,,,,,,,I,1110000,42.0,8.0,interrupted_epoch8,0.7204419903941811,0.3861925363540649,4.334035247996233,0.6722608208656311,0.4776709079742431,0.8649467825889587,0.6741647720336914,0.7931588292121887,0.692592359720114,6.969010077024761,0.0,0.252628743356707,0.1922205666141673,0.0,0.0,7.326592961898486,1.1211485549023277,0.1768769403894499,,,,,,,,,,,,,,,,,,,,,,,,,,,,,,,,,,,,,,,,,,,,,,,,,,,,,,,,,,,,,,,,,,,,,,,,,,,,,,,,,,,,,,,,,,,,,,,,,,,,,,,,,,,,,,,,,,,,
R7_morlet_mag_ueg_real_1110000_s42_l0,Wavelet / MTL / SSL,False,True,3-Epoch Wavelet & SSL Screening,R7_morlet_mag_ueg_real_1110000,,,,,,,,,,,,,,,,,,,,,,,,,,,,,,,,,,,,,,,,,,,,,,,,,,,,,,,,,,,,,,,,,,,,,,,,,,,,,,,,,,,,,,,,,,,,,,,,,,,,,,,,,,,,,,,,,,I,1110000,42.0,3.0,completed,0.7167045849567835,0.3806386262178421,0.9164031536682792,0.741760790348053,0.6362491250038147,0.8682586550712585,0.7207745909690857,0.8483031392097473,0.7494035796497027,1.7083231096898035,0.244157985855929,0.2454590487363434,0.1838486273402537,0.0,0.0,2.057950422258972,0.7326959257938579,0.0007210876268657,,,,,,,,,,,,,,,,,,,,,,,,,,,,,,,,,,,,,,,,,,,,,,,,,,,,,,,,,,,,,,,,,,,,,,,,,,,,,,,,,,,,,,,,,,,,,,,,,,,,,,,,,,,,,,,,,,,,
del_wave_ce_1110000_s42_l0,Wavelet / MTL / SSL,False,True,3-Epoch Wavelet & SSL Screening,del_wave_ce_1110000,,,,,,,,,,,,,,,,,,,,,,,,,,,,,,,,,,,,,,,,,,,,,,,,,,,,,,,,,,,,,,,,,,,,,,,,,,,,,,,,,,,,,,,,,,,,,,,,,,,,,,,,,,,,,,,,,,I,1110000,42.0,3.0,completed,0.7164242333087062,0.3757015228271484,0.9178924353226372,0.7242771983146667,0.6007112860679626,0.8651056289672852,0.7070145010948181,0.8355312943458557,0.7463837962812205,1.7069555162070285,0.1909504907805304,0.2467731877231247,0.0,0.0,0.0,1.9633104255470828,0.6981562205488854,0.000683950558195,,,,,,,,,,,,,,,,,,,,,,,,,,,,,,,,,,,,,,,,,,,,,,,,,,,,,,,,,,,,,,,,,,,,,,,,,,,,,,,,,,,,,,,,,,,,,,,,,,,,,,,,,,,,,,,,,,,,
tf_sc16_cy4_1110000_s42_l0,Baseline / Other,False,True,3-Epoch Wavelet & SSL Screening,tf_sc16_cy4_1110000,,,,,,,,,,,,,,,,,,,,,,,,,,,,,,,,,,,,,,,,,,,,,,,,,,,,,,,,,,,,,,,,,,,,,,,,,,,,,,,,,,,,,,,,,,,,,,,,,,,,,,,,,,,,,,,,,,I,1110000,42.0,3.0,completed,0.7161931325965213,0.3710337251424789,0.9181151320968848,0.7389926910400391,0.627726674079895,0.8701667785644531,0.719084620475769,0.8461530804634094,0.745900613144979,1.708479086363476,0.1251312848841691,0.2472513130566189,0.1851961785605954,0.0,0.0,2.054620968230352,0.7463145754875722,0.000718370543144,,,,,,,,,,,,,,,,,,,,,,,,,,,,,,,,,,,,,,,,,,,,,,,,,,,,,,,,,,,,,,,,,,,,,,,,,,,,,,,,,,,,,,,,,,,,,,,,,,,,,,,,,,,,,,,,,,,,
R8_morlet_mag_ueg_mag_1110000_s42_l0,Wavelet / MTL / SSL,False,True,3-Epoch Wavelet & SSL Screening,R8_morlet_mag_ueg_mag_1110000,,,,,,,,,,,,,,,,,,,,,,,,,,,,,,,,,,,,,,,,,,,,,,,,,,,,,,,,,,,,,,,,,,,,,,,,,,,,,,,,,,,,,,,,,,,,,,,,,,,,,,,,,,,,,,,,,,I,1110000,42.0,3.0,completed,0.715817882212035,0.3761722892522812,0.9196059021396912,0.7327867150306702,0.6211676001548767,0.8658687472343445,0.7113239169120789,0.8419162631034851,0.7548316708229428,1.7081147584074714,0.1406865802068021,0.2463431841302822,0.1843909117845747,0.0,0.0,2.053727893525851,0.6839974936430719,0.0008032389963786,,,,,,,,,,,,,,,,,,,,,,,,,,,,,,,,,,,,,,,,,,,,,,,,,,,,,,,,,,,,,,,,,,,,,,,,,,,,,,,,,,,,,,,,,,,,,,,,,,,,,,,,,,,,,,,,,,,,
ssl_log_magnitude_real_local_gated_add_1110000_s42_l0,Wavelet / MTL / SSL,False,True,3-Epoch Wavelet & SSL Screening,ssl_log_magnitude_real_local_gated_add_1110000,,,,,,,,,,,,,,,,,,,,,,,,,,,,,,,,,,,,,,,,,,,,,,,,,,,,,,,,,,,,,,,,,,,,,,,,,,,,,,,,,,,,,,,,,,,,,,,,,,,,,,,,,,,,,,,,,,I,1110000,42.0,3.0,completed,0.7157592533930174,0.3744731307029724,0.9194719134897426,0.738464891910553,0.6340681314468384,0.8657306432723999,0.7155959010124207,0.8461062908172607,0.7507171405403154,1.7090729278041508,0.0483109301715323,0.2466274105203925,0.1846736512686076,0.0,0.0,2.050488128510362,0.7441579072281371,0.0007083646281188,,,,,,,,,,,,,,,,,,,,,,,,,,,,,,,,,,,,,,,,,,,,,,,,,,,,,,,,,,,,,,,,,,,,,,,,,,,,,,,,,,,,,,,,,,,,,,,,,,,,,,,,,,,,,,,,,,,,
del_fid_1110000_s42_l0,Wavelet / MTL / SSL,False,True,3-Epoch Wavelet & SSL Screening,del_fid_1110000,,,,,,,,,,,,,,,,,,,,,,,,,,,,,,,,,,,,,,,,,,,,,,,,,,,,,,,,,,,,,,,,,,,,,,,,,,,,,,,,,,,,,,,,,,,,,,,,,,,,,,,,,,,,,,,,,,I,1110000,42.0,3.0,completed,0.7156191121614476,0.3785862445831299,0.9195713349010634,0.737288236618042,0.6253706812858582,0.866925060749054,0.7195689082145691,0.8450496196746826,0.7497510023750542,1.7080802872248058,0.1663691565631506,0.2471206399772859,0.1852784242886808,0.0,0.1680479824834821,2.07299772689217,0.7043709770082114,0.0006866168361757,,,,,,,,,,,,,,,,,,,,,,,,,,,,,,,,,,,,,,,,,,,,,,,,,,,,,,,,,,,,,,,,,,,,,,,,,,,,,,,,,,,,,,,,,,,,,,,,,,,,,,,,,,,,,,,,,,,,
R2_morlet_mag_ueg_phase_sin_1110000_s42_l0,Wavelet / MTL / SSL,False,True,3-Epoch Wavelet & SSL Screening,R2_morlet_mag_ueg_phase_sin_1110000,,,,,,,,,,,,,,,,,,,,,,,,,,,,,,,,,,,,,,,,,,,,,,,,,,,,,,,,,,,,,,,,,,,,,,,,,,,,,,,,,,,,,,,,,,,,,,,,,,,,,,,,,,,,,,,,,,I,1110000,42.0,3.0,completed,0.7156101340885337,0.3793161183595657,0.9208245294681494,0.7362966537475586,0.6242984533309937,0.8664728999137878,0.7181185483932495,0.844365119934082,0.7484337666886799,1.709310166546881,0.1741082000032049,0.2465346095173858,0.1848935170447957,0.0,0.0,2.057034699394478,0.6932570316180168,0.000755049407057,,,,,,,,,,,,,,,,,,,,,,,,,,,,,,,,,,,,,,,,,,,,,,,,,,,,,,,,,,,,,,,,,,,,,,,,,,,,,,,,,,,,,,,,,,,,,,,,,,,,,,,,,,,,,,,,,,,,
ssl_magnitude_phase_both_gated_add_1110000_s42_l0,Wavelet / MTL / SSL,False,True,3-Epoch Wavelet & SSL Screening,ssl_magnitude_phase_both_gated_add_1110000,,,,,,,,,,,,,,,,,,,,,,,,,,,,,,,,,,,,,,,,,,,,,,,,,,,,,,,,,,,,,,,,,,,,,,,,,,,,,,,,,,,,,,,,,,,,,,,,,,,,,,,,,,,,,,,,,,I,1110000,42.0,3.0,completed,0.7155612060272033,0.3759006947278976,0.9194153339966484,0.7395286560058594,0.6360440850257874,0.8672263622283936,0.715315580368042,0.8468217849731445,0.7487278475533309,1.708567204790571,0.1705098468787521,0.2466517930515247,0.1845977913355739,0.0,0.0,2.056081609159817,0.7595912956403548,0.0007645049236924,,,,,,,,,,,,,,,,,,,,,,,,,,,,,,,,,,,,,,,,,,,,,,,,,,,,,,,,,,,,,,,,,,,,,,,,,,,,,,,,,,,,,,,,,,,,,,,,,,,,,,,,,,,,,,,,,,,,
R1_morlet_mag_ueg_phase_1110000_s42_l0,Wavelet / MTL / SSL,False,True,3-Epoch Wavelet & SSL Screening,R1_morlet_mag_ueg_phase_1110000,,,,,,,,,,,,,,,,,,,,,,,,,,,,,,,,,,,,,,,,,,,,,,,,,,,,,,,,,,,,,,,,,,,,,,,,,,,,,,,,,,,,,,,,,,,,,,,,,,,,,,,,,,,,,,,,,,I,1110000,42.0,3.0,completed,0.7153904611996511,0.3770565241575241,0.920304612836976,0.7388690114021301,0.6265555024147034,0.8678389191627502,0.7222127318382263,0.8461182713508606,0.7511477247504547,1.706155218867952,0.1337079120528596,0.2463630401373201,0.1846430637261567,0.0,0.0,2.051564368507124,0.7409216427270464,0.0007835696998175,,,,,,,,,,,,,,,,,,,,,,,,,,,,,,,,,,,,,,,,,,,,,,,,,,,,,,,,,,,,,,,,,,,,,,,,,,,,,,,,,,,,,,,,,,,,,,,,,,,,,,,,,,,,,,,,,,,,
ssl_log_magnitude_real_both_gated_add_1110000_s42_l0,Wavelet / MTL / SSL,False,True,3-Epoch Wavelet & SSL Screening,ssl_log_magnitude_real_both_gated_add_1110000,,,,,,,,,,,,,,,,,,,,,,,,,,,,,,,,,,,,,,,,,,,,,,,,,,,,,,,,,,,,,,,,,,,,,,,,,,,,,,,,,,,,,,,,,,,,,,,,,,,,,,,,,,,,,,,,,,I,1110000,42.0,3.0,completed,0.7153801039540462,0.3765253245830536,0.9197020997171816,0.742088794708252,0.6421955227851868,0.8673011660575867,0.7167696952819824,0.8486917018890381,0.7517588843326837,1.7085796474972728,0.0606949851008056,0.2463825949840475,0.1844610916211234,0.0,0.0,2.050262948144752,0.7291304039583066,0.000708124710924,,,,,,,,,,,,,,,,,,,,,,,,,,,,,,,,,,,,,,,,,,,,,,,,,,,,,,,,,,,,,,,,,,,,,,,,,,,,,,,,,,,,,,,,,,,,,,,,,,,,,,,,,,,,,,,,,,,,
R0_morlet_mag_morlet_phase_1110000_s42_l0,Wavelet / MTL / SSL,False,True,3-Epoch Wavelet & SSL Screening,R0_morlet_mag_morlet_phase_1110000,,,,,,,,,,,,,,,,,,,,,,,,,,,,,,,,,,,,,,,,,,,,,,,,,,,,,,,,,,,,,,,,,,,,,,,,,,,,,,,,,,,,,,,,,,,,,,,,,,,,,,,,,,,,,,,,,,I,1110000,42.0,3.0,completed,0.7153526870303446,0.3698003828525543,0.919543060703554,0.737882137298584,0.6286813020706177,0.8668493032455444,0.7181158661842346,0.8455410003662109,0.7481213879759243,1.7085055922644812,0.2751337900447729,0.2472015174249394,0.1850394041185133,0.0,0.0,2.0620256687173644,0.7302505135755061,0.0008433476313999,,,,,,,,,,,,,,,,,,,,,,,,,,,,,,,,,,,,,,,,,,,,,,,,,,,,,,,,,,,,,,,,,,,,,,,,,,,,,,,,,,,,,,,,,,,,,,,,,,,,,,,,,,,,,,,,,,,,
tf_sc16_cy8_1110000_s42_l0,Baseline / Other,False,True,3-Epoch Wavelet & SSL Screening,tf_sc16_cy8_1110000,,,,,,,,,,,,,,,,,,,,,,,,,,,,,,,,,,,,,,,,,,,,,,,,,,,,,,,,,,,,,,,,,,,,,,,,,,,,,,,,,,,,,,,,,,,,,,,,,,,,,,,,,,,,,,,,,,I,1110000,42.0,3.0,completed,0.7153252836408975,0.3775775760412216,0.9194824531458426,0.748788595199585,0.6459946036338806,0.8656488656997681,0.7347224354743958,0.8533313274383545,0.7527447092559385,1.7078843148860674,0.1000918559228483,0.2447273939154869,0.1833082892757588,0.0,0.0,2.0493092809779845,0.7101731554239149,0.0007767243738959,,,,,,,,,,,,,,,,,,,,,,,,,,,,,,,,,,,,,,,,,,,,,,,,,,,,,,,,,,,,,,,,,,,,,,,,,,,,,,,,,,,,,,,,,,,,,,,,,,,,,,,,,,,,,,,,,,,,
ssl_log_magnitude_phase_sin_local_gated_add_1110000_s42_l0,Wavelet / MTL / SSL,False,True,3-Epoch Wavelet & SSL Screening,ssl_log_magnitude_phase_sin_local_gated_add_1110000,,,,,,,,,,,,,,,,,,,,,,,,,,,,,,,,,,,,,,,,,,,,,,,,,,,,,,,,,,,,,,,,,,,,,,,,,,,,,,,,,,,,,,,,,,,,,,,,,,,,,,,,,,,,,,,,,,I,1110000,42.0,3.0,completed,0.7152293072834243,0.3730569392442703,0.9199182745339214,0.7371214032173157,0.6221914887428284,0.8666926026344299,0.722480058670044,0.8448565602302551,0.7513057091893696,1.7085607135018637,0.0451612474722844,0.2466080395944845,0.1848099601604363,0.0,0.0,2.049871104145867,0.7018149538898117,0.0007861776860853,,,,,,,,,,,,,,,,,,,,,,,,,,,,,,,,,,,,,,,,,,,,,,,,,,,,,,,,,,,,,,,,,,,,,,,,,,,,,,,,,,,,,,,,,,,,,,,,,,,,,,,,,,,,,,,,,,,,
tau0.999_1110000_s42_l0,Baseline / Other,False,True,3-Epoch Wavelet & SSL Screening,tau0.999_1110000,,,,,,,,,,,,,,,,,,,,,,,,,,,,,,,,,,,,,,,,,,,,,,,,,,,,,,,,,,,,,,,,,,,,,,,,,,,,,,,,,,,,,,,,,,,,,,,,,,,,,,,,,,,,,,,,,,I,1110000,42.0,3.0,completed,0.7151633662769363,0.375064492225647,0.920366108417511,0.7336457371711731,0.6260232329368591,0.8657082915306091,0.7092057466506958,0.8426306843757629,0.7456338850959886,1.7108652257569126,0.0858153269661538,0.2468694807412137,0.184733532560645,0.0,0.0,2.0544270332469496,0.7419877806849404,0.0006958176132882,,,,,,,,,,,,,,,,,,,,,,,,,,,,,,,,,,,,,,,,,,,,,,,,,,,,,,,,,,,,,,,,,,,,,,,,,,,,,,,,,,,,,,,,,,,,,,,,,,,,,,,,,,,,,,,,,,,,
ssl_log_magnitude_phase_sin_both_gated_add_1110000_s42_l0,Wavelet / MTL / SSL,False,True,3-Epoch Wavelet & SSL Screening,ssl_log_magnitude_phase_sin_both_gated_add_1110000,,,,,,,,,,,,,,,,,,,,,,,,,,,,,,,,,,,,,,,,,,,,,,,,,,,,,,,,,,,,,,,,,,,,,,,,,,,,,,,,,,,,,,,,,,,,,,,,,,,,,,,,,,,,,,,,,,I,1110000,42.0,3.0,completed,0.7149802360792895,0.3764189302921295,0.920752133148304,0.7300612330436707,0.6176304221153259,0.8666856288909912,0.7058675289154053,0.8399273753166199,0.742560730360392,1.7100819229641917,0.158808035176416,0.2469918571749982,0.184960895171218,0.0,0.0,2.057532403139327,0.7487203445983196,0.0007555071292326,,,,,,,,,,,,,,,,,,,,,,,,,,,,,,,,,,,,,,,,,,,,,,,,,,,,,,,,,,,,,,,,,,,,,,,,,,,,,,,,,,,,,,,,,,,,,,,,,,,,,,,,,,,,,,,,,,,,
del_wave_boundary_1110000_s42_l0,Wavelet / MTL / SSL,False,True,3-Epoch Wavelet & SSL Screening,del_wave_boundary_1110000,,,,,,,,,,,,,,,,,,,,,,,,,,,,,,,,,,,,,,,,,,,,,,,,,,,,,,,,,,,,,,,,,,,,,,,,,,,,,,,,,,,,,,,,,,,,,,,,,,,,,,,,,,,,,,,,,,I,1110000,42.0,3.0,completed,0.7148808085788818,0.3770416766405106,0.9197913615599924,0.734122097492218,0.6215123534202576,0.8677944540977478,0.713059663772583,0.8427667617797852,0.7626146412018012,1.7092018999989205,0.1666705021805687,0.2466905637207638,0.1850015469251093,0.0273687375419872,0.0,2.05950160154952,0.7164772688576466,0.0007592113774795,,,,,,,,,,,,,,,,,,,,,,,,,,,,,,,,,,,,,,,,,,,,,,,,,,,,,,,,,,,,,,,,,,,,,,,,,,,,,,,,,,,,,,,,,,,,,,,,,,,,,,,,,,,,,,,,,,,,
E1_ssl_both_1110000_s42_l0,Wavelet / MTL / SSL,False,True,3-Epoch Wavelet & SSL Screening,E1_ssl_both_1110000,,,,,,,,,,,,,,,,,,,,,,,,,,,,,,,,,,,,,,,,,,,,,,,,,,,,,,,,,,,,,,,,,,,,,,,,,,,,,,,,,,,,,,,,,,,,,,,,,,,,,,,,,,,,,,,,,,I,1110000,42.0,3.0,completed,0.7147697362763167,0.3774885654449463,0.9199804516806118,0.7277137637138367,0.61432945728302,0.8648503422737122,0.7039614319801331,0.8382959365844727,0.7396857897355429,1.7089075757648835,0.1563498631685133,0.2475445180073508,0.1854755789442774,0.0,0.0,2.057043433189392,0.8421374799790844,0.0007211478745912,,,,,,,,,,,,,,,,,,,,,,,,,,,,,,,,,,,,,,,,,,,,,,,,,,,,,,,,,,,,,,,,,,,,,,,,,,,,,,,,,,,,,,,,,,,,,,,,,,,,,,,,,,,,,,,,,,,,
ssl_w0.1_1110000_s42_l0,Wavelet / MTL / SSL,False,True,3-Epoch Wavelet & SSL Screening,ssl_w0.1_1110000,,,,,,,,,,,,,,,,,,,,,,,,,,,,,,,,,,,,,,,,,,,,,,,,,,,,,,,,,,,,,,,,,,,,,,,,,,,,,,,,,,,,,,,,,,,,,,,,,,,,,,,,,,,,,,,,,,I,1110000,42.0,3.0,completed,0.714701973361723,0.3729772627353668,0.9211918763492418,0.7377251982688904,0.6268259882926941,0.8681437373161316,0.7182057499885559,0.8453419804573059,0.7483321144939251,1.7100763487261397,0.1512577578954334,0.24699532730343,0.1850948200961221,0.0,0.0,2.0647803385955177,0.7156317182058511,0.0007094409089647,,,,,,,,,,,,,,,,,,,,,,,,,,,,,,,,,,,,,,,,,,,,,,,,,,,,,,,,,,,,,,,,,,,,,,,,,,,,,,,,,,,,,,,,,,,,,,,,,,,,,,,,,,,,,,,,,,,,
tf_sc48_cy6_1110000_s42_l0,Baseline / Other,False,True,3-Epoch Wavelet & SSL Screening,tf_sc48_cy6_1110000,,,,,,,,,,,,,,,,,,,,,,,,,,,,,,,,,,,,,,,,,,,,,,,,,,,,,,,,,,,,,,,,,,,,,,,,,,,,,,,,,,,,,,,,,,,,,,,,,,,,,,,,,,,,,,,,,,I,1110000,42.0,3.0,completed,0.714684828184545,0.3658531099557877,0.920051424399666,0.74049973487854,0.6376596093177795,0.8648844361305237,0.7189552187919617,0.8475983142852783,0.7498499493428983,1.7097009665525382,0.1466052464347428,0.2466358813107232,0.1846458496778948,0.0,0.0,2.056023582542541,0.7656640909986075,0.0006709145099201,,,,,,,,,,,,,,,,,,,,,,,,,,,,,,,,,,,,,,,,,,,,,,,,,,,,,,,,,,,,,,,,,,,,,,,,,,,,,,,,,,,,,,,,,,,,,,,,,,,,,,,,,,,,,,,,,,,,
C1_E1_morlet_mag_morlet_phase_1110000_s42_l0,Wavelet / MTL / SSL,False,True,3-Epoch Wavelet & SSL Screening,C1_E1_morlet_mag_morlet_phase_1110000,,,,,,,,,,,,,,,,,,,,,,,,,,,,,,,,,,,,,,,,,,,,,,,,,,,,,,,,,,,,,,,,,,,,,,,,,,,,,,,,,,,,,,,,,,,,,,,,,,,,,,,,,,,,,,,,,,I,1110000,42.0,3.0,completed,0.7146708084551078,0.3748343646526337,0.920371179131494,0.7405315041542053,0.6352021098136902,0.8653286099433899,0.7210639119148254,0.8475468158721924,0.744810342396187,1.7098466836399373,0.1814669635479715,0.2468643272375389,0.1850659608695031,0.0,0.0,2.058350324776648,0.8427424875875728,0.0006596522724282,,,,,,,,,,,,,,,,,,,,,,,,,,,,,,,,,,,,,,,,,,,,,,,,,,,,,,,,,,,,,,,,,,,,,,,,,,,,,,,,,,,,,,,,,,,,,,,,,,,,,,,,,,,,,,,,,,,,
ssl_w0.01_1110000_s42_l0,Wavelet / MTL / SSL,False,True,3-Epoch Wavelet & SSL Screening,ssl_w0.01_1110000,,,,,,,,,,,,,,,,,,,,,,,,,,,,,,,,,,,,,,,,,,,,,,,,,,,,,,,,,,,,,,,,,,,,,,,,,,,,,,,,,,,,,,,,,,,,,,,,,,,,,,,,,,,,,,,,,,I,1110000,42.0,3.0,completed,0.7146241041672541,0.3709500342607498,0.9211516034775886,0.7365909218788147,0.6287185549736023,0.8663222193717957,0.7147319912910461,0.844683825969696,0.7414059286911954,1.710421972788387,0.1047470271222594,0.2474314352289991,0.1854377697555934,0.0,0.0,2.0516542689452995,0.7389984694623013,0.0006901721554199,,,,,,,,,,,,,,,,,,,,,,,,,,,,,,,,,,,,,,,,,,,,,,,,,,,,,,,,,,,,,,,,,,,,,,,,,,,,,,,,,,,,,,,,,,,,,,,,,,,,,,,,,,,,,,,,,,,,
ssl_global_1110000_s42_l0,Wavelet / MTL / SSL,False,True,3-Epoch Wavelet & SSL Screening,ssl_global_1110000,,,,,,,,,,,,,,,,,,,,,,,,,,,,,,,,,,,,,,,,,,,,,,,,,,,,,,,,,,,,,,,,,,,,,,,,,,,,,,,,,,,,,,,,,,,,,,,,,,,,,,,,,,,,,,,,,,I,1110000,42.0,3.0,completed,0.7146137441281081,0.3673207432031631,0.9227334805156874,0.7324557304382324,0.6169288754463196,0.8664107322692871,0.7140277624130249,0.8415564894676208,0.7406111459184239,1.7100797472852245,0.0005507774860797,0.2476309516000922,0.1855255342755498,0.0,0.0,2.0505357432102778,0.7638610339514921,0.0006947925216629,,,,,,,,,,,,,,,,,,,,,,,,,,,,,,,,,,,,,,,,,,,,,,,,,,,,,,,,,,,,,,,,,,,,,,,,,,,,,,,,,,,,,,,,,,,,,,,,,,,,,,,,,,,,,,,,,,,,
R4_morlet_mag_ueg_phase_wyatt_1110000_s42_l0,Wavelet / MTL / SSL,False,True,3-Epoch Wavelet & SSL Screening,R4_morlet_mag_ueg_phase_wyatt_1110000,,,,,,,,,,,,,,,,,,,,,,,,,,,,,,,,,,,,,,,,,,,,,,,,,,,,,,,,,,,,,,,,,,,,,,,,,,,,,,,,,,,,,,,,,,,,,,,,,,,,,,,,,,,,,,,,,,I,1110000,42.0,3.0,completed,0.7145877923010975,0.3638953506946564,0.920724962932476,0.737818717956543,0.6323543787002563,0.8656071424484253,0.7154945731163025,0.8456314206123352,0.7495094664925407,1.7098672944445945,0.2177579097240032,0.2471308838781265,0.1851313950236307,0.0,0.0,2.0604886719763207,0.7410788068062235,0.0007380688204053,,,,,,,,,,,,,,,,,,,,,,,,,,,,,,,,,,,,,,,,,,,,,,,,,,,,,,,,,,,,,,,,,,,,,,,,,,,,,,,,,,,,,,,,,,,,,,,,,,,,,,,,,,,,,,,,,,,,
ssl_both_infer_mean_1110000_s42_l0,Wavelet / MTL / SSL,False,True,3-Epoch Wavelet & SSL Screening,ssl_both_infer_mean_1110000,,,,,,,,,,,,,,,,,,,,,,,,,,,,,,,,,,,,,,,,,,,,,,,,,,,,,,,,,,,,,,,,,,,,,,,,,,,,,,,,,,,,,,,,,,,,,,,,,,,,,,,,,,,,,,,,,,I,1110000,42.0,3.0,completed,0.7144938945178108,0.3659457236528396,0.923487755699434,0.6986569762229919,0.528262734413147,0.8671282529830933,0.700579822063446,0.8146970868110657,0.7252186187913914,1.7073838198637292,0.0184569093267657,0.2508097770310382,0.1902750062971687,0.0,0.0,2.0542918159153354,0.6694129603838541,0.0007574167221555,,,,,,,,,,,,,,,,,,,,,,,,,,,,,,,,,,,,,,,,,,,,,,,,,,,,,,,,,,,,,,,,,,,,,,,,,,,,,,,,,,,,,,,,,,,,,,,,,,,,,,,,,,,,,,,,,,,,
R6_morlet_mag_ueg_phase_wyatt_1110000_s42_l0,Wavelet / MTL / SSL,False,True,3-Epoch Wavelet & SSL Screening,R6_morlet_mag_ueg_phase_wyatt_1110000,,,,,,,,,,,,,,,,,,,,,,,,,,,,,,,,,,,,,,,,,,,,,,,,,,,,,,,,,,,,,,,,,,,,,,,,,,,,,,,,,,,,,,,,,,,,,,,,,,,,,,,,,,,,,,,,,,I,1110000,42.0,3.0,completed,0.714480083841921,0.3807594746351242,0.9221095295919888,0.7402737736701965,0.6350650787353516,0.8653573393821716,0.7203989624977112,0.8473685383796692,0.7448586414388019,1.7096724244634844,0.1035366421668007,0.2471942722870349,0.1851550257483194,0.0,0.0,2.0546563799553432,0.7178984053679166,0.0007067501495329,,,,,,,,,,,,,,,,,,,,,,,,,,,,,,,,,,,,,,,,,,,,,,,,,,,,,,,,,,,,,,,,,,,,,,,,,,,,,,,,,,,,,,,,,,,,,,,,,,,,,,,,,,,,,,,,,,,,
mask_fixed_wave_1110000_s42_l0,Wavelet / MTL / SSL,False,True,3-Epoch Wavelet & SSL Screening,mask_fixed_wave_1110000,,,,,,,,,,,,,,,,,,,,,,,,,,,,,,,,,,,,,,,,,,,,,,,,,,,,,,,,,,,,,,,,,,,,,,,,,,,,,,,,,,,,,,,,,,,,,,,,,,,,,,,,,,,,,,,,,,I,1110000,42.0,3.0,completed,0.7144686898879581,0.3712092310190201,0.9213528788608052,0.7319321036338806,0.6197279691696167,0.8671311140060425,0.7089371681213379,0.8412482142448425,0.7474379522265502,1.70973020215659,0.1371113312871832,0.2470010578121666,0.1850470641543553,0.0,0.0,2.056151412254156,0.7341372498392037,0.0008209666677604,,,,,,,,,,,,,,,,,,,,,,,,,,,,,,,,,,,,,,,,,,,,,,,,,,,,,,,,,,,,,,,,,,,,,,,,,,,,,,,,,,,,,,,,,,,,,,,,,,,,,,,,,,,,,,,,,,,,
tf_sc32_cy4_1110000_s42_l0,Baseline / Other,False,True,3-Epoch Wavelet & SSL Screening,tf_sc32_cy4_1110000,,,,,,,,,,,,,,,,,,,,,,,,,,,,,,,,,,,,,,,,,,,,,,,,,,,,,,,,,,,,,,,,,,,,,,,,,,,,,,,,,,,,,,,,,,,,,,,,,,,,,,,,,,,,,,,,,,I,1110000,42.0,3.0,completed,0.714408285477281,0.3663481712341309,0.921924997067106,0.7328717708587646,0.6163197755813599,0.8683568835258484,0.7139387726783752,0.8417529463768005,0.7456832497627107,1.709497229851591,0.1760342361147867,0.248554250236824,0.1862437439081572,0.0,0.0,2.060013106140688,0.7247540414187432,0.000760826257855,,,,,,,,,,,,,,,,,,,,,,,,,,,,,,,,,,,,,,,,,,,,,,,,,,,,,,,,,,,,,,,,,,,,,,,,,,,,,,,,,,,,,,,,,,,,,,,,,,,,,,,,,,,,,,,,,,,,
R3_morlet_logmag_ueg_phase_sin_1110000_s42_l0,Wavelet / MTL / SSL,False,True,3-Epoch Wavelet & SSL Screening,R3_morlet_logmag_ueg_phase_sin_1110000,,,,,,,,,,,,,,,,,,,,,,,,,,,,,,,,,,,,,,,,,,,,,,,,,,,,,,,,,,,,,,,,,,,,,,,,,,,,,,,,,,,,,,,,,,,,,,,,,,,,,,,,,,,,,,,,,,I,1110000,42.0,3.0,completed,0.714398385249539,0.3716234683990478,0.9219434952390366,0.7272095680236816,0.60920649766922,0.8661161065101624,0.7063062191009521,0.837761402130127,0.7443709633007578,1.7110052918570715,0.2065175317930037,0.2475347921635267,0.1855833441420313,0.0,0.0,2.061693831056247,0.7095735182705241,0.0007240203971157,,,,,,,,,,,,,,,,,,,,,,,,,,,,,,,,,,,,,,,,,,,,,,,,,,,,,,,,,,,,,,,,,,,,,,,,,,,,,,,,,,,,,,,,,,,,,,,,,,,,,,,,,,,,,,,,,,,,
R5_morlet_mag_ueg_phase_wyatt_1110000_s42_l0,Wavelet / MTL / SSL,False,True,3-Epoch Wavelet & SSL Screening,R5_morlet_mag_ueg_phase_wyatt_1110000,,,,,,,,,,,,,,,,,,,,,,,,,,,,,,,,,,,,,,,,,,,,,,,,,,,,,,,,,,,,,,,,,,,,,,,,,,,,,,,,,,,,,,,,,,,,,,,,,,,,,,,,,,,,,,,,,,I,1110000,42.0,3.0,completed,0.7143003533701393,0.3726702719926834,0.9212858512781668,0.7388612627983093,0.6333819031715393,0.8664299249649048,0.7167718410491943,0.8463349342346191,0.7482408367156782,1.709620093774037,0.1535031168084395,0.2464660969329143,0.1845545971554087,0.0,0.0,2.0560722066547763,0.7363674858610079,0.0006712995233355,,,,,,,,,,,,,,,,,,,,,,,,,,,,,,,,,,,,,,,,,,,,,,,,,,,,,,,,,,,,,,,,,,,,,,,,,,,,,,,,,,,,,,,,,,,,,,,,,,,,,,,,,,,,,,,,,,,,
P1_A0_morlet_mag_phase_noSSL_1110000_s42_l0,Wavelet / MTL / SSL,False,True,3-Epoch Wavelet & SSL Screening,P1_A0_morlet_mag_phase_noSSL_1110000,,,,,,,,,,,,,,,,,,,,,,,,,,,,,,,,,,,,,,,,,,,,,,,,,,,,,,,,,,,,,,,,,,,,,,,,,,,,,,,,,,,,,,,,,,,,,,,,,,,,,,,,,,,,,,,,,,I,1110000,42.0,3.0,completed,0.7142592335535376,0.3749456793069839,0.9218402401260708,0.7316214442253113,0.6167447566986084,0.8661336302757263,0.7119859457015991,0.8409926295280457,0.7347376962995358,1.7111073908928411,0.0,0.2476563355184389,0.185769145316564,0.0,0.0,2.0516900258957245,0.6885911152405138,0.0008346068530985,,,,,,,,,,,,,,,,,,,,,,,,,,,,,,,,,,,,,,,,,,,,,,,,,,,,,,,,,,,,,,,,,,,,,,,,,,,,,,,,,,,,,,,,,,,,,,,,,,,,,,,,,,,,,,,,,,,,
tf_small96_1110000_s42_l0,Baseline / Other,False,True,3-Epoch Wavelet & SSL Screening,tf_small96_1110000,,,,,,,,,,,,,,,,,,,,,,,,,,,,,,,,,,,,,,,,,,,,,,,,,,,,,,,,,,,,,,,,,,,,,,,,,,,,,,,,,,,,,,,,,,,,,,,,,,,,,,,,,,,,,,,,,,I,1110000,42.0,3.0,completed,0.7142331795412851,0.3754441261291504,0.9224724760953932,0.7317360043525696,0.6183536052703857,0.8661796450614929,0.7106747627258301,0.8411129117012024,0.74384778227729,1.708795287617855,0.0254764901234733,0.2466958081269935,0.1849518411016522,0.0,0.0,2.0492812056582297,0.6560931603356995,0.0008072614667448,,,,,,,,,,,,,,,,,,,,,,,,,,,,,,,,,,,,,,,,,,,,,,,,,,,,,,,,,,,,,,,,,,,,,,,,,,,,,,,,,,,,,,,,,,,,,,,,,,,,,,,,,,,,,,,,,,,,
A0_wave_noSSL_gated_add_1110000_s42_l0,Wavelet / MTL / SSL,False,True,3-Epoch Wavelet & SSL Screening,A0_wave_noSSL_gated_add_1110000,,,,,,,,,,,,,,,,,,,,,,,,,,,,,,,,,,,,,,,,,,,,,,,,,,,,,,,,,,,,,,,,,,,,,,,,,,,,,,,,,,,,,,,,,,,,,,,,,,,,,,,,,,,,,,,,,,I,1110000,42.0,3.0,completed,0.7136148773283073,0.3708684861660004,0.922718206177587,0.7338972687721252,0.6229982972145081,0.8663917183876038,0.7123019099235535,0.8427026867866516,0.7443857447709781,1.7104250007335238,0.0,0.2469677932405413,0.185054015062722,0.0,0.0,2.0499547705364343,0.7176759529361818,0.0006993068316954,,,,,,,,,,,,,,,,,,,,,,,,,,,,,,,,,,,,,,,,,,,,,,,,,,,,,,,,,,,,,,,,,,,,,,,,,,,,,,,,,,,,,,,,,,,,,,,,,,,,,,,,,,,,,,,,,,,,
tau0.99_1110000_s42_l0,Baseline / Other,False,True,3-Epoch Wavelet & SSL Screening,tau0.99_1110000,,,,,,,,,,,,,,,,,,,,,,,,,,,,,,,,,,,,,,,,,,,,,,,,,,,,,,,,,,,,,,,,,,,,,,,,,,,,,,,,,,,,,,,,,,,,,,,,,,,,,,,,,,,,,,,,,,I,1110000,42.0,3.0,completed,0.7134072991873877,0.3746901124715805,0.9241669359414474,0.73429274559021,0.622337281703949,0.8673427700996399,0.713198184967041,0.8429209589958191,0.7418565372844749,1.7109102849715196,0.122165185585162,0.247980303761425,0.1859841621053408,0.0,0.0,2.0580269028244578,0.7255776639995843,0.0007194167758167,,,,,,,,,,,,,,,,,,,,,,,,,,,,,,,,,,,,,,,,,,,,,,,,,,,,,,,,,,,,,,,,,,,,,,,,,,,,,,,,,,,,,,,,,,,,,,,,,,,,,,,,,,,,,,,,,,,,
ssl_magnitude_phase_sin_local_gated_add_1110000_s42_l0,Wavelet / MTL / SSL,False,True,3-Epoch Wavelet & SSL Screening,ssl_magnitude_phase_sin_local_gated_add_1110000,,,,,,,,,,,,,,,,,,,,,,,,,,,,,,,,,,,,,,,,,,,,,,,,,,,,,,,,,,,,,,,,,,,,,,,,,,,,,,,,,,,,,,,,,,,,,,,,,,,,,,,,,,,,,,,,,,I,1110000,42.0,3.0,completed,0.7132059475402738,0.3735592931509018,0.9232612796451736,0.7371664047241211,0.6270777583122253,0.8676918745040894,0.7167295217514038,0.8449854254722595,0.7481893089050121,1.711082184183408,0.0865811018348469,0.2467947163809469,0.1848448053130029,0.0,0.0,2.054666523104636,0.7442156538969155,0.0007632174900146,,,,,,,,,,,,,,,,,,,,,,,,,,,,,,,,,,,,,,,,,,,,,,,,,,,,,,,,,,,,,,,,,,,,,,,,,,,,,,,,,,,,,,,,,,,,,,,,,,,,,,,,,,,,,,,,,,,,
ssl_magnitude_phase_local_gated_add_1110000_s42_l0,Wavelet / MTL / SSL,False,True,3-Epoch Wavelet & SSL Screening,ssl_magnitude_phase_local_gated_add_1110000,,,,,,,,,,,,,,,,,,,,,,,,,,,,,,,,,,,,,,,,,,,,,,,,,,,,,,,,,,,,,,,,,,,,,,,,,,,,,,,,,,,,,,,,,,,,,,,,,,,,,,,,,,,,,,,,,,I,1110000,42.0,3.0,completed,0.7131080830775192,0.3667272925376892,0.9240139964698018,0.7357704639434814,0.6286160945892334,0.8677270412445068,0.7109683156013489,0.8440714478492737,0.7432524147621159,1.7111181357791112,0.0753709836572299,0.2473224513825471,0.1852784412143572,0.0,0.0,2.054883682158761,0.7321487546988479,0.0007064792583817,,,,,,,,,,,,,,,,,,,,,,,,,,,,,,,,,,,,,,,,,,,,,,,,,,,,,,,,,,,,,,,,,,,,,,,,,,,,,,,,,,,,,,,,,,,,,,,,,,,,,,,,,,,,,,,,,,,,
ssl_magnitude_phase_sin_both_gated_add_1110000_s42_l0,Wavelet / MTL / SSL,False,True,3-Epoch Wavelet & SSL Screening,ssl_magnitude_phase_sin_both_gated_add_1110000,,,,,,,,,,,,,,,,,,,,,,,,,,,,,,,,,,,,,,,,,,,,,,,,,,,,,,,,,,,,,,,,,,,,,,,,,,,,,,,,,,,,,,,,,,,,,,,,,,,,,,,,,,,,,,,,,,I,1110000,42.0,3.0,completed,0.7127440055005467,0.369240853190422,0.9250183200490648,0.732389509677887,0.6188400387763977,0.866401731967926,0.7119268178939819,0.8415641784667969,0.7436754875227893,1.7116652190174584,0.1562138830141747,0.2478436554806031,0.1856977013800398,0.0,0.0,2.0602056969919285,0.7441340104894509,0.0007455147368552,,,,,,,,,,,,,,,,,,,,,,,,,,,,,,,,,,,,,,,,,,,,,,,,,,,,,,,,,,,,,,,,,,,,,,,,,,,,,,,,,,,,,,,,,,,,,,,,,,,,,,,,,,,,,,,,,,,,
E1_wave_noSSL_gated_add_1110000_s42_l0,Wavelet / MTL / SSL,False,True,3-Epoch Wavelet & SSL Screening,E1_wave_noSSL_gated_add_1110000,,,,,,,,,,,,,,,,,,,,,,,,,,,,,,,,,,,,,,,,,,,,,,,,,,,,,,,,,,,,,,,,,,,,,,,,,,,,,,,,,,,,,,,,,,,,,,,,,,,,,,,,,,,,,,,,,,I,1110000,42.0,3.0,completed,0.7120012173903112,0.3786875188350677,0.9264237422874008,0.7105556130409241,0.5710733532905579,0.8659465909004211,0.6946470141410828,0.8249854445457458,0.7205625149543459,1.7125084556301775,0.0,0.2519281775014637,0.1901726416304178,0.0,0.0,2.0595578499494014,0.8296599736667467,0.0006978898325557,,,,,,,,,,,,,,,,,,,,,,,,,,,,,,,,,,,,,,,,,,,,,,,,,,,,,,,,,,,,,,,,,,,,,,,,,,,,,,,,,,,,,,,,,,,,,,,,,,,,,,,,,,,,,,,,,,,,
R9_ueg_mag_ueg_phase_1110000_s42_l0,Baseline / Other,False,True,3-Epoch Wavelet & SSL Screening,R9_ueg_mag_ueg_phase_1110000,,,,,,,,,,,,,,,,,,,,,,,,,,,,,,,,,,,,,,,,,,,,,,,,,,,,,,,,,,,,,,,,,,,,,,,,,,,,,,,,,,,,,,,,,,,,,,,,,,,,,,,,,,,,,,,,,,I,1110000,42.0,3.0,completed,0.7109253248349139,0.3645558267831802,0.9316494948622108,0.706827700138092,0.5704942345619202,0.8661758303642273,0.6838130950927734,0.8223416209220886,0.7122410922618955,1.7129730244453272,0.1969962167477228,0.2519360955809146,0.189322107643655,0.0,0.0,2.0694566369786256,0.7389796779489868,0.0007330922747168,,,,,,,,,,,,,,,,,,,,,,,,,,,,,,,,,,,,,,,,,,,,,,,,,,,,,,,,,,,,,,,,,,,,,,,,,,,,,,,,,,,,,,,,,,,,,,,,,,,,,,,,,,,,,,,,,,,,
del_ce_1110000_s42_l0,Wavelet / MTL / SSL,False,True,3-Epoch Wavelet & SSL Screening,del_ce_1110000,,,,,,,,,,,,,,,,,,,,,,,,,,,,,,,,,,,,,,,,,,,,,,,,,,,,,,,,,,,,,,,,,,,,,,,,,,,,,,,,,,,,,,,,,,,,,,,,,,,,,,,,,,,,,,,,,,I,1110000,42.0,3.0,completed,0.7103459632320247,0.3709248542785645,0.9308547826780788,0.6527190804481506,0.4365287721157074,0.8646945953369141,0.6569339036941528,0.7760481834411621,0.6939185478735804,1.7077569189678643,0.0,0.2537915719766512,0.0,0.0,0.0,1.961586810092156,0.6816407356187792,0.0007664126462934,,,,,,,,,,,,,,,,,,,,,,,,,,,,,,,,,,,,,,,,,,,,,,,,,,,,,,,,,,,,,,,,,,,,,,,,,,,,,,,,,,,,,,,,,,,,,,,,,,,,,,,,,,,,,,,,,,,,
del_head64k9_1110000_s42_l0,Wavelet / MTL / SSL,False,True,3-Epoch Wavelet & SSL Screening,del_head64k9_1110000,,,,,,,,,,,,,,,,,,,,,,,,,,,,,,,,,,,,,,,,,,,,,,,,,,,,,,,,,,,,,,,,,,,,,,,,,,,,,,,,,,,,,,,,,,,,,,,,,,,,,,,,,,,,,,,,,,I,1110000,42.0,3.0,completed,0.7102944245617419,0.3652047395706176,0.9287206012269724,0.6407467126846313,0.4138697385787964,0.8551478385925293,0.6532225608825684,0.7658675312995911,0.6665760042098915,1.7060127866749664,0.0,0.2618737120085568,0.2002351435044987,0.0,0.0,2.0680474401833524,0.7304072577957716,0.0008674054581313,,,,,,,,,,,,,,,,,,,,,,,,,,,,,,,,,,,,,,,,,,,,,,,,,,,,,,,,,,,,,,,,,,,,,,,,,,,,,,,,,,,,,,,,,,,,,,,,,,,,,,,,,,,,,,,,,,,,
del_head128k25_1110000_s42_l0,Wavelet / MTL / SSL,False,True,3-Epoch Wavelet & SSL Screening,del_head128k25_1110000,,,,,,,,,,,,,,,,,,,,,,,,,,,,,,,,,,,,,,,,,,,,,,,,,,,,,,,,,,,,,,,,,,,,,,,,,,,,,,,,,,,,,,,,,,,,,,,,,,,,,,,,,,,,,,,,,,I,1110000,42.0,3.0,completed,0.709659407962245,0.3666595846414566,0.9321727113447328,0.7132410407066345,0.5667203664779663,0.8704283237457275,0.7025743722915649,0.8264941573143005,0.7365989675453947,1.7111062389254716,0.0,0.2423977172651956,0.1829802047374636,0.0,0.0,2.045031483783278,0.6834833347301297,0.0007485127343642,,,,,,,,,,,,,,,,,,,,,,,,,,,,,,,,,,,,,,,,,,,,,,,,,,,,,,,,,,,,,,,,,,,,,,,,,,,,,,,,,,,,,,,,,,,,,,,,,,,,,,,,,,,,,,,,,,,,
ssl_log_magnitude_phase_sin_both_cross_attn_1110000_s42_l0,Wavelet / MTL / SSL,False,True,3-Epoch Wavelet & SSL Screening,ssl_log_magnitude_phase_sin_both_cross_attn_1110000,,,,,,,,,,,,,,,,,,,,,,,,,,,,,,,,,,,,,,,,,,,,,,,,,,,,,,,,,,,,,,,,,,,,,,,,,,,,,,,,,,,,,,,,,,,,,,,,,,,,,,,,,,,,,,,,,,I,1110000,42.0,3.0,completed,0.7092619322033866,0.3733165472745895,0.9330856696419094,0.6634690165519714,0.4651441276073456,0.8647633194923401,0.6604995131492615,0.7859892249107361,0.6866862921774238,1.713542057659518,0.0002717612131135,0.2543862044738293,0.1936254232866527,0.0,0.0,2.0647926915669528,0.7470920714965794,0.000762651715665,,,,,,,,,,,,,,,,,,,,,,,,,,,,,,,,,,,,,,,,,,,,,,,,,,,,,,,,,,,,,,,,,,,,,,,,,,,,,,,,,,,,,,,,,,,,,,,,,,,,,,,,,,,,,,,,,,,,
ssl_magnitude_phase_both_cross_attn_1110000_s42_l0,Wavelet / MTL / SSL,False,True,3-Epoch Wavelet & SSL Screening,ssl_magnitude_phase_both_cross_attn_1110000,,,,,,,,,,,,,,,,,,,,,,,,,,,,,,,,,,,,,,,,,,,,,,,,,,,,,,,,,,,,,,,,,,,,,,,,,,,,,,,,,,,,,,,,,,,,,,,,,,,,,,,,,,,,,,,,,,I,1110000,42.0,3.0,completed,0.7090472278069574,0.3713596761226654,0.9333318463270216,0.6616553664207458,0.4611197710037231,0.8661960363388062,0.657650351524353,0.7843203544616699,0.6884681112858022,1.713177527179041,0.078178608432102,0.2542869181644668,0.1937813008867541,0.0,0.0,2.0683031225146102,0.7455212407662206,0.0007819808170709,,,,,,,,,,,,,,,,,,,,,,,,,,,,,,,,,,,,,,,,,,,,,,,,,,,,,,,,,,,,,,,,,,,,,,,,,,,,,,,,,,,,,,,,,,,,,,,,,,,,,,,,,,,,,,,,,,,,
ssl_magnitude_phase_local_cross_attn_1110000_s42_l0,Wavelet / MTL / SSL,False,True,3-Epoch Wavelet & SSL Screening,ssl_magnitude_phase_local_cross_attn_1110000,,,,,,,,,,,,,,,,,,,,,,,,,,,,,,,,,,,,,,,,,,,,,,,,,,,,,,,,,,,,,,,,,,,,,,,,,,,,,,,,,,,,,,,,,,,,,,,,,,,,,,,,,,,,,,,,,,I,1110000,42.0,3.0,completed,0.7090229348939098,0.3672480523586273,0.9328767804131992,0.6688951849937439,0.4733785688877105,0.8656424880027771,0.6676644086837769,0.7904255986213684,0.6930888476959537,1.7130453792312883,0.0055357898463525,0.2536467765361034,0.1930867199360813,0.0,0.0,2.063549145053037,0.7289244203738221,0.0007368445976469,,,,,,,,,,,,,,,,,,,,,,,,,,,,,,,,,,,,,,,,,,,,,,,,,,,,,,,,,,,,,,,,,,,,,,,,,,,,,,,,,,,,,,,,,,,,,,,,,,,,,,,,,,,,,,,,,,,,
del_boundary_1110000_s42_l0,Wavelet / MTL / SSL,False,True,3-Epoch Wavelet & SSL Screening,del_boundary_1110000,,,,,,,,,,,,,,,,,,,,,,,,,,,,,,,,,,,,,,,,,,,,,,,,,,,,,,,,,,,,,,,,,,,,,,,,,,,,,,,,,,,,,,,,,,,,,,,,,,,,,,,,,,,,,,,,,,I,1110000,42.0,3.0,completed,0.7087417835471242,0.3663098305463791,0.932048607563627,0.6686291694641113,0.471907377243042,0.8644714951515198,0.6695088148117065,0.7901905179023743,0.7122901679590387,1.7118473090915376,0.0,0.2537218810878739,0.1935381153951806,0.0284065567002594,0.0,2.065218479280227,0.7352075755340817,0.0007914911506462,,,,,,,,,,,,,,,,,,,,,,,,,,,,,,,,,,,,,,,,,,,,,,,,,,,,,,,,,,,,,,,,,,,,,,,,,,,,,,,,,,,,,,,,,,,,,,,,,,,,,,,,,,,,,,,,,,,,
ssl_magnitude_phase_sin_local_cross_attn_1110000_s42_l0,Wavelet / MTL / SSL,False,True,3-Epoch Wavelet & SSL Screening,ssl_magnitude_phase_sin_local_cross_attn_1110000,,,,,,,,,,,,,,,,,,,,,,,,,,,,,,,,,,,,,,,,,,,,,,,,,,,,,,,,,,,,,,,,,,,,,,,,,,,,,,,,,,,,,,,,,,,,,,,,,,,,,,,,,,,,,,,,,,I,1110000,42.0,3.0,completed,0.7086144323711187,0.3609230399131775,0.934863523296688,0.6645349264144897,0.466580718755722,0.8649678230285645,0.6620562076568604,0.7868501543998718,0.6909842042052098,1.7154096022084118,0.0045806409533487,0.2544054767638992,0.1937631000211802,0.0,0.0,2.066963646811692,0.7460248943422824,0.0007597183482521,,,,,,,,,,,,,,,,,,,,,,,,,,,,,,,,,,,,,,,,,,,,,,,,,,,,,,,,,,,,,,,,,,,,,,,,,,,,,,,,,,,,,,,,,,,,,,,,,,,,,,,,,,,,,,,,,,,,
E1_raw_1110000_s42_l0,Baseline / Other,False,True,3-Epoch Wavelet & SSL Screening,E1_raw_1110000,,,,,,,,,,,,,,,,,,,,,,,,,,,,,,,,,,,,,,,,,,,,,,,,,,,,,,,,,,,,,,,,,,,,,,,,,,,,,,,,,,,,,,,,,,,,,,,,,,,,,,,,,,,,,,,,,,I,1110000,42.0,3.0,completed,0.7084475726382384,0.3780723690986633,0.933635149313056,0.6511902809143066,0.4462010562419891,0.8656108975410461,0.6417588591575623,0.7756085991859436,0.6762598086245768,1.7132703064413082,0.0,0.2561950653681994,0.1949932512484098,0.0,0.0,2.066996150238569,0.7956053638326932,0.0006829659054605,,,,,,,,,,,,,,,,,,,,,,,,,,,,,,,,,,,,,,,,,,,,,,,,,,,,,,,,,,,,,,,,,,,,,,,,,,,,,,,,,,,,,,,,,,,,,,,,,,,,,,,,,,,,,,,,,,,,
ssl_log_magnitude_phase_sin_local_cross_attn_1110000_s42_l0,Wavelet / MTL / SSL,False,True,3-Epoch Wavelet & SSL Screening,ssl_log_magnitude_phase_sin_local_cross_attn_1110000,,,,,,,,,,,,,,,,,,,,,,,,,,,,,,,,,,,,,,,,,,,,,,,,,,,,,,,,,,,,,,,,,,,,,,,,,,,,,,,,,,,,,,,,,,,,,,,,,,,,,,,,,,,,,,,,,,I,1110000,42.0,3.0,completed,0.7083656971688002,0.3670604765415192,0.9326818930929984,0.6603891849517822,0.4617194831371307,0.8646978735923767,0.6547502875328064,0.7835156917572021,0.6843400808251948,1.7126684260339164,0.0045204716329913,0.2547532133986054,0.1939987992569165,0.0,0.0,2.0646833182840334,0.738220616026053,0.0007249720261488,,,,,,,,,,,,,,,,,,,,,,,,,,,,,,,,,,,,,,,,,,,,,,,,,,,,,,,,,,,,,,,,,,,,,,,,,,,,,,,,,,,,,,,,,,,,,,,,,,,,,,,,,,,,,,,,,,,,
ssl_log_magnitude_real_both_cross_attn_1110000_s42_l0,Wavelet / MTL / SSL,False,True,3-Epoch Wavelet & SSL Screening,ssl_log_magnitude_real_both_cross_attn_1110000,,,,,,,,,,,,,,,,,,,,,,,,,,,,,,,,,,,,,,,,,,,,,,,,,,,,,,,,,,,,,,,,,,,,,,,,,,,,,,,,,,,,,,,,,,,,,,,,,,,,,,,,,,,,,,,,,,I,1110000,42.0,3.0,completed,0.7080691191852024,0.3673326939344406,0.9353410221528315,0.6604610681533813,0.463176816701889,0.8664270043373108,0.6517794132232666,0.7835765480995178,0.6840420874658455,1.7136512475323065,0.0340714160640207,0.2548098046893443,0.1939858648301338,0.0,0.0,2.067196762401296,0.7286490772097318,0.0007841368971023,,,,,,,,,,,,,,,,,,,,,,,,,,,,,,,,,,,,,,,,,,,,,,,,,,,,,,,,,,,,,,,,,,,,,,,,,,,,,,,,,,,,,,,,,,,,,,,,,,,,,,,,,,,,,,,,,,,,
ssl_both_infer_b_1110000_s42_l0,Wavelet / MTL / SSL,False,True,3-Epoch Wavelet & SSL Screening,ssl_both_infer_b_1110000,,,,,,,,,,,,,,,,,,,,,,,,,,,,,,,,,,,,,,,,,,,,,,,,,,,,,,,,,,,,,,,,,,,,,,,,,,,,,,,,,,,,,,,,,,,,,,,,,,,,,,,,,,,,,,,,,,I,1110000,42.0,3.0,completed,0.7075542282156111,0.3679907292127609,0.9339338160943292,0.654217541217804,0.448373407125473,0.863929033279419,0.6503502130508423,0.7780914306640625,0.6855744989958552,1.7142978562281503,0.0003332708719456,0.2558376729269506,0.1948649396657068,0.0,0.0,2.067622916934832,0.714784599029011,0.0007650778499432,,,,,,,,,,,,,,,,,,,,,,,,,,,,,,,,,,,,,,,,,,,,,,,,,,,,,,,,,,,,,,,,,,,,,,,,,,,,,,,,,,,,,,,,,,,,,,,,,,,,,,,,,,,,,,,,,,,,
ssl_magnitude_phase_sin_both_cross_attn_1110000_s42_l0,Wavelet / MTL / SSL,False,True,3-Epoch Wavelet & SSL Screening,ssl_magnitude_phase_sin_both_cross_attn_1110000,,,,,,,,,,,,,,,,,,,,,,,,,,,,,,,,,,,,,,,,,,,,,,,,,,,,,,,,,,,,,,,,,,,,,,,,,,,,,,,,,,,,,,,,,,,,,,,,,,,,,,,,,,,,,,,,,,I,1110000,42.0,3.0,completed,0.7075015472694447,0.3651679694652557,0.9364695661309836,0.6571906208992004,0.4566735625267029,0.8650039434432983,0.6498944163322449,0.7808087468147278,0.6862314231191811,1.715233369585642,0.0003456232597369,0.2550845597773754,0.1943193803948317,0.0,0.0,2.0675301274587943,0.7609916951329501,0.000704518385792,,,,,,,,,,,,,,,,,,,,,,,,,,,,,,,,,,,,,,,,,,,,,,,,,,,,,,,,,,,,,,,,,,,,,,,,,,,,,,,,,,,,,,,,,,,,,,,,,,,,,,,,,,,,,,,,,,,,
mask_fixed_raw_1110000_s42_l0,Baseline / Other,False,True,3-Epoch Wavelet & SSL Screening,mask_fixed_raw_1110000,,,,,,,,,,,,,,,,,,,,,,,,,,,,,,,,,,,,,,,,,,,,,,,,,,,,,,,,,,,,,,,,,,,,,,,,,,,,,,,,,,,,,,,,,,,,,,,,,,,,,,,,,,,,,,,,,,I,1110000,42.0,3.0,completed,0.7071275220423651,0.3629435211420059,0.93763831473779,0.6570067405700684,0.4559825360774994,0.8641116619110107,0.6509259343147278,0.7806728482246399,0.68222771919688,1.7145067155725953,0.0,0.255602311839964,0.1947478631572886,0.0,0.0,2.0675164984956367,0.7155081070731583,0.0006706679504439,,,,,,,,,,,,,,,,,,,,,,,,,,,,,,,,,,,,,,,,,,,,,,,,,,,,,,,,,,,,,,,,,,,,,,,,,,,,,,,,,,,,,,,,,,,,,,,,,,,,,,,,,,,,,,,,,,,,
E1_wave_noSSL_cross_attn_1110000_s42_l0,Wavelet / MTL / SSL,False,True,3-Epoch Wavelet & SSL Screening,E1_wave_noSSL_cross_attn_1110000,,,,,,,,,,,,,,,,,,,,,,,,,,,,,,,,,,,,,,,,,,,,,,,,,,,,,,,,,,,,,,,,,,,,,,,,,,,,,,,,,,,,,,,,,,,,,,,,,,,,,,,,,,,,,,,,,,I,1110000,42.0,3.0,completed,0.7066384679192026,0.3670660138130188,0.9368510229000148,0.6484477519989014,0.4402628540992737,0.8647220134735107,0.6403584480285645,0.773190975189209,0.6762447153347004,1.7146882764274662,0.0,0.2565181651488949,0.1954130305654416,0.0,0.0,2.068947708300307,0.8395700444680533,0.0006949833601992,,,,,,,,,,,,,,,,,,,,,,,,,,,,,,,,,,,,,,,,,,,,,,,,,,,,,,,,,,,,,,,,,,,,,,,,,,,,,,,,,,,,,,,,,,,,,,,,,,,,,,,,,,,,,,,,,,,,
ssl_log_magnitude_real_local_cross_attn_1110000_s42_l0,Wavelet / MTL / SSL,False,True,3-Epoch Wavelet & SSL Screening,ssl_log_magnitude_real_local_cross_attn_1110000,,,,,,,,,,,,,,,,,,,,,,,,,,,,,,,,,,,,,,,,,,,,,,,,,,,,,,,,,,,,,,,,,,,,,,,,,,,,,,,,,,,,,,,,,,,,,,,,,,,,,,,,,,,,,,,,,,I,1110000,42.0,3.0,completed,0.706562307158991,0.3663758516311646,0.9374356554902118,0.6554281115531921,0.453757643699646,0.8647186756134033,0.6478078961372375,0.779324471950531,0.6797972627164816,1.7147288979048243,0.0152337126515924,0.2553210087768013,0.1944287665908748,0.0,0.0,2.068064807824143,0.7414582483333648,0.0007766046928536,,,,,,,,,,,,,,,,,,,,,,,,,,,,,,,,,,,,,,,,,,,,,,,,,,,,,,,,,,,,,,,,,,,,,,,,,,,,,,,,,,,,,,,,,,,,,,,,,,,,,,,,,,,,,,,,,,,,
E1_ssl_cross_1110000_s42_l0,Wavelet / MTL / SSL,False,True,3-Epoch Wavelet & SSL Screening,E1_ssl_cross_1110000,,,,,,,,,,,,,,,,,,,,,,,,,,,,,,,,,,,,,,,,,,,,,,,,,,,,,,,,,,,,,,,,,,,,,,,,,,,,,,,,,,,,,,,,,,,,,,,,,,,,,,,,,,,,,,,,,,I,1110000,42.0,3.0,completed,0.7065426450746626,0.3693873524665833,0.9381056721659674,0.649463415145874,0.4424433410167694,0.8645026087760925,0.6414442658424377,0.7741174697875977,0.675211501872704,1.7156745714831965,0.001066925694922,0.2563940668923181,0.1953366833626129,0.0,0.0,2.0698246540025225,0.7910242819180541,0.0006865795248869,,,,,,,,,,,,,,,,,,,,,,,,,,,,,,,,,,,,,,,,,,,,,,,,,,,,,,,,,,,,,,,,,,,,,,,,,,,,,,,,,,,,,,,,,,,,,,,,,,,,,,,,,,,,,,,,,,,,
A0_wave_noSSL_cross_attn_1110000_s42_l0,Wavelet / MTL / SSL,False,True,3-Epoch Wavelet & SSL Screening,A0_wave_noSSL_cross_attn_1110000,,,,,,,,,,,,,,,,,,,,,,,,,,,,,,,,,,,,,,,,,,,,,,,,,,,,,,,,,,,,,,,,,,,,,,,,,,,,,,,,,,,,,,,,,,,,,,,,,,,,,,,,,,,,,,,,,,I,1110000,42.0,3.0,completed,0.7065325215888908,0.3636902093887329,0.9387481653172036,0.6591771245002747,0.4607119262218475,0.8644044995307922,0.6524150371551514,0.7825754284858704,0.6855558409767448,1.7139937079521843,0.0,0.2551125424436431,0.1942231033539976,0.0,0.0,2.0662521827177143,0.7270350935737827,0.0006876895971857,,,,,,,,,,,,,,,,,,,,,,,,,,,,,,,,,,,,,,,,,,,,,,,,,,,,,,,,,,,,,,,,,,,,,,,,,,,,,,,,,,,,,,,,,,,,,,,,,,,,,,,,,,,,,,,,,,,,
A0_raw_1110000_s42_l0,Baseline / Other,False,True,3-Epoch Wavelet & SSL Screening,A0_raw_1110000,,,,,,,,,,,,,,,,,,,,,,,,,,,,,,,,,,,,,,,,,,,,,,,,,,,,,,,,,,,,,,,,,,,,,,,,,,,,,,,,,,,,,,,,,,,,,,,,,,,,,,,,,,,,,,,,,,I,1110000,42.0,3.0,completed,0.7060352784043508,0.3651094645261765,0.9389279933943264,0.6545664668083191,0.4522408545017242,0.8649594187736511,0.6464990377426147,0.7785699963569641,0.6842174766359396,1.7149071826199422,0.0,0.2553696289494396,0.1945324282605324,0.0,0.0,2.0675817240699854,0.7182000847385155,0.0007739048472915,,,,,,,,,,,,,,,,,,,,,,,,,,,,,,,,,,,,,,,,,,,,,,,,,,,,,,,,,,,,,,,,,,,,,,,,,,,,,,,,,,,,,,,,,,,,,,,,,,,,,,,,,,,,,,,,,,,,
E1_ssl_local_1110000_s42_l0,Wavelet / MTL / SSL,False,True,3-Epoch Wavelet & SSL Screening,E1_ssl_local_1110000,,,,,,,,,,,,,,,,,,,,,,,,,,,,,,,,,,,,,,,,,,,,,,,,,,,,,,,,,,,,,,,,,,,,,,,,,,,,,,,,,,,,,,,,,,,,,,,,,,,,,,,,,,,,,,,,,,I,1110000,42.0,3.0,failed,,,,,,,,,,,,,,,,,,,,,,,,,,,,,,,,,,,,,,,,,,,,,,,,,,,,,,,,,,,,,,,,,,,,,,,,,,,,,,,,,,,,,,,,,,,,,,,,,,,,,,,,,,,,,,,,,,,,,,,,,,,,,,,,,,,,,,
lean2_AM1_mmd_imq_adaptive_s42_l0,Lean Ablation Suite (Round 2),False,True,Lean Ablation Suite (Round 2),AM1_mmd_imq_adaptive,,,,,,,,,,,,,,,,,,,,,,,,,,,,,,,,,,,,,,,,,,,,,,,,,,,,,,,,,,,,,,,,,,,,,,,,,,,,,,,,,,,,,,,,,,,,,,,,,,,,,,,,,,,,,,,,,,I,1110000,42.0,15.0,QUEUED,,,,,,,,,,,,,,,,,,,,,,,,,,,,,,,,,,,,,,,,,,,,,,,,,,,,,,,,,,,,,,,,,,,,,,,,,,,,,,,,,,,,,,,,,,,,,,,,,,,,,,,,,,,,,,,,,,,,,,,,,,,,,,,,,,,,,,
lean2_AM2_mmd_kmeans_adaptive_s42_l0,Lean Ablation Suite (Round 2),False,True,Lean Ablation Suite (Round 2),AM2_mmd_kmeans_adaptive,,,,,,,,,,,,,,,,,,,,,,,,,,,,,,,,,,,,,,,,,,,,,,,,,,,,,,,,,,,,,,,,,,,,,,,,,,,,,,,,,,,,,,,,,,,,,,,,,,,,,,,,,,,,,,,,,,I,1110000,42.0,15.0,QUEUED,,,,,,,,,,,,,,,,,,,,,,,,,,,,,,,,,,,,,,,,,,,,,,,,,,,,,,,,,,,,,,,,,,,,,,,,,,,,,,,,,,,,,,,,,,,,,,,,,,,,,,,,,,,,,,,,,,,,,,,,,,,,,,,,,,,,,,
lean2_AM3_mmd_laplace_adaptive_s42_l0,Lean Ablation Suite (Round 2),False,True,Lean Ablation Suite (Round 2),AM3_mmd_laplace_adaptive,,,,,,,,,,,,,,,,,,,,,,,,,,,,,,,,,,,,,,,,,,,,,,,,,,,,,,,,,,,,,,,,,,,,,,,,,,,,,,,,,,,,,,,,,,,,,,,,,,,,,,,,,,,,,,,,,,I,1110000,42.0,15.0,QUEUED,,,,,,,,,,,,,,,,,,,,,,,,,,,,,,,,,,,,,,,,,,,,,,,,,,,,,,,,,,,,,,,,,,,,,,,,,,,,,,,,,,,,,,,,,,,,,,,,,,,,,,,,,,,,,,,,,,,,,,,,,,,,,,,,,,,,,,
lean2_AV1_vcg_adaptive_s42_l0,Lean Ablation Suite (Round 2),False,True,Lean Ablation Suite (Round 2),AV1_vcg_adaptive,,,,,,,,,,,,,,,,,,,,,,,,,,,,,,,,,,,,,,,,,,,,,,,,,,,,,,,,,,,,,,,,,,,,,,,,,,,,,,,,,,,,,,,,,,,,,,,,,,,,,,,,,,,,,,,,,,I,1110000,42.0,15.0,QUEUED,,,,,,,,,,,,,,,,,,,,,,,,,,,,,,,,,,,,,,,,,,,,,,,,,,,,,,,,,,,,,,,,,,,,,,,,,,,,,,,,,,,,,,,,,,,,,,,,,,,,,,,,,,,,,,,,,,,,,,,,,,,,,,,,,,,,,,
lean2_AV2_triplet_vcg_adaptive_s42_l0,Lean Ablation Suite (Round 2),False,True,Lean Ablation Suite (Round 2),AV2_triplet_vcg_adaptive,,,,,,,,,,,,,,,,,,,,,,,,,,,,,,,,,,,,,,,,,,,,,,,,,,,,,,,,,,,,,,,,,,,,,,,,,,,,,,,,,,,,,,,,,,,,,,,,,,,,,,,,,,,,,,,,,,I,1110000,42.0,15.0,QUEUED,,,,,,,,,,,,,,,,,,,,,,,,,,,,,,,,,,,,,,,,,,,,,,,,,,,,,,,,,,,,,,,,,,,,,,,,,,,,,,,,,,,,,,,,,,,,,,,,,,,,,,,,,,,,,,,,,,,,,,,,,,,,,,,,,,,,,,
lean2_AVLead1_vcg_lead_adaptive_s42_l0,Lean Ablation Suite (Round 2),False,True,Lean Ablation Suite (Round 2),AVLead1_vcg_lead_adaptive,,,,,,,,,,,,,,,,,,,,,,,,,,,,,,,,,,,,,,,,,,,,,,,,,,,,,,,,,,,,,,,,,,,,,,,,,,,,,,,,,,,,,,,,,,,,,,,,,,,,,,,,,,,,,,,,,,I,1110000,42.0,15.0,QUEUED,,,,,,,,,,,,,,,,,,,,,,,,,,,,,,,,,,,,,,,,,,,,,,,,,,,,,,,,,,,,,,,,,,,,,,,,,,,,,,,,,,,,,,,,,,,,,,,,,,,,,,,,,,,,,,,,,,,,,,,,,,,,,,,,,,,,,,
lean2_AVM1_vcg_mmd_imq_adaptive_s42_l0,Lean Ablation Suite (Round 2),False,True,Lean Ablation Suite (Round 2),AVM1_vcg_mmd_imq_adaptive,,,,,,,,,,,,,,,,,,,,,,,,,,,,,,,,,,,,,,,,,,,,,,,,,,,,,,,,,,,,,,,,,,,,,,,,,,,,,,,,,,,,,,,,,,,,,,,,,,,,,,,,,,,,,,,,,,I,1110000,42.0,15.0,QUEUED,,,,,,,,,,,,,,,,,,,,,,,,,,,,,,,,,,,,,,,,,,,,,,,,,,,,,,,,,,,,,,,,,,,,,,,,,,,,,,,,,,,,,,,,,,,,,,,,,,,,,,,,,,,,,,,,,,,,,,,,,,,,,,,,,,,,,,
lean2_AVM2_vcg_mmd_kmeans_adaptive_s42_l0,Lean Ablation Suite (Round 2),False,True,Lean Ablation Suite (Round 2),AVM2_vcg_mmd_kmeans_adaptive,,,,,,,,,,,,,,,,,,,,,,,,,,,,,,,,,,,,,,,,,,,,,,,,,,,,,,,,,,,,,,,,,,,,,,,,,,,,,,,,,,,,,,,,,,,,,,,,,,,,,,,,,,,,,,,,,,I,1110000,42.0,15.0,QUEUED,,,,,,,,,,,,,,,,,,,,,,,,,,,,,,,,,,,,,,,,,,,,,,,,,,,,,,,,,,,,,,,,,,,,,,,,,,,,,,,,,,,,,,,,,,,,,,,,,,,,,,,,,,,,,,,,,,,,,,,,,,,,,,,,,,,,,,
lean2_AVM3_vcg_mmd_laplace_adaptive_s42_l0,Lean Ablation Suite (Round 2),False,True,Lean Ablation Suite (Round 2),AVM3_vcg_mmd_laplace_adaptive,,,,,,,,,,,,,,,,,,,,,,,,,,,,,,,,,,,,,,,,,,,,,,,,,,,,,,,,,,,,,,,,,,,,,,,,,,,,,,,,,,,,,,,,,,,,,,,,,,,,,,,,,,,,,,,,,,I,1110000,42.0,15.0,QUEUED,,,,,,,,,,,,,,,,,,,,,,,,,,,,,,,,,,,,,,,,,,,,,,,,,,,,,,,,,,,,,,,,,,,,,,,,,,,,,,,,,,,,,,,,,,,,,,,,,,,,,,,,,,,,,,,,,,,,,,,,,,,,,,,,,,,,,,
lean2_AVM4_full_probe_laplace_adaptive_s42_l0,Lean Ablation Suite (Round 2),False,True,Lean Ablation Suite (Round 2),AVM4_full_probe_laplace_adaptive,,,,,,,,,,,,,,,,,,,,,,,,,,,,,,,,,,,,,,,,,,,,,,,,,,,,,,,,,,,,,,,,,,,,,,,,,,,,,,,,,,,,,,,,,,,,,,,,,,,,,,,,,,,,,,,,,,I,1110000,42.0,15.0,QUEUED,,,,,,,,,,,,,,,,,,,,,,,,,,,,,,,,,,,,,,,,,,,,,,,,,,,,,,,,,,,,,,,,,,,,,,,,,,,,,,,,,,,,,,,,,,,,,,,,,,,,,,,,,,,,,,,,,,,,,,,,,,,,,,,,,,,,,,
lean2_AVM5_full_probe_imq_adaptive_s42_l0,Lean Ablation Suite (Round 2),False,True,Lean Ablation Suite (Round 2),AVM5_full_probe_imq_adaptive,,,,,,,,,,,,,,,,,,,,,,,,,,,,,,,,,,,,,,,,,,,,,,,,,,,,,,,,,,,,,,,,,,,,,,,,,,,,,,,,,,,,,,,,,,,,,,,,,,,,,,,,,,,,,,,,,,I,1110000,42.0,15.0,QUEUED,,,,,,,,,,,,,,,,,,,,,,,,,,,,,,,,,,,,,,,,,,,,,,,,,,,,,,,,,,,,,,,,,,,,,,,,,,,,,,,,,,,,,,,,,,,,,,,,,,,,,,,,,,,,,,,,,,,,,,,,,,,,,,,,,,,,,,
lean2_D_heavy_seg_s42_l0,Lean Ablation Suite (Round 2),False,True,Lean Ablation Suite (Round 2),D_heavy_seg,,,,,,,,,,,,,,,,,,,,,,,,,,,,,,,,,,,,,,,,,,,,,,,,,,,,,,,,,,,,,,,,,,,,,,,,,,,,,,,,,,,,,,,,,,,,,,,,,,,,,,,,,,,,,,,,,,I,1110000,42.0,15.0,QUEUED,,,,,,,,,,,,,,,,,,,,,,,,,,,,,,,,,,,,,,,,,,,,,,,,,,,,,,,,,,,,,,,,,,,,,,,,,,,,,,,,,,,,,,,,,,,,,,,,,,,,,,,,,,,,,,,,,,,,,,,,,,,,,,,,,,,,,,
lean2_D_light_ce_s42_l0,Lean Ablation Suite (Round 2),False,True,Lean Ablation Suite (Round 2),D_light_ce,,,,,,,,,,,,,,,,,,,,,,,,,,,,,,,,,,,,,,,,,,,,,,,,,,,,,,,,,,,,,,,,,,,,,,,,,,,,,,,,,,,,,,,,,,,,,,,,,,,,,,,,,,,,,,,,,,I,1110000,42.0,15.0,QUEUED,,,,,,,,,,,,,,,,,,,,,,,,,,,,,,,,,,,,,,,,,,,,,,,,,,,,,,,,,,,,,,,,,,,,,,,,,,,,,,,,,,,,,,,,,,,,,,,,,,,,,,,,,,,,,,,,,,,,,,,,,,,,,,,,,,,,,,
lean2_R_mask15_s42_l0,Lean Ablation Suite (Round 2),False,True,Lean Ablation Suite (Round 2),R_mask15,,,,,,,,,,,,,,,,,,,,,,,,,,,,,,,,,,,,,,,,,,,,,,,,,,,,,,,,,,,,,,,,,,,,,,,,,,,,,,,,,,,,,,,,,,,,,,,,,,,,,,,,,,,,,,,,,,I,1110000,42.0,15.0,QUEUED,,,,,,,,,,,,,,,,,,,,,,,,,,,,,,,,,,,,,,,,,,,,,,,,,,,,,,,,,,,,,,,,,,,,,,,,,,,,,,,,,,,,,,,,,,,,,,,,,,,,,,,,,,,,,,,,,,,,,,,,,,,,,,,,,,,,,,
lean2_R_tempmask15_s42_l0,Lean Ablation Suite (Round 2),False,True,Lean Ablation Suite (Round 2),R_tempmask15,,,,,,,,,,,,,,,,,,,,,,,,,,,,,,,,,,,,,,,,,,,,,,,,,,,,,,,,,,,,,,,,,,,,,,,,,,,,,,,,,,,,,,,,,,,,,,,,,,,,,,,,,,,,,,,,,,I,1110000,42.0,15.0,QUEUED,,,,,,,,,,,,,,,,,,,,,,,,,,,,,,,,,,,,,,,,,,,,,,,,,,,,,,,,,,,,,,,,,,,,,,,,,,,,,,,,,,,,,,,,,,,,,,,,,,,,,,,,,,,,,,,,,,,,,,,,,,,,,,,,,,,,,,
lean2_R_wd_high_s42_l0,Lean Ablation Suite (Round 2),False,True,Lean Ablation Suite (Round 2),R_wd_high,,,,,,,,,,,,,,,,,,,,,,,,,,,,,,,,,,,,,,,,,,,,,,,,,,,,,,,,,,,,,,,,,,,,,,,,,,,,,,,,,,,,,,,,,,,,,,,,,,,,,,,,,,,,,,,,,,I,1110000,42.0,15.0,QUEUED,,,,,,,,,,,,,,,,,,,,,,,,,,,,,,,,,,,,,,,,,,,,,,,,,,,,,,,,,,,,,,,,,,,,,,,,,,,,,,,,,,,,,,,,,,,,,,,,,,,,,,,,,,,,,,,,,,,,,,,,,,,,,,,,,,,,,,
lean2_R_wd_low_s42_l0,Lean Ablation Suite (Round 2),False,True,Lean Ablation Suite (Round 2),R_wd_low,,,,,,,,,,,,,,,,,,,,,,,,,,,,,,,,,,,,,,,,,,,,,,,,,,,,,,,,,,,,,,,,,,,,,,,,,,,,,,,,,,,,,,,,,,,,,,,,,,,,,,,,,,,,,,,,,,I,1110000,42.0,15.0,QUEUED,,,,,,,,,,,,,,,,,,,,,,,,,,,,,,,,,,,,,,,,,,,,,,,,,,,,,,,,,,,,,,,,,,,,,,,,,,,,,,,,,,,,,,,,,,,,,,,,,,,,,,,,,,,,,,,,,,,,,,,,,,,,,,,,,,,,,,
lean2_S_film_s42_l0,Lean Ablation Suite (Round 2),False,True,Lean Ablation Suite (Round 2),S_film,,,,,,,,,,,,,,,,,,,,,,,,,,,,,,,,,,,,,,,,,,,,,,,,,,,,,,,,,,,,,,,,,,,,,,,,,,,,,,,,,,,,,,,,,,,,,,,,,,,,,,,,,,,,,,,,,,I,1110000,42.0,15.0,QUEUED,,,,,,,,,,,,,,,,,,,,,,,,,,,,,,,,,,,,,,,,,,,,,,,,,,,,,,,,,,,,,,,,,,,,,,,,,,,,,,,,,,,,,,,,,,,,,,,,,,,,,,,,,,,,,,,,,,,,,,,,,,,,,,,,,,,,,,
lean2_S_panorama_s42_l0,Lean Ablation Suite (Round 2),False,True,Lean Ablation Suite (Round 2),S_panorama,,,,,,,,,,,,,,,,,,,,,,,,,,,,,,,,,,,,,,,,,,,,,,,,,,,,,,,,,,,,,,,,,,,,,,,,,,,,,,,,,,,,,,,,,,,,,,,,,,,,,,,,,,,,,,,,,,I,1110000,42.0,15.0,QUEUED,,,,,,,,,,,,,,,,,,,,,,,,,,,,,,,,,,,,,,,,,,,,,,,,,,,,,,,,,,,,,,,,,,,,,,,,,,,,,,,,,,,,,,,,,,,,,,,,,,,,,,,,,,,,,,,,,,,,,,,,,,,,,,,,,,,,,,
tf_deep4_1110000_s42_l0,Baseline / Other,False,True,3-Epoch Wavelet & SSL Screening,tf_deep4_1110000,,,,,,,,,,,,,,,,,,,,,,,,,,,,,,,,,,,,,,,,,,,,,,,,,,,,,,,,,,,,,,,,,,,,,,,,,,,,,,,,,,,,,,,,,,,,,,,,,,,,,,,,,,,,,,,,,,I,1110000,42.0,3.0,failed_oom,,,,,,,,,,,,,,,,,,,,,,,,,,,,,,,,,,,,,,,,,,,,,,,,,,,,,,,,,,,,,,,,,,,,,,,,,,,,,,,,,,,,,,,,,,,,,,,,,,,,,,,,,,,,,,,,,,,,,,,,,,,,,,,,,,,,,,
